subject,record,activity,t0,ref_rmssd,ref_ok,rmssd_v2,rmssd_v1,n_v2,sqi_full,sqi_amp,sqi_per,mod_index,penalty_frac,n_peaks,n_accepted,reject_frac,miss_frac_est,hr_ppg,rr_cv,rr_diff_mad_rel,rr_diff_max_rel,ppg_rmssd,tmpl_corr_mean,tmpl_corr_p10,tmpl_frac_lt08,skewness,kurtosis,spec_purity,spec_hr_mismatch,acc_sd,acc_p2p,acc_hf_power
1,s1_walk,walk,10.0,13.667322302657393,True,54.43023610466556,115.86303303574624,84,0.9820259393489503,1.0,0.9700432322482506,0.005912879315759298,0.0,87.0,84.0,0.03448275862068961,0.06474999999999997,93.02325581395348,0.0640910696629652,0.06201550387596899,0.17054263565891473,54.43023610466556,0.9466497001953479,0.9006950487911689,0.0,0.3534058048991934,-0.6365096218028832,0.6732480853122501,3.023255813953483,1.8714249901833842,8.089409257002579,1.0830234723157794
1,s1_walk,walk,70.0,10.47503297319225,True,41.486276177925525,136.73227229046654,91,0.9846969802934218,1.0,0.974494967155703,0.006385191928943726,0.0,94.0,91.0,0.03191489361702127,0.02866666666666673,96.7741935483871,0.04693832312555867,0.04838709677419355,0.1774193548387097,41.486276177925525,0.9282549959553964,0.8856717972371823,0.03225806451612903,0.2996498324136327,-0.7334261493627534,0.7039578313532949,0.7258064516128968,2.0069922900764587,8.58643872016201,1.1548419680559912
1,s1_walk,walk,130.0,11.700984722588991,True,53.055571027190695,134.03248069909375,95,0.9844030603505216,1.0,0.9740051005842028,0.0060765293967252505,0.0,95.0,95.0,0.0,-0.01333333333333342,93.75,0.055949677734512725,0.0625,0.25,53.055571027190695,0.9456217421389884,0.9135112295778819,0.010752688172043012,0.32422564991860503,-0.7314392946570272,0.6997086441795148,3.75,1.7616182180621445,7.656933925814439,1.0374271717515386
1,s1_walk,walk,190.0,12.766275015748125,True,51.63268408609091,163.62264030705722,92,0.9842976950926314,1.0,0.9738294918210523,0.00607384540117663,0.0,92.0,92.0,0.0,-0.0043333333333333,91.6030534351145,0.04873860899258909,0.04580152671755725,0.1984732824427481,51.63268408609091,0.93774190844336,0.895590896864106,0.03296703296703297,0.3013006134231275,-0.776386904153807,0.7202630798960789,1.6030534351145036,1.8537063008697128,8.106350767270868,1.0834260261282098
1,s1_walk,walk,250.0,18.253268698556692,True,57.619441163551734,154.79767065618174,86,0.9813204405661493,1.0,0.9688674009435821,0.006742384952054939,0.0,88.0,86.0,0.022727272727272707,0.01733333333333331,89.55223880597015,0.06175847829109585,0.05970149253731343,0.2537313432835821,57.619441163551734,0.9440939920423074,0.9041828508805027,0.011494252873563218,0.42518701608990783,-0.7315036808452988,0.7152693708502504,0.4477611940298516,2.0027061327817757,8.79028412132175,1.1399965294240004
1,s1_walk,walk,310.0,13.56946700436528,True,55.19727466492148,145.43832951566685,93,0.983617365234033,1.0,0.9726956087233884,0.006435240965617452,0.0,93.0,93.0,0.0,0.008000000000000007,93.75,0.053159463522910066,0.0625,0.21875,55.19727466492148,0.9422905662235723,0.8855251902269625,0.010752688172043012,0.40297026501964633,-0.8331887869453434,0.7070124833791055,3.75,1.7132970968834824,7.556196282732516,0.9891855032571019
1,s1_walk,walk,370.0,13.68563857833944,True,55.19197266046799,151.0610619731122,92,0.9831367714591669,1.0,0.9718946190986115,0.006261303615604799,0.0,93.0,92.0,0.010752688172043001,-0.007500000000000062,92.3076923076923,0.05746057714020956,0.06153846153846154,0.23076923076923078,55.19197266046799,0.9577438621467695,0.9215478419774871,0.0,0.3968931217015487,-0.9300040210359626,0.7891583352853664,2.3076923076923066,1.6570024262631056,6.944626311427609,0.965069890425313
1,s1_walk,walk,430.0,14.854365483347713,True,53.13263519793577,143.33894317867336,92,0.9842178798853813,1.0,0.9736964664756357,0.006725698451469492,0.0,93.0,92.0,0.010752688172043001,0.008000000000000007,93.75,0.05353716900866419,0.0625,0.21875,53.13263519793577,0.9450876947604974,0.9001674673187219,0.010869565217391304,0.30826649876301276,-0.8608009268910468,0.723397788568241,3.75,1.792174533558435,8.080390146858237,1.042912591798704
1,s1_run,run,10.0,27.578459503232764,True,,205.77380091463817,4,0.8270061865148577,1.0,0.7116769775247627,0.0011517895181411548,0.0,42.0,4.0,0.9047619047619048,0.6395,116.50485436893204,0.5398429139764978,0.23300970873786409,1.8058252427184467,541.417891589605,0.8441910616854658,0.5963648576284967,0.2857142857142857,0.4172175874713783,0.01596883359806789,0.5084198357876829,79.00485436893204,1.4834762401683257,5.804846228293128,0.37333550353345596
1,s1_run,run,70.0,25.9130696654649,True,,241.72987679087856,4,0.8411874184802348,1.0,0.7353123641337246,0.0012489941729833015,0.0,50.0,4.0,0.92,0.5625,114.28571428571429,0.14412139000401483,0.0380952380952381,0.24761904761904763,76.81145747868608,0.8299615051958353,0.6775930409210136,0.24489795918367346,0.14637799187129605,-0.1902213797804575,0.5344670549682183,69.28571428571429,1.796036146449912,7.097046488653776,0.5249933394106691
1,s1_run,run,130.0,30.473894202216602,True,,228.60188872669394,2,0.8659170666369479,1.0,0.7765284443949132,0.001373325410386362,0.0,45.0,2.0,0.9555555555555556,,,,,,,0.8388951335187314,0.5358366039650847,0.2,0.2514711403260576,-0.43247110864816696,0.660030102311633,,2.039732619871776,7.594549415945049,0.6366306202847406
1,s1_run,run,190.0,27.803543605754868,True,133.32291625973383,210.3146644067316,13,0.8833447655458254,1.0,0.8055746092430424,0.0010441656503303583,0.0,56.0,13.0,0.7678571428571428,0.3933333333333333,92.3076923076923,0.20572962012616303,0.13846153846153847,0.4153846153846154,133.32291625973383,0.7556759152528663,0.30805401572096924,0.3148148148148148,0.015041028951227782,-0.3362035788053168,0.5813963402303515,47.30769230769231,1.9874366033465383,7.563204157904116,0.6928608379432412
1,s1_run,run,250.0,29.779531776378718,True,112.57320850329918,172.81555888086103,34,0.9221484801773325,1.0,0.8702474669622208,0.0009287475080109596,0.0,58.0,34.0,0.4137931034482759,0.275,80.0,0.10882106268571068,0.10666666666666667,0.3333333333333333,112.57320850329918,0.8360944707374501,0.6298301826343276,0.24561403508771928,0.19851232119045642,-0.05313432036131571,0.49085573203859645,2.5,1.625697633591938,6.791263728425774,0.5162629540580718
1,s1_run,run,310.0,24.212732399637684,True,196.18734333338256,119.58260743101398,20,0.9522412461011169,1.0,0.9204020768351948,0.0012158522584525275,0.0,51.0,20.0,0.607843137254902,0.36250000000000004,80.0,0.1663810066103395,0.21333333333333335,0.5333333333333333,196.18734333338256,0.7607628390486859,0.4700220357886332,0.47058823529411764,0.2597841953538408,0.3203316176775419,0.484884096568598,35.0,1.9496813368848736,7.7728562663855785,0.816999653427947
1,s1_run,run,370.0,25.90614222781464,True,123.25054837370341,206.42795353343016,44,0.9591662223416013,1.0,0.9319437039026688,0.0011101681076852803,0.0,63.0,44.0,0.3015873015873016,0.20199999999999996,78.94736842105263,0.11036772788944677,0.10526315789473684,0.4473684210526316,123.25054837370341,0.8218013662759327,0.6287209214328027,0.2222222222222222,0.07498969542830722,0.13200603726846172,0.48680352053195036,3.55263157894737,1.788525575733936,7.311937494769028,0.7330002262624523
1,s1_run,run,430.0,24.468346899609898,True,94.13347497628627,169.25280389969018,55,0.9687928508680836,1.0,0.9479880847801394,0.00097754145912752,0.0,69.0,55.0,0.2028985507246377,0.16049999999999998,82.1917808219178,0.08412396901392902,0.0821917808219178,0.3287671232876712,94.13347497628627,0.8826906276873179,0.7387066294236968,0.1323529411764706,0.11810208894346769,-0.5409308555386807,0.6067604033986325,0.30821917808219723,1.8083536337627442,7.258565701239302,0.7882368335611426
1,s1_sit,sit,10.0,27.822332608549903,True,32.624891749151224,129.4808008076015,74,0.9865773237093511,1.0,0.9776288728489186,0.0020581956963033393,0.0,74.0,74.0,0.0,0.0010000000000000009,74.07407407407408,0.04168482254810682,0.037037037037037035,0.08641975308641975,32.624891749151224,0.9976419695021634,0.9949869303372884,0.0,0.68487839500232,-0.8674534649766361,0.8218840355205184,0.9259259259259238,0.015571727032272532,0.07050479979671387,-4.14973623088831
1,s1_sit,sit,70.0,29.195608602044615,True,31.601402637361662,136.82627149574958,75,0.9843203663692728,1.0,0.9738672772821213,0.0020878026086544594,0.0,75.0,75.0,0.0,0.0,75.0,0.05841188140477084,0.025,0.0875,31.601402637361662,0.9959855485337272,0.9914037834159654,0.0,0.6578447214701117,-0.820080647387337,0.7898297810337634,0.0,0.01557269078526007,0.07092358319798286,-4.106316672985044
1,s1_sit,sit,130.0,24.096051923709624,True,26.06630113373435,130.87313619600386,74,0.9901152258655037,1.0,0.9835253764425061,0.0018025944700885209,0.0,74.0,74.0,0.0,0.0010000000000000009,74.07407407407408,0.0318520446459897,0.024691358024691357,0.07407407407407407,26.06630113373435,0.9973285958868535,0.9950695033364757,0.0,0.5809497472451083,-1.027495823272362,0.829861095599496,0.9259259259259238,0.015700858721324158,0.07129383865776617,-4.10958097295703
1,s1_sit,sit,190.0,35.310629840183786,True,36.87817782917155,156.00295855182708,71,0.9892516312704409,1.0,0.9820860521174015,0.0018257987699070567,0.0,71.0,71.0,0.0,-0.01766666666666672,69.76744186046511,0.050927326205017415,0.023255813953488372,0.13953488372093023,36.87817782917155,0.9967877705405683,0.9943277708609235,0.0,0.6570052850550012,-0.897876802898109,0.7802258137259402,2.2674418604651123,0.015805524701390978,0.07179698326870643,-4.144808377687659
1,s1_sit,sit,250.0,33.17760725532556,True,35.35533905932738,124.09063159032131,71,0.9785377863830438,1.0,0.9642296439717395,0.001740296983832774,0.0,71.0,71.0,0.0,-0.01766666666666672,69.76744186046511,0.06982314745832449,0.03488372093023256,0.09302325581395349,35.35533905932738,0.9971644863765026,0.9953238115519215,0.0,0.7047158296603605,-0.7579778713229106,0.7572638247870439,2.2674418604651123,0.01568698292747299,0.07066554600625885,-4.100197663879267
1,s1_sit,sit,310.0,30.63009791938618,True,32.88098873650023,125.52575997742633,70,0.9813549867347955,1.0,0.9689249778913258,0.0021192653924441344,0.0,70.0,70.0,0.0,0.01416666666666666,71.00591715976331,0.060427431401564584,0.023668639053254437,0.1301775147928994,32.88098873650023,0.9970794496721537,0.9933314589228114,0.0,0.7381688144655915,-0.8085948248568777,0.7620811288445617,3.505917159763314,0.015732777081557812,0.07209084512728481,-4.151398162589847
1,s1_sit,sit,370.0,30.58477679219548,True,34.10836087662585,144.25721793912507,72,0.9827445989987678,1.0,0.9712409983312795,0.0021398529903197136,0.0,72.0,72.0,0.0,-0.014000000000000012,71.00591715976331,0.05890229842585669,0.03550295857988166,0.09467455621301775,34.10836087662585,0.9976321199559531,0.9948837525788041,0.0,0.7091462474631517,-0.8328417534557082,0.7494357412147054,3.505917159763314,0.01563414575543383,0.07067333824193511,-4.156055878891812
1,s1_sit,sit,430.0,29.213499814789255,True,34.067042435199596,134.75590870005465,72,0.9842510755172554,1.0,0.9737517925287591,0.0020885788195899786,0.0,72.0,72.0,0.0,-0.0020000000000000018,71.8562874251497,0.04732550587209094,0.03592814371257485,0.10778443113772455,34.067042435199596,0.9971208738925049,0.9952426489867405,0.0,0.6672899671885012,-0.9105872981068543,0.7830307056952494,3.143712574850298,0.0160237350364995,0.07287629178791377,-4.123161857130915
2,s2_walk,walk,10.0,3.821603218911023,True,36.43021402390001,195.91133198465064,82,0.952346444427911,1.0,0.9205774073798517,0.005904703730649038,0.0,105.0,82.0,0.21904761904761905,0.19500000000000006,130.43478260869566,0.061017211187695646,0.043478260869565216,0.1956521739130435,36.43021402390001,0.8370601259192164,0.6893724485874836,0.2912621359223301,0.2634367254536251,-0.025410094982220688,0.4489827677887954,4.565217391304344,0.6725214116222058,3.1842199623908147,0.13796312988127013
2,s2_walk,walk,70.0,2.9128763250194623,True,39.252891278021934,214.03683025564163,77,0.9828415593107251,1.0,0.9714025988512085,0.0063968179875431175,0.0,105.0,77.0,0.2666666666666667,0.21250000000000002,133.33333333333334,0.05852955187685993,0.06666666666666667,0.26666666666666666,39.252891278021934,0.8185156047773197,0.6925658386908656,0.3076923076923077,0.1231536429637011,-0.255144586776912,0.5252301326777339,1.6666666666666572,0.5824681727220735,2.723968261965723,0.007397103734235174
2,s2_walk,walk,130.0,4.303450364460379,True,36.67140120948021,144.0117840296201,97,0.9827773520004794,1.0,0.9712955866674657,0.005167592920797664,0.0,112.0,97.0,0.1339285714285714,0.1413333333333333,130.43478260869566,0.061184346017340616,0.06521739130434782,0.1956521739130435,36.67140120948021,0.8340823349968061,0.7015108988820925,0.32727272727272727,0.39672855196856316,-0.3449622143152067,0.5979633391175679,2.934782608695656,0.5138449839053834,2.4453495727741235,-0.07394127130610621
2,s2_walk,walk,190.0,4.184711581893597,True,28.229545098971137,94.89467845985885,98,0.9870585218771799,1.0,0.9784308697952999,0.004881036788044093,0.0,113.0,98.0,0.1327433628318584,0.11483333333333334,127.65957446808511,0.04288564635722552,0.0425531914893617,0.1702127659574468,28.229545098971137,0.8559128830950017,0.7185580937484309,0.2702702702702703,0.3125222732270099,-0.19870987371085036,0.6370969942110513,0.15957446808511122,0.45086900577256067,2.26238187548031,-0.2085037228593041
2,s2_walk,walk,250.0,5.5705699887902265,True,44.840988902055734,63.31426104894468,57,0.9837155567962099,1.0,0.9728592613270165,0.005820318478524227,0.0,90.0,57.0,0.3666666666666667,0.31000000000000005,130.43478260869566,0.06823613939117694,0.06521739130434782,0.391304347826087,44.840988902055734,0.7833432221124793,0.5582047067830477,0.4444444444444444,0.1118650951094497,-0.3497220719897922,0.35514248478777466,92.93478260869566,0.5105386910458174,2.340624687785855,-0.13850363666039106
2,s2_walk,walk,310.0,3.7169052470286177,True,34.64101615137755,63.475717141806804,81,0.9845697868733644,1.0,0.9742829781222739,0.005152593967068974,0.0,105.0,81.0,0.22857142857142854,0.21250000000000002,133.33333333333334,0.054360568722409776,0.044444444444444446,0.26666666666666666,34.64101615137755,0.8172136090251667,0.5848038137190142,0.3106796116504854,0.040332101509352715,-0.3884294933000523,0.42585453491883557,1.6666666666666572,0.4230488791191379,2.008502825590238,-0.32173105693056736
2,s2_walk,walk,370.0,3.2675932051465466,True,28.447482476649128,88.88194417315589,109,0.9850789104033785,1.0,0.9751315173389641,0.004463028039444221,0.0,119.0,109.0,0.08403361344537819,0.08766666666666667,130.43478260869566,0.04320400098583738,0.043478260869565216,0.15217391304347827,28.447482476649128,0.8743282257948548,0.7336584993661711,0.1794871794871795,0.22028868602552554,-0.24715136419696027,0.6406979068060386,2.934782608695656,0.3386332819341985,1.7509110018600857,-0.5117007106895798
2,s2_walk,walk,430.0,4.259311245198768,True,28.967065938594974,64.10440702479042,111,0.9853218149881753,1.0,0.9755363583136254,0.004389184237650309,0.0,120.0,111.0,0.07499999999999996,0.08000000000000007,130.43478260869566,0.050616704005145806,0.043478260869565216,0.17391304347826086,28.967065938594974,0.8744312276000761,0.7514528708370685,0.16101694915254236,0.4758793664907841,-0.4011614482806025,0.643328947159422,2.934782608695656,0.33493406545350757,1.6800247145794813,-0.49804481736324696
2,s2_run,run,10.0,3.4943563521463994,True,76.57344228576945,41.59643203322536,64,0.9735702054683639,1.0,0.9559503424472732,0.006510114548119653,0.0,91.0,64.0,0.29670329670329665,0.30233333333333334,130.43478260869566,0.09305629611098042,0.08695652173913043,0.41304347826086957,76.57344228576945,0.8646284512917317,0.6922688347912311,0.2111111111111111,0.21289106326177268,-0.4066543678868202,0.7568711363688537,2.934782608695656,3.482916686603191,13.812796806436406,1.6528091234852522
2,s2_run,run,70.0,3.027239518849212,True,69.02577027476997,41.21444087921491,80,0.9726575964642379,1.0,0.9544293274403965,0.00723954638034735,0.0,98.0,80.0,0.18367346938775508,0.2323333333333334,127.65957446808511,0.09260040945037998,0.10638297872340426,0.44680851063829785,69.02577027476997,0.8508950099342796,0.6308531741833348,0.20618556701030927,0.0003964943295017281,-0.3257372811547299,0.5284636298597775,7.659574468085111,2.9982068786170677,12.180535805814507,1.5245676582994587
2,s2_run,run,130.0,2.640187159143207,True,49.94026282215852,35.082320772281165,68,0.9716932999415974,1.0,0.952822166569329,0.006354479018949182,0.0,92.0,68.0,0.26086956521739135,0.31000000000000005,133.33333333333334,0.06779322391448997,0.08888888888888889,0.26666666666666666,49.94026282215852,0.8723918716847965,0.7075219438717266,0.16304347826086957,0.2616079261620098,-0.26025874351038336,0.4864145559401094,13.333333333333343,2.835321107442259,11.803635340067657,1.4670045882673914
2,s2_run,run,190.0,3.5671610113894685,True,55.89531030673069,41.98020560142199,71,0.9810629991158771,1.0,0.9684383318597952,0.007913160268789271,0.0,93.0,71.0,0.23655913978494625,0.28700000000000003,130.43478260869566,0.07627227591010347,0.08695652173913043,0.3695652173913043,55.89531030673069,0.8836420286884756,0.736010779706258,0.17582417582417584,0.1984580619514735,-0.4648776212825836,0.4914335229476313,10.434782608695656,2.9089545331775857,11.861262020146913,1.4934010036358596
2,s2_run,run,250.0,2.739279035630105,True,44.99206279207161,37.58626441570475,71,0.9801492004036129,1.0,0.9669153340060215,0.0076056925714013575,0.0,92.0,71.0,0.2282608695652174,0.31000000000000005,133.33333333333334,0.06331890469649294,0.06666666666666667,0.26666666666666666,44.99206279207161,0.8898805973757029,0.796380422065966,0.12087912087912088,0.07432277921981183,-0.23599694613565658,0.4695342982275826,13.333333333333343,2.7158708580592483,11.229905465881227,1.4419026442172371
2,s2_run,run,310.0,2.4260491103266846,True,61.80889080909677,53.117121264509166,60,0.9767425576144962,1.0,0.9612375960241605,0.007459945170768351,0.0,89.0,60.0,0.3258426966292135,0.33991666666666676,134.8314606741573,0.08399851523311241,0.0898876404494382,0.3595505617977528,61.80889080909677,0.8668978134778726,0.6974298572091274,0.18181818181818182,0.23676436033258935,-0.2754903709324008,0.4239437592315733,14.831460674157313,2.65877748253897,11.420716648887739,1.4112321255772131
2,s2_run,run,370.0,2.5432430293574786,True,71.84087354084102,40.86098693331522,73,0.9722078292451837,1.0,0.9536797154086395,0.009258651639352893,0.0,95.0,73.0,0.2315789473684211,0.30333333333333334,136.36363636363637,0.09243657008886337,0.11363636363636363,0.36363636363636365,71.84087354084102,0.8784225121583414,0.7248752117421133,0.14736842105263157,0.14476054950011802,-0.5005645915268202,0.5425877896228586,8.863636363636374,3.5826029859536095,15.624971382075483,1.684292598898991
2,s2_run,run,430.0,2.3012550158350273,True,50.65149327010807,31.478708533055972,62,0.978204438460683,1.0,0.9636740641011383,0.00972507567385475,0.0,89.0,62.0,0.3033707865168539,0.36216666666666664,139.53488372093022,0.0731258707418436,0.09302325581395349,0.32558139534883723,50.65149327010807,0.9034514869282769,0.7726879581117909,0.1348314606741573,0.12877008442478566,-0.6567623402990552,0.49614237102091036,12.034883720930225,3.5005659027260085,14.566810550073061,1.6585104200304113
2,s2_sit,sit,10.0,4.069641688290881,True,9.542374472273957,24.473625259314023,124,0.9915935878466366,1.0,0.9859893130777277,0.0031858966539403026,0.0,124.0,124.0,0.0,-0.012666666666666604,122.44897959183673,0.030038161191088927,0.02040816326530612,0.061224489795918366,9.542374472273957,0.9840775889989232,0.9674473951880166,0.0,0.6484012412045619,-1.0317030061010255,0.9236046879386844,2.448979591836732,0.013635369770531841,0.06012073976015664,-4.362102908823116
2,s2_sit,sit,70.0,3.836836128297417,True,9.321225557920984,10.513149660756936,123,0.9916460591906326,1.0,0.986076765317721,0.003077446589905554,0.0,123.0,123.0,0.0,-0.0044999999999999485,122.44897959183673,0.024364423745313703,0.02040816326530612,0.04081632653061224,9.321225557920984,0.9887729529801883,0.9813091875576255,0.0,0.6885166069141246,-0.994735653445129,0.9492673104457788,2.448979591836732,0.0134723429553804,0.06038523781834293,-4.224546042312993
2,s2_sit,sit,130.0,3.582364210032838,True,9.833321660356335,38.9179488356341,122,0.9924029338007141,1.0,0.98733822300119,0.0031927402450190852,0.0,122.0,122.0,0.0,0.003666666666666596,122.44897959183673,0.02895244623312907,0.02040816326530612,0.04081632653061224,9.833321660356335,0.9803554031340851,0.9563701719375913,0.0,0.6821869284775709,-0.9259385584223856,0.9333081328487836,2.448979591836732,0.013600039062837617,0.06097617645549569,-4.239890374686158
2,s2_sit,sit,190.0,4.4045431091087845,True,9.875254992000196,18.622795457135265,122,0.9935527684197342,1.0,0.9892546140328903,0.0033509906047990874,0.0,122.0,122.0,0.0,0.003666666666666596,122.44897959183673,0.04029574427778645,0.02040816326530612,0.061224489795918366,9.875254992000196,0.977433010811,0.9450384661745266,0.0,0.6723650819784615,-0.9541288395844991,0.9181128921949445,2.448979591836732,0.013746666232776011,0.06195622392073474,-4.299714788829122
2,s2_sit,sit,250.0,2.892519086655279,True,9.403709484353273,23.62202362203543,122,0.9924877388120028,1.0,0.9874795646866713,0.0035477375944220095,0.0,123.0,122.0,0.008130081300813052,-0.0044999999999999485,122.44897959183673,0.021779402278970555,0.02040816326530612,0.061224489795918366,9.403709484353273,0.988286683460056,0.972112359651533,0.0,0.6745065158227563,-0.991424548532247,0.9601267661206688,2.448979591836732,0.013694245459898832,0.0610008782782927,-4.179743670003436
2,s2_sit,sit,310.0,7.605490007938771,True,10.581389888186333,11.47532868012205,118,0.988882216991269,1.0,0.9814703616521151,0.0035651176898324486,0.0,117.0,118.0,0.0,0.005499999999999949,117.6470588235294,0.046850655809846056,0.0196078431372549,0.0784313725490196,10.581389888186333,0.980016899396627,0.9413536207940176,0.0,0.6273906257511652,-0.9510295966084441,0.8393064326038764,2.352941176470594,0.013154009326048493,0.057972425908587866,-4.37154559259685
2,s2_sit,sit,370.0,5.042428676394473,True,8.49552311770607,11.055415967851333,116,0.991490557544871,1.0,0.9858175959081183,0.003639912011027782,0.0,116.0,116.0,0.0,0.013999999999999901,117.6470588235294,0.026144364001050278,0.0196078431372549,0.0392156862745098,8.49552311770607,0.9906522358905596,0.9799098481124267,0.0,0.6531969912240901,-0.9717379166891416,0.9522895144401047,2.352941176470594,0.013059772519351599,0.05775374655452126,-4.349306727966951
2,s2_sit,sit,430.0,4.596542736468092,True,8.386833911008818,9.767949837949478,119,0.993674020205219,1.0,0.9894567003420316,0.0037675477255590304,0.0,119.0,119.0,0.0,0.008333333333333304,120.0,0.026838743941174654,0.02,0.06,8.386833911008818,0.9906217725567893,0.9823368661371299,0.0,0.6338384372676359,-0.9930215511030691,0.9570495885648582,0.0,0.0128827129673747,0.05733205921864126,-4.3808256777464365
3,s3_sit,sit,10.0,39.75783840056758,True,44.007041690050684,55.067180481637,72,0.9780453953812134,1.0,0.9634089923020224,0.0094643165699867,0.0,72.0,72.0,0.0,0.016000000000000014,73.17073170731707,0.07395646590747831,0.036585365853658534,0.13414634146341464,44.007041690050684,0.9969414685962188,0.9944190683621574,0.0,0.6428141290841324,-0.7039703353186644,0.7135782727366867,1.8292682926829258,0.01884299343248249,0.08594869683870776,-4.0003026084588145
3,s3_sit,sit,70.0,35.27443428725398,True,38.8750254743814,38.54496446637726,72,0.9797105691274277,1.0,0.9661842818790463,0.009300601240855902,0.0,72.0,72.0,0.0,-0.0020000000000000018,71.8562874251497,0.06683575751201329,0.03592814371257485,0.08383233532934131,38.8750254743814,0.9972306544164863,0.993933218125401,0.0,0.6260634029699372,-0.7741708256038349,0.7184685888304245,4.356287425149702,0.01715844761827511,0.07953832999530874,-4.110129984116128
3,s3_sit,sit,130.0,35.898003658511506,True,40.897466177332156,52.665084364416536,74,0.9811742775918753,1.0,0.9686237959864589,0.009054342542834978,0.0,74.0,74.0,0.0,0.0010000000000000009,74.07407407407408,0.06851330150975946,0.037037037037037035,0.1111111111111111,40.897466177332156,0.9968806317381754,0.9942478215559429,0.0,0.6039873743000762,-0.7471628104200283,0.7601399073519195,0.9259259259259238,0.016501392137037097,0.07663827055843164,-4.11894287418369
3,s3_sit,sit,190.0,25.736519210114803,True,29.86813122975548,52.496134675270675,77,0.9844441461902153,1.0,0.9740735769836921,0.008812747860181281,0.0,77.0,77.0,0.0,0.011833333333333251,77.92207792207792,0.04956556365089942,0.025974025974025976,0.09090909090909091,29.86813122975548,0.9962905969759541,0.9910587559377799,0.0,0.5871313720268028,-0.7325495130180824,0.7678123725727009,2.922077922077918,0.018229083207378014,0.08527945979851381,-3.991971978958782
3,s3_sit,sit,250.0,38.06665762232439,True,39.87828704668466,43.397388554305124,73,0.9814384356656382,1.0,0.9690640594427303,0.008926356721906527,0.0,73.0,73.0,0.0,0.0023333333333332984,73.17073170731707,0.0643917801619268,0.036585365853658534,0.10975609756097561,39.87828704668466,0.9970247710038911,0.9943576774502569,0.0,0.6143940918166176,-0.7683661387038234,0.746116991397222,1.8292682926829258,0.0174489649006892,0.0780500746423094,-4.055564433235143
3,s3_sit,sit,310.0,33.8339598939506,True,41.19954608248248,65.71003134360903,78,0.9786270977737643,1.0,0.9643784962896071,0.008897800869596281,0.0,78.0,78.0,0.0,-0.001000000000000112,77.92207792207792,0.07705899713109289,0.03896103896103896,0.14285714285714285,41.19954608248248,0.9956669617992798,0.9917143707144621,0.0,0.5783429150828053,-0.7565454979259023,0.7276832980331746,2.922077922077918,0.01846726277471176,0.08812336594279202,-3.9097539026968295
3,s3_sit,sit,370.0,49.59435451742438,True,53.87743291748205,52.695460850085546,73,0.9760138047962146,1.0,0.9600230079936911,0.009252132294253661,0.0,73.0,73.0,0.0,0.0023333333333332984,73.17073170731707,0.07990577519070673,0.04878048780487805,0.14634146341463414,53.87743291748205,0.9966703754950674,0.9936455562781897,0.0,0.6312322240347482,-0.7140790059901709,0.6986229448603718,5.670731707317074,0.01721702180603226,0.080284771010394,-4.0229511542412
3,s3_sit,sit,430.0,42.596182723437074,True,47.13203338949606,47.68154162529464,71,0.9806483600171905,1.0,0.9677472666953173,0.008978562112141746,0.0,71.0,71.0,0.0,-0.005833333333333357,70.58823529411765,0.05535412789680321,0.047058823529411764,0.11764705882352941,47.13203338949606,0.9967634089196529,0.9940567322281978,0.0,0.6422756617586933,-0.7453485144134926,0.7603266114511003,3.088235294117652,0.017033629495004716,0.07773448811549599,-4.08075682440565
3,s3_walk,walk,10.0,18.07045036712126,True,25.812382101763525,79.3469970820947,87,0.9832729097777131,1.0,0.9721215162961885,0.006283226292391815,0.0,87.0,87.0,0.0,0.014000000000000012,88.23529411764706,0.05340475441183267,0.029411764705882353,0.08823529411764706,25.812382101763525,0.9821628692315092,0.9672068670062496,0.0,0.7313240164469319,-0.34388005987262193,0.5831338828208719,1.764705882352942,0.5872685739874917,2.8960652972892778,-0.021762006953215812
3,s3_walk,walk,70.0,14.575106687080865,True,20.262976960311573,79.74597350246012,86,0.9878639515128261,1.0,0.9797732525213769,0.006809849146916472,0.0,86.0,86.0,0.0,-0.01766666666666672,84.50704225352112,0.04941449414412173,0.028169014084507043,0.07042253521126761,20.262976960311573,0.9839171457600591,0.9676594213847779,0.0,0.6920884678765452,-0.4463047524550987,0.665771797288552,2.0070422535211208,0.5195229404501652,2.6531245606983536,-0.07923915600681501
3,s3_walk,walk,130.0,16.533744460414297,True,23.110985419467156,93.72056499935043,86,0.985350539522933,1.0,0.9755842325382218,0.006363748087311377,0.0,86.0,86.0,0.0,0.01100000000000001,86.95652173913044,0.04696380564450251,0.028985507246376812,0.08695652173913043,23.110985419467156,0.9897137011908591,0.9803837017298689,0.0,0.7349511863082003,-0.41761206173696275,0.6652933339209116,4.456521739130437,0.3981406607272359,1.790937331500892,-0.30011232485591127
3,s3_walk,walk,190.0,16.231556137171424,True,21.849049232883164,98.40392946083675,85,0.9879868315136224,1.0,0.9799780525227041,0.006358441707915675,0.0,85.0,85.0,0.0,-0.005833333333333357,84.50704225352112,0.04048193922907697,0.014084507042253521,0.11267605633802817,21.849049232883164,0.9924366653272171,0.986572518952873,0.0,0.7249492843853543,-0.5111101678941807,0.7281790112728178,2.0070422535211208,0.4003306279423639,1.7846333055603782,-0.32457193171895354
3,s3_walk,walk,250.0,14.848440674900688,True,21.07243742540523,92.95432388605667,85,0.9906939638178447,1.0,0.9844899396964077,0.005534832424037357,0.0,85.0,85.0,0.0,0.008333333333333304,85.71428571428571,0.035776240639207445,0.02857142857142857,0.05714285714285714,21.07243742540523,0.9892921384072769,0.9789875950490949,0.0,0.665272326832173,-0.30041190598633305,0.7272131279642042,3.214285714285708,0.35330161666724225,1.6843771363895854,-0.428124775462413
3,s3_walk,walk,310.0,19.527356376603787,True,23.67414446773251,98.96256738580372,87,0.9813924947329788,1.0,0.9689874912216315,0.006443744552743781,0.0,87.0,87.0,0.0,0.014000000000000012,88.23529411764706,0.062255968886673785,0.014705882352941176,0.10294117647058823,23.67414446773251,0.9860815682993459,0.9769451132860711,0.0,0.7018850543941432,-0.44209002918932816,0.6044592861396604,1.764705882352942,0.42831891282207096,1.906194864972088,-0.23106345252168495
3,s3_walk,walk,370.0,19.394402727146467,True,23.161834733787696,112.82730166054668,86,0.9842274835515457,1.0,0.9737124725859096,0.006270471540892867,0.0,86.0,86.0,0.0,-0.0033333333333334103,85.71428571428571,0.056317635613253536,0.014285714285714285,0.11428571428571428,23.161834733787696,0.9882045942178417,0.9690884552931854,0.0,0.6875868734982891,-0.4908837766254033,0.6774853980229784,3.214285714285708,0.4380956384901079,2.1990503298515858,-0.23722063934747342
3,s3_walk,walk,430.0,19.421256014615725,True,24.69323991623974,140.44690574495877,83,0.9844145192217899,1.0,0.9740241987029832,0.006781599318688441,0.0,83.0,83.0,0.0,0.0039999999999998925,83.33333333333333,0.049742859569705734,0.020833333333333332,0.1111111111111111,24.69323991623974,0.9825371099547547,0.9654401302666482,0.0,0.6996492843831761,-0.4574520166030216,0.7149343782131703,0.8333333333333286,0.5950870787787531,2.7129350005232613,0.08083549583370667
3,s3_run,run,10.0,18.762962998625927,True,28.93699012665902,80.53699085855968,84,0.9801024356269812,1.0,0.9668373927116354,0.0064367612111733835,0.0,84.0,84.0,0.0,0.019999999999999907,85.71428571428571,0.07194763725775608,0.02857142857142857,0.1,28.93699012665902,0.9871117710506843,0.9726839483269245,0.0,0.8160488985532801,-0.4399080295153386,0.6717438559544249,3.214285714285708,1.3533057812449052,6.111059432352547,0.7122950672423735
3,s3_run,run,70.0,16.649038296263285,True,26.234238965856186,107.6358856096225,86,0.9867035130903552,1.0,0.9778391884839255,0.007490802330886214,0.0,86.0,86.0,0.0,-0.0033333333333334103,85.71428571428571,0.04102600825378531,0.02857142857142857,0.08571428571428572,26.234238965856186,0.9765954360129544,0.9454300875674427,0.0,0.7599089668962437,-0.44182679548612214,0.65582687384521,3.214285714285708,1.4352236103922211,6.647363407321835,0.7902081861723516
3,s3_run,run,130.0,21.304448316544885,True,32.71984467099619,86.62086701929624,86,0.9860640155725227,1.0,0.9767733592875376,0.008203726573844234,0.0,86.0,86.0,0.0,-0.0033333333333334103,85.71428571428571,0.0497841937795112,0.02857142857142857,0.12857142857142856,32.71984467099619,0.9797094803006946,0.9553345473296825,0.0,0.7002578097252193,-0.5589198794872394,0.6686216181172773,3.214285714285708,1.457931985204031,6.963218121045475,0.8115859377959621
3,s3_run,run,190.0,19.434354057881933,True,29.465832656106073,81.64965809277261,86,0.9867455160935901,1.0,0.9779091934893169,0.008642622339221126,0.0,86.0,86.0,0.0,0.01100000000000001,86.95652173913044,0.04615327482891745,0.028985507246376812,0.10144927536231885,29.465832656106073,0.9758299593496526,0.9434242973260806,0.0,0.7060395195362936,-0.5782351460588329,0.6584574649474426,3.0434782608695627,1.421111732828469,6.659977217386688,0.8001614808264197
3,s3_run,run,250.0,23.715177388207767,True,32.77373410307137,102.3067283548187,86,0.9824537219708996,1.0,0.9707562032848328,0.008496747704885215,0.0,86.0,86.0,0.0,-0.0033333333333334103,85.71428571428571,0.0567372995662966,0.02857142857142857,0.1,32.77373410307137,0.9755748031874425,0.9433717584961818,0.0,0.6647397033030874,-0.6498051485120859,0.6558184305859146,3.214285714285708,1.3076804408396674,5.908376513771392,0.682304676412197
3,s3_run,run,310.0,25.882030794976018,True,38.77591299468561,118.0353885119902,85,0.9851321975161227,1.0,0.9752203291935377,0.009923622099810011,0.0,85.0,85.0,0.0,0.008333333333333304,85.71428571428571,0.05313268189311882,0.04285714285714286,0.14285714285714285,38.77591299468561,0.9745539518447269,0.9461699145557159,0.0,0.61918593630871,-0.7074070531136791,0.6691937459098704,3.214285714285708,1.5019582898631691,7.159032048481021,0.8338455713178562
3,s3_run,run,370.0,24.55258170320983,True,35.158847795587,101.92352916329698,84,0.9835421204201854,1.0,0.972570200700309,0.010131436217692014,0.0,84.0,84.0,0.0,-0.0009999999999998899,83.91608391608392,0.0566333235236405,0.027972027972027972,0.13986013986013987,35.158847795587,0.976559374868013,0.9495584013259238,0.0,0.6051964185513263,-0.6746214464939833,0.6897793873538061,1.4160839160839203,1.4287436526702124,6.2471835525254145,0.8021443598776508
4,s4_sit,sit,10.0,26.00910771653881,True,28.184502784031842,51.01902759236585,72,0.9885360308822714,1.0,0.9808933848037857,0.0033631318715509227,0.0,74.0,72.0,0.027027027027026973,0.03799999999999992,76.92307692307692,0.04750023487456323,0.02564102564102564,0.08974358974358974,28.184502784031842,0.9827850771096154,0.9436556619683489,0.0,0.0288800328806198,-0.823344048003114,0.8497129013964049,1.9230769230769198,0.05501107331301971,0.26808750903405,-2.6209754133313807
4,s4_sit,sit,70.0,28.742892097940512,True,34.14313144188058,31.980107453341567,74,0.984694381918408,1.0,0.97449063653068,0.0030984753564436305,0.0,76.0,74.0,0.02631578947368418,0.050000000000000044,80.0,0.05556753003548637,0.02666666666666667,0.13333333333333333,34.14313144188058,0.9899134384040991,0.980057501228277,0.0,-0.0010824769009905024,-0.8429505005828415,0.8541230991120635,2.5,0.02823958701519788,0.1399957820538269,-3.546340510080403
4,s4_sit,sit,130.0,21.166010488514345,True,34.92849839314596,26.04483314082341,66,0.9794923967387212,1.0,0.9658206612312019,0.0014156053430165873,0.0,74.0,66.0,0.10810810810810811,0.14900000000000002,86.95652173913044,0.04758117130501197,0.028985507246376812,0.13043478260869565,34.92849839314596,0.9758692651462476,0.9533991856967567,0.0,-0.38104302180756816,0.07892817335471225,0.8304231885788956,3.0434782608695627,0.02441032772800747,0.12086802335339897,-3.208136503492087
4,s4_sit,sit,190.0,26.18880788689532,True,39.7611918955202,35.02380143083653,64,0.9837725931738931,1.0,0.9729543219564885,0.0011029050463259808,0.0,71.0,64.0,0.09859154929577463,0.13616666666666666,82.1917808219178,0.0480844624241952,0.0410958904109589,0.1506849315068493,39.7611918955202,0.968325673293085,0.9290583599139993,0.0,-0.5216709777414311,-0.14632582504379243,0.8427506061396077,0.30821917808219723,0.02154476899779801,0.0971625358925543,-3.726932439671902
4,s4_sit,sit,250.0,25.354077942075634,True,43.12047077665085,45.43441112511214,65,0.9855535657707687,1.0,0.9759226096179479,0.0009591363673248469,0.0,71.0,65.0,0.08450704225352113,0.15983333333333327,84.50704225352112,0.0569415303150398,0.04225352112676056,0.19718309859154928,43.12047077665085,0.9682566604195242,0.9153088129865059,0.014492753623188406,-0.4201791665989935,-0.16386594871058158,0.8506229103335793,2.0070422535211208,0.021398355003979897,0.10824939732152039,-3.6112293978078585
4,s4_sit,sit,310.0,20.055345109713247,True,55.34350211006213,72.01364393141553,63,0.9816577630138157,1.0,0.9694296050230261,0.0008247779693466518,0.0,69.0,63.0,0.08695652173913049,0.19499999999999995,85.71428571428571,0.06576774888645646,0.04285714285714286,0.2,55.34350211006213,0.9631330713565405,0.9201162813074379,0.014492753623188406,-0.4300123236265631,-0.1639976574399431,0.8264262541237689,3.214285714285708,0.030273311865518047,0.12947898165002059,-3.342955149075186
4,s4_sit,sit,370.0,26.91468000924598,True,43.355362990061565,50.16638981097471,65,0.9811545849085064,1.0,0.9685909748475108,0.001486821661961319,0.0,71.0,65.0,0.08450704225352113,0.1243333333333333,81.08108108108108,0.06501327382894391,0.04054054054054054,0.25675675675675674,43.355362990061565,0.9687836549265586,0.94508488934152,0.014084507042253521,-0.3229168935560307,-0.36500205307728306,0.7985396730088252,1.4189189189189193,0.030208376626923605,0.14062843157889304,-3.074284653503915
4,s4_sit,sit,430.0,25.205496884026964,True,57.64038335319647,43.44003956072136,59,0.97918782764297,1.0,0.9653130460716166,0.0010412955044694012,0.0,67.0,59.0,0.11940298507462688,0.21833333333333327,85.71428571428571,0.07031170595018213,0.04285714285714286,0.2714285714285714,57.64038335319647,0.9562529153787335,0.9065200426407961,0.015151515151515152,-0.32815597511999794,-0.23976130283807828,0.7538421040618494,4.285714285714292,0.02547883789981886,0.12039317120512116,-3.5808392933709707
4,s4_run,run,10.0,17.657087168407028,True,48.11982170976229,68.41292179736558,59,0.9742392913610436,1.0,0.9570654856017393,0.0014863753138685187,0.0,71.0,59.0,0.16901408450704225,0.23083333333333333,92.3076923076923,0.07713159571007816,0.05384615384615385,0.18461538461538463,48.11982170976229,0.9632921035528457,0.9176689256339778,0.0,0.15108674167479672,3.323135213410425,0.6968500560961876,2.3076923076923066,1.0776763459816827,4.948680675942256,0.3282798828906205
4,s4_run,run,70.0,20.85858240077899,True,48.53626716970755,65.1258728182957,53,0.984700466896412,1.0,0.9745007781606867,0.0011712836811046284,0.0,67.0,53.0,0.20895522388059706,0.22950000000000004,86.95652173913044,0.059130085971368394,0.043478260869565216,0.14492753623188406,48.53626716970755,0.9603858487964204,0.9109936685383084,0.0,-0.3192575261208181,0.7932405776543283,0.7601263125053151,3.0434782608695627,1.0667903131054106,4.996949734419719,0.40598054416807866
4,s4_run,run,130.0,27.823020718957356,True,65.0310099726624,98.97891390000902,63,0.9784627371616637,1.0,0.9641045619361059,0.0012305209377890154,0.0,72.0,63.0,0.125,0.15999999999999992,85.71428571428571,0.08302226785592957,0.05714285714285714,0.3142857142857143,65.0310099726624,0.9510348869092817,0.904292500928614,0.0,-0.13066048844037756,-0.2942123692460492,0.6515257647583705,4.285714285714292,1.1568372659204633,5.365679549014526,0.48069765557058497
4,s4_run,run,190.0,18.530266768638068,True,72.39412331749789,93.42960402940231,67,0.9767285495155686,1.0,0.9612142491926146,0.001070353286353776,0.0,78.0,67.0,0.14102564102564108,0.14200000000000002,90.9090909090909,0.07840126603093957,0.06060606060606061,0.3787878787878788,72.39412331749789,0.9319154559078285,0.8661165471095424,0.038461538461538464,-0.3527685040328296,0.5112745971021564,0.6896577927615888,0.9090909090909065,1.1362659826521695,5.40825380619394,0.4807742469278786
4,s4_run,run,250.0,19.849986851933913,True,56.42631098546645,116.66666666666667,57,0.9784115972369288,1.0,0.9640193287282147,0.0009443063412045827,0.0,70.0,57.0,0.18571428571428572,0.2533333333333333,93.75,0.06791095026906734,0.0546875,0.21875,56.42631098546645,0.938626468372099,0.8896014653488277,0.029411764705882353,-0.3907584266649131,0.25860280616376663,0.6852989382159385,3.75,1.1001047978971912,5.025090382400925,0.5105138195698933
4,s4_run,run,310.0,23.523038352509346,True,51.89511969613195,108.72138236359417,59,0.9799103583536669,1.0,0.9665172639227781,0.0009688179286704384,0.0,72.0,59.0,0.18055555555555558,0.20799999999999996,90.9090909090909,0.07252883984262713,0.045454545454545456,0.19696969696969696,51.89511969613195,0.9503203098251789,0.9027415209350594,0.013888888888888888,-0.07867363103684871,-0.21658432964985552,0.7180473986213377,0.9090909090909065,1.1451215797129923,5.175762690040705,0.5537069420498336
4,s4_run,run,370.0,20.191307260518865,True,51.24536034141763,58.532042506647585,70,0.9761242873220621,1.0,0.96020714553677,0.0013440951768075634,0.0,78.0,70.0,0.10256410256410253,0.14200000000000002,90.9090909090909,0.09179589366104439,0.06060606060606061,0.19696969696969696,51.24536034141763,0.9232170880285647,0.8319004913925786,0.05263157894736842,-0.3267530219142615,1.1627387601240367,0.7052047738176526,0.9090909090909065,1.14637912709475,5.3238341062940915,0.5364168195857318
4,s4_run,run,430.0,15.497607046760287,True,45.78027231606791,92.6334301478272,73,0.9735352765087149,1.0,0.9558921275145247,0.0024130103227089144,0.0,82.0,73.0,0.1097560975609756,0.09799999999999998,90.9090909090909,0.0923975670828542,0.06060606060606061,0.15151515151515152,45.78027231606791,0.9385362442643812,0.8757161497261069,0.06172839506172839,0.15184592186495935,0.23242727860371204,0.7234197742177971,0.9090909090909065,1.2522315792698042,5.862445648191342,0.6424665873270089
4,s4_walk,walk,10.0,20.15119322112901,True,110.91636049019209,102.10638709558911,42,0.9703359212811168,1.0,0.9505598688018613,0.0015684216029470028,0.0,64.0,42.0,0.34375,0.2533333333333333,85.71428571428571,0.10508942579163552,0.11428571428571428,0.6,110.91636049019209,0.8621595148276564,0.77169796507227,0.12698412698412698,-0.289109043609506,0.16163789491472969,0.5873249890084548,4.285714285714292,1.0926830575714368,4.331717238845227,0.5724707973427754
4,s4_walk,walk,70.0,19.996590618493943,True,96.25270558967854,78.71120978268944,49,0.9699982876020268,1.0,0.9499971460033778,0.0018490013201941612,0.0,68.0,49.0,0.27941176470588236,0.22933333333333328,88.23529411764706,0.09107265643111344,0.1323529411764706,0.25,96.25270558967854,0.9332832600020105,0.8470735397987452,0.029411764705882353,-0.04807550609597585,-0.1720372899071032,0.6190000349751328,1.764705882352942,1.1088086453328803,4.3632701465764026,0.5704442072388616
4,s4_walk,walk,130.0,21.711477040822043,True,73.24824996168154,127.53213102761376,50,0.9742870844967044,1.0,0.9571451408278406,0.002440453253680584,0.0,68.0,50.0,0.2647058823529411,0.20666666666666667,85.71428571428571,0.0785883408934779,0.07142857142857142,0.24285714285714285,73.24824996168154,0.9394145830809739,0.8810361248546072,0.015151515151515152,0.1341058796824046,0.24136058506101188,0.612722273184025,4.285714285714292,1.3086456848047068,5.032243326843186,0.7619638195334582
4,s4_walk,walk,190.0,17.494873198607685,True,98.73304556081659,160.73936312286065,57,0.973710728832702,1.0,0.9561845480545034,0.002688782755848695,0.0,72.0,57.0,0.20833333333333337,0.15999999999999992,85.71428571428571,0.09752202201916275,0.05714285714285714,0.44285714285714284,98.73304556081659,0.8968207832592939,0.7695148806669563,0.11267605633802817,0.14052500825325104,0.4402905309320193,0.6439485757595393,3.214285714285708,1.4472836370017759,5.520239091419895,0.8567733618019123
4,s4_walk,walk,250.0,20.107943996456562,True,79.42006780286277,146.935359937627,54,0.9700000360282737,1.0,0.9500000600471229,0.003148157934484708,0.0,71.0,54.0,0.23943661971830987,0.17758333333333332,86.33093525179856,0.08971334667881861,0.07194244604316546,0.3597122302158273,79.42006780286277,0.8831993621443787,0.7945889665563806,0.11267605633802817,-0.09792458331946682,0.5444927271243816,0.5958237753181661,3.8309352517985644,1.6088504138861883,5.919266980120555,0.963653456028944
4,s4_walk,walk,310.0,22.301674956877104,True,75.301861666033,139.427400463467,55,0.9740834348352625,1.0,0.9568057247254376,0.003873753195925117,0.0,71.0,55.0,0.22535211267605637,0.1835,86.95652173913044,0.08487122149491641,0.057971014492753624,0.3188405797101449,75.301861666033,0.9308846930834984,0.8730906252643664,0.014084507042253521,0.10768235420643252,-0.2509096233755952,0.5707707617008768,3.0434782608695627,1.6376572084869054,6.113598768805334,0.9573421203943211
4,s4_walk,walk,370.0,19.671105229555234,True,101.17932052529699,146.59467930317254,52,0.9717572022314047,1.0,0.9529286703856745,0.004970975304711062,0.0,70.0,52.0,0.2571428571428571,0.17166666666666663,84.50704225352112,0.1010909128182704,0.08450704225352113,0.5633802816901409,101.17932052529699,0.917221034347856,0.8409798095318117,0.07246376811594203,0.14523214319148597,-0.12609093117329762,0.547902389824607,2.0070422535211208,1.9299424519754753,7.325786883296986,1.0819720541773528
4,s4_walk,walk,430.0,22.700271486956865,True,76.04589879411154,170.87032119905044,48,0.9746285173737653,1.0,0.9577141956229422,0.003011405553764227,0.0,67.0,48.0,0.28358208955223885,0.2350833333333333,87.5912408759124,0.10100277717686294,0.072992700729927,0.32116788321167883,76.04589879411154,0.8307006288149259,0.6024758945992801,0.2835820895522388,0.011226353051782318,0.9985202908619435,0.5292646800404069,5.091240875912405,1.8048706979614533,7.150947820373193,1.034305457199922
5,s5_walk,walk,10.0,14.665151436881697,True,37.81979744329265,115.9821186728879,90,0.9856229453072709,1.0,0.9760382421787848,0.00397282771977534,0.0,91.0,90.0,0.01098901098901095,0.01416666666666666,92.3076923076923,0.05901575585594056,0.046153846153846156,0.15384615384615385,37.81979744329265,0.9445290483708911,0.8610739667151409,0.022222222222222223,0.44368204784585846,-0.6320686997896097,0.6720416531755118,2.3076923076923066,0.7684204989479163,3.4618078903547502,0.29512057832098443
5,s5_walk,walk,70.0,18.85971603415288,True,53.23594588307729,106.41676701482146,92,0.9782596830001685,1.0,0.9637661383336142,0.003888850049441963,0.0,92.0,92.0,0.0,-0.0043333333333333,91.6030534351145,0.07230672655659305,0.061068702290076333,0.16793893129770993,53.23594588307729,0.945617635600314,0.8809700261658362,0.01098901098901099,0.41507588244473614,-0.659280250894879,0.6395076582579984,1.6030534351145036,0.7480327897811817,3.2610926275736514,0.28627987578272884
5,s5_walk,walk,130.0,20.261508720533296,True,47.14755101025991,145.48149320399781,84,0.9811755773063898,1.0,0.9686259621773163,0.003988567352076604,0.0,86.0,84.0,0.023255813953488413,0.03249999999999997,88.88888888888889,0.06507312716070397,0.044444444444444446,0.2222222222222222,47.14755101025991,0.9308186013922252,0.8507378563403178,0.05813953488372093,0.12567056612050576,0.07626173537647318,0.6171693969224896,1.1111111111111143,0.8992629535374683,4.060322244329193,0.4143141965514078
5,s5_walk,walk,190.0,19.201501879244578,True,49.33275717241596,142.7356626346587,87,0.98048127945953,1.0,0.9674687990992166,0.0037885257914327163,0.0,88.0,87.0,0.011363636363636354,0.002666666666666706,88.23529411764706,0.05516334317498399,0.04411764705882353,0.19117647058823528,49.33275717241596,0.9515063352131166,0.9079201648944095,0.0,0.4049540405099126,-0.6561535670817151,0.693876398443437,1.764705882352942,0.5237753098201967,2.319196594406435,-0.05508971860634827
5,s5_walk,walk,250.0,15.023790657298383,True,36.283377964069395,87.98989841011424,92,0.9848083049939491,1.0,0.9746805083232486,0.003918556621309097,0.0,92.0,92.0,0.0,0.010999999999999899,93.02325581395348,0.05744227076389463,0.046511627906976744,0.15503875968992248,36.283377964069395,0.9549674268693813,0.9045703646992641,0.0,0.46174289449729655,-0.7168867819628861,0.661887754556492,3.023255813953483,0.4794743564614436,2.222425757629617,-0.14431484464538633
5,s5_walk,walk,310.0,18.21716686368415,True,41.91441496452243,120.58799034163455,89,0.9822844580144823,1.0,0.9704740966908039,0.0037262510886962724,0.0,90.0,89.0,0.011111111111111072,0.025000000000000022,92.3076923076923,0.05749878266562067,0.046153846153846156,0.15384615384615385,41.91441496452243,0.93875692816763,0.8573801705129735,0.022222222222222223,0.4368143775531859,-0.5029387441154491,0.6456996046611314,2.3076923076923066,0.5021533233799585,2.2381850097662177,-0.1265586614137838
5,s5_walk,walk,370.0,18.76758434701303,True,50.3409428429364,81.87149184221934,77,0.9818328814984939,1.0,0.9697214691641566,0.0035113409312180714,0.0,85.0,77.0,0.09411764705882353,0.07916666666666661,92.3076923076923,0.061063898146337545,0.06153846153846154,0.16923076923076924,50.3409428429364,0.9265580947884535,0.8458756402687609,0.024096385542168676,0.3160270631440832,-0.46463487508564816,0.6094757623221878,2.3076923076923066,0.5161555117164873,2.306349128060866,-0.08514954859099368
5,s5_walk,walk,430.0,16.897388529904163,True,48.705463987341524,129.16117332872201,73,0.9803878486032533,1.0,0.9673130810054222,0.0031498002172180763,0.0,82.0,73.0,0.1097560975609756,0.11166666666666669,92.3076923076923,0.06898333120239489,0.046153846153846156,0.18461538461538463,48.705463987341524,0.9258344672965214,0.8476311640004214,0.04878048780487805,0.3135870664409175,-0.45689559159236337,0.5885281177070306,2.3076923076923066,0.5205273784823956,2.3453884011157253,-0.08444605303289957
5,s5_run,run,10.0,15.054479819554336,True,27.246858614303157,120.20004970070498,93,0.988212428897371,1.0,0.9803540481622852,0.0031075461606959523,0.0,93.0,93.0,0.0,0.008000000000000007,93.75,0.044650656629793166,0.03125,0.109375,27.246858614303157,0.9798327794931986,0.9588146969056164,0.0,0.4968481970456963,-0.9211245371792183,0.7655814266751548,3.75,1.074572217745928,5.286967022331905,0.5298265096110361
5,s5_run,run,70.0,14.411415228522,True,33.65957565043019,114.26346901296667,92,0.9848374362173699,1.0,0.9747290603622831,0.003961882905685658,0.0,92.0,92.0,0.0,0.0033333333333332993,92.3076923076923,0.055105587470516325,0.03076923076923077,0.15384615384615385,33.65957565043019,0.9524244869742593,0.8909345400505913,0.03296703296703297,0.4796818355864016,-0.596268817058522,0.6785180069044878,2.3076923076923066,1.3741066154840473,6.6642986906726716,0.7775178137334522
5,s5_run,run,130.0,19.467640098095057,True,34.97993004020988,144.09921350699085,90,0.9854442205967581,1.0,0.9757403676612635,0.004081468278346171,0.0,92.0,90.0,0.021739130434782594,0.01866666666666672,93.75,0.05353538508449048,0.03125,0.171875,34.97993004020988,0.957237236780579,0.9023881336672929,0.0,0.42693389698339107,-0.5423699880990887,0.6870043739182723,3.75,1.2175315928398236,5.583479731694982,0.6632314252568418
5,s5_run,run,190.0,19.545957240423174,True,45.15485620573981,137.95545410411714,78,0.9812463110789047,1.0,0.9687438517981746,0.0029943655478911193,0.0,85.0,78.0,0.08235294117647063,0.06499999999999995,90.9090909090909,0.06277222008195792,0.045454545454545456,0.13636363636363635,45.15485620573981,0.9511674937961745,0.8799140715201406,0.023809523809523808,0.45342738420547957,-0.509700520227713,0.6331217020546437,0.9090909090909065,1.173998316862204,5.440306641667631,0.6288512733677457
5,s5_run,run,250.0,20.59998909130045,True,48.92260267638649,123.487571552237,77,0.9787538704706351,1.0,0.9645897841177251,0.0028911928615148056,0.0,84.0,77.0,0.08333333333333337,0.07599999999999996,90.9090909090909,0.07162231225120635,0.045454545454545456,0.21212121212121213,48.92260267638649,0.9655659452924175,0.9323789615786521,0.012048192771084338,0.41758428098401534,-0.3811185548799405,0.6964710107823897,0.9090909090909065,1.1167120874487064,5.108697360176248,0.5844927893899868
5,s5_run,run,310.0,14.126920841894867,True,48.67994291394828,106.26703593696998,77,0.9816305698514078,1.0,0.9693842830856798,0.0035786561275659486,0.0,86.0,77.0,0.10465116279069764,0.08266666666666667,93.75,0.05380475146542513,0.046875,0.265625,48.67994291394828,0.9429407673862669,0.8718748638270031,0.03529411764705882,0.41426360415546687,-0.5830196590204362,0.639754872459012,3.75,1.1774772315929696,5.631414451960356,0.6261888590210516
5,s5_run,run,370.0,15.390567410507714,True,60.113528956769485,114.83079339232621,67,0.9837072638996147,1.0,0.9728454398326912,0.004754753147121802,0.0,80.0,67.0,0.16249999999999998,0.1466666666666666,93.75,0.06092328445062229,0.03125,0.359375,60.113528956769485,0.9304823826558568,0.8610191936417568,0.075,0.28119182267419796,-0.40340971623360167,0.5772050420076235,3.75,1.4333145055476055,6.487299916162898,0.7939877803586043
5,s5_run,run,430.0,13.384987662937718,True,67.21742198404978,161.76114078067906,34,0.9803855388247334,1.0,0.9673092313745558,0.0046793837229414815,0.0,65.0,34.0,0.4769230769230769,0.2958333333333333,92.3076923076923,0.0613318288932993,0.07692307692307693,0.2,67.21742198404978,0.9089377989411329,0.8010953708639157,0.1076923076923077,0.26873056657184585,-0.3837540011494238,0.47258119290061423,5.192307692307693,1.6516514624011378,7.719348803991218,0.9062029820892462
5,s5_run,run,490.0,12.786506045132182,True,81.37874415349502,126.53853168106544,41,0.976779966708843,1.0,0.9612999445147384,0.0056400727138852524,0.0,70.0,41.0,0.41428571428571426,0.265,95.23809523809524,0.08638749555423465,0.07936507936507936,0.25396825396825395,81.37874415349502,0.8987455346128295,0.7633428388557904,0.14705882352941177,0.18195130427664416,-0.5080952976999344,0.41555317390810115,35.23809523809524,1.5678038170451896,7.458582989257151,0.8461125253252659
5,s5_sit,sit,10.0,25.909586385479372,True,27.736858750286295,52.753149070383515,76,0.9829982797720354,1.0,0.9716637996200589,0.0034694210699547407,0.0,76.0,76.0,0.0,-0.0006666666666665932,75.9493670886076,0.053172504581853505,0.02531645569620253,0.08860759493670886,27.736858750286295,0.9970396974542917,0.994742340477289,0.0,0.5247226154815723,-1.0059291736827174,0.805370397622355,0.9493670886076018,0.04808958874390861,0.26679009662874087,-2.502007317541262
5,s5_sit,sit,70.0,24.043294283437127,True,28.35396565598986,89.50977600240098,77,0.9837581641507875,1.0,0.9729302735846459,0.0034757190793678577,0.0,77.0,77.0,0.0,-0.001000000000000112,76.92307692307692,0.057237896040753446,0.019230769230769232,0.11538461538461539,28.35396565598986,0.9967296786032309,0.9927825429910282,0.0,0.5559516212822504,-0.9035276510553705,0.7851737841892734,1.9230769230769198,0.06101352177236424,0.33964009599502276,-2.191838643080974
5,s5_sit,sit,130.0,28.63758214499578,True,31.032462013674277,63.89391545704827,74,0.9851068594004143,1.0,0.9751780990006904,0.003866198030015449,0.0,74.0,74.0,0.0,0.0010000000000000009,74.07407407407408,0.05384536213146399,0.024691358024691357,0.09876543209876543,31.032462013674277,0.997966933903699,0.9962037588213524,0.0,0.5826555822696804,-0.9696197271559996,0.8106974749668933,0.9259259259259238,0.05155654903898816,0.3029195593438274,-2.3835107785961362
5,s5_sit,sit,190.0,30.855350128930844,True,32.32447671458573,57.02630971753301,79,0.9765279155083164,1.0,0.9608798591805273,0.003350156963222711,0.0,79.0,79.0,0.0,-0.013833333333333364,77.92207792207792,0.07581573549733484,0.025974025974025976,0.09090909090909091,32.32447671458573,0.9959163297406453,0.9930837143002571,0.0,0.5810606248465818,-0.7519099706861709,0.706126836558733,2.922077922077918,0.08057071013635403,0.540760705198652,-1.8370918021615144
5,s5_sit,sit,250.0,22.96392327438652,True,27.431733448690405,63.39698795835478,81,0.9833862806850739,1.0,0.9723104678084566,0.002513254899148003,0.0,81.0,81.0,0.0,0.0010000000000000009,81.08108108108108,0.05520005692499738,0.02702702702702703,0.13513513513513514,27.431733448690405,0.9957939711865784,0.9901712209994676,0.0,0.5363438686418691,-0.7772666279352305,0.7947751045612543,1.4189189189189193,0.07118573764441148,0.4017805731258939,-1.9601479135113897
5,s5_sit,sit,310.0,26.826038910667467,True,28.51292712064149,64.09368143584827,78,0.9828871890290937,1.0,0.9714786483818227,0.0028836957586909732,0.0,78.0,78.0,0.0,0.00550000000000006,78.43137254901961,0.0562558526853609,0.026143790849673203,0.0784313725490196,28.51292712064149,0.9969953110282135,0.9947013885091448,0.0,0.4938025772450133,-0.9572163289896762,0.7893381154826072,3.4313725490196134,0.05459868189845429,0.32733335252408047,-2.256455532135317
5,s5_sit,sit,370.0,22.32888146254843,True,25.4195563720897,40.88758823646697,79,0.9852998360166536,1.0,0.9754997266944228,0.0036479939120563874,0.0,79.0,79.0,0.0,-0.0006666666666665932,78.94736842105263,0.050270155365924496,0.013157894736842105,0.09210526315789473,25.4195563720897,0.9967707897765271,0.9937444619271864,0.0,0.49091648325976284,-1.0214515060956018,0.7703759911124524,3.55263157894737,0.05452257973038602,0.33623668879244306,-2.1831536195092998
5,s5_sit,sit,430.0,27.296886269319177,True,28.189832682487964,59.45352993912323,76,0.9797210679908517,1.0,0.9662017799847529,0.003719256568027479,0.0,76.0,76.0,0.0,-0.0006666666666665932,75.9493670886076,0.06413693258749116,0.02531645569620253,0.12658227848101267,28.189832682487964,0.9972424866994087,0.9948576495130437,0.0,0.5566211995368616,-0.8832521571087129,0.8080556585043117,0.9493670886076018,0.06011741084064612,0.4114144958988444,-2.1029276058935578
6,s6_run,run,10.0,9.205827108263849,True,51.07592387808565,131.8701770293177,81,0.9792295159812479,1.0,0.965382526635413,0.0048784000702436145,0.0,87.0,81.0,0.06896551724137934,0.07199999999999995,93.75,0.05675846306212496,0.046875,0.375,51.07592387808565,0.940367199846906,0.8715210555707047,0.03488372093023256,0.6701174924863557,-0.4285972864469896,0.6221571796140991,3.75,3.810785902183246,17.713838711426174,1.731915795974694
6,s6_run,run,70.0,11.86250821384634,True,49.52152009360125,180.8538307808494,85,0.9874836254657242,1.0,0.979139375776207,0.004640315406710362,0.0,88.0,85.0,0.03409090909090906,0.03199999999999992,90.9090909090909,0.05050391101966991,0.045454545454545456,0.21212121212121213,49.52152009360125,0.9585074228924073,0.9149026000891901,0.011494252873563218,0.587441133596448,-0.6169812369008776,0.6969282786291117,0.9090909090909065,3.5893753205194994,15.322782995899953,1.6771226288964347
6,s6_run,run,130.0,15.084609857247143,True,53.862833375873464,169.29264603047588,84,0.9841179441545084,1.0,0.9735299069241807,0.004333183800792366,0.0,88.0,84.0,0.045454545454545414,0.024666666666666726,90.22556390977444,0.05558010135847121,0.045112781954887216,0.3157894736842105,53.862833375873464,0.9562096829424437,0.9094101416757415,0.034482758620689655,0.6505898717937263,-0.6089344654804787,0.6893041837399344,0.2255639097744364,3.9811223793985433,17.023884138983618,1.7589025188700764
6,s6_run,run,190.0,20.720360357225307,True,42.36957307893916,199.51292039716478,84,0.9870115327189012,1.0,0.978352554531502,0.004111823274206041,0.0,86.0,84.0,0.023255813953488413,0.03249999999999997,88.88888888888889,0.045529847829124954,0.044444444444444446,0.1925925925925926,42.36957307893916,0.9499006065810435,0.8747296863310052,0.03488372093023256,0.6250027448048417,-0.44872405353486844,0.6440270568007938,1.1111111111111143,3.2287325537382,13.408187211444691,1.5510812050511908
6,s6_run,run,250.0,22.382509782995943,True,39.896926020463695,139.49910393977447,86,0.9865742775126299,1.0,0.9776237958543833,0.0038805966393449702,0.0,88.0,86.0,0.022727272727272707,0.002666666666666706,88.23529411764706,0.04078389409433929,0.04411764705882353,0.16176470588235295,39.896926020463695,0.9706671808687909,0.9441873826205532,0.0,0.6456154718151262,-0.479642354828163,0.712660967953414,1.764705882352942,3.015932697722942,12.56479824153966,1.474658291310512
6,s6_run,run,310.0,22.230200587977055,True,34.673804626442816,138.12520200373075,89,0.9889487265630146,1.0,0.9815812109383577,0.003948166165856314,0.0,89.0,89.0,0.0,0.02100000000000002,90.9090909090909,0.03678628045340269,0.030303030303030304,0.12121212121212122,34.673804626442816,0.9695286324438627,0.9379732103687125,0.0,0.6560530586547871,-0.6045254855218967,0.7191474647083341,0.9090909090909065,2.8984357137842056,11.839810172934353,1.4654178398521682
6,s6_run,run,370.0,24.339552031681638,True,37.67678635293962,166.35958104083343,88,0.9881750437812833,1.0,0.9802917396354722,0.0039376351889348245,0.0,88.0,88.0,0.0,0.01733333333333331,89.55223880597015,0.03888849773194404,0.04477611940298507,0.14925373134328357,37.67678635293962,0.9722859229009557,0.9383119690680483,0.011363636363636364,0.6959000813703535,-0.6249340708416744,0.73749004301248,0.4477611940298516,3.334515595383506,13.317244337657552,1.5912206187255646
6,s6_run,run,430.0,27.33024933540687,True,36.36580688108487,153.18289721767243,90,0.9893905623985111,1.0,0.9823176039975184,0.0047318904452966085,0.0,90.0,90.0,0.0,-0.0050000000000001155,89.55223880597015,0.036985902141228995,0.04477611940298507,0.11940298507462686,36.36580688108487,0.9607713030328345,0.9118151715326596,0.0,0.6860883505667212,-0.5447109851673511,0.7202224119812455,0.4477611940298516,2.9870510931304874,12.4245050851641,1.505601376864237
6,s6_sit,sit,10.0,45.58034189831802,True,48.895699950856724,88.175960442742,77,0.9751094174611645,1.0,0.9585156957686076,0.0023357966013980514,0.0,77.0,77.0,0.0,0.011833333333333251,77.92207792207792,0.09047364673514507,0.032467532467532464,0.19480519480519481,48.895699950856724,0.9941409570535118,0.9889806274039883,0.0,0.8758093095072567,-0.31320675507198725,0.6571343402042636,2.922077922077918,0.013363249296734896,0.06299267449684365,-4.040872631927221
6,s6_sit,sit,70.0,39.64778261979677,True,42.63019274332844,83.24967552234827,76,0.9753815510251551,1.0,0.9589692517085919,0.002326430531099253,0.0,76.0,76.0,0.0,-0.0006666666666665932,75.9493670886076,0.07355680590869217,0.0379746835443038,0.16455696202531644,42.63019274332844,0.9943888580594172,0.9901889257389775,0.0,0.8704464285556035,-0.38337484611369677,0.7055532185193754,0.9493670886076018,0.01345244437666493,0.06303492786751264,-4.0367036711979125
6,s6_sit,sit,130.0,37.12393657287209,True,42.083876147272214,87.05170877128145,77,0.9787336894841255,1.0,0.9645561491402093,0.002198581635995545,0.0,77.0,77.0,0.0,0.011833333333333251,77.92207792207792,0.0673862605276147,0.025974025974025976,0.14285714285714285,42.083876147272214,0.9932608732224183,0.9885621528963817,0.0,0.8183185804331041,-0.4406114507441612,0.719928587638717,2.922077922077918,0.013473389032060194,0.0633539200624682,-4.045263448776829
6,s6_sit,sit,190.0,30.562722391828327,True,33.594217189442425,76.90743851124321,78,0.9791849973193492,1.0,0.9653083288655819,0.002254215227268507,0.0,78.0,78.0,0.0,-0.001000000000000112,77.92207792207792,0.06587602890536912,0.025974025974025976,0.11688311688311688,33.594217189442425,0.9932444796938932,0.9862410964256002,0.0,0.8303336394042075,-0.41657769719004545,0.6973527864303304,2.922077922077918,0.014881728025332273,0.07199388513412686,-4.08349043399178
6,s6_sit,sit,250.0,34.85232001641611,True,36.83941988065036,86.8654939264592,78,0.9853476929336158,1.0,0.9755794882226929,0.0022642661332862076,0.0,78.0,78.0,0.0,-0.001000000000000112,77.92207792207792,0.049424225944960654,0.025974025974025976,0.12987012987012986,36.83941988065036,0.9937765647946525,0.9880897732856315,0.0,0.82148156873407,-0.48446609091029424,0.7324850552440421,2.922077922077918,0.01366150945109357,0.0644691760280871,-4.021431510224645
6,s6_sit,sit,310.0,33.87049639901411,True,37.5394529304276,94.03795645855965,77,0.984175755851562,1.0,0.9736262597526035,0.0022972935996348294,0.0,77.0,77.0,0.0,-0.001000000000000112,76.92307692307692,0.06201387568351802,0.038461538461538464,0.1282051282051282,37.5394529304276,0.9929053138066796,0.9853886749958678,0.0,0.8140921538880144,-0.43022657359324157,0.7350921601490019,1.9230769230769198,0.013893207430184774,0.06590514955721538,-4.089416396821176
6,s6_sit,sit,370.0,30.897112793065627,True,36.742346141747674,83.36100169607839,79,0.983176008450359,1.0,0.9719600140839317,0.0025159070416511686,0.0,79.0,79.0,0.0,-0.0006666666666665932,78.94736842105263,0.05650857862278065,0.02631578947368421,0.13157894736842105,36.742346141747674,0.9914682860468439,0.9826258689847499,0.0,0.7670604738948994,-0.46729469012292846,0.724442108985133,3.94736842105263,0.013588509179078674,0.06418383787286075,-4.088473832632901
6,s6_sit,sit,430.0,31.667682347515942,True,34.865232188878586,93.5983746531152,78,0.9798118043993372,1.0,0.9663530073322288,0.0027285642345718283,0.0,78.0,78.0,0.0,0.00550000000000006,78.43137254901961,0.0684591773550868,0.026143790849673203,0.11764705882352941,34.865232188878586,0.9937665322777215,0.9884973490985219,0.0,0.7759883752418907,-0.5063364412414821,0.7166598513826627,3.4313725490196134,0.01399878995432635,0.06570311531876882,-4.117502634267893
6,s6_walk,walk,10.0,24.19264248934522,True,63.00896658516048,141.59802258506295,78,0.9820953315013966,1.0,0.9701588858356611,0.005012829040030286,0.0,81.0,78.0,0.03703703703703709,0.014499999999999957,82.1917808219178,0.06258911137508778,0.0410958904109589,0.2328767123287671,63.00896658516048,0.8930282914306708,0.7487947312459502,0.13924050632911392,0.2990351503895431,0.45953808449888545,0.44997846642847394,0.30821917808219723,0.5862649524284369,3.3018559838931925,0.08186064429798293
6,s6_walk,walk,70.0,25.092421756971422,True,50.10757658048562,133.0178559442303,66,0.9826615144149974,1.0,0.9711025240249958,0.006060826275296529,0.0,77.0,66.0,0.1428571428571429,0.07599999999999996,83.33333333333333,0.05794644698898921,0.041666666666666664,0.20833333333333334,50.10757658048562,0.8500665986975725,0.6650375937960589,0.19736842105263158,0.30475326008845033,0.8505772975169563,0.36071027995253596,0.8333333333333286,0.7339405699722393,4.035753855500825,0.27281990477205437
6,s6_walk,walk,130.0,22.08851373506777,True,57.77110004145671,102.68614533832908,65,0.9820843253300207,1.0,0.9701405422167011,0.004883692424354659,0.0,75.0,65.0,0.1333333333333333,0.11249999999999993,84.50704225352112,0.05794841752411799,0.04225352112676056,0.323943661971831,57.77110004145671,0.8733346167574212,0.7351382972786071,0.14864864864864866,0.6165974750146891,-0.059200210000562414,0.43739828617039644,2.0070422535211208,0.4729084444174076,2.328781539971443,-0.11064715681346242
6,s6_walk,walk,190.0,18.473919840834295,True,90.85244447270897,117.33143937865361,49,0.9804670346712532,1.0,0.967445057785422,0.004844861410122973,0.0,71.0,49.0,0.3098591549295775,0.17166666666666663,85.71428571428571,0.09485677513853158,0.05714285714285714,0.38571428571428573,90.85244447270897,0.8074744829796616,0.5439974676518751,0.3142857142857143,0.27519299289303567,0.27285906333333454,0.36785262191311074,3.214285714285708,0.6913466540692438,3.666650439406313,0.21174829575152507
6,s6_walk,walk,250.0,23.054417642599283,True,73.2913475222118,106.37569963898808,75,0.9692756758301645,1.0,0.9487927930502741,0.00409884773670059,0.0,80.0,75.0,0.0625,0.05333333333333323,84.50704225352112,0.07515991087750676,0.056338028169014086,0.4225352112676056,73.2913475222118,0.849136702360088,0.6742597943813914,0.26582278481012656,0.16626474361589227,0.3779322051587255,0.4137395937905935,2.0070422535211208,0.581275897481265,2.989909919031531,0.023885122861399495
6,s6_walk,walk,310.0,22.755907481383723,True,77.77427086962838,127.57350822173073,44,0.9786945614515264,1.0,0.9644909357525441,0.004865538261879895,0.0,66.0,44.0,0.33333333333333337,0.22999999999999998,85.71428571428571,0.0821173544764672,0.07142857142857142,0.2857142857142857,77.77427086962838,0.7952008836363132,0.5467599517623447,0.36363636363636365,0.4789940030195101,0.023729319736569554,0.4320361277846093,40.71428571428571,0.6932560721468933,3.0958802587632164,0.21456962722089917
6,s6_walk,walk,370.0,18.19994767129578,True,89.36137054373408,142.59499757471625,56,0.9779465531072281,1.0,0.9632442551787136,0.004978814617915078,0.0,73.0,56.0,0.23287671232876717,0.14833333333333332,85.71428571428571,0.07578532269721984,0.07142857142857142,0.5142857142857142,89.36137054373408,0.8025660989551299,0.5385988485846231,0.3194444444444444,0.3679126615836685,-0.051725093544441325,0.3925347109081153,3.214285714285708,0.6555962841899793,3.11653377303562,0.1463769919925301
6,s6_walk,walk,430.0,21.04003153109119,True,75.86014701252499,129.80754985747168,43,0.9766971387786706,1.0,0.9611618979644511,0.004958854850673709,0.0,68.0,43.0,0.36764705882352944,0.19533333333333325,84.50704225352112,0.07363419779170288,0.06338028169014084,0.30985915492957744,75.86014701252499,0.7880154617394319,0.6218093717832678,0.4411764705882353,0.2238129205619055,0.48906606089881643,0.353228876585285,39.50704225352112,0.7088063162110023,3.422598152906504,0.17957358802863185
7,s7_walk,walk,10.0,25.57994005726615,True,155.98432969728438,197.93938466106235,46,0.9527912525751796,1.0,0.9213187542919659,0.004769648937180212,0.0,66.0,46.0,0.303030303030303,0.22999999999999998,85.71428571428571,0.1418953315453172,0.12857142857142856,0.6142857142857143,155.98432969728438,0.7498991588304168,0.4288724120917937,0.48484848484848486,0.06719114655655564,-0.08903762242001978,0.4134306489395801,48.21428571428571,0.8889534533918223,4.161197614118034,0.41124805084055055
7,s7_walk,walk,70.0,34.738808415467815,True,116.07468859890744,285.46953802964185,46,0.963227223401216,1.0,0.9387120390020267,0.003902843105790807,0.0,69.0,46.0,0.33333333333333337,0.15474999999999994,81.63265306122449,0.0997813360150928,0.10884353741496598,0.32653061224489793,116.07468859890744,0.7153057243015476,0.4649668934218032,0.5942028985507246,-0.06325461050036875,0.3031036562902938,0.32210566351194947,44.13265306122449,0.7473410213925252,3.4911924902520415,0.27839254970775396
7,s7_walk,walk,130.0,46.06545315120523,True,79.74535744416916,201.47283774202936,60,0.9730524912933455,1.0,0.9550874854889092,0.003990643704031231,0.0,72.0,60.0,0.16666666666666663,0.07599999999999996,77.92207792207792,0.07419050985818638,0.06493506493506493,0.4025974025974026,79.74535744416916,0.8296318135968651,0.6540511982076497,0.352112676056338,0.27997665713413283,0.17477525568767494,0.418426347474807,2.922077922077918,0.634283997610524,3.000293921551373,0.14635324943815956
7,s7_walk,walk,190.0,48.96385870680057,True,77.80555059700885,131.18450746944168,55,0.9776626451524164,1.0,0.9627710752540273,0.0029849252162786593,0.0,67.0,55.0,0.17910447761194026,0.11783333333333346,75.9493670886076,0.07527694459693221,0.056962025316455694,0.25316455696202533,77.80555059700885,0.7954129446112433,0.4799528814016094,0.3880597014925373,0.10661516108307272,0.2442556222320591,0.3911129481464076,0.9493670886076018,0.6086307998050888,2.932678512816551,0.06196594011671453
7,s7_walk,walk,250.0,51.232481135397336,True,88.88194417315589,158.1375983123558,57,0.9794203798987222,1.0,0.965700633164537,0.002446691489282226,0.0,71.0,57.0,0.19718309859154926,0.0651666666666667,75.9493670886076,0.09393165071288524,0.06329113924050633,0.34177215189873417,88.88194417315589,0.7921884935191289,0.5471379670548843,0.36619718309859156,0.271051514444394,0.14368467175579358,0.4998567932622021,0.9493670886076018,0.5764628652114893,2.911393063729987,0.04172221244083711
7,s7_walk,walk,310.0,46.90766213661642,True,126.22954608602831,154.1976753291796,60,0.965898508973362,1.0,0.94316418162227,0.002840606780364493,0.0,73.0,60.0,0.17808219178082196,0.026666666666666616,75.0,0.11219755921220909,0.075,0.4625,126.22954608602831,0.7588171984255818,0.5458260373833282,0.4722222222222222,0.09599004343389543,0.10986123682487525,0.3756267741302355,0.0,0.6530999365817812,3.1884976675624763,0.15577713471177537
7,s7_walk,walk,370.0,47.58775677203128,True,115.56313733054074,210.46956050088548,63,0.968950763415565,1.0,0.9482512723592749,0.002921768523253373,0.0,72.0,63.0,0.125,0.040000000000000036,75.0,0.09582833957243767,0.0875,0.3875,115.56313733054074,0.8204376696051077,0.6437385725001976,0.28169014084507044,0.4053146913715983,0.050364904889405704,0.5091778993922428,0.0,0.582469735314982,2.865440032801594,0.04647912247750333
7,s7_walk,walk,430.0,42.845373465485345,True,63.94442031083626,245.57720428677032,64,0.9763390500072049,1.0,0.9605650833453414,0.003251316794103826,0.0,69.0,64.0,0.07246376811594202,0.05700000000000005,73.17073170731707,0.05671342488659634,0.036585365853658534,0.2073170731707317,63.94442031083626,0.8494313711969432,0.7290910718304958,0.2608695652173913,0.1487085800964373,0.38256286176903354,0.5726933167671834,1.8292682926829258,0.6675508859085587,3.2873686199421464,0.19031560475832776
7,s7_run,run,10.0,25.366953954725933,True,35.91009445435824,77.7266271713148,87,0.9868584273434118,1.0,0.9780973789056862,0.005580032809182034,0.0,87.0,87.0,0.0,-0.0004999999999999449,86.95652173913044,0.04129822977314532,0.043478260869565216,0.11594202898550725,35.91009445435824,0.9872449447509631,0.9729525793937177,0.0,0.5898749634612678,-0.77367781754339,0.7803785350008935,3.0434782608695627,1.8102413863027425,8.39421774951056,0.9966361445379724
7,s7_run,run,70.0,31.552511399407067,True,36.94672165380652,117.41586982382955,84,0.9856505587569144,1.0,0.9760842645948575,0.004202027215747358,0.0,84.0,84.0,0.0,0.005999999999999894,84.50704225352112,0.04896127296975334,0.04225352112676056,0.1267605633802817,36.94672165380652,0.9889254688956558,0.9781683305109107,0.0,0.6139060848354334,-0.6108229665466829,0.7656900421147476,2.0070422535211208,2.005948034998467,9.245549063130511,1.11240244089803
7,s7_run,run,130.0,38.89023013560118,True,42.79310692155922,100.15429273346788,81,0.9843984480901007,1.0,0.9739974134835012,0.004637408912309276,0.0,81.0,81.0,0.0,0.0010000000000000009,81.08108108108108,0.04933085356756053,0.04054054054054054,0.14864864864864866,42.79310692155922,0.9888921785356949,0.980035056115151,0.0,0.601635366424074,-0.7529300738280393,0.7895208833253811,1.4189189189189193,1.8971501153733916,9.68128331317893,1.0653254718402487
7,s7_run,run,190.0,32.4769148781053,True,41.26062317016363,90.12232741282864,83,0.9865151161360664,1.0,0.9775251935601104,0.004096489768063491,0.0,83.0,83.0,0.0,0.0039999999999998925,83.33333333333333,0.045526314490771484,0.041666666666666664,0.1527777777777778,41.26062317016363,0.9888347562264063,0.9783560563080188,0.0,0.5998103495196679,-0.44752052968912936,0.7822453184058932,0.8333333333333286,1.7464039028348355,8.213150788381094,0.9465303401275338
7,s7_run,run,250.0,31.973754669327672,True,36.83463212055728,103.8723913473187,82,0.9865198921772198,1.0,0.9775331536286995,0.005147082098414248,0.0,82.0,82.0,0.0,0.0023333333333332984,82.1917808219178,0.042348372792111795,0.0410958904109589,0.1643835616438356,36.83463212055728,0.9914686723788595,0.9835516545950606,0.0,0.6806771982574857,-0.6519478649605914,0.7902991197925098,0.30821917808219723,1.5152198117756628,6.849887696269735,0.8127432921106578
7,s7_run,run,310.0,33.307144183473014,True,38.05512805239706,122.36103228651768,84,0.9844511116832037,1.0,0.9740851861386727,0.006481387483244429,0.0,84.0,84.0,0.0,-0.008000000000000007,83.33333333333333,0.05041707207561066,0.041666666666666664,0.1388888888888889,38.05512805239706,0.9913046425128563,0.984081190003196,0.0,0.7536897150193405,-0.4250203242826749,0.7564822755894816,0.8333333333333286,1.6271205766363541,7.555723103453141,0.8997187909812774
7,s7_run,run,370.0,34.700144091917586,True,38.809442659051065,80.83236336852916,82,0.9870868299795232,1.0,0.9784780499658721,0.006283727420977554,0.0,82.0,82.0,0.0,0.0023333333333332984,82.1917808219178,0.04105577892420199,0.0410958904109589,0.1095890410958904,38.809442659051065,0.9939427032335318,0.988309274232372,0.0,0.7622962554405396,-0.6345320195123367,0.7758228318723326,0.30821917808219723,1.4502050952121792,6.834925376793813,0.7994528360106632
7,s7_run,run,430.0,34.59933415617235,True,37.71604433129222,94.43086095128012,81,0.9861773541389562,1.0,0.9769622568982603,0.004333766410895051,0.0,81.0,81.0,0.0,0.0010000000000000009,81.08108108108108,0.048069623813737326,0.02702702702702703,0.14864864864864866,37.71604433129222,0.9874367766689174,0.973469169802788,0.0,0.7462804321746069,-0.18440433630432063,0.7613712824053356,1.4189189189189193,1.7577380132302762,8.996011143107285,1.0236140666926083
7,s7_sit,sit,10.0,51.8320111229451,True,49.87080081764828,112.25881175358366,63,0.9898006626256213,1.0,0.9830011043760354,0.0047227666243880055,0.0,63.0,63.0,0.0,-0.008000000000000007,62.5,0.04602886475754221,0.03125,0.23958333333333334,49.87080081764828,0.9924844176857328,0.9794868027281958,0.0,0.8786832029495687,0.015628186703927405,0.794284851131721,2.5,0.01556091787040006,0.06972227426669342,-4.25203986286953
7,s7_sit,sit,70.0,48.89290469006953,True,48.6997604374669,85.44003745317531,61,0.9865073071045414,1.0,0.9775121785075689,0.005032065622763225,0.0,62.0,61.0,0.016129032258064502,0.018333333333333313,63.1578947368421,0.04180311209231593,0.042105263157894736,0.11578947368421053,48.6997604374669,0.9943009209443031,0.9922031879312886,0.0,0.8742441719128135,-0.2979641456982671,0.7743763510986631,3.1578947368421026,0.015068685140594087,0.06905690041975987,-4.313295517978528
7,s7_sit,sit,130.0,50.85553769537499,True,52.35713744342639,91.85586535436917,64,0.984437696255804,1.0,0.9740628270930067,0.005219527893439284,0.0,64.0,64.0,0.0,-0.002666666666666595,63.829787234042556,0.06224484859981913,0.0425531914893617,0.14893617021276595,52.35713744342639,0.9921091476108842,0.9796166732480218,0.0,0.9157309618524002,0.03922796519598126,0.7461278916429884,3.6702127659574444,0.015015417839037964,0.06842898498472749,-4.225377015711825
7,s7_sit,sit,190.0,50.233107403033685,True,51.59010042186836,115.94454387724315,66,0.9837068953957966,1.0,0.9728448256596609,0.0037367620055208414,0.0,66.0,66.0,0.0,-0.01200000000000001,65.21739130434783,0.05219319596515422,0.043478260869565216,0.17391304347826086,51.59010042186836,0.9907368249822781,0.9845062764361742,0.0,0.7424727653477864,-0.2985278692053259,0.7836757620997312,2.282608695652172,0.01440296305746318,0.06458236465805456,-4.323236145205883
7,s7_sit,sit,250.0,55.58234274835687,True,51.99358934843154,117.22162381962251,61,0.9824280776365704,1.0,0.9707134627276173,0.0034417835799406713,0.0,62.0,61.0,0.016129032258064502,0.039000000000000035,64.51612903225806,0.0581107580202233,0.04838709677419355,0.12903225806451613,51.99358934843154,0.9881502255757985,0.9744670186164222,0.0,0.9314532128077981,0.8621145598667836,0.7683867349200901,2.983870967741936,0.014968840913457794,0.06724208395073106,-4.26902697806292
7,s7_sit,sit,310.0,43.03486958269363,True,46.46907573860276,130.12814197295424,65,0.9862200562081206,1.0,0.9770334270135342,0.0027244467820345232,0.0,65.0,65.0,0.0,0.0033333333333334103,65.21739130434783,0.04685167524272195,0.03260869565217391,0.14130434782608695,46.46907573860276,0.9915995906166347,0.9830239073845305,0.0,0.5614671609377715,-0.4679721651804689,0.7999128146090677,2.282608695652172,0.015244299851153461,0.06895415279443107,-4.247865218194099
7,s7_sit,sit,370.0,57.38663438860898,True,57.89358053071745,157.18999857552615,61,0.9836214536583366,1.0,0.9727024227638944,0.002812947301715877,0.0,62.0,61.0,0.016129032258064502,0.008000000000000007,62.5,0.05397806622800488,0.052083333333333336,0.14583333333333334,57.89358053071745,0.9913995211684321,0.9850247641482905,0.0,0.7844454078616261,0.247731031425118,0.7592374034324016,2.5,0.015137489282767277,0.06878997683631027,-4.23960011931947
7,s7_sit,sit,430.0,45.988266274357166,True,48.519051522631166,126.0565107498975,62,0.9870778196641994,1.0,0.9784630327736656,0.002361796774123034,0.0,63.0,62.0,0.015873015873015928,0.023499999999999965,64.51612903225806,0.07208320993100513,0.03225806451612903,0.13978494623655913,48.519051522631166,0.9882261711683511,0.9751438535972832,0.0,0.6401377736956194,0.21165380236017528,0.7497645451706398,4.516129032258064,0.015111306852663247,0.06789180183499965,-4.307755905953132
8,s8_sit,sit,10.0,17.69623198610393,True,28.37715908780752,127.65794814322346,77,0.985757763454348,1.0,0.97626293909058,0.003580979010238278,0.0,82.0,77.0,0.060975609756097615,0.02966666666666662,84.50704225352112,0.05134734897656281,0.028169014084507043,0.15492957746478872,28.37715908780752,0.9721842770840692,0.9394826526016383,0.0125,0.3709145721361888,-0.8488064155546131,0.7968966540624103,2.0070422535211208,0.02323303922883696,0.10591044422574214,-3.9807190998737085
8,s8_sit,sit,70.0,15.647348215363612,True,46.636895265444075,139.26072090541817,69,0.9843264772162239,1.0,0.9738774620270398,0.0033628134838787835,0.0,76.0,69.0,0.09210526315789469,0.06266666666666665,81.08108108108108,0.061915951394648505,0.04054054054054054,0.1891891891891892,46.636895265444075,0.9680830379651235,0.9229902863721939,0.02631578947368421,0.3708642670886103,-0.7120335088288523,0.787011977835124,1.4189189189189193,0.024459709261267427,0.11221613326387647,-3.9564046098599395
8,s8_sit,sit,130.0,24.10272134989334,True,86.92606255247728,166.29491874377882,58,0.9771773429609012,1.0,0.9619622382681685,0.0038542402265122786,0.0,74.0,58.0,0.21621621621621623,0.1243333333333333,84.50704225352112,0.0974923303581028,0.07042253521126761,0.43661971830985913,86.92606255247728,0.8391182655453879,0.5959668509560657,0.3013698630136986,0.27101199914703883,0.24829675013605534,0.464261684475521,5.492957746478879,0.02408361159221313,0.11455481870554785,-3.784706570224237
8,s8_sit,sit,190.0,33.57612726088055,True,134.46543191821598,138.8466001685975,43,0.9611281540422472,1.0,0.9352135900704119,0.006590416860735197,0.0,68.0,43.0,0.36764705882352944,0.28600000000000003,95.23809523809524,0.16154388779750914,0.1746031746031746,0.49206349206349204,134.46543191821598,0.7564641700620268,0.5091237446411933,0.4626865671641791,-0.3259123063863517,3.267382623862839,0.33784582857182127,5.238095238095241,0.028334855311827337,0.13658773155522042,-3.6543356534497358
8,s8_sit,sit,250.0,14.700066463216803,True,140.24638183941724,110.97213530798989,43,0.9532389505876262,1.0,0.9220649176460438,0.009195394195310048,0.016666666666666666,75.0,43.0,0.42666666666666664,0.16249999999999998,89.55223880597015,0.17019752568529176,0.16417910447761194,0.43283582089552236,140.24638183941724,0.7499816218466201,0.46164781909823194,0.4520547945205479,0.300051661571702,2.1895909628644032,0.380839995020723,0.4477611940298516,0.023710234263694945,0.10830479231773005,-3.931860092444132
8,s8_sit,sit,310.0,24.06164921535406,True,61.84347487500508,118.74342087037917,66,0.961677390620842,1.0,0.9361289843680702,0.00511538044556566,0.08333333333333333,76.0,66.0,0.13157894736842102,0.07533333333333325,82.1917808219178,0.0654325783029719,0.0410958904109589,0.3698630136986301,61.84347487500508,0.931075404833103,0.831295087878354,0.09333333333333334,-0.4447950959456464,11.299114668916848,0.713111846866086,0.30821917808219723,0.02206727908929505,0.1004180506581811,-4.022470032741922
8,s8_sit,sit,370.0,19.989770110998275,True,111.1080555135405,130.88640112708424,41,0.9748770861552288,1.0,0.9582527744421193,0.006417450131794756,0.2,63.0,41.0,0.3492063492063492,0.23349999999999993,82.1917808219178,0.131856326285373,0.1095890410958904,0.4520547945205479,111.1080555135405,0.8054051319805511,0.5695927449731314,0.3064516129032258,-0.7021952023206186,10.482809581222128,0.34221719290787583,7.191780821917803,0.021833154615091256,0.09659409362340021,-4.011076332085536
8,s8_run,run,10.0,18.45912052170355,True,137.21724173212135,133.1218560996975,22,0.9502570334456732,1.0,0.9170950557427888,0.005796471550651085,0.0,52.0,22.0,0.5769230769230769,0.5103333333333333,106.19469026548673,0.1887216457728383,0.17699115044247787,0.4778761061946903,137.21724173212135,0.6305041852770776,0.2156373876197065,0.6078431372549019,-0.9372106562312382,7.2981906854520755,0.2809691687319364,76.19469026548673,1.1681276335660533,6.0085044013254265,0.6628068542624668
8,s8_run,run,70.0,16.530962684391223,True,135.27749258468683,105.74785433119754,19,0.9497634588680696,1.0,0.9162724314467826,0.004373325929939081,0.15,57.0,19.0,0.6666666666666667,0.38249999999999995,92.3076923076923,0.16665297156206382,0.13076923076923078,0.47692307692307695,135.27749258468683,0.6546363236768281,0.34782202927325956,0.5892857142857143,-2.0881426253551796,23.959734208104113,0.40072470399877774,47.30769230769231,0.9582890435244339,4.89838563312429,0.4333347208995262
8,s8_run,run,130.0,20.062552781149286,True,186.16952196611268,101.79164239532861,23,0.9405823967247231,1.0,0.9009706612078717,0.0040737026964459,0.0,56.0,23.0,0.5892857142857143,0.3933333333333333,92.3076923076923,0.21550812294236305,0.25384615384615383,0.5384615384615384,186.16952196611268,0.6021261887403955,0.19387914659123265,0.7636363636363637,-0.5016317663336011,4.1751965540008165,0.6088042792172027,47.30769230769231,0.5855896403680853,2.784966241261454,0.04547172675766989
8,s8_run,run,190.0,20.702601313588225,True,158.74507866387543,124.62710336687209,45,0.9413935441886201,1.0,0.9023225736477003,0.0060069816598170185,0.0,74.0,45.0,0.3918918918918919,0.2353333333333334,96.7741935483871,0.16439967935437827,0.1693548387096774,0.6612903225806451,158.74507866387543,0.5827909932035307,0.18559311297508688,0.8333333333333334,7.397561294531425e-05,0.5818180186155115,0.3279236025976789,6.774193548387103,0.6613544772631749,3.10571438842719,0.18105875731147564
8,s8_run,run,250.0,16.47909098101028,True,117.18041645257965,112.87899125464696,33,0.9550587744608223,1.0,0.9273310190422168,0.007701291242607412,0.15,55.0,33.0,0.4,0.4041666666666667,92.3076923076923,0.12697780835906528,0.11538461538461539,0.4,117.18041645257965,0.6435135184518748,0.23287667449120844,0.5555555555555556,0.5345127566380078,19.315860312603338,0.5969209235553503,54.80769230769231,1.1399153550978256,6.60312038274209,0.6515640846509366
8,s8_run,run,310.0,23.86896044504428,True,,112.98326155366709,7,0.9586953356074818,1.0,0.9311588926791362,0.008221005819382,0.11666666666666667,41.0,7.0,0.8292682926829268,0.5968333333333333,101.69491525423729,0.16253863876998115,0.15254237288135594,0.15254237288135594,81.44527815247078,0.618869447339693,0.303277204782132,0.6341463414634146,-0.44834004056630644,6.539076115440434,0.41573344276459634,56.69491525423729,0.6345252088554864,2.963118232190128,0.1139155829303277
8,s8_run,run,370.0,18.33030277982555,True,124.23516007958456,123.28828005937953,33,0.9581121260167211,1.0,0.9301868766945351,0.004218453730942899,0.08333333333333333,64.0,33.0,0.484375,0.30666666666666664,92.3076923076923,0.12679822903050803,0.13846153846153847,0.47692307692307695,124.23516007958456,0.6800329397263606,0.35712867929278835,0.5873015873015873,-0.8862333345774885,13.62830912600187,0.5182206396268089,47.30769230769231,0.8648318327361145,4.175532372652237,0.37324277261279026
8,s8_walk,walk,10.0,21.330729007701443,True,178.86393625409144,109.00737908807905,27,0.9134827062757314,1.0,0.8558045104595522,0.001881023595607718,0.0,56.0,27.0,0.5178571428571428,0.34666666666666657,85.71428571428571,0.2230596558122099,0.11428571428571428,0.7428571428571429,178.86393625409144,0.7394243665730938,0.36967115307642473,0.4727272727272727,-1.274666810561079,17.941832378012435,0.35987997905939456,3.214285714285708,0.435191249197952,2.00516538821903,-0.19894368705286983
8,s8_walk,walk,70.0,28.002678443319788,True,115.48809462451098,93.11397728567633,17,0.9249461641231843,1.0,0.8749102735386405,0.0017513420454704988,0.0,58.0,17.0,0.7068965517241379,0.32333333333333325,85.71428571428571,0.1160331722242819,0.07857142857142857,0.4142857142857143,115.48809462451098,0.6918433951848753,0.288854910302189,0.5172413793103449,-0.18772353039703757,-0.09383775662146565,0.4818551731846632,3.214285714285708,0.41811905081630885,1.822937019498747,-0.24988752234569883
8,s8_walk,walk,130.0,19.238928339085433,True,200.82522060430864,130.66144723331152,14,0.9314336403575536,1.0,0.885722733929256,0.005695139966104748,0.0,48.0,14.0,0.7083333333333333,0.42399999999999993,83.33333333333333,0.178176145827957,0.2222222222222222,0.5277777777777778,200.82522060430864,0.706859894544896,0.2578036691943896,0.4782608695652174,-0.7094737956152438,6.149711251012368,0.49752457371882863,45.83333333333333,0.6658775621082621,3.7213770764792393,0.06656349972255407
8,s8_walk,walk,190.0,17.911660621139742,True,193.69047472707584,112.37528699943385,26,0.9493680192214521,1.0,0.9156133653690868,0.0018970169875859838,0.0,62.0,26.0,0.5806451612903225,0.22499999999999998,80.0,0.18567862166820248,0.17333333333333334,0.56,193.69047472707584,0.705751312639993,0.3429308518221715,0.5245901639344263,-0.20472371421098598,0.25418643072243086,0.39319160114525875,10.0,0.3949448778777377,1.708207562333211,-0.33657591527535285
8,s8_walk,walk,250.0,18.590803574029717,True,182.89341158171882,119.54078801814885,23,0.9467706312992912,1.0,0.9112843854988186,0.002269747508450836,0.08333333333333333,52.0,23.0,0.5576923076923077,0.3586666666666667,81.08108108108108,0.16767230509721723,0.1554054054054054,0.5675675675675675,182.89341158171882,0.69348985051726,0.24644733936756583,0.46153846153846156,0.4716374371750497,26.17981925183665,0.4755782482032546,43.58108108108108,0.9049752907563406,6.716187862188423,0.36916501136167496
8,s8_walk,walk,310.0,20.314383015574187,True,153.19328254914385,97.63452258294706,23,0.9383789367608664,1.0,0.8972982279347772,0.0022123942371194425,0.0,62.0,23.0,0.6290322580645161,0.43166666666666664,109.0909090909091,0.16804319240619503,0.22727272727272727,0.5818181818181818,153.19328254914385,0.7330021010678068,0.4338770981479798,0.43333333333333335,-0.5903089310742679,4.920635075952646,0.34595389510828045,64.0909090909091,0.42762374646433626,2.050949009221183,-0.27137079559705074
8,s8_walk,walk,370.0,21.177818584548266,True,139.97899002014134,107.11081772037441,18,0.932873142074478,1.0,0.8881219034574634,0.0023719630242305173,0.0,56.0,18.0,0.6785714285714286,0.482,108.10810810810811,0.18865049694747862,0.18018018018018017,0.4864864864864865,139.97899002014134,0.6663449897343646,0.26754611599277645,0.6,1.2365382823706657,16.16567921351636,0.5980353439802315,70.60810810810811,0.5765807375826563,3.5033985264487946,-0.05847176272034125
9,s9_walk,walk,10.0,30.906965336783077,True,299.4995826374387,174.87537090407332,12,0.9440926855007701,1.0,0.9068211425012835,0.0009997605181117824,0.0,69.0,12.0,0.8260869565217391,-0.5985,43.16546762589928,0.1732214138878767,0.17985611510791366,0.43884892086330934,299.4995826374387,0.8318403440013518,0.6676796297567684,0.27941176470588236,0.28061369552552945,-0.07295744826667816,0.43602934831461027,39.33453237410072,0.8096208656188042,3.6737247581738384,0.3510076048061275
9,s9_walk,walk,70.0,39.65988737587062,True,136.6731336237867,146.75538442300117,45,0.9157736001626462,1.0,0.8596226669377436,0.0009534752850930348,0.0,70.0,45.0,0.3571428571428571,0.10166666666666657,77.92207792207792,0.19936288565323246,0.11688311688311688,0.37662337662337664,136.6731336237867,0.7631103059818649,0.5477546271979459,0.5,0.07720577679583154,-0.35059635899711683,0.3570309725313575,4.577922077922082,0.9118139161319596,4.354200893239883,0.4619580401436728
9,s9_walk,walk,130.0,27.632726386801966,True,140.4358295529393,153.87224137792583,46,0.9628036062252108,1.0,0.9380060103753514,0.0008656875258654018,0.0,73.0,46.0,0.36986301369863017,0.0631666666666666,77.92207792207792,0.12466814799965076,0.09090909090909091,0.45454545454545453,140.4358295529393,0.7351023422487097,0.5070821481825653,0.5211267605633803,0.19315287289603664,-0.27556957004089,0.32824829064077576,2.922077922077918,0.9748614548739132,4.452286558262294,0.5387925753802707
9,s9_walk,walk,190.0,38.29250304529423,True,142.247583459263,180.11107683871083,33,0.9605997884270085,1.0,0.9343329807116809,0.0008086415395147335,0.0,64.0,33.0,0.484375,0.15733333333333344,75.9493670886076,0.13774204096141832,0.12658227848101267,0.3924050632911392,142.247583459263,0.7166730282849822,0.3891026151371933,0.6031746031746031,0.12462784040916301,0.06984853836374372,0.3345452254601288,23.4493670886076,0.8844943916807796,4.340761518758793,0.42065683260970654
9,s9_walk,walk,250.0,46.40382601135787,True,175.2064419400648,148.5976110171358,38,0.9557312844049847,1.0,0.9262188073416412,0.0009465616524580659,0.0,68.0,38.0,0.4411764705882353,0.09900000000000009,75.47169811320755,0.15974574227018054,0.1509433962264151,0.5408805031446541,175.2064419400648,0.6577132037593016,0.3293337889864736,0.6417910447761194,-0.05307677006499691,0.4547814739640508,0.29436532573796736,0.47169811320755173,1.0162932874672013,4.824860379319643,0.5613883120274034
9,s9_walk,walk,310.0,49.28445745343086,True,178.79867314172492,139.60659010233005,30,0.9504787494382045,1.0,0.9174645823970076,0.0009411253551367654,0.0,60.0,30.0,0.5,0.1150000000000001,67.79661016949153,0.16048018204410205,0.0903954802259887,0.4406779661016949,178.79867314172492,0.6548623286931216,0.3211374895867489,0.6779661016949152,-0.103362649118856,0.804324432192471,0.3472104176973037,15.29661016949153,0.9581146399283486,4.517008233257172,0.48523444035755864
9,s9_walk,walk,370.0,40.75452743989549,True,205.28841500029498,176.8728356758041,31,0.9501912844359532,1.0,0.916985474059922,0.0008641281289098889,0.0,57.0,31.0,0.45614035087719296,0.1925,70.58823529411765,0.17273026468137978,0.16470588235294117,0.5058823529411764,205.28841500029498,0.658427332238051,0.20360505113270735,0.5357142857142857,-0.378110587786093,5.7033401267004695,0.43380210036608996,18.088235294117652,0.8250940075359726,3.86968070473001,0.37057193303684177
9,s9_sit,sit,10.0,86.45047258706235,True,94.53487242950698,195.7300600578675,58,0.9767337325216292,1.0,0.9612228875360487,0.00068912645657679,0.0,59.0,58.0,0.016949152542372836,-0.007916666666666572,58.53658536585366,0.10775279448243012,0.06829268292682927,0.35121951219512193,94.53487242950698,0.95613511072437,0.9026893292062054,0.034482758620689655,0.47123794168667144,-0.7046570581066729,0.6667223530039509,1.4634146341463392,0.021535186031080733,0.10029305780810027,-4.148929744137225
9,s9_sit,sit,70.0,57.31729867389929,True,78.2867393580933,185.48409049319287,60,0.9619898971263512,1.0,0.9366498285439186,0.0007761797997448846,0.0,64.0,60.0,0.0625,0.05066666666666675,67.41573033707866,0.14188350217086118,0.0449438202247191,0.20224719101123595,78.2867393580933,0.9412630969631107,0.8670031601509629,0.031746031746031744,0.33336931169281453,-0.40871686879893465,0.483816038836612,7.4157303370786565,0.03205075560513029,0.148326169234684,-3.884599237563622
9,s9_sit,sit,130.0,68.33362181947767,True,73.3507182572363,202.88396871587653,62,0.9636247965173753,1.0,0.9393746608622922,0.0009133001772264068,0.0,63.0,62.0,0.015873015873015928,0.0024999999999999467,63.1578947368421,0.12521537713343975,0.042105263157894736,0.2,73.3507182572363,0.9394018457586559,0.8643822466743928,0.03225806451612903,0.3457437316159157,-0.6737363851362539,0.6372266734792592,3.1578947368421026,0.025524257299194015,0.12780476265006513,-3.9884212571513356
9,s9_sit,sit,190.0,59.144144686912504,True,94.73896610219687,203.80931110750964,54,0.9611755660801445,1.0,0.9352926101335742,0.00080561625198828,0.0,64.0,54.0,0.15625,0.040000000000000036,66.66666666666667,0.10601100076198718,0.07777777777777778,0.25555555555555554,94.73896610219687,0.8619437126434244,0.5694808895233712,0.19047619047619047,0.07443733585449427,0.11914946774870439,0.5223897043645396,0.8333333333333286,0.0356118790377828,0.18334115732029233,-3.9941931195696987
9,s9_sit,sit,250.0,50.78694995483034,True,84.37205738748233,180.0,60,0.9666853154757287,1.0,0.9444755257928812,0.0007992134533299267,0.0,66.0,60.0,0.09090909090909094,0.07050000000000001,71.00591715976331,0.10543226149640395,0.047337278106508875,0.33136094674556216,84.37205738748233,0.894037411783596,0.7763693614894115,0.15151515151515152,0.25205072991498784,-0.6606591233240797,0.6092053165457703,3.505917159763314,0.024265582915514384,0.11783388519319615,-4.009013736111169
9,s9_sit,sit,310.0,46.49512986807184,True,124.93446557957965,164.33399032871588,59,0.9675043577826563,1.0,0.9458405963044272,0.0009735469024675845,0.0,65.0,59.0,0.09230769230769231,0.12250000000000005,74.07407407407408,0.1084328557557362,0.05555555555555555,0.5185185185185185,124.93446557957965,0.8948955520419654,0.7531398146253769,0.16923076923076924,0.16489825156216445,-0.7280526045537035,0.5790957381652974,0.9259259259259238,0.03078633232997215,0.16352971834757568,-3.975263548298719
9,s9_sit,sit,370.0,77.96189545448989,True,90.49467229779727,116.61903789690601,29,0.9467546072762508,1.0,0.9112576787937514,0.0009926660726685558,0.0,70.0,29.0,0.5857142857142856,0.2533333333333333,93.75,0.14761621954713847,0.078125,0.375,90.49467229779727,0.7510004175515351,0.45423230092124084,0.391304347826087,-0.40797280369055433,0.9318804272558023,0.3665750677750364,26.25,0.033850570898844336,0.17628535610578666,-3.852587674308725
9,s9_run,run,10.0,19.177192335750515,True,160.0130203035574,205.07034440368543,49,0.949063537885702,1.0,0.9151058964761698,0.0011881013358650892,0.0,73.0,49.0,0.3287671232876712,0.19699999999999995,90.9090909090909,0.16597992819892596,0.12121212121212122,0.7727272727272727,160.0130203035574,0.7493806570347656,0.4709793168213753,0.4861111111111111,0.06992132358381135,0.06528660593213997,0.33371373805962,0.9090909090909065,2.0056026661676203,10.103009982756202,1.1389258551750383
9,s9_run,run,70.0,27.37688762265692,True,160.25922397142864,167.57940548545082,54,0.9482335642925476,1.0,0.913722607154246,0.0009574601120210063,0.0,82.0,54.0,0.3414634146341463,-0.07966666666666655,75.9493670886076,0.16070852952712064,0.12658227848101267,0.5443037974683544,160.25922397142864,0.7178948731740346,0.4581280307555549,0.6049382716049383,-0.039902299550054754,0.901642750464553,0.32545835424269215,51.5506329113924,2.664154176519457,13.412053773626432,1.3823110179870937
9,s9_run,run,130.0,33.18734698646001,True,175.9119097730452,146.05057079919007,41,0.9535810150954035,1.0,0.9226350251590059,0.0010599647596569845,0.0,75.0,41.0,0.45333333333333337,-0.012499999999999956,74.07407407407408,0.15891421104739586,0.1111111111111111,0.4691358024691358,175.9119097730452,0.6760081649664283,0.3233979425568955,0.6081081081081081,0.20840790415886618,0.04317348801652976,0.31794160291542245,53.425925925925924,2.2073455008768206,10.86121989400445,1.2013784365813323
9,s9_run,run,190.0,36.01249783061465,True,129.20016612539345,96.21690240125334,42,0.953923802790593,1.0,0.9232063379843216,0.0008109515935508329,0.0,77.0,42.0,0.4545454545454546,-0.23199999999999998,62.5,0.10211491883799016,0.08333333333333333,0.3645833333333333,129.20016612539345,0.7750806572387575,0.5191959134564413,0.4025974025974026,0.22834074130035717,0.11979658333138765,0.45283758183719197,57.5,2.3096252023959325,10.403081800649268,1.2577704957894127
9,s9_run,run,250.0,37.0329993110752,True,168.47578730812006,129.70662868107212,45,0.9686692254959368,1.0,0.947782042493228,0.0008146460060947328,0.0,66.0,45.0,0.31818181818181823,-0.10000000000000009,60.0,0.09928505757941634,0.11,0.45,168.47578730812006,0.7839376950315069,0.5045459430858756,0.3384615384615385,0.1853164402229737,-0.3252860032965019,0.4405421848673346,60.0,2.0299864695327905,9.36378044877246,1.1640217335340164
9,s9_run,run,310.0,33.85409871788317,True,188.38126233784504,193.55120502212648,41,0.9632437699270333,1.0,0.9387396165450556,0.0007761303039632065,0.0,70.0,41.0,0.41428571428571426,-0.1200000000000001,62.5,0.14300974100035363,0.125,0.4375,188.38126233784504,0.6798970949513009,0.29218224265485276,0.5942028985507246,0.06328724098499379,-0.12828372907575103,0.3264044985206065,2.5,1.35923926447728,6.445598921192597,0.7931924334280366
9,s9_run,run,370.0,34.583232931587425,True,162.08576393932586,177.67546659168065,40,0.9519343032372223,1.0,0.9198905053953705,0.0006642753271938874,0.0,67.0,40.0,0.4029850746268657,0.0005833333333332691,67.0391061452514,0.16745159965629872,0.1452513966480447,0.3687150837988827,162.08576393932586,0.6882260977043587,0.27995223576660044,0.5,0.29169626453770325,0.3667613613733369,0.35326811109501727,7.039106145251395,1.448474302446181,6.569258801220768,0.8388159979917756
10,s10_run,run,10.0,8.195120499419273,True,44.12899750790439,97.57374093799478,96,0.9833601399285956,1.0,0.9722668998809927,0.007765940845612815,0.0,99.0,96.0,0.030303030303030276,0.03475000000000006,102.56410256410257,0.05730658231472907,0.05128205128205128,0.23931623931623933,44.12899750790439,0.9466682856711952,0.8805793270703702,0.02040816326530612,0.3006563868322497,-0.6830198851888021,0.7156862461483138,2.435897435897431,4.690667108641172,17.84601968623178,1.9318509479485615
10,s10_run,run,70.0,10.31085474100964,True,53.812123920646954,70.59834972665426,95,0.980057031606684,1.0,0.9667617193444733,0.007763444597674132,0.0,100.0,95.0,0.050000000000000044,0.04999999999999993,105.26315789473684,0.06288927498778246,0.05263157894736842,0.2807017543859649,53.812123920646954,0.9325006516374829,0.8602974450875979,0.050505050505050504,0.30400893406713303,-0.7230034421327769,0.7266809720122549,0.2631578947368354,4.871636964116032,19.10813160842116,1.9595280495816456
10,s10_run,run,130.0,16.388839477093526,True,37.78888725538237,96.8003744827467,101,0.9849267213708172,1.0,0.974877868951362,0.00804276400779488,0.0,102.0,101.0,0.009803921568627416,0.014000000000000012,103.44827586206897,0.055016778992688774,0.034482758620689655,0.22413793103448276,37.78888725538237,0.965702457883017,0.9358210647394443,0.0,0.44619979607533766,-0.8434604212435461,0.7641122057165781,1.551724137931032,4.182295630718054,16.028275908628704,1.838101957536274
10,s10_run,run,190.0,13.505554412903482,True,49.563753455177874,84.994553202391,100,0.9837902989327314,1.0,0.9729838315545525,0.007917898259973508,0.0,101.0,100.0,0.00990099009900991,0.006833333333333358,101.69491525423729,0.058518093883427935,0.06779661016949153,0.23728813559322035,49.563753455177874,0.9482640839411368,0.9005900971742551,0.010101010101010102,0.4237276379040912,-0.578635643742671,0.7194513553662863,3.305084745762713,4.0235122136387895,15.235196812206024,1.809359180693762
10,s10_run,run,250.0,15.898669025042961,True,55.59159587487027,78.00759697096935,95,0.979210811565123,1.0,0.9653513526085384,0.008683087371080686,0.0,98.0,95.0,0.030612244897959218,0.020000000000000018,100.0,0.06696104580120842,0.06666666666666667,0.21666666666666667,55.59159587487027,0.9278581945119013,0.8376937277504183,0.030927835051546393,0.45870218296471665,-0.4156641934859544,0.6687054703732404,2.5,4.72816766898476,18.396115873687513,1.938284025473678
10,s10_run,run,310.0,13.364131097829906,True,63.09811842693574,67.33955289883788,103,0.9782246759696158,1.0,0.963707793282693,0.011102694667813775,0.0,103.0,103.0,0.0,-0.012833333333333252,101.69491525423729,0.06930499325201986,0.0847457627118644,0.288135593220339,63.09811842693574,0.922531705238477,0.8368987840304181,0.07920792079207921,0.46949651817249977,-0.6147562848567243,0.621820470405746,4.194915254237287,5.385168199765676,20.720119589362398,2.0502499122684914
10,s10_run,run,370.0,10.161078916750101,True,43.22403071999612,77.51458339111339,102,0.9851975013838908,1.0,0.9753291689731514,0.012288538194989953,0.0,102.0,102.0,0.0,0.014000000000000012,103.44827586206897,0.04823068233568504,0.05172413793103448,0.1896551724137931,43.22403071999612,0.9327278372418378,0.8622921192299509,0.019801980198019802,0.4925467887393489,-0.648794166132515,0.685024039410103,1.551724137931032,5.473525985201622,20.80371973598996,2.0622593187958533
10,s10_walk,walk,10.0,14.317008911991804,True,88.04387620914378,75.20985134362675,59,0.9791484931938321,1.0,0.9652474886563869,0.0028915641457204714,0.0,78.0,59.0,0.2435897435897436,0.10299999999999998,86.95652173913044,0.0940009409809907,0.043478260869565216,0.34782608695652173,88.04387620914378,0.7187039173287019,0.46901129284228016,0.6447368421052632,0.10011054079079036,1.5261347837056851,0.4978467644218213,3.0434782608695627,0.4078314020595641,1.7808991959455174,-0.21772119629335113
10,s10_walk,walk,70.0,10.421870495039833,True,48.78524367060187,81.99303106275035,71,0.974812794170974,1.0,0.95802132361829,0.00250680865979609,0.0,81.0,71.0,0.12345679012345678,0.12249999999999994,92.3076923076923,0.05952076407476767,0.03076923076923077,0.3384615384615385,48.78524367060187,0.8197560653181825,0.6784738602213656,0.2962962962962963,0.30723195932592645,0.1381899153632835,0.46288980172488986,2.3076923076923066,0.34682968160988303,1.4869849903416448,-0.3641582690641978
10,s10_walk,walk,130.0,19.731133952686125,True,66.93762141942544,180.63945373283755,63,0.9785580454714905,1.0,0.9642634091191509,0.001989584835920241,0.0,78.0,63.0,0.1923076923076923,0.08999999999999997,85.71428571428571,0.07643402762588505,0.04285714285714286,0.32857142857142857,66.93762141942544,0.7902570615841353,0.4954793620293753,0.34615384615384615,0.5630447557171444,0.5648651032049194,0.4828633337763015,3.214285714285708,0.2573178772643474,1.110253046730067,-0.6619635859260208
10,s10_walk,walk,190.0,12.163737983828147,True,128.03082399130255,137.4422955839454,38,0.9651391875369986,1.0,0.9418986458949977,0.0019651428662306285,0.0,67.0,38.0,0.4328358208955224,0.14016666666666666,77.92207792207792,0.13873836881683638,0.11688311688311688,0.36363636363636365,128.03082399130255,0.6450866397072816,0.051769275099458764,0.5,-0.017530822754846933,0.3951003903974293,0.44751914264075804,2.922077922077918,0.3297211271501321,1.4752650983671085,-0.4265717959600182
10,s10_walk,walk,250.0,16.90576463958023,True,44.11523371981436,212.96203931376888,66,0.9665759131871485,1.0,0.9442931886452477,0.002341767093362786,0.0,76.0,66.0,0.13157894736842102,0.08799999999999997,83.33333333333333,0.05090733529368436,0.027777777777777776,0.3055555555555556,44.11523371981436,0.8273503875667194,0.6955528293495221,0.2894736842105263,0.4891780611227242,0.2833667582373711,0.411665098850529,0.8333333333333286,0.2587810647239773,1.1461309954897096,-0.6397512217030686
10,s10_walk,walk,310.0,17.810244784315785,True,29.651657276125043,225.09826913868255,78,0.986523942891442,1.0,0.9775399048190698,0.0027950918665311294,0.0,82.0,78.0,0.04878048780487809,0.02966666666666662,84.50704225352112,0.052446223284924376,0.028169014084507043,0.09859154929577464,29.651657276125043,0.8967165766825553,0.8022992080312537,0.1,0.5861244731628785,0.019235028651042096,0.4992504770536293,2.0070422535211208,0.2588296333730288,1.15497736449168,-0.6550196524870748
10,s10_walk,walk,370.0,14.997188491539022,True,115.19282857496833,177.2396369012555,50,0.9796735619953603,1.0,0.9661226033256005,0.0017181730685844414,0.0,71.0,50.0,0.295774647887324,0.15983333333333327,84.50704225352112,0.10470683560070121,0.04225352112676056,0.5070422535211268,115.19282857496833,0.7692460545142303,0.48626787021782936,0.4084507042253521,0.3550903506725628,3.301826954241455,0.3270563289163401,17.00704225352112,0.241367112602361,1.1147262963773414,-0.7118377884100614
10,s10_sit,sit,10.0,20.106047959680623,True,23.45207879911715,37.66629793329841,81,0.9835260987823351,1.0,0.9725434979705585,0.005452390041527084,0.0,81.0,81.0,0.0,0.027999999999999914,83.33333333333333,0.08027770297415958,0.013888888888888888,0.1111111111111111,23.45207879911715,0.9908052995879725,0.9810752845636245,0.0,0.8381806669359732,1.5837566608227984,0.7992919550494381,8.333333333333329,0.02474947249755333,0.11272734631558734,-4.051715437044287
10,s10_sit,sit,70.0,28.891248248425267,True,26.299556396765833,74.90506812472191,73,0.9776324966875395,1.0,0.9627208278125658,0.007036770251405842,0.0,73.0,73.0,0.0,-0.02200000000000002,71.42857142857143,0.08979747760748018,0.023809523809523808,0.08333333333333333,26.299556396765833,0.9938205028927811,0.9868207005517452,0.0,0.7337114136273348,0.1698188981358073,0.8136874526992449,3.9285714285714306,0.023710183820217945,0.10727968245076092,-4.088977189162855
10,s10_sit,sit,130.0,26.22873742036923,True,27.06413738635563,68.7749954561976,78,0.9773520618832522,1.0,0.9622534364720869,0.008131769857698888,0.0,78.0,78.0,0.0,-0.007500000000000062,77.41935483870968,0.06933648231910133,0.025806451612903226,0.1032258064516129,27.06413738635563,0.9943122746866487,0.9889706213919646,0.0,0.5204919051398857,-0.6809161384581155,0.7993278794814591,2.4193548387096797,0.02520089929099927,0.11602804950371137,-3.957463114395427
10,s10_sit,sit,190.0,29.17062517558222,True,29.975114056272865,75.49834435270749,68,0.9778596224837136,1.0,0.9630993708061895,0.012026052626140782,0.0,68.0,68.0,0.0,-0.0086666666666666,67.41573033707866,0.05653341671950947,0.02247191011235955,0.10112359550561797,29.975114056272865,0.9983284360123217,0.9968019729295092,0.0,0.81566985760354,-0.6470267488295529,0.8013296161947784,0.08426966292134352,0.021840982562283225,0.09982595796694405,-4.101324211012708
10,s10_sit,sit,250.0,27.467539995872055,True,28.307831660749528,63.65022664021984,76,0.9837370403130576,1.0,0.9728950671884296,0.011449444256867518,0.0,76.0,76.0,0.0,-0.01333333333333342,75.0,0.049167533799762145,0.025,0.1,28.307831660749528,0.9977841486700454,0.9954810824987342,0.0,0.7705725784038651,-0.655034056154391,0.815305183949791,0.0,0.021364432625632913,0.09745822409749394,-4.0711552106250535
10,s10_sit,sit,310.0,27.390629334541103,True,28.260044886487734,34.852630924407144,74,0.9827378674764258,1.0,0.9712297791273763,0.011648563223282445,0.0,74.0,74.0,0.0,0.0010000000000000009,74.07407407407408,0.06084947057744993,0.024691358024691357,0.08641975308641975,28.260044886487734,0.9977087618008947,0.9962436054941408,0.0,0.8342062156201996,-0.5071825731731061,0.7877230481652024,0.9259259259259238,0.021595159438959934,0.09925101267968728,-4.03763214543201
10,s10_sit,sit,370.0,25.63959611399476,True,26.868528210886023,45.579214437420866,74,0.984564178730122,1.0,0.9742736312168698,0.011828122812825487,0.0,74.0,74.0,0.0,0.0010000000000000009,74.07407407407408,0.05340062946493798,0.024691358024691357,0.09876543209876543,26.868528210886023,0.9980372211454962,0.995812790160592,0.0,0.8524733359548174,-0.5060190066095158,0.7876345255532997,0.9259259259259238,0.02119483422131692,0.09654936095032163,-4.044145691764281
11,s11_sit,sit,10.0,48.024752072178046,True,76.26064695837431,154.009476717892,52,0.9744363040394903,1.0,0.9573938400658173,0.0012458278121230224,0.0,62.0,52.0,0.16129032258064513,0.11133333333333328,69.76744186046511,0.09780249209770815,0.06976744186046512,0.2441860465116279,76.26064695837431,0.8804456142964682,0.714629581129273,0.18032786885245902,-0.059735500597691685,-0.2515373615681762,0.6524680195626457,2.2674418604651123,0.047584355132541,0.15017600229359118,-2.8505308883087728
11,s11_sit,sit,70.0,31.83202440589877,True,44.39833466710346,143.46892811104894,67,0.9781679889374915,1.0,0.963613314895819,0.0015845831939215547,0.0,70.0,67.0,0.042857142857142816,0.05500000000000005,74.07407407407408,0.06647510334180505,0.024691358024691357,0.18518518518518517,44.39833466710346,0.9613420989843243,0.9015553639151178,0.02857142857142857,0.27905546199023573,-0.818261686307606,0.7806502111941143,0.9259259259259238,0.03690792958106012,0.1664464748674952,-3.2285735725791023
11,s11_sit,sit,130.0,35.26952500303088,True,37.73340063934768,147.03356053815844,64,0.9707787776716217,1.0,0.9512979627860361,0.0019613151222655396,0.0,66.0,64.0,0.030303030303030276,0.02650000000000008,67.79661016949153,0.0750817333040739,0.03389830508474576,0.0903954802259887,37.73340063934768,0.9908255741895176,0.9795843043445008,0.0,0.42489091090354975,-1.0386461913551732,0.7895377435739608,0.2966101694915295,0.05059884972541122,0.15271551141927375,-3.2300138222942327
11,s11_sit,sit,190.0,30.00676252282975,True,32.32533891905673,117.6128687059622,70,0.9786115487065223,1.0,0.9643525811775372,0.001982606894292047,0.0,71.0,70.0,0.014084507042253502,0.02375000000000005,72.72727272727273,0.07392713431944734,0.024242424242424242,0.10909090909090909,32.32533891905673,0.993152154489723,0.9862292435945054,0.0,0.4354595307677863,-0.9289038597338459,0.7847576333632846,5.227272727272734,0.026521222994738344,0.12516225786949242,-3.863037516616977
11,s11_sit,sit,250.0,47.80123164186222,True,43.63145314682636,97.32676918505001,55,0.9723109574550082,1.0,0.9538515957583469,0.0016291217443219685,0.0,64.0,55.0,0.140625,0.1466666666666666,75.0,0.10658205574274984,0.0375,0.1375,43.63145314682636,0.9552341198591274,0.8808783956612909,0.046875,0.45116977824450205,0.0013945028798461045,0.6397775735659816,7.5,0.03601071035108508,0.1806216438830468,-3.4483875955877585
11,s11_sit,sit,310.0,31.05951276715766,True,49.29004155730964,111.15423139896536,62,0.9757565382401843,1.0,0.9595942304003071,0.0011745763301213433,0.0,71.0,62.0,0.12676056338028174,0.07108333333333339,76.43312101910828,0.05394851511064836,0.03821656050955414,0.16560509554140126,49.29004155730964,0.9337811519650735,0.8298037926778795,0.07042253521126761,0.23313496747394066,-0.6764792368456907,0.6774536677359949,1.4331210191082846,0.03124764801079885,0.15021788444169104,-3.6086785614250965
11,s11_sit,sit,370.0,35.89635002622218,True,35.75027540846115,121.30899808288343,74,0.9814854398787347,1.0,0.9691423997978912,0.00152207141995342,0.0,75.0,74.0,0.013333333333333308,0.0,75.0,0.07944410016685456,0.025,0.1875,35.75027540846115,0.9838190518488125,0.9723945445392078,0.0,0.35816695400071874,-0.7983580907425276,0.7532055981106872,0.0,0.027131262594552983,0.12862518531929368,-3.881815667817239
11,s11_walk,walk,10.0,22.234873743504576,True,182.51171555763065,160.26420493864305,20,0.956506347158933,1.0,0.9275105785982217,0.004765574073489569,0.0,48.0,20.0,0.5833333333333333,0.29999999999999993,68.57142857142857,0.1536791591290676,0.16,0.38857142857142857,182.51171555763065,0.6518532902154927,0.2051089409955368,0.6808510638297872,-0.26431927405501277,0.17783077791229696,0.47945130199166724,38.57142857142857,0.3412809709523709,1.7440844896066618,-0.4965608260386478
11,s11_walk,walk,70.0,25.524374054734682,True,213.7755832643195,240.9801414461959,10,0.9541564132777921,1.0,0.9235940221296536,0.005113023925044936,0.0,45.0,10.0,0.7777777777777778,0.38875000000000004,73.61963190184049,0.1591089039166614,0.0736196319018405,0.5766871165644172,213.7755832643195,0.6831867431003121,0.43450663378544396,0.6444444444444445,-0.08017398207502839,0.3938954711711795,0.34493177680094045,43.61963190184049,0.3540561322943604,1.7899056196485645,-0.41695469756770515
11,s11_walk,walk,130.0,16.280764451929425,True,135.56151030776795,207.84609690826528,14,0.9505857697413969,1.0,0.9176429495689946,0.0036817096673429535,0.0,45.0,14.0,0.6888888888888889,0.41125,76.43312101910828,0.13612055900694112,0.16560509554140126,0.267515923566879,135.56151030776795,0.7570004528248999,0.40568140774660655,0.4222222222222222,-0.21203709175492977,0.12717704679429565,0.5206783247140143,46.433121019108285,0.3392549883606469,1.7335691623809666,-0.4432924515268742
11,s11_walk,walk,190.0,22.00985540478963,True,208.72059245384898,162.36236775046876,15,0.9518210837681779,1.0,0.9197018062802965,0.004486107315800024,0.0,45.0,15.0,0.6666666666666667,0.4,75.0,0.1697666158364579,0.19375,0.4125,208.72059245384898,0.6201101864837878,0.28669435030986057,0.6666666666666666,-0.40497622420384816,1.3488303530689967,0.35527057543225465,45.0,0.4439967470769264,2.0070228068513742,-0.18078655745275593
11,s11_walk,walk,250.0,18.349547197490256,True,161.69243780846537,151.98684153570665,10,0.9472169805755137,1.0,0.9120283009591896,0.005472041132127615,0.0,53.0,10.0,0.8113207547169812,0.3684166666666667,83.91608391608392,0.1563134894187513,0.1958041958041958,0.3776223776223776,161.69243780846537,0.6917938913593354,0.470261737634297,0.7115384615384616,-0.11222775318912771,0.9575953887709105,0.35748310216458834,53.91608391608392,0.4945317708485537,2.5979780076813324,-0.1283050799209377
11,s11_walk,walk,310.0,19.267539937369104,True,116.53325705565771,,11,0.9415657016219534,1.0,0.9026095027032557,0.005659619254112708,0.0,46.0,11.0,0.7608695652173914,0.5553333333333333,103.44827586206897,0.11819678033524468,0.13793103448275862,0.43103448275862066,116.53325705565771,0.6705054563568783,0.3265876767836896,0.5652173913043478,-0.2716340164644707,1.008202562756236,0.3930907991689085,73.44827586206897,0.5338052258080823,2.604696760337177,-0.06493413912589788
11,s11_walk,walk,370.0,30.593329456416495,True,136.19838471876236,171.35489488193792,15,0.9383339729100043,1.0,0.8972232881833405,0.0035630146288787813,0.0,49.0,15.0,0.6938775510204082,0.5181666666666667,101.69491525423729,0.1795748775753585,0.211864406779661,0.4576271186440678,136.19838471876236,0.6621481974036242,0.33087520717219854,0.6326530612244898,-0.2961173513760767,1.8737309623841494,0.2987446239057787,71.69491525423729,0.5280048713777002,2.5306497016344593,-0.09162736192251977
11,s11_run,run,10.0,13.476245597432593,True,129.4990347454374,134.40276248687212,41,0.9510009366277864,1.0,0.918334894379644,0.00653765887054549,0.0,65.0,41.0,0.36923076923076925,0.07916666666666672,70.58823529411765,0.13206050995335494,0.10588235294117647,0.3764705882352941,129.4990347454374,0.7531777576254627,0.48193063137719633,0.46153846153846156,-0.29957564475575016,0.4782159793174805,0.4405705714211318,3.088235294117652,1.8707922078978405,9.629681842091667,1.080534158025922
11,s11_run,run,70.0,16.430977192310845,True,123.62577940435132,215.21952616908263,37,0.9474639990190112,1.0,0.9124399983650187,0.006961102918196517,0.0,67.0,37.0,0.4477611940298507,0.263,90.9090909090909,0.15377254207290444,0.12878787878787878,0.4090909090909091,123.62577940435132,0.7407858283436818,0.4416349053195409,0.5,0.16091108436316998,0.8412098187357575,0.3250474483903852,38.40909090909091,1.460973283329165,7.1666082051813325,0.8408841708258052
11,s11_run,run,130.0,16.4463600416826,True,142.0646083342944,240.04166305039632,18,0.9419174787463246,1.0,0.9031957979105409,0.009173804634569162,0.0,64.0,18.0,0.71875,0.376,102.56410256410257,0.15006162442230309,0.2222222222222222,0.37606837606837606,142.0646083342944,0.7131669052895686,0.28934194513598066,0.47619047619047616,-0.021258259559546487,0.01850023007117141,0.5013008125685549,50.06410256410257,1.7032786592226357,8.562605418455135,1.0032212030028878
11,s11_run,run,190.0,28.64657930755662,True,158.51994016076156,179.794568762579,22,0.9490738382569153,1.0,0.9151230637615255,0.008463510828167424,0.0,55.0,22.0,0.6,0.3354166666666667,82.75862068965517,0.16430372992899564,0.13793103448275862,0.41379310344827586,158.51994016076156,0.6685348486372308,0.17654172784517033,0.5370370370370371,-0.3516659124224936,1.3909922480480068,0.4170809254668759,30.258620689655174,1.6078436516776093,8.356486298934222,0.9615310864644745
11,s11_run,run,250.0,18.939710760149694,True,189.43852966526933,143.6736067033813,24,0.944509267736545,1.0,0.907515446227575,0.008464094874716246,0.0,59.0,24.0,0.5932203389830508,0.23791666666666667,77.41935483870968,0.157466522843351,0.18064516129032257,0.45161290322580644,189.43852966526933,0.640844202713504,0.2997090427860916,0.6724137931034483,0.005184586912665381,-0.04824175360166194,0.4893089245108112,24.91935483870968,1.5078351055229704,7.549341748918146,0.8839295296194492
11,s11_run,run,310.0,23.707047399151577,True,162.49009293809362,168.21252790875758,34,0.9407857760430103,1.0,0.9013096267383505,0.008336412331530091,0.0,62.0,34.0,0.4516129032258065,0.21983333333333333,79.47019867549669,0.21700670919115198,0.11920529801324503,0.5827814569536424,162.49009293809362,0.7493493258564583,0.37613107228961545,0.41935483870967744,0.5083162243262925,1.0209443742432365,0.4502965123073981,34.47019867549669,1.3035238270452918,6.327871959803076,0.7720408918782958
11,s11_run,run,370.0,13.709612991330513,True,149.07847008841497,191.2490273862601,42,0.9393044893723723,1.0,0.8988408156206207,0.007102125741658763,0.0,66.0,42.0,0.36363636363636365,0.241,86.95652173913044,0.13961926996904425,0.15942028985507245,0.4927536231884058,149.07847008841497,0.7650188732993503,0.6050024806893652,0.48484848484848486,0.43788638192619705,0.9832609531272039,0.3967424863928995,3.0434782608695627,1.135396343152074,5.802746596239125,0.6281200046539099
11,s11_run,run,430.0,14.772696373360501,True,118.45674315968678,155.9700826013331,26,0.9623404834939102,1.0,0.9372341391565171,0.007792667500724151,0.0,58.0,26.0,0.5517241379310345,0.3330000000000001,86.95652173913044,0.10033183309968677,0.10144927536231885,0.5072463768115942,118.45674315968678,0.7232800120232172,0.3901159170492582,0.5344827586206896,0.2341427069211076,0.14527583573215352,0.34557780313838,34.45652173913044,1.2145855460954833,6.207789326935609,0.7034025808829816
12,s12_walk,walk,10.0,11.047466299016595,True,221.63828507675453,253.92217427439317,18,0.9710633996195497,1.0,0.9517723326992495,0.004848991570226335,0.0,56.0,18.0,0.6785714285714286,-0.18066666666666653,47.430830039525695,0.12400915632018948,0.13438735177865613,0.308300395256917,221.63828507675453,0.7291044713346718,0.5061396245357351,0.5818181818181818,0.5617727238227496,3.9027503575323284,0.36178403644589485,2.430830039525695,0.6569585420341354,3.058694607630043,0.10965969844191674
12,s12_walk,walk,70.0,10.852070855852732,True,289.28647854102456,189.6707673839066,16,0.9597459660370212,1.0,0.9329099433950354,0.0032732464569524564,0.0,64.0,16.0,0.75,-0.3653333333333333,46.875,0.14994300065178556,0.1875,0.453125,289.28647854102456,0.6651535135890472,0.3795657404770372,0.640625,-0.2393725620493352,-0.5278004768411706,0.39703248188779566,9.375,0.5638239833422739,2.4123567602607547,-0.00952426224201388
12,s12_walk,walk,130.0,11.394529131021983,True,213.60009363293827,192.372406693743,21,0.9579681500346344,1.0,0.9299469167243906,0.0038731005013325315,0.0,63.0,21.0,0.6666666666666667,-0.19700000000000006,52.63157894736842,0.15676653033448368,0.13157894736842105,0.5175438596491229,213.60009363293827,0.5914573860044137,0.1418713502656194,0.7377049180327869,0.10720618688153918,2.9329000985086067,0.561801813077036,15.131578947368418,0.7540718316177788,3.405403812818646,0.19393529660827283
12,s12_walk,walk,190.0,13.949004001851494,True,292.05212624537495,141.5844406923086,19,0.9547665007439378,1.0,0.9246108345732296,0.004366856878036743,0.0,52.0,19.0,0.6346153846153846,-0.040000000000000036,50.0,0.1613240324434296,0.18333333333333332,0.44166666666666665,292.05212624537495,0.6183801039905094,0.257598598163338,0.7307692307692307,0.12510538707517363,2.7076760558049626,0.42243823825253335,12.5,0.6209925231631798,2.9429746914959125,0.08545744539772822
12,s12_walk,walk,250.0,12.309950597827553,True,212.36760581595303,193.77377495953615,30,0.9517827662291902,1.0,0.919637943715317,0.0035460570319054696,0.0,58.0,30.0,0.48275862068965514,-0.07783333333333342,53.81165919282511,0.16562874869867916,0.16143497757847533,0.35874439461883406,212.36760581595303,0.5840020581466517,0.18200088899386332,0.8103448275862069,-0.5289561354741226,0.02057182841715388,0.5848038504992424,8.811659192825111,0.7307691962460409,3.3822882333714848,0.1509813586305175
12,s12_walk,walk,310.0,16.654757650021143,True,256.87221206921805,221.76290915928183,25,0.9425996525250009,1.0,0.9043327542083348,0.0039683475522337315,0.0,60.0,25.0,0.5833333333333333,-0.09999999999999987,54.54545454545455,0.22001748058810042,0.21818181818181817,0.43636363636363634,256.87221206921805,0.6280317866352702,0.25228582669512906,0.7241379310344828,-0.41788576866697563,-0.46537188630487636,0.6794803171719856,9.545454545454547,1.1169038536844782,5.417716963788555,0.5124591164599374
12,s12_walk,walk,370.0,9.11681298863154,True,163.80476183554617,199.64783810314415,26,0.9415421649883132,1.0,0.902570274980522,0.003519134306295466,0.0,56.0,26.0,0.5357142857142857,-0.19933333333333336,46.69260700389105,0.09214466815665895,0.0933852140077821,0.29571984435797666,163.80476183554617,0.6863749162307068,0.38535151541677154,0.6428571428571429,-0.4297968046612646,-0.2590773462285205,0.6128699140787107,1.6926070038910481,0.8016651242230914,3.79311893005176,0.24298276217519288
12,s12_run,run,10.0,11.736572175757598,True,74.29097479620397,210.89552645071228,48,0.977519372444023,1.0,0.9625322874067049,0.005572340339776894,0.0,68.0,48.0,0.2941176470588235,0.21233333333333337,86.33093525179856,0.06679643841479016,0.10071942446043165,0.2014388489208633,74.29097479620397,0.8840259953422134,0.747447301175989,0.11764705882352941,-0.001574822675280246,-0.17577380036702328,0.43710489512572265,3.6690647482014356,1.1663165186470024,5.351766910758951,0.5923025023253973
12,s12_run,run,70.0,19.60060988964176,True,70.63993204979744,216.8484627890027,51,0.9797905807493212,1.0,0.966317634582202,0.007910124170728058,0.0,71.0,51.0,0.2816901408450704,0.1835,86.95652173913044,0.06311891256574528,0.10144927536231885,0.18840579710144928,70.63993204979744,0.8541248900514299,0.7194399627583197,0.34782608695652173,0.05531867973433462,-0.5228180260296154,0.43714929820170173,3.0434782608695627,1.1690247569607575,5.447744226966726,0.595661880581252
12,s12_run,run,130.0,11.457431093952165,True,76.3544366752843,198.3167805672164,41,0.9813694157773398,1.0,0.9689490262955663,0.008519495914331389,0.0,65.0,41.0,0.36923076923076925,0.24166666666666659,85.71428571428571,0.0659125896511432,0.1,0.18571428571428572,76.3544366752843,0.8442666121132915,0.7012198713669877,0.3384615384615385,0.05586405064036268,-0.49918471464965064,0.5361469018677248,33.21428571428571,1.2298649243746569,5.663392131706304,0.6315532629464193
12,s12_run,run,190.0,11.535452599123385,True,138.01108224896078,194.374369063509,18,0.9750177708726361,1.0,0.9583629514543934,0.0058646073412104635,0.0,50.0,18.0,0.64,0.4125,85.1063829787234,0.13048763181763595,0.15602836879432624,0.3262411347517731,138.01108224896078,0.7840408082511531,0.4867810537633107,0.30612244897959184,0.15085034782302442,1.1858180690477624,0.5968044486777412,32.6063829787234,1.5788467299092235,7.500820960502679,0.8335241615717587
12,s12_run,run,250.0,12.356448445325185,True,92.85332051378013,216.8387594943478,24,0.9702099366578432,1.0,0.9503498944297386,0.006962824864714171,0.0,57.0,24.0,0.5789473684210527,0.354,88.23529411764706,0.1104035477237297,0.10294117647058823,0.3235294117647059,92.85332051378013,0.7696990696452415,0.4439356844422573,0.42857142857142855,-0.14139756554922212,0.1812352223910314,0.6046201074748504,35.73529411764706,1.4378187882321438,6.9125409507992135,0.7325325903930359
12,s12_run,run,310.0,11.587610938967327,True,76.87198661138787,207.23746867073203,44,0.9674890775423253,1.0,0.9458151292372089,0.006586230037354849,0.0,68.0,44.0,0.3529411764705882,0.21799999999999997,86.95652173913044,0.09280967847397369,0.07246376811594203,0.30434782608695654,76.87198661138787,0.8754990804818705,0.735188978080423,0.208955223880597,-0.13360424689924555,0.10480378131396284,0.44488713520240986,34.45652173913044,1.632145166253195,7.731653703005182,0.8237100953362678
12,s12_run,run,370.0,11.922095605904973,True,58.756044176516234,221.89621680975716,45,0.9757334282517345,1.0,0.9595557137528908,0.0058689887257437874,0.0,66.0,45.0,0.31818181818181823,0.252,88.23529411764706,0.05754688988434616,0.058823529411764705,0.20588235294117646,58.756044176516234,0.8840062629319445,0.7637375953150811,0.15151515151515152,-0.01443642318628618,-0.015211993216840636,0.502305472532914,1.764705882352942,1.5882825057710719,7.7553751471879595,0.8078769479612644
12,s12_sit,sit,10.0,22.945127440034785,True,26.616737294893078,76.29082418661149,72,0.9771399329888579,1.0,0.9618998883147631,0.004846213359316869,0.0,72.0,72.0,0.0,-0.008000000000000007,71.42857142857143,0.07147773540322593,0.023809523809523808,0.10714285714285714,26.616737294893078,0.9951251267659368,0.9892542206230199,0.0,0.5711741606983908,-0.6075276616120795,0.7805512479930196,3.9285714285714306,0.020408130861309694,0.09447573279205557,-3.8840200891181533
12,s12_sit,sit,70.0,22.42669217114336,True,22.677868380553633,44.230510150449476,71,0.9905608213111468,1.0,0.984268035518578,0.005033800797478024,0.0,71.0,71.0,0.0,0.006000000000000005,71.42857142857143,0.03158593878719969,0.023809523809523808,0.07142857142857142,22.677868380553633,0.9981393609322115,0.9957708850045709,0.0,0.7588185285026435,-0.7349134912985948,0.7821035267833778,3.9285714285714306,0.02181135442443201,0.060059781590355854,-3.917605094058123
12,s12_sit,sit,130.0,23.62319951986969,True,24.213660810852492,38.87105483659517,74,0.9906513805798504,1.0,0.9844189676330839,0.00507792497990453,0.0,74.0,74.0,0.0,0.0010000000000000009,74.07407407407408,0.039911051487957594,0.024691358024691357,0.06172839506172839,24.213660810852492,0.9987651066938823,0.9971832946013951,0.0,0.7971267703080382,-0.6807101213829259,0.7967774487933995,0.9259259259259238,0.01794745969308411,0.07430018801915494,-4.019398942699307
12,s12_sit,sit,190.0,22.776315843003303,True,21.570298509241308,50.08815757653464,73,0.987168453783495,1.0,0.9786140896391583,0.004842227445315527,0.0,73.0,73.0,0.0,-0.00983333333333336,72.28915662650603,0.04920742005980602,0.012048192771084338,0.060240963855421686,21.570298509241308,0.9959524945925983,0.9890136377817355,0.0,0.8003411371748878,-0.5520200263953998,0.7884568239089549,2.7108433734939723,0.01370444459677337,0.06177593823912453,-4.2299558600739555
12,s12_sit,sit,250.0,22.475751829247834,True,24.727081741050064,74.96478046295577,71,0.9822370083525563,1.0,0.9703950139209272,0.0039011907984153995,0.0,71.0,71.0,0.0,-0.005833333333333357,70.58823529411765,0.043140416541877606,0.023529411764705882,0.07058823529411765,24.727081741050064,0.9949604466620449,0.9887462511605589,0.0,0.6418353377933779,-0.6808688610949658,0.7829381942811664,3.088235294117652,0.015758465292563886,0.08468041431209272,-4.094337236016068
12,s12_sit,sit,310.0,21.100175148675977,True,23.176342617912283,45.71651780264984,71,0.9881541386769421,1.0,0.9802568977949035,0.004443755971255955,0.0,71.0,71.0,0.0,-0.005833333333333357,70.58823529411765,0.039975918522326244,0.011764705882352941,0.08235294117647059,23.176342617912283,0.9981028775473789,0.996764419225019,0.0,0.7759190983786382,-0.5662259780690659,0.7763466750891775,3.088235294117652,0.012114604921405437,0.056791076782410244,-4.2509101757087215
12,s12_sit,sit,370.0,17.4402454731155,True,19.73153144926499,37.72231399282092,76,0.9899154689239238,1.0,0.9831924482065395,0.005035137504839407,0.0,76.0,76.0,0.0,-0.006999999999999895,75.47169811320755,0.03538638608729487,0.012578616352201259,0.06289308176100629,19.73153144926499,0.9985177445155056,0.9968884949954947,0.0,0.7529906810021975,-0.7237827918957791,0.804591922890726,0.47169811320755173,0.0114782344516935,0.05428958845989662,-4.250366338161346
13,s13_walk,walk,10.0,25.895663070360825,True,172.93544074788912,,16,0.9442557335221633,1.0,0.9070928892036054,0.005254571518513039,0.0,50.0,16.0,0.6799999999999999,0.12083333333333335,56.872037914691944,0.13018891098082386,0.08530805687203792,0.3127962085308057,172.93544074788912,0.781365163789781,0.5009263535057383,0.2857142857142857,-0.7207992792985453,-0.07166081038330363,0.5536760583789285,19.372037914691944,1.3945368747425275,6.465592780892823,0.5390178615801705
13,s13_walk,walk,70.0,39.70366421857028,True,302.5557799811466,,16,0.9479280688037529,1.0,0.9132134480062549,0.007257811173823072,0.0,51.0,16.0,0.6862745098039216,0.15425,60.301507537688444,0.19940629465434914,0.271356783919598,0.592964824120603,302.5557799811466,0.7800055334317686,0.521234073235834,0.3137254901960784,-0.8128821795103612,-0.17869686503760818,0.5181729951850931,22.801507537688444,2.0176343932733904,9.3805594263375,0.9492480425125529
13,s13_walk,walk,130.0,28.05012520131629,True,,,5,0.944708397711487,1.0,0.9078473295191449,0.004691094798152894,0.0,38.0,5.0,0.868421052631579,0.354,58.8235294117647,0.08812021437761634,0.11274509803921569,0.22549019607843138,153.86682553429117,0.8142495859162433,0.5611515336358467,0.24324324324324326,-0.4655596101822529,-0.14170674093029367,0.6766947640410178,21.323529411764703,1.134933273564917,5.517371560944841,0.46798423371521297
13,s13_walk,walk,190.0,35.42597916783318,True,,,6,0.9480848173797868,1.0,0.9134746956329779,0.0060686314834488934,0.0,40.0,6.0,0.85,0.3466666666666667,61.224489795918366,0.11583105926603263,0.1326530612244898,0.24489795918367346,154.01298646542764,0.8354087925677757,0.6665363749083998,0.3,-0.5851920901441842,0.2086119793115504,0.5657744460773868,23.724489795918366,1.4437406073894001,7.546247915115199,0.6588676808086733
13,s13_walk,walk,250.0,28.55298105754082,True,,,8,0.9468711230684896,1.0,0.911451871780816,0.006506163491025724,0.0,44.0,8.0,0.8181818181818181,0.2703333333333333,60.301507537688444,0.1729218608220012,0.1708542713567839,0.5326633165829145,255.20300043018975,0.8032007192303535,0.5862207415000886,0.4186046511627907,-0.8358144212124269,-0.3140963060624751,0.6903840365518145,15.301507537688444,1.6529521168530865,7.902626401552066,0.7324286179560515
13,s13_walk,walk,310.0,37.08628324682431,True,160.41612554021285,,19,0.9484382506141668,1.0,0.9140637510236113,0.005689366546859521,0.0,53.0,19.0,0.6415094339622642,0.29333333333333333,75.0,0.12759598417354498,0.1125,0.4125,160.41612554021285,0.7538177276835789,0.578598681137262,0.5576923076923077,-0.7696165279204056,-0.1199476819935481,0.5829422327329523,37.5,1.600393717487217,6.926996176197701,0.7140648244218568
13,s13_walk,walk,370.0,32.61747997622749,True,190.0,,15,0.9394098644224085,1.0,0.899016440704014,0.0063260694210965085,0.0,50.0,15.0,0.7,0.3416666666666667,75.9493670886076,0.14963265352899202,0.22151898734177214,0.4810126582278481,190.0,0.735551506407593,0.5102522104725877,0.6,-0.7416894575545259,-0.23278724727025857,0.6146520519119755,30.9493670886076,1.5986530955012292,7.622775824840496,0.7548050302527378
13,s13_sit,sit,10.0,46.382467952162145,True,40.64774047804071,56.33058075644356,68,0.9849055765302006,1.0,0.9748426275503345,0.004457484358818266,0.0,68.0,68.0,0.0,0.002666666666666706,68.18181818181819,0.05309142345216374,0.03409090909090909,0.125,40.64774047804071,0.9882262912567966,0.9672933860369981,0.0,0.36305937905968094,-1.2123122153993784,0.8618666854582328,0.681818181818187,0.015471875456967567,0.07620792243461594,-4.164338365178117
13,s13_sit,sit,70.0,40.50435457732911,True,40.33642308171397,83.26123006797602,75,0.9813816691127496,1.0,0.9689694485212493,0.00398344532602381,0.0,75.0,75.0,0.0,0.012500000000000067,75.9493670886076,0.052471156550196255,0.02531645569620253,0.11392405063291139,40.33642308171397,0.9909753077035703,0.9804689797790714,0.0,0.26407037511224934,-1.2423440788452873,0.8718109644130564,0.9493670886076018,0.012456531347113851,0.05900960393894117,-4.165946987595751
13,s13_sit,sit,130.0,32.4241259506242,True,36.40538576469224,124.80270143596366,72,0.9867695983414733,1.0,0.977949330569122,0.004150889840919253,0.0,72.0,72.0,0.0,0.01000000000000012,72.72727272727273,0.049834745609952553,0.024242424242424242,0.10909090909090909,36.40538576469224,0.9903237125230492,0.9735736861897258,0.0,0.31783170967383717,-1.169787555635833,0.8590742189417283,2.2727272727272663,0.0128734594445869,0.05892058050084259,-4.16749320446823
13,s13_sit,sit,190.0,36.364968842336744,True,37.612054805164085,122.6288621729723,76,0.98487070112946,1.0,0.9747845018824332,0.00426481121673597,0.0,76.0,76.0,0.0,-0.01333333333333342,75.0,0.0541487800722795,0.025,0.1125,37.612054805164085,0.9952629578871963,0.9907616597930313,0.0,0.27833646784546195,-1.3005008309950543,0.8874599639835963,0.0,0.01143994201729236,0.05329543463170339,-4.21094852063651
13,s13_sit,sit,250.0,30.04256239997177,True,31.247222098754456,134.70131567451168,73,0.9829523197556882,1.0,0.9715871995928137,0.00465998122873994,0.0,73.0,73.0,0.0,0.014500000000000068,74.07407407407408,0.04632130111101968,0.024691358024691357,0.1111111111111111,31.247222098754456,0.9945450745582127,0.9862766652313748,0.0,0.31740332982661523,-1.2672255605023457,0.8716541912749066,0.9259259259259238,0.011855971655825711,0.05546747239038652,-4.150138177250649
13,s13_sit,sit,310.0,33.66501646120642,True,35.88175023601831,122.10593415116882,73,0.9855797043980838,1.0,0.9759661739968064,0.004521434395879424,0.0,74.0,73.0,0.013513513513513487,0.0010000000000000009,74.07407407407408,0.05729994382958319,0.037037037037037035,0.1111111111111111,35.88175023601831,0.9914947499560929,0.9775869033609782,0.0,0.3229978652274257,-1.210497616814884,0.8750390579315162,0.9259259259259238,0.01154654790328054,0.05412239075321423,-4.217829280549618
13,s13_sit,sit,370.0,29.94048149967592,True,38.74801221616698,46.41226519634371,72,0.9812620916900505,1.0,0.9687701528167507,0.0034854461707679793,0.0,74.0,72.0,0.027027027027026973,0.025666666666666726,75.9493670886076,0.07871967891256464,0.02531645569620253,0.189873417721519,38.74801221616698,0.9852692680813246,0.9604600920481638,0.0,0.25402272064980863,-0.8997326352265094,0.8384875527502238,0.9493670886076018,0.012926672759232267,0.06125369661834945,-4.166386796838355
13,s13_run,run,10.0,28.215200884905993,True,38.98092091167102,36.449573777637355,83,0.9832744043252302,1.0,0.972124007208717,0.003216704972367693,0.0,84.0,83.0,0.011904761904761862,0.005999999999999894,84.50704225352112,0.06691090897200853,0.04225352112676056,0.15492957746478872,38.98092091167102,0.9872205429834647,0.970948801425032,0.0,0.14782878672003394,-0.10352049816949904,0.810989697766404,2.0070422535211208,1.199406114850754,4.86539014927993,0.2882927529945672
13,s13_run,run,70.0,26.414903490960594,True,35.45889639192587,68.37891250726115,76,0.9776641256364385,1.0,0.9627735427273973,0.002020566733136219,0.0,82.0,76.0,0.07317073170731703,0.08433333333333337,89.55223880597015,0.07362926748415681,0.029850746268656716,0.1791044776119403,35.45889639192587,0.9811261333924092,0.9581333916086522,0.0,-0.03638603158829317,-0.35360985593333627,0.7888642853758889,0.4477611940298516,1.4394109526898766,5.755041190319649,0.5862817579944717
13,s13_run,run,130.0,34.26403502778989,True,42.476884470094014,52.22581959035261,71,0.976816732904149,1.0,0.9613612215069152,0.0033185029745729476,0.0,78.0,71.0,0.08974358974358976,0.08999999999999997,85.71428571428571,0.0780803439114016,0.04285714285714286,0.17142857142857143,42.476884470094014,0.9776885621593996,0.9565259956239833,0.0,-0.005446690975305764,-0.6517896694157912,0.7512459532654835,3.214285714285708,1.1498333279187174,5.5760703445278645,0.4132772014234218
13,s13_run,run,190.0,27.127585265794874,True,35.91300028880335,55.43218625245871,79,0.9762774134083145,1.0,0.9604623556805242,0.004258584945570953,0.0,83.0,79.0,0.048192771084337394,0.045499999999999985,86.95652173913044,0.08224752958699698,0.043478260869565216,0.11594202898550725,35.91300028880335,0.9829778976158327,0.9667420273973094,0.0,0.21527316957664183,-0.5248424433250665,0.7267893455239965,4.456521739130437,1.1204219378163527,4.394938075638391,0.10856582398166852
13,s13_run,run,250.0,29.82862930871471,True,43.08131845707603,44.65649895088871,76,0.9781181494497457,1.0,0.9635302490829096,0.002704287388623293,0.0,82.0,76.0,0.07317073170731703,0.07066666666666666,88.23529411764706,0.07194795690424056,0.029411764705882353,0.19117647058823528,43.08131845707603,0.9757805111553415,0.9432139130074155,0.0,0.006393682067601316,0.3131380307978975,0.7446012681650753,1.764705882352942,1.268748507917562,5.387239747825251,0.4228172665364598
13,s13_run,run,310.0,23.69732513156313,True,40.202973394606545,76.3647755668045,87,0.9809117574654178,1.0,0.9681862624423632,0.0026709210502000934,0.0,88.0,87.0,0.011363636363636354,0.03199999999999992,90.9090909090909,0.07459487040389522,0.030303030303030304,0.18181818181818182,40.202973394606545,0.9776833694756705,0.9549027837375952,0.0,0.18311329285474912,-0.04407327813747708,0.674604157802698,6.5909090909090935,1.4328000507239151,5.864164856504249,0.49990567982990336
13,s13_run,run,370.0,30.904026008422473,True,38.2314508698851,57.13832980053203,74,0.9811041306339945,1.0,0.9685068843899909,0.0038810685118069103,0.0,81.0,74.0,0.0864197530864198,0.0685,86.95652173913044,0.0658337050464351,0.043478260869565216,0.2028985507246377,38.2314508698851,0.9794174985985336,0.9560485022486545,0.0,0.27193771887625817,0.38358019878543237,0.7877679863375289,4.456521739130437,1.294641585440907,5.4451966928324556,0.4345407148404081
14,s14_run,run,10.0,12.58708793203119,True,52.11470069937567,205.1331997255189,70,0.9858180749021092,1.0,0.9763634581701819,0.004279929633293211,0.0,70.0,70.0,0.0,0.008333333333333415,70.58823529411765,0.05046606241233495,0.047058823529411764,0.16470588235294117,52.11470069937567,0.9676616185275283,0.924111055828801,0.014285714285714285,0.4059086650657708,-0.7121655437742089,0.8138025583862702,3.088235294117652,2.280456041380358,10.529795753903915,1.15487713687697
14,s14_run,run,70.0,11.882049427246047,True,49.61826106370431,174.587070429887,72,0.9867291128448351,1.0,0.9778818547413919,0.005419362452593486,0.0,74.0,72.0,0.027027027027026973,-0.011333333333333417,73.17073170731707,0.04469047497268168,0.036585365853658534,0.2073170731707317,49.61826106370431,0.9651444093287229,0.9608926615249852,0.013888888888888888,0.32873719300892057,-1.0590074308415502,0.8485962593693255,1.8292682926829258,2.101025641704021,9.617206277246648,1.0567864512204084
14,s14_run,run,130.0,21.470245191228752,True,63.59855438139286,163.75990868435318,68,0.9777167917104916,1.0,0.962861319517486,0.004307916258239701,0.0,70.0,68.0,0.02857142857142858,0.020000000000000018,71.42857142857143,0.07534035678127163,0.047619047619047616,0.2261904761904762,63.59855438139286,0.9637176051141663,0.9053559059717483,0.014492753623188406,0.35353979501015076,0.18057932130283083,0.7713639956979866,3.9285714285714306,2.006187607954346,8.701187561743494,1.034883241221824
14,s14_run,run,190.0,20.625919892908364,True,85.92791489019764,196.57168039144116,62,0.9787012276548177,1.0,0.9645020460913628,0.0035737390940156063,0.0,69.0,62.0,0.10144927536231885,0.05700000000000005,73.17073170731707,0.08763610350273847,0.036585365853658534,0.3780487804878049,85.92791489019764,0.9071825393641985,0.833477514264871,0.10144927536231885,0.44024157272089887,0.017179961362318252,0.6494379436133406,5.670731707317074,2.09036274835522,9.420516428096631,1.0963299908574247
14,s14_run,run,250.0,18.72400158337065,True,75.03920543916477,217.45526540608344,69,0.9745819320102156,1.0,0.9576365533503595,0.00439378219793717,0.0,70.0,69.0,0.014285714285714235,0.020000000000000018,71.42857142857143,0.06911745741413314,0.05952380952380952,0.3333333333333333,75.03920543916477,0.9514415051617581,0.8923261143411197,0.028985507246376812,0.4008265645876201,-0.6521019100015368,0.7796433642368757,3.9285714285714306,2.3629145606975577,10.683497104344006,1.205615975823497
14,s14_run,run,310.0,13.211177512535208,True,111.57184170779367,214.0720188821806,59,0.9743102166808288,1.0,0.9571836944680481,0.004701943062070755,0.0,66.0,59.0,0.10606060606060608,0.07600000000000007,71.42857142857143,0.09277629763767277,0.09523809523809523,0.40476190476190477,111.57184170779367,0.8812234105904516,0.7175495127469813,0.21212121212121213,0.20302366971922509,0.19297786499081004,0.6793906541604232,3.5714285714285694,2.2274705548051648,10.36536267608416,1.166239898151118
14,s14_run,run,370.0,10.875923606095968,True,93.96494966052971,184.39088914585776,69,0.9798903481153483,1.0,0.9664839135255805,0.0049991566059045915,0.0,71.0,69.0,0.028169014084507005,0.017833333333333368,72.28915662650603,0.06278126498968638,0.07228915662650602,0.30120481927710846,93.96494966052971,0.9252456031902684,0.8431172378156875,0.08571428571428572,0.35502812647334603,-0.4879265085606135,0.7192115311426404,2.7108433734939723,2.4668542815148435,10.922325466419235,1.2680604802122442
14,s14_walk,walk,10.0,13.354342422540702,True,,,0,0.9854163232372245,1.0,0.9756938720620408,0.006451421535371734,0.0,44.0,0.0,1.0,,,,,,,0.8566304535887795,0.6508319374118975,0.3181818181818182,-0.26569077063798985,-0.45411298557966884,0.7087143969576711,,1.0112374976708327,4.383130940738498,0.4719820025768028
14,s14_walk,walk,70.0,13.323481208572176,True,,,2,0.9854163232372245,1.0,0.9756938720620408,0.006621334735440966,0.0,43.0,2.0,0.9534883720930233,,,,,,,0.7519595812213722,0.4833121169561431,0.4634146341463415,-0.3378276913522668,0.3596454982368211,0.6912679312931939,,1.0357836621457226,4.647756617127477,0.47765730882125995
14,s14_walk,walk,130.0,19.678668654153924,True,210.61813787041228,57.74757664781832,16,0.9448543470216108,1.0,0.9080905783693513,0.00670942858748361,0.0,54.0,16.0,0.7037037037037037,0.23050000000000004,70.17543859649123,0.19146609244573295,0.24561403508771928,0.39766081871345027,210.61813787041228,0.6680753741197663,0.41396771637745355,0.6730769230769231,0.06483295724850786,-0.23999185479120122,0.5455742420036659,32.67543859649123,0.7682975183951006,3.360502002599649,0.25586808874396577
14,s14_walk,walk,190.0,13.392724867070855,True,198.90773166040006,66.3683803084112,15,0.942205533841903,1.0,0.9036758897365049,0.00785045554399415,0.0,51.0,15.0,0.7058823529411764,0.252,68.18181818181819,0.12349619187246628,0.13068181818181818,0.5113636363636364,198.90773166040006,0.6521052704383599,0.4158901899638076,0.7,0.13271310946978818,-0.15570337653944843,0.5450599863558296,30.681818181818187,0.798887926899443,3.569118383111727,0.2726728509046047
14,s14_walk,walk,250.0,14.680180254604608,True,,46.70633234885267,7,0.9443238338726052,1.0,0.9072063897876753,0.008071599341207788,0.0,44.0,7.0,0.8409090909090909,0.41333333333333333,75.0,0.2004206784034862,0.25625,0.4875,254.85289874749316,0.7000304444443584,0.3484067663703731,0.5681818181818182,-0.16052580934014932,-0.56766011198616,0.6013992321140575,37.5,0.8156701186969078,3.490386988135741,0.2765099190561653
14,s14_walk,walk,310.0,15.332218465597544,True,,64.36503043467891,5,0.9434074142759266,1.0,0.905679023793211,0.006986902041097063,0.0,48.0,5.0,0.8958333333333334,0.43199999999999994,84.50704225352112,0.17124252315389163,0.04225352112676056,0.4507042253521127,161.40012391568973,0.7685400315456606,0.43116647778165873,0.425531914893617,-0.2917911734918325,0.3541751220074514,0.6162857256633472,39.50704225352112,1.009260505415669,4.3052034093564515,0.48238446979782174
14,s14_walk,walk,370.0,19.09286027374732,True,,30.0,4,0.9434738362363555,1.0,0.9057897270605926,0.008627701356379483,0.0,48.0,4.0,0.9166666666666666,0.476,91.6030534351145,0.1914590671513461,0.2595419847328244,0.4122137404580153,191.39836293274124,0.7985927853012974,0.6518970084117942,0.40425531914893614,-0.16795609629307207,-0.40581429165527094,0.6506262294377311,46.603053435114504,1.2983782289086525,5.743084330066913,0.6878004543426666
14,s14_sit,sit,10.0,35.610047341980746,True,59.60562212307867,192.8845365612403,54,0.9864523608198299,1.0,0.9774206013663831,0.0021647484670132885,0.0,54.0,54.0,0.0,0.005499999999999949,54.29864253393665,0.04849546666211089,0.027149321266968326,0.16289592760180996,59.60562212307867,0.9741770330556068,0.9315843574814833,0.0,0.35593489221264835,-0.7317673473661883,0.8748468190217583,1.7986425339366505,0.026546011526235546,0.12582934091156162,-3.672296805812753
14,s14_sit,sit,70.0,27.48426123046885,True,32.46080257331454,140.02279449690826,55,0.9867259411555392,1.0,0.9778765685925654,0.0027665321340246372,0.0,55.0,55.0,0.0,0.0008333333333333526,55.04587155963303,0.050744361633891046,0.022935779816513763,0.06422018348623854,32.46080257331454,0.9916728863512275,0.9776982679737786,0.0,0.4459688195509158,-1.095226137006545,0.8909684209669244,2.545871559633028,0.05384736487394073,0.25229929248552274,-3.0795005189742266
14,s14_sit,sit,130.0,35.915456282776546,True,35.645311547160276,78.10249675906654,52,0.9843868259197238,1.0,0.9739780431995396,0.004628429110466463,0.0,52.0,52.0,0.0,0.0033333333333332993,52.17391304347826,0.04432005308945178,0.017391304347826087,0.0782608695652174,35.645311547160276,0.9947595345244219,0.9874035097381372,0.0,0.6718825544114748,-0.9022669458263244,0.8679183456601617,0.3260869565217419,0.04545735000511615,0.2139853345284859,-3.341805867677464
14,s14_sit,sit,190.0,31.59240415036691,True,34.292856398964496,81.62632628544019,51,0.987798558589013,1.0,0.9796642643150215,0.0043585902593005574,0.0,51.0,51.0,0.0,0.014000000000000012,51.724137931034484,0.04343787472395784,0.017241379310344827,0.07758620689655173,34.292856398964496,0.9947844292016415,0.987003474767935,0.0,0.6426699447324239,-0.9964570037940632,0.8688441705084549,0.775862068965516,0.05574638844026337,0.23402244463363076,-3.3989992327955023
14,s14_sit,sit,250.0,43.22211174151869,True,51.2754002097172,146.01369798755184,49,0.9801778585972157,1.0,0.9669630976620263,0.0023147634349198675,0.0,52.0,49.0,0.05769230769230771,0.038000000000000034,54.054054054054056,0.07008959611846473,0.02702702702702703,0.16216216216216217,51.2754002097172,0.9804212178040156,0.9474472048529674,0.0,0.4315355267366777,-0.4504624571360831,0.7989532048891334,1.5540540540540562,0.05778195096396346,0.26584322633803303,-2.897491135920952
14,s14_sit,sit,310.0,37.26903717665977,True,44.01972113787869,136.67638707036667,54,0.9807118343827244,1.0,0.9678530573045406,0.0020158449117741095,0.0,54.0,54.0,0.0,0.010000000000000009,54.54545454545455,0.04741812247130735,0.02727272727272727,0.13636363636363635,44.01972113787869,0.9834839375637154,0.9610993564641169,0.0,0.36097135073690995,-0.8892056743475498,0.8771297341946166,2.0454545454545467,0.061591257306650056,0.30120521509524245,-2.8079056365559905
14,s14_sit,sit,370.0,33.70235980763862,True,51.72533425780478,146.7499763391993,50,0.9796087368794613,1.0,0.9660145614657687,0.0023834530555702973,0.0,52.0,50.0,0.038461538461538436,0.020666666666666722,53.097345132743364,0.07420367000124385,0.02654867256637168,0.21238938053097345,51.72533425780478,0.9783640132734418,0.9552394068678423,0.019230769230769232,0.5420873122466549,-0.3444066641046333,0.8666904214753097,0.5973451327433636,0.04600101725564086,0.2645494782646871,-3.209344530060082
14,s14_sit,sit,430.0,28.446440902154595,True,28.147960713126132,100.07314398149717,53,0.9886649490418834,1.0,0.981108248403139,0.0042618625209818895,0.0,53.0,53.0,0.0,-0.015833333333333366,52.17391304347826,0.037605251014820915,0.017391304347826087,0.06956521739130435,28.147960713126132,0.9940464146144388,0.9898496551277043,0.0,0.6262366085289452,-1.0183849883152862,0.8662576655034531,0.3260869565217419,0.021893520260606078,0.10397934201227876,-4.04982755943122
15,s15_walk,walk,10.0,14.956145041747522,True,27.81131761990255,56.865815128533576,99,0.957152813448076,1.0,0.92858802241346,0.0019091591806121046,0.0,102.0,99.0,0.02941176470588236,0.014000000000000012,103.44827586206897,0.06772675396889895,0.034482758620689655,0.1206896551724138,27.81131761990255,0.970192364131787,0.9322146465104401,0.0,0.3807895953908254,-0.7839053353342722,0.7243399235884944,1.551724137931032,0.4119841967853606,1.9422271051996702,-0.27219135226079955
15,s15_walk,walk,70.0,19.03319800408314,True,57.39033711044738,72.54309064273454,64,0.9802628470900477,1.0,0.9671047451500795,0.0015119512315081136,0.0,77.0,64.0,0.16883116883116878,0.2556666666666667,103.44827586206897,0.07646245113832602,0.05172413793103448,0.39655172413793105,57.39033711044738,0.8978768025558803,0.7325304021911218,0.12987012987012986,-0.8231769164830891,24.013592159503233,0.4118641336757067,65.94827586206897,0.36611887261233655,1.8233492229732313,-0.3798381412795659
15,s15_walk,walk,130.0,17.962182495454424,True,62.338162562173,77.72500543961534,44,0.9727542274308463,1.0,0.9545903790514104,0.0015972639915399016,0.0,67.0,44.0,0.34328358208955223,0.32999999999999996,100.0,0.09611013892657888,0.06666666666666667,0.31666666666666665,62.338162562173,0.9025358881107269,0.7508551864916939,0.13432835820895522,0.06115555633537752,0.5987617709075597,0.38767741528160415,5.0,0.3916227367073474,1.9090455890870022,-0.3352482396988596
15,s15_walk,walk,190.0,19.177895261647237,True,70.61757646126888,81.56556366795112,39,0.9761614329648972,1.0,0.9602690549414954,0.001091352151895505,0.0,62.0,39.0,0.3709677419354839,0.3593333333333334,96.7741935483871,0.0805254293765518,0.08064516129032258,0.3225806451612903,70.61757646126888,0.8549831042214613,0.6498399160011629,0.21311475409836064,0.003721714560976468,0.05901061651258477,0.3319163400590724,66.7741935483871,0.3608656989614009,1.7318835614121735,-0.4101348787544195
15,s15_walk,walk,250.0,18.066326601242718,True,89.00970325041688,109.42537659737918,23,0.9701831584912725,1.0,0.9503052641521207,0.0011660084567075017,0.0,55.0,23.0,0.5818181818181818,0.49583333333333335,109.0909090909091,0.13353525116733675,0.09090909090909091,0.3090909090909091,89.00970325041688,0.7400851073405965,0.24292583883487004,0.35185185185185186,-0.11986273531824147,0.4660108577359181,0.553531260064264,71.5909090909091,0.46280470232465815,2.2721079614345427,-0.17091621076044658
15,s15_walk,walk,310.0,16.209873534361606,True,91.39442639718567,114.14902540100813,18,0.9598173327705196,1.0,0.933028887950866,0.0009844410366530519,0.0,50.0,18.0,0.64,0.575,117.6470588235294,0.16193387728401518,0.09803921568627451,0.43137254901960786,91.39442639718567,0.678749354515393,0.22869059718790583,0.5306122448979592,0.015416208646274725,-0.1295508624559254,0.40964209711391925,87.6470588235294,0.416384829752993,1.9956823809136512,-0.25565128755635086
15,s15_walk,walk,370.0,20.32417685783265,True,78.10249675906654,89.14120173160022,34,0.9561546764375172,1.0,0.9269244607291952,0.0011063795844000546,0.0,63.0,34.0,0.46031746031746035,0.36475,99.17355371900827,0.09923147857682507,0.09917355371900827,0.3140495867768595,78.10249675906654,0.823352085007872,0.5960036720315158,0.25806451612903225,0.12689087803044058,9.396922877909272,0.5281483621044992,61.67355371900827,0.4443290973834179,2.493957436846932,-0.1886084412183996
15,s15_sit,sit,10.0,41.194221141098765,True,189.88300491501485,163.7267590007914,19,0.9436261373341894,1.0,0.9060435622236491,0.0009418419654855342,0.0,62.0,19.0,0.6935483870967742,-0.03333333333333344,60.0,0.2593569430693952,0.1,0.49,189.88300491501485,0.8567113670863228,0.6521805345552294,0.22950819672131148,0.3710689098254719,0.42524842697799503,0.3195230865023625,15.0,0.015863122490642544,0.07293640926197575,-4.243365088191046
15,s15_sit,sit,70.0,38.11899095286082,True,75.53512795749774,115.06914917087504,55,0.9244947771166421,1.0,0.8741579618610702,0.0012041754132981434,0.0,72.0,55.0,0.23611111111111116,0.09999999999999998,80.0,0.13658136753635017,0.05333333333333334,0.38666666666666666,75.53512795749774,0.8694180509287721,0.631987082558895,0.23943661971830985,0.14870393308047283,0.27988291055363446,0.35756356405582684,5.0,0.016090006847468065,0.074939815723571,-4.252510941498355
15,s15_sit,sit,130.0,43.192812453221975,True,83.81163549234938,135.64659966250537,42,0.9553445428850439,1.0,0.9255742381417399,0.0013006792726275504,0.0,65.0,42.0,0.3538461538461538,0.24708333333333332,86.33093525179856,0.13479067736238645,0.07194244604316546,0.33093525179856115,83.81163549234938,0.8309525390027479,0.6402470441782722,0.24615384615384617,0.25309343888749564,0.055889705654567745,0.3034881352702735,11.330935251798564,0.017065161477848548,0.07997544751740726,-4.115821495263627
15,s15_sit,sit,190.0,42.13814814881936,True,146.58785761446956,159.6992365474743,26,0.9549395069244918,1.0,0.9248991782074863,0.0012717979247866273,0.0,59.0,26.0,0.5593220338983051,0.351,90.9090909090909,0.16832907766844596,0.10606060606060606,0.42424242424242425,146.58785761446956,0.7145999348384455,0.4153645435503261,0.49122807017543857,-0.014318324173812054,0.05064946220985389,0.2605450227449604,60.90909090909091,0.018117959256216173,0.08425670225438608,-4.162226772774234
15,s15_sit,sit,250.0,42.942389086868786,True,148.48119970779692,187.1941950666918,16,0.9555458598527242,1.0,0.925909766421207,0.0011005349162896286,0.0,54.0,16.0,0.7037037037037037,0.35650000000000004,83.91608391608392,0.12381798858940814,0.08391608391608392,0.44755244755244755,148.48119970779692,0.7375762741839431,0.501683039937815,0.4528301886792453,0.1565694384277044,0.1959573935113923,0.2762995572659926,8.91608391608392,0.018341896925880338,0.08527035979447817,-4.182863847518677
15,s15_sit,sit,310.0,42.637424875344,True,109.51915103964441,166.00344230510058,19,0.9563479516293112,1.0,0.9272465860488519,0.0009726948830925546,0.0,51.0,19.0,0.6274509803921569,0.388,83.33333333333333,0.14361851958274333,0.1527777777777778,0.25,109.51915103964441,0.7428684065864642,0.40463484581087256,0.44,-0.04704048668811032,0.4417649711508478,0.21421838596279016,53.33333333333333,0.017523970630185133,0.08214751890183969,-4.1326837774016365
15,s15_sit,sit,370.0,43.72121114285692,True,145.5011623159558,198.45114548134296,35,0.9559069506919841,1.0,0.9265115844866402,0.0008610162557167614,0.0,59.0,35.0,0.4067796610169492,0.28216666666666657,82.1917808219178,0.14269080663453895,0.1506849315068493,0.4931506849315068,145.5011623159558,0.8137924394708549,0.5515827557069495,0.3103448275862069,-0.03900161521670618,-0.11513918667484901,0.39321268616753285,7.191780821917803,0.016361286142340496,0.07625370698366218,-4.160686715841284
15,s15_run,run,10.0,15.121946545558224,True,46.380072349136235,69.67270422687578,91,0.9855300097497504,1.0,0.9758833495829172,0.0011115822140221538,0.0,97.0,91.0,0.061855670103092786,0.04616666666666669,101.69491525423729,0.07014958479441245,0.03389830508474576,0.3220338983050847,46.380072349136235,0.937388099469097,0.8886257403666574,0.05263157894736842,0.26329736741177356,-0.04346162866013925,0.6720617232069139,3.305084745762713,0.7847124449477435,3.955934306453993,0.20174260820794443
15,s15_run,run,70.0,12.621177347897499,True,43.87482193696061,96.71176017921515,85,0.9795339045177289,1.0,0.9658898408628815,0.0009857208811109523,0.0,94.0,85.0,0.0957446808510638,0.09133333333333338,103.44827586206897,0.05969986221018942,0.06896551724137931,0.15517241379310345,43.87482193696061,0.9368974016612105,0.8856749174281273,0.043010752688172046,0.030727746115570793,-0.6569646299046634,0.7099432352424466,1.551724137931032,0.8666498378771207,4.182617053119732,0.2946612414340107
15,s15_run,run,130.0,18.938148413889614,True,91.29053764849314,102.67841614895092,54,0.9720694711291327,1.0,0.9534491185485545,0.0007503994162562702,0.0,77.0,54.0,0.2987012987012987,0.2556666666666667,103.44827586206897,0.10914169707154624,0.06896551724137931,0.5,91.29053764849314,0.8329141150318966,0.6663548499152177,0.2236842105263158,-0.06509004745849464,-0.40480053825809836,0.4799413957910722,1.551724137931032,0.9971360509449307,5.050667039728919,0.4386831930406427
15,s15_run,run,190.0,19.5698643796199,True,66.5422335998651,106.20919054800646,62,0.9720632995088003,1.0,0.9534388325146672,0.0006751223644578114,0.0,80.0,62.0,0.22499999999999998,0.18666666666666665,98.36065573770492,0.09390080006532082,0.08196721311475409,0.2459016393442623,66.5422335998651,0.8346154943702689,0.6451325751476578,0.23076923076923078,-0.4215172752695123,0.9625413470759336,0.5193491668103474,0.8606557377049171,0.8985081671440474,4.333484213814009,0.34556794682913927
15,s15_run,run,250.0,17.44741731988109,True,50.82137837564031,106.9013890309391,65,0.9754878543517272,1.0,0.9591464239195454,0.0009824847301407812,0.0,80.0,65.0,0.1875,0.19999999999999996,100.0,0.06635005166985586,0.06666666666666667,0.18333333333333332,50.82137837564031,0.9015577461855956,0.7967176634845465,0.10126582278481013,0.11008630725172254,0.281362518968153,0.5615855463285528,2.5,0.8588127142159355,4.330320973951029,0.2699523381551286
15,s15_run,run,310.0,14.594166324997982,True,53.26662494783515,111.70805040188537,76,0.9799662578049804,1.0,0.9666104296749674,0.0009209426843994847,0.0,86.0,76.0,0.11627906976744184,0.1256666666666667,98.36065573770492,0.062408519845390885,0.04918032786885246,0.3442622950819672,53.26662494783515,0.9227198495496944,0.8192306064889078,0.07058823529411765,0.17677946244486734,-0.29305008955565803,0.6536114043976334,0.8606557377049171,0.7680485342695753,3.6994448778653544,0.19240412438073823
15,s15_run,run,370.0,14.389951600710546,True,56.01190349678659,104.3862597666483,76,0.978886915485587,1.0,0.9648115258093117,0.0010121746906130743,0.0,87.0,76.0,0.12643678160919536,0.13,100.0,0.07413922482488661,0.05,0.25,56.01190349678659,0.9148825481272429,0.8112410713344469,0.09302325581395349,0.1441427999512356,0.13588753111632945,0.6025592460500017,5.0,0.8300655343872035,4.105447512578504,0.2586282149308685
15,s15_run,run,430.0,11.81038308078628,True,38.962611647359815,68.37919483084227,95,0.9863779089285276,1.0,0.9772965148808793,0.0014061666727435604,0.0,99.0,95.0,0.04040404040404044,0.04300000000000004,103.44827586206897,0.048116315108756615,0.05172413793103448,0.1724137931034483,38.962611647359815,0.9445662493443641,0.8822602844863681,0.041237113402061855,0.16940678257515707,-0.6314401293029035,0.6896318471223811,1.551724137931032,0.9259533187912664,4.3072353443559015,0.3131064042022452
16,s16_sit,sit,10.0,31.278757260122934,True,37.79644730092272,60.797173423575344,64,0.9860718754745197,1.0,0.9767864591241996,0.0056414016071155496,0.0,64.0,64.0,0.0,-0.002666666666666595,63.829787234042556,0.053312666247251665,0.031914893617021274,0.1276595744680851,37.79644730092272,0.9946988286108049,0.9900450104956736,0.0,1.1854945625967335,0.20954154547149306,0.6873123093335831,3.6702127659574444,0.02551474398450255,0.11942140276151036,-3.5070257106709968
16,s16_sit,sit,70.0,33.745728523003784,True,37.866488716831604,50.221730577731215,63,0.9797949710127078,1.0,0.9663249516878465,0.00539209190150193,0.0,63.0,63.0,0.0,0.023499999999999965,64.51612903225806,0.0687954778390612,0.026881720430107527,0.11827956989247312,37.866488716831604,0.995937366602394,0.9918720165422124,0.0,1.1984809229500286,0.2210293383581532,0.6655623168192089,2.983870967741936,0.019938559337238006,0.09524973013516558,-3.774464748915499
16,s16_sit,sit,130.0,24.068450772344097,True,28.939592256975562,61.181183830504295,65,0.9898801585115089,1.0,0.9831335975191815,0.005220454674508973,0.0,65.0,65.0,0.0,-0.007500000000000062,64.51612903225806,0.03322548827276418,0.021505376344086023,0.07526881720430108,28.939592256975562,0.9961589648052737,0.9920225673931703,0.0,1.188438298444379,0.22081478116164854,0.7043986905389487,2.983870967741936,0.020087970256604817,0.0983315513217331,-3.760920735824456
16,s16_sit,sit,190.0,29.73524197622094,True,35.097267440901746,69.77003040602135,67,0.987991752908653,1.0,0.9799862548477551,0.005104263170351456,0.0,67.0,67.0,0.0,-0.016166666666666663,65.93406593406593,0.07319175768108241,0.02197802197802198,0.12087912087912088,35.097267440901746,0.9909254214592987,0.979245624617405,0.0,1.1883189307988797,0.3172549162385523,0.6623814293871034,1.5659340659340728,0.024624660073773622,0.12525934685108453,-3.4237639694756186
16,s16_sit,sit,250.0,24.143749396501185,True,31.92252526113213,61.70005309336563,64,0.9798524155306847,1.0,0.9664206925511412,0.005169444552359025,0.0,64.0,64.0,0.0,0.008000000000000007,64.51612903225806,0.04647460529855329,0.021505376344086023,0.10752688172043011,31.92252526113213,0.9952839023192397,0.9893028974857272,0.0,1.1307946974683944,0.13553528182138797,0.7143797482016341,2.983870967741936,0.02187413783105331,0.11094765911501803,-3.606490869996341
16,s16_sit,sit,310.0,24.567221802563868,True,30.394235042348473,78.75358823300985,64,0.9859826245161425,1.0,0.9766377075269042,0.005137911782031978,0.0,64.0,64.0,0.0,0.008000000000000007,64.51612903225806,0.04400445585681333,0.021505376344086023,0.10752688172043011,30.394235042348473,0.9929156242712367,0.983021206479278,0.0,1.1976401047675467,0.3591387516307938,0.6776655915175163,2.983870967741936,0.028897899457670365,0.140680074542626,-3.3876903522058885
16,s16_sit,sit,370.0,28.40036346883622,True,33.071891388307385,53.39457268446731,65,0.987824152159167,1.0,0.9797069202652783,0.004849908135799169,0.0,65.0,65.0,0.0,-0.018333333333333313,63.829787234042556,0.04352064162447039,0.02127659574468085,0.07446808510638298,33.071891388307385,0.9925728263328591,0.9823118551532358,0.0,1.1623108802059363,0.40027846970371606,0.7011691826678447,3.6702127659574444,0.022647263502080323,0.11466092188143939,-3.466142006610635
16,s16_run,run,10.0,11.592622174853261,True,26.457513110645905,172.07199635566667,74,0.9928703417670186,1.0,0.9881172362783645,0.006775665234226929,0.0,74.0,74.0,0.0,-0.011333333333333417,73.17073170731707,0.042779659107275506,0.024390243902439025,0.07317073170731707,26.457513110645905,0.9653433461827722,0.9330260406797057,0.013513513513513514,0.8194150005969153,-0.13558823179823198,0.6601629227091457,1.8292682926829258,2.2810253651725003,10.768524846155177,1.2053990908542518
16,s16_run,run,70.0,18.607218261430674,True,34.17024486015307,173.4824309437525,72,0.9861448577407905,1.0,0.9769080962346509,0.007644187684793462,0.0,72.0,72.0,0.0,-0.008000000000000007,71.42857142857143,0.043126957377431094,0.023809523809523808,0.09523809523809523,34.17024486015307,0.9609310637464977,0.9293958776792728,0.013888888888888888,0.7148316986905926,-0.33812542114379607,0.664653925357337,3.5714285714285694,2.5476038668910688,11.303520791835862,1.3343077705165165
16,s16_run,run,130.0,15.453701867464895,True,34.46012188022556,158.74507866387543,73,0.9871277656097907,1.0,0.9785462760163178,0.007768102330942696,0.0,73.0,73.0,0.0,-0.00983333333333336,72.28915662650603,0.0455806804622815,0.024096385542168676,0.0963855421686747,34.46012188022556,0.9622294774285111,0.9247674895423227,0.0,0.7918098333664371,-0.08822342167523445,0.6892534814879979,2.7108433734939723,2.7908024045262696,12.745866131224608,1.4212478492336797
16,s16_run,run,190.0,14.743521579714983,True,30.253558101118912,192.7932332039451,73,0.9889623162952019,1.0,0.9816038604920032,0.007957514162950517,0.0,73.0,73.0,0.0,-0.00983333333333336,72.28915662650603,0.034389485884751214,0.024096385542168676,0.08433734939759036,30.253558101118912,0.9658453241489373,0.9460772132877213,0.0,0.8221166730534906,0.2293561805923181,0.68962875023285,2.7108433734939723,2.8043421211581863,13.62935314344637,1.4165958581298355
16,s16_run,run,250.0,12.128936932444056,True,31.81980515339464,147.83774890061062,73,0.9906628360113408,1.0,0.9844380600189013,0.007898872847512114,0.0,73.0,73.0,0.0,0.0023333333333332984,73.17073170731707,0.032992725277186996,0.024390243902439025,0.08536585365853659,31.81980515339464,0.9700521361833859,0.9205340841533939,0.0,0.7849357859131172,-0.2491245372626958,0.684632396877155,1.8292682926829258,2.549804325910433,12.086648799978024,1.3204561983384562
16,s16_run,run,310.0,11.983556809349256,True,28.16293104297752,158.49166490114632,74,0.9889084861067597,1.0,0.9815141435112662,0.008204084081001494,0.0,74.0,74.0,0.0,0.0010000000000000009,74.07407407407408,0.03596459934540636,0.024691358024691357,0.07407407407407407,28.16293104297752,0.9605224831958732,0.9258069770194336,0.0136986301369863,0.8112623323614948,-0.09717648121201616,0.6889483920775762,0.9259259259259238,2.6471288826940604,12.002903011897702,1.339494399019888
16,s16_run,run,370.0,14.094916341252807,True,38.64130801268905,155.51756905801443,74,0.9905074817445966,1.0,0.9841791362409943,0.009161516528782901,0.0,74.0,74.0,0.0,-0.011333333333333417,73.17073170731707,0.03460425999560039,0.036585365853658534,0.12195121951219512,38.64130801268905,0.959790197623325,0.9184625431719629,0.0,0.7327995234235511,-0.3770285970178646,0.6891030608161005,1.8292682926829258,2.8145483167868726,12.097118223345852,1.43466350965448
16,s16_run,run,430.0,15.668870843597263,True,39.232501694248214,164.31676725154983,75,0.9870587136680895,1.0,0.9784311894468158,0.008715900300036421,0.0,75.0,75.0,0.0,0.012500000000000067,75.9493670886076,0.042154922679201984,0.0379746835443038,0.12658227848101267,39.232501694248214,0.9627459432217955,0.9155577752097747,0.0,0.7323331092288571,-0.24349888311503598,0.6762032533168734,0.9493670886076018,2.9765605501472803,12.593368646230518,1.4707197039271875
16,s16_walk,walk,10.0,15.933079228406614,True,27.58824226207808,151.00260168051977,73,0.9873065870034909,1.0,0.978844311672485,0.0071120526346885385,0.0,74.0,73.0,0.013513513513513487,0.013333333333333308,75.0,0.04184323319706021,0.025,0.0875,27.58824226207808,0.9658862303332998,0.9305449842012601,0.0,0.7194719083304301,-0.20981834241574138,0.6873595525339025,0.0,0.9984007826249752,4.615585887903929,0.5119863340372709
16,s16_walk,walk,70.0,18.330302779822507,True,39.45045029108051,162.32392492720714,72,0.9871861362943257,1.0,0.978643560490543,0.006654409573232009,0.0,72.0,72.0,0.0,-0.008000000000000007,71.42857142857143,0.040987585381635466,0.03571428571428571,0.13095238095238096,39.45045029108051,0.9661632111199475,0.9401084998594416,0.014084507042253521,0.6993333023772114,-0.35823088017270255,0.710652580454093,3.5714285714285694,0.9473208339290207,4.4018924655610885,0.47174498038113094
16,s16_walk,walk,130.0,17.661904119961864,True,34.661057238475706,153.5274882722062,73,0.9879808918172673,1.0,0.9799681530287788,0.007028994448961747,0.0,73.0,73.0,0.0,-0.00983333333333336,72.28915662650603,0.04118442493748763,0.024096385542168676,0.13253012048192772,34.661057238475706,0.9644672633412823,0.9185721961814826,0.0,0.6030960039280744,-0.5194841845879927,0.7118873888172904,2.7108433734939723,0.9463909395504336,4.380228738380291,0.4929530185162563
16,s16_walk,walk,190.0,16.436747447919323,True,34.88074922742725,162.47448779323315,73,0.9876882978337641,1.0,0.9794804963896069,0.007275185156716409,0.0,73.0,73.0,0.0,0.0023333333333332984,73.17073170731707,0.03875221485436792,0.036585365853658534,0.10975609756097561,34.88074922742725,0.9698020385138942,0.9384640931405054,0.0,0.706401899565396,-0.20936771475116966,0.7288692406650472,1.8292682926829258,0.9350906595604108,4.301485468188284,0.45501795634102626
16,s16_walk,walk,250.0,15.31086330718523,True,35.512126254437526,180.8533563634817,73,0.9885618763407881,1.0,0.9809364605679801,0.007211910837812578,0.0,73.0,73.0,0.0,0.0023333333333332984,73.17073170731707,0.035615060192505855,0.036585365853658534,0.10975609756097561,35.512126254437526,0.9714300593001622,0.9396885403364406,0.0,0.6763241425452392,-0.4883667720344249,0.702937240852066,1.8292682926829258,1.0290410074177454,4.811406120165117,0.548349502313507
16,s16_walk,walk,310.0,23.727926431815007,True,34.559603544935214,176.0740847863005,72,0.9868083029845236,1.0,0.9780138383075394,0.0073558550807273125,0.0,72.0,72.0,0.0,0.0040000000000000036,72.28915662650603,0.05849165983884725,0.024096385542168676,0.13253012048192772,34.559603544935214,0.9700035550412368,0.9342781305370951,0.0,0.7420461121875456,-0.21507105653807956,0.6508556477382015,2.7108433734939723,1.0338184406975628,5.015687000905967,0.5438938414767316
16,s16_walk,walk,370.0,21.66453582876991,True,30.161601784756428,171.9627472468324,73,0.9856804435682958,1.0,0.9761340726138263,0.0071799187736361954,0.0,73.0,73.0,0.0,0.0023333333333332984,73.17073170731707,0.04689325294032987,0.024390243902439025,0.08536585365853659,30.161601784756428,0.9653519091600854,0.9316734333273284,0.013888888888888888,0.6986146859107413,-0.4070424794335392,0.6934484242433461,1.8292682926829258,1.0630498525592134,4.89334589200589,0.5649932043317458
17,s17_run,run,10.0,22.05989971096222,True,31.208305518456676,124.08834218679314,97,0.9866891485879765,1.0,0.9778152476466275,0.0018372213161010485,0.0,98.0,97.0,0.010204081632653073,0.003666666666666707,98.36065573770492,0.05495026319065415,0.03278688524590164,0.16393442622950818,31.208305518456676,0.949285876509434,0.883843262721043,0.010309278350515464,0.581827776138819,-0.58049874618882,0.6486018396567794,0.8606557377049171,2.6782395995703014,10.642719496052026,1.2151691798457864
17,s17_run,run,70.0,27.52290326403837,True,37.67432598879079,111.6542281629615,94,0.9824716483548117,1.0,0.9707860805913529,0.0019168378816167243,0.0,97.0,94.0,0.030927835051546393,0.030000000000000027,100.0,0.06042573174519001,0.05,0.16666666666666666,37.67432598879079,0.9397445794080656,0.8717174169323241,0.03125,0.5704568863648721,-0.38770424759476185,0.6307456328076115,2.5,2.7989530474282143,11.578803555227045,1.2984328319914409
17,s17_run,run,130.0,29.559654867341035,True,36.3318042491699,153.17020307850711,96,0.9828849037813946,1.0,0.9714748396356576,0.0016951966737621918,0.0,97.0,96.0,0.010309278350515427,0.013833333333333364,98.36065573770492,0.06068501460270272,0.03278688524590164,0.14754098360655737,36.3318042491699,0.9540778545902191,0.9071561168632915,0.020618556701030927,0.6234563134985567,-0.7047555593731278,0.652144008221734,0.8606557377049171,2.4808863939318417,10.410263371908115,1.175436878091597
17,s17_run,run,190.0,25.317154921778094,True,36.80542317726739,111.96855148540205,98,0.9853653129234049,1.0,0.9756088548723415,0.0017326677685950836,0.0,98.0,98.0,0.0,0.003666666666666707,98.36065573770492,0.04800872231763878,0.04918032786885246,0.19672131147540983,36.80542317726739,0.9524054962410263,0.9062588538626459,0.020833333333333332,0.5960083912662776,-0.724781705519459,0.6596945527444926,0.8606557377049171,2.1749330188730105,9.271369966110585,1.072010561654631
17,s17_run,run,250.0,27.052418252967083,True,32.94333252563767,100.23884519963566,96,0.9849360527827669,1.0,0.9748934213046114,0.0015882166648298799,0.0,97.0,96.0,0.010309278350515427,0.013833333333333364,98.36065573770492,0.07029067753877853,0.03278688524590164,0.13114754098360656,32.94333252563767,0.9540466739724773,0.9052019274115808,0.020833333333333332,0.6470332217100162,-0.6734247269615272,0.6160616364217272,0.8606557377049171,2.1306118474114872,9.692061500329913,1.0878764799142175
17,s17_run,run,310.0,33.19289714762243,True,41.57428354922763,124.3595839589735,96,0.9777533165459241,1.0,0.9629221942432069,0.001589444364507072,0.0,97.0,96.0,0.010309278350515427,-0.0023333333333332984,96.7741935483871,0.07479480822378225,0.04838709677419355,0.20967741935483872,41.57428354922763,0.9606369582843715,0.924692982247378,0.0,0.576236939298709,-0.6814433007374903,0.6268230643339692,0.7258064516128968,1.8637810676697668,8.358225288662013,0.8955938166130989
17,s17_run,run,370.0,26.26229870619486,True,38.82288622507812,124.28619723657737,98,0.9808275793814235,1.0,0.9680459656357059,0.0015976295409133381,0.0,98.0,98.0,0.0,0.003666666666666707,98.36065573770492,0.06170885411715967,0.04918032786885246,0.2459016393442623,38.82288622507812,0.9346020816942661,0.8772442329431849,0.03125,0.4726522848352462,-0.7302291642897938,0.6357998383095517,0.8606557377049171,2.067970000847543,8.865607046948494,1.0308198606011258
17,s17_walk,walk,10.0,28.735816091365706,True,37.43158553288409,104.15319161669345,90,0.9828152705913056,1.0,0.9713587843188427,0.002704961122025518,0.0,90.0,90.0,0.0,-0.0050000000000001155,89.55223880597015,0.0580523660663338,0.029850746268656716,0.14925373134328357,37.43158553288409,0.9770955689652149,0.952730239156561,0.0,0.46884092392235976,-0.8445072417871704,0.7364301968270541,0.4477611940298516,1.1562804035318575,5.582997951813898,0.5950939615826019
17,s17_walk,walk,70.0,30.6912944587803,True,40.205515995737656,68.96609195162837,92,0.9824854118687001,1.0,0.9708090197811668,0.002692367020771884,0.0,92.0,92.0,0.0,0.0033333333333332993,92.3076923076923,0.06273486671297913,0.03076923076923077,0.2153846153846154,40.205515995737656,0.9870240287953511,0.975939801985461,0.0,0.4260511738003315,-0.9160707784470525,0.7404527469567835,2.3076923076923066,0.80369443894787,3.602146038730613,0.19333881751265414
17,s17_walk,walk,130.0,28.102637629909836,True,32.83324501206023,81.47175620313784,92,0.9807295913076893,1.0,0.9678826521794823,0.0027973575824383184,0.0,92.0,92.0,0.0,0.0033333333333332993,92.3076923076923,0.06321928333343779,0.03076923076923077,0.2,32.83324501206023,0.9882967805471329,0.9787117092542797,0.0,0.3484560069019624,-0.9547951974669937,0.7469663786019013,2.3076923076923066,0.7492081413268283,3.5976282329344382,0.10202347343275882
17,s17_walk,walk,190.0,26.5536984448307,True,33.63306105157431,96.73652125983519,94,0.9858801151351788,1.0,0.9764668585586314,0.002888468228387759,0.0,94.0,94.0,0.0,-0.002666666666666595,93.75,0.047025278432115875,0.03125,0.125,33.63306105157431,0.9872863970747352,0.9768141896786272,0.0,0.4630874216712348,-0.8978694400192113,0.7505570167968822,3.75,0.658120940368512,3.0152246295302714,0.06677868148195368
17,s17_walk,walk,250.0,30.927778331582974,True,35.64620840865187,70.1603300313814,93,0.9794473932328058,1.0,0.9657456553880098,0.002840332745667988,0.0,93.0,93.0,0.0,0.023500000000000076,95.23809523809524,0.07225720485092646,0.031746031746031744,0.15873015873015872,35.64620840865187,0.9851417600062894,0.9734602509911349,0.0,0.4273553573298275,-0.9113697982287201,0.6927463603723519,5.238095238095241,0.649714404874776,3.0811213800054666,0.021725495765523982
17,s17_walk,walk,310.0,26.05803669879847,True,33.100637062042225,73.7608252438877,93,0.9866357848728056,1.0,0.9777263081213425,0.002630486286298505,0.0,94.0,93.0,0.010638297872340385,0.02866666666666673,96.7741935483871,0.04919860358448492,0.04838709677419355,0.16129032258064516,33.100637062042225,0.9857087223407456,0.974263139904374,0.0,0.47713942745794596,-0.7240724754233154,0.741788675434082,0.7258064516128968,0.5741350843067693,2.7149087931205482,-0.0801021692870124
17,s17_walk,walk,370.0,25.004347448075514,True,36.76428842267733,65.85969936159745,94,0.9809239254085688,1.0,0.9682065423476145,0.0025928803763546693,0.0,94.0,94.0,0.0,-0.002666666666666595,93.75,0.0656608792345174,0.046875,0.171875,36.76428842267733,0.9857968864242154,0.9736461508780606,0.0,0.4308344693473536,-0.8744597708852302,0.6568293531660075,3.75,0.669834996618978,3.28971278805216,0.11796526989186161
17,s17_sit,sit,10.0,50.35871324805646,True,67.44309770889404,174.3733368553249,71,0.9749366288273675,1.0,0.9582277147122792,0.0012175669603518638,0.0,75.0,71.0,0.053333333333333344,0.04999999999999993,78.94736842105263,0.08877115974470795,0.06578947368421052,0.2236842105263158,67.44309770889404,0.942433296726392,0.8666533255064932,0.04054054054054054,0.7113771532122897,0.014871687786242038,0.5554567696460146,3.94736842105263,0.016462429958480917,0.07650184003956895,-4.078153214767409
17,s17_sit,sit,70.0,55.60527552909677,True,79.84359711335657,179.89966339292826,69,0.9758620574076032,1.0,0.9597700956793387,0.0009798469847955669,0.0,74.0,69.0,0.06756756756756754,0.05033333333333323,77.92207792207792,0.08275576042652416,0.07142857142857142,0.36363636363636365,79.84359711335657,0.9307417256362163,0.8685539527074787,0.0273972602739726,0.800878148059007,0.3613288714039071,0.5832427712796341,2.922077922077918,0.016461174646925772,0.07587586952182868,-4.079574851000392
17,s17_sit,sit,130.0,59.900367728870584,True,110.97747519204066,164.0924001575749,51,0.972893223719213,1.0,0.9548220395320218,0.000823204215777025,0.0,64.0,51.0,0.203125,0.136,74.07407407407408,0.08899889840196232,0.06790123456790123,0.3950617283950617,110.97747519204066,0.8671289772299351,0.7864366683475854,0.140625,0.677783224247612,0.6027457255614124,0.49461377809791657,0.9259259259259238,0.016350879441652665,0.0756615509247176,-4.083723085294941
17,s17_sit,sit,190.0,54.354883251951776,True,88.74119674649424,202.19627428153402,61,0.9765841207729282,1.0,0.9609735346215469,0.0009535025450206184,0.0,69.0,61.0,0.1159420289855072,0.09150000000000014,75.9493670886076,0.07841484707760873,0.0759493670886076,0.2911392405063291,88.74119674649424,0.9089631658438998,0.8497112940105953,0.07462686567164178,0.8113256507876133,0.6250722444161898,0.5684625958337729,0.9493670886076018,0.01610229954887937,0.07492755866562817,-4.126018985187103
17,s17_sit,sit,250.0,46.38528793387192,True,61.347306896815475,185.66016527434465,64,0.9775184832968051,1.0,0.9625308054946753,0.0009982348540593057,0.0,72.0,64.0,0.11111111111111116,0.09999999999999998,80.0,0.07045562515720509,0.05333333333333334,0.18666666666666668,61.347306896815475,0.927336896108679,0.8486198016591592,0.056338028169014086,0.67890661722253,0.24322209141350903,0.5276403916379753,2.5,0.01688520281451714,0.07834889450441729,-4.062327992496451
17,s17_sit,sit,310.0,61.83400718410853,True,68.66233413620789,149.86413600077657,63,0.9768814279951552,1.0,0.9614690466585918,0.000973960022945957,0.0,70.0,63.0,0.09999999999999998,0.05500000000000005,74.07407407407408,0.06773534828122534,0.04938271604938271,0.1728395061728395,68.66233413620789,0.9250848758870878,0.8727735044578022,0.057971014492753624,0.8439951982271195,0.47432454884119446,0.588676585236015,0.9259259259259238,0.016770530274560744,0.0795544170539948,-4.0191650824912095
17,s17_sit,sit,370.0,59.60052199622601,True,86.15654832728694,168.17507884005033,62,0.9756727707344743,1.0,0.9594546178907906,0.0009681688850829007,0.0,68.0,62.0,0.08823529411764708,0.07066666666666666,73.17073170731707,0.08086454056858376,0.08536585365853659,0.2926829268292683,86.15654832728694,0.9340500352482687,0.8925648280812961,0.029411764705882353,0.916293626668539,0.5638860042097487,0.6060293180152393,1.8292682926829258,0.016448322736898755,0.07580920106976308,-4.029317797610712
18,s18_run,run,10.0,13.549741902264472,True,28.944391128123215,101.33721315109652,91,0.9849918465084917,1.0,0.9749864108474862,0.001984431041687966,0.0,91.0,91.0,0.0,-0.001000000000000112,90.9090909090909,0.05708225803832566,0.030303030303030304,0.10606060606060606,28.944391128123215,0.9532355817115257,0.917954746728064,0.011111111111111112,0.6710063905816789,-0.4056082794402438,0.6094507410553837,0.9090909090909065,1.125123627402189,6.077990165062795,0.4803567183433195
18,s18_run,run,70.0,12.689030469380986,True,33.60672201667224,122.65579661982733,86,0.9848670613205165,1.0,0.9747784355341942,0.0022323297208317284,0.0,87.0,86.0,0.011494252873563204,0.02124999999999999,88.88888888888889,0.047683139636821054,0.02962962962962963,0.2074074074074074,33.60672201667224,0.9301261228282053,0.8784785927624548,0.04597701149425287,0.5296190542139441,-0.43707290678647537,0.6221758242677983,1.1111111111111143,1.3890331694894074,6.818077338257756,0.6667527475888035
18,s18_run,run,130.0,14.821667186313944,True,25.55139063179127,95.82971007643367,88,0.9880211033875762,1.0,0.980035172312627,0.0021264585326328765,0.0,89.0,88.0,0.011235955056179803,0.006166666666666654,89.55223880597015,0.04881991812627625,0.029850746268656716,0.11940298507462686,25.55139063179127,0.9276526367721467,0.8206310852616132,0.07954545454545454,0.4716406507091444,-0.44519749510777507,0.6359841836097638,0.4477611940298516,1.3902867178230998,6.989744172949502,0.7091615345235807
18,s18_run,run,190.0,13.421607015694551,True,27.40686708904109,122.5379759729838,89,0.9825711633137877,1.0,0.9709519388563126,0.0016664810417541442,0.0,89.0,89.0,0.0,0.006166666666666654,89.55223880597015,0.04772547955270055,0.029850746268656716,0.11940298507462686,27.40686708904109,0.9650623903055084,0.913730964093522,0.011494252873563218,0.7230719020379021,-0.49185857389072574,0.7073975176075654,0.4477611940298516,1.473441187056559,7.566082288658994,0.7951708498677691
18,s18_run,run,250.0,16.754917866922245,True,43.100429914602124,135.13881751739578,86,0.9826878843131494,1.0,0.9711464738552489,0.0016603090684107259,0.0,88.0,86.0,0.022727272727272707,0.01733333333333331,89.55223880597015,0.058412105886776755,0.014925373134328358,0.3283582089552239,43.100429914602124,0.9352312038164492,0.8733511309539198,0.056818181818181816,0.7012783620519607,-0.31974318336437246,0.6376817220571344,0.4477611940298516,1.6805761054832162,8.582993652379173,0.9224062508361499
18,s18_run,run,310.0,10.671815236847808,True,19.886038958388507,170.2619465258829,89,0.9912311166151309,1.0,0.9853851943585514,0.0015392984479066462,0.0,90.0,89.0,0.011111111111111072,0.010000000000000009,90.9090909090909,0.031238153435415812,0.015151515151515152,0.09090909090909091,19.886038958388507,0.9666785225566128,0.9193927021806663,0.011235955056179775,0.7611754668620762,-0.4718770972040711,0.7111830118419608,0.9090909090909065,1.5052088372973398,7.717413633021686,0.7956176618068843
18,s18_run,run,370.0,12.493514801206503,True,21.863713728961464,142.00100603265355,92,0.9899344814935027,1.0,0.9832241358225047,0.0013632895680112229,0.0,93.0,92.0,0.010752688172043001,0.008000000000000007,93.75,0.04283048060403967,0.03125,0.078125,21.863713728961464,0.9629343411203547,0.9165143494861376,0.01098901098901099,0.767226139721495,-0.3725388904864073,0.6775966646083232,3.75,1.550848401475677,8.074671963130218,0.9012637972845812
18,s18_walk,walk,10.0,9.772140852551306,True,20.97617696340303,82.81505499203229,96,0.990137199199083,1.0,0.9835619986651385,0.0029416220668173456,0.0,96.0,96.0,0.0,0.02400000000000002,98.36065573770492,0.0531723251442179,0.01639344262295082,0.09836065573770492,20.97617696340303,0.977467359064248,0.9475094681659388,0.0,0.4532002842647121,-0.6173722950768075,0.7056663992260057,0.8606557377049171,0.7085334709531447,3.480079546876688,0.10741814897764104
18,s18_walk,walk,70.0,16.55626437666093,True,25.25142389256793,94.15560406995314,94,0.9802938665715413,1.0,0.9671564442859022,0.0034821182554162613,0.0,94.0,94.0,0.0,-0.002666666666666595,93.75,0.0603947313800344,0.03125,0.109375,25.25142389256793,0.9751986625892208,0.9444920169541261,0.0,0.2966907178590984,-0.876383089680524,0.7298182654775741,3.75,0.6088400210552283,2.9439632436245855,-0.013972501526434655
18,s18_walk,walk,130.0,12.6707288038611,True,23.124377658766583,93.31207240835913,96,0.985268873265233,1.0,0.9754481221087217,0.0029320907392041333,0.0,96.0,96.0,0.0,0.016000000000000014,97.5609756097561,0.04597481552819105,0.032520325203252036,0.11382113821138211,23.124377658766583,0.9723597671682329,0.9398276263302117,0.010416666666666666,0.22692603321622587,-0.8910104423878749,0.7525717685962539,0.06097560975609895,0.5647167652408981,2.697490798344253,-0.09531605611892661
18,s18_walk,walk,190.0,13.993854257824003,True,25.933134645226993,75.67016602316943,92,0.9852178713877596,1.0,0.9753631189795994,0.0029161880978166767,0.0,93.0,92.0,0.010752688172043001,0.023500000000000076,95.23809523809524,0.05232978929399412,0.031746031746031744,0.12698412698412698,25.933134645226993,0.9745938785470795,0.9435647848875547,0.0,0.2224862074671159,-0.9331294134006907,0.7352383203004891,5.238095238095241,0.5474247916194451,2.7179373467856447,-0.15739475737178987
18,s18_walk,walk,250.0,17.06407910492304,True,24.698178070456937,68.2602333680413,91,0.9863933460617631,1.0,0.9773222434362718,0.0024227080251322,0.0,94.0,91.0,0.03191489361702127,0.02866666666666673,96.7741935483871,0.04699843331117243,0.016129032258064516,0.14516129032258066,24.698178070456937,0.9734675664704294,0.9374309422067851,0.0,0.15586756117772685,-0.8677473954153023,0.7590820041369833,0.7258064516128968,0.5706832542678325,2.839619559830675,-0.0688833482766889
18,s18_walk,walk,310.0,13.271309640507855,True,30.123857795950343,98.45331663055113,95,0.9864563819808233,1.0,0.9774273033013723,0.002800522382421385,0.0,95.0,95.0,0.0,0.0025000000000000577,95.23809523809524,0.04419981700641647,0.031746031746031744,0.14285714285714285,30.123857795950343,0.9679973024253608,0.9359307556981753,0.010526315789473684,0.1886053557249682,-0.9425923892391248,0.780606214119643,2.261904761904759,0.6407496780174646,3.067764671146371,0.05573006081391895
18,s18_walk,walk,370.0,10.313825672367663,True,22.72652294920683,98.21623374691463,98,0.9880321941865562,1.0,0.9800536569775935,0.00304809287496501,0.0,98.0,98.0,0.0,0.003666666666666707,98.36065573770492,0.045520872633334465,0.01639344262295082,0.09836065573770492,22.72652294920683,0.9726712945760223,0.9501446518889642,0.0,0.23409409156443095,-0.9832718856128841,0.7738329332970622,0.8606557377049171,0.6151034546428312,3.0133986288802603,0.05371818145482397
18,s18_sit,sit,10.0,19.92824967565212,True,20.558858593479034,87.9393730551528,76,0.9852945899201442,1.0,0.9754909832002403,0.002088962643386231,0.0,76.0,76.0,0.0,-0.0006666666666665932,75.9493670886076,0.04836651364987056,0.012658227848101266,0.06329113924050633,20.558858593479034,0.9965354038523612,0.9929447993170635,0.0,0.919813145579648,-0.3796421484045118,0.7959027066139576,0.9493670886076018,0.016899026863411635,0.07787558040757858,-4.040993738406698
18,s18_sit,sit,70.0,17.635958352951327,True,18.599622199011083,71.95236519491807,75,0.9863064390544618,1.0,0.9771773984241029,0.001691843259483205,0.0,75.0,75.0,0.0,-0.012499999999999956,74.07407407407408,0.04825022319895011,0.012345679012345678,0.07407407407407407,18.599622199011083,0.9974217091829384,0.9938108843692991,0.0,0.8807515428530354,-0.617173823616862,0.8146430411195432,0.9259259259259238,0.01621644591556594,0.07478601025572829,-4.090919585760879
18,s18_sit,sit,130.0,19.15760158866849,True,19.590400296670403,64.75147583791744,75,0.9859082811627036,1.0,0.9765138019378393,0.0017128887099776622,0.0,75.0,75.0,0.0,-0.012499999999999956,74.07407407407408,0.04720985778558538,0.012345679012345678,0.04938271604938271,19.590400296670403,0.9982439214465012,0.9968233391448936,0.0,0.8693380515033229,-0.6628211609954131,0.8158469563846116,0.9259259259259238,0.016114045756906746,0.07412628657926668,-4.060707978840669
18,s18_sit,sit,190.0,27.793410805630433,True,28.60387767736777,80.4765219690519,78,0.9812260191145132,1.0,0.9687100318575221,0.002257526037480977,0.0,78.0,78.0,0.0,0.00550000000000006,78.43137254901961,0.06601320545457735,0.026143790849673203,0.0915032679738562,28.60387767736777,0.9947488302692332,0.9896786013792584,0.0,0.842364910343327,0.029126053781233008,0.7338803191323022,3.4313725490196134,0.017985916105113377,0.08372227798033371,-4.026273345779337
18,s18_sit,sit,250.0,21.648094604372698,True,22.65298864911299,84.2158399133304,77,0.9827461819594585,1.0,0.9712436365990974,0.00176232812905516,0.0,78.0,77.0,0.012820512820512775,-0.001000000000000112,77.92207792207792,0.05779835365150874,0.012987012987012988,0.11688311688311688,22.65298864911299,0.9961194887470689,0.9923956236951079,0.0,0.877186113934414,-0.38120778250805776,0.7815417595175171,2.922077922077918,0.016385978400204334,0.07520520102090167,-4.067666130262348
18,s18_sit,sit,310.0,24.202479211846416,True,25.469279741019687,98.12391088207019,77,0.980336973384696,1.0,0.9672282889744933,0.0018249765393485472,0.0,76.0,77.0,0.0,0.01200000000000001,76.92307692307692,0.06807181335537164,0.02564102564102564,0.11538461538461539,25.469279741019687,0.99609580655676,0.9933202389012334,0.0,0.8987300556521409,-0.06492600286938321,0.7724048975081156,1.9230769230769198,0.01697909795773215,0.07739693821614857,-4.048892950303672
18,s18_sit,sit,370.0,22.308645760681866,True,26.708300832013506,70.94213758582343,76,0.9837832999076879,1.0,0.972972166512813,0.0018822369832859048,0.0,76.0,76.0,0.0,-0.0006666666666665932,75.9493670886076,0.05766429460919576,0.02531645569620253,0.08860759493670886,26.708300832013506,0.995793793706111,0.9903255225005203,0.0,0.8932991894882716,-0.5162642641324795,0.7816376986390159,0.9493670886076018,0.017056228522514982,0.07812949633945898,-4.0614619997731145
19,s19_walk,walk,10.0,34.4059604566205,True,151.37465347370977,188.95594149453717,22,0.9588240269268242,1.0,0.9313733782113737,0.011253276854286672,0.0,44.0,22.0,0.5,0.10533333333333328,49.18032786885246,0.11575882358816167,0.09836065573770492,0.21311475409836064,151.37465347370977,0.7558378557884321,0.40502066210195875,0.45454545454545453,-0.1272925315282411,-0.49231563087204666,0.7213842739870866,11.680327868852459,1.325853217845048,6.074871471885747,0.5355474999973396
19,s19_walk,walk,70.0,18.43421342827114,True,,137.45129007345525,4,0.9653448403108279,1.0,0.9422414005180465,0.010156237713562562,0.0,35.0,4.0,0.8857142857142857,0.21250000000000002,44.44444444444444,0.05447587277255632,0.02962962962962963,0.1259259259259259,100.99504938362078,0.7909618376597035,0.4760046449085024,0.4,0.2262931835464858,-0.31080147795780144,0.7372410529400796,6.944444444444443,1.074521621783217,5.175727146825667,0.3402664616463979
19,s19_walk,walk,130.0,18.41431390309499,True,165.32795690182994,161.9178535688632,13,0.9668975996834166,1.0,0.9448293328056944,0.009505315061970224,0.0,42.0,13.0,0.6904761904761905,0.06899999999999995,45.11278195488722,0.09259318227178547,0.10150375939849623,0.21804511278195488,165.32795690182994,0.7644186309722844,0.5319458889710093,0.4634146341463415,-0.05441591668588097,0.3317996546501538,0.6284473309822469,7.612781954887218,1.052977101641707,5.466612959080473,0.4124914698164956
19,s19_walk,walk,190.0,14.595579051037037,True,133.62634470792054,135.06270944961443,26,0.9677786378378642,1.0,0.9472066889769998,0.011138948131102028,0.16666666666666666,41.0,26.0,0.36585365853658536,0.03308333333333335,42.40282685512368,0.05992370073633747,0.07773851590106007,0.18374558303886926,133.62634470792054,0.869599385705756,0.6990919190160667,0.2,-0.7731309644948805,1.69013812787425,0.6662525010549802,4.902826855123678,1.4707412534208597,6.82040108861627,0.648572248921268
19,s19_walk,walk,250.0,18.619765094495058,True,252.97181037045465,239.79157616563597,20,0.9717976025026146,1.0,0.9529960041710243,0.008226163371279899,0.0,56.0,20.0,0.6428571428571428,-0.2506666666666666,44.776119402985074,0.12648218239171935,0.14925373134328357,0.3805970149253731,252.97181037045465,0.6738273878852498,0.441450836186959,0.7142857142857143,-0.017832546264105385,1.4453098901707575,0.5442334056014682,7.276119402985074,0.8111111646130243,4.416385079355152,0.2252264474436309
19,s19_walk,walk,310.0,21.450651150546697,True,163.31564530074883,143.6249456048635,26,0.9601050826994636,1.0,0.9335084711657726,0.0071419844745745495,0.0,70.0,26.0,0.6285714285714286,0.0025000000000000577,70.17543859649123,0.18911514610942967,0.0935672514619883,0.42105263157894735,163.31564530074883,0.6662823364559254,0.42512360273502653,0.7246376811594203,-0.18700565068061145,-0.05075535779831908,0.2216753508881531,25.175438596491233,0.8426593897082671,4.082462292431776,0.36056232558983625
19,s19_walk,walk,370.0,19.758111719575965,True,148.60061526502122,314.76699456830795,29,0.9171132617633055,1.0,0.861855436272176,0.008337439735906723,0.0,64.0,29.0,0.546875,0.2746666666666666,88.23529411764706,0.15347834634460403,0.14705882352941177,0.4117647058823529,148.60061526502122,0.641367656258961,0.38643849848676803,0.78125,-0.33356348803694974,0.29778906050794873,0.26086061376445974,43.23529411764706,0.8909293521246079,4.123282044335236,0.3970949156644919
19,s19_walk,walk,430.0,12.920378098676949,True,146.31270419005799,150.3994680841658,28,0.9469066224910652,1.0,0.9115110374851085,0.01038176196050914,0.0,67.0,28.0,0.582089552238806,0.3244166666666667,99.17355371900827,0.1503674852580749,0.1487603305785124,0.6115702479338843,146.31270419005799,0.7143047058282359,0.5001845106787743,0.6363636363636364,-0.29757421475407236,0.6668302346790642,0.14308420871517866,54.17355371900827,0.9514264396748517,4.595089720909491,0.5092690550723755
19,s19_sit,sit,10.0,55.99652767012515,True,57.5885262544926,86.49421946003098,74,0.9662839089642582,1.0,0.9438065149404303,0.004095630944751181,0.0,74.0,74.0,0.0,-0.023666666666666725,72.28915662650603,0.10318505556082062,0.03614457831325301,0.3253012048192771,57.5885262544926,0.9956070785289535,0.9897745763345271,0.0,0.36999565641580384,-1.1826349081122425,0.7195957437502931,2.7108433734939723,0.01777978716974861,0.08227600525207635,-3.9758088433526906
19,s19_sit,sit,70.0,38.91143790712299,True,51.526692111953004,102.58073414410651,61,0.9698969475889794,1.0,0.9498282459816323,0.003134033134938274,0.0,65.0,61.0,0.06153846153846154,0.17666666666666664,78.94736842105263,0.1015803390940218,0.039473684210526314,0.23684210526315788,51.526692111953004,0.9437699960023335,0.9066429429639424,0.07692307692307693,-0.4441328525587709,16.71567320840558,0.4697202989814747,3.94736842105263,0.032768287245592234,0.11147901744567257,-3.19627656773618
19,s19_sit,sit,130.0,34.043570698185974,True,44.01909993877987,48.938737212968626,70,0.9693387765890331,1.0,0.948897960981722,0.002586286139013165,0.0,79.0,70.0,0.11392405063291144,0.10466666666666669,88.23529411764706,0.086359132286809,0.029411764705882353,0.20588235294117646,44.01909993877987,0.9662636476204151,0.931006404539703,0.038461538461538464,0.21960565995273548,-0.6738579357626153,0.6289116574722428,1.764705882352942,0.01672587891371755,0.07757913014187956,-3.968306014132759
19,s19_sit,sit,190.0,33.66025338923693,True,40.30726143854634,58.61740355901138,78,0.9778110621901712,1.0,0.9630184369836187,0.0036624848448060625,0.0,79.0,78.0,0.012658227848101222,0.012499999999999956,80.0,0.0588531430058447,0.04,0.13333333333333333,40.30726143854634,0.9945615907562698,0.9884851443464437,0.0,0.25617956516014434,-1.025845648134511,0.827387480874438,2.5,0.016523059289431766,0.0746322859230375,-3.962158854549883
19,s19_sit,sit,250.0,34.3422223406399,True,45.07304013896135,64.52820227535312,77,0.9769476504021999,1.0,0.9615794173369998,0.00409966979350557,0.0,82.0,77.0,0.060975609756097615,0.043333333333333224,85.71428571428571,0.0921209663536089,0.02857142857142857,0.22857142857142856,45.07304013896135,0.9803784723544144,0.9481779841698335,0.024691358024691357,0.2788514503662558,-0.51002961277185,0.7095074627871797,3.214285714285708,0.019985674646469272,0.10048014916620929,-3.7953026005819788
19,s19_sit,sit,310.0,33.468729347796604,True,43.13068988848208,95.97221820228324,79,0.9759390993607208,1.0,0.9598984989345347,0.0033722596134381933,0.0,79.0,79.0,0.0,-0.0006666666666665932,78.94736842105263,0.06053117602639664,0.039473684210526314,0.18421052631578946,43.13068988848208,0.9921405994784986,0.9814145147404097,0.0,0.2408158326441288,-1.1637333278106192,0.8284647161710461,3.94736842105263,0.01729265805320385,0.07940629866058302,-3.9188476489211754
19,s19_sit,sit,370.0,31.85845317904047,True,34.54954248721608,81.81436147516978,80,0.9843922472725196,1.0,0.9739870787875327,0.004065437103221407,0.0,80.0,80.0,0.0,-0.026666666666666616,77.92207792207792,0.05849474411848465,0.025974025974025976,0.1038961038961039,34.54954248721608,0.9956416094211238,0.9902986610783592,0.0,0.21596671444382645,-1.281457533441833,0.805796752972546,2.922077922077918,0.016711110609908274,0.07819693466876387,-3.991926311076364
19,s19_sit,sit,430.0,30.715849567186584,True,42.343331782925084,81.67627864168166,72,0.9774675219713825,1.0,0.9624458699523042,0.0036432456206367423,0.0,77.0,72.0,0.06493506493506496,0.0631666666666666,82.1917808219178,0.07814080716937735,0.0273972602739726,0.2191780821917808,42.343331782925084,0.9793373153530591,0.9516084824419168,0.02631578947368421,0.21268835151420695,-0.8013176666683148,0.7525388626155493,0.30821917808219723,0.021963815077873393,0.09611855653956347,-3.7769222307057144
19,s19_run,run,10.0,11.787684036717858,True,124.67229771758367,211.93749078442917,45,0.9713136699893348,1.0,0.9521894499822245,0.0031546710602562717,0.0,62.0,45.0,0.27419354838709675,-0.06433333333333335,58.25242718446602,0.07867165247559184,0.07281553398058252,0.39805825242718446,124.67229771758367,0.7954845266798564,0.5511797994097878,0.3548387096774194,-0.14925911954569207,0.23860772940527797,0.4694650894792156,1.747572815533978,4.118885166378633,16.474425563338897,1.759749300365339
19,s19_run,run,70.0,13.644290625264645,True,131.88198187340507,193.00259065618783,29,0.9773575825691919,1.0,0.9622626376153199,0.0030695654247870413,0.0,56.0,29.0,0.4821428571428571,0.010666666666666713,56.60377358490566,0.09653054004691268,0.08018867924528301,0.29245283018867924,131.88198187340507,0.8235146573272322,0.556386821054932,0.35714285714285715,-0.05799821000864173,7.414844996151391,0.3822030937490961,4.10377358490566,4.2295948712507885,16.7224012485777,1.7898018957228494
19,s19_run,run,130.0,7.64357523834517,True,129.54335753515687,103.12756235675825,28,0.9712452723196713,1.0,0.9520754538661188,0.003399657914176542,0.0,70.0,28.0,0.6,-0.3241666666666667,52.863436123348016,0.08792178215537087,0.07929515418502203,0.28193832599118945,129.54335753515687,0.8661331255813632,0.6859278244094412,0.21739130434782608,0.11939153301924885,-0.5355213625480344,0.5955071592680852,52.136563876651984,3.826560324472082,14.755949385882232,1.697519318986299
19,s19_run,run,190.0,7.718342797126931,True,92.39701998617478,242.77904906862673,44,0.9731491358285292,1.0,0.9552485597142153,0.003361263532598107,0.0,59.0,44.0,0.2542372881355932,-0.052166666666666694,56.074766355140184,0.06260225774230518,0.056074766355140186,0.22429906542056074,92.39701998617478,0.8883006326315287,0.819636804207192,0.10344827586206896,0.2904305175333966,-0.12071849567719939,0.3922278660535903,3.9252336448598157,4.2059159868242695,16.136921510854368,1.791770731985514
19,s19_run,run,250.0,9.66850557221794,True,147.44490496453244,144.512975196001,36,0.9789182385273261,1.0,0.9648637308788768,0.003678654500278547,0.0,61.0,36.0,0.4098360655737705,-0.10308333333333342,55.29953917050691,0.09545922631604517,0.055299539170506916,0.423963133640553,147.44490496453244,0.8059611272647614,0.4983702869944385,0.2786885245901639,-0.001915349333805353,0.027290465369330885,0.42597827559131884,4.700460829493089,4.232948923850543,16.60071177198093,1.7900715027986234
19,s19_run,run,310.0,11.17989709299247,True,153.3054601198669,122.26399653407722,40,0.9713191559044465,1.0,0.9521985931740776,0.003942838951245279,0.0,65.0,40.0,0.3846153846153846,-0.19166666666666665,54.54545454545455,0.1035418180912935,0.1,0.3181818181818182,153.3054601198669,0.7865541552580467,0.5506438549557445,0.484375,-0.5306906210756585,3.326223704842005,0.49418445320988147,5.454545454545453,3.698656125389391,16.330662329465376,1.667346327307612
19,s19_run,run,370.0,13.326974428679403,True,180.35678925000695,129.9725245690686,43,0.9681623275038864,1.0,0.9469372125064773,0.007416375130439286,0.0,59.0,43.0,0.27118644067796616,-0.03249999999999997,57.142857142857146,0.1169868827433682,0.08571428571428572,0.4380952380952381,180.35678925000695,0.8276693215673969,0.5652735822963427,0.2542372881355932,0.16694099383515265,0.24819691177714853,0.6341080094467173,2.857142857142854,4.916706901375232,21.305897590096745,1.9194110873899357
20,s20_run,run,10.0,21.23511790780036,True,38.16515357454259,101.49917897861704,77,0.9825670127801713,1.0,0.9709450213002857,0.0038444340010826833,0.0,83.0,77.0,0.07228915662650603,0.07316666666666671,89.55223880597015,0.055667506166739475,0.029850746268656716,0.14925373134328357,38.16515357454259,0.9427474257951834,0.8739763572153042,0.0,0.42277623561377536,0.44860479885488047,0.6227755106764679,0.4477611940298516,1.5848170813230582,6.969036927413013,0.7079352193509866
20,s20_run,run,70.0,19.98749609130688,True,63.538152115036745,120.21647141718975,63,0.9789583078433656,1.0,0.964930513072276,0.0027283243276106186,0.0,76.0,63.0,0.17105263157894735,0.1386666666666666,88.23529411764706,0.07950872299991259,0.058823529411764705,0.3088235294117647,63.538152115036745,0.8938057873115639,0.7416689098172873,0.14473684210526316,0.1360673703742597,0.03763332582176959,0.5623239296078556,1.764705882352942,1.6586677537191363,7.2393994593214295,0.7460303719387494
20,s20_run,run,130.0,20.48622447544958,True,53.70288632839021,125.56273332482054,76,0.9789924768793048,1.0,0.964987461465508,0.003228633360204867,0.0,83.0,76.0,0.08433734939759041,0.10083333333333333,92.3076923076923,0.07393587257044226,0.06153846153846154,0.24615384615384617,53.70288632839021,0.9335452382225954,0.8784816285402703,0.024390243902439025,0.26491744720105115,-0.137102595029166,0.589070548015525,2.3076923076923066,1.4884666300906093,6.529088108222488,0.6384278253069786
20,s20_run,run,190.0,25.927346040951146,True,47.86090958879351,120.4037325979947,76,0.97658131207313,1.0,0.9609688534552168,0.003784119785419944,0.0,83.0,76.0,0.08433734939759041,0.06624999999999992,88.88888888888889,0.07498560720016176,0.05925925925925926,0.1925925925925926,47.86090958879351,0.8845469651132624,0.7603203175946036,0.14634146341463414,0.23955518814469837,-0.08883408201634246,0.49216791390736125,1.1111111111111143,1.67739417710242,7.272006022806265,0.7789733156709693
20,s20_run,run,250.0,21.543753928539225,True,73.89711979316576,110.20641789593992,52,0.9760367625080588,1.0,0.9600612708467646,0.004383896394504722,0.0,72.0,52.0,0.2777777777777778,0.21999999999999997,92.3076923076923,0.07845694403181099,0.06153846153846154,0.46153846153846156,73.89711979316576,0.8561243548950676,0.7517180206666059,0.16901408450704225,0.13035952138540485,0.985432110541741,0.44372674736371387,2.3076923076923066,1.7127641476019773,7.318027278849232,0.7323130155748212
20,s20_run,run,310.0,24.197107265120223,True,80.04900459877625,125.71898487457945,52,0.9770027468804107,1.0,0.9616712448006843,0.008402600438084076,0.0,72.0,52.0,0.2777777777777778,0.18399999999999994,88.23529411764706,0.08085874880995102,0.08823529411764706,0.27941176470588236,80.04900459877625,0.8477711695595437,0.6701966786887229,0.2535211267605634,0.09935992708559628,0.07134248227759388,0.33452657879990755,50.73529411764706,1.6829498628060322,7.372261130998691,0.7657281673334096
20,s20_run,run,370.0,20.765355763866147,True,71.08488745499845,61.519227763483705,50,0.9769859976491276,1.0,0.9616433294152127,0.011673206654099221,0.0,71.0,50.0,0.295774647887324,0.21899999999999997,90.9090909090909,0.08326645152000028,0.06060606060606061,0.3787878787878788,71.08488745499845,0.8254961352996504,0.6421447420767504,0.3380281690140845,0.18307284563611115,-0.011242735919471336,0.3348748844326201,53.40909090909091,1.6252045171713843,7.052209350116724,0.6872602969847366
20,s20_run,run,430.0,20.221846526047496,True,96.99484522385713,,26,0.9729826286100175,1.0,0.9549710476833625,0.011018138942989423,0.0,61.0,26.0,0.5737704918032787,0.37983333333333336,98.36065573770492,0.11266335356465093,0.08196721311475409,0.4098360655737705,96.99484522385713,0.7564261774123984,0.38130466064771523,0.35,-0.22085942086383561,-0.31541490320645993,0.546615599790949,60.86065573770492,1.8792664767275413,8.447121820090302,0.8462946486010134
20,s20_walk,walk,10.0,22.788025751412896,True,233.20744903564784,137.65173446055812,29,0.9300927618183032,1.0,0.8834879363638387,0.016588865301247164,0.0,66.0,29.0,0.5606060606060606,-0.23199999999999998,53.57142857142857,0.19801572589050948,0.12053571428571429,0.44642857142857145,233.20744903564784,0.6124303431418314,0.37357373489460177,0.875,-0.7887280653810196,0.013591026809434137,0.5649857370176153,16.07142857142857,1.0483015524159045,4.57929867516628,0.5142314336872718
20,s20_walk,walk,70.0,26.862795016483695,True,158.52444606432158,89.90416353367432,21,0.9323425438415621,1.0,0.8872375730692702,0.017042515178102,0.0,60.0,21.0,0.65,0.25,80.0,0.16391110013474575,0.14,0.41333333333333333,158.52444606432158,0.5692188516969886,0.11367491158686605,0.7288135593220338,-0.3838736302795467,-0.3737033201315816,0.5559694989446566,42.5,0.8234062156731607,3.4294263917985006,0.3262499436231214
20,s20_walk,walk,130.0,26.462977093032936,True,200.4993765576342,85.2936105461599,17,0.9256482973364156,1.0,0.8760804955606927,0.013953710754441007,0.0,63.0,17.0,0.7301587301587302,0.20199999999999996,78.94736842105263,0.1485357842600104,0.25,0.5131578947368421,200.4993765576342,0.5819498632003134,0.3803606302063857,0.9206349206349206,-0.6114335737851819,-0.08633338330729767,0.5199320439999,41.44736842105263,0.7855661099050374,3.221962628790484,0.2992769452374773
20,s20_walk,walk,190.0,25.67122444889961,True,179.4993036198191,152.84796367632774,26,0.9543563905060843,1.0,0.9239273175101406,0.014252789078504878,0.0,67.0,26.0,0.6119402985074627,0.09550000000000003,74.07407407407408,0.13725144450656038,0.20987654320987653,0.38271604938271603,179.4993036198191,0.6373796337903427,0.3889787279306504,0.7761194029850746,-0.4737488997125706,-0.2670129010429392,0.4651235419972675,36.574074074074076,0.7963772877825812,3.286213991516476,0.3289829340705708
20,s20_walk,walk,250.0,20.1399597201213,True,148.24463089176382,93.719439463397,18,0.9557319546255119,1.0,0.9268940469247791,0.016463945517236928,0.23333333333333334,57.0,18.0,0.6842105263157895,0.24950000000000006,75.9493670886076,0.13881338572293359,0.16455696202531644,0.3037974683544304,148.24463089176382,0.602519964267832,0.2787636267737315,0.8035714285714286,-0.9503975345793633,0.9694447147730312,0.5437590450081277,38.4493670886076,1.0572278465813691,4.799049013754496,0.5485651071691162
20,s20_walk,walk,310.0,23.78011723906815,True,188.6354508922788,92.77212224944876,13,0.9571264730386057,1.0,0.9285441217310094,0.014879047171009852,0.0,54.0,13.0,0.7592592592592593,0.33399999999999996,81.08108108108108,0.16046791472390656,0.22297297297297297,0.47297297297297297,188.6354508922788,0.5168569386991463,0.2573005491328629,0.9622641509433962,-0.6110084191848677,-0.24890198168826938,0.4980118858492861,43.58108108108108,0.905492250377358,3.7406512754136205,0.43889666005885064
20,s20_walk,walk,370.0,24.795635289535326,True,111.5113564113344,99.8938830899464,24,0.9487981081075803,1.0,0.9184013866612037,0.014669463113178013,0.06666666666666667,65.0,24.0,0.6307692307692307,0.38249999999999995,105.26315789473684,0.2220402980824421,0.12280701754385964,0.5614035087719298,111.5113564113344,0.5781864198736303,0.32589265478849994,0.90625,-0.4662227812143424,-0.2997782859867977,0.5061564741061674,67.76315789473684,0.8991494321529496,3.688500802308699,0.4407995027462762
20,s20_sit,sit,10.0,28.678802000964367,True,33.48631561299829,89.90735972840784,76,0.9767210600175503,1.0,0.9612017666959172,0.004789971798574267,0.0,77.0,76.0,0.012987012987012991,0.024666666666666615,78.94736842105263,0.07734268857625348,0.02631578947368421,0.17105263157894737,33.48631561299829,0.987859768807211,0.970368129985503,0.0,0.6369152702991877,-0.24006880022854205,0.7240090675173472,3.94736842105263,0.020611602871803504,0.09458782406303712,-3.953937687087198
20,s20_sit,sit,70.0,33.34666400106603,True,37.48777578535879,81.20109002517513,76,0.9803158902166622,1.0,0.9671931503611038,0.0036393079961559707,0.0,79.0,76.0,0.03797468354430378,0.025666666666666615,81.08108108108108,0.06984442578823573,0.02702702702702703,0.16216216216216217,37.48777578535879,0.981336315800913,0.9560098649040292,0.0,0.3927903069833356,-0.07767194921639531,0.6975424126501454,1.4189189189189193,0.020846666627239784,0.0954543031040771,-4.029575646640046
20,s20_sit,sit,130.0,40.59348452542137,True,43.763886685002944,107.87819482190451,73,0.9690337450169635,1.0,0.9483895750282726,0.004571219555855588,0.0,73.0,73.0,0.0,0.026666666666666616,75.0,0.11536721006025481,0.03125,0.1625,43.763886685002944,0.9913548370829032,0.9830161831549397,0.0,0.620760845872779,-0.4907149415232732,0.659371525092798,7.5,0.020847354083601694,0.09426001789039695,-4.017047143834286
20,s20_sit,sit,190.0,35.739334073261865,True,39.20087831617416,59.28536158581354,80,0.9732578316719016,1.0,0.9554297194531692,0.003541937414720187,0.0,81.0,80.0,0.012345679012345734,0.03475000000000006,83.91608391608392,0.09890801721264145,0.027972027972027972,0.13986013986013987,39.20087831617416,0.983832367897959,0.9577912728452564,0.0,0.4897696403729738,-0.2076878911969886,0.6121748534768583,1.4160839160839203,0.020348898144786576,0.09377022529778323,-3.948062143388133
20,s20_sit,sit,250.0,32.4210315639639,True,35.721930771280675,85.38050426458359,72,0.9720002072799298,1.0,0.953333678799883,0.004230388478448145,0.0,76.0,72.0,0.052631578947368474,-0.01333333333333342,75.0,0.0930417790870536,0.025,0.1625,35.721930771280675,0.9919374908593858,0.9825571395578013,0.0,0.5811912117506522,-0.5075125227977098,0.7242306436479452,0.0,0.018313574427855823,0.0843744293783324,-4.017190901737097
20,s20_sit,sit,310.0,28.68938969516937,True,34.87119154832539,72.40121189504336,76,0.9727399113020301,1.0,0.9545665188367168,0.005133048149425078,0.0,76.0,76.0,0.0,-0.026000000000000023,74.07407407407408,0.08108391018249633,0.024691358024691357,0.14814814814814814,34.87119154832539,0.9867457591648487,0.9668447923403252,0.0,0.5556352373525035,-0.7217117232228971,0.7429403777732358,0.9259259259259238,0.018007740832584766,0.08323184067305966,-4.052690170129912
20,s20_sit,sit,370.0,28.185273434084525,True,33.82755973268474,80.91334684073881,80,0.9787283657672639,1.0,0.964547276278773,0.003337754335251664,0.0,82.0,80.0,0.024390243902439046,0.03649999999999998,85.1063829787234,0.07236750748543735,0.028368794326241134,0.1276595744680851,33.82755973268474,0.9825422259895726,0.9521564764152125,0.0,0.42727754358092884,-0.468365850424707,0.7106205998958568,2.6063829787234027,0.02010963693343274,0.09197017215269021,-3.9654243047733178
20,s20_sit,sit,430.0,29.146068917325657,True,32.91074115113306,77.30763602798429,78,0.9781528570369602,1.0,0.9635880950616004,0.004300149929558759,0.0,78.0,78.0,0.0,0.01200000000000001,78.94736842105263,0.074294681277272,0.013157894736842105,0.15789473684210525,32.91074115113306,0.9921300766830325,0.979275061218963,0.0,0.5833196817656569,-0.7044216024075483,0.7664553138131512,3.94736842105263,0.030596072929933247,0.09510069841161162,-3.9846087689026004
21,s21_walk,walk,10.0,13.116433064158093,True,22.156468376279893,65.83710055526298,100,0.9834843027952778,1.0,0.9724738379921296,0.005980355459250226,0.0,100.0,100.0,0.0,0.0,100.0,0.05212698114820717,0.016666666666666666,0.1,22.156468376279893,0.9814514765728276,0.9638762384641885,0.0,0.3899423137509345,-0.7349317979031715,0.7542777107045155,2.5,0.5768882728758785,2.8104992041523165,-0.04206360662908969
21,s21_walk,walk,70.0,18.153931182840157,True,24.934697319895076,62.2968608872429,93,0.9856224833862179,1.0,0.9760374723103633,0.005525093758178029,0.0,93.0,93.0,0.0,0.008000000000000007,93.75,0.054431924891603756,0.03125,0.09375,24.934697319895076,0.9896517023935838,0.979175913538679,0.0,0.4016029747591758,-0.988476041324879,0.7351918664194247,3.75,0.5118351001036265,2.4663095912407798,-0.165743528321634
21,s21_walk,walk,130.0,19.630278298767198,True,26.876391601774127,59.482789504116326,95,0.9847951975510539,1.0,0.9746586625850899,0.006425736066106169,0.0,95.0,95.0,0.0,-0.01333333333333342,93.75,0.053459787710466895,0.03125,0.140625,26.876391601774127,0.9890065636094342,0.9768384772602151,0.0,0.4485963314469958,-0.7975683527399102,0.7332601496036331,3.75,0.6127693387209192,2.9803470590194063,-0.04102601298716331
21,s21_walk,walk,190.0,19.161303597500527,True,25.01110864307209,87.28587245030988,91,0.9826123370898235,1.0,0.9710205618163726,0.007336264712975363,0.0,91.0,91.0,0.0,-0.001000000000000112,90.9090909090909,0.05392929148438883,0.030303030303030304,0.12121212121212122,25.01110864307209,0.990701687587399,0.9815759329444174,0.0,0.5090660550954723,-0.8187526166251211,0.7546459600992536,0.9090909090909065,0.5838817854255978,2.7808219580669107,-0.08386638735981788
21,s21_walk,walk,250.0,18.380497725287736,True,26.415945900198196,70.02645002928324,92,0.98766454619083,1.0,0.9794409103180501,0.007093056044054704,0.0,92.0,92.0,0.0,0.0033333333333332993,92.3076923076923,0.048808308249624066,0.03076923076923077,0.1076923076923077,26.415945900198196,0.9910286124136354,0.981040265816204,0.0,0.49819929062639595,-0.9069290754945296,0.7810349355129349,2.3076923076923066,0.5727925982543619,2.73815701677756,-0.09431608554660077
21,s21_walk,walk,310.0,19.913449087122242,True,26.111648393354677,96.3158563583718,89,0.9852396234906997,1.0,0.9753993724844994,0.0075486301778981335,0.0,89.0,89.0,0.0,0.006166666666666654,89.55223880597015,0.04991193714247348,0.029850746268656716,0.08955223880597014,26.111648393354677,0.9897349346637767,0.9792844619433361,0.0,0.5084603273351816,-0.8504734261691631,0.7757683502652781,0.4477611940298516,0.5742060620250291,2.8271088366480885,-0.026545722222244425
21,s21_walk,walk,370.0,25.61342653858939,True,27.949534353692464,94.1513339481206,86,0.9822420396693616,1.0,0.9704033994489362,0.007645177793613655,0.0,86.0,86.0,0.0,0.01100000000000001,86.95652173913044,0.05882381553403728,0.028985507246376812,0.10144927536231885,27.949534353692464,0.9896532661690656,0.9780617641030731,0.0,0.5141409515308588,-0.8233922112886392,0.7351467406563551,3.0434782608695627,0.5222488529630815,2.4404255545697584,-0.06547636555301165
21,s21_sit,sit,10.0,30.268283963325565,True,31.42171134203183,155.99908424639642,72,0.985436636837449,1.0,0.9757277280624148,0.004633542557776626,0.0,72.0,72.0,0.0,0.0040000000000000036,72.28915662650603,0.04532771790378939,0.024096385542168676,0.10843373493975904,31.42171134203183,0.9918405812914798,0.983140427617094,0.0,0.5319004029234691,-0.8706251526588709,0.8362791074122565,2.7108433734939723,0.01918210554199851,0.0886222686877094,-4.058892791651043
21,s21_sit,sit,70.0,24.47587573817602,True,28.448784391135824,99.95269151223762,76,0.9849048287970462,1.0,0.9748413813284105,0.0051792837021947865,0.0,76.0,76.0,0.0,-0.01333333333333342,75.0,0.0478974142844846,0.025,0.1,28.448784391135824,0.9940586593582289,0.9865585318070671,0.0,0.684911959375629,-0.7107501918147658,0.8484153062867572,0.0,0.016121154278271793,0.07627012359699847,-4.0695308686051765
21,s21_sit,sit,130.0,25.028591245749116,True,28.35048500466967,44.778657920132055,81,0.9837720293274295,1.0,0.9729533822123824,0.005141538377054975,0.0,81.0,81.0,0.0,0.0010000000000000009,81.08108108108108,0.07473526839619406,0.02702702702702703,0.08108108108108109,28.35048500466967,0.9946615870743603,0.9892252682549505,0.0,0.7294580113941765,-0.5907769586008325,0.7501232724928573,1.4189189189189193,0.01722939819737727,0.07909256198344394,-4.1201518186379875
21,s21_sit,sit,190.0,30.011401342266403,True,35.206159748125415,37.68647330635052,77,0.9794758033311306,1.0,0.9657930055518844,0.005083559543275328,0.0,77.0,77.0,0.0,-0.013833333333333142,75.9493670886076,0.06506005725655882,0.02531645569620253,0.13924050632911392,35.206159748125415,0.9948181688443419,0.9896439308380163,0.0,0.8230402448003581,-0.4678166025378543,0.7794023093627891,0.9493670886076018,0.01670281470953753,0.07813093133230176,-4.060397582913561
21,s21_sit,sit,250.0,28.112020814693583,True,32.782366362174,42.20584477691844,80,0.9794608201584971,1.0,0.9657680335974952,0.004917268209866936,0.0,80.0,80.0,0.0,0.0,80.0,0.06636660689145181,0.02666666666666667,0.12,32.782366362174,0.9941210153654901,0.9872821142380199,0.0,0.7889995345169408,-0.5107609192105702,0.736237843732465,2.5,0.017196716870776063,0.08058782061403313,-4.013147474972653
21,s21_sit,sit,310.0,32.111817624796615,True,36.751181622491416,87.96679995735234,78,0.9809030134780958,1.0,0.9681716891301595,0.005060481897460866,0.0,78.0,78.0,0.0,-0.001000000000000112,77.92207792207792,0.06382352420581906,0.025974025974025976,0.14285714285714285,36.751181622491416,0.9930173423469253,0.9874296428740861,0.0,0.6818731521013387,-0.7165561830618632,0.7810231595389729,2.922077922077918,0.01755991257782509,0.07981266810013743,-4.0793471058134365
21,s21_sit,sit,370.0,21.963855738558934,True,26.457513110645905,24.850906775559874,75,0.9868215135901971,1.0,0.9780358559836617,0.0053014086916738775,0.0,75.0,75.0,0.0,0.0,75.0,0.034017942048885426,0.025,0.1,26.457513110645905,0.9967823125792573,0.9941971420447134,0.0,0.7599074336750526,-0.5993847210898706,0.8633134527872451,0.0,0.017177981607093815,0.07931119550640098,-4.094250040447932
21,s21_run,run,10.0,17.985657368241426,True,27.04771612111494,53.64942562195068,96,0.9881115544248613,1.0,0.9801859240414357,0.007032376869423759,0.0,96.0,96.0,0.0,-0.008000000000000007,95.23809523809524,0.05373034547951026,0.015873015873015872,0.09523809523809523,27.04771612111494,0.9881967710837856,0.9759767921690274,0.0,0.3397107809389523,-0.8169532388089134,0.7434555603164367,5.238095238095241,1.668007073884394,7.113324535944295,0.6906011192010071
21,s21_run,run,70.0,20.938647671044293,True,28.00481499530658,38.94698280842199,90,0.9848421087108739,1.0,0.9747368478514563,0.007413546807983353,0.0,90.0,90.0,0.0,-0.0050000000000001155,89.55223880597015,0.0564466496770428,0.029850746268656716,0.08955223880597014,28.00481499530658,0.9839188532939064,0.9659430792967236,0.0,0.26132132238480366,-0.9776422992717015,0.7850548953397988,0.4477611940298516,1.663793433710066,7.450144280753523,0.7344102086115304
21,s21_run,run,130.0,25.266026458929183,True,36.19706165874894,97.83175676424781,89,0.9841770434649875,1.0,0.9736284057749791,0.005743316994608377,0.0,89.0,89.0,0.0,0.006166666666666654,89.55223880597015,0.057760921180714346,0.04477611940298507,0.13432835820895522,36.19706165874894,0.9827311865840607,0.9626141922146325,0.0,0.33285113635870534,-0.5333583063308889,0.7462758514597257,0.4477611940298516,1.3680682085612679,6.247605822725013,0.5827339524915439
21,s21_run,run,190.0,21.3232576939185,True,29.314512776791283,62.736509029570584,92,0.9821828400542052,1.0,0.9703047334236754,0.006831300458660022,0.0,92.0,92.0,0.0,0.01866666666666672,93.75,0.05677703875994353,0.03125,0.140625,29.314512776791283,0.9867946127216022,0.9709933401782096,0.0,0.34405444680845837,-0.9039986369625859,0.7393350408210132,3.75,1.2652435209407464,5.7322313264208615,0.4800545888885951
21,s21_run,run,250.0,19.748986604636958,True,25.22426879542272,72.3500090499221,92,0.9867001328027036,1.0,0.9778335546711725,0.00763641877782162,0.0,92.0,92.0,0.0,-0.01200000000000001,90.9090909090909,0.04805076353684435,0.030303030303030304,0.12121212121212122,25.22426879542272,0.9860693835426007,0.9697293070186529,0.0,0.39041661110459747,-0.7892780206942418,0.7784413652961493,0.9090909090909065,1.1501566533058152,5.38174198169959,0.4561783442746271
21,s21_run,run,310.0,18.510096053607572,True,27.454752609707032,49.526493548588626,94,0.9821423745736804,1.0,0.9702372909561341,0.005364796911317072,0.0,94.0,94.0,0.0,0.013000000000000012,95.23809523809524,0.05433749098275483,0.031746031746031744,0.12698412698412698,27.454752609707032,0.9826069155732443,0.9621764071709829,0.0,0.24436301616891748,-0.8709142116927726,0.7349574242161183,2.261904761904759,1.0661967992205224,4.988907074883314,0.461167525171349
21,s21_run,run,370.0,27.195587877444332,True,34.18301129025302,50.02499375312305,93,0.9847139998619977,1.0,0.9745233331033296,0.00416287216841224,0.0,93.0,93.0,0.0,0.008000000000000007,93.75,0.07382853686977218,0.03125,0.1875,34.18301129025302,0.9784014065626245,0.9636400107315938,0.0,0.30725488749649627,-0.3627550821894765,0.7232847351079658,3.75,1.124069588946885,5.402292652631265,0.5295487124241169
22,s22_walk,walk,10.0,24.716655183868998,True,30.95261727429576,69.02380541730305,94,0.9570598548810085,1.0,0.9284330914683476,0.006445963724014861,0.0,94.0,94.0,0.0,0.013000000000000012,95.23809523809524,0.07671830284142989,0.031746031746031744,0.14285714285714285,30.95261727429576,0.9857855514030082,0.9685485938846159,0.0,0.4398171272785232,-1.0027193098319043,0.6352504878511915,2.261904761904759,0.5099460329578187,2.6331462435424537,-0.16553072408278235
22,s22_walk,walk,70.0,26.63716316612022,True,28.760631304675464,54.14236186977079,93,0.9813558821347215,1.0,0.9689264702245357,0.0074902469754926536,0.0,93.0,93.0,0.0,-0.007500000000000062,92.3076923076923,0.0566366207506688,0.03076923076923077,0.1076923076923077,28.760631304675464,0.9926232548261774,0.9857900746825308,0.0,0.4745510995608118,-1.075983626946127,0.7611634405983836,2.3076923076923066,0.3942403952942573,1.8217406076325808,-0.425410416987813
22,s22_walk,walk,130.0,22.712965193445967,True,30.53969985652663,44.04837954181448,102,0.9789714221358641,1.0,0.96495237022644,0.007042508982540624,0.0,102.0,102.0,0.0,-0.0030000000000001137,101.69491525423729,0.06908490433875898,0.03389830508474576,0.1864406779661017,30.53969985652663,0.980075982750228,0.9532542425033024,0.0,0.4293141017337333,-0.9601287104351681,0.7083519278295124,4.194915254237287,0.4770892808573344,2.3290323819692667,-0.2756430534286652
22,s22_walk,walk,190.0,29.391011873488853,True,32.293298729878046,65.20185619506589,92,0.9804272822926865,1.0,0.9673788038211442,0.008148320194613113,0.0,93.0,92.0,0.010752688172043001,0.05449999999999999,98.36065573770492,0.08152010323812955,0.03278688524590164,0.16393442622950818,32.293298729878046,0.9844109143598929,0.9674779618025242,0.0,0.3401272209961982,-0.4492677280892714,0.6515772570469162,0.8606557377049171,0.600922684718596,3.020177245381648,0.01851369368814388
22,s22_walk,walk,250.0,23.68409107846361,True,27.249829201104394,60.99401831548951,95,0.9776634964556781,1.0,0.9627724940927969,0.009661994516216105,0.0,96.0,95.0,0.01041666666666663,0.008000000000000118,96.7741935483871,0.07904034161751144,0.03225806451612903,0.11290322580645161,27.249829201104394,0.9864980921231951,0.9675978879329454,0.0,0.48990356834349935,-1.0254268923178045,0.6051289003841854,6.774193548387103,0.5030378964099455,2.4661653715765706,-0.1484091057036003
22,s22_walk,walk,310.0,20.22400866088881,True,24.974213505257488,59.366019946803945,98,0.9763227895610255,1.0,0.9605379826017091,0.00927755599401427,0.0,98.0,98.0,0.0,0.003666666666666707,98.36065573770492,0.08790202567614597,0.01639344262295082,0.11475409836065574,24.974213505257488,0.9841910400773202,0.9689220527077989,0.0,0.41985023261240795,-0.7384572692864726,0.5767558710323978,8.360655737704917,0.40251351113211287,1.9998646256832995,-0.3127875734960312
22,s22_walk,walk,370.0,21.780334678865962,True,29.8416875492904,60.48996730515163,96,0.9780596661733921,1.0,0.9634327769556534,0.008151224311262624,0.0,96.0,96.0,0.0,-0.008000000000000007,95.23809523809524,0.09060785769920911,0.031746031746031744,0.14285714285714285,29.8416875492904,0.983106075072235,0.9618256162330966,0.0,0.5158303812491039,-0.8780758298133278,0.6194046611898868,5.238095238095241,0.5375035671750227,2.6669612371767144,-0.06688774987101112
22,s22_run,run,10.0,22.906675653042004,True,28.835059808457192,73.39851341922328,90,0.977562958948207,1.0,0.962604931580345,0.007871769017241783,0.0,93.0,90.0,0.032258064516129004,0.039000000000000035,96.7741935483871,0.10139700698541176,0.03225806451612903,0.14516129032258066,28.835059808457192,0.9792930533042764,0.9520791067653622,0.0,0.47437218885422167,-0.5812913943510671,0.5325326919381446,0.7258064516128968,1.8691817129214428,8.818730815265667,0.9974686282992388
22,s22_run,run,70.0,20.734949827041635,True,32.50693819675786,42.64878566757697,98,0.9823110707798701,1.0,0.9705184512997835,0.008682451818340937,0.0,99.0,98.0,0.010101010101010055,-0.00649999999999995,98.36065573770492,0.060358189628626394,0.03278688524590164,0.13114754098360656,32.50693819675786,0.9796886045491492,0.9532100505713328,0.0,0.34659443336984463,-0.9415688861326568,0.7634937628654158,0.8606557377049171,2.1457693379954095,9.583948851800901,1.052252647755994
22,s22_run,run,130.0,25.038465032482673,True,36.43706319763003,64.59219688734993,95,0.9730462561934068,1.0,0.9550770936556779,0.009133485958942696,0.0,95.0,95.0,0.0,0.0025000000000000577,95.23809523809524,0.09160553435537173,0.031746031746031744,0.19047619047619047,36.43706319763003,0.9805814638460701,0.9575526984440721,0.0,0.36608905831006855,-0.9643091291172579,0.6474042681433814,5.238095238095241,1.859097641076161,8.97564499832389,1.0039449886926062
22,s22_run,run,190.0,26.46244262280303,True,32.581259360842104,70.56113122276754,92,0.9811510800185751,1.0,0.9685851333642919,0.0099067857357188,0.0,93.0,92.0,0.010752688172043001,0.015750000000000042,94.48818897637796,0.07334719305019825,0.031496062992125984,0.12598425196850394,32.581259360842104,0.9867887385140398,0.9716688769845675,0.0,0.44156970409033464,-1.0334166643127547,0.7132967869621746,4.488188976377955,1.3154144308247047,6.18523806530837,0.611215556408948
22,s22_run,run,250.0,17.94993036198449,True,26.515301704672265,63.17269563414411,99,0.9787344623165848,1.0,0.9645574371943078,0.009385805099682822,0.0,100.0,99.0,0.010000000000000009,0.033333333333333326,103.44827586206897,0.06944192641502095,0.017241379310344827,0.15517241379310345,26.515301704672265,0.9778361409471789,0.9523050262653662,0.0,0.3633126626750937,-0.8600978048243184,0.7251489123509013,1.551724137931032,1.1977476619544416,5.790635777751414,0.5980818958506348
22,s22_run,run,310.0,20.971261631896585,True,26.41891715558133,47.94441225697387,99,0.9788863613499731,1.0,0.9648106022499552,0.009724358273329419,0.0,99.0,99.0,0.0,0.010000000000000009,100.0,0.07055697715435422,0.03333333333333333,0.16666666666666666,26.41891715558133,0.9825841810440608,0.9644425339134834,0.0,0.3429869641006897,-0.9199885037342099,0.6105038123184734,5.0,1.085328544873489,5.378476460415968,0.4854842892647836
22,s22_run,run,370.0,23.584023947730685,True,29.137254363387342,56.04022063762708,99,0.9801044052740109,1.0,0.9668406754566847,0.010993649833698091,0.0,99.0,99.0,0.0,0.010000000000000009,100.0,0.062139339098043034,0.03333333333333333,0.13333333333333333,29.137254363387342,0.9832759220066044,0.9592332269108826,0.0,0.34487716963295345,-1.076838216860942,0.7646577323753965,2.5,1.206629489322866,6.0902580893684135,0.5318949727858137
22,s22_sit,sit,10.0,36.19571618479001,True,37.416573867739416,83.27212363896135,80,0.9740903506261355,1.0,0.9568172510435591,0.006681025086136563,0.0,80.0,80.0,0.0,-0.01333333333333342,78.94736842105263,0.08727117498797575,0.02631578947368421,0.14473684210526316,37.416573867739416,0.9939274124368798,0.9855710910475928,0.0,0.6068436512557656,-0.8834696009078797,0.6975903808456018,3.94736842105263,0.01906661258575841,0.08506839679791156,-4.072831476346181
22,s22_sit,sit,70.0,26.823869966878778,True,28.95095671539789,67.44831623042076,77,0.9816620873724324,1.0,0.9694368122873873,0.00628759338609111,0.0,77.0,77.0,0.0,-0.001000000000000112,76.92307692307692,0.04779868668829107,0.02564102564102564,0.08974358974358974,28.95095671539789,0.9966474922070092,0.9929692292409603,0.0,0.6283118395538656,-0.9421485227273898,0.8137701284165062,1.9230769230769198,0.019071398879571398,0.08495881972068453,-4.0778744191793646
22,s22_sit,sit,130.0,32.924155266308446,True,35.33849917313303,69.59766961930806,85,0.9769524900800195,1.0,0.9615874834666992,0.006210643130510731,0.0,85.0,85.0,0.0,0.022500000000000075,86.95652173913044,0.0860897309976164,0.021739130434782608,0.2028985507246377,35.33849917313303,0.992431148805848,0.9833514431640227,0.0,0.50722183756906,-0.9531551044131112,0.6283730227880243,3.0434782608695627,0.019403144554868378,0.08685395413330177,-4.088111426070644
22,s22_sit,sit,190.0,35.58020825560747,True,38.43316840614289,74.31464638055319,84,0.9745224192519746,1.0,0.9575373654199577,0.00625057550726341,0.0,84.0,84.0,0.0,0.005999999999999894,84.50704225352112,0.09714846113456974,0.028169014084507043,0.15492957746478872,38.43316840614289,0.9937065094172074,0.9871569308017578,0.0,0.5488690549844951,-0.9678278100773396,0.6764663806194351,2.0070422535211208,0.02017089985247898,0.08952357718724357,-4.063796729214753
22,s22_sit,sit,250.0,35.191782257530974,True,34.366860215636244,78.84721375472387,75,0.9741416803602818,1.0,0.9569028006004696,0.0066359429816627334,0.0,81.0,75.0,0.07407407407407407,-0.012499999999999956,80.0,0.07645688585109785,0.02666666666666667,0.14666666666666667,34.366860215636244,0.9945062752392642,0.9868781924781271,0.0,0.5727058840893512,-0.9701792256560751,0.7318501611212788,2.5,0.01997268223899617,0.08933177025635786,-4.072076492043503
22,s22_sit,sit,310.0,34.62889680349431,True,32.791899029719346,76.49048078547847,82,0.9739252247416245,1.0,0.9565420412360407,0.006384715861345272,0.0,82.0,82.0,0.0,0.009166666666666656,82.75862068965517,0.09652739140335444,0.027586206896551724,0.1103448275862069,32.791899029719346,0.9912415991050596,0.9804772896661951,0.0,0.5594356219324155,-0.9210025954072152,0.5826971587404894,7.758620689655174,0.02032879842336026,0.09049965137674931,-4.046914761821801
22,s22_sit,sit,370.0,34.005347173108895,True,39.18472965294878,71.45670441645491,80,0.9683406242393968,1.0,0.9472343737323281,0.006141198931914938,0.0,80.0,80.0,0.0,-0.026666666666666616,77.92207792207792,0.10936753766595667,0.025974025974025976,0.15584415584415584,39.18472965294878,0.9930200987512936,0.984655743375775,0.0,0.595728360740117,-0.8900436780966814,0.673665602790322,2.922077922077918,0.020086138670272424,0.09039793756885572,-4.09231422665945
