sqi_full,sqi_per,acc_sd,tmpl_corr_mean,reject_frac,rr_diff_max_rel,skewness,spec_purity,logistic,gbm,gbm_no_rmssd,oracle,subject,t0
0.9820259393489504,0.9700432322482506,-1.871424990183384,0.946649700195348,-0.0344827586206896,-0.1705426356589147,0.3534058048991934,0.6732480853122501,0.008647581489027698,-3.6175111072199333,-3.41941252216532,-40.76291380200817,1,10.0
0.9846969802934218,0.974494967155703,-2.0069922900764587,0.9282549959553964,-0.0319148936170212,-0.1774193548387097,0.2996498324136327,0.7039578313532949,0.0034115016165386937,-3.2063965254994975,-3.3310730850565635,-31.011243204733276,1,70.0
0.9844030603505216,0.9740051005842028,-1.7616182180621445,0.9456217421389884,-0.0,-0.25,0.324225649918605,0.6997086441795148,0.005402303251219957,-3.74378886290689,-3.705606306296312,-41.3545863046017,1,130.0
0.9842976950926314,0.9738294918210524,-1.8537063008697128,0.93774190844336,-0.0,-0.1984732824427481,0.3013006134231275,0.7202630798960789,0.0054591481432518275,-3.5252843844800843,-3.390506271892441,-38.86640907034278,1,190.0
0.9813204405661492,0.968867400943582,-2.0027061327817757,0.9440939920423074,-0.0227272727272727,-0.2537313432835821,0.4251870160899078,0.7152693708502504,0.0060835177296536085,-3.7163106536297588,-3.6838168325162686,-39.366172464995046,1,250.0
0.983617365234033,0.9726956087233884,-1.7132970968834824,0.9422905662235724,-0.0,-0.21875,0.4029702650196463,0.7070124833791055,0.005757858492130933,-3.643148567416317,-3.5871081710622903,-41.6278076605562,1,310.0
0.9831367714591668,0.9718946190986116,-1.6570024262631056,0.9577438621467697,-0.010752688172043,-0.2307692307692307,0.3968931217015487,0.7891583352853664,0.013521606593607311,-3.4574026512739087,-3.349585461088124,-41.50633408212855,1,370.0
0.9842178798853812,0.9736964664756356,-1.792174533558435,0.9450876947604974,-0.010752688172043,-0.21875,0.3082664987630127,0.723397788568241,0.005869209025154087,-3.6468620878933815,-3.5828563884450437,-38.278269714588056,1,430.0
0.8270061865148577,0.7116769775247627,-1.4834762401683257,0.8441910616854658,-0.9047619047619048,-1.805825242718447,0.4172175874713783,0.5084198357876829,2.522489428030794e-08,-5.196385135727204,-4.777765998570377,,1,10.0
0.8411874184802348,0.7353123641337246,-1.796036146449912,0.8299615051958353,-0.92,-0.2476190476190476,0.146377991871296,0.5344670549682183,5.735983880018222e-05,-3.776945166213178,-3.8064270369353532,,1,70.0
0.8659170666369479,0.7765284443949132,-2.039732619871776,0.8388951335187314,-0.9555555555555556,-2.8058252427184467,0.2514711403260576,0.660030102311633,1.0469325879528223e-05,-3.925112195392372,-4.106090265963924,,1,130.0
0.8833447655458254,0.8055746092430424,-1.9874366033465385,0.7556759152528663,-0.7678571428571428,-0.4153846153846154,0.0150410289512277,0.5813963402303515,1.7581964818967515e-07,-4.799945240316407,-4.671566575008294,-105.51937265397896,1,190.0
0.9221484801773324,0.8702474669622208,-1.625697633591938,0.8360944707374501,-0.4137931034482759,-0.3333333333333333,0.1985123211904564,0.4908557320385964,9.823677689497419e-06,-4.494384864667454,-4.456594379440851,-82.79367672692047,1,250.0
0.9522412461011168,0.9204020768351948,-1.9496813368848736,0.7607628390486859,-0.607843137254902,-0.5333333333333333,0.2597841953538408,0.484884096568598,3.9959179951958315e-08,-5.200660317835698,-5.083691699451271,-171.97461093374488,1,310.0
0.9591662223416012,0.9319437039026688,-1.788525575733936,0.8218013662759327,-0.3015873015873016,-0.4473684210526316,0.0749896954283072,0.4868035205319503,2.4432394011131486e-06,-4.736097690015865,-4.61850531551114,-97.34440614588875,1,370.0
0.9687928508680836,0.9479880847801394,-1.808353633762744,0.8826906276873179,-0.2028985507246377,-0.3287671232876712,0.1181020889434676,0.6067604033986325,7.418138144984361e-05,-4.138754755863034,-3.983514733506685,-69.66512807667638,1,430.0
0.9865773237093513,0.9776288728489186,-0.0155717270322725,0.9976419695021634,-0.0,-0.0864197530864197,0.68487839500232,0.8218840355205184,0.8035977259481237,-1.0116754204009832,-0.9360940757163589,-4.802559140601321,1,10.0
0.9843203663692728,0.9738672772821212,-0.01557269078526,0.9959855485337272,-0.0,-0.0875,0.6578447214701117,0.7898297810337634,0.839504898017183,-0.9935669518998361,-0.9670843613462172,-2.4057940353170473,1,70.0
0.9901152258655036,0.983525376442506,-0.0157008587213241,0.9973285958868536,-0.0,-0.074074074074074,0.5809497472451083,0.829861095599496,0.7793567528793215,-0.7612956864085589,-0.7347324588127097,-1.9702492100247255,1,130.0
0.9892516312704408,0.9820860521174016,-0.0158055247013909,0.9967877705405684,-0.0,-0.1395348837209302,0.6570052850550012,0.7802258137259402,0.7820656469249387,-0.893538012295059,-0.8461290995726043,-1.5675479889877622,1,190.0
0.9785377863830438,0.9642296439717396,-0.0156869829274729,0.9971644863765026,-0.0,-0.0930232558139534,0.7047158296603605,0.7572638247870439,0.8825028772013827,-0.8021108102578676,-0.8551447499924336,-2.177731804001816,1,250.0
0.9813549867347956,0.9689249778913258,-0.0157327770815578,0.9970794496721536,-0.0,-0.1301775147928994,0.7381688144655915,0.7620811288445617,0.8495858105036888,-1.013711223122162,-1.0230382794431665,-2.2508908171140476,1,310.0
0.9827445989987678,0.9712409983312796,-0.0156341457554338,0.9976321199559532,-0.0,-0.0946745562130177,0.7091462474631517,0.7494357412147054,0.8528596738399504,-1.0040913671643024,-0.9895152360286857,-3.5235840844303716,1,370.0
0.9842510755172554,0.9737517925287592,-0.0160237350364995,0.9971208738925048,-0.0,-0.1077844311377245,0.6672899671885012,0.7830307056952494,0.7988757167298496,-1.2048908629241672,-1.1553591910579366,-4.853542620410341,1,430.0
0.952346444427911,0.9205774073798516,-0.6725214116222058,0.8370601259192164,-0.219047619047619,-0.1956521739130435,0.2634367254536251,0.4489827677887954,5.48627555931966e-05,-3.503060741000375,-3.4588375969625313,-32.608610804988984,2,10.0
0.9828415593107253,0.9714025988512084,-0.5824681727220735,0.8185156047773197,-0.2666666666666667,-0.2666666666666666,0.1231536429637011,0.5252301326777339,1.875378781697725e-05,-3.9236592284604157,-3.976997123909198,-36.34001495300247,2,70.0
0.9827773520004794,0.9712955866674656,-0.5138449839053834,0.8340823349968061,-0.1339285714285714,-0.1956521739130435,0.3967285519685631,0.5979633391175679,0.0002928449963980242,-3.226438566791803,-3.4832487110323216,-32.36795084501983,2,130.0
0.98705852187718,0.9784308697953,-0.4508690057725606,0.8559128830950017,-0.1327433628318584,-0.1702127659574468,0.3125222732270099,0.6370969942110513,0.0005378429487619127,-2.9672343318264924,-3.16669032956029,-24.04483351707754,2,190.0
0.98371555679621,0.9728592613270164,-0.5105386910458174,0.7833432221124793,-0.3666666666666667,-0.391304347826087,0.1118650951094497,0.3551424847877746,2.5737204468877726e-06,-4.020757280251417,-4.1515911059344965,-39.27041891326551,2,250.0
0.9845697868733644,0.974282978122274,-0.4230488791191379,0.8172136090251667,-0.2285714285714285,-0.2666666666666666,0.0403321015093527,0.4258545349188355,6.1340937515113785e-06,-3.9823466534869105,-3.86878435230882,-30.924110904348932,2,310.0
0.9850789104033784,0.975131517338964,-0.3386332819341985,0.8743282257948548,-0.0840336134453781,-0.1521739130434782,0.2202886860255255,0.6406979068060386,0.0014410940381014128,-3.0035455229949326,-3.1009809534309927,-25.17988927150258,2,370.0
0.9853218149881752,0.9755363583136254,-0.3349340654535075,0.8744312276000761,-0.0749999999999999,-0.1739130434782608,0.4758793664907841,0.643328947159422,0.0033746367785000946,-2.953937634700541,-2.9767538163027014,-24.70775469339621,2,430.0
0.973570205468364,0.9559503424472732,-3.482916686603191,0.8646284512917317,-0.2967032967032966,-0.4130434782608695,0.2128910632617726,0.7568711363688537,7.65742788074185e-06,-4.159621989403218,-4.47176292570057,-73.07908593362305,2,10.0
0.972657596464238,0.9544293274403964,-2.9982068786170677,0.8508950099342796,-0.183673469387755,-0.4468085106382978,0.0003964943295017,0.5284636298597775,1.244650261632619e-06,-3.8593366126458077,-4.177618844206828,-65.99853075592075,2,70.0
0.9716932999415974,0.952822166569329,-2.835321107442259,0.8723918716847965,-0.2608695652173913,-0.2666666666666666,0.2616079261620098,0.4864145559401094,1.1948034344755203e-05,-4.106559887012007,-4.301089088822453,-47.30007566301531,2,130.0
0.9810629991158772,0.9684383318597952,-2.9089545331775857,0.8836420286884756,-0.2365591397849462,-0.3695652173913043,0.1984580619514735,0.4914335229476313,8.732187067487242e-06,-4.15973141323148,-4.169786032476761,-52.32814929534123,2,190.0
0.9801492004036128,0.9669153340060216,-2.7158708580592483,0.8898805973757029,-0.2282608695652174,-0.2666666666666666,0.0743227792198118,0.4695342982275826,2.5574647558154772e-05,-4.113069383405761,-3.9636587934960827,-42.2527837564415,2,250.0
0.9767425576144962,0.9612375960241604,-2.65877748253897,0.8668978134778726,-0.3258426966292135,-0.3595505617977528,0.2367643603325893,0.4239437592315733,3.5844528579238954e-06,-4.144333785592863,-4.23201706593086,-59.382841698770086,2,310.0
0.9722078292451836,0.9536797154086396,-3.5826029859536095,0.8784225121583414,-0.2315789473684211,-0.3636363636363636,0.144760549500118,0.5425877896228586,6.4859174771137165e-06,-4.156309743384511,-4.288526885024507,-69.29763051148353,2,370.0
0.978204438460683,0.9636740641011384,-3.5005659027260085,0.9034514869282768,-0.3033707865168539,-0.3255813953488372,0.1287700844247856,0.4961423710209103,9.933556473043644e-06,-4.119089568216908,-4.3165441368503314,-48.350238254273044,2,430.0
0.9915935878466366,0.9859893130777276,-0.0136353697705318,0.9840775889989232,-0.0,-0.0612244897959183,0.6484012412045619,0.9236046879386844,0.9527583445972687,-1.292628707999504,-1.3650376341384203,-5.472732783983075,2,10.0
0.9916460591906326,0.986076765317721,-0.0134723429553804,0.9887729529801884,-0.0,-0.0408163265306122,0.6885166069141246,0.9492673104457788,0.9665166561504223,-1.2747520372566734,-1.3225753114879837,-5.484389429623567,2,70.0
0.992402933800714,0.98733822300119,-0.0136000390628376,0.9803554031340852,-0.0,-0.0408163265306122,0.6821869284775709,0.9333081328487836,0.9531565022689479,-1.8107595972596535,-1.9320061216683617,-6.250957450323499,2,130.0
0.9935527684197342,0.9892546140328904,-0.013746666232776,0.977433010811,-0.0,-0.0612244897959183,0.6723650819784615,0.9181128921949444,0.9477283388636666,-1.9263775187574321,-2.0249905101678607,-5.470711882891411,2,190.0
0.9924877388120028,0.9874795646866712,-0.0136942454598988,0.988286683460056,-0.008130081300813,-0.0612244897959183,0.6745065158227563,0.9601267661206688,0.9544644569583846,-1.296389944107662,-1.3375690284346424,-6.511190397697993,2,250.0
0.988882216991269,0.9814703616521152,-0.0131540093260484,0.980016899396627,-0.0,-0.0784313725490196,0.6273906257511652,0.8393064326038764,0.9150049012388588,-1.8107595972596535,-1.9695730036654597,-2.9758998802475602,2,310.0
0.991490557544871,0.9858175959081183,-0.0130597725193515,0.9906522358905596,-0.0,-0.0392156862745098,0.6531969912240901,0.9522895144401048,0.9658789906280931,-1.2564104132661331,-1.3546755129971881,-3.4530944413115963,2,370.0
0.993674020205219,0.9894567003420316,-0.0128827129673747,0.9906217725567892,-0.0,-0.06,0.6338384372676359,0.9570495885648582,0.9606907245480031,-1.129222850164681,-1.2329476474192782,-3.7902911745407257,2,430.0
0.9780453953812134,0.9634089923020224,-0.0188429934324824,0.9969414685962188,-0.0,-0.1341463414634146,0.6428141290841324,0.7135782727366867,0.8711853606217954,-1.0760850758316343,-1.0083102025923625,-4.249203289483113,3,10.0
0.9797105691274276,0.9661842818790464,-0.0171584476182751,0.9972306544164864,-0.0,-0.0838323353293413,0.6260634029699372,0.7184685888304245,0.9087589230027513,-1.277557403727303,-1.196857930214019,-3.6005911871274208,3,70.0
0.9811742775918753,0.9686237959864588,-0.016501392137037,0.9968806317381754,-0.0,-0.1111111111111111,0.6039873743000762,0.7601399073519195,0.8790160454199534,-1.1424113570257446,-1.1099094935254663,-4.999462518820657,3,130.0
0.9844441461902153,0.974073576983692,-0.018229083207378,0.996290596975954,-0.0,-0.0909090909090909,0.5871313720268028,0.7678123725727009,0.8474192920056152,-1.073369686730864,-1.0128749361492608,-4.131612019640677,3,190.0
0.9814384356656382,0.9690640594427304,-0.0174489649006892,0.9970247710038912,-0.0,-0.1097560975609756,0.6143940918166176,0.746116991397222,0.8754630925656547,-1.1214335185470161,-1.039318237844081,-1.8116294243602695,3,250.0
0.9786270977737644,0.9643784962896071,-0.0184672627747117,0.9956669617992798,-0.0,-0.1428571428571428,0.5783429150828053,0.7276832980331746,0.8306456902397673,-1.3483637027537843,-1.2410223609729478,-7.3655861885318785,3,310.0
0.9760138047962146,0.9600230079936912,-0.0172170218060322,0.9966703754950674,-0.0,-0.1463414634146341,0.6312322240347482,0.6986229448603718,0.8508616932505595,-1.17376009240009,-1.115690404286587,-4.2830784000576685,3,370.0
0.9806483600171904,0.9677472666953172,-0.0170336294950047,0.9967634089196528,-0.0,-0.1176470588235294,0.6422756617586933,0.7603266114511003,0.8499870041787915,-1.2935424854374964,-1.211605190000904,-4.535850666058984,3,430.0
0.9832729097777132,0.9721215162961884,-0.5872685739874917,0.9821628692315092,-0.0,-0.088235294117647,0.7313240164469319,0.5831338828208719,0.34185121968133014,-2.082062737474894,-2.0276492255080276,-7.7419317346422645,3,10.0
0.987863951512826,0.9797732525213768,-0.5195229404501652,0.9839171457600592,-0.0,-0.0704225352112676,0.6920884678765452,0.665771797288552,0.45087056547506965,-1.9389280862582832,-1.8833774938661554,-5.687870273230709,3,70.0
0.985350539522933,0.9755842325382218,-0.3981406607272359,0.9897137011908592,-0.0,-0.0869565217391304,0.7349511863082003,0.6652933339209116,0.4854704454179734,-1.6727327058499972,-1.6957231735686285,-6.577240959052858,3,130.0
0.9879868315136224,0.979978052522704,-0.4003306279423639,0.9924366653272172,-0.0,-0.1126760563380281,0.7249492843853543,0.7281790112728178,0.4914539870202201,-1.593075017458389,-1.6044360451208404,-5.61749309571174,3,190.0
0.9906939638178448,0.9844899396964076,-0.3533016166672422,0.9892921384072768,-0.0,-0.0571428571428571,0.665272326832173,0.7272131279642042,0.4834508996506723,-1.81400265525821,-1.7931408104715045,-6.223996750504542,3,250.0
0.9813924947329788,0.9689874912216316,-0.4283189128220709,0.986081568299346,-0.0,-0.1029411764705882,0.7018850543941432,0.6044592861396604,0.4616072167386709,-1.7108399651214135,-1.696485015665871,-4.146788091128723,3,310.0
0.9842274835515455,0.9737124725859096,-0.4380956384901079,0.9882045942178416,-0.0,-0.1142857142857142,0.6875868734982891,0.6774853980229784,0.4478895084127803,-1.9250975033995585,-1.9659513216171065,-3.7674320066412292,3,370.0
0.98441451922179,0.9740241987029832,-0.5950870787787531,0.9825371099547549,-0.0,-0.1111111111111111,0.6996492843831761,0.7149343782131703,0.37246980009768604,-2.12156982511223,-2.0869450035155452,-5.271983901624015,3,430.0
0.9801024356269812,0.9668373927116354,-1.3533057812449052,0.9871117710506844,-0.0,-0.1,0.8160488985532801,0.6717438559544249,0.3753241210876535,-2.044445524389875,-2.049784274982586,-10.174027128033092,3,10.0
0.9867035130903552,0.9778391884839256,-1.4352236103922211,0.9765954360129544,-0.0,-0.0857142857142857,0.7599089668962437,0.65582687384521,0.16935469634500297,-2.5912485212122722,-2.5308508711389175,-9.5852006695929,3,70.0
0.9860640155725228,0.9767733592875376,-1.457931985204031,0.9797094803006946,-0.0,-0.1285714285714285,0.7002578097252193,0.6686216181172773,0.1529424822913114,-2.451413458395142,-2.4795183141599706,-11.415396354451303,3,130.0
0.98674551609359,0.9779091934893168,-1.421111732828469,0.9758299593496526,-0.0,-0.1014492753623188,0.7060395195362936,0.6584574649474426,0.153190238732638,-2.550518297035883,-2.54443342307925,-10.03147859822414,3,190.0
0.9824537219708996,0.9707562032848328,-1.3076804408396674,0.9755748031874424,-0.0,-0.1,0.6647397033030874,0.6558184305859146,0.19048592756500893,-2.5501220277853855,-2.568635562399821,-9.058556714863602,3,250.0
0.9851321975161228,0.9752203291935376,-1.5019582898631691,0.9745539518447268,-0.0,-0.1428571428571428,0.61918593630871,0.6691937459098704,0.1081743828446108,-2.794081525835551,-2.8934984073602625,-12.893882199709594,3,310.0
0.9835421204201854,0.972570200700309,-1.4287436526702124,0.976559374868013,-0.0,-0.1398601398601398,0.6051964185513263,0.6897793873538061,0.15308035663320566,-2.5112709554512884,-2.469383753671986,-10.606266092377169,3,370.0
0.9885360308822714,0.9808933848037856,-0.0550110733130197,0.9827850771096154,-0.0270270270270269,-0.0897435897435897,0.0288800328806198,0.8497129013964049,0.38698925679468354,-2.149500083701725,-2.216701334029078,-2.175395067493028,4,10.0
0.984694381918408,0.97449063653068,-0.0282395870151978,0.9899134384040992,-0.0263157894736841,-0.1333333333333333,-0.0010824769009905,0.8541230991120635,0.5108488327347738,-1.6952659302549515,-1.7723128905566232,-5.400239343940065,4,70.0
0.9794923967387212,0.965820661231202,-0.0244103277280074,0.9758692651462476,-0.1081081081081081,-0.1304347826086956,-0.3810430218075681,0.8304231885788956,0.13220664131389795,-2.2971641432377656,-2.4843741030159787,-13.762487904631612,4,130.0
0.9837725931738932,0.9729543219564885,-0.021544768997798,0.968325673293085,-0.0985915492957746,-0.1506849315068493,-0.5216709777414311,0.8427506061396077,0.08447295902920882,-2.635377045069181,-2.7406277809461743,-13.57238400862488,4,190.0
0.9855535657707688,0.975922609617948,-0.0213983550039798,0.9682566604195242,-0.0845070422535211,-0.1971830985915492,-0.4201791665989935,0.8506229103335793,0.07021668311655725,-2.744021419310031,-2.932195467160945,-17.766392834575214,4,250.0
0.9816577630138156,0.969429605023026,-0.030273311865518,0.9631330713565404,-0.0869565217391304,-0.2,-0.4300123236265631,0.8264262541237689,0.062137544979781224,-2.8422057432654286,-2.920762553565187,-35.28815700034889,4,310.0
0.9811545849085064,0.9685909748475108,-0.0302083766269236,0.9687836549265586,-0.0845070422535211,-0.2567567567567567,-0.3229168935560307,0.7985396730088252,0.07395233294610559,-2.7511621807256854,-2.812470585389472,-16.440682980815584,4,370.0
0.97918782764297,0.9653130460716166,-0.0254788378998188,0.9562529153787336,-0.1194029850746268,-0.2714285714285714,-0.3281559751199979,0.7538421040618494,0.03550828124743197,-2.865631790485529,-2.8648183958960156,-32.434886469169506,4,430.0
0.9742392913610436,0.9570654856017392,-1.0776763459816827,0.9632921035528456,-0.1690140845070422,-0.1846153846153846,0.1510867416747967,0.6968500560961876,0.009788627090684763,-3.1286152928960522,-3.1014693247302865,-30.462734541355264,4,10.0
0.984700466896412,0.9745007781606868,-1.0667903131054106,0.9603858487964204,-0.208955223880597,-0.144927536231884,-0.3192575261208181,0.7601263125053151,0.007836145131500863,-3.0719494747787466,-2.7666092826453954,-27.67768476892856,4,70.0
0.9784627371616637,0.964104561936106,-1.156837265920463,0.9510348869092816,-0.125,-0.3142857142857143,-0.1306604884403775,0.6515257647583705,0.0038610798666312792,-3.554333752567094,-3.613164783602191,-37.20798925370505,4,130.0
0.9767285495155686,0.9612142491926146,-1.1362659826521695,0.9319154559078284,-0.141025641025641,-0.3787878787878788,-0.3527685040328296,0.6896577927615888,0.00046801986855134604,-3.6464321994384394,-3.828737784493214,-53.863856548859815,4,190.0
0.9784115972369288,0.9640193287282148,-1.1001047978971912,0.938626468372099,-0.1857142857142857,-0.21875,-0.3907584266649131,0.6852989382159385,0.0020250244952189317,-3.6471533182635314,-3.509381787205374,-36.57632413353254,4,250.0
0.9799103583536668,0.966517263922778,-1.1451215797129923,0.9503203098251788,-0.1805555555555555,-0.1969696969696969,-0.0786736310368487,0.7180473986213377,0.007115534250954894,-3.405508387402179,-3.2362231427259913,-28.372081343622607,4,310.0
0.976124287322062,0.96020714553677,-1.14637912709475,0.9232170880285648,-0.1025641025641025,-0.1969696969696969,-0.3267530219142615,0.7052047738176526,0.0016899468804978841,-3.5136364686115082,-3.416492189258691,-31.054053080898765,4,370.0
0.9735352765087149,0.9558921275145248,-1.2522315792698042,0.9385362442643812,-0.1097560975609756,-0.1515151515151515,0.1518459218649593,0.7234197742177971,0.010728893628001389,-3.44953518905534,-3.393056023508216,-30.28266526930762,4,430.0
0.9703359212811168,0.9505598688018612,-1.0926830575714368,0.8621595148276564,-0.34375,-0.6,-0.289109043609506,0.5873249890084548,6.718645285718135e-06,-4.399368805806332,-4.666500387921331,-90.76516726906307,4,10.0
0.9699982876020268,0.9499971460033778,-1.1088086453328805,0.9332832600020105,-0.2794117647058823,-0.25,-0.0480755060959758,0.6190000349751328,0.0008341054512861711,-4.25704417937008,-4.277900512329816,-76.2561149711846,4,70.0
0.9742870844967044,0.9571451408278406,-1.3086456848047068,0.939414583080974,-0.2647058823529411,-0.2428571428571428,0.1341058796824046,0.612722273184025,0.0023564587352458252,-3.7080853744452535,-3.8266611008570837,-51.53677292085949,4,130.0
0.973710728832702,0.9561845480545034,-1.447283637001776,0.8968207832592939,-0.2083333333333333,-0.4428571428571428,0.140525008253251,0.6439485757595393,0.00010296905605803581,-4.219027976744219,-4.1289963060334145,-81.23817236220893,4,190.0
0.9700000360282736,0.9500000600471228,-1.6088504138861883,0.8831993621443787,-0.2394366197183098,-0.3597122302158273,-0.0979245833194668,0.5958237753181661,9.536701010190736e-05,-4.056258995817785,-3.932178074063872,-59.31212380640622,4,250.0
0.9740834348352624,0.9568057247254376,-1.6376572084869054,0.9308846930834984,-0.2253521126760563,-0.3188405797101449,0.1076823542064325,0.5707707617008768,0.0011772125923171241,-3.98664409760725,-3.809647292633611,-53.0001867091559,4,310.0
0.9717572022314048,0.9529286703856744,-1.929942451975475,0.917221034347856,-0.2571428571428571,-0.5633802816901409,0.1452321431914859,0.547902389824607,8.390501612592528e-05,-4.392963360032196,-4.378817621254881,-81.50821529574176,4,370.0
0.9746285173737652,0.9577141956229422,-1.8048706979614533,0.8307006288149259,-0.2835820895522388,-0.3211678832116788,0.0112263530517823,0.5292646800404069,5.6862408962539794e-06,-4.003456595049191,-4.181249734049002,-53.34562730715467,4,430.0
0.9856229453072708,0.9760382421787848,-0.7684204989479163,0.9445290483708912,-0.0109890109890109,-0.1538461538461538,0.4436820478458584,0.6720416531755118,0.018926506679554946,-3.095406183765365,-3.1803066047448354,-23.154646006410953,5,10.0
0.9782596830001684,0.9637661383336142,-0.7480327897811817,0.945617635600314,-0.0,-0.1679389312977099,0.4150758824447361,0.6395076582579984,0.021199653861966008,-3.565824716360176,-3.256208827074186,-34.37622984892441,5,70.0
0.9811755773063898,0.9686259621773164,-0.8992629535374683,0.9308186013922252,-0.0232558139534884,-0.2222222222222222,0.1256705661205057,0.6171693969224896,0.0042236869927818705,-3.482883253170524,-3.5673963934700845,-26.886042289726614,5,130.0
0.98048127945953,0.9674687990992166,-0.5237753098201967,0.9515063352131166,-0.0113636363636363,-0.1911764705882352,0.4049540405099126,0.693876398443437,0.029351655863455832,-3.262359928518618,-3.138925360813157,-30.131255293171385,5,190.0
0.9848083049939492,0.9746805083232486,-0.4794743564614436,0.9549674268693812,-0.0,-0.1550387596899224,0.4617428944972965,0.661887754556492,0.04432559792837478,-2.7906397809935024,-2.936677614955049,-21.25958730677101,5,250.0
0.9822844580144824,0.970474096690804,-0.5021533233799585,0.93875692816763,-0.011111111111111,-0.1538461538461538,0.4368143775531859,0.6456996046611314,0.01869421509359855,-3.0762390015525645,-3.085452283233909,-23.69724810083828,5,310.0
0.981832881498494,0.9697214691641566,-0.5161555117164873,0.9265580947884536,-0.0941176470588235,-0.1692307692307692,0.3160270631440832,0.6094757623221878,0.006768868595036752,-3.3737657759870903,-3.3198982352635937,-31.57335849592337,5,370.0
0.9803878486032532,0.9673130810054222,-0.5205273784823956,0.9258344672965214,-0.1097560975609756,-0.1846153846153846,0.3135870664409175,0.5885281177070306,0.006990922465641073,-3.2047227156488804,-3.186577909967999,-31.808075457437354,5,430.0
0.988212428897371,0.9803540481622852,-1.074572217745928,0.9798327794931986,-0.0,-0.109375,0.4968481970456963,0.7655814266751548,0.0931624007443665,-2.2646415190943903,-2.2061968038388047,-12.192378794748821,5,10.0
0.98483743621737,0.9747290603622832,-1.3741066154840471,0.9524244869742592,-0.0,-0.1538461538461538,0.4796818355864016,0.6785180069044878,0.021035973165183276,-2.7192242163309603,-2.736675232028072,-19.248160421908192,5,70.0
0.985444220596758,0.9757403676612636,-1.2175315928398236,0.957237236780579,-0.0217391304347825,-0.171875,0.426933896983391,0.6870043739182723,0.020936035287476635,-2.7352258296671734,-2.8870608678043355,-15.512289942114823,5,130.0
0.9812463110789048,0.9687438517981746,-1.173998316862204,0.9511674937961744,-0.0823529411764706,-0.1363636363636363,0.4534273842054795,0.6331217020546437,0.015739513356971987,-3.1315616188158577,-2.9260518574342558,-25.608898965316637,5,190.0
0.9787538704706352,0.9645897841177252,-1.1167120874487064,0.9655659452924176,-0.0833333333333333,-0.2121212121212121,0.4175842809840153,0.6964710107823897,0.023379277712382216,-3.252561397205485,-3.2401582917005154,-28.32261358508604,5,250.0
0.9816305698514078,0.9693842830856798,-1.1774772315929696,0.9429407673862668,-0.1046511627906976,-0.265625,0.4142636041554668,0.639754872459012,0.003966038856037867,-3.661532988605801,-3.6157184590251807,-34.55302207205341,5,310.0
0.9837072638996148,0.9728454398326912,-1.4333145055476055,0.9304823826558568,-0.1624999999999999,-0.359375,0.2811918226741979,0.5772050420076235,0.0009496946893163332,-3.7091564987963435,-3.7163684008044573,-44.72296154626177,5,370.0
0.9803855388247334,0.9673092313745558,-1.6516514624011378,0.9089377989411328,-0.4769230769230769,-0.2,0.2687305665718458,0.4725811929006142,0.00026135574253309925,-3.879869055026427,-3.95751924882686,-53.83243432111206,5,430.0
0.976779966708843,0.9612999445147384,-1.5678038170451896,0.8987455346128295,-0.4142857142857142,-0.2539682539682539,0.1819513042766441,0.4155531739081011,0.00022042860994294448,-4.152166339632666,-4.205684200868553,-68.59223810836284,5,490.0
0.9829982797720354,0.9716637996200588,-0.0480895887439086,0.9970396974542916,-0.0,-0.0886075949367088,0.5247226154815723,0.805370397622355,0.7112221060169601,-1.2264718212127053,-1.2428965242304888,-1.8272723648069231,5,10.0
0.9837581641507877,0.972930273584646,-0.0610135217723642,0.9967296786032308,-0.0,-0.1153846153846153,0.5559516212822504,0.7851737841892734,0.6581741527690068,-1.1715474041468972,-1.1733148645983982,-4.310671372552733,5,70.0
0.9851068594004144,0.9751780990006904,-0.0515565490389881,0.997966933903699,-0.0,-0.0987654320987654,0.5826555822696804,0.8106974749668933,0.7245605707272358,-1.1237614701831327,-1.0915189680755,-2.3948798686784976,5,130.0
0.9765279155083164,0.9608798591805272,-0.080570710136354,0.9959163297406451,-0.0,-0.0909090909090909,0.5810606248465818,0.706126836558733,0.6943502555464073,-1.6384723720416392,-1.6172077138275296,-1.4691265856548839,5,190.0
0.983386280685074,0.9723104678084566,-0.0711857376444114,0.9957939711865784,-0.0,-0.1351351351351351,0.5363438686418691,0.7947751045612543,0.5186883413375603,-1.4757070451499936,-1.545080824621004,-4.467810174303885,5,250.0
0.9828871890290936,0.9714786483818229,-0.0545986818984542,0.9969953110282136,-0.0,-0.0784313725490196,0.4938025772450133,0.7893381154826072,0.678223435013385,-1.2863537455852065,-1.3340562865621217,-1.686888209974022,5,310.0
0.9852998360166536,0.9754997266944228,-0.054522579730386,0.9967707897765272,-0.0,-0.0921052631578947,0.4909164832597628,0.7703759911124524,0.6464577998148053,-1.3680720824097228,-1.3551733528446983,-3.0906749095412707,5,370.0
0.9797210679908516,0.9662017799847528,-0.0601174108406461,0.9972424866994088,-0.0,-0.1265822784810126,0.5566211995368616,0.8080556585043117,0.6825639253573657,-1.3220451678976388,-1.3410208717869174,-0.8929464131687865,5,430.0
0.979229515981248,0.965382526635413,-3.810785902183246,0.940367199846906,-0.0689655172413793,-0.375,0.6701174924863557,0.6221571796140991,0.0004360626545798645,-3.4334737587395248,-3.4445277411582187,-41.87009676982181,6,10.0
0.9874836254657242,0.979139375776207,-3.5893753205194994,0.9585074228924072,-0.034090909090909,-0.2121212121212121,0.587441133596448,0.6969282786291117,0.003755225444536595,-3.1590264802437953,-3.1711715176956328,-37.65901187975491,6,70.0
0.9841179441545084,0.9735299069241808,-3.9811223793985433,0.9562096829424436,-0.0454545454545454,-0.3157894736842105,0.6505898717937263,0.6893041837399344,0.0013945191175807326,-3.2376120236722237,-3.1734537166227117,-38.77822351862632,6,130.0
0.9870115327189012,0.978352554531502,-3.2287325537382,0.9499006065810436,-0.0232558139534884,-0.1925925925925926,0.6250027448048417,0.6440270568007938,0.0030884309748773217,-3.011210541421364,-3.046839464359235,-21.649212721713855,6,190.0
0.98657427751263,0.9776237958543832,-3.015932697722942,0.9706671808687908,-0.0227272727272727,-0.1617647058823529,0.6456154718151262,0.712660967953414,0.013891233793886314,-2.9423908241507597,-2.9690453768932294,-17.514416237467753,6,250.0
0.9889487265630146,0.9815812109383576,-2.8984357137842056,0.9695286324438628,-0.0,-0.1212121212121212,0.6560530586547871,0.7191474647083341,0.02030233262750609,-2.7614890954938027,-2.727895254875491,-12.443604038465761,6,310.0
0.9881750437812832,0.9802917396354722,-3.334515595383506,0.9722859229009556,-0.0,-0.1492537313432835,0.6959000813703535,0.73749004301248,0.014016956236015806,-2.731164207392324,-2.817568619524364,-13.33723432125798,6,370.0
0.9893905623985112,0.9823176039975184,-2.987051093130487,0.9607713030328344,-0.0,-0.1194029850746268,0.6860883505667212,0.7202224119812455,0.013064731098484383,-2.905913952111581,-3.048932951608066,-9.035557545678003,6,430.0
0.9751094174611644,0.9585156957686076,-0.0133632492967348,0.9941409570535118,-0.0,-0.1948051948051948,0.8758093095072567,0.6571343402042636,0.7678699443059801,-1.1126332019631058,-1.0487630476340546,-3.3153580525386985,6,10.0
0.9753815510251552,0.958969251708592,-0.0134524443766649,0.9943888580594172,-0.0,-0.1645569620253164,0.8704464285556035,0.7055532185193754,0.7796787843824106,-0.9534727337646964,-0.9701789703714491,-2.982410123531672,6,70.0
0.9787336894841256,0.9645561491402092,-0.0134733890320601,0.9932608732224184,-0.0,-0.1428571428571428,0.8183185804331041,0.719928587638717,0.779843222095889,-1.0338505046809685,-0.9964245594483953,-4.959939574400124,6,130.0
0.9791849973193492,0.965308328865582,-0.0148817280253322,0.9932444796938932,-0.0,-0.1168831168831168,0.8303336394042075,0.6973527864303304,0.81417651450094,-1.2639116222612323,-1.2080941193660277,-3.031494797614098,6,190.0
0.9853476929336158,0.9755794882226928,-0.0136615094510935,0.9937765647946524,-0.0,-0.1298701298701298,0.82148156873407,0.7324850552440421,0.7442246354353264,-1.1715097356649713,-1.030315366860809,-1.9870998642342528,6,250.0
0.984175755851562,0.9736262597526036,-0.0138932074301847,0.9929053138066796,-0.0,-0.1282051282051282,0.8140921538880144,0.7350921601490019,0.7739598908043551,-1.0930513591498374,-1.0314190730364519,-3.6689565314134924,6,310.0
0.983176008450359,0.9719600140839316,-0.0135885091790786,0.991468286046844,-0.0,-0.131578947368421,0.7670604738948994,0.724442108985133,0.7376872493999573,-1.3818075507914207,-1.2646658849871872,-5.845233348682047,6,370.0
0.9798118043993372,0.9663530073322288,-0.0139987899543263,0.9937665322777216,-0.0,-0.1176470588235294,0.7759883752418907,0.7166598513826627,0.8244765054301217,-1.1131953785230226,-1.0159757314074047,-3.197549841362644,6,430.0
0.9820953315013966,0.9701588858356612,-0.5862649524284369,0.8930282914306708,-0.037037037037037,-0.2328767123287671,0.2990351503895431,0.4499784664284739,0.0007052151987647407,-3.458512792198072,-3.3931353487878937,-38.81632409581526,6,10.0
0.9826615144149974,0.9711025240249958,-0.7339405699722393,0.8500665986975725,-0.1428571428571429,-0.2083333333333333,0.3047532600884503,0.3607102799525359,8.846688786131826e-05,-3.4465193913733834,-3.3449058698378025,-25.015154823514198,6,70.0
0.9820843253300208,0.9701405422167012,-0.4729084444174076,0.8733346167574212,-0.1333333333333333,-0.323943661971831,0.6165974750146891,0.4373982861703964,0.00029744026724070217,-3.528274302875917,-3.4780567303079306,-35.68258630638894,6,130.0
0.9804670346712532,0.967445057785422,-0.6913466540692438,0.8074744829796616,-0.3098591549295775,-0.3857142857142857,0.2751929928930356,0.3678526219131107,2.457966626901733e-06,-4.2581390529920355,-4.1933478017522505,-72.37852463187465,6,190.0
0.9692756758301644,0.948792793050274,-0.581275897481265,0.849136702360088,-0.0625,-0.4225352112676056,0.1662647436158922,0.4137395937905935,2.5671387788367006e-05,-3.7493026129355234,-3.9684127987544002,-50.23692987961251,6,250.0
0.9786945614515264,0.964490935752544,-0.6932560721468933,0.7952008836363132,-0.3333333333333333,-0.2857142857142857,0.4789940030195101,0.4320361277846093,8.725585432924876e-06,-3.9185404511543926,-3.939967646246495,-55.01836338824466,6,310.0
0.977946553107228,0.9632442551787136,-0.6555962841899793,0.8025660989551299,-0.2328767123287671,-0.5142857142857142,0.3679126615836685,0.3925347109081153,9.226749592649046e-07,-4.082245401488,-4.202339230319418,-71.1614228724383,6,370.0
0.9766971387786706,0.9611618979644512,-0.7088063162110023,0.7880154617394319,-0.3676470588235294,-0.3098591549295774,0.2238129205619055,0.353228876585285,4.9881021602461985e-06,-4.005416424598097,-4.143708132032599,-54.8201154814338,6,430.0
0.9527912525751796,0.921318754291966,-0.8889534533918223,0.7498991588304168,-0.303030303030303,-0.6142857142857143,0.0671911465565556,0.4134306489395801,1.0344677592232472e-08,-4.889555563757482,-4.831748177181302,-130.40438964001822,7,10.0
0.963227223401216,0.9387120390020268,-0.7473410213925252,0.7153057243015476,-0.3333333333333333,-0.3265306122448979,-0.0632546105003687,0.3221056635119494,2.10140052180227e-07,-4.655762493286795,-4.555705087511645,-81.33588018343963,7,70.0
0.9730524912933456,0.9550874854889092,-0.634283997610524,0.8296318135968651,-0.1666666666666666,-0.4025974025974026,0.2799766571341328,0.418426347474807,1.1695167627631753e-05,-4.096877955336263,-4.079520301769079,-33.679904292963926,7,130.0
0.9776626451524164,0.9627710752540272,-0.6086307998050888,0.7954129446112433,-0.1791044776119402,-0.2531645569620253,0.1066151610830727,0.3911129481464076,9.40038195239675e-06,-3.9896386229395766,-3.8685068119575345,-28.841691890208274,7,190.0
0.9794203798987222,0.965700633164537,-0.5764628652114893,0.7921884935191289,-0.1971830985915492,-0.3417721518987341,0.271051514444394,0.4998567932622021,5.9239718815241824e-06,-4.115958759212025,-4.077504702745743,-37.64946303775855,7,250.0
0.965898508973362,0.94316418162227,-0.6530999365817812,0.7588171984255818,-0.1780821917808219,-0.4625,0.0959900434338954,0.3756267741302355,6.087384962165137e-07,-4.5817341698677225,-4.175287444554094,-79.3218839494119,7,310.0
0.968950763415565,0.9482512723592748,-0.582469735314982,0.8204376696051077,-0.125,-0.3875,0.4053146913715983,0.5091778993922428,7.681444843302253e-06,-4.611005278370255,-4.128623085126137,-67.97538055850947,7,370.0
0.9763390500072048,0.9605650833453414,-0.6675508859085587,0.8494313711969432,-0.072463768115942,-0.2073170731707317,0.1487085800964373,0.5726933167671834,0.000358561973711149,-3.554315903008914,-3.465860162938101,-21.099046845350912,7,430.0
0.9868584273434118,0.9780973789056862,-1.8102413863027425,0.9872449447509632,-0.0,-0.1159420289855072,0.5898749634612678,0.7803785350008935,0.006875867092446096,-2.4775569275887155,-2.531886975356925,-10.543140499632305,7,10.0
0.9856505587569144,0.9760842645948576,-2.005948034998467,0.9889254688956558,-0.0,-0.1267605633802817,0.6139060848354334,0.7656900421147476,0.0047588084235813365,-2.34160680867616,-2.411135491053831,-5.394210254399454,7,70.0
0.9843984480901008,0.9739974134835012,-1.8971501153733916,0.9888921785356948,-0.0,-0.1486486486486486,0.601635366424074,0.7895208833253811,0.004180633921185674,-2.385417583565001,-2.295281620239323,-3.9028767859580427,7,130.0
0.9865151161360664,0.9775251935601104,-1.7464039028348357,0.9888347562264064,-0.0,-0.1527777777777778,0.5998103495196679,0.7822453184058932,0.004879908193720765,-2.2591475017213174,-2.1114180103248703,-8.783708292058336,7,190.0
0.9865198921772198,0.9775331536286996,-1.5152198117756628,0.9914686723788596,-0.0,-0.1643835616438356,0.6806771982574857,0.7902991197925098,0.010554787944419098,-1.931480731418367,-2.001693182538333,-4.860877451229609,7,250.0
0.9844511116832037,0.9740851861386728,-1.627120576636354,0.9913046425128564,-0.0,-0.1388888888888889,0.7536897150193405,0.7564822755894816,0.013329819903993855,-1.9393954348603184,-1.9673148372027287,-4.747983868924045,7,310.0
0.9870868299795232,0.978478049965872,-1.4502050952121792,0.9939427032335318,-0.0,-0.1095890410958904,0.7622962554405396,0.7758228318723326,0.022574502367816267,-1.9601790984710827,-1.8292355905647613,-4.109298567133479,7,370.0
0.9861773541389562,0.9769622568982604,-1.7577380132302762,0.9874367766689174,-0.0,-0.1486486486486486,0.7462804321746069,0.7613712824053356,0.006491905349030244,-2.1686660643087925,-2.151645623072333,-3.11671017511987,7,430.0
0.9898006626256212,0.9830011043760354,-0.0155609178704,0.9924844176857328,-0.0,-0.2395833333333333,0.8786832029495687,0.794284851131721,0.3930602298684577,-1.8777653135550545,-1.7962676623104459,-1.9612103052968166,7,10.0
0.9865073071045414,0.9775121785075688,-0.015068685140594,0.9943009209443032,-0.0161290322580645,-0.1157894736842105,0.8742441719128135,0.7743763510986631,0.6867177291102793,-1.6975018409323557,-1.6531749550530417,-0.1931442526026288,7,70.0
0.984437696255804,0.9740628270930068,-0.0150154178390379,0.9921091476108842,-0.0,-0.1489361702127659,0.9157309618524002,0.7461278916429884,0.6758004336501964,-2.0920466155488566,-2.056117740990353,-1.5015997480513974,7,130.0
0.9837068953957966,0.9728448256596608,-0.0144029630574631,0.990736824982278,-0.0,-0.1739130434782608,0.7424727653477864,0.7836757620997312,0.5250307719640787,-1.9181275182129436,-2.0360173852504353,-1.3569930188346717,7,190.0
0.9824280776365704,0.9707134627276172,-0.0149688409134577,0.9881502255757983,-0.0161290322580645,-0.1290322580645161,0.931453212807798,0.7683867349200901,0.5188213416895427,-2.103792212286095,-2.075049553338399,-3.5887533999253307,7,250.0
0.9862200562081206,0.9770334270135342,-0.0152442998511534,0.9915995906166348,-0.0,-0.1413043478260869,0.5614671609377715,0.7999128146090677,0.6105482785320225,-1.7293254803192977,-1.757971501902943,-3.4342061559091306,7,310.0
0.9836214536583366,0.9727024227638944,-0.0151374892827672,0.991399521168432,-0.0161290322580645,-0.1458333333333333,0.7844454078616261,0.7592374034324016,0.4779143950342658,-1.9626060207791396,-2.122243175774874,-0.5069461421084682,7,370.0
0.9870778196641994,0.9784630327736656,-0.0151113068526632,0.9882261711683512,-0.0158730158730159,-0.1397849462365591,0.6401377736956194,0.7497645451706398,0.6782294382409629,-1.8779716090922565,-1.8604425237074198,-2.5307852482740003,7,430.0
0.985757763454348,0.97626293909058,-0.0232330392288369,0.9721842770840692,-0.0609756097560976,-0.1549295774647887,0.3709145721361888,0.7968966540624103,0.35995322385057077,-2.3840311081676835,-2.398242869401659,-10.680927101703592,8,10.0
0.984326477216224,0.9738774620270398,-0.0244597092612674,0.9680830379651236,-0.0921052631578946,-0.1891891891891892,0.3708642670886103,0.787011977835124,0.24384174240030804,-2.8221347545986433,-2.7862644506081393,-30.98954705008046,8,70.0
0.9771773429609012,0.9619622382681684,-0.0240836115922131,0.8391182655453879,-0.2162162162162162,-0.4366197183098591,0.2710119991470388,0.464261684475521,3.344894985718628e-05,-3.6972705605030516,-4.029621915756729,-62.82334120258393,8,130.0
0.9611281540422472,0.935213590070412,-0.0283348553118273,0.7564641700620268,-0.3676470588235294,-0.492063492063492,-0.3259123063863517,0.3378458285718212,7.459801212990687e-08,-4.666575533912125,-4.668931721429754,-100.88930465733543,8,190.0
0.9532389505876262,0.9220649176460438,-0.0237102342636949,0.7499816218466201,-0.4266666666666666,-0.4328358208955223,0.300051661571702,0.380839995020723,3.9017975070448176e-07,-4.559217700970302,-4.570125387817802,-125.54631537620044,8,250.0
0.961677390620842,0.9361289843680702,-0.022067279089295,0.931075404833103,-0.131578947368421,-0.3698630136986301,-0.4447950959456464,0.713111846866086,4.302690836987857e-06,-3.267515986343423,-3.4444066929088124,-37.78182565965102,8,310.0
0.9748770861552288,0.9582527744421192,-0.0218331546150912,0.8054051319805511,-0.3492063492063492,-0.4520547945205479,-0.7021952023206186,0.3422171929078758,1.0593014825280582e-08,-4.248982997324544,-4.397537963173942,-91.11828540254223,8,370.0
0.9502570334456732,0.9170950557427888,-1.168127633566053,0.6305041852770776,-0.5769230769230769,-0.4778761061946903,-0.9372106562312382,0.2809691687319364,5.693721613474086e-12,-4.771338569081386,-4.7417629035204385,-118.7581212104178,8,10.0
0.9497634588680696,0.9162724314467826,-0.958289043524434,0.6546363236768281,-0.6666666666666667,-0.4769230769230769,-2.0881426253551796,0.4007247039987777,3.5135773539441395e-16,-4.743646162419731,-4.710892854770119,-118.74652990029563,8,70.0
0.9405823967247232,0.9009706612078716,-0.5855896403680853,0.6021261887403955,-0.5892857142857143,-0.5384615384615384,-0.5016317663336011,0.6088042792172027,1.9443672433484714e-11,-5.011033772853711,-4.775427418083164,-166.1069691849634,8,130.0
0.94139354418862,0.9023225736477004,-0.6613544772631749,0.5827909932035307,-0.3918918918918919,-0.6612903225806451,7.397561294531425e-05,0.3279236025976789,2.048200714178557e-11,-4.939823030189753,-4.756149575966154,-138.04247735028721,8,190.0
0.9550587744608224,0.9273310190422168,-1.1399153550978256,0.6435135184518748,-0.4,-0.4,0.5345127566380078,0.5969209235553503,4.110503758345631e-13,-4.606827035196154,-4.449299522261739,-100.70132547156936,8,250.0
0.9586953356074818,0.9311588926791362,-0.6345252088554864,0.618869447339693,-0.8292682926829268,-0.1525423728813559,-0.4483400405663064,0.4157334427645963,5.750711698451874e-10,-4.002621282821093,-4.4003832779896035,,8,310.0
0.9581121260167212,0.9301868766945351,-0.8648318327361145,0.6800329397263606,-0.484375,-0.4769230769230769,-0.8862333345774885,0.5182206396268089,1.0979230545582656e-12,-4.648914933257235,-4.67867094332805,-105.90485729975902,8,370.0
0.9134827062757314,0.8558045104595522,-0.435191249197952,0.7394243665730938,-0.5178571428571428,-0.7428571428571429,-1.274666810561079,0.3598799790593945,1.1841821859005573e-13,-4.991735968763859,-4.652980062977135,-157.53320724639,8,10.0
0.9249461641231844,0.8749102735386405,-0.4181190508163088,0.6918433951848753,-0.7068965517241379,-0.4142857142857143,-0.1877235303970375,0.4818551731846632,3.943496945806189e-09,-4.394834104519127,-4.528744056075518,-87.4854161811912,8,70.0
0.9314336403575536,0.885722733929256,-0.6658775621082621,0.706859894544896,-0.7083333333333333,-0.5277777777777778,-0.7094737956152438,0.4975245737188286,3.6240492885739057e-11,-5.202430024478123,-4.940816929302736,-181.58629226522322,8,130.0
0.949368019221452,0.9156133653690868,-0.3949448778777377,0.705751312639993,-0.5806451612903225,-0.56,-0.2047237142109859,0.3931916011452587,3.92553868347536e-09,-5.181955413349625,-5.014270342625243,-175.7788141059361,8,190.0
0.9467706312992912,0.9112843854988186,-0.9049752907563406,0.69348985051726,-0.5576923076923077,-0.5675675675675675,0.4716374371750497,0.4755782482032546,4.993366191839991e-15,-4.96254478366423,-4.975912485704709,-164.3026080076891,8,250.0
0.9383789367608664,0.8972982279347772,-0.4276237464643362,0.7330021010678068,-0.6290322580645161,-0.5818181818181818,-0.5903089310742679,0.3459538951082804,5.38384626081708e-10,-4.89281944338398,-4.732842393080894,-132.87889953356967,8,310.0
0.932873142074478,0.8881219034574634,-0.5765807375826563,0.6663449897343646,-0.6785714285714286,-0.4864864864864865,1.2365382823706657,0.5980353439802315,1.1321674652720116e-11,-4.72214284205504,-4.677327601624904,-118.80117143559308,8,370.0
0.94409268550077,0.9068211425012837,-0.8096208656188042,0.8318403440013518,-0.8260869565217391,-0.4388489208633093,0.2806136955255294,0.4360293483146102,1.5371056312298922e-05,-5.255327490768207,-5.2813026410232204,-268.59261730065566,9,10.0
0.9157736001626462,0.8596226669377436,-0.9118139161319596,0.7631103059818649,-0.3571428571428571,-0.3766233766233766,0.0772057767958315,0.3570309725313575,8.576810022526404e-06,-4.691374847832608,-4.819041146421002,-97.01324624791607,9,70.0
0.9628036062252108,0.9380060103753514,-0.9748614548739132,0.7351023422487097,-0.3698630136986301,-0.4545454545454545,0.1931528728960366,0.3282482906407757,2.3501481424864811e-07,-4.71013847082565,-4.856532077611079,-112.80310316613735,9,130.0
0.9605997884270084,0.9343329807116808,-0.8844943916807796,0.7166730282849822,-0.484375,-0.3924050632911392,0.124627840409163,0.3345452254601288,7.918705418697958e-08,-4.753032885424664,-4.877072859784935,-103.95508041396877,9,190.0
0.9557312844049848,0.9262188073416412,-1.0162932874672013,0.6577132037593016,-0.4411764705882353,-0.5408805031446541,-0.0530767700649969,0.2943653257379673,3.09516451429076e-09,-4.867932485457987,-5.122828417840822,-128.80261592870693,9,250.0
0.9504787494382044,0.9174645823970076,-0.9581146399283486,0.6548623286931216,-0.5,-0.4406779661016949,-0.103362649118856,0.3472104176973037,1.0467205262878314e-08,-5.048668354429589,-5.235326866873993,-129.51421568829406,9,310.0
0.9501912844359532,0.916985474059922,-0.8250940075359726,0.658427332238051,-0.4561403508771929,-0.5058823529411764,-0.378110587786093,0.4338021003660899,5.258492039560942e-10,-5.235076775113917,-5.303642286024538,-164.53388756039945,9,370.0
0.9767337325216292,0.9612228875360488,-0.0215351860310807,0.95613511072437,-0.0169491525423728,-0.3512195121951219,0.4712379416866714,0.6667223530039509,0.24314379659462432,-3.5410241549320056,-3.3231330582116585,-8.084399842444626,9,10.0
0.9619898971263512,0.9366498285439186,-0.0320507556051302,0.9412630969631108,-0.0625,-0.2022471910112359,0.3333693116928145,0.483816038836612,0.38448852892338903,-3.1983252262247204,-3.088079060153737,-20.969440684194012,9,70.0
0.9636247965173752,0.9393746608622922,-0.025524257299194,0.939401845758656,-0.0158730158730159,-0.2,0.3457437316159157,0.6372266734792592,0.4564094353777202,-3.250024066153378,-3.1263278892855175,-5.0170964377586245,9,130.0
0.9611755660801444,0.9352926101335742,-0.0356118790377828,0.8619437126434244,-0.15625,-0.2555555555555555,0.0744373358544942,0.5223897043645396,0.0007094947881623547,-3.9764624098331867,-3.8735062086711642,-35.59482141528438,9,190.0
0.9666853154757288,0.9444755257928812,-0.0242655829155143,0.894037411783596,-0.0909090909090909,-0.3313609467455621,0.2520507299149878,0.6092053165457703,0.011897072250087572,-3.668730499534222,-3.650182741079957,-33.58510743265199,9,250.0
0.9675043577826564,0.9458405963044272,-0.0307863323299721,0.8948955520419654,-0.0923076923076923,-0.5185185185185185,0.1648982515621644,0.5790957381652974,0.0011104632952062738,-4.301067691833832,-4.117513584167967,-78.4393357115078,9,310.0
0.9467546072762508,0.9112576787937514,-0.0338505708988443,0.7510004175515351,-0.5857142857142856,-0.375,-0.4079728036905543,0.3665750677750364,9.294376267759547e-07,-4.258883026910606,-4.490667949414325,-12.532776843307389,9,370.0
0.949063537885702,0.9151058964761698,-2.0056026661676203,0.7493806570347656,-0.3287671232876712,-0.7727272727272727,0.0699213235838113,0.33371373805962,1.0926538012439896e-08,-4.74538634381107,-4.745990094665678,-140.8358279678069,9,10.0
0.9482335642925476,0.913722607154246,-2.664154176519457,0.7178948731740346,-0.3414634146341463,-0.5443037974683544,-0.0399022995500547,0.3254583542426921,3.902197491294907e-08,-4.945132024582467,-4.859136663187936,-132.88233634877173,9,70.0
0.9535810150954036,0.922635025159006,-2.207345500876821,0.6760081649664283,-0.4533333333333333,-0.4691358024691358,0.2084079041588661,0.3179416029154224,1.5030555638310216e-08,-4.974425023390366,-4.9559154852687834,-142.7245627865852,9,130.0
0.953923802790593,0.9232063379843216,-2.3096252023959325,0.7750806572387575,-0.4545454545454546,-0.3645833333333333,0.2283407413003571,0.4528375818371919,1.3261886625318002e-06,-4.831307921707769,-4.843799218487837,-93.1876682947788,9,190.0
0.9686692254959368,0.947782042493228,-2.0299864695327905,0.7839376950315069,-0.3181818181818182,-0.45,0.1853164402229737,0.4405421848673346,8.614130606586176e-07,-5.1099494434496195,-5.091102513740855,-131.44278799704486,9,250.0
0.9632437699270332,0.9387396165450556,-1.35923926447728,0.6798970949513009,-0.4142857142857142,-0.4375,0.0632872409849937,0.3264044985206065,1.2342227694661636e-08,-5.236327979214398,-5.285003214234736,-154.52716361996187,9,310.0
0.9519343032372224,0.9198905053953704,-1.448474302446181,0.6882260977043587,-0.4029850746268657,-0.3687150837988827,0.2916962645377032,0.3532681110950172,6.075880472201917e-08,-4.961603480230348,-5.101415732946931,-127.50253100773844,9,370.0
0.9833601399285956,0.9722668998809928,-4.690667108641172,0.9466682856711952,-0.0303030303030302,-0.2393162393162393,0.3006563868322497,0.7156862461483138,0.0005582057031002567,-3.4039316551649805,-3.5852785160734313,-35.93387700848511,10,10.0
0.980057031606684,0.9667617193444732,-4.871636964116032,0.9325006516374827,-0.05,-0.2807017543859649,0.304008934067133,0.7266809720122549,0.0001981194511270699,-3.732453462814373,-3.6676431610996403,-43.50126917963731,10,70.0
0.9849267213708172,0.974877868951362,-4.182295630718054,0.965702457883017,-0.0098039215686274,-0.2241379310344827,0.4461997960753376,0.7641122057165781,0.0033260307681444346,-2.913543579683549,-3.0508778805006087,-21.400047778288844,10,130.0
0.9837902989327314,0.9729838315545524,-4.0235122136387895,0.9482640839411368,-0.0099009900990099,-0.2372881355932203,0.4237276379040912,0.7194513553662863,0.0011914931467450242,-3.7254260557189705,-3.66251985574185,-36.058199042274396,10,190.0
0.979210811565123,0.9653513526085384,-4.72816766898476,0.9278581945119012,-0.0306122448979592,-0.2166666666666666,0.4587021829647166,0.6687054703732404,0.00035776478446746223,-3.7091345561928715,-3.6092003729564155,-39.692926849827316,10,250.0
0.9782246759696158,0.963707793282693,-5.385168199765676,0.922531705238477,-0.0,-0.288135593220339,0.4694965181724997,0.621820470405746,0.00011841029900930351,-3.9081123235143305,-3.7801344432214385,-49.73398732910584,10,310.0
0.9851975013838908,0.9753291689731514,-5.473525985201622,0.9327278372418378,-0.0,-0.1896551724137931,0.4925467887393489,0.685024039410103,0.00039756426394247464,-3.315512842534456,-3.1703361786158,-33.06295180324602,10,370.0
0.979148493193832,0.9652474886563868,-0.4078314020595641,0.7187039173287019,-0.2435897435897436,-0.3478260869565217,0.1001105407907903,0.4978467644218213,1.761189927886008e-07,-3.7098614638240357,-3.7216513828475724,-73.72686729715197,10,10.0
0.974812794170974,0.95802132361829,-0.346829681609883,0.8197560653181825,-0.1234567901234567,-0.3384615384615385,0.3072319593259264,0.4628898017248898,3.322471696509892e-05,-3.4159848649525344,-3.507663947440846,-38.36337317556204,10,70.0
0.9785580454714904,0.9642634091191508,-0.2573178772643474,0.7902570615841353,-0.1923076923076923,-0.3285714285714285,0.5630447557171444,0.4828633337763015,5.4303730539065295e-06,-3.5379674808660657,-3.4198307345107812,-47.20648746673932,10,130.0
0.9651391875369986,0.9418986458949976,-0.3297211271501321,0.6450866397072816,-0.4328358208955224,-0.3636363636363636,-0.0175308227548469,0.447519142640758,9.209188501346859e-10,-4.625846452131752,-4.570585482907871,-115.86708600747441,10,190.0
0.9665759131871484,0.9442931886452476,-0.2587810647239773,0.8273503875667194,-0.131578947368421,-0.3055555555555556,0.4891780611227242,0.411665098850529,9.30560116395622e-05,-3.146700712413319,-3.3672363465902664,-27.209469080234133,10,250.0
0.986523942891442,0.9775399048190698,-0.2588296333730288,0.8967165766825553,-0.048780487804878,-0.0985915492957746,0.5861244731628785,0.4992504770536293,0.01048861710235808,-2.895654695513812,-2.833394378293011,-11.841412491809258,10,310.0
0.9796735619953604,0.9661226033256004,-0.241367112602361,0.7692460545142303,-0.295774647887324,-0.5070422535211268,0.3550903506725628,0.3270563289163401,2.1242521344835905e-07,-4.048351860780143,-3.7546292034926867,-100.1956400834293,10,370.0
0.9835260987823352,0.9725434979705584,-0.0247494724975533,0.9908052995879724,-0.0,-0.1111111111111111,0.8381806669359732,0.7992919550494381,0.817424486163527,-1.1943495564519013,-1.3412519625208896,-3.3460308394365263,10,10.0
0.9776324966875396,0.9627208278125658,-0.0237101838202179,0.9938205028927812,-0.0,-0.0833333333333333,0.7337114136273348,0.8136874526992449,0.9309163931655462,-1.0745435889956048,-1.2216646964267126,-2.5916918516594336,10,70.0
0.9773520618832522,0.9622534364720868,-0.0252008992909992,0.9943122746866488,-0.0,-0.1032258064516129,0.5204919051398857,0.7993278794814591,0.845891650939328,-1.355423586242627,-1.4995834636703134,-0.8353999659863973,10,130.0
0.9778596224837136,0.9630993708061896,-0.0218409825622832,0.9983284360123216,-0.0,-0.1011235955056179,0.81566985760354,0.8013296161947784,0.922007377426882,-1.0804983736616094,-1.1875913257796529,-0.804488880690645,10,190.0
0.9837370403130576,0.9728950671884296,-0.0213644326256329,0.9977841486700454,-0.0,-0.1,0.7705725784038651,0.815305183949791,0.8753016391994268,-1.0346763189345147,-1.0905892861645008,-0.8402916648774728,10,250.0
0.9827378674764258,0.9712297791273764,-0.0215951594389599,0.9977087618008948,-0.0,-0.0864197530864197,0.8342062156201996,0.7877230481652024,0.9123065349321785,-0.983213832891271,-1.0006429929865919,-0.8694155519466342,10,310.0
0.984564178730122,0.9742736312168698,-0.0211948342213169,0.9980372211454962,-0.0,-0.0987654320987654,0.8524733359548174,0.7876345255532997,0.8954331053735333,-1.0382575928466091,-1.0516393794259564,-1.2289320968912634,10,370.0
0.9744363040394904,0.9573938400658172,-0.047584355132541,0.8804456142964682,-0.1612903225806451,-0.2441860465116279,-0.0597355005976916,0.6524680195626457,0.0007110315238250549,-3.574750904274793,-3.7387857314911046,-28.235894886196263,11,10.0
0.9781679889374916,0.963613314895819,-0.0369079295810601,0.9613420989843244,-0.0428571428571428,-0.1851851851851851,0.2790554619902357,0.7806502111941143,0.16990763561691338,-3.083546071059128,-2.964403396705899,-12.566310261204691,11,70.0
0.9707787776716216,0.951297962786036,-0.0505988497254112,0.9908255741895176,-0.0303030303030302,-0.0903954802259887,0.4248909109035497,0.7895377435739608,0.7648036197397675,-1.368443627299613,-1.357553045750447,-2.4638756363168,11,130.0
0.9786115487065224,0.9643525811775372,-0.0265212229947383,0.993152154489723,-0.0140845070422535,-0.109090909090909,0.4354595307677863,0.7847576333632846,0.8002243736837485,-1.3316483166380035,-1.3327933510493108,-2.318576396226984,11,190.0
0.9723109574550082,0.9538515957583468,-0.036010710351085,0.9552341198591274,-0.140625,-0.1375,0.451169778244502,0.6397775735659816,0.140111504474854,-3.047347270870591,-3.1590745937234397,-4.169778495035864,11,250.0
0.9757565382401844,0.9595942304003072,-0.0312476480107988,0.9337811519650736,-0.1267605633802817,-0.1656050955414012,0.2331349674739406,0.6774536677359949,0.020921839348310576,-3.152214162439174,-3.1281148705545356,-18.230528790151983,11,310.0
0.9814854398787348,0.9691423997978912,-0.0271312625945529,0.9838190518488124,-0.0133333333333333,-0.1875,0.3581669540007187,0.7532055981106872,0.5944054085324001,-1.726333482190349,-1.7352752475983744,-0.14607461776103037,11,370.0
0.956506347158933,0.9275105785982216,-0.3412809709523709,0.6518532902154927,-0.5833333333333333,-0.3885714285714285,-0.2643192740550127,0.4794513019916672,1.4699438417532488e-10,-5.121792913067899,-5.1280895624344245,-160.27684181412607,11,10.0
0.954156413277792,0.9235940221296536,-0.3540561322943604,0.6831867431003121,-0.7777777777777778,-0.5766871165644172,-0.0801739820750283,0.3449317768009404,4.481707864252636e-10,-5.238019094332418,-4.810529852568518,-188.25120920958483,11,70.0
0.9505857697413967,0.9176429495689946,-0.3392549883606469,0.7570004528248999,-0.6888888888888889,-0.267515923566879,-0.2120370917549297,0.5206783247140143,1.3362489241897483e-08,-4.706767494133356,-4.681327201627331,-119.28074585583852,11,130.0
0.951821083768178,0.9197018062802964,-0.4439967470769264,0.6201101864837878,-0.6666666666666667,-0.4125,-0.4049762242038481,0.3552705754322546,2.6985127316240935e-11,-5.154390682459393,-5.086608044667206,-186.71073704905933,11,190.0
0.9472169805755136,0.9120283009591896,-0.4945317708485537,0.6917938913593354,-0.8113207547169812,-0.3776223776223776,-0.1122277531891277,0.3574831021645883,6.533440333024276e-10,-4.930446237146646,-4.777689576753695,-143.3428906109751,11,250.0
0.9415657016219534,0.9026095027032556,-0.5338052258080823,0.6705054563568783,-0.7608695652173914,-0.4310344827586206,-0.2716340164644707,0.3930907991689085,5.7052965166452416e-11,-4.638341360126416,-4.764410019643734,-97.2657171182886,11,310.0
0.9383339729100044,0.8972232881833405,-0.5280048713777002,0.6621481974036242,-0.6938775510204082,-0.4576271186440678,-0.2961173513760767,0.2987446239057787,4.7755315817015443e-11,-4.818457499055621,-4.859992243314977,-105.60505526234586,11,370.0
0.9510009366277864,0.918334894379644,-1.8707922078978405,0.7531777576254627,-0.3692307692307692,-0.3764705882352941,-0.2995756447557501,0.4405705714211318,3.464430739332481e-08,-4.842978119109906,-4.865784567545419,-116.0227891480048,11,10.0
0.9474639990190112,0.9124399983650188,-1.460973283329165,0.7407858283436818,-0.4477611940298507,-0.4090909090909091,0.1609110843631699,0.3250474483903852,1.0696389415348299e-08,-4.664785989600978,-4.741476834908494,-107.19480221204047,11,70.0
0.9419174787463246,0.9031957979105408,-1.7032786592226357,0.7131669052895686,-0.71875,-0.376068376068376,-0.0212582595595464,0.5013008125685549,1.318576092536259e-10,-4.795079364585718,-4.6424822794767575,-125.61824829261181,11,130.0
0.9490738382569152,0.9151230637615256,-1.6078436516776091,0.6685348486372308,-0.6,-0.4137931034482758,-0.3516659124224936,0.4170809254668759,3.550935786564796e-11,-4.901911476189851,-4.811853024070783,-129.87336085320493,11,190.0
0.944509267736545,0.907515446227575,-1.5078351055229704,0.640844202713504,-0.5932203389830508,-0.4516129032258064,0.0051845869126653,0.4893089245108112,9.156754555634931e-11,-5.185983328955236,-5.058720161223726,-170.49881890511963,11,250.0
0.9407857760430104,0.9013096267383504,-1.3035238270452918,0.7493493258564583,-0.4516129032258065,-0.5827814569536424,0.5083162243262925,0.4502965123073981,2.2557318083347003e-08,-4.913633206923955,-4.953363942499119,-138.78304553894205,11,310.0
0.9393044893723724,0.8988408156206207,-1.135396343152074,0.7650188732993503,-0.3636363636363636,-0.4927536231884058,0.437886381926197,0.3967424863928995,8.890531944396329e-08,-4.885924513531912,-4.857089142304611,-135.36885709708443,11,370.0
0.9623404834939102,0.9372341391565172,-1.2145855460954833,0.7232800120232172,-0.5517241379310345,-0.5072463768115942,0.2341427069211076,0.34557780313838,1.19525703878106e-09,-4.670738172639815,-4.649178798494205,-103.68404678632628,11,430.0
0.9710633996195496,0.9517723326992495,-0.6569585420341354,0.7291044713346718,-0.6785714285714286,-0.308300395256917,0.5617727238227496,0.3617840364458948,5.988454136207123e-08,-5.143736382791577,-5.065958080820265,-210.59081877773792,12,10.0
0.9597459660370212,0.9329099433950354,-0.5638239833422739,0.6651535135890472,-0.75,-0.453125,-0.2393725620493352,0.3970324818877956,8.608082547950136e-10,-5.28248066785354,-5.341402386872337,-278.43440768517183,12,70.0
0.9579681500346344,0.9299469167243906,-0.7540718316177788,0.5914573860044137,-0.6666666666666667,-0.5175438596491229,0.1072061868815391,0.561801813077036,5.347451076326893e-11,-5.249057327875686,-5.37606633209178,-202.20556450191629,12,130.0
0.9547665007439378,0.9246108345732296,-0.6209925231631798,0.6183801039905094,-0.6346153846153846,-0.4416666666666666,0.1251053870751736,0.4224382382525333,1.7650484418355188e-10,-5.298931002056209,-5.302434848657462,-278.10312224352344,12,190.0
0.9517827662291902,0.919637943715317,-0.7307691962460409,0.5840020581466517,-0.4827586206896551,-0.358744394618834,-0.5289561354741226,0.5848038504992424,2.638237434718922e-10,-5.176150353139552,-4.978450396263445,-200.0576552181255,12,250.0
0.9425996525250008,0.9043327542083348,-1.1169038536844782,0.6280317866352702,-0.5833333333333333,-0.4363636363636363,-0.4178857686669756,0.6794803171719856,1.0689734279299897e-09,-5.281160680944234,-5.363845848280105,-240.2174544191969,12,310.0
0.9415421649883132,0.902570274980522,-0.8016651242230914,0.6863749162307068,-0.5357142857142857,-0.2957198443579766,-0.4297968046612646,0.6128699140787107,1.619766391674145e-08,-4.957707379479356,-4.850049641513971,-154.68794884691462,12,370.0
0.977519372444023,0.9625322874067048,-1.1663165186470024,0.8840259953422134,-0.2941176470588235,-0.2014388489208633,-0.0015748226752802,0.4371048951257226,7.598736773480412e-05,-3.886131188484488,-4.18623541185551,-62.55440262044637,12,10.0
0.9797905807493212,0.966317634582202,-1.1690247569607577,0.8541248900514299,-0.2816901408450704,-0.1884057971014492,0.0553186797343346,0.4371492982017017,3.021746935710538e-05,-3.825610948944365,-3.993590602600918,-51.03932216015568,12,70.0
0.9813694157773398,0.9689490262955665,-1.2298649243746569,0.8442666121132915,-0.3692307692307692,-0.1857142857142857,0.0558640506403626,0.5361469018677248,2.837868937007386e-05,-3.8655252885985885,-4.2093868926505875,-64.89700558133214,12,130.0
0.975017770872636,0.9583629514543934,-1.5788467299092237,0.7840408082511531,-0.64,-0.3262411347517731,0.1508503478230244,0.5968044486777412,2.3255104455677916e-07,-4.773225614769016,-4.641714655582221,-126.47562964983739,12,190.0
0.9702099366578432,0.9503498944297386,-1.4378187882321438,0.7696990696452415,-0.5789473684210527,-0.3235294117647059,-0.1413975655492221,0.6046201074748504,1.4817079658422463e-07,-4.3485002610044585,-4.452831717182407,-80.49687206845493,12,250.0
0.9674890775423252,0.9458151292372088,-1.632145166253195,0.8754990804818705,-0.3529411764705882,-0.3043478260869565,-0.1336042468992455,0.4448871352024098,3.45900611201536e-05,-4.084795560663776,-4.174874739582899,-65.28437567242054,12,310.0
0.9757334282517344,0.9595557137528908,-1.588282505771072,0.8840062629319445,-0.3181818181818182,-0.2058823529411764,-0.0144364231862861,0.502305472532914,7.317689223069382e-05,-3.7397861754551363,-3.872401365418872,-46.83394857061126,12,370.0
0.977139932988858,0.9618998883147633,-0.0204081308613096,0.9951251267659368,-0.0,-0.1071428571428571,0.5711741606983908,0.7805512479930196,0.8807283506966476,-1.215504120741622,-1.3307066165457198,-3.6716098548582963,12,10.0
0.9905608213111468,0.984268035518578,-0.021811354424432,0.9981393609322116,-0.0,-0.0714285714285714,0.7588185285026435,0.7821035267833778,0.8524841459003181,-1.4083919239665215,-1.418606807676695,-0.2511762094102714,12,70.0
0.9906513805798504,0.984418967633084,-0.0179474596930841,0.9987651066938824,-0.0,-0.0617283950617283,0.7971267703080382,0.7967774487933995,0.881446888502998,-1.2776689346721566,-1.2193730296895862,-0.5904612909828018,12,130.0
0.987168453783495,0.9786140896391584,-0.0137044445967733,0.9959524945925984,-0.0,-0.0602409638554216,0.8003411371748878,0.7884568239089549,0.910191017304285,-1.1240864379744029,-1.205947913829658,-1.206017333761995,12,190.0
0.9822370083525565,0.9703950139209272,-0.0157584652925638,0.9949604466620448,-0.0,-0.0705882352941176,0.6418353377933779,0.7829381942811664,0.8535499998274161,-1.3329335517529335,-1.2805034036310814,-2.2513299118022303,12,250.0
0.988154138676942,0.9802568977949035,-0.0121146049214054,0.9981028775473788,-0.0,-0.0823529411764705,0.7759190983786382,0.7763466750891775,0.8847559253051696,-1.081422657288067,-1.0257993380065098,-2.0761674692363066,12,310.0
0.9899154689239238,0.9831924482065396,-0.0114782344516935,0.9985177445155056,-0.0,-0.0628930817610062,0.7529906810021975,0.804591922890726,0.8793152371101037,-1.1733154453986865,-1.0833159504182002,-2.2912859761494886,12,370.0
0.9442557335221632,0.9070928892036054,-1.3945368747425275,0.781365163789781,-0.6799999999999999,-0.3127962085308057,-0.7207992792985453,0.5536760583789285,2.7189866941325317e-07,-4.945888544946945,-4.8190063976953335,-147.0397776775283,13,10.0
0.9479280688037528,0.9132134480062548,-2.0176343932733904,0.7800055334317686,-0.6862745098039216,-0.592964824120603,-0.8128821795103612,0.5181729951850931,7.654138525889426e-09,-5.218613555074763,-5.160703298412802,-262.8521157625763,13,70.0
0.944708397711487,0.9078473295191448,-1.134933273564917,0.8142495859162433,-0.868421052631579,-0.2254901960784313,-0.4655596101822529,0.6766947640410178,9.162953114389979e-07,-4.881152015093552,-4.723983827979572,,13,130.0
0.9480848173797868,0.913474695632978,-1.4437406073894,0.8354087925677757,-0.85,-0.2448979591836734,-0.5851920901441842,0.5657744460773868,2.4413149804642905e-06,-4.818736680367096,-4.72290273548225,,13,190.0
0.9468711230684896,0.911451871780816,-1.6529521168530863,0.8032007192303535,-0.8181818181818181,-0.5326633165829145,-0.8358144212124269,0.6903840365518145,6.01492649887781e-08,-5.24018106237549,-5.190404439070802,,13,250.0
0.9484382506141668,0.9140637510236111,-1.600393717487217,0.7538177276835789,-0.6415094339622642,-0.4125,-0.7696165279204056,0.5829422327329523,7.325953576128325e-08,-4.904913619336212,-5.036580167697679,-123.32984229338854,13,310.0
0.9394098644224084,0.899016440704014,-1.5986530955012292,0.735551506407593,-0.7,-0.4810126582278481,-0.7416894575545259,0.6146520519119755,9.224156450419863e-09,-5.185931614686067,-5.108084193722686,-157.3825200237725,13,370.0
0.9849055765302006,0.9748426275503344,-0.0154718754569675,0.9882262912567966,-0.0,-0.125,0.3630593790596809,0.8618666854582328,0.7435024195805109,-1.6519649052709087,-1.7725743821995774,-5.734727474121435,13,10.0
0.9813816691127496,0.9689694485212492,-0.0124565313471138,0.9909753077035705,-0.0,-0.1139240506329113,0.2640703751122493,0.8718109644130564,0.7174160259847531,-1.6665528167673844,-1.6489793784684101,-0.16793149561514298,13,70.0
0.9867695983414732,0.977949330569122,-0.0128734594445869,0.9903237125230492,-0.0,-0.109090909090909,0.3178317096738371,0.8590742189417283,0.7412975759315075,-1.609367491536659,-1.655293493868681,-3.9812598140680393,13,130.0
0.98487070112946,0.9747845018824332,-0.0114399420172923,0.9952629578871964,-0.0,-0.1125,0.2783364678454619,0.8874599639835963,0.7857087017516718,-1.4183747169526326,-1.3994094596448852,-1.2470859628273416,13,190.0
0.9829523197556882,0.9715871995928136,-0.0118559716558257,0.9945450745582128,-0.0,-0.1111111111111111,0.3174033298266152,0.8716541912749066,0.7723974496627874,-1.4087916613235583,-1.402092498517503,-1.2046596987826845,13,250.0
0.9855797043980838,0.9759661739968064,-0.0115465479032805,0.9914947499560928,-0.0135135135135134,-0.1111111111111111,0.3229978652274257,0.8750390579315162,0.766607798447984,-1.5975075557338938,-1.723349299485134,-2.2167337748118925,13,310.0
0.9812620916900504,0.9687701528167508,-0.0129266727592322,0.9852692680813246,-0.0270270270270269,-0.189873417721519,0.2540227206498086,0.8384875527502238,0.6344907333859323,-1.6207251500223556,-1.6946130817261644,-8.807530716491058,13,370.0
0.9832744043252302,0.972124007208717,-1.199406114850754,0.9872205429834648,-0.0119047619047618,-0.1549295774647887,0.1478287867200339,0.810989697766404,0.10752028850139694,-2.201768443944694,-2.22740795834796,-10.765720026765027,13,10.0
0.9776641256364385,0.9627735427273972,-1.4394109526898766,0.9811261333924092,-0.073170731707317,-0.1791044776119403,-0.0363860315882931,0.7888642853758889,0.04351568520331135,-2.0809772104435362,-2.1262668725646408,-9.043992900965275,13,70.0
0.976816732904149,0.9613612215069152,-1.1498333279187174,0.9776885621593996,-0.0897435897435897,-0.1714285714285714,-0.0054466909753057,0.7512459532654835,0.05662850245979002,-2.8450142310313304,-2.8936818468442635,-8.212849442304126,13,130.0
0.9762774134083144,0.9604623556805242,-1.120421937816353,0.9829778976158328,-0.0481927710843373,-0.1159420289855072,0.2152731695766418,0.7267893455239965,0.17180140174813,-2.0957776620437247,-2.2465089135785545,-8.785415023008483,13,190.0
0.9781181494497456,0.9635302490829096,-1.268748507917562,0.9757805111553416,-0.073170731707317,-0.1911764705882352,0.0063936820676013,0.7446012681650753,0.028198145758004927,-2.674325713675221,-2.4884558711996965,-13.25268914836132,13,250.0
0.9809117574654178,0.9681862624423632,-1.4328000507239151,0.9776833694756704,-0.0113636363636363,-0.1818181818181818,0.1831132928547491,0.674604157802698,0.046442211608833155,-2.530688366848946,-2.4306822305317812,-16.505648263043415,13,310.0
0.9811041306339944,0.9685068843899908,-1.294641585440907,0.9794174985985336,-0.0864197530864198,-0.2028985507246377,0.2719377188762581,0.7877679863375289,0.04580919757729815,-2.7235808785407025,-2.924527746537538,-7.327424861462628,13,370.0
0.9858180749021092,0.976363458170182,-2.280456041380358,0.9676616185275284,-0.0,-0.1647058823529411,0.4059086650657708,0.8138025583862702,0.054577197845023497,-3.2528714116114488,-3.0449453811880463,-39.52761276734448,14,10.0
0.9867291128448352,0.977881854741392,-2.101025641704021,0.9651444093287228,-0.0270270270270269,-0.2073170731707317,0.3287371930089205,0.8485962593693255,0.05690232340863139,-3.2369889672123087,-3.2113844730062513,-37.736211636458265,14,70.0
0.9777167917104916,0.962861319517486,-2.006187607954346,0.9637176051141664,-0.0285714285714285,-0.2261904761904762,0.3535397950101507,0.7713639956979866,0.03552521562780867,-3.2963896825430172,-3.3208810810592464,-42.1283091901641,14,130.0
0.9787012276548176,0.9645020460913628,-2.09036274835522,0.9071825393641983,-0.1014492753623188,-0.3780487804878049,0.4402415727208988,0.6494379436133406,0.0014992806265347763,-3.567843272361986,-3.7548752970152397,-65.30199499728928,14,190.0
0.9745819320102156,0.9576365533503596,-2.3629145606975577,0.951441505161758,-0.0142857142857142,-0.3333333333333333,0.4008265645876201,0.7796433642368757,0.010325358216782852,-3.469112633614443,-3.4809135005491516,-56.315203855794124,14,250.0
0.9743102166808288,0.957183694468048,-2.2274705548051648,0.8812234105904516,-0.106060606060606,-0.4047619047619047,0.203023669719225,0.6793906541604232,8.834298343377299e-05,-4.4318221844641235,-4.128929569970593,-98.36066419525847,14,310.0
0.9798903481153484,0.9664839135255804,-2.4668542815148435,0.9252456031902684,-0.028169014084507,-0.3012048192771084,0.355028126473346,0.7192115311426404,0.001624980333565552,-4.014866279779496,-3.8417431248508596,-83.08902605443376,14,370.0
0.9854163232372244,0.9756938720620408,-1.0112374976708327,0.8566304535887795,-1.0,-1.5113636363636362,-0.2656907706379898,0.7087143969576711,2.4516024812142623e-05,-3.9871571347162194,-4.061112168133399,,14,10.0
0.9854163232372244,0.9756938720620408,-1.0357836621457226,0.7519595812213722,-0.9534883720930232,-1.5113636363636362,-0.3378276913522668,0.6912679312931939,6.573371898463796e-07,-3.9828586539017397,-4.138597321351764,,14,70.0
0.9448543470216108,0.9080905783693513,-0.7682975183951006,0.6680753741197663,-0.7037037037037037,-0.3976608187134502,0.0648329572485078,0.5455742420036659,4.3052497315718214e-08,-5.201153246275568,-5.135567397820994,-190.93946921625837,14,130.0
0.942205533841903,0.9036758897365048,-0.798887926899443,0.6521052704383599,-0.7058823529411764,-0.5113636363636364,0.1327131094697881,0.5450599863558296,1.798760231293798e-08,-5.219735310313265,-5.209379282164721,-185.51500679332923,14,190.0
0.9443238338726052,0.9072063897876752,-0.8156701186969078,0.7000304444443584,-0.8409090909090909,-0.4875,-0.1605258093401493,0.6013992321140575,1.386131695231966e-08,-5.207178351768861,-5.125289141860444,,14,250.0
0.9434074142759266,0.905679023793211,-1.009260505415669,0.7685400315456606,-0.8958333333333334,-0.4507042253521127,-0.2917911734918325,0.6162857256633472,6.790058637861178e-07,-4.8197439730675375,-4.39942221129434,,14,310.0
0.9434738362363556,0.9057897270605926,-1.2983782289086525,0.7985927853012974,-0.9166666666666666,-0.4122137404580153,-0.167956096293072,0.6506262294377311,9.840362577782576e-07,-5.183915406271502,-4.8419542138699825,,14,370.0
0.98645236081983,0.9774206013663832,-0.0265460115262355,0.9741770330556068,-0.0,-0.1628959276018099,0.3559348922126483,0.8748468190217583,0.7295561869743019,-2.3806706384917,-2.3375109932959237,-23.995574781097922,14,10.0
0.9867259411555392,0.9778765685925654,-0.0538473648739407,0.9916728863512276,-0.0,-0.0642201834862385,0.4459688195509158,0.8909684209669244,0.9420496169563606,-1.2215890538891914,-1.315981575496976,-4.976541342845689,14,70.0
0.9843868259197238,0.9739780431995396,-0.0454573500051161,0.994759534524422,-0.0,-0.0782608695652174,0.6718825544114748,0.8679183456601617,0.9605954677748518,-1.290557973715533,-1.3396182058532364,-0.2701447356162703,14,130.0
0.987798558589013,0.9796642643150216,-0.0557463884402633,0.9947844292016416,-0.0,-0.0775862068965517,0.6426699447324239,0.8688441705084549,0.9592029990520476,-1.2257458942350352,-1.3432450628093389,-2.7004522485975855,14,190.0
0.9801778585972156,0.9669630976620264,-0.0577819509639634,0.9804212178040156,-0.0576923076923077,-0.1621621621621621,0.4315355267366777,0.7989532048891334,0.7733887504375966,-1.9090592818931729,-1.9422796236977464,-8.05328846819851,14,250.0
0.9807118343827244,0.9678530573045406,-0.06159125730665,0.9834839375637154,-0.0,-0.1363636363636363,0.3609713507369099,0.8771297341946166,0.8298362588586585,-1.7311017406397875,-1.7722358889983123,-6.750683961218918,14,310.0
0.9796087368794612,0.9660145614657688,-0.0460010172556408,0.9783640132734418,-0.0384615384615384,-0.2123893805309734,0.5420873122466549,0.8666904214753097,0.8424183245647867,-2.341287926847238,-2.4181427790378742,-18.02297445016616,14,370.0
0.9886649490418834,0.981108248403139,-0.021893520260606,0.9940464146144388,-0.0,-0.0695652173913043,0.6262366085289452,0.8662576655034531,0.9613881092063736,-1.0792106632021468,-1.0550572506684706,-0.2984801890284636,14,430.0
0.957152813448076,0.92858802241346,-0.4119841967853606,0.970192364131787,-0.0294117647058823,-0.1206896551724138,0.3807895953908254,0.7243399235884944,0.11032477462448516,-2.5682960888596478,-2.5578153096801772,-12.855172578155027,15,10.0
0.9802628470900476,0.9671047451500796,-0.3661188726123365,0.8978768025558803,-0.1688311688311687,-0.396551724137931,-0.8231769164830891,0.4118641336757067,5.381618651165934e-08,-3.5386067372136956,-3.697313922248816,-38.357139106364244,15,70.0
0.9727542274308464,0.9545903790514104,-0.3916227367073474,0.9025358881107268,-0.3432835820895522,-0.3166666666666666,0.0611555563353775,0.3876774152816041,0.00011839575904148774,-3.744928929495861,-3.999693592868194,-44.37598006671857,15,130.0
0.9761614329648972,0.9602690549414954,-0.3608656989614009,0.8549831042214613,-0.3709677419354839,-0.3225806451612903,0.0037217145609764,0.3319163400590724,2.211457383905662e-05,-3.8317572779600044,-3.882712263356795,-51.439681199621646,15,190.0
0.9701831584912723,0.9503052641521208,-0.4628047023246581,0.7400851073405965,-0.5818181818181818,-0.3090909090909091,-0.1198627353182414,0.553531260064264,6.150150667368208e-08,-3.8458035824349905,-4.280291230061953,-70.94337664917416,15,250.0
0.9598173327705196,0.933028887950866,-0.416384829752993,0.678749354515393,-0.64,-0.4313725490196078,0.0154162086462747,0.4096420971139192,1.0951016220448608e-08,-4.200608316159658,-4.529551092617444,-75.18455286282408,15,310.0
0.9561546764375172,0.9269244607291952,-0.4443290973834179,0.823352085007872,-0.4603174603174603,-0.3140495867768595,0.1268908780304405,0.5281483621044992,9.220301938124764e-07,-3.8415427974678584,-4.176781647462413,-57.778319901233886,15,370.0
0.9436261373341894,0.9060435622236492,-0.0158631224906425,0.8567113670863228,-0.6935483870967742,-0.49,0.3710689098254719,0.3195230865023625,0.0002845789021460817,-4.869440539891631,-4.743977987418737,-148.6887837739161,15,10.0
0.924494777116642,0.8741579618610702,-0.016090006847468,0.8694180509287721,-0.2361111111111111,-0.3866666666666666,0.1487039330804728,0.3575635640558268,0.00047813906200418573,-3.3971338585509288,-3.841762854321954,-37.416137004636916,15,70.0
0.955344542885044,0.92557423814174,-0.0170651614778485,0.8309525390027479,-0.3538461538461538,-0.3309352517985611,0.2530934388874956,0.3034881352702735,0.00014896644651328912,-3.543348561580843,-3.869895548789576,-40.618823039127406,15,130.0
0.9549395069244918,0.9248991782074863,-0.0181179592562161,0.7145999348384455,-0.5593220338983051,-0.4242424242424242,-0.014318324173812,0.2605450227449604,3.429357399427382e-07,-4.481344524777545,-4.3938267101574775,-104.44970946565019,15,190.0
0.9555458598527242,0.925909766421207,-0.0183418969258803,0.7375762741839431,-0.7037037037037037,-0.4475524475524475,0.1565694384277044,0.2762995572659926,2.318484564210403e-07,-4.469339943609966,-4.511755725023883,-105.53881062092813,15,250.0
0.9563479516293112,0.927246586048852,-0.0175239706301851,0.7428684065864642,-0.6274509803921569,-0.25,-0.0470404866881103,0.2142183859627901,9.558942381336456e-07,-3.887736780902431,-4.33606393576401,-66.8817261643004,15,310.0
0.955906950691984,0.9265115844866402,-0.0163612861423404,0.8137924394708549,-0.4067796610169492,-0.4931506849315068,-0.0390016152167061,0.3932126861675328,3.3278900845319735e-06,-4.471617749712621,-4.770901785248469,-101.77995117309888,15,370.0
0.9855300097497504,0.9758833495829172,-0.7847124449477435,0.937388099469097,-0.0618556701030927,-0.3220338983050847,0.2632973674117735,0.6720617232069139,0.002558009981294374,-3.4082618417896984,-3.353397740233973,-31.25812580357801,15,10.0
0.9795339045177288,0.9658898408628817,-0.8666498378771207,0.9368974016612104,-0.0957446808510638,-0.1551724137931034,0.0307277461155707,0.7099432352424466,0.003980049568222682,-3.1420109199477624,-3.2233606589234904,-31.253644589063107,15,70.0
0.9720694711291328,0.9534491185485544,-0.9971360509449309,0.8329141150318966,-0.2987012987012987,-0.5,-0.0650900474584946,0.4799413957910722,2.2027517848735607e-06,-4.268342886159184,-4.153771326914703,-72.35238923460352,15,130.0
0.9720632995088004,0.9534388325146672,-0.8985081671440474,0.8346154943702689,-0.2249999999999999,-0.2459016393442623,-0.4215172752695123,0.5193491668103474,6.719384956793537e-06,-3.6449958619579332,-3.717375669037352,-46.9723692202452,15,190.0
0.9754878543517272,0.9591464239195454,-0.8588127142159355,0.9015577461855956,-0.1875,-0.1833333333333333,0.1100863072517225,0.5615855463285528,0.0004584730856582113,-3.4553814251653945,-3.333084479443067,-33.37396105575922,15,250.0
0.9799662578049804,0.9666104296749674,-0.7680485342695753,0.9227198495496944,-0.1162790697674418,-0.3442622950819672,0.1767794624448673,0.6536114043976334,0.0005511311458085044,-3.453092747344951,-3.5469919366128817,-38.67245862283717,15,310.0
0.978886915485587,0.9648115258093116,-0.8300655343872035,0.9148825481272428,-0.1264367816091953,-0.25,0.1441427999512356,0.6025592460500017,0.0007369358821315077,-3.392571294347149,-3.4314392140461387,-41.62195189607604,15,370.0
0.9863779089285276,0.9772965148808792,-0.9259533187912664,0.944566249344364,-0.0404040404040404,-0.1724137931034483,0.169406782575157,0.6896318471223811,0.0046644567447902555,-2.879730632024211,-3.0086172032851533,-27.152228566573534,15,430.0
0.9860718754745196,0.9767864591241996,-0.0255147439845025,0.9946988286108048,-0.0,-0.1276595744680851,1.1854945625967337,0.6873123093335831,0.9772983415371587,-1.0356642771690685,-1.0737746970987783,-6.517690040799785,16,10.0
0.9797949710127078,0.9663249516878464,-0.019938559337238,0.995937366602394,-0.0,-0.1182795698924731,1.1984809229500286,0.6655623168192089,0.985492739657556,-1.1310587941626842,-1.2021880074035045,-4.120760193827813,16,70.0
0.9898801585115088,0.9831335975191816,-0.0200879702566048,0.9961589648052736,-0.0,-0.075268817204301,1.188438298444379,0.7043986905389487,0.9839748436617771,-0.8571510076398811,-0.8769934381990326,-4.871141484631462,16,130.0
0.987991752908653,0.9799862548477551,-0.0246246600737736,0.9909254214592988,-0.0,-0.1208791208791208,1.1883189307988795,0.6623814293871034,0.9804034422009577,-1.1388849949845925,-1.110327281418109,-5.362025464680805,16,190.0
0.9798524155306848,0.9664206925511412,-0.0218741378310533,0.9952839023192396,-0.0,-0.1075268817204301,1.1307946974683944,0.7143797482016341,0.977725430249901,-0.9494805321770888,-0.9755087156806633,-7.778775864630944,16,250.0
0.9859826245161424,0.9766377075269042,-0.0288978994576703,0.9929156242712368,-0.0,-0.1075268817204301,1.197640104767547,0.6776655915175163,0.9780148036310709,-0.914666461777505,-0.9636079851625058,-5.8270132397846055,16,310.0
0.987824152159167,0.9797069202652784,-0.0226472635020803,0.9925728263328591,-0.0,-0.0744680851063829,1.1623108802059363,0.7011691826678447,0.9796951914402535,-0.906679571408772,-0.9387964289434224,-4.671527919471167,16,370.0
0.9928703417670186,0.9881172362783645,-2.2810253651725003,0.9653433461827722,-0.0,-0.073170731707317,0.8194150005969153,0.6601629227091457,0.29171715424602424,-2.414623584747313,-2.5738568124954506,-14.864890935792646,16,10.0
0.9861448577407904,0.9769080962346508,-2.5476038668910688,0.9609310637464976,-0.0,-0.0952380952380952,0.7148316986905926,0.664653925357337,0.17553097619139738,-2.585139796419281,-2.690545222148042,-15.563026598722399,16,70.0
0.9871277656097908,0.9785462760163178,-2.7908024045262696,0.9622294774285112,-0.0,-0.0963855421686747,0.7918098333664371,0.6892534814879979,0.18544356418486957,-2.51437355095994,-2.6702622006098813,-19.006420012760664,16,130.0
0.988962316295202,0.9816038604920032,-2.8043421211581863,0.9658453241489372,-0.0,-0.0843373493975903,0.8221166730534906,0.68962875023285,0.2273714982274626,-2.4483268910436022,-2.618276322259316,-15.510036521403928,16,190.0
0.9906628360113408,0.9844380600189012,-2.549804325910433,0.970052136183386,-0.0,-0.0853658536585365,0.7849357859131172,0.684632396877155,0.2048887042990454,-2.438386800216227,-2.484437581815792,-19.690868220950584,16,250.0
0.9889084861067596,0.9815141435112662,-2.6471288826940604,0.9605224831958732,-0.0,-0.074074074074074,0.8112623323614948,0.6889483920775762,0.2065056566000642,-2.3624125959729114,-2.571239606953836,-16.179374233628263,16,310.0
0.9905074817445966,0.9841791362409944,-2.814548316786873,0.959790197623325,-0.0,-0.1219512195121951,0.7327995234235511,0.6891030608161005,0.09771850633133149,-2.7483489364919675,-2.8248517831915856,-24.546391671436243,16,370.0
0.9870587136680896,0.9784311894468158,-2.9765605501472803,0.9627459432217956,-0.0,-0.1265822784810126,0.7323331092288571,0.6762032533168734,0.08110389804189917,-2.7068905478792766,-2.7643790998549806,-23.563630850650952,16,430.0
0.9873065870034908,0.978844311672485,-0.9984007826249752,0.9658862303332998,-0.0135135135135134,-0.0875,0.7194719083304301,0.6873595525339025,0.35773670887680303,-2.4556045642593505,-2.5965531681079193,-11.655163033671466,16,10.0
0.9871861362943256,0.978643560490543,-0.9473208339290208,0.9661632111199476,-0.0,-0.1309523809523809,0.6993333023772114,0.710652580454093,0.28438084378835804,-2.8753086212333816,-2.8909942865440232,-21.120147511258,16,70.0
0.9879808918172672,0.9799681530287788,-0.9463909395504336,0.9644672633412824,-0.0,-0.1325301204819277,0.6030960039280744,0.7118873888172904,0.2329623737931728,-2.6454065858690594,-2.792893297586204,-16.999153118513842,16,130.0
0.987688297833764,0.9794804963896068,-0.9350906595604108,0.9698020385138942,-0.0,-0.1097560975609756,0.706401899565396,0.7288692406650472,0.32983179801441287,-2.6756538491952937,-2.6747951200298115,-18.44400177950793,16,190.0
0.988561876340788,0.98093646056798,-1.0290410074177454,0.9714300593001622,-0.0,-0.1097560975609756,0.6763241425452392,0.702937240852066,0.29066647230207854,-2.6699368635918614,-2.696077924129207,-20.201262947252296,16,250.0
0.9868083029845236,0.9780138383075394,-1.0338184406975628,0.9700035550412368,-0.0,-0.1325301204819277,0.7420461121875456,0.6508556477382015,0.4124345995534013,-2.4608436806603775,-2.49363441311809,-10.831677113120207,16,310.0
0.9856804435682958,0.9761340726138265,-1.0630498525592134,0.9653519091600854,-0.0,-0.0853658536585365,0.6986146859107413,0.6934484242433461,0.38141571716873224,-2.577752714240861,-2.747114391559489,-8.497065955986518,16,370.0
0.9866891485879764,0.9778152476466276,-2.6782395995703014,0.949285876509434,-0.010204081632653,-0.1639344262295081,0.581827776138819,0.6486018396567794,0.005621699786030222,-3.038903292008642,-3.0569330149990717,-9.148405807494456,17,10.0
0.9824716483548116,0.9707860805913529,-2.7989530474282143,0.9397445794080656,-0.0309278350515463,-0.1666666666666666,0.5704568863648721,0.6307456328076115,0.0031262958475970133,-3.289967829913363,-3.467202778718475,-10.151422724752422,17,70.0
0.9828849037813946,0.9714748396356576,-2.4808863939318417,0.9540778545902192,-0.0103092783505154,-0.1475409836065573,0.6234563134985567,0.652144008221734,0.010899129882256489,-2.6643607822518036,-2.518279335788914,-6.772149381828864,17,130.0
0.9853653129234048,0.9756088548723416,-2.1749330188730105,0.9524054962410264,-0.0,-0.1967213114754098,0.5960083912662776,0.6596945527444926,0.00617398363691417,-3.26276754505128,-3.394973500128578,-11.488268255489299,17,190.0
0.9849360527827667,0.9748934213046114,-2.1306118474114872,0.9540466739724772,-0.0103092783505154,-0.1311475409836065,0.6470332217100162,0.6160616364217272,0.017603847927043472,-2.604263620547771,-2.4886995191849417,-5.890914272670589,17,250.0
0.977753316545924,0.9629221942432068,-1.8637810676697668,0.9606369582843716,-0.0103092783505154,-0.2096774193548387,0.576236939298709,0.6268230643339692,0.014344369988641591,-3.0565313290868654,-3.3269328513800285,-8.381386401605198,17,310.0
0.9808275793814236,0.968045965635706,-2.067970000847543,0.934602081694266,-0.0,-0.2459016393442623,0.4726522848352462,0.6357998383095517,0.0026205810386868917,-3.493759271105371,-3.593710661394783,-12.560587518883263,17,370.0
0.9828152705913056,0.9713587843188428,-1.1562804035318577,0.9770955689652148,-0.0,-0.1492537313432835,0.4688409239223597,0.7364301968270541,0.06685858786371246,-2.349307558840172,-2.3806372520218244,-8.69576944151839,17,10.0
0.9824854118687,0.9708090197811668,-0.80369443894787,0.9870240287953512,-0.0,-0.2153846153846154,0.4260511738003315,0.7404527469567835,0.07186253877230162,-2.1349393237571177,-2.226309661475753,-9.514221536957358,17,70.0
0.9807295913076892,0.9678826521794824,-0.7492081413268283,0.9882967805471328,-0.0,-0.2,0.3484560069019624,0.7469663786019013,0.08767522802832796,-2.019983117074229,-2.068660913735537,-4.730607382150396,17,130.0
0.9858801151351788,0.9764668585586314,-0.658120940368512,0.9872863970747352,-0.0,-0.125,0.4630874216712348,0.7505570167968822,0.12664221403549727,-2.0751219370752896,-2.0488957270105153,-7.079362606743608,17,190.0
0.9794473932328058,0.9657456553880098,-0.649714404874776,0.9851417600062894,-0.0,-0.1587301587301587,0.4273553573298275,0.6927463603723519,0.1273683403133845,-2.055830476536706,-2.0687367271143033,-4.7184300770688985,17,250.0
0.9866357848728056,0.9777263081213424,-0.5741350843067693,0.9857087223407456,-0.0106382978723403,-0.1612903225806451,0.4771394274579459,0.741788675434082,0.08540872851178816,-2.0331164566393416,-2.077365464425874,-7.0426003632437535,17,310.0
0.9809239254085688,0.9682065423476144,-0.669834996618978,0.9857968864242154,-0.0,-0.171875,0.4308344693473536,0.6568293531660075,0.0902830899427181,-2.1509070777075707,-2.20408919472855,-11.759940974601818,17,370.0
0.9749366288273676,0.9582277147122792,-0.0164624299584809,0.942433296726392,-0.0533333333333333,-0.2236842105263158,0.7113771532122897,0.5554567696460146,0.12720740245170944,-3.087383433983692,-3.0919833003138226,-17.084384460837583,17,10.0
0.9758620574076032,0.9597700956793388,-0.0164611746469257,0.9307417256362164,-0.0675675675675675,-0.3636363636363636,0.800878148059007,0.5832427712796341,0.03307943338412291,-3.391086231681072,-3.288877408570246,-24.238321584259793,17,70.0
0.972893223719213,0.9548220395320218,-0.0163508794416526,0.8671289772299351,-0.203125,-0.3950617283950617,0.677783224247612,0.4946137780979165,0.0018509264994143206,-4.1454463138598765,-3.562331642543948,-51.07710746317007,17,130.0
0.9765841207729282,0.9609735346215468,-0.0161022995488793,0.9089631658438998,-0.1159420289855072,-0.2911392405063291,0.8113256507876133,0.5684625958337729,0.024758734461707205,-3.3895320709863097,-3.4337911858384476,-34.38631349454246,17,190.0
0.9775184832968052,0.9625308054946752,-0.0168852028145171,0.927336896108679,-0.1111111111111111,-0.1866666666666666,0.67890661722253,0.5276403916379753,0.06599117363662685,-3.2474889863665863,-3.1398451609968676,-14.962018962943553,17,250.0
0.9768814279951552,0.9614690466585918,-0.0167705302745607,0.9250848758870878,-0.0999999999999999,-0.1728395061728395,0.8439951982271195,0.588676585236015,0.12225686681804301,-3.191805267181592,-3.1148825003978264,-6.82832695209936,17,310.0
0.9756727707344744,0.9594546178907906,-0.0164483227368987,0.9340500352482688,-0.088235294117647,-0.2926829268292683,0.916293626668539,0.6060293180152393,0.08097137947672199,-3.4398975375735437,-3.536312215310057,-26.556026331060934,17,370.0
0.9849918465084916,0.9749864108474862,-1.125123627402189,0.9532355817115256,-0.0,-0.106060606060606,0.6710063905816789,0.6094507410553837,0.06020566214312687,-2.3941375982711772,-2.5049491418059247,-15.394649225858743,18,10.0
0.9848670613205164,0.9747784355341942,-1.3890331694894074,0.9301261228282052,-0.0114942528735632,-0.2074074074074074,0.5296190542139441,0.6221758242677983,0.007950394816062288,-2.913236029446842,-3.06107343661378,-20.91769154729125,18,70.0
0.9880211033875762,0.980035172312627,-1.3902867178230998,0.9276526367721468,-0.0112359550561798,-0.1194029850746268,0.4716406507091444,0.6359841836097638,0.008044966376771455,-2.9039512657012927,-2.878357365176919,-10.729723445477328,18,130.0
0.9825711633137876,0.9709519388563126,-1.473441187056559,0.9650623903055084,-0.0,-0.1194029850746268,0.7230719020379021,0.7073975176075654,0.054761206278104116,-2.325877360338206,-2.3212019706132043,-13.985260073346538,18,190.0
0.9826878843131494,0.9711464738552488,-1.6805761054832162,0.9352312038164492,-0.0227272727272727,-0.3283582089552239,0.7012783620519607,0.6376817220571344,0.0038714199595201474,-2.9558981626927343,-3.0039557101960033,-26.345512047679886,18,250.0
0.9912311166151307,0.9853851943585514,-1.5052088372973398,0.9666785225566128,-0.011111111111111,-0.0909090909090909,0.7611754668620762,0.7111830118419608,0.057310176898281336,-2.3397684746352154,-2.365418126334269,-9.2142237215407,18,310.0
0.9899344814935028,0.9832241358225048,-1.550848401475677,0.9629343411203548,-0.010752688172043,-0.078125,0.767226139721495,0.6775966646083232,0.052569498378749004,-2.4690235104660347,-2.47700504180147,-9.370198927754961,18,370.0
0.990137199199083,0.9835619986651384,-0.7085334709531447,0.977467359064248,-0.0,-0.0983606557377049,0.4532002842647121,0.7056663992260057,0.13462761984562915,-2.16000939063049,-2.2093386119852485,-11.204036110851725,18,10.0
0.9802938665715412,0.9671564442859022,-0.6088400210552283,0.9751986625892208,-0.0,-0.109375,0.2966907178590984,0.7298182654775741,0.14391099545824815,-2.4350591687016867,-2.4734265375868465,-8.695159515907001,18,70.0
0.985268873265233,0.9754481221087216,-0.5647167652408981,0.9723597671682328,-0.0,-0.1138211382113821,0.2269260332162258,0.7525717685962539,0.08245431427616436,-2.409124571170393,-2.509016988517807,-10.453648854905483,18,130.0
0.9852178713877596,0.9753631189795994,-0.5474247916194451,0.9745938785470796,-0.010752688172043,-0.1269841269841269,0.2224862074671159,0.7352383203004891,0.09880387633896787,-2.3986593216330028,-2.4838410859220312,-11.939280387402988,18,190.0
0.9863933460617632,0.9773222434362718,-0.5706832542678325,0.9734675664704294,-0.0319148936170212,-0.1451612903225806,0.1558675611777268,0.7590820041369833,0.06170585199531903,-2.5158005173196734,-2.609404682867588,-7.634098965533898,18,250.0
0.9864563819808232,0.9774273033013724,-0.6407496780174646,0.9679973024253608,-0.0,-0.1428571428571428,0.1886053557249682,0.780606214119643,0.05633435411629729,-2.6614244151297357,-2.7264647798058643,-16.852548155442488,18,310.0
0.9880321941865562,0.9800536569775936,-0.6151034546428312,0.9726712945760224,-0.0,-0.0983606557377049,0.2340940915644309,0.7738329332970622,0.10752401001074809,-2.445963674060968,-2.541828213932068,-12.412697276839168,18,370.0
0.9852945899201442,0.9754909832002404,-0.0168990268634116,0.9965354038523612,-0.0,-0.0632911392405063,0.919813145579648,0.7959027066139576,0.896917756982256,-1.2198379070340115,-1.2337958601016186,-0.6306089178269154,18,10.0
0.9863064390544618,0.9771773984241028,-0.0162164459155659,0.9974217091829384,-0.0,-0.074074074074074,0.8807515428530354,0.8146430411195432,0.9034303465994665,-1.1621262649749773,-1.1162362932759542,-0.963663846059756,18,70.0
0.9859082811627036,0.9765138019378392,-0.0161140457569067,0.9982439214465012,-0.0,-0.0493827160493827,0.8693380515033229,0.8158469563846116,0.9174868832963966,-1.0654152642052457,-1.0330788108094062,-0.43279870800191134,18,130.0
0.9812260191145132,0.968710031857522,-0.0179859161051133,0.9947488302692332,-0.0,-0.0915032679738562,0.842364910343327,0.7338803191323022,0.8493248419795402,-1.4746659218132285,-1.4527146439796363,-0.8104668717373364,18,190.0
0.9827461819594584,0.9712436365990974,-0.0163859784002043,0.9961194887470688,-0.0128205128205127,-0.1168831168831168,0.877186113934414,0.7815417595175171,0.8541013490711061,-1.4625402121005542,-1.4437224340085164,-1.004894044740297,18,250.0
0.980336973384696,0.9672282889744932,-0.0169790979577321,0.99609580655676,-0.0,-0.1153846153846153,0.8987300556521409,0.7724048975081156,0.8696941779341529,-1.3786168778026018,-1.2959921000390053,-1.2668005291732705,18,310.0
0.983783299907688,0.972972166512813,-0.0170562285225149,0.995793793706111,-0.0,-0.0886075949367088,0.8932991894882716,0.7816376986390159,0.8770911066325412,-1.1744745562704253,-1.1143245068908434,-4.39965507133164,18,370.0
0.9588240269268242,0.9313733782113736,-1.325853217845048,0.7558378557884321,-0.5,-0.2131147540983606,-0.1272925315282411,0.7213842739870866,1.3434461155182656e-06,-4.819393693539282,-4.750471801197672,-116.96869301708927,19,10.0
0.965344840310828,0.9422414005180464,-1.074521621783217,0.7909618376597035,-0.8857142857142857,-0.1259259259259259,0.2262931835464858,0.7372410529400796,5.673784334138101e-06,-3.9834588426154336,-3.5516884204137322,,19,70.0
0.9668975996834166,0.9448293328056944,-1.052977101641707,0.7644186309722844,-0.6904761904761905,-0.2180451127819548,-0.0544159166858809,0.6284473309822469,1.2030455869023062e-06,-4.839811482346269,-4.702249773059148,-146.91364299873496,19,130.0
0.9677786378378642,0.9472066889769998,-1.4707412534208597,0.869599385705756,-0.3658536585365853,-0.1837455830388692,-0.7731309644948805,0.6662525010549802,4.166878780072424e-05,-4.362246169441809,-4.013109507588163,-119.0307656568835,19,190.0
0.9717976025026146,0.9529960041710244,-0.8111111646130243,0.6738273878852498,-0.6428571428571428,-0.3805970149253731,-0.0178325462641053,0.5442334056014682,6.921004517800544e-09,-5.308588947165127,-5.285073622402106,-234.3520452759596,19,250.0
0.9601050826994636,0.9335084711657726,-0.8426593897082671,0.6662823364559254,-0.6285714285714286,-0.4210526315789473,-0.1870056506806114,0.2216753508881531,1.9869531593796154e-08,-5.0569537101177735,-5.125430118607693,-141.86499415020214,19,310.0
0.9171132617633057,0.861855436272176,-0.8909293521246079,0.641367656258961,-0.546875,-0.4117647058823529,-0.3335634880369497,0.2608606137644597,8.090117777906899e-09,-4.869950287980816,-4.772236678352582,-128.84250354544525,19,370.0
0.9469066224910652,0.9115110374851084,-0.9514264396748516,0.7143047058282359,-0.582089552238806,-0.6115702479338843,-0.2975742147540723,0.1430842087151786,1.1038326733524311e-08,-4.7529603623295715,-4.71292197947567,-133.39232609138105,19,430.0
0.9662839089642582,0.9438065149404304,-0.0177797871697486,0.9956070785289536,-0.0,-0.3253012048192771,0.3699956564158038,0.7195957437502931,0.6545139124476501,-2.0757650518748814,-2.1173178201655274,-1.5919985843674525,19,10.0
0.9698969475889794,0.9498282459816324,-0.0327682872455922,0.9437699960023336,-0.0615384615384615,-0.2368421052631578,-0.4441328525587709,0.4697202989814747,0.0006062029084896103,-3.4394779217063536,-3.44452664891983,-12.615254204830023,19,70.0
0.9693387765890332,0.948897960981722,-0.0167258789137175,0.9662636476204152,-0.1139240506329114,-0.2058823529411764,0.2196056599527354,0.6289116574722428,0.22821832049906451,-2.947030630302207,-2.9876653073056256,-9.975529240593893,19,130.0
0.9778110621901712,0.9630184369836188,-0.0165230592894317,0.9945615907562698,-0.0126582278481012,-0.1333333333333333,0.2561795651601443,0.827387480874438,0.6934015568735173,-1.3714690920638328,-1.3680491127653347,-6.647008049309413,19,190.0
0.9769476504022,0.9615794173369998,-0.0199856746464692,0.9803784723544144,-0.0609756097560976,-0.2285714285714285,0.2788514503662558,0.7095074627871797,0.36538474118751474,-2.5256049986202864,-2.4463630824036344,-10.730817798321453,19,250.0
0.9759390993607208,0.9598984989345348,-0.0172926580532038,0.9921405994784986,-0.0,-0.1842105263157894,0.2408158326441288,0.8284647161710461,0.6115694867135061,-1.567695929887942,-1.4867424372425573,-9.661960540685477,19,310.0
0.9843922472725196,0.9739870787875328,-0.0167111106099082,0.9956416094211238,-0.0,-0.1038961038961039,0.2159667144438264,0.805796752972546,0.761270235834515,-1.3688982642804268,-1.2434242162854172,-2.6910893081756093,19,370.0
0.9774675219713824,0.9624458699523042,-0.0219638150778733,0.9793373153530592,-0.0649350649350649,-0.2191780821917808,0.2126883515142069,0.7525388626155493,0.36181124142617127,-2.2762688899066523,-2.327555861924281,-11.627482215738507,19,430.0
0.9713136699893348,0.9521894499822244,-4.118885166378633,0.7954845266798564,-0.2741935483870967,-0.3980582524271844,-0.149259119545692,0.4694650894792156,1.4193169074140618e-07,-4.6904990268155675,-4.447030022624675,-112.88461368086581,19,10.0
0.977357582569192,0.96226263761532,-4.2295948712507885,0.8235146573272322,-0.4821428571428571,-0.2924528301886792,-0.0579982100086417,0.3822030937490961,5.0605941662228776e-08,-4.762169344164222,-4.4726697031687905,-118.23769124814042,19,70.0
0.9712452723196712,0.9520754538661188,-3.826560324472082,0.8661331255813632,-0.6,-0.2819383259911894,0.1193915330192488,0.5955071592680852,1.0387815540756957e-05,-4.806552917196176,-4.6203917027613555,-121.89978229681171,19,130.0
0.9731491358285292,0.9552485597142152,-4.2059159868242695,0.8883006326315287,-0.2542372881355932,-0.2242990654205607,0.2904305175333966,0.3922278660535903,0.00010918890662940715,-4.1430074424099335,-4.013948773523615,-84.67867718904785,19,190.0
0.978918238527326,0.9648637308788768,-4.232948923850543,0.8059611272647614,-0.4098360655737705,-0.423963133640553,-0.0019153493338053,0.4259782755913188,8.346391176252433e-08,-4.870014889426837,-4.588926524910371,-137.7763993923145,19,250.0
0.9713191559044464,0.9521985931740776,-3.698656125389391,0.7865541552580467,-0.3846153846153846,-0.3181818181818182,-0.5306906210756585,0.4941844532098814,4.666277916179457e-08,-5.016142430005798,-4.811480481116846,-142.12556302687443,19,310.0
0.9681623275038864,0.9469372125064772,-4.916706901375232,0.8276693215673969,-0.2711864406779661,-0.4380952380952381,0.1669409938351526,0.6341080094467173,4.7353591652786056e-07,-5.236178252947684,-4.716432772044728,-167.02981482132756,19,370.0
0.9825670127801712,0.9709450213002856,-1.5848170813230582,0.9427474257951834,-0.072289156626506,-0.1492537313432835,0.4227762356137753,0.6227755106764679,0.00669612078234053,-2.9165129443959135,-2.9547069948236415,-16.930035666742235,20,10.0
0.9789583078433656,0.964930513072276,-1.6586677537191363,0.8938057873115639,-0.1710526315789473,-0.3088235294117647,0.1360673703742597,0.5623239296078556,8.579370588936706e-05,-3.7391930324558458,-3.8367356071619185,-43.550656023729864,20,70.0
0.9789924768793048,0.964987461465508,-1.4884666300906093,0.9335452382225954,-0.0843373493975904,-0.2461538461538461,0.2649174472010511,0.589070548015525,0.002261131065592726,-3.693923321673964,-3.707924354986911,-33.21666185294063,20,130.0
0.97658131207313,0.9609688534552168,-1.67739417710242,0.8845469651132624,-0.0843373493975904,-0.1925925925925926,0.2395551881446983,0.4921679139073612,0.00032477825971795945,-3.5109018061305335,-3.5507322674876054,-21.93356354784237,20,190.0
0.9760367625080588,0.9600612708467646,-1.7127641476019773,0.8561243548950676,-0.2777777777777778,-0.4615384615384615,0.1303595213854048,0.4437267473637138,4.492702075350321e-06,-4.119514755118677,-4.334434280071505,-52.35336586462653,20,250.0
0.9770027468804108,0.9616712448006844,-1.6829498628060322,0.8477711695595437,-0.2777777777777778,-0.2794117647058823,0.0993599270855962,0.3345265787999075,1.1534051021263091e-05,-4.185684264175487,-4.192853504723741,-55.85189733365603,20,310.0
0.9769859976491276,0.9616433294152128,-1.6252045171713845,0.8254961352996504,-0.295774647887324,-0.3787878787878788,0.1830728456361111,0.3348748844326201,4.1747985859834075e-06,-4.090781947220202,-4.241663586499557,-50.319531691132305,20,370.0
0.9729826286100176,0.9549710476833624,-1.879266476727541,0.7564261774123984,-0.5737704918032787,-0.4098360655737705,-0.2208594208638356,0.546615599790949,2.5255134713161044e-08,-4.4861129880763855,-4.481191683811721,-76.77299869780963,20,430.0
0.9300927618183032,0.8834879363638387,-1.0483015524159045,0.6124303431418314,-0.5606060606060606,-0.4464285714285714,-0.7887280653810196,0.5649857370176153,2.5448750174281534e-09,-5.3840552566775335,-5.3240685858096715,-210.41942328423494,20,10.0
0.932342543841562,0.8872375730692702,-0.8234062156731607,0.5692188516969886,-0.65,-0.4133333333333333,-0.3838736302795467,0.5559694989446566,1.372723213783664e-10,-4.916006712475082,-4.948126322441074,-131.6616510478379,20,70.0
0.9256482973364156,0.8760804955606927,-0.7855661099050374,0.5819498632003134,-0.7301587301587302,-0.5131578947368421,-0.6114335737851819,0.5199320439999,7.468735684121041e-11,-5.226908994984123,-5.152005021285452,-174.03639946460126,20,130.0
0.9543563905060845,0.9239273175101406,-0.7963772877825812,0.6373796337903427,-0.6119402985074627,-0.382716049382716,-0.4737488997125706,0.4651235419972675,1.3468925770046469e-09,-5.080403659520947,-5.101419479427124,-153.8280791709195,20,190.0
0.955731954625512,0.9268940469247792,-1.0572278465813691,0.602519964267832,-0.6842105263157895,-0.3037974683544304,-0.9503975345793632,0.5437590450081277,2.540277929069505e-10,-4.795566024220928,-4.9482831138577925,-128.1046711716425,20,250.0
0.9571264730386057,0.9285441217310094,-0.905492250377358,0.5168569386991463,-0.7592592592592593,-0.4729729729729729,-0.6110084191848677,0.4980118858492861,8.701646606246256e-12,-5.2109526216195405,-5.090390365170439,-164.85533365321066,20,310.0
0.9487981081075804,0.9184013866612036,-0.8991494321529496,0.5781864198736303,-0.6307692307692307,-0.5614035087719298,-0.4662227812143424,0.5061564741061674,5.910881846825009e-10,-4.568079290790222,-4.853409920834976,-86.71572112179908,20,370.0
0.9767210600175504,0.9612017666959172,-0.0206116028718035,0.987859768807211,-0.0129870129870129,-0.1710526315789473,0.6369152702991877,0.7240090675173472,0.7047351993918355,-1.4557065974861516,-1.4973585130222329,-4.807513612033922,20,10.0
0.9803158902166622,0.9671931503611038,-0.0208466666272397,0.981336315800913,-0.0379746835443037,-0.1621621621621621,0.3927903069833356,0.6975424126501454,0.427262404064717,-1.7420841982515631,-1.83797105966511,-4.141111784292761,20,70.0
0.9690337450169636,0.9483895750282726,-0.0208473540836016,0.9913548370829032,-0.0,-0.1625,0.620760845872779,0.659371525092798,0.8781613987299647,-1.1952213133619372,-1.1783039486288174,-3.1704021595815775,20,130.0
0.9732578316719016,0.9554297194531692,-0.0203488981447865,0.983832367897959,-0.0123456790123457,-0.1398601398601398,0.4897696403729738,0.6121748534768583,0.6326156373298415,-1.7181370270297622,-1.5975156892511262,-3.4615442429122965,20,190.0
0.9720002072799298,0.953333678799883,-0.0183135744278558,0.9919374908593858,-0.0526315789473684,-0.1625,0.5811912117506522,0.7242306436479452,0.807237451897848,-1.0542434435033694,-1.2086952588828423,-3.3008992073167747,20,250.0
0.97273991130203,0.9545665188367168,-0.0180077408325847,0.9867457591648487,-0.0,-0.1481481481481481,0.5556352373525035,0.7429403777732358,0.8035253785480458,-1.5467561977702955,-1.54980275897789,-6.181801853156021,20,310.0
0.978728365767264,0.964547276278773,-0.0201096369334327,0.9825422259895726,-0.024390243902439,-0.1276595744680851,0.4272775435809288,0.7106205998958568,0.5331812695783951,-1.7815118746060048,-1.8230421285645293,-5.642286298600215,20,370.0
0.9781528570369602,0.9635880950616004,-0.0305960729299332,0.9921300766830324,-0.0,-0.1578947368421052,0.5833196817656569,0.7664553138131512,0.7871984620199522,-1.3111846021175562,-1.2475859740532076,-3.764672233807403,20,430.0
0.9834843027952778,0.9724738379921296,-0.5768882728758785,0.9814514765728276,-0.0,-0.1,0.3899423137509345,0.7542777107045155,0.203173959404524,-1.9376946950916953,-1.9763322460226693,-9.0400353121218,21,10.0
0.985622483386218,0.9760374723103632,-0.5118351001036265,0.9896517023935838,-0.0,-0.09375,0.4016029747591758,0.7351918664194247,0.3058216322200138,-1.9083510797213257,-1.92334380756337,-6.780766137054918,21,70.0
0.984795197551054,0.97465866258509,-0.6127693387209192,0.9890065636094342,-0.0,-0.140625,0.4485963314469958,0.7332601496036331,0.22744714821074116,-1.9362558147714168,-1.9397880903710918,-7.246113303006926,21,130.0
0.9826123370898237,0.9710205618163726,-0.5838817854255978,0.990701687587399,-0.0,-0.1212121212121212,0.5090660550954723,0.7546459600992536,0.3354100005278699,-1.5881478800805102,-1.6221152657340403,-5.849805045571564,21,190.0
0.98766454619083,0.97944091031805,-0.5727925982543619,0.9910286124136354,-0.0,-0.1076923076923077,0.4981992906263959,0.7810349355129349,0.32602485946807336,-1.7033528957347295,-1.6635314784907527,-8.03544817491046,21,250.0
0.9852396234906996,0.9753993724844994,-0.5742060620250291,0.9897349346637768,-0.0,-0.0895522388059701,0.5084603273351816,0.7757683502652781,0.3703967925531399,-1.7464368261071814,-1.7238669140723477,-6.198199306232439,21,310.0
0.9822420396693616,0.9704033994489362,-0.5222488529630815,0.9896532661690656,-0.0,-0.1014492753623188,0.5141409515308588,0.7351467406563551,0.40912200770639395,-1.957677899232779,-1.9497915440191065,-2.336107815103073,21,370.0
0.985436636837449,0.9757277280624148,-0.0191821055419985,0.9918405812914798,-0.0,-0.108433734939759,0.5319004029234691,0.8362791074122565,0.7941485792882907,-1.1902653528553502,-1.1942542241863974,-1.1534273787062652,21,10.0
0.9849048287970462,0.9748413813284104,-0.0161211542782717,0.9940586593582288,-0.0,-0.1,0.684911959375629,0.8484153062867572,0.8487923757748488,-0.832891369087984,-0.9342882782120221,-3.9729086529598057,21,70.0
0.9837720293274296,0.9729533822123824,-0.0172293981973772,0.9946615870743604,-0.0,-0.081081081081081,0.7294580113941765,0.7501232724928573,0.8919492704130842,-1.3812192699880854,-1.3543183197755577,-3.321893758920556,21,130.0
0.9794758033311306,0.9657930055518844,-0.0167028147095375,0.994818168844342,-0.0,-0.1392405063291139,0.8230402448003581,0.7794023093627891,0.8576508020735893,-1.0465313478456872,-1.0474166179950506,-5.194758405859012,21,190.0
0.9794608201584972,0.9657680335974952,-0.017196716870776,0.99412101536549,-0.0,-0.12,0.7889995345169408,0.736237843732465,0.8376020156124948,-1.351989123905998,-1.2747437228766971,-4.670345547480419,21,250.0
0.9809030134780958,0.9681716891301596,-0.017559912577825,0.9930173423469252,-0.0,-0.1428571428571428,0.6818731521013387,0.7810231595389729,0.8101564974788924,-1.3943999387880346,-1.3520775737413715,-4.639363997694801,21,310.0
0.9868215135901972,0.9780358559836616,-0.0171779816070938,0.9967823125792572,-0.0,-0.1,0.7599074336750526,0.8633134527872451,0.8413205593409947,-1.0013588342840145,-0.9367986134143166,-4.493657372086968,21,370.0
0.9881115544248612,0.9801859240414356,-1.668007073884394,0.9881967710837856,-0.0,-0.0952380952380952,0.3397107809389523,0.7434555603164367,0.1455192500643999,-1.8619324522441147,-1.8037079420402378,-9.062058752873515,21,10.0
0.984842108710874,0.9747368478514564,-1.663793433710066,0.9839188532939064,-0.0,-0.0895522388059701,0.2613213223848036,0.7850548953397988,0.14706290302368646,-2.0517320496850595,-1.9193569595311495,-7.066167324262288,21,70.0
0.9841770434649876,0.9736284057749792,-1.368068208561268,0.9827311865840608,-0.0,-0.1343283582089552,0.3328511363587053,0.7462758514597257,0.09634128939220563,-2.1405750765620772,-2.153201374990413,-10.93103519981976,21,130.0
0.9821828400542052,0.9703047334236754,-1.2652435209407464,0.9867946127216022,-0.0,-0.140625,0.3440544468084583,0.7393350408210132,0.13233571222105708,-2.065771305948025,-1.9957680742428274,-7.991255082872783,21,190.0
0.9867001328027036,0.9778335546711724,-1.1501566533058152,0.9860693835426008,-0.0,-0.1212121212121212,0.3904166111045974,0.7784413652961493,0.16759128399981005,-1.9807291073766204,-1.9282868126697745,-5.475282190785759,21,250.0
0.9821423745736804,0.970237290956134,-1.0661967992205224,0.9826069155732444,-0.0,-0.1269841269841269,0.2443630161689174,0.7349574242161183,0.10285706234797579,-2.051040987292638,-2.081017176144574,-8.94465655609946,21,310.0
0.9847139998619976,0.9745233331033296,-1.124069588946885,0.9784014065626244,-0.0,-0.1875,0.3072548874964962,0.7232847351079658,0.08523370517951709,-2.489755194019836,-2.5278964795258103,-6.987423412808688,21,370.0
0.9570598548810084,0.9284330914683476,-0.5099460329578187,0.9857855514030082,-0.0,-0.1428571428571428,0.4398171272785232,0.6352504878511915,0.24358242588593718,-2.089904033819863,-2.01783255529031,-6.23596209042676,22,10.0
0.9813558821347216,0.9689264702245356,-0.3942403952942573,0.9926232548261774,-0.0,-0.1076923076923077,0.4745510995608118,0.7611634405983836,0.296622769880228,-1.8706260917687219,-1.83625399831987,-2.1234681385552427,22,70.0
0.978971422135864,0.96495237022644,-0.4770892808573344,0.980075982750228,-0.0,-0.1864406779661017,0.4293141017337333,0.7083519278295124,0.07929732141427472,-2.2650381135078512,-2.2260980327544955,-7.826734663080664,22,130.0
0.9804272822926864,0.9673788038211442,-0.600922684718596,0.9844109143598928,-0.010752688172043,-0.1639344262295081,0.3401272209961982,0.6515772570469162,0.07644243180447245,-2.019346394981481,-1.9552439893454376,-2.9022868563891926,22,190.0
0.977663496455678,0.9627724940927967,-0.5030378964099455,0.9864980921231952,-0.0104166666666666,-0.1129032258064516,0.4899035683434993,0.6051289003841854,0.17008267847834016,-2.0211373986220766,-1.9648582998330049,-3.5657381226407843,22,250.0
0.9763227895610256,0.9605379826017092,-0.4025135111321128,0.9841910400773202,-0.0,-0.1147540983606557,0.4198502326124079,0.5767558710323978,0.17758925167404124,-1.8149915942338568,-1.8594409248599564,-4.750204844368678,22,310.0
0.978059666173392,0.9634327769556534,-0.5375035671750227,0.983106075072235,-0.0,-0.1428571428571428,0.5158303812491039,0.6194046611898868,0.17400332247312,-2.130246188826875,-2.106646451038668,-8.06135287042444,22,370.0
0.977562958948207,0.962604931580345,-1.8691817129214428,0.9792930533042764,-0.032258064516129,-0.1451612903225806,0.4743721888542216,0.5325326919381446,0.05518710793977986,-2.2447119212412976,-2.213064617409249,-5.928384155415188,22,10.0
0.98231107077987,0.9705184512997836,-2.1457693379954095,0.9796886045491492,-0.01010101010101,-0.1311475409836065,0.3465944333698446,0.7634937628654158,0.045447274738742195,-2.3779661104130216,-2.328785190789649,-11.771988369716222,22,70.0
0.9730462561934068,0.955077093655678,-1.859097641076161,0.98058146384607,-0.0,-0.1904761904761904,0.3660890583100685,0.6474042681433814,0.0600723855177548,-2.229873671593807,-2.2493002788478593,-11.398598165147359,22,130.0
0.9811510800185752,0.968585133364292,-1.3154144308247049,0.9867887385140398,-0.010752688172043,-0.1259842519685039,0.4415697040903346,0.7132967869621746,0.12426932282206776,-2.2045289906592522,-2.1220937805428646,-6.118816738039072,22,190.0
0.9787344623165848,0.9645574371943078,-1.1977476619544416,0.9778361409471787,-0.01,-0.1551724137931034,0.3633126626750937,0.7251489123509013,0.05601927959309103,-2.4218837443264585,-2.421078292521259,-8.565371342687776,22,250.0
0.9788863613499732,0.9648106022499552,-1.085328544873489,0.9825841810440608,-0.0,-0.1666666666666666,0.3429869641006897,0.6105038123184734,0.04744200583972969,-2.175705784414535,-2.1680776029615876,-5.447655523684745,22,310.0
0.9801044052740108,0.9668406754566848,-1.206629489322866,0.9832759220066044,-0.0,-0.1333333333333333,0.3448771696329534,0.7646577323753965,0.07856302836685927,-2.2492307515898275,-2.1869123565459727,-5.55323041565666,22,370.0
0.9740903506261356,0.9568172510435592,-0.0190666125857584,0.9939274124368798,-0.0,-0.1447368421052631,0.6068436512557656,0.6975903808456018,0.8225964549724895,-1.8812253022333874,-1.9084641952624564,-1.2208576829494078,22,10.0
0.9816620873724324,0.9694368122873872,-0.0190713988795713,0.9966474922070092,-0.0,-0.0897435897435897,0.6283118395538656,0.8137701284165062,0.8536912434094288,-1.1026692944843544,-1.1051115483699716,-2.1270867485191154,22,70.0
0.9769524900800196,0.9615874834666992,-0.0194031445548683,0.992431148805848,-0.0,-0.2028985507246377,0.50722183756906,0.6283730227880243,0.553404726677865,-1.8027139410194724,-1.7787058952796948,-2.414343906824584,22,130.0
0.9745224192519746,0.9575373654199576,-0.0201708998524789,0.9937065094172074,-0.0,-0.1549295774647887,0.5488690549844951,0.6764663806194351,0.7685379973240041,-1.8516360871178312,-1.853329190274201,-2.8529601505354236,22,190.0
0.9741416803602818,0.9569028006004696,-0.0199726822389961,0.9945062752392642,-0.074074074074074,-0.1466666666666666,0.5727058840893512,0.7318501611212788,0.757755085425694,-1.787281772695092,-1.7145395033780084,-0.8249220418947303,22,250.0
0.9739252247416244,0.9565420412360408,-0.0203287984233602,0.9912415991050596,-0.0,-0.1103448275862069,0.5594356219324155,0.5826971587404894,0.7748045408576123,-1.709528681409351,-1.7175464102174196,-1.8369977737749608,22,310.0
0.9683406242393968,0.947234373732328,-0.0200861386702724,0.9930200987512936,-0.0,-0.1558441558441558,0.595728360740117,0.673665602790322,0.8764973225291739,-1.5208123077680968,-1.5367156074871395,-5.179382479839887,22,370.0
