subject,activity,t0,block,ref_rmssd,ref_n,ref_hr,ref_reject_frac,acc_sd,rmssd_app,n_app,rmssd_systolic,n_systolic,rmssd_green,n_green,rmssd_inloop_0.4,n_inloop_0.4,rmssd_app_100hz,n_app_100hz,sqi_full_app,sqi_amp_app,sqi_per_app,mod_median_app,penalty_lt1_frac_app,sqi_full_systolic,sqi_amp_systolic,sqi_per_systolic,mod_median_systolic,penalty_lt1_frac_systolic,sqi_full_green,sqi_amp_green,sqi_per_green,mod_median_green,penalty_lt1_frac_green
an0,an0,10.0,an0_0,11.18921762736373,81,81.2005776067752,0.0,0.011387831883223547,,6,116.49892398547176,12,,3,,0,,6,0.0,0.0,0.0,,0.0,0.9460315592907059,1.0,0.9100525988178432,0.004463216963520341,0.0,0.0,0.0,0.7319689288905562,0.09055910320636928,0.8333333333333334
an0,an0,70.0,an0_0,14.542644749414682,79,81.34435097375945,0.0,0.007448313312627461,96.55103761525992,16,35.45876786846943,11,134.86466016900053,16,,0,139.52928385336025,20,0.0,0.0,0.0,,0.0,0.9458829375822698,1.0,0.9098048959704498,0.0033003680107914456,0.0,0.0,0.0,0.765317401198547,0.07782592784424949,0.6166666666666667
an0,an0,130.0,an0_0,13.894785951220245,75,76.56293664799774,0.025974025974025983,0.005159240879131134,98.93691517120266,41,83.22707434003203,42,111.24479356278921,59,,0,88.55203789091557,42,0.0,0.0,0.0,,0.0,0.6920836911775088,0.3482476177932071,0.9182933747885317,6.964952355864142e-05,0.0,0.9135330000664695,1.0,0.8558883334441159,0.0013639847269973054,0.0
an0,an0,190.0,an0_0,15.065116566949309,75,76.17422568899622,0.0,0.005339137864437846,79.19760021941768,18,130.86000871845255,24,95.61229036815531,19,,0,94.30862975920509,18,0.0,0.0,0.0,,0.0,0.9516347946886345,1.0,0.9198606210263421,0.0003706728992155821,0.0,0.9535269321092676,1.0,0.9232207277557357,0.006738962490448298,0.31666666666666665
an0,an0,250.0,an0_0,16.160112149094655,74,75.31623403766622,0.0,0.0053326686654219515,109.59798697968864,16,47.037478823407405,13,110.71537327854851,19,,0,108.05091392487155,13,0.0,0.0,0.0,,0.0,0.952799004591142,1.0,0.9213367022855856,0.0004418933361150945,0.0,0.9549180565361294,1.0,0.9248634275602157,0.006867477927780005,0.0
an0,an0,310.0,an0_0,16.728359610674758,73,72.55805853983992,0.0,0.10132671663243084,107.65953822989862,21,96.50888479176412,21,96.39498009491989,26,,0,99.65565713997374,17,0.0,0.0,0.0,,0.0,0.70855062118762,0.38682429577480937,0.9220858421397858,0.0002352384491757913,0.13333333333333333,0.953914766483441,1.0,0.9276822940901659,0.004486950185138222,0.4666666666666667
an0,an0,370.0,an0_0,12.39349461133432,70,71.11865495658753,0.0,0.05047066440601984,157.18713111909997,17,85.54343498465101,29,135.91895961810977,32,,0,122.67844146385298,17,0.0,0.0,0.0,,0.0,0.6452673675827447,0.22612599001809633,0.922930563041959,0.00020158814667944972,0.26666666666666666,0.9492129202302868,1.0,0.919110484054303,0.0016053619176801168,0.3
an0,an0,430.0,an0_0,18.83285486192208,69,70.71627334668415,0.0,0.011952659130652328,147.98156010698233,43,121.95336946521104,53,119.14790169656024,45,,0,84.74963126763443,41,0.0,0.0,0.0,,0.0,0.6484909940055763,0.2220264690737121,0.9326178990727496,4.4405293814742426e-05,0.0,0.9505791627479084,1.0,0.9176319379131807,0.0009389653076986011,0.0
an0,an0,490.0,an0_0,19.313527047872064,69,70.1951424961347,0.0,0.014642573225604395,172.2096110102156,45,86.45814877135983,52,120.9601077060119,51,,0,141.71567779654208,49,0.0,0.0,0.0,,0.0,0.6376556310562147,0.2084987901204421,0.925038254889345,4.169975802408841e-05,0.0,0.9483034668644984,1.0,0.9138391114408307,0.0008335996671671202,0.0
an0,an0,550.0,an0_0,23.891116406989994,71,71.7592620277469,0.0,0.037095778409263695,,6,54.910260596267435,11,151.5449263476166,12,,0,,5,0.0,0.0,0.0,,0.0,0.9570352198961,1.0,0.9283920331601666,0.0007260220965973139,0.0,0.9457356632381724,1.0,0.9107569511988689,0.016928298257421544,0.4166666666666667
an0,an0,610.0,an0_1,19.30842586219304,70,71.116884748569,0.0,0.02087430205529321,90.01342673283526,25,88.44785640591707,30,122.90328203050953,32,,0,47.15728494951256,22,0.0,0.0,0.0,,0.0,0.7987442095967191,0.5914925782088547,0.9368355219692391,0.00011829851564177095,0.0,0.9440143987923921,1.0,0.9110711334389998,0.0012361463717901332,0.21666666666666667
an0,an0,670.0,an0_1,25.619148683040557,71,72.44950571324571,0.0,0.013327757900102303,92.22550815711838,32,110.65103860222008,41,118.22457773766841,30,,0,111.74917801880598,34,0.0,0.0,0.0,,0.0,0.6518006610587428,0.23937821995980396,0.9329689990627661,4.787564399196079e-05,0.0,0.9490344564455059,1.0,0.9150574274091764,0.0008990937139527298,0.016666666666666666
an0,an0,730.0,an0_1,15.067852706902045,72,72.18179707410647,0.0,0.015383745485483264,103.92349420721563,40,96.37358067853307,30,100.27450748745592,28,,0,106.62659503721747,40,0.0,0.0,0.0,,0.0,0.7277744615304209,0.4287801768569395,0.9271039846460752,8.57560353713879e-05,0.0,0.9493561409829123,1.0,0.9155935683048538,0.0011913879614968248,0.0
an0,an0,790.0,an0_1,23.10667345744839,69,70.76815291582301,0.028169014084507005,0.007613481428338501,125.86261308331036,23,97.99420688659781,19,99.15231353294377,28,,0,105.21200129924011,24,0.0,0.0,0.0,,0.0,0.9556479419462217,1.0,0.9264824577036006,0.0010335748762374682,0.0,0.9463916610855917,1.0,0.91173634225766,0.015662938561381616,0.45
an0,an0,850.0,an0_1,17.77397348475325,72,73.88903221992854,0.0,0.011146089491596914,113.14647154656437,41,56.04048734255359,34,128.491282839051,29,,0,116.586877477699,41,0.0,0.0,0.0,,0.0,0.7299994624685109,0.43351833296730335,0.9275284632527071,8.670366659346067e-05,0.0,0.9490801316503503,1.0,0.9179985075421957,0.00130675150559692,0.21666666666666667
an0,an0,910.0,an0_1,15.285298429197317,72,72.34973863656626,0.0,0.012453706096025438,87.86892093126556,17,69.66994409497806,20,139.13051356437774,21,,0,84.8528137423857,10,0.0,0.0,0.0,,0.0,0.9625500735592692,1.0,0.9382123871033897,0.00041147136359224177,0.0,0.9497586412180248,1.0,0.9187418611524028,0.004492564701049837,0.3333333333333333
an0,an0,970.0,an0_1,19.15570519607263,69,70.6551498772454,0.0,0.044263563199807524,101.78546953291375,36,114.6572914726631,37,147.93669255310238,45,,0,102.48429295765426,34,0.0,0.0,0.0,,0.0,0.6657944521885917,0.2515595077666235,0.9273698628846366,5.1770127074694816e-05,0.1,0.9496119444469486,1.0,0.9160199074115809,0.0009856860683082377,0.1
an0,an0,1030.0,an0_1,18.66286009429543,71,72.20668441346207,0.0,0.15776996604403815,,7,,2,,4,,0,,6,0.0,0.0,0.9192611881431141,0.3543007848936795,0.6,0.0,0.0,0.9242532320223464,0.419308893968558,0.9333333333333333,0.0,0.0,0.9066587641859718,0.33496281196562444,0.9833333333333333
an0,an0,1090.0,an0_1,20.921009672551627,72,72.36544549977592,0.0,0.035447584259228004,,9,,8,,6,370.0519917018418,11,,9,0.4757329882245301,0.5,0.9191366345943237,0.02321466207250385,0.5833333333333334,0.0,0.0,0.9262478928623651,0.05450836467316088,0.8833333333333333,0.47239440659642995,0.5,0.9090504858645033,0.0282700240184147,0.7166666666666667
an0,an0,1150.0,an0_1,25.178294203805194,68,69.35053226533236,0.0,0.02032489698331068,,6,,3,,5,122.8658970008901,10,,6,0.9519221343343363,1.0,0.9198702238905605,0.012112840371160975,0.38333333333333336,0.477926791090235,0.5,0.925759807540045,0.022850663186974235,0.6,0.9450743284122463,1.0,0.9101549314340498,0.014353157486998626,0.4166666666666667
an0,an0,1210.0,an0_2,28.083734649251532,68,68.52154488675232,0.0,0.029618403274383982,,4,,5,101.97970329683682,24,118.13343710142806,18,,4,0.9521848121698299,1.0,0.9203080202830498,0.009125525122542898,0.2,0.9515502813295819,1.0,0.9263449598392601,0.017800688657154437,0.45,0.9312730297565129,1.0,0.902463283604945,0.010232501331059572,0.26666666666666666
an0,an0,1270.0,an0_2,20.20057203345171,71,75.69487898913428,0.0273972602739726,0.08681426507030811,138.4378527083543,20,162.8087725786649,15,137.7572168027868,26,167.78696558526977,17,153.46967510381518,18,0.9464327658027738,1.0,0.9117170974521396,0.018259757870407935,0.4666666666666667,0.0,0.0,0.8953803452541282,0.03636991917631561,0.75,0.9346965827553498,1.0,0.9019690939749228,0.014754887526707264,0.3
an0,an0,1330.0,an0_2,13.132355371937287,79,77.56156772609911,0.0,0.021274792046341105,,3,113.15396345000225,10,89.13664354476485,35,,3,,3,0.47346855289672535,0.5,0.9115618429890845,0.024207300889208586,0.55,0.46915412915413374,0.5,0.8972325725994256,0.02684580113865192,0.8166666666666667,0.9585868719285968,1.0,0.9309781198809948,0.00726745590683908,0.08333333333333333
an0,an0,1390.0,an0_2,11.923893709438905,76,82.14716253431118,0.06172839506172845,0.09050530698007304,,7,,7,106.89552460605435,15,,3,,7,0.0,0.0,0.9134979804869703,0.06782303520014571,0.8833333333333333,0.0,0.0,0.8948955107075622,0.07288697528232416,0.9,0.9699927966745587,1.0,0.9511248004902311,0.014206925446319178,0.36666666666666664
an0,an0,1450.0,an0_2,12.474895463521793,76,76.64616807482511,0.0,0.052470755896072085,156.88348146893128,29,126.3980945804864,30,84.93504396624745,32,156.88348146893128,29,155.10365197874245,29,0.9473725491670938,1.0,0.9122875819451562,0.006336372201529353,0.15,0.9430883967350987,1.0,0.9064072354139744,0.01350611205142263,0.38333333333333336,0.9713572541817257,1.0,0.9522620903028762,0.009945758071782641,0.2833333333333333
an0,an0,1510.0,an0_2,13.961875387594125,69,69.7522747960621,0.0,0.025107614730338058,144.41903371718246,33,116.16504716057314,34,139.0223657976093,36,144.41903371718246,33,145.2906569604529,33,0.9541327751947155,1.0,0.9261861292772098,0.005642098753553361,0.06666666666666667,0.9614165023663028,1.0,0.9364473824180037,0.011430122298231319,0.3,0.970618447119941,1.0,0.9522596608640038,0.00862839566965833,0.16666666666666666
an0,an0,1570.0,an0_2,22.95128605635045,68,68.27713461348512,0.0,0.03185725760039015,152.23520438593394,25,115.21442610355612,40,125.99072087929802,28,152.23520438593394,25,153.41935992566258,25,0.9636245015655623,1.0,0.9441101935085986,0.007939095661295317,0.1,0.968647226133621,1.0,0.9493384241945821,0.016220081227048717,0.2833333333333333,0.9732366673800263,1.0,0.9558805132248653,0.00903771208427025,0.16666666666666666
an0,an0,1630.0,an0_2,16.171325289561114,67,68.3415665937342,0.0,0.01539462107045075,124.10158914004016,49,119.90386268888722,59,119.25832357976341,46,124.10158914004016,49,122.74635093014646,49,0.9682089033630727,1.0,0.9470148389384545,0.0036124703814780917,0.0,0.9745844170083804,1.0,0.9576406950139673,0.007473429925814899,0.0,0.9701350662551489,1.0,0.9502251104252482,0.008120172310031622,0.0
an0,an0,1690.0,an0_2,20.6615823997524,66,67.18947544057278,0.0,0.010354716780379056,114.63206405842179,35,110.67156136475526,44,103.94430924307308,52,114.63206405842179,35,116.50549090821731,35,0.972631747119876,1.0,0.9543862451997933,0.0036746679445025534,0.0,0.9744528019137367,1.0,0.9574213365228945,0.0067304347256882955,0.0,0.9758342291129172,1.0,0.9597237151881952,0.007153242228795598,0.0
an0,an0,1750.0,an0_2,23.94096653597004,72,69.72459366540554,0.0,0.0692592527478348,230.29112473276476,12,61.10844321684495,12,118.36402645061274,38,230.29112473276476,12,228.69193252058542,12,0.9699418304327401,1.0,0.9503366660024554,0.012223488212688491,0.31666666666666665,0.9737505407334812,1.0,0.9575559702612536,0.01790306286299044,0.45,0.9729521891619319,1.0,0.9561835370692204,0.00795754238693842,0.25
an0,an0,1810.0,an0_3,31.04594081271813,79,83.22675684748451,0.024691358024691357,0.08604372134005742,243.26191298610453,12,,7,,9,,8,243.68384883249482,12,0.4754031042203014,0.5,0.9256091090288396,0.028991583924038552,0.8166666666666667,0.0,0.0,0.9521165956252361,0.04843365819183722,0.65,0.9665952291907475,1.0,0.9451453415466032,0.015320513480027682,0.38333333333333336
an0,an0,1870.0,an0_3,17.07513138624679,79,81.44991712471563,0.024691358024691357,0.062103378195603264,,6,,8,114.30272849240662,18,,5,,6,0.4758071664928472,0.5,0.9180103474010047,0.020799705214462234,0.5666666666666667,0.0,0.0,0.9443369054717562,0.03885746614446137,0.7666666666666667,0.9609515041528435,1.0,0.9381842696021424,0.017920849922272983,0.4166666666666667
an0,an0,1930.0,an0_3,13.40296888603965,76,76.5577101589048,0.0,0.06023297224768853,,6,222.4391302506523,13,120.62661916011739,36,,6,,6,0.4740770016957234,0.5,0.9131965282221335,0.021966310685007553,0.5166666666666667,0.0,0.0,0.935301992833617,0.036847312494964465,0.6333333333333333,0.9629059208378701,1.0,0.940889801343715,0.012125318851651343,0.2
an0,an0,1990.0,an0_3,17.80437470926859,72,72.9086163402794,0.0,0.04254821262623393,143.1818103530341,19,178.4566843647064,19,180.44364315033485,27,143.1818103530341,19,115.30011989177991,18,0.9372228124846567,1.0,0.9034299710014719,0.00994275076488324,0.35,0.953490971558696,1.0,0.927136826228903,0.01854113921674666,0.4666666666666667,0.9621004490748734,1.0,0.9393174281895683,0.014494838230418491,0.35
an0,an0,2050.0,an0_3,22.529736552252178,70,70.96808151394096,0.0,0.023727372375950476,177.17330741219175,21,123.39164136638637,23,149.8697351035225,33,177.17330741219175,21,177.73575892318348,21,0.9350078139150226,1.0,0.8916817919031479,0.010202876697489273,0.18333333333333332,0.9522999055832055,1.0,0.9218350768070147,0.017826231823354827,0.43333333333333335,0.9594681001230652,1.0,0.9332136593838233,0.013654105679525129,0.31666666666666665
an0,an0,2110.0,an0_3,21.611012744092665,69,70.70010781764482,0.0,0.02310458977036419,172.14112919164612,17,173.57944972734262,18,125.06610394034712,49,172.14112919164612,17,171.64643893771873,17,0.9467932343701457,1.0,0.9125658493110059,0.007927330960086704,0.16666666666666666,0.9604400749266023,1.0,0.9358034277999667,0.01339508847394329,0.3333333333333333,0.9695184801557739,1.0,0.9494739205921661,0.008395891569636625,0.1
an0,an0,2170.0,an0_3,11.458405654723958,95,102.7346244792462,0.0,0.16758982114804358,127.10970769448953,15,165.68868805819673,15,81.2878778765562,47,110.30952223639956,12,166.03839917320332,17,0.4791821873418122,0.5,0.9246449423564869,0.021094167009311843,0.5833333333333334,0.4755984182878977,0.5,0.9249579535191397,0.029486019764792704,1.0,0.9503868128417154,1.0,0.9188814157358703,0.009278362493475786,0.08333333333333333
an0,an0,2230.0,an0_3,22.7602487509021,97,103.84898972243083,0.058252427184465994,0.23368966518270595,122.79491043916235,22,230.65626199589002,13,105.91629581301453,46,79.4255586309551,15,115.36897329871667,21,0.4728306948983563,0.5,0.9076603013974612,0.026970953916793952,0.7666666666666667,0.0,0.0,0.9112601461503301,0.03949106422202063,0.8333333333333334,0.9666229346413793,1.0,0.9443715577356322,0.00728718012602879,0.1
an0,an0,2290.0,an0_3,17.952113738549304,95,103.22420814136598,0.08653846153846156,0.38205626784261376,102.32751408535677,28,199.5107992188248,20,65.73651239988321,26,97.64756905860767,10,101.7603675985553,30,0.0,0.0,0.8961240835883493,0.035753093990607776,1.0,0.0,0.0,0.9105121565347394,0.06039392857931776,1.0,0.9653060238958349,1.0,0.9425169216391454,0.01659313839610238,0.43333333333333335
an0,an0,2350.0,an0_3,21.106650928413988,92,104.16865599865045,0.10679611650485432,0.3711294596504888,132.64235424865242,51,,8,52.685602949498204,47,122.79301690242812,26,134.59569086712992,51,0.0,0.0,0.9367579170079693,0.03120239135277117,1.0,0.0,0.0,0.9226363112498525,0.04497953052186695,1.0,0.9689984737703393,1.0,0.9529207892586168,0.010149740456151963,0.38333333333333336
an0,an0,2410.0,an0_4,6.857663058163217,104,110.5795103539275,0.04587155963302747,0.26909789302923975,100.09455978442335,21,,9,107.0860811141315,18,,8,99.02019995940222,21,0.0,0.0,0.9314086514727646,0.04848946031856989,0.95,0.0,0.0,0.9396915702460377,0.0977384880815242,1.0,0.4877315578531208,0.5,0.9592165337631687,0.024082259316262303,0.6
an0,an0,2470.0,an0_4,18.00759295472027,96,100.93873019075257,0.010309278350515427,0.11198896965367716,,5,,6,94.10275894505659,36,,4,,5,0.47866333053613885,0.5,0.9288777684537961,0.026200489587416977,0.7,0.0,0.0,0.9378461969136623,0.0455205563525648,0.8666666666666667,0.9665065484828559,1.0,0.9441775808047598,0.011777106699611673,0.11666666666666667
an0,an0,2530.0,an0_4,11.267050072712749,72,94.30314689600773,0.22580645161290325,0.327690400090254,125.49373092239456,39,176.44550419469698,13,75.02334894703289,47,129.0406926326484,23,124.45882853377658,41,0.47706389219304174,0.5,0.9260553569808814,0.02963333127600192,0.8833333333333333,0.0,0.0,0.936175818981409,0.04414850287285199,1.0,0.9579019481209486,1.0,0.9304625914809869,0.007732124234581541,0.08333333333333333
an0,an0,2590.0,an0_4,54.57032816107539,74,99.68209717843014,0.23711340206185572,0.3743196329159375,100.02975021329591,17,259.9996661322643,10,101.83330453790526,42,,1,100.4987562112089,17,0.0,0.0,0.9268368800921141,0.034403426596498844,0.9833333333333333,0.0,0.0,0.9379266422723341,0.0559037023162546,1.0,0.9551434090000465,1.0,0.9257798656635181,0.009654158407478543,0.25
an0,an0,2650.0,an0_4,20.200691192071492,83,100.00066667112462,0.17000000000000004,0.3651233474489185,94.54954196301887,16,143.47921895634025,15,69.34373122277047,61,59.15529526875285,10,101.70422803403996,17,0.4817237451956308,0.5,0.9372149009925068,0.02325987988943342,0.6,0.0,0.0,0.9347267454379261,0.034353455859897714,0.9666666666666667,0.9679195836555754,1.0,0.9477643042771651,0.007625955222414245,0.13333333333333333
an0,an0,2710.0,an0_4,5.131881313448513,106,113.3527670355079,0.036363636363636376,0.21722740972820298,93.32586349386219,11,208.98086468115835,14,103.36702881992315,52,,8,100.44899203078147,11,0.48287896409916653,0.5,0.9429298803305551,0.0227315994433816,0.55,0.0,0.0,0.9310539284115376,0.03707409547000967,0.95,0.9683674672407618,1.0,0.9485682702874796,0.006381169188512115,0.03333333333333333
an0,an0,2770.0,an0_4,7.730705531288343,93,95.94320162460711,0.0,0.03926357490823602,,8,,8,73.62827287529133,62,,7,,8,0.9630196714074003,1.0,0.9411956722715249,0.01269924109586294,0.38333333333333336,0.7120597194696537,0.75,0.9217536014902817,0.02046934634835138,0.5,0.9683405018562998,1.0,0.9477913322745768,0.00524229061801571,0.08333333333333333
an0,an0,2830.0,an0_4,10.688629156405323,83,83.18971553277251,0.0,0.03225749902346843,140.85538853205307,17,,8,65.36406457297466,56,149.01204596860617,16,140.49021318227116,17,0.9360704714329624,1.0,0.8934507857216041,0.018221790901887833,0.4166666666666667,0.0,0.0,0.9118945924494505,0.03080810192158356,0.5333333333333333,0.9808346076065548,1.0,0.968057679344258,0.00750898882284388,0.0
an0,an0,2890.0,an0_4,9.985502162417452,81,86.68766434535006,0.0357142857142857,0.16924735656114478,185.3617497529746,17,275.6304112022936,12,109.46796644262345,43,,9,185.06755523321746,17,0.46335517801671827,0.5,0.8778154499528726,0.021714310224237622,0.6166666666666667,0.0,0.0,0.9157900738723352,0.03558647770160317,0.75,0.9725769833851434,1.0,0.9545476689793987,0.009290993302375244,0.08333333333333333
an0,an0,2950.0,an0_4,7.0801198049535525,87,88.04237773115571,0.0,0.20909747551407312,178.7168074514118,11,,9,135.21118223757728,46,,5,179.5271567200907,11,0.4640413431921092,0.5,0.8874266057656046,0.027328411950262074,0.6666666666666666,0.0,0.0,0.9196918043980707,0.03513931200568517,0.7833333333333333,0.9687715125481394,1.0,0.9479525209135657,0.007565540887951154,0.08333333333333333
an0,an0,3010.0,an0_5,6.964100262003577,88,88.79417510211913,0.0,0.17735563951847308,,6,242.1875,14,115.8404724911129,36,,3,,6,0.0,0.0,0.8909380766356129,0.03484072486114494,0.75,0.0,0.0,0.9198732461592698,0.056640343617929904,0.8666666666666667,0.9573642862012449,1.0,0.9289404770020748,0.008574100090228203,0.16666666666666666
an0,an0,3070.0,an0_5,11.831961621389814,75,75.32086689295022,0.0,0.01581115339925407,138.87803777055606,16,163.90741678167487,19,76.97212746631173,72,142.30007259929528,18,134.90737563232042,16,0.9345526285352277,1.0,0.8909210475587128,0.004796354127190527,0.08333333333333333,0.9450921953238118,1.0,0.9092639734579169,0.007851320662552137,0.11666666666666667,0.9694014069142123,1.0,0.9490023448570205,0.005351538483758319,0.0
an0,an0,3130.0,an0_5,17.042812296820436,70,71.39869447487177,0.0,0.02172453195697167,160.0874259302467,19,141.84941491037836,16,99.63809328659929,65,160.0874259302467,19,156.59572862061793,19,0.9391684350554014,1.0,0.898614058425669,0.005293381358903563,0.1,0.9400734365473218,1.0,0.9001223942455363,0.007896715231668457,0.1,0.9803707444393037,1.0,0.967284574065506,0.005892207872680039,0.0
an0,an0,3190.0,an0_5,21.46506585797722,70,69.74096462215799,0.0,0.029186801776698492,87.42124165958506,15,183.0289088456091,15,139.88114796483228,44,75.46555226940914,14,90.790181973918,15,0.9445029631012926,1.0,0.9075049385021543,0.005902554631512078,0.18333333333333332,0.9397321063245612,1.0,0.9106363689728032,0.00927606309610713,0.4,0.9727807465470752,1.0,0.9550119888997397,0.007440569176841171,0.1
an0,an0,3250.0,an0_5,14.772438620604833,66,67.77099503067446,0.0,0.017498724879448473,172.36750774346783,10,179.63523487382167,14,125.07593179855898,46,172.36750774346783,10,174.16467303484174,10,0.9524936567632185,1.0,0.9253044387162142,0.005803419044779337,0.08333333333333333,0.946237791950958,1.0,0.9103963199182633,0.00927566038197834,0.25,0.9698400613238722,1.0,0.9497334355397871,0.006391564950854514,0.0
an0,an0,3310.0,an0_5,12.950594010040023,67,67.39869134206884,0.0,0.026434075431788363,157.21058892718816,16,141.49039278339714,13,183.65021465314828,40,162.51395029405498,15,182.69228387711203,18,0.9625275342884213,1.0,0.9375458904807021,0.006669722316320629,0.15,0.9585271907245814,1.0,0.9311400757889174,0.01074225780824267,0.35,0.9721087696022014,1.0,0.955077140495797,0.006910664151936724,0.16666666666666666
an0,an0,3370.0,an0_5,15.791698195259078,65,66.85490035277886,0.02985074626865669,0.020648072772144768,200.12454474633157,18,123.81220193779049,20,135.24811042342168,34,194.68649678714237,16,197.05179969923105,18,0.9603846147046494,1.0,0.9341213174313394,0.005444315077689978,0.13333333333333333,0.9547682550153379,1.0,0.9261692230567304,0.011022387770464048,0.2833333333333333,0.9655901309552823,1.0,0.942810731839505,0.007372782816697675,0.1
an0,an0,3430.0,an0_5,12.835906667780867,66,66.72902122983407,0.0,0.020222705594632694,160.59000176623516,18,188.11747285605875,16,123.38914313002223,28,160.59000176623516,18,138.67015455643613,18,0.9591834489182685,1.0,0.9319724148637807,0.010212366485209231,0.2833333333333333,0.7152544993022492,0.75,0.9251152694917205,0.019767662066864485,0.5,0.9652893892729851,1.0,0.9421883032571295,0.01181136685997514,0.21666666666666667
an0,an0,3490.0,an0_5,16.247682765505633,65,66.13508752977054,0.0,0.02437317548099314,198.07784974303294,18,197.90810014355287,19,109.90637964618713,23,198.07784974303294,18,189.938070402527,18,0.9597008142975089,1.0,0.9328346904958481,0.00870088464765957,0.0,0.9588632283218352,1.0,0.9314387138697254,0.01878380948911776,0.38333333333333336,0.9703875343812113,1.0,0.9508846993094539,0.011501689609870573,0.3
an0,an0,3550.0,an0_5,19.176474398053067,66,66.86384070358811,0.0,0.018658194775918336,157.62969728377266,22,115.85519828695084,24,136.95161366444032,18,148.02574469919077,21,160.68037160207783,23,0.9602745339268413,1.0,0.9337908898780688,0.01019970092421122,0.23333333333333334,0.9595015497553588,1.0,0.9351661331200419,0.01608211913865817,0.43333333333333335,0.9702057381074034,1.0,0.9509458805293324,0.011775836462912283,0.3333333333333333
an0,an0,3610.0,an0_6,15.99029153695386,65,65.74571529693107,0.0,0.023744060551843815,131.25878360159157,19,147.95356970706214,21,172.1362046124175,37,131.25878360159157,19,192.24436204175692,20,0.9631473746471713,1.0,0.9385789577452854,0.009530376858640083,0.16666666666666666,0.9638213890332995,1.0,0.9447313652156218,0.01876870465258034,0.48333333333333334,0.9709317029337469,1.0,0.9518698963770269,0.009207683937680403,0.1
an0,an0,3670.0,an0_6,20.288374027425288,61,65.56173292772516,0.06153846153846154,0.015326857366723224,220.893170389239,17,141.8135535989949,17,131.2395647709961,42,220.893170389239,17,220.97378071777177,18,0.9590652319287782,1.0,0.9318318954198329,0.00707556734029551,0.08333333333333333,0.9667847877701914,1.0,0.9447959141542268,0.013554446860003117,0.23333333333333334,0.9663017990410734,1.0,0.9441801364448763,0.007687788368442796,0.08333333333333333
an0,an0,3730.0,an0_6,21.92477919231609,66,65.97466572836727,0.0,0.020440335003590316,220.49917779458553,18,213.86632996183891,27,135.25262575704224,54,220.49917779458553,18,211.06870919205434,15,0.9594021455897755,1.0,0.9323369093162925,0.004461613849545973,0.0,0.9677720720846528,1.0,0.9462867868077547,0.00834284869645626,0.0,0.972598124871577,1.0,0.954330208119295,0.006823240822329744,0.0
an0,an0,3790.0,an0_6,20.749411704383448,66,68.37450998267813,0.0,0.028644615409340875,200.97490446387755,18,77.42744139228388,19,154.79794037308764,26,145.34714808702387,17,152.4180107467618,17,0.9548299444094033,1.0,0.9291867933512903,0.017056617584730233,0.4666666666666667,0.0,0.0,0.9369182865986292,0.03204405318454956,0.5666666666666667,0.9698210247740643,1.0,0.9550915279488791,0.016512209335610782,0.45
an0,an0,3850.0,an0_6,28.067473498835493,65,65.01506724181681,0.0,0.01458219846584632,132.6975605583049,21,126.96638081247195,18,153.0882468958752,42,132.6975605583049,21,162.46538092775333,21,0.9601933047199666,1.0,0.9340220790907605,0.004915821937573252,0.21666666666666667,0.9624246772992548,1.0,0.9403234834365044,0.010103095212023572,0.3,0.965955566390583,1.0,0.9438568134182468,0.007926576933067206,0.16666666666666666
an0,an0,3910.0,an0_6,20.69791881331542,65,65.9529821190678,0.0,0.011468625873413886,171.4871657336596,23,87.78205099314152,17,138.90608732908169,48,175.2243990709111,22,178.15479346563373,24,0.9633471271572452,1.0,0.9413949552166586,0.007663827721715786,0.18333333333333332,0.9640857662938404,1.0,0.9465241681849619,0.013608402396683553,0.3,0.9691534236268795,1.0,0.9559337594791149,0.007231187171478998,0.2
an0,an0,3970.0,an0_6,21.781348129769498,67,67.15909205386225,0.0,0.036213736420555726,205.29688233344737,16,89.15230608658172,10,181.83060923836476,50,205.29688233344737,16,203.76457003120046,16,0.9642227102954279,1.0,0.9417696694806552,0.007726594605445962,0.15,0.9699634947185612,1.0,0.9499391578642687,0.014133898168308023,0.3,0.9672454368792499,1.0,0.9481541992207007,0.007931444296338283,0.21666666666666667
an0,an0,4030.0,an0_6,20.085329136548424,66,68.0459196547766,0.0,0.02700023046262697,209.2428065270903,13,217.4368207863007,14,135.29140841521394,19,179.14319734851782,11,170.5872210923198,10,0.9575247694077085,1.0,0.9365462827818585,0.015409480512576016,0.43333333333333335,0.2404723718328057,0.25,0.9440577716499398,0.029932349116534175,0.6,0.9630703011977138,1.0,0.9390886800906901,0.012309771532739112,0.4166666666666667
an0,an0,4090.0,an0_6,25.168616803628414,65,65.51648831624323,0.0,0.027501943646164616,224.60541210272146,16,158.28749679183446,11,185.31605709064988,51,219.9641628869245,12,228.2688473416087,16,0.9563071225522298,1.0,0.9271886676006987,0.007308824366138531,0.16666666666666666,0.960740005335085,1.0,0.9350903935089414,0.012845863669145776,0.3,0.964960008841342,1.0,0.9421232055460425,0.007752188653084445,0.1
an0,an0,4150.0,an0_6,20.49329794982468,63,65.14191165454773,0.03076923076923077,0.027972483846104738,211.315544423272,14,145.5412346263508,21,143.60021890813297,63,240.88893578510525,19,213.5235530153704,14,0.9498997459230567,1.0,0.9164995765384278,0.007210007341773765,0.0,0.9637127570060857,1.0,0.9395212616768095,0.011370909655927002,0.06666666666666667,0.9701527794464674,1.0,0.950254632410779,0.006371018823464603,0.0
an0,an0,4210.0,an0_7,25.617043949688565,63,64.75782193539601,0.0,0.025050286592509335,258.8335435997636,15,143.72209550590034,22,158.34927909752267,40,224.45646969314424,17,178.26082877885167,14,0.9498744976444669,1.0,0.9164574960741114,0.0064136533958961805,0.11666666666666667,0.9601455821774281,1.0,0.9336445899433499,0.011733584810849431,0.16666666666666666,0.9707910267427529,1.0,0.9513340119480761,0.008482383026844245,0.11666666666666667
an0,an0,4270.0,an0_7,26.905221716380275,65,66.31585578948943,0.02985074626865669,0.026938891830415042,197.78812986181984,19,141.2156157868012,23,214.4290505233219,25,198.80155639111433,18,176.01804720305378,18,0.9487241412365706,1.0,0.9148542213095467,0.014037238371533249,0.4166666666666667,0.4824195676154132,0.5,0.9414317174981389,0.025749594465038533,0.65,0.9639289071730434,1.0,0.9458919331657827,0.016840620068086225,0.4166666666666667
an0,an0,4330.0,an0_7,25.86563109703293,63,63.02858661544351,0.0,0.029359512945269634,174.62291963685638,26,163.45684338209122,33,224.92577675807462,29,171.23014683049755,25,201.37985538242438,27,0.9476701521874252,1.0,0.9253827565167501,0.010870212355126804,0.26666666666666666,0.4854440646819639,0.5,0.9462071263289961,0.021199375365990265,0.55,0.9582413088496377,1.0,0.933789372511279,0.01584438845838944,0.38333333333333336
an0,an0,4390.0,an0_7,20.332197699886272,62,62.265789825969215,0.0,0.027382495064506632,,8,219.14823444580676,15,197.6844605721566,34,,6,,9,0.47865011011568515,0.5,0.9307388980142303,0.02889714299717041,0.6666666666666666,0.0,0.0,0.9378655265728499,0.046101213579629416,0.8166666666666667,0.9564754865504614,1.0,0.9279380751968975,0.010995388856209024,0.08333333333333333
an0,an0,4450.0,an0_7,12.55574977207783,62,62.99510213080272,0.0,0.03638296960349654,247.37838853965653,12,151.6354170244556,19,198.04512004756083,55,217.70116864207458,11,213.23695739716416,11,0.9571692410125776,1.0,0.929177701157374,0.011783616748743984,0.25,0.9513553960835023,1.0,0.9217181342952088,0.01640207157230957,0.35,0.9590078386317976,1.0,0.9317404093262311,0.006563019556204363,0.016666666666666666
an0,an0,4510.0,an0_7,18.44530437072469,63,63.5622173467984,0.0,0.03221259673774967,165.0269272535546,11,159.108468686278,14,188.5665351265777,29,,5,167.30212192318422,11,0.0,0.0,0.9192461906741239,0.03435253709335043,0.65,0.0,0.0,0.9179817155821511,0.05177662142811976,0.85,0.9649587110898911,1.0,0.9423723974204092,0.015313255863293636,0.3333333333333333
an0,an0,4570.0,an0_7,21.50810957981287,63,64.43444278703656,0.0,0.04001385441985414,,6,,7,203.99640308275812,33,,4,,6,0.4750816977234975,0.5,0.9178627349897486,0.025036598065658396,0.65,0.0,0.0,0.9152233161037145,0.03063852213669572,0.6666666666666666,0.9635453803147016,1.0,0.9417725545752161,0.007585712522962641,0.25
an0,an0,4630.0,an0_7,26.21405401937257,63,63.816548694676804,0.0,0.018643011539435695,190.67742299148023,17,232.59180275235258,15,155.4955107039601,42,166.083778902647,16,188.62992869637628,17,0.9525556759971323,1.0,0.9217635795204151,0.0191909062988869,0.45,0.70993419404301,0.75,0.9109050328845462,0.020404102759892788,0.5,0.9649172120147531,1.0,0.9415286866912552,0.007237166664660933,0.0
an0,an0,4690.0,an0_7,22.719619065520003,63,63.28639943628178,0.0,0.016320037098029944,195.11150372012557,15,234.9452198068651,14,168.03838188478943,61,195.11150372012557,15,200.67742416980684,15,0.9502281172135025,1.0,0.9170468620225042,0.00901522903188778,0.16666666666666666,0.948056307862893,1.0,0.9134271797714884,0.008460762441628814,0.13333333333333333,0.9691018732722188,1.0,0.9485031221203646,0.006409055615542447,0.0
an0,an0,4750.0,an0_7,16.763162766970726,61,62.045324109224715,0.0,0.030747426341302307,212.7485088394108,22,252.1551115294566,27,201.18406473124486,57,204.4412691329005,20,214.10945131604336,22,0.9497690552749494,1.0,0.9168125744737664,0.010146170139696379,0.21666666666666667,0.948296795419971,1.0,0.9153930144441013,0.009779353946667329,0.2,0.9642153859815468,1.0,0.9403589766359113,0.007405085892700615,0.0
an0,an0,4810.0,an0_8,15.76783299301589,62,62.558420441569226,0.0,0.030545832618985504,311.08522073486404,12,144.64997235379315,17,141.3330338193011,49,322.33545644929444,11,307.955132505311,12,0.9491541961786076,1.0,0.9152569936310128,0.01548265272854666,0.26666666666666666,0.9362307715682927,1.0,0.9117480719755537,0.015297848531150245,0.35,0.9664804327008114,1.0,0.9447665443478301,0.007090323224731829,0.08333333333333333
an0,an0,4870.0,an0_8,15.03484888126422,61,62.43736751568174,0.0,0.02475828665373875,152.93798812527106,10,,8,166.68214587878163,47,,9,164.01219466856725,11,0.9462241872499071,1.0,0.9115710588472992,0.01627166572916921,0.4166666666666667,0.9316892669632281,1.0,0.8880043926879413,0.017398084206174,0.45,0.9667684429653189,1.0,0.9446140716088649,0.0062725810101376695,0.15
an0,an0,4930.0,an0_8,16.711335176619198,63,63.77503568745046,0.0,0.021266032671710657,114.57795269735877,12,,5,221.43648898125113,33,114.57795269735877,12,103.05338422390601,11,0.948315856817505,1.0,0.9138597613625083,0.014072671070012296,0.3333333333333333,0.4664749803065194,0.5,0.8882499343550647,0.022949153138266468,0.6166666666666667,0.9611005201655042,1.0,0.9375937762011346,0.009077555867436918,0.23333333333333334
an0,an0,4990.0,an0_8,13.314002729759482,63,63.34339085615379,0.0,0.01907501744227944,148.0051268643252,11,191.6673743193458,10,194.32787525900284,36,,6,170.29386365926402,12,0.0,0.0,0.9173024444000315,0.040264099814329435,0.7166666666666667,0.0,0.0,0.8884761723583137,0.05410182684131988,0.85,0.9586063128357281,1.0,0.9310105213928801,0.011086739581569662,0.0
an0,an0,5050.0,an0_8,18.410894715491782,65,66.42738048051224,0.0,0.025165802470867884,235.7770563742367,11,176.14256846964432,13,206.48058115384558,53,271.24731617859544,12,233.40951137432253,11,0.9518208448728565,1.0,0.9212830604379585,0.012943258587001804,0.3,0.9359921563946871,1.0,0.8933580020722622,0.014762408817232887,0.3,0.9548931515165944,1.0,0.9248219191943239,0.005367911851398107,0.0
an0,an0,5110.0,an0_8,23.908925267596448,66,67.13639766229659,0.0,0.04198276784532481,289.3235396723755,20,,6,132.99619649166664,36,248.0268815761207,11,286.8705925014017,20,0.2374003812310847,0.25,0.9165078503672384,0.028942527250121357,0.5666666666666667,0.0,0.0,0.9019008966726051,0.037992800048920125,0.6833333333333333,0.9613780641874855,1.0,0.9495775754788386,0.012003182725747606,0.4
an0,an0,5170.0,an0_8,19.94043423983516,65,65.63136829376586,0.0,0.025631905213069895,193.29486710473836,14,201.94468772671803,13,168.7815895413722,50,193.29486710473836,14,197.5474626513841,13,0.9523951562871293,1.0,0.9214088427940227,0.01214698075751405,0.23333333333333334,0.9402378503662029,1.0,0.9033509172558822,0.018167040122934797,0.35,0.965847457842451,1.0,0.9430790964040849,0.006611340250447604,0.0
an0,an0,5230.0,an0_8,17.85915229499419,64,64.64594225499994,0.0,0.02442274252976327,222.93810180311692,14,,8,159.41616349540516,33,,9,221.51575738360188,14,0.47472847151178077,0.5,0.9196205897675267,0.02907425976536026,0.7,0.0,0.0,0.9148191649438058,0.03641810093640742,0.7666666666666667,0.9597451784828713,1.0,0.9329086308047856,0.007817443094978626,0.31666666666666665
an0,an0,5290.0,an0_8,19.75390535102266,64,65.59531299626103,0.0,0.05107538134410875,314.28526510891874,10,228.128567323706,10,123.60131295578515,34,,7,320.9188197798454,10,0.0,0.0,0.9114907105221288,0.04853912983648456,0.6,0.0,0.0,0.9194285846388113,0.03658343727065431,0.5833333333333334,0.9606115957276722,1.0,0.9369315482085003,0.008557146836788706,0.2833333333333333
an0,an0,5350.0,an0_8,23.291242435500575,66,67.37515383994341,0.0,0.026624610955292827,247.45688042657966,12,196.32092608843456,18,151.48999554426027,39,,5,244.31723044212228,12,0.47315440964700023,0.5,0.910514698823334,0.029168854609627197,0.5833333333333334,0.47643127593161305,0.5,0.9211557815456518,0.020622475092500776,0.5333333333333333,0.968252821907805,1.0,0.9470880365130083,0.0067442122972559415,0.13333333333333333
an0,an0,5410.0,an0_9,20.542182491428157,68,68.63708484573611,0.0,0.021205551162088308,253.4082991123767,10,,7,124.6638546658824,49,245.93869122964367,11,,9,0.4746559483331258,0.5,0.9149998965158668,0.023558194245379548,0.65,0.9503074486945772,1.0,0.9189312028507989,0.015541095686101982,0.3,0.9680911941142656,1.0,0.9468186568571093,0.006993999604611726,0.0
an0,an0,5470.0,an0_9,18.09924836238223,71,71.17665690361864,0.0,0.0444451494705549,,8,169.0102160373745,11,191.43839221564963,32,,1,,8,0.0,0.0,0.9136780778746678,0.053347967213107875,0.8,0.0,0.0,0.9184292667522526,0.034544238499523615,0.75,0.9624849537814788,1.0,0.9374749229691313,0.010511987430323555,0.21666666666666667
an0,an0,5530.0,an0_9,16.531278861087845,71,70.363321008045,0.0,0.055809672336546774,258.2199011716779,10,229.48013598675595,11,158.1647593070205,23,,0,273.09339061939966,11,0.0,0.0,0.9146726012134488,0.06720002753925211,1.0,0.0,0.0,0.9145943987393437,0.0394628279654191,0.9666666666666667,0.9602563040096075,1.0,0.9341069039128262,0.013529830282181455,0.21666666666666667
an0,an0,5590.0,an0_9,20.452166662194788,69,69.74976110708407,0.0,0.11068167484836706,200.80349518615773,12,173.324850804061,11,157.39812553482014,11,,0,197.9898987322333,12,0.0,0.0,0.9134395261968004,0.09606041563923698,1.0,0.0,0.0,0.9210654243923023,0.05811877586404034,1.0,0.7192507001389843,0.75,0.9315536831894238,0.02026274507520765,0.5
an0,an0,5650.0,an0_9,15.490124433111399,65,66.24190882679788,0.0,0.029842092545229643,181.93790077821424,10,,9,180.55581638936823,33,,3,183.06040290327974,10,0.0,0.0,0.9130658396408851,0.07424451625254828,0.8666666666666667,0.0,0.0,0.9221597320987573,0.04632815760518842,0.7666666666666667,0.9586988503294025,1.0,0.9315697753461032,0.014020651676935784,0.26666666666666666
an0,an0,5710.0,an0_9,17.255665639726523,70,69.67403005038604,0.0,0.0663987777174334,141.01027469459254,10,,7,207.3920794277713,21,,3,146.17341299520467,10,0.0,0.0,0.9129458685923136,0.0755270348781775,0.95,0.0,0.0,0.9208616420740072,0.060222112025554955,0.9333333333333333,0.9588639261329837,1.0,0.9314398768883061,0.014196273847067493,0.23333333333333334
an0,an0,5770.0,an0_9,15.483016184873602,77,77.68176886565416,0.0,0.0659674791393907,259.4857889073819,12,,4,130.16519467689292,33,,1,263.57679577824615,12,0.0,0.0,0.9104573733094555,0.051489916149296835,0.9333333333333333,0.0,0.0,0.91736221358616,0.04664959633616308,0.9333333333333333,0.951106173619189,1.0,0.9193991772694428,0.008336352655486608,0.21666666666666667
an0,an0,5830.0,an0_9,9.362713512655107,85,85.05245610226774,0.0,0.2688525162490197,261.2570691943935,18,257.8125,14,151.87175197012235,40,,2,259.16154398821004,18,0.0,0.0,0.9007451352021986,0.039671913545567886,0.85,0.0,0.0,0.9143569010708603,0.03084818789389302,0.8333333333333334,0.9582037365976876,1.0,0.9310019980826855,0.009769853907492614,0.05
an0,an0,5890.0,an0_9,13.61772654481875,78,78.6944589264205,0.0,0.038082561750587725,,5,,9,150.00105006352885,32,,2,,5,0.0,0.0,0.9012026145278547,0.04376899293562042,0.9,0.47217931579214395,0.5,0.9111260724601157,0.027141440938207115,0.7166666666666667,0.9585494667975876,1.0,0.9310019980826855,0.011463541065272836,0.11666666666666667
an0,an0,5950.0,an0_9,19.904123705987253,67,68.3048445210874,0.0,0.02841170754453802,,8,210.21287573552672,10,179.59042408799846,22,,3,,8,0.0,0.0,0.9012363491547386,0.05650244254970859,0.9166666666666666,0.0,0.0,0.9062312330771032,0.03977433578291917,0.8666666666666667,0.960190492032584,1.0,0.9341343507793629,0.0141960997473564,0.08333333333333333
an0,an0,6010.0,an0_10,23.67935865760207,65,65.64695069912098,0.0,0.02886316099268656,214.73718948257425,11,,7,156.13158391629838,34,172.97234921729543,11,213.19005605327843,11,0.4719682600429477,0.5,0.9069804281934084,0.028448765700770717,0.85,0.9418916242407012,1.0,0.9050414376853401,0.01627292379299839,0.31666666666666665,0.9578685160193263,1.0,0.9297808600322106,0.009543216678419321,0.0
an0,an0,6070.0,an0_10,24.20268592771636,64,65.23288411434116,0.0,0.020692125076868156,244.38269249401645,13,192.41149113200817,15,165.4371452037235,39,219.80771070983837,11,243.73824757992608,13,0.4741760278514636,0.5,0.9167976000496703,0.025389628203336602,0.65,0.9439246820650371,1.0,0.9068920984004477,0.01476431207566446,0.25,0.9573108650642614,1.0,0.9351746832561139,0.008814658881507155,0.06666666666666667
an0,an0,6130.0,an0_10,26.41906577511185,63,64.15102005464676,0.0,0.023607414669287632,216.4151257735996,18,227.08484411037287,18,138.270750007965,34,213.3623848162189,15,215.82945336810837,18,0.47654656994177275,0.5,0.9212036576509428,0.02664649852977383,0.6,0.9463854096155144,1.0,0.9172250040561822,0.014683389418098592,0.36666666666666664,0.9656363112541186,1.0,0.9427271854235311,0.00891851146292584,0.16666666666666666
an0,an0,6190.0,an0_10,15.64237164150619,62,62.87083971866368,0.0,0.019589702540544443,279.1078723846451,13,212.67549336610372,17,209.04825250405707,32,,7,280.08927148321834,13,0.2383592600887834,0.25,0.9249712522951599,0.02991253461389541,0.6666666666666666,0.9501334958053642,1.0,0.9187669149449357,0.01800189856233439,0.4,0.9654592779316405,1.0,0.9424321298860676,0.00997983896218277,0.18333333333333332
an0,an0,6250.0,an0_10,19.856133007656457,62,62.06326211748743,0.0,0.021667222448094495,246.82031225998733,18,180.69597192097535,23,141.84251920848223,53,231.96679449869544,16,246.61234165958427,18,0.9556189828965145,1.0,0.9288362958663814,0.018600748787213118,0.4666666666666667,0.9547769509027284,1.0,0.9247150381071609,0.011766200774288787,0.13333333333333333,0.9634424019717751,1.0,0.939196140286513,0.008581223299927006,0.05
an0,an0,6310.0,an0_10,15.052702520879675,61,62.650884212844765,0.0,0.025174748520673848,173.5975472131951,17,340.25208944986656,16,148.09849058516073,52,173.5975472131951,17,172.73534670124698,17,0.9577222908850973,1.0,0.9295371514751622,0.016789432219923198,0.21666666666666667,0.951097431556678,1.0,0.9188373310363449,0.011295125558206583,0.13333333333333333,0.9698234627494492,1.0,0.9497057712490821,0.008378719621584192,0.03333333333333333
an0,an0,6370.0,an0_10,16.731568927817445,62,62.3716508372692,0.0,0.025561275108385396,178.20950115547524,28,155.75395591241357,29,209.16927689031453,42,178.20950115547524,28,190.11130343119447,27,0.9598530462289216,1.0,0.933088410381536,0.012409166290600144,0.21666666666666667,0.9521225837081246,1.0,0.9203232242407411,0.007923168200191198,0.1,0.9682227427769589,1.0,0.9470379046282648,0.008064065512862078,0.0
an0,an0,6430.0,an0_10,18.20762897795081,60,61.1348150034973,0.0,0.015546950402131573,196.24776073563234,11,206.666509156526,10,171.58849613461794,50,202.0705805683994,10,195.03845774615837,11,0.9593488395491321,1.0,0.9337084747678928,0.01667622218278067,0.36666666666666664,0.9477996459212413,1.0,0.9129994098687356,0.010015853950570443,0.03333333333333333,0.965129645588872,1.0,0.94188274264812,0.007312259716822143,0.0
an0,an0,6490.0,an0_10,16.50701447045442,60,61.92675819098603,0.0,0.016740159511447666,207.20069716641882,16,140.05962736902453,11,130.7436910922155,46,207.20069716641882,16,203.15839469077653,16,0.9574834750235597,1.0,0.9304145881229435,0.017280288876678956,0.31666666666666665,0.949272104060849,1.0,0.9179724636867719,0.011029487719359715,0.2,0.9691953306471941,1.0,0.9486588844119901,0.007331568576506799,0.0
an0,an0,6550.0,an0_10,15.666007993846428,61,60.488749092700374,0.0,0.019007395771758157,285.6142868158617,16,270.2040967606709,16,134.12601406737272,48,285.6142868158617,16,287.0075492619198,16,0.9524827118786636,1.0,0.9222361121545912,0.01832483952494651,0.4666666666666667,0.9497172868163257,1.0,0.9172957082316816,0.011217492872983643,0.23333333333333334,0.9716212437480349,1.0,0.9527592362852485,0.008471288901223645,0.05
an0,an0,6610.0,an0_11,14.217981691317588,60,61.500741083959305,0.0,0.018841660936631567,245.0095556507896,20,248.41679215135167,15,163.84173269375853,44,235.48298156083257,18,241.1922142411034,20,0.47802034269967675,0.5,0.9203198462586216,0.021911446813567534,0.5666666666666667,0.9450130422953267,1.0,0.9083550704922111,0.012773634300480674,0.05,0.9679935639099928,1.0,0.9470473717102816,0.00808775866021989,0.06666666666666667
an0,an0,6670.0,an0_11,14.847504568081291,61,61.71734689472085,0.0,0.019267232911997327,283.1748369492777,16,282.45087691370014,12,167.71318574760636,46,237.5612024910155,12,280.64212085857673,16,0.9503991016817764,1.0,0.9179115758437477,0.01836515381416904,0.43333333333333335,0.9448380927582473,1.0,0.9080634879304121,0.01057577973773522,0.0,0.9671150478244439,1.0,0.9451917463740731,0.006857912003204987,0.0
an0,an0,6730.0,an0_11,16.360590530687197,61,61.43575356070672,0.0,0.012843055488294175,,9,217.286602634997,12,191.41194415728458,29,,7,,7,0.47440977919657884,0.5,0.913908912142266,0.02113473270519238,0.5666666666666667,0.9500676140598148,1.0,0.916779356766358,0.01178142844305698,0.18333333333333332,0.9658937574303273,1.0,0.943156262383879,0.0077986585459503335,0.08333333333333333
an0,an0,6790.0,an0_11,12.454006079381601,60,60.67111352221806,0.0,0.017446401185364186,206.0809827443174,12,270.7215242536072,15,164.70383306966752,45,280.5898368624223,14,212.179169571379,11,0.9465228383779993,1.0,0.9154834456310533,0.017323958504789558,0.48333333333333334,0.948523684504807,1.0,0.9142314162532721,0.009861571805886298,0.1,0.963653439121251,1.0,0.9394223985354184,0.007843774927111722,0.08333333333333333
an0,an0,6850.0,an0_11,21.79893436427115,63,63.62469910816934,0.05970149253731338,0.047226089284142916,,7,220.12680560730217,11,178.64116941711472,22,,4,,7,0.2376354979074252,0.25,0.9187917599312942,0.028839666249289346,0.6666666666666666,0.9445491328496025,1.0,0.9095871387966066,0.016268290707348334,0.35,0.9644114708014745,1.0,0.9419306440830473,0.010403836120905903,0.26666666666666666
an0,an0,6910.0,an0_11,37.1222633881412,73,74.58669646817293,0.026666666666666616,0.04582441160758169,227.49311525402427,14,,9,234.44352068557444,20,,7,225.30321449446402,14,0.0,0.0,0.9214028449970815,0.03774164033997773,0.9,0.47367691362406317,0.5,0.9122563787468773,0.020790103355577016,0.6666666666666666,0.957678794574155,1.0,0.9307935341913665,0.014224585227867372,0.016666666666666666
an0,an0,6970.0,an0_11,41.75150502776021,55,76.3771759539307,0.3820224719101124,0.3429507808139787,251.81801954408516,20,251.48858206896332,14,165.13373815091344,19,,1,252.1799691531928,20,0.0,0.0,0.9250300726353804,0.05897834104346415,0.9833333333333333,0.0,0.0,0.914027003041156,0.03715413445859474,0.8,0.4757390600244664,0.5,0.9173200359582032,0.02018663662381391,0.5333333333333333
an0,an0,7030.0,an0_11,30.76794640760359,82,104.36751978418222,0.18811881188118806,0.30768507160380304,206.39396806128647,16,225.6053449321,12,142.53798664467922,17,,0,204.18945451059253,16,0.0,0.0,0.9125516991120396,0.06449734843023677,1.0,0.0,0.0,0.9088521340171624,0.04068376708647965,0.9666666666666667,0.47605257601244105,0.5,0.9199395566418992,0.021402347932391957,0.65
an0,an0,7090.0,an0_11,17.35622589335888,88,94.20039564168125,0.022222222222222254,0.08049628284135402,200.57155743718445,10,221.39858622939533,11,303.251825916803,11,,5,202.86832072937253,10,0.0,0.0,0.9076327623665381,0.04601930131314834,0.9,0.4715416895700755,0.5,0.9051389652335848,0.02921872826088026,0.6166666666666667,0.9408161157092968,1.0,0.908154149306461,0.014616027215892221,0.36666666666666664
an0,an0,7150.0,an0_11,17.466079243445638,72,72.38596194913242,0.0,0.014969432079269507,204.30845151235178,11,276.55097472846467,19,177.31296385988753,28,201.90438543868976,11,204.35263639111682,11,0.7101050312500305,0.75,0.912721985942713,0.020028011172409606,0.5,0.9433492599537056,1.0,0.9055820999228426,0.011819531628212901,0.13333333333333333,0.9405539224966822,1.0,0.900923204161137,0.008152676194845679,0.0
an0,an0,7210.0,an0_12,20.65090291616796,65,66.22275347585166,0.0,0.012282346124839135,282.30350353971073,12,166.55473129162377,13,158.61010537586736,41,317.1635527358523,10,284.3333510959531,12,0.4744246644084662,0.5,0.914748881361554,0.027329319490231804,0.6166666666666667,0.9429287076676247,1.0,0.9089559192832145,0.01830784468993581,0.4,0.940878250868063,1.0,0.9014637514467717,0.007941777783911199,0.0
an0,an0,7270.0,an0_12,22.950292559489046,68,72.35990368897929,0.02857142857142858,0.06055453693772728,,8,,9,119.70338552235984,18,,5,,8,0.0,0.0,0.9229758901337104,0.05062901201352102,0.7833333333333333,0.0,0.0,0.905669477888867,0.04512073485927717,0.75,0.9645829319816507,1.0,0.9431167348555719,0.012213136535611891,0.3333333333333333
an0,an0,7330.0,an0_12,12.473184788458784,69,74.27967287232788,0.07999999999999996,0.06723920238312413,,8,,7,254.22322628887042,19,,6,,8,0.0,0.0,0.9220496460739876,0.05366351295948376,0.8166666666666667,0.0,0.0,0.898611162719776,0.031851557374599555,0.6666666666666666,0.7205477541029061,0.75,0.9356044757161326,0.019704110290288387,0.5
an0,an0,7390.0,an0_12,13.961239691925927,70,76.23641165377141,0.05405405405405406,0.06506145367509691,,5,217.98912812945258,10,166.19399119202032,16,,2,,5,0.0,0.0,0.920088420969181,0.04529581124075949,0.9,0.0,0.0,0.8855350317666615,0.0342052636185183,0.8333333333333334,0.9529220364553943,1.0,0.9253396467456803,0.011637191802167332,0.2
an0,an0,7450.0,an0_12,25.010108804294347,63,63.04010926949276,0.0,0.022231028368159746,184.57461828090467,13,,5,145.15621136138316,38,,8,180.6931099959265,13,0.4746850667056644,0.5,0.9160098971644539,0.020945144286473087,0.55,0.9210472742265022,1.0,0.8716361108084427,0.013939320029565517,0.26666666666666666,0.9511853759183415,1.0,0.9186422931972359,0.008817132085840756,0.0
an0,an0,7510.0,an0_12,27.52138864277721,59,60.29569006404041,0.0,0.023568902055513763,73.88677582870369,10,132.02893858923505,11,192.56111288879097,34,,8,78.4573486395988,10,0.9477010688784597,1.0,0.9143073732827776,0.01970769253119716,0.43333333333333335,0.9134035175796669,1.0,0.8556725292994447,0.013323279314265078,0.23333333333333334,0.9589466901466907,1.0,0.931577816911151,0.008476531907092907,0.0
an0,an0,7570.0,an0_12,28.706457233347393,58,58.825980494276884,0.0,0.013573479186439192,237.9337196109131,14,,7,142.26751337850544,32,,8,237.40585178453048,14,0.0,0.0,0.9155252415142485,0.03141631935101667,0.6833333333333333,0.4563504491217552,0.5,0.8516529835731673,0.021271101296418543,0.5333333333333333,0.9650254009689114,1.0,0.9417090016148524,0.00926217159316771,0.0
an0,an0,7630.0,an0_12,16.313591284296866,57,57.120770444935786,0.0,0.025363525387397695,209.75044780670586,12,,4,218.31283957640477,24,,7,204.20577856662138,12,0.948113365859615,1.0,0.9180847440388621,0.018875209245702143,0.4166666666666667,0.9119633851718592,1.0,0.854443985925633,0.015152399486950347,0.4,0.9631759199271491,1.0,0.9394482148949392,0.009892088696624148,0.26666666666666666
an0,an0,7690.0,an0_12,20.175970702858347,57,58.07808017100045,0.0,0.02176594534066572,280.09350292986574,12,,5,143.02846501394498,54,295.8039891549808,11,245.49949083450255,11,0.9469837021417723,1.0,0.9121948569435336,0.01246066014513054,0.31666666666666665,0.9120065503859234,1.0,0.8567303099843252,0.011319192659796203,0.31666666666666665,0.9661253691797048,1.0,0.9435422819661747,0.005560688616765315,0.0
an0,an0,7750.0,an0_12,28.20481335138321,58,58.77452183250168,0.0,0.03001405401996433,261.90330868272423,13,,3,154.41979093976775,39,,9,260.36832884716733,13,0.9471676977349107,1.0,0.9145677579148133,0.01845436268617353,0.4666666666666667,0.686834539514564,0.75,0.8617548281852199,0.019995900147064156,0.5,0.9716339963885122,1.0,0.953579263762535,0.007185450203097488,0.2
an0,an0,7810.0,an0_13,23.385862272235208,58,59.68569512944122,0.033333333333333326,0.030922922986141795,286.2866436243723,13,131.11662369973027,10,199.33360659645427,27,,8,286.5164335019314,13,0.0,0.0,0.9215385560272067,0.03826459306215714,0.6833333333333333,0.0,0.0,0.8775831735950715,0.03122855840993282,0.6833333333333333,0.9681513415862814,1.0,0.9469189026438023,0.008353941906899882,0.1
an0,an0,7870.0,an0_13,14.448261958568521,60,60.17722191853365,0.0,0.021669627571839965,200.1738746143587,13,,3,168.44952995073925,51,207.8477413727414,11,198.22125684867066,13,0.9515776660452702,1.0,0.9197296954079034,0.011872700701414662,0.26666666666666666,0.9416221282978005,1.0,0.9027035471630008,0.009855028948683347,0.26666666666666666,0.9666371057712257,1.0,0.9443951762853762,0.006804084654959798,0.0
an0,an0,7930.0,an0_13,15.24935772365678,58,58.559466406166834,0.0,0.027166784749233053,,6,,3,141.55804298701548,52,,4,,6,0.0,0.0,0.9187572861229945,0.0325401537170399,0.6166666666666667,0.0,0.0,0.9047720481871626,0.037357464254666184,0.6333333333333333,0.9721147227349393,1.0,0.9535245378915654,0.006912165638302128,0.0
an0,an0,7990.0,an0_13,18.027388852083106,59,59.83962979218089,0.0,0.018311914069988076,217.40892864048652,13,,3,232.58243066399368,43,,9,200.92095652079394,14,0.47625523374829665,0.5,0.921023834050787,0.02547261415226291,0.7666666666666667,0.47282195434977137,0.5,0.9094065144992378,0.020799559998531385,0.55,0.966012597869996,1.0,0.9433543297833268,0.006692857048117278,0.0
an0,an0,8050.0,an0_13,18.082479208502132,59,59.65187167693144,0.0,0.028087210619751255,,8,,4,187.87217114562822,46,,9,308.0043289739069,10,0.47472514183509756,0.5,0.915820930770249,0.02650775514467903,0.7166666666666667,0.9547381748910572,1.0,0.9270428649000128,0.019515436835169805,0.45,0.9633558116763122,1.0,0.9407507888037835,0.008676810457937126,0.05
an0,an0,8110.0,an0_13,22.690201610863934,59,60.82595565181983,0.0,0.03885029799758028,266.5113054324252,12,,4,166.3797394055511,34,,9,268.1262140609655,13,0.9492913946132224,1.0,0.9159393535757088,0.01598691551198795,0.38333333333333336,0.9561357773194095,1.0,0.9268929621990157,0.010615861093303782,0.43333333333333335,0.9644403816495277,1.0,0.9410479715256254,0.007187387074442575,0.11666666666666667
an0,an0,8170.0,an0_13,22.04602050776518,59,59.19681757912226,0.0,0.03492878479796249,143.30232291502085,12,122.19418430914489,12,214.20898825370105,34,,7,162.265215003093,11,0.4745398685725737,0.5,0.9147616416022074,0.024526067137585223,0.5333333333333333,0.9559321757966274,1.0,0.9287916148424693,0.01705721173414222,0.43333333333333335,0.964209563245628,1.0,0.9408564775484858,0.009122050060859262,0.18333333333333332
an0,an0,8230.0,an0_13,11.990548700718838,59,59.67999586219424,0.0,0.03824738734845925,249.16241526299166,21,,4,169.71296424956756,51,234.90247357576695,19,246.9919027012829,21,0.9487587149366575,1.0,0.9147609298473138,0.015796330675932668,0.26666666666666666,0.9578347504203335,1.0,0.9298204285537153,0.012192274864418335,0.1,0.9657329273084687,1.0,0.9428882121807812,0.007128236358168376,0.0
an0,an0,8290.0,an0_13,13.526811189686159,58,59.47799140841358,0.0,0.030994010608270298,229.53332410567316,21,,4,190.7370316282997,51,181.74063018814536,20,180.70039175095158,20,0.9500030349863953,1.0,0.9186545657564947,0.009382026810565075,0.18333333333333332,0.9578922571322291,1.0,0.9298204285537153,0.0066389180572115555,0.08333333333333333,0.9713282986844252,1.0,0.9522138311407087,0.006542401381569687,0.0
an0,an0,8350.0,an0_13,14.083153558775205,59,60.09717713542176,0.0,0.03330983345216829,210.80391068957718,14,,3,237.91595975522534,41,300.3073918877053,13,255.28695339054946,15,0.4755077246115338,0.5,0.918359082038446,0.021637757578015632,0.6,0.9575592143127983,1.0,0.9295718543626437,0.015010919514456812,0.16666666666666666,0.9606964466188087,1.0,0.9344940776980144,0.009211148789291967,0.0
an0,an0,8410.0,an0_14,21.412910617620703,59,59.72585831032799,0.0,0.030691209035690767,219.62019995110307,13,,7,187.24861431577898,47,258.60758940583213,12,218.99391163530856,13,0.4759294706312959,0.5,0.9197649021043198,0.02372076190465091,0.7,0.9573106571188602,1.0,0.9288747126946811,0.016372145459880666,0.2833333333333333,0.9608979353335296,1.0,0.9348298922225494,0.008691531758917084,0.0
an0,an0,8470.0,an0_14,12.179233079492647,58,59.00096614083729,0.0,0.03885149475751371,132.13984069916233,26,,4,241.25113004376962,37,116.2439368451571,24,122.21906561580316,25,0.47545108947594394,0.5,0.919836511345834,0.02946322535458868,0.5833333333333334,0.4786876816780325,0.5,0.9283219540683754,0.02015381545337073,0.5166666666666667,0.956885774732149,1.0,0.9292000564150639,0.011963273187721068,0.3
an0,an0,8530.0,an0_14,20.395908730171485,60,59.604109504599336,0.0,0.024378239449817686,145.07393892049063,41,,2,171.29178932275047,44,145.07393892049063,41,149.46571513226704,41,0.964070421073621,1.0,0.9441989773210346,0.009528147035646348,0.3,0.9569931724410252,1.0,0.9283219540683754,0.013446845838576037,0.38333333333333336,0.9602743153819551,1.0,0.9338735393030103,0.012724683543482235,0.11666666666666667
an0,an0,8590.0,an0_14,16.74107770879097,60,60.52212436697868,0.0,0.03581441421371265,153.67386463643484,38,,6,160.19100850572443,38,155.77183779935606,37,152.51052245487674,38,0.9685276448384048,1.0,0.9495972054758275,0.009529672343736632,0.21666666666666667,0.9548658286261337,1.0,0.9247763810435561,0.01436166257740021,0.3333333333333333,0.9657585396597272,1.0,0.9432388016866835,0.01513561017434381,0.18333333333333332
an0,an0,8650.0,an0_14,19.50607514083942,60,60.26253372816449,0.0,0.032282761787460264,145.095724445044,29,,3,132.2550219484769,39,144.74419685482437,28,144.96304947911972,29,0.9645893903420377,1.0,0.9465164957637006,0.01364738039667419,0.43333333333333335,0.9560101087959608,1.0,0.9268285831847058,0.019788801148395006,0.48333333333333334,0.9702678520975389,1.0,0.9521177214682375,0.015510080829975906,0.25
an0,an0,8710.0,an0_14,19.14239737346394,58,59.428770656459996,0.033333333333333326,0.040313507873746275,202.78197448196593,33,,6,190.96729002469246,35,206.00757838931713,32,197.77797913887701,32,0.9625377489701828,1.0,0.9381015674287233,0.014312507441338121,0.38333333333333336,0.9559038041242138,1.0,0.926506340207023,0.01767172707179222,0.43333333333333335,0.9711337692487053,1.0,0.9524357965285573,0.013646084138797254,0.2833333333333333
an0,an0,8770.0,an0_14,17.662415578586053,58,59.728087879950984,0.0,0.018781361686240183,178.8476750908903,16,,0,164.4790887020753,34,105.08003916387649,12,176.84267961477323,16,0.0,0.0,0.9362695319131399,0.07363722120473806,0.7333333333333333,0.0,0.0,0.9219569891564097,0.08178616939854298,0.7333333333333333,0.48470338923206896,0.5,0.9461119694249343,0.020328256175117874,0.5333333333333333
an0,an0,8830.0,an0_14,14.437850966723719,59,59.07913354543507,0.0,0.02024850512005276,237.0903899936557,41,,1,108.84249665238316,53,240.3534384830494,39,235.30299615602007,41,0.9585154488939481,1.0,0.9308590814899136,0.008374334546232712,0.13333333333333333,0.9531741934938458,1.0,0.9219569891564097,0.010416504232899365,0.13333333333333333,0.9713437425896148,1.0,0.9582350426970947,0.011740951875425322,0.13333333333333333
an0,an0,8890.0,an0_14,16.773492107538072,58,59.68640761435807,0.0,0.024373926496268607,242.96629774064883,43,,2,108.19483368737129,59,242.96629774064883,43,252.38858928247924,43,0.9593663556948648,1.0,0.9322772594914412,0.006865852758108651,0.0,0.9531686993917861,1.0,0.9219478323196434,0.008728424969586271,0.06666666666666667,0.9787821761868895,1.0,0.9646369603114824,0.011704627198873429,0.0
an0,an0,8950.0,an0_14,19.90100526293718,58,58.35060349108276,0.0,0.02907847592519709,206.75467965343313,33,,2,134.29776123180534,41,195.44854133113336,32,213.35123622796283,33,0.960182743003906,1.0,0.9348362314661608,0.011796875296423388,0.35,0.9526910388583048,1.0,0.9214178417259479,0.015253461648303275,0.45,0.9753751204345458,1.0,0.9597545769246136,0.012808995665516125,0.2833333333333333
an0,an0,9010.0,an0_15,17.672380694730045,62,64.08229876023094,0.03125,0.03910898082706567,192.6427381195289,34,,2,134.26935345544697,41,188.69849656488196,32,196.8660712261003,33,0.9610942077118683,1.0,0.9351799883982808,0.014829466848227573,0.26666666666666666,0.9526910388583048,1.0,0.9218399090947946,0.017773003661584207,0.36666666666666664,0.9747592043807929,1.0,0.9592596480684705,0.013345663838948231,0.2833333333333333
an0,an0,9070.0,an0_15,16.9728907962454,65,66.92298168648914,0.02985074626865669,0.04508023626449952,158.08580631761635,12,,9,121.39959267237037,44,164.693726163142,11,160.3405466782838,12,0.9531504454347678,1.0,0.9225181189221677,0.016132490196683,0.35,0.9473830930555684,1.0,0.9196714259745811,0.017654052254064655,0.48333333333333334,0.96790866434329,1.0,0.9505738893607185,0.011279019606364174,0.2
an0,an0,9130.0,an0_15,52.01543394545884,66,72.75805158781212,0.08333333333333337,0.16426105265460234,,9,202.504310091091,17,168.69392876319674,25,,6,204.36894741292443,10,0.4756226738082688,0.5,0.918892884859183,0.026414918810744085,0.5666666666666667,0.0,0.0,0.8525259706383682,0.0368235609622989,0.6666666666666666,0.9626920155420009,1.0,0.9512359629424103,0.015875654081002482,0.43333333333333335
an0,an0,9190.0,an0_15,87.62725828363278,50,90.05574450575952,0.4897959183673469,0.3901797960238266,,3,,8,79.45642815159373,49,,0,,2,0.0,0.0,0.9208737127544424,0.04112387837271932,1.0,0.0,0.0,0.8468421035536633,0.04897075341041572,1.0,0.9295918050935283,1.0,0.8833670787119838,0.013930497831967564,0.03333333333333333
an0,an0,9250.0,an0_15,19.773094848217998,79,91.71128675533748,0.17708333333333337,0.26825271406255485,,2,,4,70.1788259247266,40,,2,,2,0.0,0.0,0.9208989964704242,0.041881823472510724,0.8666666666666667,0.0,0.0,0.8475980206152087,0.04879622869175348,0.8333333333333334,0.9692212208886716,1.0,0.9529581664374387,0.01330565158251762,0.25
an0,an0,9310.0,an0_15,13.725012500877762,80,80.74223646587913,0.0,0.0650483799891067,147.83820408834848,12,146.71422938545078,13,77.67138043588378,39,110.54679831662044,10,148.0171980179699,12,0.0,0.0,0.9266930093540732,0.03561326772229389,0.65,0.22832560325397797,0.25,0.8590980933497456,0.030348199998047883,0.6,0.9552728080554729,1.0,0.9344162982330904,0.013719483287798472,0.25
an0,an0,9370.0,an0_15,19.96465664770399,70,70.49621699672659,0.0,0.02875364824730169,148.4907920904463,28,104.66366941614542,24,92.52274367197997,56,148.7742889833455,26,149.80233890277128,28,0.9575428110715787,1.0,0.9314525055164167,0.015971062330829428,0.4666666666666667,0.9364233957796302,1.0,0.9350586881872712,0.016491953593836366,0.4666666666666667,0.9764466317340431,1.0,0.9623167881429271,0.01109177878238729,0.1
an0,an0,9430.0,an0_15,28.792401969777675,67,67.23329392713347,0.0,0.05202015033612048,128.58206226815759,18,103.8161420066544,25,132.68187928349096,45,115.8122428154187,17,133.10765214225486,18,0.9580401361316657,1.0,0.9396513236708376,0.012209567771743597,0.4166666666666667,0.9622734342857904,1.0,0.9498080393662488,0.012796657032458653,0.4166666666666667,0.9742108733233679,1.0,0.9592548093578893,0.011964241458856321,0.31666666666666665
an0,an0,9490.0,an0_15,21.502687347264768,65,66.76993750323955,0.0,0.029134448901796967,122.94452588591531,41,73.22988901374408,37,112.34485328975741,53,159.37382163968604,40,155.24960233247054,42,0.9617064278886167,1.0,0.9362385032603084,0.007226883513990313,0.26666666666666666,0.9730609449412344,1.0,0.9559168018628738,0.009993082721675841,0.2833333333333333,0.9724735803415518,1.0,0.9546416173520804,0.011965214698156122,0.26666666666666666
an0,an0,9550.0,an0_15,22.674821911661255,67,67.73958644985625,0.0,0.04302981592445342,48.65394792084517,52,54.56700661374338,52,103.757229464859,48,48.65394792084517,52,52.80374318282414,52,0.97525146030598,1.0,0.9658850615635262,0.006396163938507539,0.2,0.9810249774013478,1.0,0.9748729187070319,0.009507013731168116,0.21666666666666667,0.9745193210417833,1.0,0.9587737334529093,0.012069343858832127,0.23333333333333334
an0,an0,9610.0,an0_16,16.59558499190607,64,64.56125248827462,0.0,0.03388505233460407,200.63705709161857,25,114.31205309764337,33,152.82501107079648,33,192.79629186332915,23,201.1529268989144,25,0.9747432436371354,1.0,0.9617912175313188,0.008795160537998687,0.25,0.979374860435098,1.0,0.9682176684073228,0.012629672794089917,0.31666666666666665,0.9674151326217624,1.0,0.9494998526878669,0.01420317680528239,0.38333333333333336
an0,an0,9670.0,an0_16,20.395842046322933,63,63.78988462527394,0.0,0.04635897560868232,209.61681465086477,11,263.30062322745135,15,221.63946631929755,34,307.01567761611676,10,211.23446688454987,11,0.24183622205497268,0.25,0.9455748136998179,0.02980111103288637,0.6166666666666667,0.0,0.0,0.950599566582464,0.03210295825669577,0.6166666666666667,0.963520084526348,1.0,0.9424578677851428,0.016519154957427905,0.3
an0,an0,9730.0,an0_16,67.81010624499598,72,72.3426291601842,0.0,0.0713171012494245,,8,,9,172.71973358650223,40,,4,,8,0.0,0.0,0.9350158090957925,0.03835780847047994,0.9,0.0,0.0,0.9399734010592043,0.04259494337165798,0.9,0.9592388987442844,1.0,0.9336802982087042,0.01562836106254077,0.1
an0,an0,9790.0,an0_16,18.245757983424166,64,72.43883445918888,0.1466666666666666,0.12961808714617712,192.22560597836596,11,200.94054684255394,14,173.34245706656807,41,,7,192.11975432005946,11,0.4743484877065588,0.5,0.9186185053420632,0.025917523925399838,0.7333333333333333,0.47838338367383715,0.5,0.9285415180206206,0.029831604384944258,0.7666666666666667,0.9556905246995645,1.0,0.9345932149753091,0.013151994137509473,0.35
an0,an0,9850.0,an0_16,52.104437775086524,65,91.09251811613092,0.3298969072164949,0.3143053257125984,33.16001337177665,65,137.6197986642002,11,249.07403853895963,15,,3,34.3693177121688,65,0.0,0.0,0.9050692030807477,0.04334457504512418,0.9833333333333333,0.0,0.0,0.9240660686952166,0.06060783985448735,0.9833333333333333,0.4798158137866139,0.5,0.933039068175057,0.025540643452188514,0.6833333333333333
an0,an0,9910.0,an0_16,14.128739567586384,79,81.18860112030472,0.024691358024691357,0.06252959033554462,149.44247828337225,22,81.01069383038855,22,283.3621279438814,14,151.1572384710289,21,155.00424442405983,20,0.9497060525764861,1.0,0.9186525725407257,0.011424358249021216,0.48333333333333334,0.9488052912592173,1.0,0.9148856836715491,0.016064555666067827,0.48333333333333334,0.9367574519393365,1.0,0.895044245897833,0.014982633017694771,0.38333333333333336
an0,an0,9970.0,an0_16,25.351898509276438,67,67.80235613199243,0.0,0.045785169438376405,93.24225932275081,10,146.0714666606584,25,153.28721457526584,40,93.24225932275081,10,93.74907406950156,10,0.9505209129516595,1.0,0.9175348549194325,0.012867067055190192,0.26666666666666666,0.9524325146508408,1.0,0.9240549465758775,0.019095292575510632,0.4166666666666667,0.9424437251827102,1.0,0.9051660252396901,0.011864485698160319,0.23333333333333334
an0,an0,10030.0,an0_16,31.25717157799762,63,63.514848183664945,0.0,0.04373805247585958,144.19654374903257,10,208.96612069809157,17,228.62538968823247,27,,6,144.45299120013635,10,0.4748422015939567,0.5,0.9166568041841093,0.02306862424883014,0.6,0.47921852407342946,0.5,0.9311204885714927,0.027800788349470217,0.65,0.9478050732307534,1.0,0.9257941463506847,0.013743329625075684,0.2833333333333333
an0,an0,10090.0,an0_16,27.06772749541071,58,59.7360562355411,0.0,0.03642313055292392,,4,101.66696132871887,24,182.18198454682903,20,,4,,4,0.9475654681648475,1.0,0.913392190697281,0.016709051416289783,0.4666666666666667,0.4816505269855003,0.5,0.9383532327226031,0.027022639460449444,0.5333333333333333,0.9561674164977813,1.0,0.9270826553781178,0.019157807540363763,0.4166666666666667
an0,an0,10150.0,an0_16,23.60265574025537,64,64.8591502478726,0.0,0.04341344309516544,,7,,7,178.86360026567732,26,,7,,8,0.0,0.0,0.9145179247423482,0.07993620970440439,0.75,0.0,0.0,0.938937629687764,0.08002074758169975,0.8,0.9579623362363889,1.0,0.9330652048546123,0.017320091157612585,0.4666666666666667
an0,an0,10210.0,an0_17,28.191634615345038,64,64.26229297502651,0.0,0.04622015473258681,,4,249.58461584951505,11,178.4832836768848,16,,0,,4,0.0,0.0,0.9124219675990464,0.049377057406805036,0.9333333333333333,0.0,0.0,0.9364865192750056,0.06120804485009369,0.95,0.0,0.0,0.9432853816862854,0.03157063957595904,0.55
an0,an0,10270.0,an0_17,29.245598835141774,59,60.29835626679518,0.0,0.0302788658153021,,3,223.54916595839592,19,151.7445559851809,35,,5,,2,0.9445164846804559,1.0,0.9075274744674264,0.016734800618318037,0.4166666666666667,0.7191028928432213,0.75,0.9315118786039929,0.01984747750636204,0.5,0.9666496559092759,1.0,0.94451594976747,0.011348544403454522,0.15
an0,an0,10330.0,an0_17,25.806243567121232,60,62.01451036182097,0.032258064516129004,0.048056210402377474,77.37566777138781,12,219.99332764650927,17,149.70372457111066,28,,5,80.67893720848652,12,0.9416464550278342,1.0,0.904131860613618,0.018543073216886616,0.45,0.48049945036005115,0.5,0.9262247297275228,0.0224641246733081,0.5666666666666667,0.9668499989746466,1.0,0.9473787134017725,0.015244498243388062,0.45
an0,an0,10390.0,an0_17,18.07193799318035,62,62.10006908630845,0.0,0.035447401429958926,,7,237.0384377735874,15,128.3724744152733,35,,4,,7,0.0,0.0,0.9207435154795053,0.03321920708206199,0.7333333333333333,0.23745909754397215,0.25,0.9194572341532995,0.03214387701702973,0.7,0.9693496753620445,1.0,0.9494904399554709,0.012812153764347259,0.2833333333333333
an0,an0,10450.0,an0_17,14.516238779260481,58,60.355311720111814,0.0,0.03775897367235374,,8,189.57188610128875,11,183.35626632134927,46,,5,,8,0.7160710173485761,0.75,0.9256459137579894,0.020079722840968407,0.5,0.951599591152557,1.0,0.920360216662533,0.018329098428973848,0.4166666666666667,0.9702845703220968,1.0,0.9518428578474629,0.011203513265621943,0.1
an0,an0,10510.0,an0_17,18.55857192335026,60,60.86828610127765,0.0,0.04649748445219954,,7,241.72945862629808,20,165.53213976510048,48,,4,,7,0.4782652499408372,0.5,0.9281457761033192,0.02136234380303313,0.5166666666666667,0.7137488999715023,0.75,0.9199295738180102,0.022969583421855806,0.5,0.9685086205051472,1.0,0.9475143675085786,0.010282979569966972,0.08333333333333333
an0,an0,10570.0,an0_17,22.82223979768411,63,64.2694862405145,0.0,0.029101437527963146,,6,305.7174099812194,11,153.84501676872836,33,,5,,5,0.9570553246682227,1.0,0.9345873745274667,0.014162962574427484,0.35,0.9520406650682619,1.0,0.9212607061939169,0.01836512562975553,0.43333333333333335,0.966810193090183,1.0,0.9448446297481714,0.010202397005036837,0.2
an0,an0,10630.0,an0_17,21.51521244961768,61,62.305748847655835,0.0,0.03410495050001772,,1,174.64723275885618,24,109.80199390076363,16,,1,,1,0.9603236142164806,1.0,0.933872690360801,0.013220348297779481,0.35,0.9501991616991851,1.0,0.9198784677346941,0.01761636578094082,0.4,0.4826746754016102,0.5,0.9386995561760434,0.021115467363930784,0.5166666666666667
an0,an0,10690.0,an0_17,22.672896728765636,58,59.67411963270127,0.033333333333333326,0.03938642905740153,,6,170.44116651645393,25,206.23574115656513,23,,5,,6,0.9603236142164806,1.0,0.9343122972783422,0.010780349925965004,0.25,0.9560675793136881,1.0,0.9287809020218868,0.017248338184074966,0.35,0.9627109119364603,1.0,0.9417947481105347,0.010891793213035052,0.4666666666666667
an0,an0,10750.0,an0_17,23.376225396029838,57,58.29000443006283,0.0,0.034577453370469594,,2,209.9223256647563,24,144.2897354709502,29,,2,,2,0.9604223950145729,1.0,0.9340373250242882,0.009128636926281651,0.23333333333333334,0.9616205760331842,1.0,0.9387962244729635,0.0147141643401896,0.3333333333333333,0.9623925058222863,1.0,0.9404724500403974,0.008842659761305873,0.3
an0,an0,10810.0,an0_18,22.389703071406412,58,58.69029668432156,0.0,0.025480938325486025,,2,164.88901656596448,12,168.34158255499312,24,,1,,2,0.9616642294964621,1.0,0.9361070491607701,0.014561449462808504,0.4666666666666667,0.4815440778217923,0.5,0.9402681997115728,0.023784531769604343,0.5833333333333334,0.963892762283078,1.0,0.9401360961085696,0.009637395414816653,0.26666666666666666
an0,an0,10870.0,an0_18,14.799946413732682,60,60.72536447865421,0.0,0.03568044629475535,,3,240.3534384830494,17,173.4491567732503,33,,3,,3,0.960519873762026,1.0,0.9382380959890898,0.008303995009258994,0.4,0.9602627338596493,1.0,0.9355048002212419,0.01316825494419968,0.4666666666666667,0.9639869146846158,1.0,0.9399781911410263,0.006726693787796085,0.05
an0,an0,10930.0,an0_18,17.097399501565064,61,61.63568788509928,0.0,0.031326349866919574,,3,326.7608955850175,12,177.00137752387363,44,,2,,3,0.9611920043960133,1.0,0.9353200073266887,0.012098805694023468,0.31666666666666665,0.9564006050784354,1.0,0.9328323893267295,0.01830435612858288,0.48333333333333334,0.9656665286507289,1.0,0.9427775477512147,0.0065845178626531276,0.0
an0,an0,10990.0,an0_18,32.69308341656558,58,67.60597659367548,0.23684210526315785,0.20510888765092525,84.9711713114755,35,143.68900015034046,12,131.62346532458804,34,123.60879464901895,10,77.38138528017438,34,0.0,0.0,0.9354554467266081,0.03643228462907508,0.6166666666666667,0.0,0.0,0.9257569086670986,0.04965841544009736,0.75,0.9650464416774429,1.0,0.9419351529849699,0.007387496999391651,0.06666666666666667
an0,an0,11050.0,an0_18,33.07694573717066,67,92.76839442646691,0.3163265306122449,0.27097413886955535,83.10391455767763,47,112.96330072314574,15,227.27631252635396,14,,9,80.42940313647048,46,0.0,0.0,0.9510509930613952,0.04401171097501662,0.9666666666666667,0.0,0.0,0.9255909797029203,0.05981845560773738,1.0,0.9644106827538913,1.0,0.9406844712564855,0.007745099522379515,0.0
an0,an0,11110.0,an0_18,14.317631453701159,88,90.09759822333375,0.022222222222222254,0.12526223697447228,139.56001048931523,10,278.3688508479277,13,88.46384255971299,33,,4,,9,0.0,0.0,0.9310883387032716,0.03777255586297305,0.7,0.0,0.0,0.9204938275085552,0.056597186478357764,0.7833333333333333,0.9380092722169722,1.0,0.8966821203616203,0.006327827338856772,0.08333333333333333
an0,an0,11170.0,an0_18,15.126563414297232,75,75.51900435738496,0.0,0.04187505845756234,,5,,6,94.00372170888741,42,,2,,5,0.0,0.0,0.9267033042493044,0.032531591837779913,0.7166666666666667,0.0,0.0,0.9097200925487581,0.045438119784701754,0.8333333333333334,0.9608798903651647,1.0,0.9347998172752745,0.006057365540792588,0.1
an0,an0,11230.0,an0_18,20.835141917995983,66,67.10396081132059,0.0,0.015966502614914394,,2,,8,121.6854115015684,59,,2,,2,0.4785910665456352,0.5,0.9286368884854507,0.021491281741870157,0.5166666666666667,0.47209294187657364,0.5,0.9089803419597315,0.028914308985265848,0.6333333333333333,0.9707880209940416,1.0,0.9513133683234025,0.0055360490096927496,0.0
an0,an0,11290.0,an0_18,18.537331924208956,71,72.5397245666057,0.0,0.04243341658250907,,9,206.59507674505247,18,114.11935361222719,52,,9,,9,0.9432298988132484,1.0,0.9154543445000942,0.015574206289392286,0.31666666666666665,0.4749179908278007,0.5,0.9142463506433011,0.021752283429048398,0.5166666666666667,0.9719165650907697,1.0,0.9531942751512829,0.006604125227015069,0.0
an0,an0,11350.0,an0_18,55.86991691200994,72,76.05208553833347,0.027027027027026973,0.06859376065785003,,5,288.4518700525368,10,102.65835075222408,40,,3,,5,0.0,0.0,0.9050000353611857,0.043441583673182904,0.6,0.0,0.0,0.9088615071112168,0.05870242185689003,0.6,0.9720418020320762,1.0,0.9537719706574197,0.007330509065065421,0.15
an0,an0,11410.0,an0_19,23.29107261272826,64,64.22339465602275,0.0,0.01853336540685576,161.94064386501825,16,152.86512203807084,22,132.38329893849087,38,161.94064386501825,16,159.9166449539676,16,0.9306149681157209,1.0,0.884358280192868,0.00855381504269805,0.0,0.9432829142389204,1.0,0.905720720400881,0.015841803396177943,0.26666666666666666,0.9661171567079436,1.0,0.9435285945132394,0.007899534857281695,0.0
an0,an0,11470.0,an0_19,27.32770674804576,63,63.62483404524575,0.0,0.020582772611908034,184.15498971922221,20,120.20845744866499,21,230.83921496154525,21,118.58541225631423,16,188.13489001805397,20,0.9251775539982854,1.0,0.8767821359488768,0.011975331258519205,0.36666666666666664,0.9514655781834778,1.0,0.9206723328812585,0.01587004207187714,0.48333333333333334,0.9665471751165506,1.0,0.9455539714724428,0.013933581169905862,0.4
an0,an0,11530.0,an0_19,20.349107711555767,63,63.97215931627379,0.0,0.05973745275095733,,7,169.8108373635532,10,153.9718793746374,20,,5,,7,0.46995989581800557,0.5,0.8998663193933518,0.022823053340491912,0.5833333333333334,0.0,0.0,0.9270403228226206,0.03636255022563571,0.8,0.9638204917594762,1.0,0.9403709445505282,0.013192934857450832,0.36666666666666664
an0,an0,11590.0,an0_19,24.807672355546423,63,63.732831968336775,0.0,0.05515677799773153,184.65038359060142,17,190.99801933376975,27,231.31685407502556,19,164.29794613496136,16,187.41664813991312,17,0.9400353303980133,1.0,0.9014362857636503,0.012801785924562385,0.26666666666666666,0.48052536333744555,0.5,0.9343487041045586,0.020170126037465826,0.55,0.9585257307262217,1.0,0.9363509179061356,0.017359007847340943,0.43333333333333335
an0,an0,11650.0,an0_19,22.475879499987872,59,59.52617167353802,0.0,0.042502104365825716,233.21326663458706,21,76.74563556401758,25,188.6291413388705,25,233.21326663458706,21,236.94936167881946,21,0.9542119155789444,1.0,0.9236865259649072,0.006760287009903245,0.08333333333333333,0.9637788637504935,1.0,0.9404833021516718,0.01108140762634041,0.23333333333333334,0.9584997381304363,1.0,0.931319888625421,0.01210982157575048,0.2
an0,an0,11710.0,an0_19,28.008778741629435,59,60.55241972514143,0.0,0.03697090492967507,193.88949204976225,28,100.10139323606703,30,215.50560930803906,25,193.88949204976225,28,161.13778146475957,27,0.9544153533789843,1.0,0.9297080786286088,0.012830947111536987,0.36666666666666664,0.4898426370216521,0.5,0.96336211750988,0.02056372493205767,0.5166666666666667,0.9585968652630732,1.0,0.9317867632270076,0.0162189341808713,0.38333333333333336
an0,an0,11770.0,an0_19,27.424830865576773,61,61.921932955122394,0.0,0.050803955487891975,286.4322904828469,26,176.60397742902055,23,216.18392880005806,22,289.38344373255086,25,286.4960732715197,26,0.9554158156391168,1.0,0.9259191993726701,0.010736992190386027,0.23333333333333334,0.9728232015685383,1.0,0.9561076148940753,0.01684239262630217,0.4,0.9591105447387758,1.0,0.9322705608286153,0.015526001195066585,0.4166666666666667
an0,an0,11830.0,an0_19,28.471285795562707,59,59.94197616705324,0.0,0.022746490927716346,199.0271750446406,34,147.9320041130691,23,219.71571153762395,33,199.0271750446406,34,195.09127622886183,34,0.9546572652361069,1.0,0.9244287753935116,0.007269019827456924,0.1,0.9660260658470433,1.0,0.9442771634526544,0.011493175058263787,0.11666666666666667,0.9556433772423519,1.0,0.9266927424750329,0.009941760363867208,0.1
an0,an0,11890.0,an0_19,25.347085149527878,61,61.834569852939524,0.0,0.016782544192955034,189.314140385762,11,219.56229392010445,13,217.8272950498858,26,,9,187.16303053755033,11,0.47832139497164655,0.5,0.9254071502281415,0.02331943459885676,0.5166666666666667,0.4780073249421647,0.5,0.9287318107456379,0.026887031487951324,0.55,0.9573553253465872,1.0,0.931619311844816,0.008583211391953524,0.3
an0,an0,11950.0,an0_19,18.06853010393835,60,61.1795727524914,0.0,0.03545335612321188,184.43678343360182,10,,8,138.69112982518925,41,,8,179.22673411693418,10,0.9575913338422988,1.0,0.9303782434477449,0.016952388463406833,0.4,0.9536096111187874,1.0,0.923526149738261,0.01834591371054278,0.4666666666666667,0.9621870083916044,1.0,0.9388650812757795,0.007284179587332862,0.1
an0,an0,12010.0,an0_20,19.80726688846447,61,61.98084585259792,0.0,0.019694252198839465,157.79095061498978,29,167.6201566849385,28,162.13183545115797,23,142.66351006254325,27,160.3901493234544,29,0.9612392923242222,1.0,0.937236470498197,0.00917098729655467,0.3333333333333333,0.954786924136096,1.0,0.9261845370925347,0.016470290232846258,0.4166666666666667,0.9627920832854358,1.0,0.9386310375961776,0.012439640504512678,0.3
an0,an0,12070.0,an0_20,23.93051409325319,65,65.03120413941971,0.0,0.016196382722142952,157.07154942009154,24,104.94500874796815,28,129.6056126102406,34,140.98950549779002,23,161.056295855774,24,0.9643029714132115,1.0,0.9421396276718542,0.006032110131844124,0.31666666666666665,0.955979013850521,1.0,0.9311307935795532,0.010728836346248063,0.31666666666666665,0.9645305922921044,1.0,0.941626528698806,0.007672882675081363,0.18333333333333332
an0,an0,12130.0,an0_20,33.13077996083511,61,76.78014772489794,0.19736842105263153,0.1629278350504673,174.22634045497637,16,,7,191.45435048325623,30,,1,177.46226963176466,15,0.0,0.0,0.942499878466854,0.06134621351889867,0.95,0.0,0.0,0.9446896084082868,0.05156013623100007,0.9333333333333333,0.9592479737299615,1.0,0.9320799562166024,0.008356169743685476,0.08333333333333333
an0,an0,12190.0,an0_20,12.93138063297954,73,74.69263978722789,0.026666666666666616,0.08213843307908045,,7,,8,,6,,1,,7,0.0,0.0,0.9351238334607098,0.11369367590177908,1.0,0.0,0.0,0.9257926855359372,0.06653806999076319,0.9666666666666667,0.47791628490506377,0.5,0.9250624945927971,0.021731209907310468,0.55
an0,an0,12250.0,an0_20,9.910575573283412,82,84.06546177505754,0.0,0.07772096308083315,,4,257.8256520214344,10,104.42675862376781,34,,4,,4,0.0,0.0,0.9237946849541673,0.048695108483190204,0.7666666666666667,0.0,0.0,0.9134409298187178,0.03170409468733597,0.9333333333333333,0.9551427643738462,1.0,0.9252379406230768,0.010662316373347143,0.0
an0,an0,12310.0,an0_20,22.897378059699985,67,68.1778669645209,0.0,0.018333462062312747,,8,,8,139.62941225922688,36,,2,,8,0.0,0.0,0.9179441364670924,0.03081087883068324,0.6833333333333333,0.0,0.0,0.9141283052007502,0.034725049655774415,0.8166666666666667,0.9586114896714619,1.0,0.9310768391117096,0.011281225305145673,0.21666666666666667
an0,an0,12370.0,an0_20,18.44936416241187,64,64.85571495049969,0.0,0.022248638549913064,190.3269955481224,11,163.57815410378,11,132.53455904950948,49,,8,214.05182040380274,12,0.47526828370489155,0.5,0.9177145671107736,0.02202774253191463,0.55,0.948776878504335,1.0,0.9146281308405583,0.01301073244295001,0.31666666666666665,0.9654293781474838,1.0,0.942382296912473,0.00672740143015698,0.0
an0,an0,12430.0,an0_20,21.32999626730896,62,63.18250265898617,0.0,0.014417598798191782,,7,232.2531264739927,10,180.36556844711242,40,,2,,7,0.0,0.0,0.917748814051737,0.03459014214720869,0.8166666666666667,0.9468949063323352,1.0,0.9121173856160821,0.015919041473664058,0.45,0.9693214364998205,1.0,0.9488690608330342,0.009137530806538008,0.15
an0,an0,12490.0,an0_20,22.443036480824112,61,62.134828435316884,0.0,0.021890684106214132,153.18167885263273,10,,8,144.0356741784705,44,,5,167.03293088490065,10,0.4755383390801166,0.5,0.918728387249295,0.028661822195021773,0.7833333333333333,0.946740582929454,1.0,0.9119059775831363,0.013219973323977379,0.13333333333333333,0.96626189978041,1.0,0.94376983296735,0.008462650908003948,0.0
an0,an0,12550.0,an0_20,30.62664110928948,60,60.40337372969615,0.0,0.023987790482808854,202.30776534686663,15,161.80238879829102,16,192.57370281982037,38,234.26212559776567,16,204.69489490458722,15,0.47823221908938063,0.5,0.9316372313828221,0.024641846880110282,0.55,0.9470072759282254,1.0,0.9121653336452349,0.016681832542387885,0.36666666666666664,0.9656819509391675,1.0,0.943380251950373,0.008674517192537534,0.21666666666666667
an0,an0,12610.0,an0_21,20.452009978345693,62,62.93282707367633,0.0,0.02265339711718171,198.0813354274237,14,253.49680374160843,14,134.51274020426703,48,206.15725503140396,13,198.8428061018591,14,0.9470292407835068,1.0,0.9151449358553785,0.012999884337563354,0.4166666666666667,0.956118527967106,1.0,0.9268845924488274,0.011512124758626363,0.2833333333333333,0.964884037298064,1.0,0.9414733954967733,0.006431729264953442,0.0
an0,an0,12670.0,an0_21,27.437971857295416,62,62.903334872728806,0.0,0.031205045514688553,211.2599920827597,14,177.37988343348013,23,120.76800533619264,50,168.8131195084725,12,208.73243822949698,14,0.46713425863417235,0.5,0.8899050667784458,0.02323626207812125,0.6833333333333333,0.9561873004391188,1.0,0.927391752208736,0.014074978686855446,0.21666666666666667,0.9732704445461434,1.0,0.9554507409102391,0.006608881143041455,0.1
an0,an0,12730.0,an0_21,20.696405275833026,62,63.282261032946465,0.0,0.03029895361100867,157.54670273181432,10,,7,177.76752018475955,46,,6,155.95583420386114,10,0.4640292420988761,0.5,0.8802733982274257,0.0268261481864024,0.7,0.9455624081528048,1.0,0.9117560714345946,0.015474063944054945,0.2833333333333333,0.9702458274815404,1.0,0.9504097124692341,0.00734057006647329,0.0
an0,an0,12790.0,an0_21,24.534975658219743,63,64.0392774234882,0.0,0.052203455459956694,,8,,9,142.12334929715516,35,,3,,8,0.0,0.0,0.8898844071578315,0.04315664962895019,0.9333333333333333,0.4691387611817556,0.5,0.8914581133841741,0.02293201692190998,0.5833333333333334,0.9674440805742782,1.0,0.9481163663229902,0.010784453183505696,0.38333333333333336
an0,an0,12850.0,an0_21,22.404311704005426,62,62.18074075918037,0.0,0.037351748985779906,188.6652946222128,12,112.10572481783353,12,170.7978285912561,43,,8,187.15574457459948,12,0.47187723724841213,0.5,0.9054760051148503,0.02306524956850374,0.5166666666666667,0.4655299815539321,0.5,0.872884734268272,0.021127256458608894,0.5166666666666667,0.9649047606724926,1.0,0.9415829644788858,0.0090112035114116,0.11666666666666667
an0,an0,12910.0,an0_21,15.665331764489306,62,63.6528796296913,0.0,0.045124861498728096,,7,102.39376693404948,10,119.71001177263601,44,,5,,7,0.9360864377804461,1.0,0.9014351210103171,0.019090180418034716,0.45,0.9206985423776431,1.0,0.8703190617605767,0.01897139119133074,0.48333333333333334,0.9691195931460481,1.0,0.9485326552434137,0.007705638466417187,0.0
an0,an0,12970.0,an0_21,13.598868528545891,72,73.79697100336155,0.027027027027026973,0.09958603725874728,243.17674310142544,16,,6,115.23673953385203,43,,9,245.4248017893329,16,0.0,0.0,0.8848166662608137,0.03153319929043023,0.7833333333333333,0.4628912384641447,0.5,0.8807612908276279,0.02375629168820285,0.6666666666666666,0.9645180314391941,1.0,0.9408832213340372,0.006860260694345356,0.08333333333333333
an0,an0,13030.0,an0_21,9.94645962793087,75,84.15383320707386,0.12790697674418605,0.14214921359560867,196.34343301955337,14,,8,116.7125793214896,51,,6,195.13309067639727,14,0.0,0.0,0.8818259018842345,0.03222185039831558,0.9,0.47127738413494485,0.5,0.8896036028634818,0.020935628891168262,0.5666666666666667,0.9619603706840933,1.0,0.9366006178068221,0.006643540979170315,0.0
an0,an0,13090.0,an0_21,6.233261853270004,87,89.54568994228319,0.04395604395604391,0.11463823916821074,227.7010299626522,20,92.87788802149484,16,101.90610582005914,56,183.20655262703013,14,238.89328161335973,21,0.467970666499725,0.5,0.9103285003646387,0.028935296371262367,0.9166666666666666,0.9480009423375775,1.0,0.920206433793153,0.017359390682777816,0.3333333333333333,0.9712224359782492,1.0,0.952037393297082,0.007401590962503486,0.0
an0,an0,13150.0,an0_21,18.50272755260788,82,84.56492754204457,0.0,0.021269348840280505,217.75567667048824,10,161.91551536089224,16,70.5832460921588,57,,9,,9,0.9547551307883848,1.0,0.9319944735939334,0.018329008909666808,0.4166666666666667,0.9522369646689879,1.0,0.9203949411149799,0.011513085555514963,0.2,0.9699655157949412,1.0,0.9500804002528006,0.006884026301525165,0.08333333333333333
an0,an0,13210.0,an0_22,17.37949636763765,72,74.64093047386427,0.027027027027026973,0.03738664594856639,,7,107.74100324062736,17,79.76575678109694,46,,5,,9,0.47972021595776465,0.5,0.9308951505973142,0.02797628300768469,0.6333333333333333,0.9472253977653481,1.0,0.9127039435997109,0.017979699131204584,0.36666666666666664,0.974594481927195,1.0,0.9576574698786583,0.00870378430829357,0.03333333333333333
an0,an0,13270.0,an0_22,18.038269431755012,70,71.3331209191094,0.0,0.04375633391625265,200.98532511469173,13,195.32670402896318,23,89.83161796969691,57,168.58836780874495,13,200.35385363567795,13,0.9468454735691819,1.0,0.9142946361253103,0.019083253387670987,0.45,0.9355516118448404,1.0,0.9067224627273041,0.0169655157014093,0.45,0.9757550044159649,1.0,0.9595916740266082,0.008566030283423605,0.0
an0,an0,13330.0,an0_22,17.814228574701467,72,71.76599978110892,0.0,0.04507153700790337,235.36250298741302,11,118.76308241334165,12,107.656961255732,56,,6,233.00214591286493,11,0.0,0.0,0.9096479890159208,0.04259265926176756,0.7666666666666667,0.0,0.0,0.9042260869150501,0.03980800780215134,0.75,0.9749655109761699,1.0,0.9586930380788095,0.0093332614394196,0.06666666666666667
an0,an0,13390.0,an0_22,16.109758453237912,69,70.49824635625275,0.0,0.020102908935114173,120.98622479469937,35,79.58248190523345,48,90.00400863950759,55,122.80566861638832,34,119.22544142234467,35,0.9381832921944925,1.0,0.9023318330106828,0.007906556889314128,0.15,0.9614581457813147,1.0,0.9417066126128826,0.007191912299182614,0.16666666666666666,0.9804248424247862,1.0,0.9677810186699276,0.009185153440533129,0.13333333333333333
an0,an0,13450.0,an0_22,19.77647475324078,67,67.73079267601909,0.0,0.04596745015001057,210.90411060525184,14,195.73272101752195,14,136.39033944939777,42,211.9958019680657,10,210.42082377208553,14,0.47797249904980155,0.5,0.9270289074381476,0.02643998535278127,0.6833333333333333,0.48265189391129876,0.5,0.9428407965612075,0.024827815322698357,0.6833333333333333,0.9742723604588475,1.0,0.9604205538934305,0.01020664582226757,0.21666666666666667
an0,an0,13510.0,an0_22,24.9155194165571,67,68.52968420376543,0.02898550724637683,0.042843963404413814,,7,196.58070407414283,15,137.5576938619756,51,,5,,6,0.954217016988851,1.0,0.9236950283147517,0.015751029456162302,0.4,0.9601931422873833,1.0,0.9357969227534741,0.018667588274120565,0.45,0.964054980606678,1.0,0.9407249990962849,0.007551754414098102,0.1
an0,an0,13570.0,an0_22,21.635310090284918,67,69.21173600330683,0.0,0.01980117486344427,172.46584051873384,13,224.31385299195682,19,110.5643245629956,57,172.46584051873384,13,172.79564037710364,13,0.4735668000744098,0.5,0.910344812532574,0.02860711422738555,0.5666666666666667,0.4787886391386911,0.5,0.9291114427582906,0.02692601926569177,0.5666666666666667,0.9725209758277419,1.0,0.9542016263795698,0.008081696520154714,0.0
an0,an0,13630.0,an0_22,16.255971545147304,66,67.26280193293921,0.0,0.053939240359393625,143.26940722594966,11,113.97849910053887,14,91.40291126381041,51,,9,143.56183336806478,11,0.9468419695820837,1.0,0.9125409741003769,0.015412873346559258,0.38333333333333336,0.955173745545005,1.0,0.9259118700400502,0.017107888283749338,0.3333333333333333,0.9764733130460552,1.0,0.9607888550767589,0.008198810843217597,0.08333333333333333
an0,an0,13690.0,an0_22,15.633295130469698,67,71.51515584943375,0.0821917808219178,0.08484061439775618,,8,265.4526095005001,15,118.57540390228607,37,,4,,8,0.0,0.0,0.8961227358597187,0.03753789630582227,0.8833333333333333,0.47587327476886376,0.5,0.9238325477805336,0.02876665622614029,0.7333333333333333,0.9739378277791555,1.0,0.9565630462985925,0.008684583442643945,0.0
an0,an0,13750.0,an0_22,61.69638490535464,73,85.58566268974405,0.16091954022988508,0.19462916630830343,,8,242.1390305096513,14,97.33612302311231,45,,2,,8,0.0,0.0,0.8891105742782619,0.030842083959159848,0.9166666666666666,0.4752939959504865,0.5,0.9172274156182767,0.02255753650428391,0.6333333333333333,0.9601435396259557,1.0,0.9335725660432594,0.006623003232965609,0.0
an0,an0,13810.0,an0_23,32.075692937924366,90,93.04648136982706,0.021739130434782594,0.07816821881385697,131.47302479976642,11,216.12543829481294,21,83.76238136978972,43,,4,124.72191289246472,10,0.22718176161871598,0.25,0.8663194371875133,0.030046739697517144,0.9,0.4753425333447685,0.5,0.9174105060519995,0.020998775840757017,0.55,0.9681960111315036,1.0,0.9469933518858393,0.008974761275333901,0.0
an0,an0,13870.0,an0_23,22.087202805508756,82,93.85991876418981,0.12765957446808507,0.06674060810283731,155.70652009246612,10,381.5615189040076,10,114.44874154523447,34,,2,125.81732790041282,11,0.0,0.0,0.8414271435543889,0.05426104072717687,0.9833333333333333,0.4739921347019085,0.5,0.9136285995313224,0.02706248071994228,0.8166666666666667,0.971488976514204,1.0,0.954205987394667,0.013120274098703182,0.13333333333333333
an0,an0,13930.0,an0_23,15.261626483328401,87,90.87893562598644,0.011363636363636354,0.0801753519209605,,5,,8,80.88861940965491,16,,1,,4,0.0,0.0,0.8390904838508344,0.04772883242487555,0.95,0.0,0.0,0.9131056679105386,0.030241001186848013,0.8166666666666667,0.9670133950821803,1.0,0.9453062608712024,0.014466445564004973,0.08333333333333333
an0,an0,13990.0,an0_23,12.548073663092948,80,80.5163243492979,0.024390243902439046,0.13573950901730455,105.77573956289847,17,132.32139593775705,16,122.80500416804372,35,,7,148.9176637885355,18,0.22847826916536892,0.25,0.8657273806156403,0.028535306042723127,0.5666666666666667,0.9412274840414547,1.0,0.9020458067357578,0.01616623429076734,0.35,0.9589389434216672,1.0,0.9315649057027786,0.007612550963579179,0.08333333333333333
an0,an0,14050.0,an0_23,9.563336196174939,108,118.73711207606968,0.0357142857142857,0.20958097646707619,166.62967155696435,23,267.53988923064435,12,97.62499499839936,21,,1,166.3921982436786,23,0.0,0.0,0.9090216355727292,0.05285128954098614,1.0,0.0,0.0,0.9015448029766407,0.030084750319153454,0.85,0.9605657018318188,1.0,0.934276169719698,0.010912185636280908,0.0
an0,an0,14110.0,an0_23,5.534475296290946,109,114.17110823996619,0.0,0.021680034754645947,,6,225.85197493786353,16,91.42707460177262,43,,7,,6,0.2342817618905799,0.25,0.906210954916455,0.030119398750376367,0.8833333333333333,0.9406403593795701,1.0,0.9022359069346819,0.018500618377894573,0.43333333333333335,0.9445840410724362,1.0,0.9076400684540603,0.007918110463793895,0.0
an0,an0,14170.0,an0_23,41.70087629040945,77,91.26474686220571,0.15384615384615385,0.19855230530192663,81.83881197716236,16,184.96000940237053,13,106.0735419606913,27,,1,84.30104783848577,16,0.0,0.0,0.8984006488475641,0.045298527592851176,0.95,0.4715561953343673,0.5,0.9096188194670094,0.027408503700364125,0.8,0.9569387777300065,1.0,0.9304555654852206,0.009285212341759512,0.2
an0,an0,14230.0,an0_23,38.78400949344918,77,87.49340153923518,0.1444444444444445,0.1622678927906526,111.43277549653473,10,253.74260217732893,10,111.09754691511219,37,,4,121.10601416389966,10,0.0,0.0,0.9086295567310624,0.05154542759347552,1.0,0.0,0.0,0.9164112172206359,0.03218779524851199,0.8666666666666667,0.9686831670155175,1.0,0.9478052783591959,0.010021747113941434,0.08333333333333333
an0,an0,14290.0,an0_23,14.69237536795407,76,76.56493951043834,0.0,0.07094638238896019,,9,169.6710013464784,13,86.91832952228457,37,,4,,9,0.0,0.0,0.9086295567310624,0.042045151846426994,0.7833333333333333,0.47463995567700484,0.5,0.915493038274375,0.025750424312814414,0.65,0.968220719998295,1.0,0.9470345333304916,0.012384186490758486,0.0
an0,an0,14350.0,an0_23,19.933147791718778,69,69.32657322212465,0.0,0.03670884062652711,153.8002402107646,10,118.6883063427059,16,123.83688960408573,32,,8,158.49991237291655,10,0.0,0.0,0.9056174305901827,0.03510855478889793,0.6833333333333333,0.706215879439524,0.75,0.9027767187354044,0.019931191476802418,0.5,0.9697920891148502,1.0,0.9496534818580835,0.010702647335456707,0.0
an0,an0,14410.0,an0_24,13.981845287901953,68,68.62676134869348,0.0,0.02766388545285271,174.7044565413735,16,165.672899913127,11,156.71096775520445,34,,8,178.06365902863692,16,0.0,0.0,0.9006792990320284,0.032656360965313894,0.9,0.9454195274667204,1.0,0.9094485159668977,0.017696794626659823,0.45,0.9696463847053628,1.0,0.9494106411756047,0.010645376196618688,0.06666666666666667
an0,an0,14470.0,an0_24,15.246595243388997,67,67.63100971978305,0.0,0.046273386726369485,126.85064701343573,12,190.47270602387317,23,119.2214246455401,42,126.85064701343573,12,120.7551993986933,12,0.4733702946601804,0.5,0.9105505970792677,0.02257221901817516,0.6166666666666667,0.9440577771728891,1.0,0.9142522466838438,0.01410986029317874,0.31666666666666665,0.9684252152167022,1.0,0.9473753586945036,0.009335151339292629,0.0
an0,an0,14530.0,an0_24,14.426556386973743,69,70.21543265007314,0.0,0.06609953393233212,,9,131.72810983945303,11,132.54883260864517,42,,5,,7,0.0,0.0,0.9169969449314443,0.03569277471530336,0.75,0.4804678775123912,0.5,0.9303741352629207,0.022382791285322702,0.5666666666666667,0.9672273462819458,1.0,0.9456915317652324,0.009306356631221913,0.06666666666666667
an0,an0,14590.0,an0_24,15.519208940104738,69,70.66205636006636,0.0,0.057190739338525164,,8,,8,153.94292868777296,41,,7,,9,0.0,0.0,0.9170424840592345,0.030880233881387588,0.8333333333333334,0.47788908363997296,0.5,0.9302348564793435,0.026833743825568655,0.7333333333333333,0.9664606204451381,1.0,0.9441010340752302,0.008068910534636526,0.0
an0,an0,14650.0,an0_24,14.09647028678518,72,71.75351233441161,0.0,0.03993414610290879,,9,122.61726423951619,13,102.54395115788407,40,,6,,8,0.47163153191273294,0.5,0.9054384397091098,0.026438930178993427,0.7166666666666667,0.9520947081480241,1.0,0.9214443291026676,0.018220383661957662,0.43333333333333335,0.9689116830488491,1.0,0.9481861384147486,0.007738565761918821,0.0
an0,an0,14710.0,an0_24,15.93317459979504,77,78.13446159501288,0.0,0.050498800432678986,201.0561712168393,11,,7,134.1367042840919,25,,2,229.60440287194368,12,0.0,0.0,0.9017578103373891,0.03616481001115017,0.8833333333333333,0.47619595127791925,0.5,0.9206531709263974,0.02211565947556845,0.6166666666666667,0.9704344820792766,1.0,0.9507241367987943,0.010183875814537858,0.0
an0,an0,14770.0,an0_24,17.707355653513886,74,75.01791052612914,0.0,0.04705994333296008,240.3592097588713,12,221.21012470235925,16,148.1050173148977,27,,5,241.14311103574988,13,0.0,0.0,0.8996465209662413,0.041053842829110745,0.8333333333333334,0.4747145490304172,0.5,0.9125131061778933,0.02376916210814078,0.6833333333333333,0.9674048369308796,1.0,0.9456747282181327,0.008997643324463865,0.0
an0,an0,14830.0,an0_24,12.70905870860058,75,74.6435769202824,0.0,0.034658824785258946,249.55200745953405,10,250.09985576787852,12,115.79028164279015,28,,4,252.30052626888346,10,0.0,0.0,0.9068128940094289,0.04072313905211422,0.9833333333333333,0.4736564913154394,0.5,0.911530050744733,0.025195637333452058,0.5333333333333333,0.965707867159856,1.0,0.9428464452664267,0.009135096175630877,0.0
an0,an0,14890.0,an0_24,14.472376391653233,73,75.2083270659426,0.026666666666666616,0.08288957338413781,292.51768160314816,14,,8,132.80553680498645,34,,3,294.5661738374431,14,0.0,0.0,0.9173401829917172,0.04094339204041648,0.9333333333333333,0.4735443384442041,0.5,0.9092729511067956,0.02351972141878912,0.7,0.9696686270390497,1.0,0.9494477117317494,0.009183976720445738,0.06666666666666667
an0,an0,14950.0,an0_24,14.866357854720768,92,98.2252337350296,0.03157894736842104,0.12989643118165656,221.25610573025247,16,215.98418905529869,11,123.81809851506509,34,,4,223.36815648908717,16,0.0,0.0,0.9240858728513744,0.032327466121014885,0.8833333333333333,0.9367633976340823,1.0,0.9045764467004493,0.018134014396483957,0.43333333333333335,0.9614054730732924,1.0,0.9356757884554872,0.009306010935127673,0.0
an0,an0,15010.0,an0_25,6.24142967712967,90,92.57302082736774,0.0,0.0330221352113309,245.98641203092126,14,,8,74.90353371491074,53,202.64639857424962,12,248.9825449550785,14,0.7167921400329658,0.75,0.9279392798485409,0.019751408199287543,0.5,0.930674590562339,1.0,0.8844576509372317,0.010491843413805237,0.08333333333333333,0.9641286450088173,1.0,0.940214408348029,0.007247678140876524,0.0
an0,an0,15070.0,an0_25,8.422761787588865,78,78.75131908464282,0.0,0.032221285142825525,,9,,8,113.73623813888683,53,,4,,9,0.47845639289286346,0.5,0.9274200294903602,0.026635170960041706,0.6166666666666667,0.929071977893876,1.0,0.8845595607881009,0.014747233597698877,0.38333333333333336,0.9720396551421309,1.0,0.9539743111586367,0.00885684694542586,0.05
an0,an0,15130.0,an0_25,12.408840757689262,80,82.88683805352463,0.0,0.0827998442940117,239.95488523058398,12,196.87848769232158,17,146.11333921637498,38,,1,242.3933692462429,12,0.0,0.0,0.9275940001341989,0.042834423787103004,0.8833333333333333,0.46904672901644573,0.5,0.8961313163399731,0.024587751366275425,0.7,0.9650460996750149,1.0,0.9421058312226183,0.010159587018340282,0.1
an0,an0,15190.0,an0_25,14.408997205751374,72,73.1047591198085,0.0,0.03200813573507894,167.69094436248056,19,153.47957521830446,18,88.97214048748128,57,,3,165.22711641858305,19,0.943956747698837,1.0,0.9184355362844173,0.014542486827525462,0.4,0.9340193320897066,1.0,0.8939320630260886,0.012558793400582965,0.38333333333333336,0.9661168060519614,1.0,0.9435280100866023,0.008147412421076543,0.0
an0,an0,15250.0,an0_25,18.714445031239293,66,67.02528920014872,0.0,0.03094716577272231,129.29843062439627,12,257.89534653736,11,148.27510160704307,39,,7,112.29425630903836,11,0.46879850133815343,0.5,0.8901073571651499,0.02359424567586648,0.6,0.9316434049263684,1.0,0.892388779634281,0.018235272718816083,0.43333333333333335,0.9718808418443834,1.0,0.9531347364073057,0.00830199667715377,0.0
an0,an0,15310.0,an0_25,13.950834675020525,70,71.77411251318576,0.0,0.03346761776107088,79.54439765261075,13,,7,263.16260618041207,13,,0,80.77747210701756,13,0.0,0.0,0.869121028853634,0.056515171479354934,1.0,0.47128469394233247,0.5,0.9025533560012124,0.027192588051770997,0.6166666666666667,0.4853180201590077,0.5,0.9510600671966924,0.02465806503134211,0.7166666666666667
an0,an0,15370.0,an0_25,18.351562785468232,69,69.80737817452703,0.0,0.03468273240201593,95.59616878199384,12,119.14483787849184,20,201.54634948215593,16,,4,93.56572799131878,12,0.0,0.0,0.8671695400363598,0.07277712654951476,1.0,0.939611856878051,1.0,0.911314374946024,0.01731075830752324,0.4166666666666667,0.48146927961408237,0.5,0.9340891058063936,0.027248391391399007,0.6333333333333333
an0,an0,15430.0,an0_25,14.465653453587548,70,71.23369638777535,0.0,0.034594661334351705,,3,,9,90.361206108841,10,,0,,3,0.0,0.0,0.8833305202377757,0.057790252911765864,1.0,0.9343856427669722,1.0,0.8906427379449537,0.011080171982996927,0.3,0.0,0.0,0.9312000148902352,0.03649644389478507,0.8666666666666667
an0,an0,15490.0,an0_25,17.333192997508917,70,71.33833692504759,0.0,0.045283708826279453,,3,,5,234.54066115058717,12,,2,,3,0.0,0.0,0.8863288834359331,0.07691756970488453,1.0,0.9322671999576886,1.0,0.8881127366732106,0.017055440021666528,0.4166666666666667,0.0,0.0,0.9257446200200364,0.03277743266472957,0.7166666666666667
an0,an0,15550.0,an0_25,17.98221675167996,69,70.40766035345786,0.0,0.027605308786543985,,4,,8,185.4817594075403,13,,6,,8,0.0,0.0,0.89678160842973,0.047848545971195006,0.9,0.9323242128893128,1.0,0.8874515224534609,0.013828078952317115,0.13333333333333333,0.9548545151621216,1.0,0.925409220913759,0.017809723777935747,0.3
an0,an0,15610.0,an0_26,16.25305506731673,70,70.63647585201328,0.0,0.04055243716482678,,9,,7,199.4579599394397,17,,3,133.47908700117284,13,0.0,0.0,0.8971620202149689,0.06011856641441694,1.0,0.6995319983194364,0.75,0.8870835219628657,0.018942287363783526,0.5,0.4766308639219399,0.5,0.9205358523540517,0.02411804929484286,0.5333333333333333
an0,an0,15670.0,an0_26,43.34596338073041,68,70.02498724966927,0.02857142857142858,0.03940302517230481,,9,133.30942575373908,13,162.68574676066146,28,,9,,8,0.0,0.0,0.9144370838943875,0.03248509227829615,0.7833333333333333,0.937422246096502,1.0,0.897471992017309,0.01507094547258159,0.2,0.9546479286532745,1.0,0.9245252253260682,0.01181618468854203,0.03333333333333333
an0,an0,15730.0,an0_26,11.973966766080704,69,69.69895858145503,0.0,0.029290865539461936,,7,,6,138.00966578605568,34,,8,,8,0.47696495335180455,0.5,0.9270435177004208,0.029707049809954207,0.85,0.9372552660391426,1.0,0.8956767088022699,0.016501520713843143,0.3333333333333333,0.9558163064285378,1.0,0.926564733078724,0.010660074657898254,0.21666666666666667
an0,an0,15790.0,an0_26,11.315274994968169,73,74.02445027579675,0.026666666666666616,0.09096328768699564,144.40802742720595,13,142.45767600633178,17,206.72392677443426,19,217.91133876533365,11,156.87284949630674,12,0.0,0.0,0.9097321745113902,0.051279544224260135,0.5666666666666667,0.7060211357979822,0.75,0.9035003325964286,0.0203488107218876,0.5,0.957938988498316,1.0,0.9314419967672797,0.01590218639473072,0.38333333333333336
an0,an0,15850.0,an0_26,8.050913672775867,87,87.25800446747387,0.0,0.1443642007411502,148.02574469919077,12,190.05064885957228,10,153.8277965581111,37,,5,159.79153085609178,13,0.0,0.0,0.9095209683843815,0.03714475944450704,1.0,0.9536506992793685,1.0,0.9227511654656142,0.014127222209890199,0.16666666666666666,0.9544301159464124,1.0,0.9244504095802968,0.012346031002061482,0.03333333333333333
an0,an0,15910.0,an0_26,4.85469700595194,100,100.38102965861641,0.0,0.2750229098430901,,8,69.98622213737858,29,125.51434976339469,10,,0,,8,0.0,0.0,0.9094816331476742,0.06455238350803931,1.0,0.47103130226023815,0.5,0.9131307350193407,0.02506943824746242,0.9166666666666666,0.9420855051882262,1.0,0.9048072553489819,0.01790626831293545,0.2833333333333333
an0,an0,15970.0,an0_26,4.140411261376481,115,116.18450098758503,0.0,0.27203371163733797,159.95805692533574,20,77.36234895421859,36,115.64083506432752,21,,0,158.49622276754405,20,0.0,0.0,0.9104566988837026,0.05773799752557146,1.0,0.4681891541874803,0.5,0.8848160843935788,0.021950523566794417,0.7833333333333333,0.9431731938121926,1.0,0.9099267453546807,0.017677585656041654,0.36666666666666664
an0,an0,16030.0,an0_26,4.044245214122704,112,114.79639424540241,0.0,0.12944580235760045,111.28814157729998,13,100.5703600541858,15,87.51334331490355,24,,7,113.39459128782701,13,0.4719064066800964,0.5,0.9074815470745714,0.024492294928154495,0.8333333333333334,0.9699506455641611,1.0,0.9504667142334353,0.009496392815798555,0.18333333333333332,0.952930114824404,1.0,0.9277670008883355,0.010306814836753588,0.1
an0,an0,16090.0,an0_26,4.917881010492001,105,106.21724968136652,0.0,0.1475440188029009,193.00195817497553,11,,7,100.67485406400559,18,,0,141.30345596151096,10,0.0,0.0,0.9184481515471971,0.04963740200078122,1.0,0.9638541153538243,1.0,0.9409464927408768,0.01754175702801968,0.31666666666666665,0.48036134885844195,0.5,0.9343467123691167,0.02091203278555906,0.5333333333333333
an0,an0,16150.0,an0_26,8.10536561351689,86,85.24658640696963,0.0,0.018105518883821156,102.26121831287428,10,147.57838003992433,19,,9,,2,,9,0.0,0.0,0.9178541591145878,0.04198694347542064,0.9833333333333333,0.9542462808837902,1.0,0.9237438014729835,0.010902445737741837,0.0,0.9582605588632417,1.0,0.9304699841771662,0.01799104997486286,0.4
an0,an0,16210.0,an0_27,11.362148728152444,79,79.75234239286148,0.0,0.051700243638275745,,6,96.93745886389628,25,,3,,3,,6,0.0,0.0,0.9153921664874535,0.045051472268823896,0.8833333333333333,0.9459680760833159,1.0,0.9106187732110387,0.012708480971170747,0.15,0.4787819525100834,0.5,0.9318050752157818,0.02519239854929873,0.6833333333333333
an0,an0,16270.0,an0_27,15.63277566880835,82,82.52833816807623,0.0,0.11299550208575049,125.13556017431212,10,154.31494082407724,14,,7,,4,,9,0.0,0.0,0.9107600505716389,0.03921071230578649,0.8666666666666667,0.9542829084364098,1.0,0.9238048473940164,0.011312418121101767,0.08333333333333333,0.9490877345001264,1.0,0.9239119193630612,0.018547502247926506,0.43333333333333335
an0,an0,16330.0,an0_27,13.560159752585932,75,75.85114465700438,0.0,0.03072222134280733,178.51177854171135,11,127.06396832356116,22,97.2363130120729,12,211.09818982295369,10,175.44229820656136,11,0.4703227917750425,0.5,0.901075972583475,0.024577285815416357,0.75,0.9618539982961152,1.0,0.9364233304935252,0.007154165947025226,0.0,0.9404304779643069,1.0,0.9060114962069195,0.012962814657658184,0.25
an0,an0,16390.0,an0_27,15.780918590691062,74,74.2202696793869,0.0,0.06743062159339251,197.45978715326734,12,197.46411020666903,14,95.42188209413166,12,,8,198.65456542359243,12,0.46640470603152345,0.5,0.8888209969047436,0.029426799014921748,0.7833333333333333,0.9579362301719757,1.0,0.9298937169532928,0.008465535877559383,0.0,0.9330797544859283,1.0,0.8901423026298442,0.014920215988446828,0.4166666666666667
an0,an0,16450.0,an0_27,9.81654734049058,77,78.21217398582843,0.0,0.07539415830724495,231.01761972845276,11,145.97941238162906,15,,8,,0,232.85188425262956,11,0.0,0.0,0.8772137525033907,0.050091637337668055,0.9833333333333333,0.955011404251656,1.0,0.9256162195652433,0.015208375932551636,0.2833333333333333,0.0,0.0,0.8821724709101857,0.03268413730289862,0.8166666666666667
an0,an0,16510.0,an0_27,11.08165156753818,74,74.93457275123487,0.0,0.020578082030999163,194.87255137473022,17,115.73316309106262,21,251.03950552320114,16,173.05466381079324,16,200.76416512913852,17,0.46482176936791364,0.5,0.8827392312263788,0.02512523010935437,0.6833333333333333,0.9626005432171872,1.0,0.9376675720286454,0.007343249062307015,0.0,0.9338909289316576,1.0,0.8943433413119019,0.012528615514834874,0.23333333333333334
an0,an0,16570.0,an0_27,10.076328117996628,79,80.65144863433135,0.0,0.11860923781235248,,8,119.44932618663995,14,,7,,4,,8,0.0,0.0,0.9022007056023486,0.03373294517838215,0.9333333333333333,0.9629367622529799,1.0,0.9388623235885647,0.009329715191328495,0.16666666666666666,0.9515590761999324,1.0,0.9262626294383858,0.017497620111172656,0.35
an0,an0,16630.0,an0_27,9.977482093706826,91,90.91625400783084,0.0,0.09706539180117804,136.35954086957287,15,,9,97.33453953661852,10,,7,134.61054936371073,16,0.23473435895378186,0.25,0.8997349262065212,0.029878480449576333,0.9166666666666666,0.9615774628996933,1.0,0.9359624381661554,0.009908923878092904,0.21666666666666667,0.9524772447829244,1.0,0.9239945829112686,0.019302711899134392,0.48333333333333334
an0,an0,16690.0,an0_27,8.078815239386785,84,84.49817589554445,0.0,0.10671695839777273,100.09964111345089,13,122.07087053443878,15,80.81312838116094,21,151.0461565424622,11,101.89864245088515,13,0.4660797422669388,0.5,0.8721374582807084,0.022863071652199654,0.5166666666666667,0.9598833903442239,1.0,0.9331389839070399,0.007395214831221981,0.08333333333333333,0.9477832032662596,1.0,0.9158817463020003,0.009647585326024543,0.21666666666666667
an0,an0,16750.0,an0_27,21.747077993869006,88,91.317181860455,0.022222222222222254,0.23075968089884116,112.89486416623936,23,147.3811093941486,26,,7,,0,109.83458637258286,23,0.0,0.0,0.8892947599296057,0.0553068151044525,1.0,0.9476244041863785,1.0,0.9144625043305441,0.01836854370152242,0.36666666666666664,0.47393907911003264,0.5,0.912303085542484,0.022561271101942608,0.75
an0,an0,16810.0,an0_28,3.8021708636459373,95,99.14766061119653,0.020618556701030966,0.137755522090512,,4,103.21535298059631,12,,8,,1,,4,0.0,0.0,0.9186763426814996,0.03314239299572634,0.9166666666666666,0.9436748898909225,1.0,0.9061248164848709,0.011002740182374128,0.0,0.9488067371900485,1.0,0.9146778953167475,0.014515941513221442,0.0
an0,an0,16870.0,an0_28,6.534819744186794,95,96.0367244435616,0.0,0.04472036734824947,136.4554224289671,15,95.68319307746789,12,,9,,9,130.50198937475716,14,0.0,0.0,0.9256115970850809,0.030753303829161874,0.7666666666666667,0.945713628917185,1.0,0.9095227148619749,0.010186798439768573,0.0,0.9468256565042792,1.0,0.9126352579034767,0.01618615725097103,0.31666666666666665
an0,an0,16930.0,an0_28,7.488224774825529,84,85.2073627681148,0.0,0.03617267050754045,,9,,6,102.45997694221876,10,,6,,9,0.0,0.0,0.9291291774985442,0.03248329037634798,0.75,0.9458514369882292,1.0,0.9099216710182767,0.010923577630188676,0.15,0.9501721604098841,1.0,0.9202222324365696,0.015039914342401206,0.38333333333333336
an0,an0,16990.0,an0_28,7.0916270554429435,80,81.65203847719391,0.0,0.045674461279125646,212.3793315479404,17,212.65141905936233,20,92.19081032192146,13,139.99226338201044,12,169.50909513454826,16,0.4691149773025484,0.5,0.9014404929963753,0.02536764797394342,0.65,0.9338330883411329,1.0,0.8949437609547034,0.007744407614867622,0.13333333333333333,0.9587228453796368,1.0,0.931228598806433,0.01525761587422833,0.2833333333333333
an0,an0,17050.0,an0_28,6.64162612876401,81,81.69656534037266,0.0,0.0635836513041959,186.47781953700635,20,126.60375270762229,19,210.0404101047061,17,179.24348825437767,19,187.6587047639523,20,0.4688119668483469,0.5,0.8932179418774988,0.021822991364614037,0.5666666666666667,0.9377708734339101,1.0,0.8962847890565169,0.007248922970955706,0.0,0.9504322186694951,1.0,0.9173870311158252,0.0113886463997987,0.08333333333333333
an0,an0,17110.0,an0_28,9.233054896502706,81,83.52672089398726,0.02409638554216864,0.0789590029936628,211.4366988671572,12,162.6051342593462,11,250.36594310878226,11,172.30848114242986,10,198.26520347527176,12,0.47046917770952495,0.5,0.9026625457126842,0.026648640024893762,0.7833333333333333,0.9507717287031248,1.0,0.9179528811718747,0.009007288035776523,0.0,0.9277509732555613,1.0,0.8798530154366444,0.014209654502767836,0.2
an0,an0,17170.0,an0_28,7.971032675112129,79,80.31311406072203,0.0,0.0339037627317018,196.87848769232158,17,141.38885678698097,18,171.3689008551098,14,195.35155859453104,13,210.838661484251,18,0.47301103439123277,0.5,0.912294093323951,0.02769563628816341,0.8,0.9518118075953846,1.0,0.9196863459923078,0.0099575800245455,0.0,0.9281331713947757,1.0,0.8809637498965402,0.015881510243823362,0.36666666666666664
an0,an0,17230.0,an0_28,10.154797190137794,78,78.5652415586403,0.0,0.06660734119725543,154.46023569100956,10,,9,,6,,7,151.32745950421557,10,0.0,0.0,0.9238332542402876,0.03827661971947406,0.85,0.9534124764045628,1.0,0.922354127340938,0.013728749926693398,0.1,0.46942322606335696,0.5,0.8986982797609497,0.02561503653298955,0.55
an0,an0,17290.0,an0_28,11.003957443274846,86,88.65700157607343,0.022727272727272707,0.08006575656325762,198.24192024133598,10,190.40715010865532,13,,8,,4,198.35434062415786,10,0.0,0.0,0.9241149134283266,0.03218202663805282,0.9833333333333333,0.9502357892029355,1.0,0.9170596486715592,0.011909356529381429,0.08333333333333333,0.9390928569105801,1.0,0.8986982797609497,0.016820596552650117,0.3
an0,an0,17350.0,an0_28,7.095186098110742,90,93.22184001280408,0.021739130434782594,0.12623268589111294,295.60200520279074,15,233.73393229647002,13,,9,,4,296.4793416074719,15,0.0,0.0,0.907561962990179,0.03556085794481286,0.9166666666666666,0.9243412466164902,1.0,0.8739020776941504,0.012498839938068424,0.016666666666666666,0.9445357317107257,1.0,0.9078644378760558,0.015614048348221872,0.03333333333333333
an0,an0,17410.0,an0_29,4.787588487430695,112,115.8360418051933,0.0,0.13509900028070365,201.6832093739074,17,,6,,3,,1,204.22108118409324,17,0.0,0.0,0.893087719408806,0.05083379046899769,1.0,0.927979686580299,1.0,0.8823179244187999,0.01861136657524214,0.31666666666666665,0.47177000890205745,0.5,0.9072467647432048,0.02816304331855112,0.7333333333333333
an0,an0,17470.0,an0_29,6.520302039457934,119,120.35987602855361,0.0,0.10683895117571421,,7,241.73150310074638,14,,8,,2,,7,0.0,0.0,0.8969894598783191,0.04363556023491992,0.9166666666666666,0.9322643637738216,1.0,0.8893727328740366,0.014262295139630682,0.2833333333333333,0.9423197529430437,1.0,0.9051872829569371,0.018105586734416805,0.45
an0,an0,17530.0,an0_29,7.5039694909920165,107,106.30080292529092,0.0,0.06731284999482422,232.62366502841022,16,,8,150.86604863481318,12,,0,221.02036105300343,15,0.0,0.0,0.8924887296185491,0.047034359430059805,1.0,0.9429274468127103,1.0,0.904879078021184,0.015279257036510304,0.16666666666666666,0.4725922239374377,0.5,0.9083822755795,0.023167246518150206,0.6666666666666666
an0,an0,17590.0,an0_29,5.196986874273508,104,105.31655523588228,0.0,0.11985108538997738,247.66980443980248,11,,4,175.70310763116856,11,,0,266.2193217494314,12,0.0,0.0,0.8927750670341584,0.14194513537847084,1.0,0.0,0.0,0.9178986933264442,0.06137150644285004,1.0,0.0,0.0,0.9208165770070318,0.05636734757609005,1.0
an0,an0,17650.0,an0_29,4.393424182104927,114,116.47929677577794,0.0,0.14013302785266576,279.04408358884353,13,,8,172.61912779657416,11,,1,,7,0.0,0.0,0.8916950723570767,0.13252372593974093,1.0,0.0,0.0,0.9294992856489397,0.0702467194936353,0.95,0.0,0.0,0.9207395299436137,0.04670741209043697,0.9333333333333333
an0,an0,17710.0,an0_29,5.739858820661042,104,105.34715839233796,0.0,0.06809978123382585,208.66835042418387,16,,9,,5,,0,165.22711641858305,15,0.0,0.0,0.8935735574236965,0.07524472846294289,1.0,0.477425512132471,0.5,0.9299160256249743,0.02785967264432694,0.6833333333333333,0.2365625856490041,0.25,0.9131243362774664,0.029756966839267998,0.7
an0,an0,17770.0,an0_29,7.914925799564689,91,91.49661005080641,0.0,0.07838572746659177,,9,,6,,8,,0,,9,0.0,0.0,0.9102317831962229,0.052419672661423014,0.9833333333333333,0.4736476490709992,0.5,0.9182404633574569,0.028733617905845957,0.9333333333333333,0.46910498321405103,0.5,0.8939824329982523,0.021812715765351605,0.65
an0,an0,17830.0,an0_29,8.719717018542054,86,88.239511447212,0.022727272727272707,0.09121309663239915,176.59068444210405,14,202.0705805683994,11,,8,,2,175.89332431465823,14,0.0,0.0,0.9227074105671453,0.05136902591676939,1.0,0.46592147371589177,0.5,0.9050221541953261,0.02825459449789073,0.8166666666666667,0.9258260953011659,1.0,0.8856994923918917,0.016926138672916397,0.35
an0,an0,17890.0,an0_29,8.35163891645926,87,88.98591649594687,0.022471910112359605,0.09786211282306631,248.5922277608956,11,,8,,7,,2,244.9693858423946,11,0.0,0.0,0.9208566536372748,0.05118110087521026,0.9666666666666667,0.0,0.0,0.8767988089566956,0.030459374862193432,0.8833333333333333,0.9238521037505878,1.0,0.873589300215697,0.017406620539065158,0.4
an0,an0,17950.0,an0_29,11.92666963544969,79,82.115739397577,0.0,0.0728266287280789,,6,,5,,6,,1,,6,0.0,0.0,0.9201643688821185,0.07319214145653696,0.9333333333333333,0.0,0.0,0.8613328013853534,0.05032410571175717,0.9,0.9230402791843253,1.0,0.8743027184273279,0.017563078411220734,0.2833333333333333
an0,an0,18010.0,an0_30,11.117356131975573,73,74.02910824531438,0.0,0.02927924085761976,259.56061950701155,12,139.4384742732037,10,,7,,6,263.81811916545837,12,0.0,0.0,0.9115361103439283,0.05522164051351092,0.8666666666666667,0.0,0.0,0.8591054412609077,0.0321067004749295,0.75,0.9251089269849027,1.0,0.876951453608325,0.01659529165223378,0.4
an0,an0,18070.0,an0_30,12.29643602295402,75,75.78522971153515,0.0,0.047772235529590264,,7,,7,,2,,2,,7,0.0,0.0,0.9083786075160365,0.06447907945380492,0.9833333333333333,0.0,0.0,0.8692665163630695,0.030505099919329356,0.8666666666666667,0.46415932482626465,0.5,0.8805310827542155,0.022991314224946855,0.7833333333333333
an0,an0,18130.0,an0_30,19.314560637088675,83,86.21953217305088,0.02352941176470591,0.13591512275503184,256.2582281106927,12,,9,,5,,0,256.1072218640253,12,0.0,0.0,0.9015337034913854,0.06345138198727801,1.0,0.0,0.0,0.894455198103173,0.03715635718164131,1.0,0.4680707493785806,0.5,0.8817740203531839,0.02216111907657472,0.5833333333333334
an0,an0,18190.0,an0_30,19.30600127945018,90,96.02465913242915,0.052631578947368474,0.1428291348728246,231.06751903003254,19,95.57681928907587,16,142.89369220380098,14,,3,231.58024908162156,18,0.0,0.0,0.9074699794335102,0.03904269031488003,0.8666666666666667,0.23404268879546192,0.25,0.9140485442102717,0.03018555348129052,0.7833333333333333,0.9453743569041365,1.0,0.9142379910908847,0.011660778219256693,0.18333333333333332
an0,an0,18250.0,an0_30,11.594145457814227,90,92.97064451894835,0.0,0.03670234042367731,190.5236783632036,12,,7,122.0184785783831,31,257.2846697306489,12,252.20842751401253,12,0.9447592972624927,1.0,0.9108977971181452,0.018541730156457235,0.2833333333333333,0.9484723934161883,1.0,0.9141206556936471,0.0110311525064731,0.0,0.9547239934300913,1.0,0.9245399890501522,0.005807616013720237,0.0
an0,an0,18310.0,an0_30,12.924650881988612,82,84.43046025850107,0.023809523809523836,0.12359315252737017,144.33051939255606,11,81.01280422580996,18,145.77335663602662,20,,6,198.2422760159901,12,0.0,0.0,0.9105430415609868,0.031109896388729606,0.6333333333333333,0.9456109013567036,1.0,0.9114434621588531,0.01953071216346902,0.43333333333333335,0.9504792190775161,1.0,0.9174653651291934,0.008115668196355112,0.0
an0,an0,18370.0,an0_30,10.108818624922005,82,85.35360576309328,0.023809523809523836,0.04928833210219872,162.82337797371952,12,96.31896879639025,18,126.60910921595782,31,162.82337797371952,12,165.0068869086158,12,0.47233699011046487,0.5,0.9074227754746438,0.02248464676339139,0.65,0.9516036468442288,1.0,0.9194775224906164,0.014895257122883719,0.23333333333333334,0.9510010982341812,1.0,0.9183351637236354,0.007039257889944871,0.016666666666666666
an0,an0,18430.0,an0_30,11.348173024129007,75,76.88305830538353,0.0,0.034641695303813294,104.26834230499327,25,85.90521087618502,34,164.01104182876017,48,97.94454727565291,24,99.89577902327338,25,0.9490657358113368,1.0,0.9201743026610606,0.013129319203241657,0.23333333333333334,0.9515875876551089,1.0,0.9208845081843249,0.00874717597311351,0.21666666666666667,0.9600417520624945,1.0,0.9334029201041576,0.00536590132483671,0.08333333333333333
an0,an0,18490.0,an0_30,12.984880728530866,71,71.86162325794376,0.0,0.04569535834364827,148.56308649325638,37,83.53653610596584,40,151.2461860464741,44,145.72234828665975,36,146.2114146630754,37,0.9593939282819814,1.0,0.9369618961367413,0.01392606635493259,0.3333333333333333,0.9749823722126314,1.0,0.9585872300289683,0.00980174127365626,0.18333333333333332,0.964118834071094,1.0,0.9403546471336106,0.0058583735945216256,0.05
an0,an0,18550.0,an0_30,15.688984886944347,71,71.27177352681014,0.0,0.046197883510164274,,6,152.59394519237978,11,153.30136816589112,23,,6,,6,0.4830526283400467,0.5,0.943508761133489,0.0240421760059679,0.75,0.9726233280165097,1.0,0.9544272730706137,0.01574970469458254,0.31666666666666665,0.9655196088265644,1.0,0.9425326813776074,0.009135289212154132,0.1
an0,an0,18610.0,an0_31,16.20752617518281,69,70.42360975006369,0.0,0.03984524784378424,209.82283459175366,20,82.07601842758898,28,173.58087619866583,30,158.57643070456592,16,192.71092340601766,17,0.9539332352578049,1.0,0.9243924467038505,0.01860256553974662,0.4,0.9751143778144644,1.0,0.9585239630241074,0.01168228616460354,0.0,0.9647598742248187,1.0,0.9412664570413645,0.007152027577812399,0.0
an0,an0,18670.0,an0_31,16.396622446284898,70,70.46020495704553,0.0,0.044785732155304174,,8,,6,225.90222526192494,20,,7,,8,0.47720956012992677,0.5,0.9240318670997559,0.02351875471067763,0.6833333333333333,0.9761974871729584,1.0,0.9606743982931186,0.014833757984639932,0.2,0.9614466029260378,1.0,0.9360763162190403,0.008809457562962319,0.08333333333333333
an0,an0,18730.0,an0_31,14.522504526748031,70,71.40154084505613,0.0,0.015110342206094576,188.72027056757264,24,38.0288590273704,37,128.86625352066656,38,188.72027056757264,24,193.45823052153077,24,0.9501362676302093,1.0,0.9172965395660903,0.011436216220239829,0.3,0.9751142312347564,1.0,0.9587427553518819,0.0071531739771015235,0.25,0.9634528396398112,1.0,0.9392377345996286,0.00590173524223161,0.06666666666666667
an0,an0,18790.0,an0_31,16.38290503495577,73,74.1497800843097,0.0,0.0376766962684376,123.34987848523171,22,99.36465216194694,18,127.33016926560781,31,104.9773144309707,19,143.55866713330445,23,0.47715256250273774,0.5,0.9220108728581237,0.02046181127672686,0.5333333333333333,0.9822013963080183,1.0,0.9704187090585314,0.012556397912624213,0.25,0.9687348024529174,1.0,0.947891337421529,0.008432623067011877,0.0
an0,an0,18850.0,an0_31,11.969994559104592,77,78.57938941167173,0.0,0.06123360362761361,156.51020001371583,13,,8,171.21959367977843,20,,6,161.47755261955143,13,0.0,0.0,0.9265018614607486,0.04107065017644483,0.85,0.4895705577981628,0.5,0.9652351926605426,0.022974610009528558,0.55,0.9674915582214614,1.0,0.9499055794712961,0.011362810321144967,0.36666666666666664
an0,an0,18910.0,an0_31,10.605198299498294,80,80.03649664240105,0.0,0.07633084757997527,134.36591539058557,11,230.86093296247327,15,,7,,3,134.12680567284082,11,0.0,0.0,0.9302053654552358,0.04184422302512808,1.0,0.9723344427522499,1.0,0.9558122550153292,0.014211192997522794,0.2833333333333333,0.962290300085319,1.0,0.9392142481241879,0.017695750467779565,0.45
an0,an0,18970.0,an0_31,16.427308773488395,82,84.99209573501031,0.03529411764705881,0.13677622362062414,141.56880253881053,12,164.8172125163712,16,109.60726825903625,13,,5,139.3165134113358,12,0.0,0.0,0.9321639085957589,0.049140211480956014,1.0,0.9333580179872252,1.0,0.896206802562196,0.018395682800234466,0.2833333333333333,0.960714487823808,1.0,0.9351965070505015,0.01783263555830357,0.3333333333333333
an0,an0,19030.0,an0_31,26.537226670365623,93,100.29922602428769,0.03125,0.2486872409093001,163.75050772306267,38,134.1002776180454,20,156.74833725637694,19,,0,163.17865279279863,34,0.0,0.0,0.9159252338669409,0.05195565938828318,1.0,0.93325880197559,1.0,0.891015419246707,0.019958379854405437,0.4666666666666667,0.47882123590688086,0.5,0.9269753077412115,0.02033661438680199,0.5333333333333333
an0,an0,19090.0,an0_31,17.205589688275005,99,101.1302996493467,0.01980198019801982,0.21300144375745866,148.05151295505647,33,48.75428444491941,19,116.11196255004143,19,,0,100.08691874739588,24,0.0,0.0,0.8984980700988952,0.049258481821848166,1.0,0.9515078697758629,1.0,0.9265280278103989,0.018633011069224797,0.35,0.9378539277814726,1.0,0.9083684470049396,0.01904550567533851,0.45
an0,an0,19150.0,an0_31,32.61743863220159,70,98.18255901378046,0.27835051546391754,0.28310537941132935,143.56395283159202,39,178.44338322175187,11,102.69797953221865,21,,2,160.1361600126272,40,0.0,0.0,0.9164757183107136,0.05222046961321164,1.0,0.9640034532959253,1.0,0.9487288641305168,0.019623408484033496,0.48333333333333334,0.4687469953790051,0.5,0.8906089636612593,0.02165033421979644,0.5833333333333334
an0,an0,19210.0,an0_32,53.57108404436194,74,101.25710698355331,0.24489795918367352,0.2910619504929967,131.28993177567642,18,116.4909856580471,19,172.46071149937183,24,,0,149.81655449248592,21,0.0,0.0,0.9218624792362137,0.06271029064822772,1.0,0.48621099353986175,0.5,0.9533334176613897,0.02316961846011429,0.7666666666666667,0.4688109892748203,0.5,0.8960366309160677,0.025593637787588455,0.75
an0,an0,19270.0,an0_32,6.970119662585203,97,98.51731441807036,0.0,0.1187641630255684,110.58896614759426,17,126.80064675646234,15,113.34272601010694,24,,9,112.41663577958558,17,0.0,0.0,0.9224581837576853,0.036005233899673444,0.65,0.9711661474393483,1.0,0.9519435790655805,0.01361078502062895,0.13333333333333333,0.9475001228979527,1.0,0.9125408154183143,0.01482905168716743,0.21666666666666667
an0,an0,19330.0,an0_32,5.604116673459199,84,84.03790950072434,0.0,0.02798660089794648,82.57029132357025,55,,4,93.55215358744134,57,68.34410627996789,54,82.37223552378062,55,0.9603418608606001,1.0,0.9339031014343335,0.006259015099620223,0.16666666666666666,0.9680758846299348,1.0,0.9467931410498913,0.002340762528250621,0.0,0.9596019504116124,1.0,0.9326699173526873,0.005402033330327538,0.016666666666666666
an0,an0,19390.0,an0_32,12.991886363377912,79,79.13959433052354,0.0,0.05002833017142755,114.04027048928475,14,220.99848875331705,11,145.88680195403217,21,98.32582951595171,11,118.71102599298723,14,0.4875333232570388,0.5,0.9598628082082352,0.028544158054167233,0.7833333333333333,0.9657224225099653,1.0,0.9429451531739624,0.011334862291209391,0.08333333333333333,0.9737654331235426,1.0,0.956275721872571,0.01295298898792956,0.0
an0,an0,19450.0,an0_32,13.22537222359852,89,92.74530747388204,0.0,0.10154090222714904,144.29057476244864,10,181.8460220226069,15,159.2645399481499,13,,5,139.71399357258383,11,0.0,0.0,0.9559377195503326,0.03613202727642341,0.95,0.9622671820649422,1.0,0.9396943360088783,0.01413980407043202,0.2833333333333333,0.9599393652858702,1.0,0.9441091155934194,0.016944649919862054,0.2833333333333333
an0,an0,19510.0,an0_32,13.826117522368705,97,97.47807961678377,0.0,0.06270987445057276,,7,,5,,6,,0,,7,0.0,0.0,0.9321723745256036,0.035551052345746306,0.95,0.9502691924910678,1.0,0.9203746339458487,0.01630149893378894,0.4,0.9583931214565004,1.0,0.9307290187188494,0.01776712522437293,0.31666666666666665
an0,an0,19570.0,an0_32,19.409514953869643,86,87.88285800920421,0.0,0.07334227972668025,,8,120.3480061244265,11,153.1544320223118,14,,4,,8,0.0,0.0,0.9087973813818755,0.05578493593182299,0.9166666666666666,0.4681365845589499,0.5,0.9055787133681167,0.026448319569478122,0.6,0.4784767201530106,0.5,0.9262833162984606,0.021762695066797937,0.55
an0,an0,19630.0,an0_32,9.921014038795189,83,82.44748095454896,0.0,0.07223247103296691,,6,201.79580401952455,12,,9,,0,,6,0.0,0.0,0.8876981233490601,0.055935087187549255,1.0,0.4660526573108681,0.5,0.8869915622463833,0.026713699892551096,0.75,0.47351690597273605,0.5,0.9086988615953753,0.022127382374733905,0.6166666666666667
an0,an0,19690.0,an0_32,18.30109849005409,84,85.1210527773241,0.0,0.07107374856122023,297.8381390811898,14,316.3733673990777,12,171.21677939639852,11,,4,296.73868327848015,14,0.0,0.0,0.8779857831313518,0.04950725312620012,1.0,0.9353036094732776,1.0,0.895204378944998,0.018712755072592922,0.4166666666666667,0.47111566844892205,0.5,0.9037188948297402,0.022999944715078154,0.6333333333333333
an0,an0,19750.0,an0_32,17.31982429553661,85,86.9113026700385,0.0,0.06707423670543625,288.32253261321773,11,264.1041017525097,11,,6,,5,288.79058156387305,11,0.0,0.0,0.8860636045139463,0.04433900160336075,1.0,0.9386044954295008,1.0,0.8984948948164753,0.01864821695654783,0.38333333333333336,0.9424308414587174,1.0,0.9040514024311956,0.013520029790156018,0.21666666666666667
an0,an0,19810.0,an0_33,10.11581848239824,81,81.33156030517213,0.0,0.03256453422212833,,5,,7,115.67099109458503,15,,2,,5,0.0,0.0,0.8930671216014049,0.04663910240170141,0.9833333333333333,0.697233008154994,0.75,0.8838227711393561,0.02007982114123804,0.5,0.9414134507577653,1.0,0.9063461385488591,0.019482604511874606,0.48333333333333334
an0,an0,19870.0,an0_33,11.370584101921477,72,73.313559037348,0.0,0.018686862390425083,,7,,7,191.83284276872962,15,,3,,7,0.0,0.0,0.9063832097006552,0.05038643924042105,0.9,0.4646514787538597,0.5,0.8821715958461991,0.023537802437425856,0.55,0.9493963555538291,1.0,0.9202165093808445,0.017032597949217333,0.38333333333333336
an0,an0,19930.0,an0_33,16.588151140196526,71,72.82834964901895,0.0,0.04356192969092185,,9,314.79194242211616,10,123.89649630588833,11,,2,,9,0.0,0.0,0.9111477466557792,0.056538540490505926,0.9666666666666667,0.46588350398982414,0.5,0.8877862035540063,0.025643468338707138,0.65,0.9519284595439799,1.0,0.9209227990628922,0.01669692980427569,0.36666666666666664
an0,an0,19990.0,an0_33,10.898799281216684,74,73.59579228316795,0.0,0.0259600218529621,195.14315575233266,13,146.82512451041885,11,95.47793751092074,15,,5,202.77245046274572,13,0.0,0.0,0.9101948753831517,0.030715740912926105,0.7666666666666667,0.9410878039476901,1.0,0.9022308560178462,0.0163675887452853,0.38333333333333336,0.9539770790152383,1.0,0.9232951316920638,0.009968346789041608,0.08333333333333333
an0,an0,20050.0,an0_33,13.744232473497624,71,73.3675715336444,0.0,0.01919476882396554,,8,207.25224054503607,21,108.34710449330584,25,,9,,7,0.7083499831504455,0.75,0.9071883713127578,0.02034270589151351,0.5,0.9308132524913844,1.0,0.8904433229010282,0.011709110263359686,0.26666666666666666,0.956189893883783,1.0,0.927274438978603,0.006934087047239071,0.1
an0,an0,20110.0,an0_33,15.311964646456286,69,70.48888742687272,0.0,0.04334089745753341,238.24922940588917,23,125.11092379501044,23,141.86949328520208,26,197.2117478582439,15,217.68545316979527,24,0.0,0.0,0.9123733584602016,0.032514974691946155,0.6333333333333333,0.9327169559258051,1.0,0.9056568595814218,0.01643119606536921,0.45,0.9590438786508021,1.0,0.9324431095580608,0.009516384154241437,0.11666666666666667
an0,an0,20170.0,an0_33,26.091856381615152,65,81.55786394521986,0.1558441558441559,0.15541043473244612,91.44296805249706,19,114.30272849240662,18,284.9064259532929,13,,2,103.54251605779602,20,0.0,0.0,0.8819350045727465,0.0469979654279926,0.9666666666666667,0.47793117132840784,0.5,0.916554248404567,0.0233670066050944,0.6166666666666667,0.9624549075533748,1.0,0.9374248459222914,0.016314401657894037,0.08333333333333333
an0,an0,20230.0,an0_33,8.220215988058476,84,84.2714383025682,0.0,0.05707849948223739,135.06565083218686,10,,8,175.52064014578883,13,,3,140.94916341243984,10,0.0,0.0,0.8832102984802508,0.04326856505869639,0.9166666666666666,0.4712995569836266,0.5,0.9043318566120885,0.0228103115401731,0.7166666666666667,0.9555768581050849,1.0,0.9259614301751415,0.016501148423500984,0.3
an0,an0,20290.0,an0_33,12.227585924834136,80,80.28211133914806,0.0,0.05289255140666324,,9,,5,118.65401822806788,10,,0,,9,0.0,0.0,0.8926713486454387,0.0723855534660997,1.0,0.23208016653164973,0.25,0.8817911691991426,0.02992322543540872,0.85,0.4729204730249009,0.5,0.920912933452484,0.02981906002247666,0.7166666666666667
an0,an0,20350.0,an0_33,9.260658972257422,76,77.69243120338311,0.0,0.038441243291167465,137.97414697824735,11,,4,106.87942434671048,20,,9,137.00364958642524,11,0.4686760792183481,0.5,0.8994490771497655,0.028781244504383997,0.8333333333333334,0.9266384898448878,1.0,0.8805344435443315,0.012154171714336578,0.45,0.9462630660277499,1.0,0.9118149939288199,0.016196026555925308,0.4
an0,an0,20410.0,an0_34,10.746619863768126,74,73.99245400289743,0.0,0.024877978358431547,,6,,2,151.29961809523476,19,,5,,9,0.4713071464121624,0.5,0.9046742886812754,0.02794593338049125,0.7166666666666667,0.9260519944282753,1.0,0.8767533240471256,0.009594987089331306,0.13333333333333333,0.9508949128399875,1.0,0.9214171134234315,0.011699382907903708,0.18333333333333332
an0,an0,20470.0,an0_34,12.30413668038054,73,74.34713918420155,0.0,0.016217653994203593,215.49380821779621,13,,5,167.52777998056737,24,187.0292121976612,10,169.34262037928633,14,0.4729339323091776,0.5,0.9097797743639253,0.023799642463685954,0.6166666666666667,0.9231424167990707,1.0,0.8719537201105273,0.007796812744959943,0.06666666666666667,0.9501278992077038,1.0,0.9177227076747345,0.011085852189044555,0.1
an0,an0,20530.0,an0_34,12.706955040113401,73,73.3478399062227,0.0,0.028262786193463528,,6,,4,,7,,0,,7,0.0,0.0,0.9030340192588218,0.05598070933530782,1.0,0.46144191782305616,0.5,0.8714730594101873,0.023227577126078067,0.6333333333333333,0.4784577924066451,0.5,0.922904009206621,0.022288897749074808,0.55
an0,an0,20590.0,an0_34,16.505143190962105,71,72.12769487088036,0.0,0.01952020609881373,,8,,3,271.2636805305863,11,,6,,8,0.0,0.0,0.8917314646337058,0.03636910626391275,0.8333333333333334,0.9245069212506357,1.0,0.8742459676294807,0.016037283367179064,0.4166666666666667,0.9428092012191185,1.0,0.9097709024648779,0.014644508575117836,0.38333333333333336
an0,an0,20650.0,an0_34,15.33382683715273,70,70.62400427509448,0.0,0.017605013303799946,,8,,9,132.90437998331734,11,,3,,7,0.0,0.0,0.8895827061900657,0.0395738948397744,0.8833333333333333,0.9287583851665766,1.0,0.8865598349649592,0.013569149040650402,0.36666666666666664,0.9463527882654457,1.0,0.9120839049220847,0.014768192427500961,0.4166666666666667
an0,an0,20710.0,an0_34,12.447907141971749,74,74.79991024012813,0.0,0.03837049136273654,,8,,8,,7,,2,,6,0.0,0.0,0.8787290711192463,0.048324267129230686,0.9666666666666667,0.9299731813048782,1.0,0.8863739159274034,0.017870420621027623,0.36666666666666664,0.94656565142751,1.0,0.9144605502197937,0.01932196595634813,0.4666666666666667
an0,an0,20770.0,an0_34,12.288400140347036,74,76.21438089148987,0.02631578947368418,0.050967832692965676,,8,,7,,9,,1,,7,0.0,0.0,0.8827216901024004,0.05066618785733466,0.95,0.9241021978079157,1.0,0.8745747973559542,0.019193859281505785,0.45,0.47217987680491685,0.5,0.9069678594551946,0.02126074577528593,0.6333333333333333
an0,an0,20830.0,an0_34,9.937107278554114,76,76.979726106039,0.0,0.03975111524914407,,8,149.6659692239689,11,,9,,1,,8,0.0,0.0,0.8919578648328303,0.06530991239998306,0.9666666666666667,0.46228603323566453,0.5,0.8749267904143396,0.023683876927196944,0.65,0.4698162124418408,0.5,0.9000336520907164,0.028416303251541836,0.7666666666666667
an0,an0,20890.0,an0_34,11.676916051730474,74,75.5418712857074,0.0,0.026851951474599574,,9,79.60250592075376,23,116.99704074064142,27,165.6739834613627,18,189.84203960134857,21,0.0,0.0,0.905162803594553,0.04392584553436489,0.6833333333333333,0.9291922088736883,1.0,0.8842894447599767,0.015437788860140784,0.36666666666666664,0.9379378222483099,1.0,0.8986440977102825,0.01977253102958466,0.48333333333333334
an0,an0,20950.0,an0_34,38.192573078814014,76,75.8806422791121,0.0,0.03459435883634169,,8,267.53590083047374,14,,9,,0,,9,0.0,0.0,0.9091330922724962,0.06608680974118622,1.0,0.4780801003546605,0.5,0.9269336678488683,0.02548355680206131,0.8,0.4743755848961381,0.5,0.914585282987127,0.023243735474153177,0.7
an0,an0,21010.0,an0_35,12.577668810488612,74,74.87682761864846,0.0,0.020525793856622027,,9,,8,168.95001649279786,13,,4,,8,0.0,0.0,0.9017536918955557,0.07127667387905778,0.95,0.9475151307247596,1.0,0.9139061933270055,0.01836429360256544,0.4166666666666667,0.0,0.0,0.9244816290018463,0.03338721012283195,0.7
an0,an0,21070.0,an0_35,10.44015488461449,72,72.98630776874916,0.0,0.03151654958103144,175.55323753489816,17,251.9269189188832,14,,6,,4,166.8189780228,15,0.0,0.0,0.8991613188434906,0.1334428328927258,1.0,0.0,0.0,0.9004789373303924,0.03944487013713585,0.6333333333333333,0.0,0.0,0.9118739311303095,0.05804274386734757,0.8166666666666667
an0,an0,21130.0,an0_35,12.423489484165593,71,72.21876508326517,0.0,0.02273976006514662,155.60948261447777,12,199.08128547430806,18,,6,,5,182.73386841706895,13,0.0,0.0,0.9006366244075725,0.07318049854918914,0.8833333333333333,0.9434883903697913,1.0,0.9076582902662342,0.017722290418931322,0.38333333333333336,0.0,0.0,0.9043919090566501,0.03681799520141643,0.7666666666666667
an0,an0,21190.0,an0_35,15.127745929978614,77,84.35117079388415,0.025316455696202556,0.09827081876740948,168.7182796041856,14,,9,,7,,1,171.59881656396658,14,0.0,0.0,0.9173377267227907,0.06268945089073046,1.0,0.941579003345792,1.0,0.9029061724856942,0.01087989715317111,0.3333333333333333,0.4718905737487792,0.5,0.9076746388125397,0.028773231863165397,0.75
an0,an0,21250.0,an0_35,6.81759118757375,93,94.53508433303911,0.0,0.046117839056724175,144.37280166075257,13,,8,109.72687758463596,20,,2,143.23640133243597,13,0.0,0.0,0.9144192513330177,0.10273486126275372,1.0,0.9451413545295346,1.0,0.9086162628756272,0.016145492981887045,0.2,0.4709143893461861,0.5,0.9010632299752015,0.020891141445548926,0.5166666666666667
an0,an0,21310.0,an0_35,28.24432811631498,81,97.48124704495729,0.173469387755102,0.12696211238768929,132.13984069916233,26,219.46381860293337,17,177.0641840136414,19,,0,123.25583150504482,26,0.0,0.0,0.9122948328033055,0.05873159130853925,1.0,0.9447052061290929,1.0,0.9094113268653647,0.010593211817703216,0.18333333333333332,0.4737004911612262,0.5,0.9123349705374206,0.021831310622442153,0.6333333333333333
an0,an0,21370.0,an0_35,22.23147122686651,80,92.81287995263962,0.1208791208791209,0.12969834950985154,90.99204157746314,24,327.5234871202134,14,106.23071319172819,29,110.66942375456134,10,89.49131607130333,24,0.0,0.0,0.9072622303674711,0.051796669163863905,0.75,0.9427376037709536,1.0,0.9045626729515893,0.010018309969682488,0.08333333333333333,0.949003109997194,1.0,0.9172797171127626,0.019153118285573027,0.43333333333333335
an0,an0,21430.0,an0_35,31.329377905940763,66,89.92879887351575,0.28260869565217395,0.1727732304091875,193.6588650426708,27,204.8387062949552,12,188.3833359137692,26,,1,153.12788168112348,28,0.0,0.0,0.9161012204631093,0.04717203149859049,0.9166666666666666,0.9318070890173606,1.0,0.8905477879407075,0.009859241521826103,0.08333333333333333,0.9445372476943769,1.0,0.9136941915834069,0.01608092577361741,0.38333333333333336
an0,an0,21490.0,an0_35,78.06448206631389,65,93.41894660801572,0.30107526881720426,0.2378402990213294,150.6579305412438,43,197.4535425757017,10,198.38405099567134,17,,1,143.024814493764,42,0.0,0.0,0.9040555869483429,0.07896542232159437,1.0,0.9322039345494383,1.0,0.8870065575823972,0.017441711351489038,0.18333333333333332,0.4695875107863037,0.5,0.8979278817852838,0.025940520688086527,0.6333333333333333
an0,an0,21550.0,an0_35,,27,,0.5909090909090908,0.3155149130033481,82.20745136097604,59,60.616139816471325,11,113.8187678463552,37,,0,82.56658754793216,59,0.0,0.0,0.9276507442115101,0.08084141366850645,1.0,0.9365555993598493,1.0,0.8944080722253537,0.0177868081740034,0.08333333333333333,0.46207954518794836,0.5,0.8842106679573969,0.02861530522289222,1.0
an0,an0,21610.0,an0_36,,30,,0.5652173913043479,0.26234982605075613,89.05173023856496,57,165.05718490805762,12,102.2280543041173,46,,0,96.9822435065077,55,0.0,0.0,0.9551372536708411,0.07368520431557185,1.0,0.9469800032366252,1.0,0.9181684389110867,0.01687093147541683,0.25,0.4816747796981856,0.5,0.9390780493181533,0.026855634197705765,0.8666666666666667
an0,an0,21670.0,an0_36,22.331126408521445,60,99.609034539585,0.33333333333333337,0.1559916578333168,122.41467053625558,26,265.70964208704646,20,122.63169149738933,24,,0,122.36012422353943,26,0.0,0.0,0.9450785977203113,0.05976871022488559,1.0,0.9567228469977972,1.0,0.9297176065392835,0.014027860148594622,0.15,0.4821764648854148,0.5,0.9353181158216147,0.022377140732469596,0.65
an0,an0,21730.0,an0_36,18.445082944578107,89,96.2431486908163,0.05319148936170215,0.09794660288866085,154.10544653993838,22,323.5527627294911,12,111.75399564738059,22,,2,129.5569372901351,21,0.0,0.0,0.9321893606886722,0.05509107719004083,1.0,0.959800187488392,1.0,0.933487060838988,0.012469902078081758,0.11666666666666667,0.4767356092652981,0.5,0.9224283266153028,0.020792838746085777,0.6666666666666666
an0,an0,21790.0,an0_36,9.070852960741423,82,83.33900501572008,0.0,0.04928225667523917,125.93935835456135,30,,9,96.24438963786257,35,104.16666666666667,19,123.94381374444326,30,0.0,0.0,0.923742777206967,0.035898760761991645,0.7666666666666667,0.9590460896653014,1.0,0.9323024595853474,0.008675260082697204,0.08333333333333333,0.954874065035292,1.0,0.9261965832806837,0.014358266902663445,0.36666666666666664
an0,an0,21850.0,an0_36,11.795664419384055,74,75.50969041016643,0.0,0.024459308000910562,74.92414955591843,39,,4,105.52252605775212,40,68.85530791027918,32,73.59204762529856,39,0.47922527228238654,0.5,0.937881537058233,0.024764550532448536,0.5833333333333334,0.9569353278440987,1.0,0.9282255464068313,0.005473657788164974,0.15,0.9597207200198117,1.0,0.9532971231086307,0.012134030313181037,0.3
an0,an0,21910.0,an0_36,12.22428876745982,72,72.88067550681387,0.0,0.038302521052523374,92.95194948296579,35,,4,80.64366764641547,30,65.8114624342932,27,94.01188911046117,35,0.0,0.0,0.9645932782102652,0.03117592066963136,0.7666666666666667,0.9576751383056619,1.0,0.9294585638427697,0.006647521014038114,0.2,0.9752773090977698,1.0,0.9621184531711229,0.014782141281767518,0.4666666666666667
an0,an0,21970.0,an0_36,20.829331161615904,70,70.51784189545509,0.0,0.0124966040381699,147.3172009674799,22,,2,151.53028008041824,31,111.05265357391882,18,148.32396974191326,22,0.4868493016079717,0.5,0.9617502201470964,0.027540401589335198,0.75,0.9569027586020351,1.0,0.9281712643367251,0.00624281395023658,0.0,0.9747437902857955,1.0,0.9593850360193364,0.012577278390816016,0.18333333333333332
an0,an0,22030.0,an0_36,15.5044902626131,71,71.45834573915049,0.0,0.04904933529665323,125.22240095640541,35,74.09716416446658,23,107.39058662302807,43,111.42438083953681,30,122.78628013029507,35,0.9698924478487607,1.0,0.9516482325592892,0.01654393678623882,0.38333333333333336,0.9500589488836363,1.0,0.9167649148060604,0.00452283332990718,0.11666666666666667,0.9704409596809649,1.0,0.951180895100837,0.010407113815641649,0.21666666666666667
an0,an0,22090.0,an0_36,14.88433691906104,70,71.6177616823338,0.0,0.05591546192933533,,7,238.84236745493308,12,139.36550166937138,10,,0,,7,0.0,0.0,0.9489385637385057,0.06581609894891505,1.0,0.928692401071719,1.0,0.883060340612509,0.01637993886794548,0.4,0.48541043190683975,0.5,0.9517786800344203,0.027286539317334886,0.6833333333333333
an0,an0,22150.0,an0_36,33.9220254752897,65,75.38777587218556,0.20731707317073167,0.14288647317716943,206.43225666680118,27,193.9798284052365,23,179.31346941180968,26,,7,207.0024154448445,27,0.0,0.0,0.9428062264781724,0.08657835688708512,0.95,0.4750560324383791,0.5,0.8859088190485954,0.02184642911639854,0.5666666666666667,0.23951234269140806,0.25,0.9471439405146804,0.029555133400029375,0.75
an0,an0,22210.0,an0_37,27.37708247350672,110,120.68792115030172,0.051724137931034475,0.15564930705639612,132.6198423800353,38,143.4503500507667,21,155.65443562200323,24,,0,131.33411075820572,38,0.0,0.0,0.8964915373781335,0.08876584851894134,1.0,0.4731929286136616,0.5,0.9007498825631104,0.022493195465019475,0.6833333333333333,0.23608434307414916,0.25,0.9093710035442981,0.030273548063355787,0.8833333333333333
an0,an0,22270.0,an0_37,6.732946564688937,105,105.50118337143812,0.0,0.015869580943758423,73.50658144987678,20,105.00658287121367,33,53.130744174747825,17,,4,92.33092656309694,21,0.0,0.0,0.9107556624403423,0.037439833018067734,0.95,0.9341514627346971,1.0,0.8902524378911618,0.006840050385058366,0.0,0.9385444762601184,1.0,0.8975741271001972,0.01627248489510356,0.26666666666666666
an0,an0,22330.0,an0_37,25.171159358513673,91,91.43414455724175,0.0,0.17080405742215954,172.67569177869245,26,154.58092919851077,21,140.42391744797317,28,,0,167.75478135262395,25,0.0,0.0,0.9236780200033669,0.07743894574415455,1.0,0.9455799810590031,1.0,0.9100196428567442,0.017921111081053476,0.36666666666666664,0.47169592569752233,0.5,0.9144672868678552,0.025453651224832625,0.8166666666666667
an0,an0,22390.0,an0_37,38.52568971725555,85,89.82035928123754,0.02298850574712641,0.14199758663881237,177.70022617746645,23,107.93402492454844,24,176.5961226031475,23,,3,182.26093278332473,22,0.0,0.0,0.9117301639168769,0.058528005968745134,1.0,0.9473203271745725,1.0,0.9122005452909542,0.01358465408448955,0.2,0.698719748882806,0.75,0.880888015456617,0.02007487394629605,0.5
an0,an0,22450.0,an0_37,14.075399835648046,76,75.0313724925645,0.0,0.033829473487837124,124.44947126620306,17,74.14332790559557,16,144.62925007645782,22,,9,119.08505363814554,17,0.0,0.0,0.925234060445354,0.0419730185449399,0.85,0.9485116869810791,1.0,0.9141861449684653,0.011130451988371924,0.15,0.9375822664912162,1.0,0.9022697203152379,0.018355525753609592,0.38333333333333336
an0,an0,22510.0,an0_37,20.22118186700303,72,73.57855430404526,0.0,0.06078646212603526,159.81829069102878,24,119.9885592753374,27,146.67955746498896,35,142.6218183621169,16,155.80087626030306,24,0.0,0.0,0.9247333938733073,0.03727733623279107,0.7666666666666667,0.9500459539369526,1.0,0.9188426472969276,0.011260625284640148,0.3333333333333333,0.9517693623355391,1.0,0.9343422885071583,0.013895569536391667,0.36666666666666664
an0,an0,22570.0,an0_37,13.179089129582312,70,70.61128780269894,0.0,0.0393079641841676,,9,162.0411189135338,11,144.31994688993097,17,,6,,9,0.0,0.0,0.9245512452052187,0.048285628250605936,0.7833333333333333,0.9567777089340743,1.0,0.9295207988794816,0.017086657571908984,0.45,0.4812525781522318,0.5,0.9376110453941987,0.025549837997886245,0.5166666666666667
an0,an0,22630.0,an0_37,14.67006480976775,71,71.83254397366312,0.0,0.06684246167263144,227.03956434597274,12,189.782833447938,10,204.00783043420716,28,,6,227.35634825293332,12,0.47157683197768874,0.5,0.9107412839887076,0.024416931602604178,0.7833333333333333,0.9611155220911315,1.0,0.9386544422487811,0.017150909724662405,0.4666666666666667,0.9565023377407433,1.0,0.9325945426165644,0.006713030557031118,0.25
an0,an0,22690.0,an0_37,13.319800280749975,71,71.37699305366678,0.0,0.011220868635484953,143.04276646741462,39,89.98997986478177,48,140.8384072944807,64,129.32626342440102,38,142.9298687063731,39,0.944483160487102,1.0,0.908022807356489,0.00799595332518951,0.11666666666666667,0.9634916476363076,1.0,0.9398033429057845,0.004815771287853066,0.08333333333333333,0.9604596746290838,1.0,0.9340994577151396,0.00468419606320041,0.0
an0,an0,22750.0,an0_37,15.013544461701997,73,74.34852108396036,0.0,0.07378340917200188,194.83199822791468,15,197.5702835121804,16,194.71784474592974,16,220.20997171024067,11,194.80759738778156,15,0.0,0.0,0.9154289399586273,0.07673309267265624,0.8333333333333334,0.7255309621061857,0.75,0.9467229737337663,0.020563147206703866,0.5,0.48156162842186523,0.5,0.945774006962057,0.02665341603354657,0.55
an0,an0,22810.0,an0_38,18.572367570869094,78,79.85195447644159,0.025000000000000022,0.11290642631364799,,8,,3,177.08333333333334,10,,3,,8,0.0,0.0,0.9315966360270066,0.05607066832767824,0.9333333333333333,0.9640959647812759,1.0,0.9401599413021265,0.01389622902221481,0.13333333333333333,0.4795549283708333,0.5,0.9350963656425049,0.026372226479475777,0.65
an0,an0,22870.0,an0_38,24.772346095804384,77,86.80367179545262,0.11494252873563215,0.04743939600623037,92.77826567380635,34,68.18069983997381,44,110.61284429086608,27,,7,90.10095348098054,34,0.0,0.0,0.9291428706492427,0.043929002913651975,0.9833333333333333,0.9584520359619786,1.0,0.9338490227950977,0.006418790303516072,0.1,0.9482115223205271,1.0,0.9190628996395267,0.01574153151009719,0.2833333333333333
an0,an0,22930.0,an0_38,24.19285055035112,92,92.04896391224824,0.0,0.08026139536301148,161.1850846400394,10,140.12497909232673,11,140.88517598562314,11,,2,162.13848676020413,10,0.0,0.0,0.9321441413461359,0.04801986715704003,0.95,0.9631245441897331,1.0,0.9385409069828885,0.008065166125052826,0.06666666666666667,0.9423660772833585,1.0,0.9056006146129846,0.018780813077715824,0.45
an0,an0,22990.0,an0_38,9.940705489533826,86,90.09401310287079,0.022727272727272707,0.08153854433590173,,9,,9,105.46318539451428,14,,2,,9,0.0,0.0,0.939017810287073,0.03881529124648776,0.9666666666666667,0.9706396468936278,1.0,0.9510660781560464,0.008437003378343796,0.0,0.9428711912868405,1.0,0.916589711445655,0.016627199899844233,0.31666666666666665
an0,an0,23050.0,an0_38,13.851420215214434,85,89.57857758167512,0.0449438202247191,0.09829707456006341,,7,137.45082162498926,14,133.44289728545877,17,,0,,6,0.0,0.0,0.9452347477443661,0.053070437579502125,1.0,0.9673216223775951,1.0,0.9475262891221098,0.010405262728752675,0.18333333333333332,0.4817670760883487,0.5,0.9390626176342773,0.02169058662842505,0.5666666666666667
an0,an0,23110.0,an0_38,5.820761582443948,106,111.8804967123574,0.009345794392523366,0.10649852736771936,118.73971994977082,12,116.80809795197887,12,123.71162204775871,13,,0,115.0,13,0.0,0.0,0.9371462218889102,0.04951089730643411,1.0,0.9602911880430723,1.0,0.9338186467384539,0.011260288339120215,0.08333333333333333,0.47854622185566686,0.5,0.9223741439112702,0.02220026489366835,0.6
an0,an0,23170.0,an0_38,28.530806886634934,105,111.19739205031136,0.045454545454545414,0.2704995952724998,61.199175921925026,23,60.15221743893165,40,64.18623720763665,13,,0,66.54751256486924,22,0.0,0.0,0.9090153972783638,0.08869605649491352,1.0,0.47895605367838495,0.5,0.9205083079241487,0.020478683873902732,0.5333333333333333,0.0,0.0,0.9013287664796246,0.03389728028153342,0.9833333333333333
an0,an0,23230.0,an0_38,14.070971481405667,117,121.19155537194369,0.03305785123966942,0.27719838186561657,105.73064994084763,33,88.74592029887006,54,83.91382249226379,20,,0,111.61351064085278,34,0.0,0.0,0.918158844966166,0.06845196120563443,1.0,0.96929957733192,1.0,0.9503203457358368,0.015320394626123925,0.15,0.4684074474098024,0.5,0.8967318556830721,0.02768548728434883,1.0
an0,an0,23290.0,an0_38,4.681906196304265,118,124.75944818895752,0.01666666666666672,0.18811257660817032,124.58282868856413,18,140.04510062238282,22,,9,,2,125.74483967894012,18,0.0,0.0,0.9067070432005676,0.06751217741749078,0.9833333333333333,0.9595096272933489,1.0,0.933736442361504,0.01548448341086673,0.25,0.4755050150041637,0.5,0.918350050013879,0.02653673170819209,0.75
an0,an0,23350.0,an0_38,4.139395459237955,108,109.03421130073411,0.0,0.1244379238757827,116.75266547635361,25,123.09336919209946,25,98.51187666342571,19,,4,115.0,25,0.0,0.0,0.9141294279016065,0.05310473369712691,0.9,0.956652425794814,1.0,0.9277540429913568,0.012272795869806792,0.08333333333333333,0.47820395209267264,0.5,0.9307017724836685,0.026683601979364778,0.75
an0,an0,23410.0,an0_39,5.100714346397218,99,105.42203074458841,0.01980198019801982,0.05715102143659282,137.28676647805497,11,162.1603521755806,13,114.5870323740049,17,,0,135.46217184144066,11,0.0,0.0,0.9280178731114982,0.0643978222100608,1.0,0.9484503395527388,1.0,0.9140838992545647,0.014751719524061336,0.15,0.477802015117356,0.5,0.9265876905344922,0.026691499529875068,0.8666666666666667
an0,an0,23470.0,an0_39,7.6161189601910815,89,90.23289109229576,0.0,0.06039373955857511,,9,154.05057117749885,12,66.42097781627814,40,,3,,8,0.0,0.0,0.9316858124925136,0.049391328291398605,0.85,0.4732019867872898,0.5,0.9106420079397946,0.022509289868265635,0.5333333333333333,0.4774515158621028,0.5,0.9246845725089547,0.02188115694559778,0.5333333333333333
an0,an0,23530.0,an0_39,13.628068123853089,81,82.54616394208448,0.0,0.05241556770721231,88.13478816799112,16,153.36340315192308,29,106.88985997651326,37,,0,89.59166627910582,16,0.0,0.0,0.9323625747713653,0.07975573423204577,1.0,0.0,0.0,0.9087112970074012,0.04015092528915041,1.0,0.9664932132150101,1.0,0.9443299841883422,0.017856227887287968,0.31666666666666665
an0,an0,23590.0,an0_39,8.635684721910076,84,84.6502920082568,0.0,0.03974460807024713,97.25089482950216,46,93.02380780985288,37,104.6503060188124,38,,0,96.57466886646138,46,0.0,0.0,0.9209401863042155,0.08316553228315832,1.0,0.0,0.0,0.9122946341059055,0.04268166306189124,1.0,0.9531199713903425,1.0,0.9270591239840176,0.019685041186369025,0.45
an0,an0,23650.0,an0_39,11.776640740882781,78,79.04758203312333,0.0,0.030345412691099066,85.7078489278464,49,95.59810351588223,46,93.74385789628194,54,,0,83.80575311587593,48,0.0,0.0,0.9373639055524462,0.09327787364920109,1.0,0.0,0.0,0.9321490812360401,0.048191934762653516,1.0,0.4812517216457705,0.5,0.9379991120311939,0.023076379651396,0.8
an0,an0,23710.0,an0_39,9.756814166450175,78,78.2227274830171,0.0,0.047181359329516476,122.36812629657011,43,89.40108338794055,41,98.19453918043484,45,,0,123.6044043733386,42,0.0,0.0,0.9326379347889203,0.08342424567073961,1.0,0.0,0.0,0.9420520736976876,0.035352848866600665,0.8,0.0,0.0,0.938322282465827,0.03992146676680709,0.9666666666666667
an0,an0,23770.0,an0_39,10.990946745287927,76,77.01623694837697,0.0,0.046598918268696915,103.9265674665658,50,84.22277652825302,42,87.83418326596997,51,,0,109.60839383915814,51,0.0,0.0,0.9306779750863304,0.1033833885160913,1.0,0.0,0.0,0.9400140092920792,0.04876024577940051,1.0,0.48331593089373204,0.5,0.9357395454468933,0.029375899790986534,0.5333333333333333
an0,an0,23830.0,an0_39,8.68424521557386,77,77.4335426619427,0.0,0.03356608929266119,68.15114454669263,63,76.74257668936505,66,90.20504443277228,58,,0,73.07957991121734,65,0.0,0.0,0.9376675838622494,0.08545281940569069,1.0,0.0,0.0,0.9478919959876106,0.0477739953487257,1.0,0.9613013962630597,1.0,0.9381665452590847,0.016055125544346488,0.31666666666666665
an0,an0,23890.0,an0_39,8.35150970304823,77,79.17332492347266,0.0,0.03299567461503621,106.89490666105546,34,69.46831187071317,31,76.2861026879419,24,,0,106.17310051386497,34,0.0,0.0,0.9499436248456948,0.09947929030526743,1.0,0.0,0.0,0.9479252753807083,0.04683273322866427,1.0,0.48281507807817753,0.5,0.9419634463446775,0.020763370220609607,0.5666666666666667
an0,an0,23950.0,an0_39,8.052012186990712,78,78.60183063665048,0.0,0.03684746174159361,82.95125540355804,39,96.51791908944755,36,92.58632229698004,39,,0,82.89181281392601,39,0.0,0.0,0.942861192239364,0.144563957537571,1.0,0.0,0.0,0.9432952993740613,0.06610850050249296,1.0,0.48359177357579824,0.5,0.9458128672476037,0.02580009801285798,0.9166666666666666
an0,an0,24010.0,an0_40,9.23762852542042,76,77.03072241970219,0.0,0.032631352685950465,95.93180198777647,42,77.5688782209676,44,96.32669625990275,42,,0,94.1327552436244,42,0.0,0.0,0.9396125583431657,0.11978517911784559,1.0,0.0,0.0,0.939021209321009,0.052433249742495795,1.0,0.4791291040231096,0.5,0.930875812255713,0.02494903257148414,0.95
an0,an0,24070.0,an0_40,10.333225577909626,75,75.73366992755544,0.0,0.03857666907469192,75.94127951549947,42,135.5418091632615,33,93.21952784204471,41,,0,81.71932929538644,42,0.0,0.0,0.9405239226969924,0.15504758410988068,1.0,0.0,0.0,0.9343455112662784,0.07353208076013017,1.0,0.0,0.0,0.9296085875930976,0.030482826542682105,0.95
an0,an0,24130.0,an0_40,10.779449737872145,76,77.96298317557888,0.0,0.06889162666006177,87.48793353093622,38,103.9140817850457,37,110.35711802545376,29,,0,88.8058921833821,38,0.0,0.0,0.9395152186432765,0.13724304759098277,1.0,0.0,0.0,0.9248215159320226,0.09674421931327523,1.0,0.9487922942724951,1.0,0.938332606158064,0.01829846574682738,0.4666666666666667
an0,an0,24190.0,an0_40,8.139410609702459,78,78.2340488924091,0.0,0.041436501639613696,89.34626999584847,39,64.69926171252523,37,121.3866903040615,30,,0,99.72462083156798,41,0.0,0.0,0.9405196242005954,0.1208746121765677,1.0,0.0,0.0,0.9370335405691411,0.07577046957001454,1.0,0.9523358180331745,1.0,0.9226508583152335,0.017498699393762366,0.3333333333333333
an0,an0,24250.0,an0_40,8.213240200256932,76,77.54738306686671,0.0,0.03378501028338866,81.50915095147163,48,109.50312235228111,38,76.78538984566009,51,,0,76.49950269801417,47,0.0,0.0,0.9413954412704524,0.14436472651971954,1.0,0.0,0.0,0.943166503921823,0.0692693339000246,1.0,0.0,0.0,0.9343553677477662,0.030895283656633077,1.0
an0,an0,24310.0,an0_40,8.561005233013928,75,76.62717812755085,0.0,0.03708174309331065,67.7980727144445,59,63.56692064182643,55,65.81943081950995,48,,0,68.48105703341467,59,0.0,0.0,0.9519451076124206,0.12029518517415325,1.0,0.0,0.0,0.9497952736549714,0.05694695226754614,1.0,0.4846904303945254,0.5,0.9508018857398368,0.024364418909106456,0.8833333333333333
an0,an0,24370.0,an0_40,6.975742254880859,76,76.27585672086312,0.0,0.03876712062005695,93.6555986066093,70,87.5790193791679,67,82.67367733243776,62,,0,94.14758688326552,70,0.0,0.0,0.9510356298576838,0.11502744920245847,1.0,0.0,0.0,0.9500983474972171,0.06136808679827305,1.0,0.4854574647839862,0.5,0.9540385709820399,0.02503392605405589,1.0
an0,an0,24430.0,an0_40,9.118700508400233,76,77.26666593677561,0.0,0.034575950047614296,67.84250619122807,67,68.80324642595,51,80.19347051563079,53,,0,68.34626632971344,67,0.0,0.0,0.9435286060848572,0.11707971092588255,1.0,0.0,0.0,0.9430566319765842,0.05797482128630252,1.0,0.48209619879776017,0.5,0.9406234159156793,0.02603772590572614,0.8666666666666667
an0,an0,24490.0,an0_40,10.578056944197543,74,75.75814968302394,0.0,0.03911037166563529,91.27594879334315,59,94.39879666870759,58,117.47002581042052,59,,0,93.03726244569876,60,0.0,0.0,0.9471086380093251,0.11793318952074736,1.0,0.0,0.0,0.9486197787662947,0.06055683232396,1.0,0.4818055594432435,0.5,0.9393518648108117,0.0275183252249276,0.9833333333333333
an0,an0,24550.0,an0_40,8.098198417193998,77,77.97037905309645,0.025316455696202556,0.04833230804555593,82.25359926959446,34,78.75720763146856,25,141.17946247595646,26,,1,77.99917286575503,32,0.0,0.0,0.9345808329539582,0.13948906635573166,1.0,0.0,0.0,0.9409961433016547,0.05752891221181636,0.95,0.0,0.0,0.9051993413409075,0.03114509041755452,0.8333333333333334
an0,an0,24610.0,an0_41,17.437863624969637,73,76.83245402847733,0.026666666666666616,0.05134315354610619,138.4745882410981,13,,3,153.87314779707592,14,,0,105.31698185319719,13,0.0,0.0,0.9287822793989151,0.1404160596559852,1.0,0.0,0.0,0.9357291037551512,0.05339229609053119,1.0,0.47169402862337473,0.5,0.907457640842712,0.02838250622100054,0.9166666666666666
an0,an0,24670.0,an0_41,6.928606654346222,77,77.65844263745664,0.0,0.04004593785864065,135.01004943581316,15,,2,58.78152781404017,19,,4,93.56572799131878,12,0.0,0.0,0.9208836077026102,0.09207219586197374,1.0,0.0,0.0,0.9354963488360403,0.036675284889484294,0.8166666666666667,0.47242704886109826,0.5,0.9080901628703276,0.023503083053178695,0.55
an0,an0,24730.0,an0_41,11.22390828503191,77,79.28715561275429,0.0,0.049029698873107604,168.2108236258768,13,,1,136.47891253294947,18,,1,163.93596310755,13,0.0,0.0,0.9044298820174692,0.12420804993221893,1.0,0.0,0.0,0.933087189635435,0.04389345187824178,0.8666666666666667,0.47391245800839343,0.5,0.9165996411864382,0.028586341844548953,0.65
an0,an0,24790.0,an0_41,12.740331502894511,80,80.67508914578387,0.0,0.05781818782386242,163.42883581241102,11,144.5019208229696,10,158.4079499686845,25,,1,162.20357579289058,11,0.0,0.0,0.8873884304567894,0.06621709093860961,1.0,0.0,0.0,0.9307541829613575,0.03592227250764417,0.9333333333333333,0.9534880473133883,1.0,0.9226907903450609,0.011900216090463593,0.23333333333333334
an0,an0,24850.0,an0_41,12.692738690823921,79,80.33021071948869,0.0,0.06515803541477168,,9,,3,124.22704129168471,33,,3,,9,0.0,0.0,0.8864378181354645,0.0704975495563534,1.0,0.0,0.0,0.9266916537425226,0.055093925536477906,0.9,0.9650709485219774,1.0,0.9420008839856893,0.012567798062760392,0.15
an0,an0,24910.0,an0_41,8.778092159539364,81,82.68870596282932,0.0,0.035995391609644,223.26078384742507,16,145.33839934965857,25,128.83697163201452,48,,4,220.03030094360489,16,0.0,0.0,0.8984054233627076,0.06593143966577762,1.0,0.0,0.0,0.9201949131016876,0.04213821066686596,0.85,0.9626231378486958,1.0,0.9377052297478263,0.01039180504543481,0.0
an0,an0,24970.0,an0_41,11.040338960236545,81,82.02940754287089,0.0,0.03198486079763144,229.58493608431334,18,131.38788640018657,37,131.44770012943619,45,,0,232.08771161427944,18,0.0,0.0,0.9030134029878355,0.09916665001440145,1.0,0.0,0.0,0.9166324920012103,0.05809890163037296,1.0,0.9586126612107768,1.0,0.9324129991860315,0.016393896074406077,0.21666666666666667
an0,an0,25030.0,an0_41,6.890380174593939,79,80.71122733528128,0.0,0.03583613110142456,146.04601878642697,14,99.03094923431765,26,109.83242994403207,29,,0,141.7473375139995,14,0.0,0.0,0.9023888405437182,0.09262294402070895,1.0,0.0,0.0,0.9376725945208538,0.04549670587529231,1.0,0.959815434685734,1.0,0.9389692659534014,0.019249575242182636,0.43333333333333335
an0,an0,25090.0,an0_41,9.559724922854082,82,82.41865793583129,0.0,0.051643721034352136,185.98563802638992,16,,9,167.11873098906608,13,,0,184.22811946062956,16,0.0,0.0,0.8894208234689882,0.11455352954740304,1.0,0.0,0.0,0.9354372385321835,0.04872768758229165,1.0,0.48186454174079385,0.5,0.9396199919036107,0.021915611866962045,0.7166666666666667
an0,an0,25150.0,an0_41,16.289937267910663,79,80.82996205058011,0.0,0.03589557219458105,145.80310326558555,11,,4,156.64941509150904,22,,1,146.76511847165867,11,0.0,0.0,0.8561827622073553,0.08256415153031454,0.9833333333333333,0.0,0.0,0.9300643846959481,0.03230496356811663,0.8666666666666667,0.9606517461905756,1.0,0.9345881723365156,0.017349796928237064,0.3
an0,an0,25210.0,an0_42,7.539139123896954,78,78.60347820392131,0.0,0.024969071252526474,126.23206975752183,15,146.8759234604539,10,129.96188798853862,23,,1,127.95088343356043,15,0.0,0.0,0.8432199203073625,0.09666977975617133,1.0,0.0,0.0,0.9283298530469118,0.03951756972989953,0.85,0.4793185911458673,0.5,0.9295310867992974,0.021253428581096023,0.5833333333333334
an0,an0,25270.0,an0_42,9.995676230748442,78,80.21299223197032,0.025000000000000022,0.034564370066305895,180.43605403675332,13,134.1013664787845,12,120.16502410473734,20,,2,130.83646975588198,12,0.0,0.0,0.8600634649542163,0.08615724037028549,1.0,0.0,0.0,0.929424356256402,0.03512857925191362,0.8,0.9541478990404114,1.0,0.9254431224384769,0.019710434175528948,0.4666666666666667
an0,an0,25330.0,an0_42,7.831421264200286,77,77.73944071674883,0.0,0.039839027906311705,148.32323818643897,10,163.431708604554,14,131.40801500003718,26,,3,149.03392604072104,10,0.0,0.0,0.9034993487985413,0.07913936628189328,0.9166666666666666,0.0,0.0,0.9033872408771836,0.04234857445071205,0.75,0.9573960578327277,1.0,0.928993429721213,0.013516999460997117,0.05
an0,an0,25390.0,an0_42,19.07561209795759,78,78.53284930907299,0.0,0.052070004029646406,211.2386931453867,13,180.32103703679812,20,135.04730352251363,27,,6,207.4756704921178,14,0.0,0.0,0.9058355969410907,0.10059170856239015,0.9,0.0,0.0,0.8950567879701627,0.0490019655695488,0.7833333333333333,0.9612436824148161,1.0,0.9414476055184293,0.018426178311999768,0.38333333333333336
an0,an0,25450.0,an0_42,10.68316087061761,77,77.84514265773467,0.0,0.037271611350545714,194.02146838176105,18,191.39675936140512,22,163.65970071487178,44,,4,193.07232602556763,14,0.0,0.0,0.9106342045853708,0.05619889586528862,0.95,0.4752093520333916,0.5,0.9172233176256775,0.029106638051373084,0.6,0.9619741494592351,1.0,0.9366235824320586,0.011014541168367264,0.1
an0,an0,25510.0,an0_42,8.910969136145727,75,76.28696103264987,0.0,0.02351461509498772,182.74935778241837,12,,8,143.3880341877044,36,,1,151.42654985173505,11,0.0,0.0,0.9114894367532467,0.07541333211559687,0.9666666666666667,0.0,0.0,0.9113765136431337,0.038197010946268484,0.9333333333333333,0.9572308876805429,1.0,0.9287181461342382,0.011798326463235339,0.0
an0,an0,25570.0,an0_42,11.491154472725633,75,75.87397333019751,0.0,0.0338200778514772,,7,,9,200.49573924812773,32,,0,,7,0.0,0.0,0.9062696248223846,0.07860014550024366,1.0,0.0,0.0,0.9120852719402837,0.0394809275456528,0.9,0.9543309679006746,1.0,0.9238849465011244,0.011637057410965768,0.08333333333333333
an0,an0,25630.0,an0_42,5.59423352861384,76,77.0583736444087,0.0,0.02494123686516213,119.83613951901751,15,124.09194531291755,18,100.35337952082132,41,145.8449586140193,13,119.94046142029923,15,0.0,0.0,0.9002843346718357,0.041819838821522994,0.75,0.47365523927066694,0.5,0.9122797187787501,0.022154476567804695,0.55,0.959037592788352,1.0,0.9321013064715568,0.007787073568129481,0.06666666666666667
an0,an0,25690.0,an0_42,7.688038489793501,78,78.46106467745436,0.0,0.03351843146230783,159.76167442048285,12,202.84199742439347,18,140.5312582125455,45,,4,155.03665255791495,12,0.0,0.0,0.9015628721127236,0.05285582840288276,0.95,0.470878778094356,0.5,0.9113320284424449,0.028032966300454695,0.6833333333333333,0.9704433493342179,1.0,0.9507389155570299,0.009791663235462801,0.0
an0,an0,25750.0,an0_42,10.35140940565841,78,79.74190204375958,0.0,0.02772131414132958,144.03772721748692,13,,7,101.58900954932692,35,,4,142.15601757693318,13,0.0,0.0,0.9016312990379344,0.0814862790441492,0.9,0.0,0.0,0.9033461842991745,0.046068876388631,0.7666666666666667,0.9639430473446544,1.0,0.9404872347908716,0.013810987659212596,0.15
an0,an0,25810.0,an0_43,13.79964205363414,79,79.72712064179844,0.0,0.030294666534785075,,5,,8,139.25292731905884,25,,2,,5,0.0,0.0,0.9133496529180766,0.07101135989418467,0.9666666666666667,0.0,0.0,0.9121861403226634,0.04270095740595169,0.8833333333333333,0.9687719038866636,1.0,0.9482902823540575,0.01167705717381905,0.08333333333333333
an0,an0,25870.0,an0_43,8.1118887941361,78,79.28532210668224,0.0,0.04845066957830381,146.47135358791152,15,,7,209.76962577655874,21,,1,141.69305938161924,14,0.0,0.0,0.9130220138884142,0.12015162546064684,1.0,0.0,0.0,0.9216904616975983,0.0619596547329556,0.95,0.9607626329683998,1.0,0.9412121181090125,0.01935585145916923,0.4666666666666667
an0,an0,25930.0,an0_43,10.916372389115068,84,85.0548674773343,0.0,0.0332680207728054,105.21196644642058,12,,6,151.96768487442898,33,,0,104.96752744626225,12,0.0,0.0,0.908512630317702,0.04388002039465505,1.0,0.4771198507101817,0.5,0.9249866203898855,0.024998903514654218,0.8666666666666667,0.9577353424875675,1.0,0.9310875324142225,0.009516580429653998,0.26666666666666666
an0,an0,25990.0,an0_43,11.013321817814466,81,82.62835281757329,0.0,0.02725465231859306,,6,,8,200.850311025988,19,,0,,6,0.0,0.0,0.9063506035889071,0.0812270584721904,1.0,0.0,0.0,0.9226770758461953,0.03990222336683584,0.7833333333333333,0.9527271156160848,1.0,0.9213605121761261,0.012669155754123626,0.3
an0,an0,26050.0,an0_43,6.714683510946954,84,84.37732696832758,0.0,0.04161068163249219,,5,193.05513685596992,12,139.3585499047246,22,,0,,5,0.0,0.0,0.9022695835929352,0.08291680763320866,1.0,0.0,0.0,0.9151297955222597,0.03654946113301782,0.85,0.9530925545973964,1.0,0.9239888395539968,0.015160232929514102,0.35
an0,an0,26110.0,an0_43,10.66057636651815,81,82.74264279975041,0.0,0.016338579924112653,,7,103.70339691278198,11,101.34764361380796,36,,9,,7,0.0,0.0,0.906079024203994,0.031460615406814094,0.7833333333333333,0.9476833034183071,1.0,0.9128055056971786,0.016308357691714258,0.4,0.9539530785900266,1.0,0.9232551309833777,0.00736411811995181,0.08333333333333333
an0,an0,26170.0,an0_43,5.44033143777837,81,81.22234210051192,0.0,0.006336217166190084,183.9839603233119,21,88.70167138043013,23,111.1866905864826,65,176.891746851476,22,185.3497921621318,23,0.4743927625578572,0.5,0.9146425418595239,0.0269896566665368,0.6166666666666667,0.9571277878788833,1.0,0.9285463131314722,0.013796245384493871,0.0,0.9711698138393496,1.0,0.9519496897322495,0.0063853044294434405,0.0
an0,an0,26230.0,an0_43,7.644778879565902,80,81.19722603212522,0.0,0.009303007708354884,207.78089920479565,30,94.59256792290819,21,107.13661029230565,68,204.0431472925059,25,205.54385386595476,30,0.9382724257540688,1.0,0.8979346038244918,0.01756956551574329,0.38333333333333336,0.9658506458405247,1.0,0.9432668138290832,0.008883488423280286,0.15,0.9737109275188356,1.0,0.956648353061906,0.006167667221191596,0.05
an0,an0,26290.0,an0_43,6.907709537318049,81,81.56662293768069,0.0,0.013469521131079219,97.52121345565608,34,64.94891526777201,45,68.49546589961372,69,94.78191842617913,33,108.72252864652347,35,0.9464375816203467,1.0,0.9112764448632189,0.012958555897536653,0.26666666666666666,0.9719107329963326,1.0,0.9531845549938875,0.0067552932852392306,0.15,0.975991058206791,1.0,0.9599850970113182,0.005514130019531506,0.11666666666666667
an0,an0,26350.0,an0_43,6.534406049430743,82,82.18682709536361,0.0,0.011236701843711106,149.31484144250362,26,121.3397885389226,23,113.15344678293171,59,115.67727261138863,22,153.2291312599098,25,0.7149146851080227,0.75,0.9250644412521573,0.01981585565965318,0.5,0.9665044499189898,1.0,0.9474347606996745,0.01074561695560621,0.18333333333333332,0.9776372276733025,1.0,0.9627287127888375,0.0056718110001889865,0.0
an0,an0,26410.0,an0_44,10.548135851889104,81,81.38064985163383,0.0,0.021282031100099075,141.49039278339714,11,167.9398429142655,12,92.14007459718162,32,,5,145.80809305384938,11,0.0,0.0,0.9413190498159342,0.046795088408220616,0.8833333333333333,0.47998703860174513,0.5,0.9360374944467017,0.024318928858026844,0.6666666666666666,0.9712988121182811,1.0,0.9530047526317105,0.009395274838709878,0.23333333333333334
an0,an0,26470.0,an0_44,12.126980995294403,80,81.78721420463901,0.0,0.018653057038764322,173.4656508685509,11,195.78068884596357,11,131.43384863642552,33,,9,171.81385275931623,11,0.0,0.0,0.9280812325139549,0.03777071089677113,0.8,0.7165354169468209,0.75,0.9279359238703799,0.01939151634047055,0.5,0.9703757750488475,1.0,0.9515125596404427,0.007571487087436513,0.08333333333333333
an0,an0,26530.0,an0_44,21.339994072036557,80,80.41537220235378,0.0,0.029120199998202374,154.40314773750566,11,141.0042628732816,17,123.51311616530799,38,,9,175.04285189632853,11,0.0,0.0,0.9173989600818852,0.042286410235924596,0.7833333333333333,0.47687998819327027,0.5,0.9174386753382366,0.021632686377357487,0.5333333333333333,0.9699204386619494,1.0,0.9504749656944029,0.00924145841799566,0.25
an0,an0,26590.0,an0_44,32.146838993852704,81,82.15351753997281,0.0,0.024036447110350474,89.21314014762623,11,106.96867132586338,18,108.30015016629324,31,,7,123.5460900378331,12,0.0,0.0,0.91242617194192,0.03931287095163351,0.8666666666666667,0.9484702065939558,1.0,0.9257804743830147,0.019629803584122203,0.48333333333333334,0.9702057091040123,1.0,0.9525823961746034,0.00898158570039885,0.2
an0,an0,26650.0,an0_44,13.510057734717526,83,83.50684199387494,0.0,0.03803471370869819,,8,,6,168.3619428941831,13,,0,,8,0.0,0.0,0.9127323547420712,0.060076331391363924,1.0,0.4768444591833162,0.5,0.9249118191135435,0.02927442810625579,0.8166666666666667,0.9673658127317715,1.0,0.9466986759564819,0.010726633485278055,0.31666666666666665
an0,an0,26710.0,an0_44,13.134847351909073,79,81.66998791288499,0.024691358024691357,0.04768190496124024,186.66310056198316,24,92.21839171680091,16,136.52462834355285,43,151.0288377146185,22,188.71418462389326,24,0.23613926615429262,0.25,0.9103524421721652,0.030430178479206052,0.6,0.4772192543833257,0.5,0.9283261252801693,0.02641372971868146,0.5833333333333334,0.9641091569559275,1.0,0.9401819282598791,0.007627942405137824,0.0
an0,an0,26770.0,an0_44,7.567157363872849,78,78.99377726538114,0.0,0.023410909814316407,170.3142918483722,13,167.0487157613012,11,91.68460554821213,41,221.72150891909678,10,168.91812612426568,13,0.0,0.0,0.9133887761720234,0.03415207588391721,0.5333333333333333,0.0,0.0,0.9316417570078482,0.038703524050430496,0.6666666666666666,0.9656528572170955,1.0,0.9438957381710311,0.010942875875078027,0.21666666666666667
an0,an0,26830.0,an0_44,7.2427534764821475,79,79.75276642433401,0.0,0.026398814412218623,,8,181.8819801066065,13,115.599776715771,37,,3,194.96438421186346,10,0.4759344671101213,0.5,0.9198792157887661,0.025981039905988313,0.7,0.0,0.0,0.9271876981888668,0.0323326167609167,0.7333333333333333,0.9724418001950119,1.0,0.9540696669916865,0.00921960658556785,0.0
an0,an0,26890.0,an0_44,6.2433524883346205,79,79.48525349835506,0.0,0.024294225092624237,231.97556500721507,10,,9,104.94039283854022,36,,8,220.02272609891915,11,0.0,0.0,0.9221153117009011,0.03825708635754496,0.7666666666666667,0.0,0.0,0.923551074057347,0.038839164870950994,0.8166666666666667,0.9721262071654857,1.0,0.9535436786091429,0.008937509190650453,0.05
an0,an0,26950.0,an0_44,11.140186392707177,78,79.88081781995612,0.0,0.03313767346413092,,9,103.14275415352743,11,108.67521674409028,43,,8,,9,0.0,0.0,0.9191599657129202,0.032677195349520474,0.7333333333333333,0.0,0.0,0.9232498328756842,0.03398839779568735,0.7666666666666667,0.9696362853229061,1.0,0.9493938088715104,0.007926197174754188,0.23333333333333334
an0,an0,27010.0,an0_45,13.032318662996166,81,80.83791190300897,0.0,0.03682393364999812,,9,,7,90.92085328735097,26,,5,,9,0.0,0.0,0.9149211782024628,0.0804677182470698,0.7333333333333333,0.0,0.0,0.9166745603485293,0.077129110308214,0.7333333333333333,0.9654625756161548,1.0,0.9449695450052449,0.013650370764065806,0.36666666666666664
an0,an0,27070.0,an0_45,9.078789922337451,80,81.67588015971926,0.0,0.03051704785631398,,9,,9,97.7655638185041,36,,2,,9,0.0,0.0,0.9136581534582957,0.06299758325453186,1.0,0.0,0.0,0.8985524944094122,0.06011702495101212,0.9833333333333333,0.9701893817204295,1.0,0.9508365008598153,0.0116071521117318,0.2
an0,an0,27130.0,an0_45,9.692227971894214,80,80.84373915763433,0.0,0.03911995538817126,141.27454156269627,19,113.36540516352696,17,108.03565183335218,49,125.70331652236635,10,130.22604781460493,18,0.0,0.0,0.9139234203346204,0.04729581361214724,0.7333333333333333,0.0,0.0,0.8956175029882829,0.03324048047482626,0.7166666666666667,0.9730871000105406,1.0,0.9551451666842342,0.0052936342803180676,0.0
an0,an0,27190.0,an0_45,15.014910178526495,80,80.62381331824929,0.0,0.03536401843629575,112.70356775199167,10,98.6071492936842,14,118.03512895179412,31,,7,111.30538571376,10,0.0,0.0,0.916222439942725,0.04506564817909389,0.85,0.0,0.0,0.9148249641810368,0.04634234536187028,0.75,0.9701483662283292,1.0,0.9502472770472153,0.007715913786897884,0.1
an0,an0,27250.0,an0_45,9.037050565621556,78,78.97412610189876,0.0,0.03071627726009682,113.94922728139193,20,92.39989863837705,18,98.31806991135328,49,129.5184575217594,20,122.80065146407001,21,0.479580330860039,0.5,0.9319600769810646,0.02329646953679754,0.55,0.9509676608785178,1.0,0.9197517476857489,0.01596935634868743,0.45,0.9716848876703956,1.0,0.952808146117326,0.005183767955639341,0.0
an0,an0,27310.0,an0_45,17.63399167920148,81,81.9173017535088,0.0,0.030988864225892372,186.78499488691227,14,168.31936846701976,12,109.42665777457047,28,,6,189.38496948455722,13,0.0,0.0,0.9368990707987968,0.07749061478418781,0.9166666666666666,0.0,0.0,0.9372203344839394,0.04470404064827573,0.7833333333333333,0.9721947605885567,1.0,0.9536579343142612,0.010898561921814428,0.06666666666666667
an0,an0,27370.0,an0_45,19.033741077469635,81,82.07103521675384,0.0,0.0272628561838359,155.9122770637532,12,,9,70.76316799020813,25,,7,156.6118537252935,12,0.0,0.0,0.9328431998413537,0.07333982005125049,0.9166666666666666,0.0,0.0,0.9451185412603693,0.04430415400173414,0.7166666666666667,0.9728152052030019,1.0,0.9552697948782932,0.01349884394705571,0.36666666666666664
an0,an0,27430.0,an0_45,13.030378441456419,83,83.4481904954864,0.0,0.01328413194696146,124.85680105814876,30,69.424840422877,32,55.990959725858666,67,120.18729957514923,28,133.95272798018462,31,0.9598625599228197,1.0,0.9356563118570839,0.017616023589726693,0.48333333333333334,0.9653514114147353,1.0,0.9451840561483253,0.010974400361654067,0.2833333333333333,0.9808450468820528,1.0,0.9680750781367546,0.005780185740575393,0.0
an0,an0,27490.0,an0_45,11.423237432776801,80,81.14572351870544,0.0,0.02611687894883581,135.33381649469297,14,106.37630360540828,16,114.24655656322001,34,,1,141.53010008746983,14,0.0,0.0,0.9327361666519574,0.05479526283380259,0.9333333333333333,0.0,0.0,0.9490637675750038,0.032128842826857636,0.7833333333333333,0.9778505741547915,1.0,0.9631529756907143,0.011249247441273837,0.2833333333333333
an0,an0,27550.0,an0_45,10.379717443886015,77,79.70657353399152,0.025316455696202556,0.03884272585252926,,8,199.84691755838838,15,204.77974178872975,18,,0,,8,0.0,0.0,0.9369444997911962,0.10328799841206068,1.0,0.0,0.0,0.9491295145236641,0.055563537095608996,0.95,0.9637842373050204,1.0,0.951575855202618,0.018452695287935403,0.35
an0,an0,27610.0,an0_46,7.6387936043167795,79,79.3893372177972,0.0,0.021944698643914722,197.98946714803415,13,96.50888479176412,16,146.89061409589686,34,,4,204.36894741292443,13,0.0,0.0,0.9266614452089519,0.03565768859734304,0.85,0.72134828360915,0.75,0.9411594235985776,0.019625405636406874,0.5,0.9615589454617248,1.0,0.9359315757695414,0.008617961893808642,0.25
an0,an0,27670.0,an0_46,8.609093031009996,77,78.4911900181675,0.0,0.018435135061032684,,8,160.2446946553257,15,135.1434543557635,31,,5,,8,0.0,0.0,0.9230188427039412,0.039292140004961784,0.7,0.47946576857834033,0.5,0.9315256664796467,0.022624685369341656,0.6166666666666667,0.9563637623874524,1.0,0.928802238800722,0.009794693272977148,0.3
an0,an0,27730.0,an0_46,14.082178630553788,76,76.78157242281588,0.0,0.02526041105873413,,6,68.75197282522961,10,93.68487321200793,21,,4,,6,0.0,0.0,0.9168144890670189,0.08239477957587915,0.8666666666666667,0.0,0.0,0.9275808543516759,0.045804123882541736,0.7166666666666667,0.9563810831311358,1.0,0.9301997471818958,0.012603024991055768,0.35
an0,an0,27790.0,an0_46,11.180095567427596,71,81.7509973625129,0.13414634146341464,0.06014710685336995,,8,116.35595122882042,12,170.66334276141436,16,,2,,9,0.0,0.0,0.9075501752845374,0.10599257690383956,0.9333333333333333,0.0,0.0,0.9272125141498144,0.04854914444855925,0.9166666666666666,0.48343566235424856,0.5,0.9447855411808286,0.026622444462912617,0.7
an0,an0,27850.0,an0_46,10.122549668906007,84,89.17477661721986,0.045454545454545414,0.05029064350456351,,5,184.84447643559707,11,,9,,0,,5,0.0,0.0,0.9074328402223438,0.12528735544715974,1.0,0.0,0.0,0.9308580078698752,0.05590539813354883,0.9666666666666667,0.0,0.0,0.9383205790480744,0.03366872756516091,0.8166666666666667
an0,an0,27910.0,an0_46,6.123781363442877,83,83.65109129785078,0.0,0.021997800376453793,115.00573185443845,11,177.89118948845962,22,146.49739525468107,33,,6,111.26544836560899,11,0.0,0.0,0.9075235166699064,0.03736454425429296,0.7666666666666667,0.4779577277967822,0.5,0.9232727006703026,0.021293247336390386,0.5333333333333333,0.960183615134141,1.0,0.9336998985992128,0.011755597566599219,0.18333333333333332
an0,an0,27970.0,an0_46,10.742333023479485,82,83.72357823409206,0.0,0.036000722869046056,,9,160.85024940725145,11,121.83756594469928,20,,5,,9,0.0,0.0,0.9079018829130711,0.12320521814461693,0.8833333333333333,0.0,0.0,0.9258557213507196,0.060666584743696586,0.7666666666666667,0.0,0.0,0.939289093237403,0.03130606873241501,0.7
an0,an0,28030.0,an0_46,53.680785572583154,90,88.72661776366638,0.0,0.09554622987435608,131.91588689493688,10,139.76880556982903,16,131.6392726809867,13,,0,134.74255287605158,10,0.0,0.0,0.9127763170331858,0.09920361723072799,1.0,0.0,0.0,0.9231679500649661,0.0455823588114113,0.9333333333333333,0.4812441573357997,0.5,0.9392059898204816,0.02905060783806144,0.7833333333333333
an0,an0,28090.0,an0_46,7.629564181447445,83,82.58990944040586,0.0,0.01982738864147385,,3,114.25734879416825,10,,6,,0,,3,0.0,0.0,0.9163430771389991,0.0694362901164729,1.0,0.0,0.0,0.9141181502017502,0.03747156986668289,0.9,0.48130342948962146,0.5,0.9341132543248519,0.02043669074853232,0.5666666666666667
an0,an0,28150.0,an0_46,9.509509898140198,80,81.53680571427655,0.0,0.03054248464187564,,6,,9,221.66032748611104,11,,3,,6,0.0,0.0,0.9212514296436617,0.0837341409318843,0.9333333333333333,0.0,0.0,0.919688245442119,0.03661297602924479,0.6833333333333333,0.479355808036207,0.5,0.9311860267873566,0.027749243166150163,0.6166666666666667
an0,an0,28210.0,an0_47,10.299854250203351,80,83.70086149127685,0.04761904761904767,0.08242608780047907,162.24302233210076,12,170.5137207888935,12,177.38770355399242,12,,1,164.53792047041094,12,0.0,0.0,0.9195070100148001,0.18514022419228732,0.9833333333333333,0.0,0.0,0.9176067168260061,0.09985699339337373,0.9333333333333333,0.0,0.0,0.9258177888393957,0.044024831433630854,0.9
an0,an0,28270.0,an0_47,15.724200305227592,80,80.38068291429572,0.0,0.02074807269713698,208.3170566558341,15,130.9302901754085,16,216.38704875243448,14,,6,179.54804370975475,17,0.0,0.0,0.9204238208648894,0.06448264995534776,0.95,0.0,0.0,0.907852189934394,0.04257919174454019,0.75,0.9492416183379656,1.0,0.9192903627401112,0.019084495131362393,0.4666666666666667
an0,an0,28330.0,an0_47,14.875494849171895,75,78.74077748639417,0.025974025974025983,0.01844273906154612,178.9962075966538,17,197.51165754908862,14,142.30104300019136,14,,3,129.76902558006668,16,0.0,0.0,0.9004544924983698,0.086145407995821,0.9666666666666667,0.0,0.0,0.9006409589276388,0.05325100409425093,0.9166666666666666,0.47393025050755383,0.5,0.9131008350251795,0.02356966039909596,0.7
an0,an0,28390.0,an0_47,15.288243323792408,77,76.57563950230755,0.0,0.028938318362218586,282.99156969002627,11,170.96111201941997,16,167.51088273104327,16,,2,247.81041140355666,11,0.0,0.0,0.8941029693528221,0.05048040432432811,0.9666666666666667,0.0,0.0,0.9134810591838585,0.039301087721627506,0.9,0.9444853924806783,1.0,0.9081365433924058,0.013012517851142824,0.3
an0,an0,28450.0,an0_47,11.457691018611442,76,77.17900448088774,0.0,0.02065377314638577,109.95685330195741,12,163.85775915218358,21,149.33622163208145,14,,4,255.37303032110617,14,0.0,0.0,0.9045784360401521,0.05185852471642601,0.9333333333333333,0.0,0.0,0.9118730269366918,0.04302582114232731,0.7833333333333333,0.9477428306517014,1.0,0.9129047177528358,0.01016450753812662,0.13333333333333333
an0,an0,28510.0,an0_47,11.404697084944507,75,75.21256952448162,0.0,0.014312222546712765,134.65437631309226,15,156.8780779357191,19,178.66557228170737,24,,0,146.0593486680443,13,0.0,0.0,0.8972534447947365,0.08380026827903592,0.9833333333333333,0.0,0.0,0.9146725835059552,0.06642181723663285,0.9333333333333333,0.9505392356299489,1.0,0.9175653927165814,0.01591357712768937,0.15
an0,an0,28570.0,an0_47,11.031945697774837,75,75.59493211577887,0.0,0.015668484667143347,,9,93.06936082556474,13,172.8109661518083,15,,3,,9,0.0,0.0,0.8852689875526492,0.05579337341802447,0.95,0.0,0.0,0.9136572583069671,0.03819047757054385,0.8333333333333334,0.9428307424270141,1.0,0.9121671951006607,0.016493124706443152,0.4
an0,an0,28630.0,an0_47,13.730890203744044,75,76.32403112989789,0.0,0.024411910310627956,,5,169.2437289762729,18,155.84108423946435,12,,0,,5,0.0,0.0,0.8793497628936608,0.08462963335852416,0.95,0.0,0.0,0.9081242067281973,0.06182313330488397,0.9,0.9489081734725944,1.0,0.9156952490847696,0.01975126818335565,0.43333333333333335
an0,an0,28690.0,an0_47,12.844624657777771,75,76.59157288459872,0.0,0.03970957638392428,170.80633678965194,12,170.4386796856456,19,98.79029043572551,11,,1,174.7725795010606,12,0.0,0.0,0.8797441951273157,0.1047167168327729,0.95,0.0,0.0,0.9146441531786953,0.06181366012205315,0.8833333333333333,0.4746115297416411,0.5,0.9155446325785801,0.025974603140535794,0.6333333333333333
an0,an0,28750.0,an0_47,17.899084720526037,76,82.08821473179009,0.10588235294117643,0.03509472831554861,224.6061088809354,14,230.49675921716423,14,233.70296279617753,14,,0,218.68488041718138,14,0.0,0.0,0.8953081625907333,0.10336240141644001,1.0,0.0,0.0,0.9094576675436958,0.059837250835892086,0.85,0.0,0.0,0.9149353941392651,0.036320777414149547,0.7666666666666667
an0,an0,28810.0,an0_48,13.998146738639493,76,80.08339350717412,0.06172839506172845,0.02584070047676122,135.11128883005364,12,,6,,9,,4,131.7366519027467,12,0.0,0.0,0.8988584856947173,0.09876814004868742,0.9333333333333333,0.0,0.0,0.9194385584159668,0.03604466587053894,0.6333333333333333,0.0,0.0,0.9097025287997085,0.04069862964901865,0.8166666666666667
an0,an0,28870.0,an0_48,23.00358161202135,77,84.45660619564332,0.07228915662650603,0.09014079178134872,161.81496232193734,11,230.6909113857374,15,196.98150528233725,23,,0,161.86414056238647,11,0.0,0.0,0.8991000848392479,0.07063386093934884,1.0,0.47331973851045617,0.5,0.9107754674636993,0.02500263231848921,0.8166666666666667,0.0,0.0,0.9149944461387818,0.0319664145848922,0.8166666666666667
an0,an0,28930.0,an0_48,10.731380037738942,81,83.97139934129427,0.02409638554216864,0.0636106114892926,,9,149.47650933012136,15,126.72154358819577,11,,7,,9,0.0,0.0,0.9110036382674248,0.09229047036596351,0.9166666666666666,0.0,0.0,0.9055635641137927,0.039644876925733236,0.8166666666666667,0.23728708491353476,0.25,0.9179170722974346,0.0300920461736744,0.8166666666666667
an0,an0,28990.0,an0_48,15.973468701534332,78,78.42706674937035,0.0,0.03132292769186563,,6,,8,,7,,1,,6,0.0,0.0,0.9148770464693912,0.11356014026799394,0.9666666666666667,0.0,0.0,0.9035718396997814,0.041796662340796834,0.8166666666666667,0.0,0.0,0.9148799835880617,0.03514843854420245,0.8
an0,an0,29050.0,an0_48,12.544174957481156,77,79.26610158736689,0.025316455696202556,0.018835167532683616,126.13842206632197,20,137.0857911795346,30,117.86489003511237,24,121.82657959079236,19,128.77248518676834,18,0.9473439087992677,1.0,0.9171570150350775,0.019704543798220092,0.45,0.951064054074609,1.0,0.9212555347353184,0.008114980208567024,0.13333333333333333,0.9489844587522557,1.0,0.9201788488512007,0.006757983680690369,0.11666666666666667
an0,an0,29110.0,an0_48,12.547562912214484,75,77.07129094408874,0.025974025974025983,0.02854483775861176,,6,183.47660068019326,12,106.90152212192909,18,,2,,6,0.0,0.0,0.918257753240123,0.0846321238220972,0.9166666666666666,0.0,0.0,0.9287447872969536,0.05008419784084596,0.8833333333333333,0.9592355763882303,1.0,0.9320592939803838,0.011705722833756179,0.18333333333333332
an0,an0,29170.0,an0_48,12.081418887326954,78,78.71805031129759,0.0,0.02388590629389985,161.91648191393185,14,224.65282907662737,18,163.35107535658608,50,,9,144.53949863849212,13,0.0,0.0,0.9171261379291791,0.03510551395322522,0.6666666666666666,0.23900159180237307,0.25,0.9262627107461883,0.030966429867426024,0.5333333333333333,0.9623951333212054,1.0,0.9373252222020091,0.005233435176766934,0.0
an0,an0,29230.0,an0_48,17.16072245589321,77,77.70219081331061,0.0,0.03507036369354633,,4,,8,147.94214109403205,38,,2,,4,0.0,0.0,0.9086120791633479,0.055881654255201675,0.8666666666666667,0.0,0.0,0.923068063381562,0.05052893120348563,0.8666666666666667,0.9623205363911123,1.0,0.9372008939851872,0.005367951893427694,0.0
an0,an0,29290.0,an0_48,26.51486610030736,68,76.57373380533926,0.11688311688311692,0.03598110731160796,,6,,9,113.84454611041558,27,,0,,6,0.0,0.0,0.8900622130267343,0.07443765063338097,0.95,0.0,0.0,0.9224056324341381,0.05074175621940012,0.9333333333333333,0.9636449772680415,1.0,0.9394082954467359,0.007516563947672196,0.0
an0,an0,29350.0,an0_48,17.600327454482503,73,77.01895564851836,0.051948051948051965,0.03630070404737029,275.5055721986399,11,,8,182.76670671876053,22,,0,273.58728040608906,11,0.0,0.0,0.8432289624479008,0.09106195490607057,1.0,0.0,0.0,0.9201223233623395,0.060432709238186305,0.9666666666666667,0.9651247291552234,1.0,0.941919615115231,0.007789538472538158,0.1
an0,an0,29410.0,an0_49,37.351507510260035,77,76.69074329961872,0.0,0.03529437048102537,197.03924200682715,11,168.91990867530978,11,119.15417049417047,27,,2,209.20484379350938,10,0.0,0.0,0.8505926616573606,0.04632437692472256,0.85,0.0,0.0,0.9179647147331935,0.0439730606882774,0.8333333333333334,0.966363261620519,1.0,0.9439387693675316,0.006513491701324568,0.18333333333333332
an0,an0,29470.0,an0_49,48.15803705088396,73,77.66537871582216,0.0641025641025641,0.039808949789641626,296.5921761363784,13,137.39786689801628,11,154.78291910327493,22,,1,293.85370509830227,13,0.0,0.0,0.8712359030053408,0.04475387192677331,0.9833333333333333,0.0,0.0,0.9161416917286805,0.035982474072920885,0.9666666666666667,0.964737411425882,1.0,0.9414144557524375,0.005381794391870547,0.08333333333333333
an0,an0,29530.0,an0_49,12.122118747458906,74,75.03479738736475,0.0,0.019133306078452865,,9,,8,132.02144184343285,38,,1,,9,0.0,0.0,0.89124727471038,0.05043255046679643,0.95,0.0,0.0,0.9056339095427649,0.04080956569538577,0.85,0.9638257836148981,1.0,0.9402359461858141,0.0067673654045763984,0.1
an0,an0,29590.0,an0_49,11.198121023781534,76,76.33257594466511,0.0,0.028782902253182707,,7,,7,131.49291933340527,29,,0,,7,0.0,0.0,0.8951514953139517,0.050954419715278726,1.0,0.0,0.0,0.906233997650444,0.041131021104873905,1.0,0.9646177952906185,1.0,0.9410927564484032,0.006102074489302647,0.08333333333333333
an0,an0,29650.0,an0_49,9.783109148297564,76,77.31415770412033,0.0,0.019105945890952384,,4,137.7503245358145,10,119.71784571944718,29,,7,,4,0.47095101812811396,0.5,0.9036508765593628,0.026610182742109925,0.7666666666666667,0.47096718748933886,0.5,0.9042176169575284,0.022022926550478245,0.6166666666666667,0.9662053671844382,1.0,0.9448557742300949,0.005389047437367416,0.1
an0,an0,29710.0,an0_49,10.235113326779993,74,75.41985289362,0.0,0.05086703931726569,,5,130.5484340381289,14,144.87257438310453,39,,8,,5,0.0,0.0,0.9059078336154484,0.033181988193036374,0.75,0.4714814549027404,0.5,0.9055158506449825,0.026598434224916395,0.6666666666666666,0.963422391653986,1.0,0.93903731942331,0.0047574004402116486,0.11666666666666667
an0,an0,29770.0,an0_49,8.288992876331339,76,76.29331473478176,0.0,0.029112360629221373,230.06010735195196,13,,9,125.53798616375875,49,,9,226.55021518418383,13,0.0,0.0,0.9034899022319701,0.030756185279428475,0.7333333333333333,0.47381808095610345,0.5,0.9127269365203449,0.02388394466924427,0.6333333333333333,0.9672159306578467,1.0,0.9453598844297445,0.005104465200822391,0.0
an0,an0,29830.0,an0_49,6.292965106942963,76,78.21329547816195,0.02564102564102566,0.04490330881523387,200.90549601573105,14,144.5434311394915,14,100.24980227271317,48,144.43620185483277,11,204.81699148264042,13,0.4625582785380205,0.5,0.8922736412054126,0.02930536290238228,0.7,0.4758268500027455,0.5,0.918815675021784,0.021583365892639757,0.5833333333333334,0.9717605490176024,1.0,0.9529342483626708,0.0037250023476873275,0.0
an0,an0,29890.0,an0_49,7.22840097043416,75,76.03685759956232,0.0,0.031701107164641515,,9,191.4593888822009,13,189.82343582859502,34,,6,112.15069227507148,10,0.0,0.0,0.8667524853355544,0.04648282212457244,0.85,0.0,0.0,0.9145823855024912,0.03267568358996868,0.85,0.9626232896323934,1.0,0.9377054827206557,0.007255190792791152,0.0
an0,an0,29950.0,an0_49,28.600775053951505,75,78.61418907525093,0.05063291139240511,0.04050032117268291,127.2065132486055,18,136.34621865363863,13,100.56510545714184,34,,8,129.06906495908214,18,0.0,0.0,0.8516035156928131,0.03606352828094139,0.7333333333333333,0.4731558419550958,0.5,0.9033603703981216,0.02485337303793856,0.6166666666666667,0.9588583402031139,1.0,0.9314305670051899,0.004811553890337034,0.0
an0,an0,30010.0,an0_50,7.675524282674171,77,77.99997660016936,0.0,0.023151835257868174,198.56664104904428,12,226.19177643442853,21,127.22027180679088,41,,1,199.6360324554299,12,0.0,0.0,0.900233254559019,0.041679848618614596,0.7833333333333333,0.4700394907720056,0.5,0.9013978931323006,0.02865214716753047,0.6833333333333333,0.9667768584192475,1.0,0.9446280973654126,0.005774086186356891,0.08333333333333333
an0,an0,30070.0,an0_50,8.303586539788906,76,77.97960053658659,0.0,0.02018234319122887,272.99070640087734,10,293.6143454905446,12,145.87248847790607,20,,3,273.27235092079434,10,0.0,0.0,0.9052254686431012,0.057093932744941844,0.8666666666666667,0.0,0.0,0.900380027235952,0.03920134044856882,0.8333333333333334,0.968667614593156,1.0,0.9477793576552599,0.007689186540839759,0.0
an0,an0,30130.0,an0_50,8.52957482146318,77,77.88849483079485,0.0,0.02131667995775442,225.32889734600545,16,297.2744936350447,10,139.19082036059797,41,,9,225.63983099916854,16,0.0,0.0,0.9001780083279609,0.04082193261814956,0.7166666666666667,0.47069185791359625,0.5,0.9023061930453209,0.025470353031331296,0.6,0.9693130519026477,1.0,0.9488550865044129,0.005167356440310774,0.0
an0,an0,30190.0,an0_50,6.804315165288802,73,78.52200644677951,0.07594936708860756,0.02776612368306683,153.32294407650951,27,146.19763602499486,17,108.41040602138214,44,154.2750935876822,22,152.07538616397815,27,0.9414827628217484,1.0,0.9116835325048114,0.018272829743542766,0.4666666666666667,0.9304209802370549,1.0,0.8840349670617582,0.011671095881374114,0.4166666666666667,0.9701249122802702,1.0,0.9502081871337836,0.004188278851803778,0.0
an0,an0,30250.0,an0_50,8.125764487487693,78,78.94035727077133,0.0,0.04052392402830128,,4,79.71047462927943,11,160.67940469689947,12,,0,,5,0.0,0.0,0.9210144569746125,0.09234358257631639,0.9666666666666667,0.0,0.0,0.8562936681797931,0.10214789849403562,0.9833333333333333,0.0,0.0,0.9442084118465426,0.0397496250833588,0.6166666666666667
an0,an0,30310.0,an0_50,8.209210862933135,78,79.73549079851537,0.0,0.023995771689422987,167.50253248435342,17,135.5418091632615,12,163.9591274864291,28,,9,172.9781158743168,15,0.0,0.0,0.9190166630378047,0.05173511302698038,0.85,0.0,0.0,0.8510547360288954,0.0722187716333044,0.9,0.48043008027914597,0.5,0.93476693426382,0.02294130546869583,0.65
an0,an0,30370.0,an0_50,5.9601718852655265,79,80.18635308464519,0.0,0.02528333429654887,277.64618193620095,10,,9,174.05758562448787,28,,3,275.9830912694955,10,0.0,0.0,0.9220262849644396,0.03605235785756957,0.75,0.0,0.0,0.8946781261820609,0.05309655882562409,0.9666666666666667,0.4793245843260374,0.5,0.9310819477534581,0.02092259275686504,0.6166666666666667
an0,an0,30430.0,an0_50,6.558115521280259,80,80.19632059275303,0.0,0.028607333360911893,,9,,8,107.39275173399739,26,,4,272.9265265394496,10,0.0,0.0,0.9135171445600851,0.03652572526084319,0.85,0.0,0.0,0.8911294025792936,0.05636365571157362,1.0,0.9603989682155561,1.0,0.9391674596570295,0.018179226588266425,0.4166666666666667
an0,an0,30490.0,an0_50,5.515109849856211,80,81.51365421635803,0.0,0.019890431408102063,,4,30.43258374723725,24,101.3644292780552,42,57.482357409489325,23,,4,0.2331784078209561,0.25,0.8918529152458483,0.03353029660467975,0.55,0.0,0.0,0.904467230053311,0.05294521921337125,0.7166666666666667,0.48404184025746916,0.5,0.9441451779993555,0.026932315235934493,0.6333333333333333
an0,an0,30550.0,an0_50,4.80615489499655,80,80.63974195289798,0.0,0.019385880589248443,,5,,8,116.35773947252606,41,128.3724744152733,11,,5,0.46605242139699005,0.5,0.8874810138324762,0.028763815418345072,0.5666666666666667,0.0,0.0,0.9240751494892696,0.04954515565993941,0.85,0.970419470011991,1.0,0.9524669076598762,0.01405675004105894,0.2833333333333333
an0,an0,30610.0,an0_51,6.311979578657145,79,79.9150769115378,0.0,0.021598571809861758,,8,137.553256731711,12,161.04732939689256,34,,5,,7,0.0,0.0,0.8942487535194489,0.05774970663472072,0.8333333333333334,0.0,0.0,0.9320369678154127,0.08930358716120078,0.9333333333333333,0.4829837921511908,0.5,0.9470578837460394,0.024362618764189232,0.6166666666666667
an0,an0,30670.0,an0_51,5.901051561147556,80,80.74929966810181,0.0,0.03346302667633577,,9,167.55945773068137,14,60.48017119920283,44,95.84253239363514,13,116.89433568092902,15,0.935220723073686,1.0,0.893690061512549,0.01881337518149053,0.48333333333333334,0.0,0.0,0.9373434159259443,0.03024474254150883,0.6,0.9669165740746727,1.0,0.9477201907405275,0.01099997928550502,0.2833333333333333
an0,an0,30730.0,an0_51,19.596702880976864,78,78.86699672499823,0.0,0.03347093250485675,,7,161.0005011115589,14,182.42267343362352,23,,6,188.83544034267445,18,0.0,0.0,0.8942776548311804,0.0500238741640929,0.9,0.0,0.0,0.9393722903548514,0.10701243869752357,0.9666666666666667,0.48488168447786234,0.5,0.9525065190721395,0.025968266423543135,0.7333333333333333
an0,an0,30790.0,an0_51,6.296727655631546,79,80.60269320459969,0.0,0.037358552403517264,185.15240414430664,10,101.09400491552954,10,130.10682106197757,30,130.7281291459493,10,124.49899597988733,12,0.0,0.0,0.9023983394426547,0.04572671614140826,0.6666666666666666,0.0,0.0,0.9311851100907137,0.08366399405144762,0.7666666666666667,0.4846823271671864,0.5,0.9412472022497158,0.022220112088250636,0.55
an0,an0,30850.0,an0_51,7.998638857516676,80,80.67020808873545,0.0,0.036426853885410296,263.4330515638651,10,,9,142.60164912809293,30,,6,261.7462723920077,10,0.0,0.0,0.8980821415719291,0.05300046607407453,0.8666666666666667,0.0,0.0,0.9255988899990356,0.09673778323315507,1.0,0.48284352474988174,0.5,0.9422649730810374,0.024504904564058107,0.6833333333333333
an0,an0,30910.0,an0_51,6.707857618835888,79,80.7969814249435,0.0,0.035411406326773955,,4,,3,159.30787568714982,22,,2,,4,0.0,0.0,0.881214699144477,0.03643888446242433,0.8833333333333333,0.0,0.0,0.9271861853530997,0.06723114753778847,1.0,0.48048746181566415,0.5,0.9372069594721602,0.027752613799626936,0.6
an0,an0,30970.0,an0_51,5.837631898710134,85,88.09304975189785,0.02298850574712641,0.040894945037788406,43.87917213393037,12,114.87677185599172,15,122.60430080219581,33,,2,43.69314487526515,12,0.46093467526022414,0.5,0.8640843399254193,0.028605197347423814,0.5833333333333334,0.0,0.0,0.9292698987215134,0.045845873882572705,0.7666666666666667,0.9601326468504479,1.0,0.9355290923597352,0.019641200645734543,0.48333333333333334
an0,an0,31030.0,an0_51,8.993241961166035,80,83.4378044176441,0.04761904761904767,0.041970899856692286,132.19241557508857,14,126.06591801552136,14,150.3301838533756,35,,6,171.6516405813988,15,0.0,0.0,0.8613460054642444,0.03175725610202415,0.7,0.0,0.0,0.9280605530392723,0.05704604178392384,0.8166666666666667,0.961383034226232,1.0,0.9395192363836834,0.016575450556037902,0.36666666666666664
an0,an0,31090.0,an0_51,9.728035398800989,79,83.72381188940832,0.059523809523809534,0.07740023164885511,,9,176.2580339481012,11,158.04631503237428,13,,2,,9,0.0,0.0,0.8965507761307604,0.06107885254105769,0.8666666666666667,0.0,0.0,0.9318264970700451,0.11515680896924733,0.9333333333333333,0.0,0.0,0.9378759724146752,0.03834955202036784,0.8333333333333334
an0,an0,31150.0,an0_51,32.40216684410333,71,86.17841805178566,0.15476190476190477,0.09924766447415709,,6,,9,159.03763312499342,21,,2,,6,0.0,0.0,0.9197951390459541,0.0496775720890735,0.9666666666666667,0.0,0.0,0.9261156061005736,0.10292661913763543,1.0,0.4800871664567996,0.5,0.9333528728578574,0.026338814535679315,0.7833333333333333
an0,an0,31210.0,an0_52,9.45864711707317,82,83.35440347426048,0.0,0.043856067221835104,57.49844314015525,13,78.90238233095373,19,94.11311419174082,35,,0,68.44425019397454,14,0.0,0.0,0.9431509099709985,0.033714233617602285,0.7166666666666667,0.0,0.0,0.9314248507038481,0.06585694759769992,0.8166666666666667,0.48276304459634767,0.5,0.9431458380502713,0.023624165183725454,0.6333333333333333
an0,an0,31270.0,an0_52,40.12843901982733,70,88.85591347181919,0.2134831460674157,0.08502166609316021,142.74489503154146,20,154.296875,17,105.45841549897082,15,,3,154.03348918165062,20,0.0,0.0,0.9389571103544436,0.04376289331964274,0.7,0.0,0.0,0.9314474981289862,0.06721870074598421,0.7666666666666667,0.2419209517294528,0.25,0.9461396781963519,0.03078159888130922,0.55
an0,an0,31330.0,an0_52,13.52890351132622,80,87.93914611080768,0.1208791208791209,0.04954396274225769,94.65575425938597,50,72.64809607946094,52,78.88659396014417,50,,6,94.2099262502717,50,0.9662349103820747,1.0,0.9441282897413584,0.006158843239036761,0.1,0.9710839878956617,1.0,0.9526606876524555,0.00951863320683239,0.13333333333333333,0.9702814171586881,1.0,0.9511450252273876,0.01163021580137558,0.26666666666666666
an0,an0,31390.0,an0_52,40.89404895106779,77,91.20481561435514,0.18947368421052635,0.11975583934572101,90.19047473516561,23,95.79569540095703,18,68.94897028580066,19,,7,96.54446298640505,25,0.48511243776778545,0.5,0.9497242217505811,0.026690381297311192,0.55,0.0,0.0,0.9537280793576737,0.037436847988498174,0.65,0.0,0.0,0.952883704829367,0.030870285216890548,0.6333333333333333
an0,an0,31450.0,an0_52,73.37320418229898,40,94.95285986150891,0.49367088607594933,0.24827753375245556,43.28717242873459,71,54.01370630451127,66,103.46770706964564,36,,3,44.7053847827242,71,0.48191446720495446,0.5,0.9376865923231694,0.02472753370435546,0.7666666666666667,0.0,0.0,0.9478704384601042,0.03631784683321315,1.0,0.9622949954853238,1.0,0.9432350250547602,0.018148854679423947,0.45
an0,an0,31510.0,an0_52,,28,,0.6,0.28323649661863964,28.477989206628926,88,33.409155189900765,88,90.77304717673633,44,,0,28.263944783286068,88,0.4933298378394641,0.5,0.9785653459774806,0.02687097200467443,0.9833333333333333,0.0,0.0,0.9758531436473198,0.042926222717763744,1.0,0.9626777048088163,1.0,0.938473696449913,0.016412961042349176,0.18333333333333332
an0,an0,31570.0,an0_52,,24,,0.6712328767123288,0.27351261528515974,23.351355051132614,107,32.154292961768135,100,98.83164467086165,60,,1,24.165311174304033,107,0.4958160475955096,0.5,0.9858277766320713,0.024008574041029997,0.8,0.0,0.0,0.980446118204207,0.03824813758682813,1.0,0.9699346564247061,1.0,0.9498910940411769,0.012834227176098355,0.08333333333333333
an0,an0,31630.0,an0_52,23.419452049311598,96,97.04450946425877,0.020408163265306145,0.05951639928755769,100.589624561604,28,102.05301130528815,23,79.59553516843768,51,167.8114480342332,27,98.75146506179972,28,0.9530116969624904,1.0,0.9216861616041507,0.006307546269853486,0.0,0.9824510999285584,1.0,0.9724002722324285,0.010613733323283102,0.05,0.9696039326117916,1.0,0.9493398876863193,0.010298076838786198,0.0
an0,an0,31690.0,an0_52,16.5039785932519,89,92.68943016068101,0.02197802197802201,0.0548274514149939,109.95994277312246,50,107.5460929526266,47,78.65445592908262,51,112.08992749163409,48,108.84364370743108,50,0.96000477818991,1.0,0.9356306401773351,0.0069601515456855344,0.1,0.9614712516455153,1.0,0.9357854194091921,0.011970741628608197,0.1,0.9699705142759653,1.0,0.9499906569692164,0.012172333222613126,0.23333333333333334
an0,an0,31750.0,an0_52,36.752917736547126,84,87.52224523727995,0.045454545454545414,0.03564947781849641,95.21590313143396,40,87.80136285147508,37,96.1823875909322,66,95.21590313143396,40,95.95777580187082,39,0.9699040152266104,1.0,0.9502080891561835,0.006219320483707235,0.13333333333333333,0.9675766657886415,1.0,0.9544297619905895,0.010509202125326963,0.25,0.9758570374795373,1.0,0.9597617291325622,0.010451492426831476,0.13333333333333333
an0,an0,31810.0,an0_53,22.03545267226277,83,85.9624716506813,0.02352941176470591,0.05499513092771495,115.7420941527799,32,94.25725400010667,33,89.36383681476352,45,115.7420941527799,32,112.66654339243749,33,0.966199777387191,1.0,0.9440257270006226,0.009865358721719394,0.18333333333333332,0.9700308798164605,1.0,0.9512048794309849,0.016590120782791533,0.23333333333333334,0.9711377335237292,1.0,0.9519071675521275,0.016316537760675622,0.2
an0,an0,31870.0,an0_53,45.481340896845836,83,89.23100718013568,0.0674157303370787,0.08841426827661976,132.8125,13,239.32490024567892,13,150.5638545064989,13,,6,127.50816967290109,13,0.0,0.0,0.9377460286960109,0.0351244325328246,0.8333333333333334,0.0,0.0,0.9416045985084956,0.055414075134933224,1.0,0.0,0.0,0.9498380863364477,0.03225984518786433,0.65
an0,an0,31930.0,an0_53,18.81343126811575,83,82.57899713298805,0.02352941176470591,0.035450894887831146,115.02362663325425,44,57.27686835396555,49,54.36460306215589,53,115.02362663325425,44,111.69934729463066,44,0.9619049849899046,1.0,0.9365083083165078,0.004635690090653629,0.11666666666666667,0.9633917507041034,1.0,0.9389862511735059,0.008271976320456184,0.15,0.9709740538151986,1.0,0.9516234230253311,0.009769724941084012,0.06666666666666667
an0,an0,31990.0,an0_53,15.51108167749802,80,80.35673031136263,0.0,0.028231419193282,105.2696326422802,33,92.10801658243435,38,109.93978392353885,35,79.99279358923326,32,109.84363886907607,33,0.9637658372556946,1.0,0.9398861521965061,0.007173078413140483,0.23333333333333334,0.9766828249848614,1.0,0.9614245849973003,0.011042373306481054,0.23333333333333334,0.977432657531057,1.0,0.9625831132223921,0.015013436158765228,0.2833333333333333
an0,an0,32050.0,an0_53,26.983448757363,84,85.14134527580832,0.0,0.020475395387177343,96.83809060700605,15,168.18274366847848,15,122.3099210893172,21,96.83809060700605,15,91.57354577449912,15,0.9709015166835795,1.0,0.9515363979771065,0.013707371339932956,0.45,0.4868882425748845,0.5,0.954439405823918,0.023347196567054626,0.6,0.0,0.0,0.9474856367354004,0.032001950583507105,0.6166666666666667
an0,an0,32110.0,an0_53,37.22483598417713,77,78.12062605869376,0.0,0.04620556584523981,137.1793743079414,42,101.12284646965294,51,107.55397496318741,37,137.1793743079414,42,121.56036803548712,40,0.9661357672177122,1.0,0.9442489926531453,0.007331795831072227,0.15,0.9678101846770393,1.0,0.947091001889748,0.012478440983819469,0.26666666666666666,0.9652364063873307,1.0,0.9420606773122178,0.012985790797287967,0.21666666666666667
an0,an0,32170.0,an0_53,7.37293145883959,77,79.55713196558115,0.04938271604938271,0.04181470552949388,176.9354468266605,26,99.79430341854021,19,117.50329473914155,29,151.40363544477015,22,177.1214272751888,26,0.9632536423002829,1.0,0.9398284732531871,0.01702007476204285,0.4,0.48536804046503657,0.5,0.9547647635329879,0.027736373797125572,0.6166666666666667,0.7254925098911305,0.75,0.95320175335357,0.020820861298223435,0.5
an0,an0,32230.0,an0_53,16.084756966193325,77,78.1155406959988,0.0,0.03914812899208882,121.03719471305673,40,66.53704202534524,44,104.51682682632376,41,121.03719471305673,40,124.14838103181415,40,0.9678799761758617,1.0,0.9466702865288135,0.01042356612865739,0.23333333333333334,0.9749026027103072,1.0,0.9591327687104905,0.016737659192555487,0.43333333333333335,0.4878371449888823,0.5,0.9542301032410077,0.020489997546101764,0.5166666666666667
an0,an0,32290.0,an0_53,9.00968088540041,75,75.05957854022415,0.0,0.0341383719646908,137.53308615359367,23,110.0368674747868,30,150.9885943853697,34,137.53308615359367,23,134.70506503266515,23,0.967205482304742,1.0,0.9456863057727463,0.010698593545058137,0.1,0.9748942936120881,1.0,0.9594174358525439,0.017968752288695163,0.43333333333333335,0.9692476302146615,1.0,0.9505106037625018,0.01507563889454118,0.2833333333333333
an0,an0,32350.0,an0_53,7.223246688800159,72,73.3151267434815,0.0,0.02867434632516752,87.61941095026683,47,44.283185341981195,63,99.85952046813063,51,87.61941095026683,47,87.87342675937239,47,0.9676077182205409,1.0,0.9460128637009015,0.005695654080538978,0.0,0.9764008834518421,1.0,0.9628370756961089,0.009825219188229227,0.08333333333333333,0.9680930943627704,1.0,0.9468218239379507,0.011286214050166856,0.0
an0,an0,32410.0,an0_54,12.721820814613277,74,75.2039436948365,0.0,0.06155719665182128,121.29193385214283,28,122.14803473291293,32,151.38363765898893,37,133.30942575373908,25,122.79160304262575,28,0.9702436195603238,1.0,0.9504060326005396,0.015042712403079545,0.43333333333333335,0.49375804120249633,0.5,0.9679261638423755,0.024701454794666802,0.5833333333333334,0.9667698003632255,1.0,0.949758318358007,0.015219888839643283,0.43333333333333335
an0,an0,32470.0,an0_54,17.16025642053242,79,82.91896881964728,0.0,0.12092692323326555,133.2254609205763,26,45.62603197218432,29,112.69926961619498,22,89.61552104318818,20,140.4650660577522,24,0.484459609931878,0.5,0.9475455796600665,0.025568811805507415,0.55,0.0,0.0,0.965222632124999,0.032624414665540474,0.7833333333333333,0.48381396475248295,0.5,0.9460465491749431,0.025676473885583365,0.6666666666666666
an0,an0,32530.0,an0_54,25.57980764694364,91,92.24241306141954,0.0,0.14584201246173706,93.03881597254734,35,105.1680090739373,34,99.11372330932372,40,82.9692334193611,29,91.42660186954213,35,0.9283783082511473,1.0,0.8834258954420267,0.019064686992209548,0.38333333333333336,0.47099906469344277,0.5,0.9092102844403016,0.02914204850904557,0.9166666666666666,0.9472951391727109,1.0,0.9139850059015504,0.015545053254246224,0.35
an0,an0,32590.0,an0_54,7.793988555777353,88,91.05388037477987,0.0,0.058235976210166074,128.60998150901818,19,64.45138422337276,18,84.22476497536962,41,132.90708137421333,18,114.19281938896158,16,0.4651210621609608,0.5,0.8894227874080816,0.026360295353103604,0.5666666666666667,0.0,0.0,0.9263681935057282,0.031967900780995914,0.8,0.9575021561928017,1.0,0.9404662043295586,0.016012427712989878,0.4166666666666667
an0,an0,32650.0,an0_54,9.89580788467666,76,77.1457611296632,0.0,0.026780215434397174,90.27167806891708,40,64.50468040881108,36,107.96383174398615,41,85.60092258635495,38,88.98285631484707,40,0.9434640704283761,1.0,0.9089591905442489,0.007790424560460148,0.2833333333333333,0.9543352547622147,1.0,0.9298652275443531,0.013256153215867296,0.43333333333333335,0.9678578213078276,1.0,0.9464297021797127,0.013637438348189666,0.23333333333333334
an0,an0,32710.0,an0_54,9.602142818142843,77,78.05548183624619,0.0,0.05100568876879188,164.44050255125816,30,130.6160284000398,26,74.50374740062483,37,137.9307226808417,28,84.64859488133642,27,0.9637056405124378,1.0,0.9439994576511037,0.019194240789487456,0.48333333333333334,0.24224213216714624,0.25,0.95424699067224,0.029718180776450075,0.7166666666666667,0.9726569854710171,1.0,0.9629510131615654,0.011999172136802337,0.35
an0,an0,32770.0,an0_54,12.61987236037621,76,76.2259515061457,0.0,0.03788442238446933,77.02128344359507,37,93.48740712416091,37,97.84931573413357,39,59.75413492491545,35,79.28499928177531,37,0.9652766278349554,1.0,0.9438027050135702,0.014486679964156786,0.31666666666666665,0.48569704502623445,0.5,0.9505556422879928,0.021905699175394717,0.5333333333333333,0.9777765350156772,1.0,0.9658936176024695,0.014002041917458286,0.45
an0,an0,32830.0,an0_54,10.017932387848584,74,74.60575521223446,0.0,0.03556407560882452,176.0511045916821,37,85.90521087618502,34,134.79737006153627,38,175.71303239789668,36,174.31612407092786,37,0.96787805204895,1.0,0.9484197198000249,0.00993751208715752,0.23333333333333334,0.9695867592016794,1.0,0.9581372108600065,0.017341893636245463,0.48333333333333334,0.9730870569793606,1.0,0.9570643181322019,0.019064008473940016,0.43333333333333335
an0,an0,32890.0,an0_54,12.646907082328864,73,74.11625628891956,0.0,0.038458742585468934,100.31335823128522,39,112.90196321858673,46,89.9554154461648,39,98.27716457477855,38,100.05261773581675,39,0.9639686175354485,1.0,0.9404116170662453,0.00772363657636964,0.2,0.9725959595959971,1.0,0.9579194524522354,0.013472043143792026,0.2833333333333333,0.971097819983012,1.0,0.9526412884585711,0.016530623054478433,0.45
an0,an0,32950.0,an0_54,13.657152021147375,72,73.17876352297343,0.0,0.01701994671068929,102.72116977289635,42,64.69364618834571,57,101.81486347290203,45,102.72116977289635,42,101.46488038340908,42,0.9693769294210495,1.0,0.9489615490350825,0.005467163230200077,0.18333333333333332,0.9784138954372408,1.0,0.9640231590620679,0.009627055119904545,0.21666666666666667,0.9743675346925404,1.0,0.9572792244875675,0.011802499027102762,0.25
an0,an0,33010.0,an0_55,13.508321384824619,73,74.04180647192491,0.0,0.024364610205365903,114.3010752974124,39,122.18510227826468,36,122.54738191468938,39,116.70909291821124,37,114.71933714849243,39,0.973115920183284,1.0,0.9573683890687683,0.009579819201825941,0.36666666666666664,0.9730951234343561,1.0,0.9602736260654869,0.01694888077788254,0.4166666666666667,0.9696253955127973,1.0,0.9535305867345275,0.014362899231094855,0.4166666666666667
an0,an0,33070.0,an0_55,13.271956527398896,76,77.25243972853175,0.0,0.028156939529062945,42.03531578848314,41,49.56475601738094,49,89.71470704572872,55,42.03531578848314,41,42.720018726587654,41,0.9785051804042317,1.0,0.974115648358542,0.008005706936710794,0.11666666666666667,0.975722301468581,1.0,0.964636535473197,0.012137759300883861,0.2,0.9750850547064356,1.0,0.9629620971547974,0.01043959124725696,0.18333333333333332
an0,an0,33130.0,an0_55,17.873555940356553,88,93.52116539864606,0.0,0.2044977253335736,91.5149214703028,52,115.2509257182182,41,88.05106883312803,41,164.35454449038778,15,92.0038362371534,52,0.47447614655564674,0.5,0.9617747174625808,0.02992758090640214,0.8666666666666667,0.0,0.0,0.9565134062262858,0.05083543294722565,0.9333333333333333,0.957241978580906,1.0,0.9523365370507505,0.018983148881315498,0.45
an0,an0,33190.0,an0_55,3.4898111879623075,118,119.30362474273781,0.0,0.14824354805547163,80.52940675034493,45,148.7211419085909,22,67.40352427898168,56,73.24465692676132,30,80.96014732289866,45,0.962541533737198,1.0,0.9435438521969131,0.01587724165098813,0.4166666666666667,0.4672347175309862,0.5,0.8940552235191908,0.02728780070328469,0.75,0.9544993382062622,1.0,0.9279438167268051,0.016534591106634758,0.4666666666666667
an0,an0,33250.0,an0_55,6.3311219761899915,102,102.40996244070381,0.0,0.08841227831450296,70.48280466431663,29,88.14991088363676,30,37.46743377588062,70,69.86094716404443,28,68.47234141214639,27,0.9596681597891963,1.0,0.9331992488127226,0.017679157785167786,0.36666666666666664,0.47847506597435546,0.5,0.9287176999799382,0.029238894119303353,0.6166666666666667,0.9785951346694094,1.0,0.9663577117111417,0.010735601055482104,0.2833333333333333
an0,an0,33310.0,an0_55,6.056571001772061,99,100.98391999405698,0.0,0.22066786594933807,122.0976531881858,45,92.09993515959954,42,90.9636612550249,38,142.01784177635042,21,119.92590304943391,46,0.0,0.0,0.9272348664218156,0.030127754873227254,0.8,0.0,0.0,0.927889360619027,0.05283690526555008,0.8833333333333333,0.48781261090266553,0.5,0.9568788425937134,0.021230051127854956,0.5333333333333333
an0,an0,33370.0,an0_55,6.276720512886921,88,87.70583463061388,0.0,0.04701799797031158,63.36210969060645,37,73.33769814188335,26,89.31901020878713,32,38.24478948812598,29,61.37317546507323,37,0.47748070400219705,0.5,0.925531653793493,0.02107801826753112,0.5333333333333333,0.0,0.0,0.9277039338750543,0.03667992989498179,0.6666666666666666,0.480045827443673,0.5,0.943540360498108,0.02899287711942769,0.6833333333333333
an0,an0,33430.0,an0_55,11.033221618180608,77,77.70792698541767,0.0,0.03174984677710308,112.59606513519276,22,122.789792705125,38,110.64490953923026,46,114.39939882122587,20,114.51762185046331,22,0.9619203528972012,1.0,0.943981881919635,0.01750668120725743,0.36666666666666664,0.482929678554197,0.5,0.9355667439102086,0.024462063832206844,0.7,0.9654205723353488,1.0,0.9511919932762949,0.015027540589884694,0.36666666666666664
an0,an0,33490.0,an0_55,13.379675409410467,73,73.72275329956902,0.0,0.043426774963944446,88.26875124251765,27,67.7642821255069,35,113.96364982354966,44,76.51332391798938,25,87.15591687403584,27,0.9704624008534521,1.0,0.9546403492331734,0.018147594583832947,0.48333333333333334,0.24291203260121222,0.25,0.9538315361817864,0.029796921320863083,0.55,0.7294968127055943,0.75,0.9589996070143978,0.019473638154152623,0.5
an0,an0,33550.0,an0_55,16.652264702211607,75,75.03019965575861,0.0,0.07896765135274818,176.83063503343567,17,137.61663073034242,15,152.547786196055,27,89.63728217048258,15,173.94323786798958,17,0.0,0.0,0.9512535326850798,0.03606696750490053,0.75,0.0,0.0,0.9539285992480401,0.051855870566600404,0.8666666666666667,0.4873648987023247,0.5,0.9578564688460103,0.023914634790493272,0.6
an0,an0,33610.0,an0_56,34.41444382567788,86,84.84042929295028,0.0,0.0805943272996586,175.6261716725024,15,156.11472509608734,14,88.26640459510662,35,140.22987418391406,12,176.1492873348383,15,0.0,0.0,0.9389538362410884,0.031423740049646195,0.65,0.24098091743890096,0.25,0.9480372356088277,0.02985165717141032,0.5666666666666667,0.9652456571044963,1.0,0.9425505099851316,0.010913991327025068,0.16666666666666666
an0,an0,33670.0,an0_56,5.965780705674848,86,91.37976593143023,0.0444444444444444,0.08783482026184553,118.61972020213727,16,119.53830837483709,18,106.9545381548062,20,97.17515424571535,15,109.83754237183985,15,0.4736279043366982,0.5,0.9292244409328055,0.029553688654719648,0.8166666666666667,0.0,0.0,0.9283793516407777,0.04632976820245184,0.9,0.4806641690220186,0.5,0.9373937482005279,0.023966124329095468,0.7833333333333333
an0,an0,33730.0,an0_56,21.487705525679008,83,85.7381699191847,0.011904761904761862,0.05291784245081855,144.6895248238448,22,117.82055571762244,17,86.40968761998468,31,122.1045958802102,19,128.432861838394,21,0.47438337072653963,0.5,0.9122196807092012,0.022017565904094608,0.5166666666666667,0.4748975097117279,0.5,0.9179308620572898,0.025783818400921553,0.6333333333333333,0.4837617840885017,0.5,0.9444432761047926,0.02081857478070065,0.55
an0,an0,33790.0,an0_56,11.75078236562604,82,83.54207248350077,0.0,0.04354802733258792,181.26010208916634,21,94.5508077118889,18,94.89396911228832,29,146.70556217354627,17,156.54157006333728,20,0.47567995497987126,0.5,0.9212668807345745,0.024337509188821514,0.6666666666666666,0.0,0.0,0.924769424752926,0.04068176044301995,0.8,0.4834837063752684,0.5,0.9455930049522739,0.02929863823143053,0.6333333333333333
an0,an0,33850.0,an0_56,8.789351442852396,78,79.14215183534792,0.0,0.05285956378481409,145.3733911400656,21,165.64921487406107,22,107.10905103518286,28,146.73156227338242,17,143.31782861877304,21,0.9542605748776025,1.0,0.925271257986506,0.015572891133881191,0.3,0.476604677991052,0.5,0.9220155933035066,0.026515783916666112,0.6666666666666666,0.48581252048767465,0.5,0.9527084016255822,0.028091457499538328,0.5833333333333334
an0,an0,33910.0,an0_56,11.194545796804515,76,77.74598830685322,0.02564102564102566,0.03719500828572098,138.48576668642977,24,100.12835682100209,24,136.730586608827,34,119.05750051995683,22,152.84796367632774,25,0.9534271242108932,1.0,0.9243325925218396,0.017648321316848594,0.48333333333333334,0.24097771030002962,0.25,0.9366780728579853,0.03044605429637661,0.6,0.9678510726399066,1.0,0.9514559563870146,0.01969232166790346,0.48333333333333334
an0,an0,33970.0,an0_56,9.672674419979066,77,77.7226235016155,0.0,0.03902795194446736,124.58282868856413,35,76.27196949127593,49,124.81064759829688,41,109.6449653774271,33,126.25837188316756,35,0.9598748257458702,1.0,0.937093484765082,0.008470109229605526,0.15,0.969685678914344,1.0,0.9581925203798491,0.014939273595228026,0.21666666666666667,0.9665715913518418,1.0,0.9445105856130992,0.01529435314369219,0.3
an0,an0,34030.0,an0_56,7.697692434052606,88,91.78248468977853,0.011235955056179803,0.163447490437789,88.30496801470224,59,85.91458638807424,32,103.36442377124975,41,49.54395059480562,38,88.04387620914378,59,0.4794942912662867,0.5,0.9365185813717974,0.029090235600610533,0.7333333333333333,0.0,0.0,0.9387364739685189,0.04977443485860106,1.0,0.482992336201341,0.5,0.9412888471417423,0.020558863402464995,0.5166666666666667
an0,an0,34090.0,an0_56,3.992467535556013,109,110.00414348947352,0.0,0.18539323987990827,48.93819217596307,68,85.94489788233626,49,53.02533543426827,61,55.962323790455464,46,49.86134621281145,66,0.48489359438155555,0.5,0.9460675601180112,0.02298739982288041,0.6,0.0,0.0,0.9308600540083101,0.03892676502476816,0.9833333333333333,0.954465156723837,1.0,0.9264709341532417,0.013529646386981689,0.18333333333333332
an0,an0,34150.0,an0_56,6.264917352014419,104,106.10642474307872,0.0,0.14797227935427507,83.43873970348498,77,69.62063825098228,59,60.07248632511601,81,84.47582189477234,75,82.9645519671919,78,0.9678026045930509,1.0,0.9525661270907702,0.0162473505132427,0.43333333333333335,0.2418600291737973,0.25,0.9597991208408532,0.027694582882423078,0.6166666666666667,0.9779022102867589,1.0,0.9631703504779316,0.011991749295522526,0.06666666666666667
an0,an0,34210.0,an0_57,5.788270450790367,91,93.8018841667008,0.0,0.03431962944278554,110.24082098650592,53,73.84852225335744,55,52.82964353273127,78,110.24082098650592,53,109.05185781227063,53,0.9635316255084778,1.0,0.9396852921673342,0.006415348949053004,0.08333333333333333,0.9766110057430833,1.0,0.962260665134515,0.011207423101170092,0.18333333333333332,0.9819859706512039,1.0,0.9699766177520064,0.014671462304405365,0.08333333333333333
an0,an0,34270.0,an0_57,7.665795987533787,84,84.74935378580446,0.0,0.02641715587486834,122.80792771386952,41,83.81007834246925,49,70.89354635981552,62,122.80792771386952,41,124.07658925034973,41,0.9621371248723201,1.0,0.937703133207439,0.01260772531123347,0.15,0.971203539816516,1.0,0.9528455899886329,0.017349755966295385,0.4,0.9811071099375159,1.0,0.9704769002835787,0.01650344704270388,0.31666666666666665
an0,an0,34330.0,an0_57,10.97967487077397,79,78.7945484679437,0.0,0.02547278077935687,133.68163953661968,40,49.249742226482766,51,115.73670033033453,42,131.2125475229679,39,132.31663654919706,40,0.9664177550438495,1.0,0.9440295917397491,0.012772461079692477,0.3,0.9795973006712584,1.0,0.9717239133205899,0.01434980940609223,0.38333333333333336,0.972160963710489,1.0,0.9586903097616203,0.017140493945413178,0.4166666666666667
an0,an0,34390.0,an0_57,14.310440795509479,78,78.41374226976946,0.0,0.02046009531098299,87.39752001822114,42,65.7132962549247,49,100.57970946714401,52,87.39752001822114,42,87.35964352647721,42,0.9672493152147185,1.0,0.9454724154736692,0.011474583533058667,0.05,0.9776164662581768,1.0,0.9633296045788693,0.017816979553542216,0.25,0.9695507040107951,1.0,0.9505347820069331,0.017669206895275673,0.13333333333333333
an0,an0,34450.0,an0_57,11.09696895588092,77,77.9711896454305,0.0,0.03837312825940525,134.75470646763537,36,96.78970593096214,48,104.39237189588624,52,134.75470646763537,36,138.6052977754767,36,0.9661215865582142,1.0,0.9435359775970238,0.00917712003843971,0.0,0.9759146189582621,1.0,0.9602275990263811,0.016412671361336527,0.38333333333333336,0.9669926090734733,1.0,0.9456097928536684,0.013409054662259754,0.26666666666666666
an0,an0,34510.0,an0_57,13.643348506563886,75,77.05644384509696,0.025974025974025983,0.03120617855702864,135.1296970378892,30,95.45630598758812,39,103.69358719825284,37,118.29830682356122,29,130.55584087357752,30,0.9633457474460376,1.0,0.9408129328205148,0.008981161980828626,0.2,0.9736782922596352,1.0,0.9573046668420201,0.015468322947086739,0.31666666666666665,0.9730009988823985,1.0,0.9561417003945064,0.015121814209011254,0.3
an0,an0,34570.0,an0_57,11.763615415683846,79,79.45588609206635,0.0,0.02510796362401393,62.95177123983203,43,80.9315142763542,52,74.57004975510425,48,65.64813398862928,42,60.8863109175031,43,0.9683183736172747,1.0,0.9512161570859211,0.007850747527197853,0.18333333333333332,0.9769013580278146,1.0,0.9640159087784997,0.01362242533291256,0.25,0.9753506603013076,1.0,0.959754097347199,0.017759615620949472,0.36666666666666664
an0,an0,34630.0,an0_57,16.00317855983363,81,81.84991726394084,0.0,0.08866140479737403,143.54447616586117,28,119.65550197397623,27,132.0236044099472,27,143.54447616586117,28,141.46214497715798,27,0.9725270819523861,1.0,0.9545548185795624,0.014013104229087858,0.31666666666666665,0.4877397720733012,0.5,0.9590664735930208,0.025229219309409585,0.6333333333333333,0.0,0.0,0.9547978949434685,0.032307348181212836,0.7166666666666667
an0,an0,34690.0,an0_57,8.608668749741954,82,84.4471561361928,0.023809523809523836,0.042054140974320406,77.09163970278459,44,75.96696161138418,59,69.30366004528965,53,77.09163970278459,44,76.40163154230137,44,0.9669869889344872,1.0,0.9457099287426707,0.006665350073613701,0.11666666666666667,0.97295092688115,1.0,0.9568123814385713,0.011928294057630268,0.3,0.9690742205693131,1.0,0.9535011240761072,0.015532510482004743,0.38333333333333336
an0,an0,34750.0,an0_57,14.831729842641888,74,74.78410762904598,0.0,0.01476513284677609,89.99772936307481,55,95.46257744887166,56,97.74907145302836,54,80.91993462414234,54,87.85509955898131,55,0.9713223831844786,1.0,0.9531612436364618,0.0061993510958616395,0.18333333333333332,0.9715148184891299,1.0,0.9555210047772142,0.011187560457413894,0.3333333333333333,0.9713525986902258,1.0,0.9539381319963037,0.013357533243217475,0.2833333333333333
an0,an0,34810.0,an0_58,15.897705282645116,74,74.18966340152274,0.0,0.03321673220091091,149.34366757384757,58,73.3917743283435,57,110.23703124990428,60,149.34366757384757,58,145.56001957352717,58,0.9722193386177689,1.0,0.9543640318481809,0.007090232607081364,0.18333333333333332,0.9815780098192961,1.0,0.9696677535275291,0.0122951057711752,0.2833333333333333,0.973427084961956,1.0,0.9586610036738974,0.013374205359956703,0.26666666666666666
an0,an0,34870.0,an0_58,15.20621767593651,73,73.62920821644023,0.0,0.009831059621181347,62.77251235798238,60,33.28918075988147,65,84.60971948238382,70,62.77251235798238,60,62.42283371885264,60,0.9797781342764236,1.0,0.9662968904607059,0.006315758291734404,0.0,0.9848037029179211,1.0,0.9752385105293181,0.010278536638926004,0.08333333333333333,0.9760460162546738,1.0,0.9602730119289473,0.012368559891042205,0.03333333333333333
an0,an0,34930.0,an0_58,18.087692084268344,71,72.0938950890679,0.0,0.011020457728732544,59.707213728103824,50,58.12512923889685,66,124.74251521929726,57,59.707213728103824,50,55.64097741185842,50,0.9849795562795092,1.0,0.9751311988489455,0.005952241989060663,0.11666666666666667,0.9868422171232132,1.0,0.978158677750012,0.010227607419661743,0.11666666666666667,0.9742988143055928,1.0,0.9573888408138647,0.011943615702329265,0.11666666666666667
an0,an0,34990.0,an0_58,17.191975289921597,72,72.02284564661745,0.0,0.03458239757234681,144.06402866735107,50,97.56038927164501,54,145.46471890921853,55,149.05300022139775,49,128.22174669895358,50,0.9732544804848957,1.0,0.9583230866025907,0.007737899509284553,0.08333333333333333,0.9797000906085371,1.0,0.9679271978012423,0.011534864804294019,0.23333333333333334,0.9701149319562892,1.0,0.9521872183623985,0.012502714343122372,0.08333333333333333
an0,an0,35050.0,an0_58,16.12940597414475,73,73.92622163077576,0.0,0.08206667755444395,149.72906924784974,43,122.84846550516488,58,155.01030989324275,60,149.72906924784974,43,150.42796092672208,43,0.9626919919329007,1.0,0.9384024285144681,0.008042343165634111,0.08333333333333333,0.9735498761204509,1.0,0.9623817696498878,0.012842582102849123,0.3333333333333333,0.9651734670115812,1.0,0.9419557783526353,0.012442559817295952,0.1
an0,an0,35110.0,an0_58,12.743162685732921,73,73.18581512589908,0.0,0.042549693612613175,109.86874740725692,54,77.71272799294375,58,114.16022775308217,60,109.86874740725692,54,109.63920246417852,54,0.965385892722111,1.0,0.9496040067197299,0.0072449814055088844,0.2,0.9753523052090876,1.0,0.9676658579728257,0.012238000300345692,0.2,0.9719812293518812,1.0,0.9566827172989202,0.012581366544626327,0.2
an0,an0,35170.0,an0_58,10.031511930806017,72,73.05411239838588,0.0,0.03432307798129271,102.35161099233989,56,77.29336780010529,69,129.96377155330748,69,102.35161099233989,56,101.68579055108928,56,0.9684885572958293,1.0,0.9474809288263821,0.006137131697739031,0.0,0.9823931999306215,1.0,0.9706553332177024,0.009870340807078416,0.0,0.9692037302097927,1.0,0.9486728836829876,0.011574791056687222,0.0
an0,an0,35230.0,an0_58,10.97046822644415,72,72.83971075360729,0.0,0.026943545608756714,123.3158390135686,55,67.93020039460389,49,142.3392408942638,58,123.3158390135686,55,121.01423240447565,55,0.9806171279565521,1.0,0.9676952132609202,0.007373092510342127,0.08333333333333333,0.9831383846933583,1.0,0.9723548640915263,0.012901950775393647,0.2833333333333333,0.9711498160316647,1.0,0.9529109543966106,0.012223862791885226,0.23333333333333334
an0,an0,35290.0,an0_58,14.944603801546378,73,73.51589781301529,0.0,0.039229256792914995,122.80792771386952,31,102.13871306576547,40,123.61262231696075,44,128.62634514309534,30,122.52890815368157,31,0.9685603190456401,1.0,0.951734916028048,0.010412986905568097,0.25,0.9774906803070474,1.0,0.9675815618084331,0.015278586978452077,0.31666666666666665,0.9703208993040138,1.0,0.9513320217099093,0.014474947876023998,0.25
an0,an0,35350.0,an0_58,15.256816002595867,71,71.60485576376561,0.0,0.03319191179350656,150.46435407120455,28,82.55968189266932,41,167.6444301130123,46,152.79380637193708,27,161.18977280566799,29,0.965419412171524,1.0,0.9441987376973915,0.01260408431940678,0.35,0.9734172226024015,1.0,0.9567204968682695,0.01805481875170553,0.4166666666666667,0.9660457449324464,1.0,0.9472271822549019,0.014470767832063042,0.31666666666666665
an0,an0,35410.0,an0_59,16.564225723353722,70,70.59944814763567,0.0,0.028305569755571674,138.04232831835344,49,77.71235891566158,57,149.19322122616015,55,148.73902046909674,48,139.61255912942312,49,0.9623492872645095,1.0,0.9373283295126908,0.007444876278345388,0.15,0.9765730811053712,1.0,0.9622214239784745,0.01168734926713437,0.26666666666666666,0.9648057085020163,1.0,0.9413428475033605,0.012781673889644267,0.16666666666666666
an0,an0,35470.0,an0_59,13.807963971716788,70,70.64117462165635,0.0,0.031530468019251974,115.30117629836668,55,42.86208351357876,51,129.07508743372102,56,113.8326791064287,54,115.87828863845797,55,0.9707901945059704,1.0,0.9513169908432839,0.007868395344296867,0.1,0.9873495010099316,1.0,0.9800481657880368,0.012800560191521412,0.21666666666666667,0.9716568579181359,1.0,0.9537625126763798,0.012597818286727819,0.3
an0,an0,35530.0,an0_59,7.6086429053962155,70,71.81577816566465,0.0,0.0149037593200732,86.56793550377856,56,58.06842721074429,62,110.63476067201898,62,62.57507510214,53,88.85125465937695,56,0.9734492553975678,1.0,0.9579465092955787,0.006882209995550986,0.16666666666666666,0.9875544694483215,1.0,0.9794594387956097,0.011156490094955004,0.26666666666666666,0.9731829523957143,1.0,0.9557310833635166,0.012110183543146,0.2
an0,an0,35590.0,an0_59,15.40979944476409,73,72.75549303926807,0.0,0.02655762879049087,161.13344022490216,34,84.83419730632627,47,137.47584189203724,44,161.13344022490216,34,162.5739924782037,34,0.9772786393086478,1.0,0.9635367908629549,0.01212315196123873,0.21666666666666667,0.9798492635214666,1.0,0.967003616767827,0.01566215172611265,0.23333333333333334,0.972440427586492,1.0,0.9548713793127261,0.0144807697967412,0.11666666666666667
an0,an0,35650.0,an0_59,8.90170379135071,73,74.45221780797633,0.0,0.029314561918859658,125.59230232262989,45,87.1418081226076,54,170.03523114635655,50,125.59230232262989,45,127.74263899803314,45,0.9653393566719581,1.0,0.942626480303655,0.0112009512578281,0.08333333333333333,0.9751067494849743,1.0,0.9590407111597609,0.016688253480577772,0.31666666666666665,0.9640957542440425,1.0,0.9401595904067375,0.015055328455694475,0.18333333333333332
an0,an0,35710.0,an0_59,8.391894044951698,74,75.22860091116218,0.0,0.033631554987873784,84.41662097031555,50,60.71851114728508,58,115.96425965376338,56,84.41662097031555,50,91.02897620979773,52,0.9700363536101269,1.0,0.9504614559648076,0.007182745711045168,0.15,0.9777320184697273,1.0,0.9635687381903872,0.011041678650551546,0.26666666666666666,0.9610698519271396,1.0,0.9355484574436744,0.014068565447461587,0.16666666666666666
an0,an0,35770.0,an0_59,10.730130072430281,72,72.42567466028189,0.0,0.030585695245843363,105.0153934389706,68,58.85939471782314,68,123.98392516847157,70,105.0153934389706,68,106.50485238753,68,0.9773989904092973,1.0,0.9623316506821622,0.00608456028407998,0.0,0.985710814585075,1.0,0.9761846909751251,0.0096491911487671,0.0,0.9726499932088581,1.0,0.9544166553480968,0.011980888116903085,0.0
an0,an0,35830.0,an0_59,13.766345560691645,71,71.55703334120709,0.0,0.02402165576584222,67.1722687078825,69,56.03839551206745,72,108.18168189862594,72,67.1722687078825,69,78.55309182517337,69,0.9832736405758078,1.0,0.9721227342930128,0.005991966235184017,0.0,0.9846888119399969,1.0,0.9744813532333282,0.009562478684301236,0.0,0.9758640125526528,1.0,0.9597733542544213,0.011809637822729552,0.0
an0,an0,35890.0,an0_59,14.91719575887397,71,71.90270126477319,0.0,0.04186083364147396,141.9878287302933,59,98.2617318367043,63,130.27628876428324,60,134.15616105213212,58,140.4917472112962,59,0.9721951173294547,1.0,0.9536649015194225,0.006865303922033401,0.1,0.9810865770312849,1.0,0.9684776283854748,0.010921045659805185,0.1,0.9739736240550407,1.0,0.9566227067584012,0.012175042969053751,0.1
an0,an0,35950.0,an0_59,17.55372672790346,71,71.20655954803388,0.0,0.022520321343516166,106.22442469704292,63,48.10513852675795,71,95.93311503384092,66,106.22442469704292,63,121.34824607466243,64,0.9751723026542163,1.0,0.958620504423694,0.006445094224826137,0.0,0.9858989582554547,1.0,0.9764982637590912,0.010149519787166179,0.0,0.9737240710309176,1.0,0.9562067850515293,0.012285879097672899,0.08333333333333333
an0,an0,36010.0,an0_60,12.457680680826718,70,70.89387128402876,0.0,0.026733441663223632,121.88846908331459,59,55.13212113867922,61,132.7324012028411,67,121.88846908331459,59,122.0090443227539,59,0.9726588199013044,1.0,0.954431366502174,0.006647040177904991,0.0,0.985884268620652,1.0,0.976581349932349,0.010656759432878901,0.16666666666666666,0.9738465636659229,1.0,0.9564109394432049,0.011957647919311401,0.08333333333333333
an0,an0,36070.0,an0_60,20.546831228843622,70,71.3902841392919,0.0,0.038939338894070495,123.88769902563398,57,67.69802193353388,69,137.2238974574224,59,123.88769902563398,57,123.99596767637244,57,0.9723830631279248,1.0,0.9539717718798746,0.007165885614132632,0.0,0.9862792152055502,1.0,0.9771320253425837,0.011353536610616659,0.08333333333333333,0.9714840165016718,1.0,0.9525828898335627,0.012054481888286046,0.15
an0,an0,36130.0,an0_60,10.771251071658535,71,72.26068765650275,0.0,0.04818623714033477,85.1431988657322,54,75.1149115420042,62,143.49392075045796,63,85.1431988657322,54,86.61343309471592,54,0.9759669841112775,1.0,0.9599449735187957,0.008025143997669692,0.0,0.979588839484708,1.0,0.9659813991411801,0.012988120769321026,0.03333333333333333,0.969084104842213,1.0,0.9485379618588534,0.01366144347997928,0.016666666666666666
an0,an0,36190.0,an0_60,11.242704360675988,70,71.17222432786257,0.0,0.03219098203578391,131.35805588076656,62,49.34696767998576,69,109.67610483268523,63,131.35805588076656,62,132.76381098852474,62,0.977532492775467,1.0,0.9625541546257783,0.007214235002505783,0.0,0.9890663845288086,1.0,0.9827147735432982,0.011188172499886089,0.08333333333333333,0.9750897035572699,1.0,0.9584828392621165,0.012560847420690809,0.0
an0,an0,36250.0,an0_60,18.70477364461012,71,71.70634816355289,0.0,0.03131822642616,94.80375210348447,48,83.24762588153659,58,107.39875662468492,54,94.80375210348447,48,113.4938371182761,48,0.9722347228210824,1.0,0.9537245380351372,0.0073496985635886185,0.1,0.9813481724602982,1.0,0.9700037425562693,0.01175909626343713,0.11666666666666667,0.9738315993438906,1.0,0.9563859989064845,0.013087947831056716,0.1
an0,an0,36310.0,an0_60,14.022611310647948,70,71.15935188069308,0.0,0.022025713891498072,130.6172956125474,60,82.20545119427717,65,124.51076133210334,61,130.6172956125474,60,132.1016557717091,60,0.9717507999379325,1.0,0.9529969025613714,0.008909979907641991,0.08333333333333333,0.9812331453267291,1.0,0.9687219088778819,0.01266885128068727,0.1,0.9726234570164745,1.0,0.9545077492957751,0.013760948030021878,0.08333333333333333
an0,an0,36370.0,an0_60,16.067848706727524,70,70.8748615723167,0.0,0.032800752372620146,126.51667766173162,61,81.10630990831999,64,148.00441585327434,59,126.51667766173162,61,127.81497043252276,61,0.9700239155802943,1.0,0.9500909275516901,0.008019914944518532,0.03333333333333333,0.9806130043020667,1.0,0.9676883405034445,0.01267984165503189,0.11666666666666667,0.9731741719245806,1.0,0.9552902865409675,0.013034630046465042,0.21666666666666667
an0,an0,36430.0,an0_60,13.906345649954208,70,70.61261741575814,0.0,0.014494758644676907,102.27227059264855,55,49.01049611908361,63,111.04092038750414,63,102.27227059264855,55,99.57316312548686,55,0.9706750654135785,1.0,0.9511251090226307,0.007421673665965476,0.05,0.9808695786543196,1.0,0.9681159644238659,0.011669160065046653,0.06666666666666667,0.9702344931464378,1.0,0.9503908219107298,0.012651537794310955,0.06666666666666667
an0,an0,36490.0,an0_60,18.18646533286138,70,71.48201274267399,0.0,0.02564014869498289,105.36297224106367,53,60.46590391412305,52,143.39479060350212,55,106.47953148375512,51,104.34779124860066,53,0.9731348633078878,1.0,0.9561423139645797,0.009162169520543231,0.21666666666666667,0.9823884661822366,1.0,0.9707985139830384,0.014147262422289583,0.25,0.9709168473102738,1.0,0.9538908941173945,0.013280188101490833,0.3
an0,an0,36550.0,an0_60,15.358186941090816,65,85.88273857087104,0.2857142857142857,0.23363522929921854,136.41814316367962,43,120.0853441334027,50,112.69702704548733,24,152.24194023637338,32,141.8677926389048,35,0.47198464371368154,0.5,0.9410899179028025,0.028702145271071566,0.6666666666666666,0.0,0.0,0.951681276957036,0.045150881640212276,0.7833333333333333,0.4743547281814872,0.5,0.9345032240817419,0.029081790831553843,0.8666666666666667
an0,an0,36610.0,an0_61,43.29361298998597,84,113.42626725452098,0.2222222222222222,0.266620735087288,31.841990699940144,68,41.00399760784573,65,103.43291249800768,40,38.888501362156454,37,31.309791284884515,67,0.49248230666311366,0.5,0.972691803211136,0.026777983857510734,0.6833333333333333,0.0,0.0,0.9657424245572563,0.0441282353295494,0.75,0.47055727732218694,0.5,0.8979394177043007,0.028734577549959193,0.6166666666666667
an0,an0,36670.0,an0_61,8.175366512705644,93,94.48342760704796,0.021052631578947323,0.0586514793453515,75.39163697507337,41,49.227767932879196,45,52.213379311883905,46,75.39163697507337,41,74.98333148106984,41,0.9676640274534096,1.0,0.9630672400218159,0.00867512430976318,0.2,0.9626399564634407,1.0,0.9616318227328132,0.014169020370413853,0.4,0.9574017564593955,1.0,0.9300059199886529,0.017044516339857586,0.45
an0,an0,36730.0,an0_61,9.995422680923026,80,79.93365506632311,0.0,0.039614948010615304,149.93589938964334,41,120.02731954160517,55,81.37462778485083,64,149.93589938964334,41,152.2649512678981,40,0.9630926886865762,1.0,0.9384878144776269,0.008520900252332677,0.0,0.9689937358513296,1.0,0.9519820361019313,0.014712917162373676,0.23333333333333334,0.9751118527404803,1.0,0.9588994055920329,0.015099482411196023,0.08333333333333333
an0,an0,36790.0,an0_61,14.09505035837709,72,73.22462324381097,0.0,0.03536081966250534,135.04771739908225,43,84.11232753655686,48,107.58581240688756,51,135.04771739908225,43,138.15967298055983,43,0.9563902729003093,1.0,0.9296178504799029,0.008214864536995312,0.25,0.9720575792317683,1.0,0.9534292987196139,0.014258086924748732,0.25,0.9720920628489214,1.0,0.9542896858814938,0.015231378185208009,0.25
an0,an0,36850.0,an0_61,14.975802480897794,73,73.30822933720403,0.0,0.046734333058200545,100.01183642070784,34,121.72215977252252,49,136.46545265173108,44,97.55854487298575,33,99.498743710662,34,0.9693165027788464,1.0,0.9507986146918445,0.013712760594962212,0.35,0.9760269355030908,1.0,0.9644387358282893,0.018724947569356436,0.43333333333333335,0.9729023062704288,1.0,0.9552457983966505,0.01805536291122228,0.4
an0,an0,36910.0,an0_61,16.534569819339758,71,71.14340494696489,0.0,0.04307404695200868,122.80219300065139,14,125.55075677658783,24,175.43492669495515,36,122.80219300065139,14,126.24761993186857,14,0.969361970413801,1.0,0.950057838906563,0.0190652741115248,0.48333333333333334,0.48520089671831945,0.5,0.9517888247007491,0.026077759185347233,0.6833333333333333,0.9635005436601044,1.0,0.9401516792005075,0.019889969684223886,0.4666666666666667
an0,an0,36970.0,an0_61,10.84589910528459,68,69.21824339091853,0.0,0.03499679744495217,166.51197247995913,46,98.85144833965782,52,142.16330338573826,56,159.602479585455,44,166.85322891691368,46,0.9630754056144274,1.0,0.938459009357379,0.008089357950169001,0.11666666666666667,0.9722329424725396,1.0,0.9554690835749925,0.013603589644841995,0.13333333333333333,0.9638104889352487,1.0,0.9460532109063247,0.013672935506087282,0.13333333333333333
an0,an0,37030.0,an0_61,13.942466189258704,67,68.0278279166248,0.0,0.03300708414093734,84.85262877772892,29,123.21726793427737,29,171.11410729544554,30,83.40060135568798,27,81.63507649463995,29,0.48090621696486996,0.5,0.9397025162131211,0.021978679915788432,0.5333333333333333,0.0,0.0,0.9632208747329853,0.03390893516466555,0.6333333333333333,0.48489799695072555,0.5,0.950314116819948,0.02847423071602951,0.5833333333333334
an0,an0,37090.0,an0_61,13.520679496778401,68,69.13063616334597,0.0,0.029161802729748457,142.59532369361105,36,115.29840589311964,47,161.81496232193734,40,145.8100799913481,34,140.59059102839808,36,0.9704276526908665,1.0,0.9514067612308448,0.008531551164920069,0.26666666666666666,0.9742983154347205,1.0,0.9582158242810951,0.014572908794594958,0.2833333333333333,0.96785449160123,1.0,0.9470151879951194,0.01551762495843153,0.38333333333333336
an0,an0,37150.0,an0_61,20.60972374350385,67,67.91648083985073,0.0,0.03186808320676899,174.9164927013611,33,115.67042003068786,34,142.04890966313852,38,137.89709265505027,30,141.3329402510257,33,0.9677020169635325,1.0,0.9468488112373289,0.012784680673434586,0.43333333333333335,0.4890481453368744,0.5,0.961171073598861,0.022155960259109028,0.5166666666666667,0.9666010680319461,1.0,0.9451953373875165,0.014971660517424004,0.45
an0,an0,37210.0,an0_62,9.60204114792121,69,69.4446051957875,0.0,0.04014656082816637,134.43752737992784,27,91.70956619268243,21,107.991832869135,28,123.27917060983984,24,135.37696656714937,27,0.0,0.0,0.9411177728250031,0.03388076770036818,0.65,0.0,0.0,0.9566286208243886,0.05438737842387859,0.7333333333333333,0.0,0.0,0.9475592278120869,0.030759376607165254,0.65
an0,an0,37270.0,an0_62,11.613166338395516,68,69.24872062999489,0.0,0.03598008356062523,144.9974614333485,27,81.58983418089944,31,171.89164514570928,33,125.2333080845681,24,146.35310303929592,27,0.9651759042529848,1.0,0.9444882228506835,0.015868519469864145,0.48333333333333334,0.48724410953009745,0.5,0.9581086617657054,0.025765487803616455,0.6,0.4849889865722591,0.5,0.9497170652297428,0.022333699086782746,0.5833333333333334
an0,an0,37330.0,an0_62,9.003875655191266,68,69.15461935558788,0.0,0.04584827546819387,129.5482945473123,33,85.79533695807716,41,163.67042750741663,39,129.5482945473123,33,131.47005362439006,33,0.9697645402670344,1.0,0.949607567111724,0.008857559245327221,0.25,0.9769184624069087,1.0,0.961582848787481,0.015033897816936998,0.35,0.9633228148902914,1.0,0.9420922648938506,0.014757816360083283,0.4
an0,an0,37390.0,an0_62,10.454739776435003,70,70.9284834009021,0.0,0.041699334574824304,177.96387998165525,21,177.20430916741273,26,137.6087105766292,29,199.156256322933,20,176.1959136870092,21,0.9640998043343104,1.0,0.9434593773643161,0.01602478612184555,0.4,0.48545764535968305,0.5,0.951206706938033,0.02394565000283342,0.5166666666666667,0.9645813649462638,1.0,0.9432872976647271,0.019730733935380558,0.45
an0,an0,37450.0,an0_62,10.211065754166007,69,70.69577604482014,0.028169014084507005,0.03940209479347229,236.7844896340341,21,135.2383796150836,27,149.68801134032168,38,210.58999152678172,16,238.51624682608102,21,0.0,0.0,0.934114965672495,0.036315340511579294,0.5833333333333334,0.0,0.0,0.942660498284051,0.05606044959149625,0.6333333333333333,0.4841084409046065,0.5,0.9466951160555688,0.024692659301454423,0.5833333333333334
an0,an0,37510.0,an0_62,16.719068861686758,68,68.9615143027845,0.0,0.023458896284100354,194.55582592418472,31,90.00131757468094,29,190.78520277550427,37,187.40955573252157,28,192.97668252926312,31,0.7148104581259119,0.75,0.9252440168530098,0.02042502130778174,0.5,0.2411145472713564,0.25,0.9433140903455051,0.0331368760382999,0.5333333333333333,0.7234231043209195,0.75,0.9397389078715082,0.01921971322821959,0.5
an0,an0,37570.0,an0_62,8.432171209181693,69,69.44388182068397,0.0,0.03639799706911051,128.2773484485862,41,63.42722528700665,47,158.11066614051006,37,104.9288521765926,37,124.7047795847539,40,0.9592096768083866,1.0,0.9340598796410848,0.011262070566567996,0.3333333333333333,0.9772523152410654,1.0,0.9646860641841261,0.014328097443745129,0.35,0.9636580242757502,1.0,0.9419451063595254,0.014094503724765763,0.43333333333333335
an0,an0,37630.0,an0_62,12.272159811982553,66,67.91444364779899,0.0,0.032731854010319125,132.90967881368073,27,114.46045731632606,41,179.36877302998215,33,132.90967881368073,27,136.19838471876236,27,0.9685182530099821,1.0,0.9499876773502915,0.01104348355788086,0.23333333333333334,0.9791979779080645,1.0,0.9672614494661268,0.016149149809869104,0.36666666666666664,0.9645327672206465,1.0,0.9424626975778065,0.01688380576747357,0.48333333333333334
an0,an0,37690.0,an0_62,7.644179345481297,68,68.59137886381906,0.0,0.03737088070453078,113.59749282297076,48,48.171439092284736,54,156.99043312810497,51,116.37512806173778,47,114.54814095280936,48,0.9719774737786744,1.0,0.9535356144269386,0.006394293701609537,0.08333333333333333,0.9801224109649964,1.0,0.9668706849416607,0.010604157546962405,0.08333333333333333,0.9634279055500095,1.0,0.9405061781312409,0.013093196679666387,0.18333333333333332
an0,an0,37750.0,an0_62,45.85869630601057,74,79.88209402920785,0.0864197530864198,0.13546719370772214,170.0530390764538,30,88.0318992954293,34,207.47418192226837,32,172.55850295469153,29,170.63774898688257,30,0.7121364253831799,0.75,0.9440312637989723,0.020250991712952256,0.5,0.0,0.0,0.9730965829970154,0.03233614073300432,0.7333333333333333,0.47965310682227924,0.5,0.938724930866424,0.02956555597848194,0.7333333333333333
an0,an0,37810.0,an0_63,67.95483401506036,70,89.57463246411871,0.29292929292929293,0.2951817503687098,61.534404205642524,54,46.21937330546575,57,150.68799977653964,35,46.65174355594023,39,63.61737035842298,54,0.0,0.0,0.8976484158620696,0.03078657397597989,0.95,0.0,0.0,0.916630909538298,0.045289960517530176,1.0,0.0,0.0,0.9049194999066781,0.031691316707287615,0.8333333333333334
an0,an0,37870.0,an0_63,7.421583177225913,84,85.63110121619368,0.0,0.046898874380651386,82.42557752347341,17,92.240450894659,16,111.79949941389017,29,,7,83.32916656249479,17,0.953528775459555,1.0,0.9406559929428053,0.017314502343971243,0.4166666666666667,0.4863341500106947,0.5,0.9578098080537221,0.02544764755964358,0.65,0.47069239004543395,0.5,0.9106838523273251,0.02531559663793919,0.65
an0,an0,37930.0,an0_63,11.523191242081273,73,74.48151555020506,0.0,0.026283591394215898,71.1216463126294,33,71.3626011970512,33,84.43285053816435,56,91.24048116084286,34,70.1115183119008,33,0.939107558723486,1.0,0.9037825718955781,0.015419906282850554,0.23333333333333334,0.4732885472256999,0.5,0.9119750610866217,0.022491300337906726,0.6333333333333333,0.9590300999966808,1.0,0.9560584198056297,0.012859749244126629,0.2
an0,an0,37990.0,an0_63,11.94229483819026,73,72.90276957609026,0.0,0.030108550757724263,126.53677722142024,28,84.01440643670162,32,141.23238578658052,42,120.88517241521298,27,124.21606027253331,28,0.9573606152283702,1.0,0.9523078595546809,0.017743202242618824,0.31666666666666665,0.4780928410847001,0.5,0.9512459134906742,0.025427523603695143,0.6666666666666666,0.9714609306033545,1.0,0.9576346059254182,0.01388923497043075,0.38333333333333336
an0,an0,38050.0,an0_63,9.617486502438782,74,74.86706416918933,0.0,0.034981683102186835,72.46330648081698,33,85.4329411579388,37,89.99111912506467,39,72.46330648081698,33,84.13553279553103,34,0.9741256884382241,1.0,0.9582131253733833,0.01534643594940917,0.35,0.4889776633824433,0.5,0.9578758206409903,0.022529506401710163,0.5166666666666667,0.48508016571856716,0.5,0.9514830417323932,0.022435241850862927,0.5666666666666667
an0,an0,38110.0,an0_63,13.376258834306997,75,75.03883259577454,0.0,0.08027929695571111,71.47476882176674,11,127.09827439492113,22,110.46241436334427,25,,7,67.52777206453653,11,0.24367793620717207,0.25,0.9581956170348238,0.028583431842378,0.7,0.0,0.0,0.9606668716837199,0.03841759661160889,0.8,0.0,0.0,0.9562026968809307,0.041330404519011016,0.8166666666666667
an0,an0,38170.0,an0_63,15.30482404613129,79,87.27133093095966,0.09195402298850575,0.256444939977446,121.9471311357728,55,56.0425500433785,49,119.31040834020497,32,117.95491478761853,24,130.90284777481182,46,0.0,0.0,0.9202075602729547,0.03519811466754931,0.9166666666666666,0.0,0.0,0.9188702346638846,0.05526755893463742,1.0,0.4757445112722887,0.5,0.9404088978157137,0.027740291333845295,0.9833333333333333
an0,an0,38230.0,an0_63,3.4266433476051597,99,99.8733273295853,0.0,0.2654292879110314,100.15044022411152,70,88.98221657405176,63,125.0717854535711,35,89.19666835288541,55,100.29666140931647,70,0.48518981729263977,0.5,0.9456569312241505,0.025479952891350764,0.6666666666666666,0.0,0.0,0.9483827219943579,0.04229989343178514,1.0,0.4679640068030355,0.5,0.9006247346401361,0.029144880305397528,0.8833333333333333
an0,an0,38290.0,an0_63,6.628752799070926,91,95.87344705057897,0.0,0.04397248760834685,62.25538066605167,35,49.75453880234268,35,57.152411252537426,61,54.87898952432467,33,62.63808275933025,35,0.9655574668666392,1.0,0.9492972289233822,0.007853618118780046,0.26666666666666666,0.9687713474328334,1.0,0.9555108281402808,0.014423871937480376,0.45,0.9613433129263442,1.0,0.9415488902318683,0.012946353754709879,0.31666666666666665
an0,an0,38350.0,an0_63,11.852206024452551,77,77.66819370989369,0.0,0.022156158681911706,105.99523514142126,28,81.22209342181121,36,95.59301424059846,47,97.74635266410003,27,105.50897050555871,29,0.9719666128653291,1.0,0.9533787273256565,0.013722238381179768,0.13333333333333333,0.4859492338797917,0.5,0.9527983560285216,0.025688968542034864,0.55,0.974246514926082,1.0,0.9587920981553845,0.014621060899925887,0.2833333333333333
an0,an0,38410.0,an0_64,14.355136668860576,71,72.05830958414194,0.0,0.029415896294634765,80.45041761240533,25,112.73911877212431,34,102.12338957710887,40,79.72212589574464,24,78.8986691902975,25,0.9656249279335635,1.0,0.9445719563365372,0.011436956879456485,0.3,0.4854500775322902,0.5,0.9506438795001153,0.02229818511314796,0.5333333333333333,0.9708000137067301,1.0,0.9531347507673538,0.01485468528285986,0.43333333333333335
an0,an0,38470.0,an0_64,16.465112634420358,69,69.85923364390902,0.0,0.01945525637196745,142.87576925546512,34,65.39740508244847,43,121.61121601471191,53,138.30690307600906,33,118.33480046038866,33,0.9632104518591431,1.0,0.9404189140757673,0.007796774677364308,0.15,0.9696735103744623,1.0,0.9498009207391542,0.015199187975155234,0.23333333333333334,0.9732784461077604,1.0,0.9558733196240741,0.012748468981721566,0.25
an0,an0,38530.0,an0_64,17.27985511856402,69,69.31648172620702,0.0,0.01505411701374843,92.45612068243366,39,50.30915477183435,48,106.69432716101562,50,92.45612068243366,39,92.09548820310592,39,0.974679371413146,1.0,0.9577989523552433,0.006245753005509247,0.1,0.9839576550184415,1.0,0.979419998961858,0.012371762551478965,0.23333333333333334,0.9753850046678908,1.0,0.960189777601722,0.01264742092615077,0.25
an0,an0,38590.0,an0_64,15.79247481355405,69,69.9105959993972,0.0,0.046635324104448095,168.45976954099262,24,111.43688751328551,38,107.35310663043305,40,175.1210772304148,23,170.9055167400219,24,0.9744043728593555,1.0,0.9599828186159455,0.010766859044096778,0.25,0.49190555765661925,0.5,0.967721086393903,0.020064048357933295,0.5333333333333333,0.9748989131102898,1.0,0.9597926659532969,0.013951299423636345,0.4
an0,an0,38650.0,an0_64,12.766560648128657,67,68.36368111093294,0.0,0.020246270268761038,127.69998376583547,29,59.56942309217643,37,128.67066871813518,44,127.69998376583547,29,131.54304021335156,29,0.9702110013453331,1.0,0.9503516689088884,0.007646843648201874,0.21666666666666667,0.9757016318225729,1.0,0.9595956493399824,0.014671875950605694,0.25,0.9704383269526717,1.0,0.9536117255185662,0.012488569735353602,0.3333333333333333
an0,an0,38710.0,an0_64,15.36628987599543,68,68.1844138384355,0.0,0.019494414620039643,115.92323988158223,36,85.6262117843085,49,103.87561645639668,57,115.92323988158223,36,113.5655883493889,36,0.96906722077433,1.0,0.9484453679572168,0.006405752698600021,0.0,0.9830573365981714,1.0,0.9721423111839708,0.01260476941831736,0.16666666666666666,0.9713794094557725,1.0,0.9522990157596208,0.010959227987335628,0.08333333333333333
an0,an0,38770.0,an0_64,14.85739003398993,68,68.93960545859494,0.0,0.028926116814667523,138.61094926699127,29,88.34167762677004,38,142.65985338335767,46,138.61094926699127,29,138.0346747327331,29,0.9727803230796557,1.0,0.9564004558374024,0.00847805554994091,0.23333333333333334,0.9805721005018098,1.0,0.9716389555403966,0.015090885551520154,0.45,0.9759828732345228,1.0,0.9618907176563052,0.012339876234138583,0.25
an0,an0,38830.0,an0_64,13.833402836885526,73,76.75677058646806,0.051948051948051965,0.07875761280523212,172.55161242035277,12,140.05627517660946,14,111.77399958475618,27,155.09556165966768,10,176.86666780888416,12,0.9611702278168096,1.0,0.9467562298090457,0.01953171469908843,0.45,0.0,0.0,0.9634935686803918,0.03427490779321516,0.6166666666666667,0.7178415337619914,0.75,0.9341599869293125,0.021516024473008787,0.5
an0,an0,38890.0,an0_64,16.84308581263527,67,67.69602229485437,0.0,0.03347698778510003,156.2800451882404,27,89.21716446772876,35,165.39899927766666,43,182.3985921526557,25,156.45102453139475,27,0.9579155598106688,1.0,0.9340564416834807,0.014411819681562972,0.4666666666666667,0.484358182276036,0.5,0.9497292910356055,0.02576521186510638,0.6,0.9539224343193282,1.0,0.9237381163546512,0.01623268764531162,0.26666666666666666
an0,an0,38950.0,an0_64,16.860605599941177,64,65.26985549805526,0.0,0.029157378491883802,177.97598417229102,35,136.886058343244,37,133.77297963352123,42,179.0481874601504,34,175.72538736536015,35,0.9543868818094543,1.0,0.9261223805877566,0.008082237072501108,0.16666666666666666,0.967249912955018,1.0,0.947576312395945,0.014096321305291662,0.3,0.9645631866037756,1.0,0.9434585265032278,0.01450048400363356,0.35
an0,an0,39010.0,an0_65,14.472451137399997,66,65.05108678672377,0.0,0.029911027695868207,102.67138822332123,39,118.28135320338959,51,155.3184924725774,50,102.67138822332123,39,107.20123722773863,39,0.9687179603622751,1.0,0.949859331049872,0.006196375896338624,0.08333333333333333,0.9748267777067636,1.0,0.959452453642836,0.010749896946781128,0.21666666666666667,0.9704755686584312,1.0,0.9507926144307186,0.013487240583467543,0.1
an0,an0,39070.0,an0_65,12.28022352378623,65,66.58255071088017,0.0,0.03854600240913807,215.46214356282874,42,145.71702951601856,46,183.16272542298282,51,200.07856733160787,41,209.8431469966637,42,0.9682727627734666,1.0,0.9481554152417053,0.007912675711320158,0.11666666666666667,0.9736551430921457,1.0,0.9590629270173697,0.01381246831921908,0.23333333333333334,0.9629934528824913,1.0,0.9395599793606639,0.012406151634866188,0.2833333333333333
an0,an0,39130.0,an0_65,13.2573453108205,65,65.06787664043331,0.0,0.023288644138464713,177.07567385395808,31,136.41526403221792,38,151.26660305063947,38,167.83556518108782,30,174.8046528747638,31,0.9586762129311569,1.0,0.9311270215519282,0.007351832855989884,0.2,0.9686414226144842,1.0,0.9479282396241075,0.013162522027788283,0.3333333333333333,0.9654254912834568,1.0,0.9430559720813435,0.01422835177986517,0.18333333333333332
an0,an0,39190.0,an0_65,13.325282713329948,64,65.00795263945297,0.0,0.020645171807508623,177.95653060709597,22,115.54160261251027,30,161.9646601142333,35,177.95653060709597,22,174.7923938630653,22,0.9596184406812386,1.0,0.932983354930905,0.01426840912678853,0.35,0.48849706811201066,0.5,0.9589168792777142,0.02489094422469447,0.55,0.9666300169649066,1.0,0.9474707666269832,0.015331360946427161,0.4166666666666667
an0,an0,39250.0,an0_65,10.07007172164584,67,68.63308068709237,0.0,0.026606547692944547,153.65024711174402,11,184.81745831421682,12,162.76041666666666,37,,8,155.4991961394013,11,0.0,0.0,0.9388085250196849,0.06212209619434092,0.8,0.0,0.0,0.9563976681392319,0.09328049506520958,0.9166666666666666,0.4833604205334812,0.5,0.9457039886376486,0.020947741866315244,0.5833333333333334
an0,an0,39310.0,an0_65,9.186228290302713,66,66.8661134239846,0.0,0.017166737621384532,163.71801631826443,21,125.75455850336003,21,125.3830626057318,43,176.46351968408902,17,163.84443841644426,21,0.961900040767746,1.0,0.9375102119288939,0.012252383280751261,0.35,0.9669530352671375,1.0,0.949565558075417,0.01866018788672496,0.48333333333333334,0.9639015937583785,1.0,0.9398359895972975,0.013341374338594676,0.1
an0,an0,39370.0,an0_65,10.968293314079173,65,65.63660947563453,0.0,0.01591317683459052,252.42154051226163,16,216.0166014564145,18,163.52627235168606,42,139.04884452304682,10,256.6190432008765,16,0.4807327706451587,0.5,0.9342991672609361,0.023467252067087375,0.5166666666666667,0.0,0.0,0.9406520064341931,0.037943567339842846,0.7666666666666667,0.9691127479922217,1.0,0.9485212466537027,0.012649499438893035,0.0
an0,an0,39430.0,an0_65,15.654698211897806,66,66.30358089063789,0.0,0.03363170289414688,178.66557228170737,17,215.06515918077568,22,149.1729737738236,30,156.34762575148048,13,182.0542501563751,17,0.4788631936227382,0.5,0.9279157614385467,0.020851548351083514,0.5333333333333333,0.0,0.0,0.9332446952965383,0.03111299865616738,0.7666666666666667,0.4844137286063767,0.5,0.9458202441014373,0.0216297896641669,0.5166666666666667
an0,an0,39490.0,an0_65,8.47818714949638,65,66.52710757874402,0.0,0.021672874234991542,123.90529296153547,29,91.69292651801173,29,126.19812383759637,30,111.72694462952973,26,124.08234592974365,29,0.9579344162958237,1.0,0.933858020474605,0.014000373243093098,0.4166666666666667,0.48359639738243676,0.5,0.944302815906008,0.023350166692377654,0.5166666666666667,0.9661503374695596,1.0,0.9455581077792412,0.013162933406264208,0.45
an0,an0,39550.0,an0_65,10.90519068721645,65,66.02112676075028,0.0,0.020085822810818346,158.04095125727875,19,82.63870652407516,19,134.4739511373216,30,163.50351200356522,18,159.61759858417173,19,0.9630228719975685,1.0,0.9415652536204158,0.017595874092412193,0.48333333333333334,0.4834841150381151,0.5,0.9512614197658904,0.02977279305796445,0.6333333333333333,0.966844983910158,1.0,0.9467371651588494,0.014950582920690946,0.4
an0,an0,39610.0,an0_66,9.326842240802742,65,66.53064845161799,0.0,0.021809399450158678,174.9401171725747,13,97.4111507563003,31,172.28880111482385,31,174.9401171725747,13,172.16755404740658,13,0.9639048735177754,1.0,0.9430973795803345,0.010240697252393387,0.35,0.9760893177899482,1.0,0.9604202914662019,0.016839682074807672,0.43333333333333335,0.9676067788122833,1.0,0.9470889853792206,0.014480477645626376,0.35
an0,an0,39670.0,an0_66,14.078920703096992,64,65.36079430776849,0.0,0.03190862163064209,192.3472828337891,43,128.83090084321333,45,193.76820031003254,46,192.04585301646887,42,191.7463602435954,43,0.962485206665968,1.0,0.9376183936480582,0.0076543525699630435,0.21666666666666667,0.9767606031386323,1.0,0.9613250410999559,0.01267135173530129,0.21666666666666667,0.9656374957776201,1.0,0.9432968308214855,0.012333835098933255,0.2
an0,an0,39730.0,an0_66,10.624900530709457,65,65.6080444205608,0.0,0.029878224660402637,199.41864290704842,10,138.18963243209944,17,156.36884067562545,24,,7,200.47166605006527,10,0.0,0.0,0.941115578517665,0.09282393022208293,0.7666666666666667,0.0,0.0,0.9529572760568242,0.14057344274627911,0.7833333333333333,0.24140637026971906,0.25,0.9451344961022577,0.029259839237976485,0.6833333333333333
an0,an0,39790.0,an0_66,10.337288367637807,65,65.60481626825887,0.0,0.02570265542479749,196.5026240282811,26,150.43485303486673,42,124.21278343711822,43,196.5026240282811,26,195.34584715319647,26,0.96105361191524,1.0,0.9364467546656603,0.007866595685513872,0.21666666666666667,0.9683172739620656,1.0,0.9476859303809508,0.012184096540799109,0.23333333333333334,0.967262818005129,1.0,0.9454380300085483,0.011333627713404022,0.0
an0,an0,39850.0,an0_66,10.267246720133569,64,65.14693347926618,0.0,0.03681774736034831,158.76164199801983,28,101.02196372735428,35,107.12672520854099,41,157.4097583736472,26,158.87334811333443,28,0.956607937355442,1.0,0.9280263759476404,0.009055993949921872,0.3,0.9706415623209345,1.0,0.9570600236858091,0.01440793582845333,0.4,0.9711605688136329,1.0,0.9596369774851772,0.011794842079490466,0.36666666666666664
an0,an0,39910.0,an0_66,11.437895994561499,64,65.38657907771136,0.0,0.01987917416487079,169.43851870544003,25,76.30411483562479,29,173.64149039760053,42,169.43851870544003,25,167.53109164172085,25,0.9585925602203678,1.0,0.9325192645922536,0.012958711693021435,0.3,0.9737787622684162,1.0,0.9570600236858091,0.01967131121425119,0.48333333333333334,0.9701331395244169,1.0,0.9538688118962426,0.015035022759699089,0.2833333333333333
an0,an0,39970.0,an0_66,14.006082161451397,63,63.91566541023405,0.0,0.01680985428089723,136.2529266696377,31,73.48294295259608,50,131.3862032671901,47,136.2529266696377,31,136.60161053223348,31,0.9651135075851518,1.0,0.9418558459752531,0.005819995752500346,0.1,0.9799720753369945,1.0,0.9669951523561354,0.009580097373651383,0.1,0.9695242421052763,1.0,0.9500385868843093,0.01225035902345811,0.1
an0,an0,40030.0,an0_66,13.5501138013156,62,63.08508127192757,0.0,0.02548996063502566,212.69295733405605,39,41.77184946932845,35,183.18037862636055,48,212.69295733405605,39,208.47661739389383,41,0.963288390094524,1.0,0.9405223174261059,0.007105551145235133,0.3333333333333333,0.9864085334311952,1.0,0.978585577416633,0.011520095393370448,0.43333333333333335,0.966470186430767,1.0,0.944776153539882,0.012664998199798324,0.25
an0,an0,40090.0,an0_66,15.175351626436843,61,62.66501788077215,0.0,0.018358311033432807,193.99730800233488,37,85.86462527839225,40,183.51242706298916,47,204.03804844456874,34,190.37244198325203,37,0.9644547306045783,1.0,0.9414489525706178,0.006352095466286879,0.23333333333333334,0.9854984534313922,1.0,0.9766216731884326,0.010424740074227456,0.31666666666666665,0.9638591180626246,1.0,0.9425448288885557,0.014652579169955306,0.23333333333333334
an0,an0,40150.0,an0_66,27.47023327120556,61,63.0912836235818,0.0,0.02164095286170563,190.675657745821,35,58.00286022695412,34,129.81898634263698,43,190.43219148994757,33,191.14977189135658,35,0.9637266276635128,1.0,0.9411144610130469,0.008017937044283193,0.43333333333333335,0.9837771105680088,1.0,0.9746948518118892,0.013348503980031349,0.43333333333333335,0.9681729358929695,1.0,0.9554208914311343,0.012413879276878648,0.3
an0,an0,40210.0,an0_67,13.49203417420303,65,66.08016845991774,0.0,0.033394384280109955,210.91489317515237,33,198.04257493399365,38,158.21102377578194,30,208.91164273626813,32,211.5419580130618,33,0.9574017288192436,1.0,0.9290028813654061,0.008163479413220091,0.16666666666666666,0.9706441725288524,1.0,0.9510736208814208,0.013096168780363153,0.2,0.9696740093886803,1.0,0.9494566823144671,0.01202555088701495,0.16666666666666666
an0,an0,40270.0,an0_67,14.059329229601039,65,65.24859715501265,0.0,0.029999803631439653,190.56735808828856,34,67.55028760337674,47,172.71731731760104,46,187.5152581682313,33,191.83326093250878,34,0.9540955030165537,1.0,0.9237617573643725,0.008899582298708613,0.2,0.9674530995330535,1.0,0.9501865401740563,0.01423563412659102,0.26666666666666666,0.9659179863372264,1.0,0.9449288495365226,0.01348355751690582,0.25
an0,an0,40330.0,an0_67,9.775568652166912,63,64.79929498369593,0.0,0.02635690215196653,192.11560473600073,42,95.24892520935727,54,154.08218405917162,46,192.11560473600073,42,195.3670716444479,42,0.9592042312748374,1.0,0.932007052124729,0.006869271186594965,0.1,0.9841964330952366,1.0,0.9736607218253944,0.011281415462487045,0.15,0.968217060643896,1.0,0.9481032266737612,0.012178245610484448,0.15
an0,an0,40390.0,an0_67,11.618369617660369,65,64.98035427293863,0.0,0.021583818675485724,166.98171720343618,19,102.45997694221876,26,229.56248655182065,32,174.4087039000455,17,167.08281379802852,19,0.9631744814414185,1.0,0.9390750424627774,0.01551351328593135,0.4666666666666667,0.49078448901754634,0.5,0.9688898136773373,0.02587804919112492,0.55,0.48361430915163817,0.5,0.9394812768133527,0.023962368398186225,0.6
an0,an0,40450.0,an0_67,14.221053620289831,65,66.36089043034683,0.0,0.031730132282697665,188.24138947941557,40,85.97391419654942,40,161.35273941668837,39,191.91117276466187,39,186.7520168283965,39,0.9634397456829055,1.0,0.9408114104351856,0.008156617241965989,0.36666666666666664,0.9793093463211029,1.0,0.9655155772018381,0.012806375069467971,0.36666666666666664,0.9627327261643889,1.0,0.9379472766571358,0.012036618859473327,0.36666666666666664
an0,an0,40510.0,an0_67,16.421196813416447,66,66.31897103919542,0.0,0.0371929324260175,226.77508175633432,20,133.65898721795867,24,174.12811671246416,23,228.47611392751028,16,219.21577396609842,19,0.9560259430130158,1.0,0.9280310936467597,0.016990572195774455,0.48333333333333334,0.4889660168957756,0.5,0.9634285788245905,0.02404929534707063,0.5833333333333334,0.48415820218577377,0.5,0.9487963916351912,0.0262504709590535,0.6166666666666667
an0,an0,40570.0,an0_67,18.867132977952036,68,68.62990124711227,0.0,0.047955285053277896,192.77962911822536,20,155.95675607560258,31,182.45480411421028,32,190.17130495892226,18,208.5917695303184,20,0.9490408774743885,1.0,0.9214241981350261,0.019424184518214344,0.4666666666666667,0.4851482157267995,0.5,0.951427798136024,0.028581378484349933,0.85,0.48349114637746915,0.5,0.9434273778991276,0.022811881163908934,0.5333333333333333
an0,an0,40630.0,an0_67,17.803063055612245,66,67.05862432588428,0.0,0.056485781238307484,120.99783631397317,24,149.16995041610377,36,145.76409087361066,45,120.99783631397317,24,120.43399779998568,24,0.951596590778611,1.0,0.9200298639272415,0.017888222496705082,0.31666666666666665,0.4842787299225632,0.5,0.9482027364372836,0.028225854727141234,0.6666666666666666,0.9620859375465671,1.0,0.9380166167905551,0.015697751019262785,0.4166666666666667
an0,an0,40690.0,an0_67,8.66608331648634,67,68.16020829724653,0.0,0.039598204195551885,160.07394642434363,34,136.3835175788757,33,143.95366007851277,51,158.56440230308434,33,157.77813344674664,34,0.9566442527582167,1.0,0.9277404212636945,0.01160613355214189,0.25,0.9681604037320676,1.0,0.9497099707350933,0.019204587508645787,0.4,0.9649079281149893,1.0,0.9435657852065975,0.014338902065779993,0.3
an0,an0,40750.0,an0_67,22.516413107917217,67,69.05815041552167,0.0821917808219178,0.04605319792671727,141.60799113541967,34,68.62856225575229,37,115.11236677011887,50,146.83551663447267,33,141.96170258206965,33,0.9564716099231347,1.0,0.9294810513899747,0.008820585125762283,0.36666666666666664,0.9709491166417039,1.0,0.9524837156423271,0.014074279961601245,0.43333333333333335,0.9674772237698048,1.0,0.9516713711817035,0.014586357969177222,0.36666666666666664
an0,an0,40810.0,an0_68,38.67848089372653,67,80.31332906791343,0.20238095238095233,0.21255238300638493,84.2694959767651,67,65.69781426713652,61,133.08336350057058,51,140.52117241931134,24,81.97375781124694,67,0.4697636214232815,0.5,0.9293777257389364,0.028455717492693624,0.6166666666666667,0.0,0.0,0.9506287479576582,0.046759971421778776,0.65,0.9632615314499338,1.0,0.9421581652049617,0.015355245644904139,0.2833333333333333
an0,an0,40870.0,an0_68,5.053247852676982,87,90.98022090050678,0.04395604395604391,0.19214721629212433,97.8123751996009,41,70.65632845626156,35,89.40263499173786,45,89.81948430070528,29,97.8008179924892,41,0.47869585902279926,0.5,0.9377011590634531,0.02622362677175424,0.8166666666666667,0.0,0.0,0.915446180446665,0.04161291340324083,0.9666666666666667,0.9567134576661724,1.0,0.9327802392013695,0.016506714746999093,0.18333333333333332
an0,an0,40930.0,an0_68,38.69074741771577,88,104.51932867208589,0.13725490196078427,0.27940943361082926,33.3071203880485,92,37.54779297548988,82,85.57589796196105,63,34.19510343140097,58,33.6432479387489,92,0.4857065292884851,0.5,0.9620868986464071,0.025434699905378572,0.8333333333333334,0.0,0.0,0.958249927230767,0.04037646867272089,1.0,0.9704301863941006,1.0,0.9509403641523034,0.014287633724076322,0.18333333333333332
an0,an0,40990.0,an0_68,87.98910511474541,52,108.37631507865773,0.49514563106796117,0.40455346946696297,27.717486014487367,110,20.112101491899214,111,42.96601826980874,66,,0,30.289126640769133,110,0.0,0.0,0.9742850393495353,0.04201867840265165,1.0,0.0,0.0,0.9793255122940819,0.06959233485251073,1.0,0.9742332786729222,1.0,0.9628950730858788,0.018795773904340903,0.26666666666666666
an0,an0,41050.0,an0_68,30.083865072514694,89,99.63566558299357,0.09183673469387754,0.09453449479371248,91.10862335695782,30,99.94708886664317,25,95.67290400887775,32,79.11868063232602,26,88.59049532579083,30,0.4866427573689648,0.5,0.9316758229151922,0.022239429879112975,0.5333333333333333,0.0,0.0,0.9562369766586213,0.0335767555734916,0.6333333333333333,0.4893199178092445,0.5,0.9537619049645545,0.023271085250799343,0.5333333333333333
an0,an0,41110.0,an0_68,11.448133368917784,83,83.57046452633959,0.0,0.03289270364083706,122.50580798913752,36,103.5728782579778,38,84.74115626624945,56,97.97533099180909,34,122.41615206219433,36,0.9555918352194294,1.0,0.9262523550815158,0.01237947468081181,0.18333333333333332,0.9501235566510915,1.0,0.92166995628123,0.018970282903015716,0.4666666666666667,0.9615669538728033,1.0,0.9378882591046362,0.016948330076061804,0.35
an0,an0,41170.0,an0_68,15.388356994829568,74,75.8691282826874,0.0,0.03150657453435923,135.75902374037483,30,77.16423119806798,37,81.57424783690163,41,139.9958022130549,29,135.90057217407653,30,0.9593653380820981,1.0,0.9352601385029164,0.01311480210903625,0.35,0.48365864225132205,0.5,0.9548316278784409,0.02125884659455938,0.5833333333333334,0.973303031373009,1.0,0.9568043519627683,0.015630998431486232,0.4166666666666667
an0,an0,41230.0,an0_68,19.63036600597717,71,71.72417750271995,0.0,0.03528679024325676,118.06562025033432,27,60.85481168706999,41,102.97447208739081,42,117.67606489851707,26,117.30958384351409,27,0.9653631391606564,1.0,0.9423588847857776,0.014628164341088068,0.2,0.49025208533657844,0.5,0.9657665001003148,0.022802616126747655,0.5166666666666667,0.9733844402309162,1.0,0.9563572610687602,0.01488363881141967,0.13333333333333333
an0,an0,41290.0,an0_68,11.648854689158155,72,72.91060976960709,0.0,0.046239337626064005,132.31797911992018,28,93.04203169244713,37,111.46928489810297,46,131.38943486350036,26,129.98575420520626,28,0.7199556617731298,0.75,0.9367260749977626,0.020100620351750524,0.5,0.4886610049295459,0.5,0.9648853743513528,0.029934994816971726,0.7,0.9717623206930568,1.0,0.9587941507693308,0.016605202568073373,0.4
an0,an0,41350.0,an0_68,9.442356776161695,75,76.07648222367041,0.0,0.046452265277506184,204.72957317808425,19,111.57179499760724,22,117.10934894095774,21,130.8059203632746,16,203.53814821251024,19,0.4786320821573628,0.5,0.935110285765322,0.028970236466635435,0.7166666666666667,0.0,0.0,0.9606297515821718,0.044768582745679485,0.8166666666666667,0.48255826661169277,0.5,0.9534295835469704,0.027649548075665838,0.6833333333333333
an0,an0,41410.0,an0_69,10.686776659106233,74,75.18980726976991,0.0,0.03778191789463174,184.76190865712823,21,148.50943980413334,21,155.18435435922856,33,256.716979447727,18,186.3866948041088,21,0.47847086742097,0.5,0.9254945858106521,0.021458540855864135,0.5166666666666667,0.0,0.0,0.9438793468906822,0.03338366725275525,0.6833333333333333,0.9595956755423922,1.0,0.9355356294200106,0.016889771485421055,0.43333333333333335
an0,an0,41470.0,an0_69,11.959372858090642,75,75.37110849536755,0.0,0.05099096760224537,126.95412659861303,16,68.71609442861786,12,184.54705954715183,24,,7,122.28382286031679,16,0.0,0.0,0.918530372589989,0.0353312565183951,0.8333333333333334,0.0,0.0,0.9412138913208054,0.05475841324272186,0.85,0.0,0.0,0.9409854218240175,0.03013712231112961,0.7333333333333333
an0,an0,41530.0,an0_69,10.809362499934098,75,76.02221369091174,0.0,0.05501493550988766,81.5073125996161,14,105.39638721275033,25,193.61239232947273,31,186.05282288045436,15,103.30260679880529,15,0.47402044957111256,0.5,0.9141301178406572,0.026562253601019842,0.75,0.0,0.0,0.9386265848031128,0.04049591657050958,0.8,0.47983522330941497,0.5,0.933560944461834,0.024254036612711517,0.5833333333333334
an0,an0,41590.0,an0_69,10.567816242560875,73,73.51535735808241,0.0,0.04219023374755733,140.05028891915677,43,102.69904080711218,57,205.75637944347204,44,146.79914098171267,41,141.44660779652108,43,0.957625156772525,1.0,0.9323402950216071,0.011662720016658414,0.23333333333333334,0.9667294188048441,1.0,0.9459520969324433,0.017898836217634183,0.36666666666666664,0.9535354865236889,1.0,0.9250142053753754,0.018254533861968104,0.4
an0,an0,41650.0,an0_69,8.63383348792193,75,74.88084585428625,0.0,0.0380286682769062,156.6570784145782,47,112.75083643180405,50,183.29386552468213,39,155.9719748687066,46,132.36313686219438,46,0.9624355068591187,1.0,0.9375308911721516,0.010860567995770544,0.16666666666666666,0.9713736966692159,1.0,0.9529967934045767,0.016777506331952866,0.31666666666666665,0.9548692643839145,1.0,0.9256201529926491,0.01751178432787136,0.36666666666666664
an0,an0,41710.0,an0_69,10.602525287597537,74,75.64420496056091,0.0,0.044114659923101374,191.00079464082714,32,106.79746586280848,32,190.07294977712942,37,207.20069716641882,26,186.76360770045733,32,0.4812246640352202,0.5,0.9346747806024113,0.02493706260287478,0.5166666666666667,0.0,0.0,0.9509412220082588,0.03780912206582368,0.7666666666666667,0.4770856943414044,0.5,0.9262885368112327,0.024456358106298058,0.65
an0,an0,41770.0,an0_69,15.276850476242466,69,71.18206117157054,0.028169014084507005,0.048133138015027145,132.00313404709684,44,97.75836007802212,53,158.87736674253975,47,132.00313404709684,44,132.05002575662596,44,0.9600360621553231,1.0,0.9333934369255386,0.011985762898405338,0.16666666666666666,0.972498193581117,1.0,0.9552787504516058,0.01794084434113191,0.38333333333333336,0.9580812633218043,1.0,0.933165730052623,0.01834177380150792,0.38333333333333336
an0,an0,41830.0,an0_69,10.571416043187984,70,71.42784864682193,0.0,0.04993038351164181,118.38451156348536,51,91.91771617664979,62,191.4003133577828,48,116.79888796384937,50,119.21409312660982,51,0.9716893396562318,1.0,0.953004764857768,0.012339972805207242,0.16666666666666666,0.9729722020554392,1.0,0.95796979427616,0.018309927646480092,0.4166666666666667,0.9580593280922407,1.0,0.9356405329737272,0.018424639171509632,0.35
an0,an0,41890.0,an0_69,32.894859409187895,70,69.99798755798282,0.0,0.0290088541546639,138.60528771028183,26,47.85931236846121,37,180.74707009579515,36,141.90241068286576,24,173.20508075688772,29,0.9683178190657666,1.0,0.9490135210432471,0.01837415588914868,0.45,0.49025110259732474,0.5,0.9676186467453887,0.027725539806356128,0.6,0.4767666252040836,0.5,0.9254829185304634,0.027171449377287243,0.7
an0,an0,41950.0,an0_69,13.045947977177525,69,70.62928337125469,0.0,0.054686225689264706,119.09899375099691,46,94.9241671629205,55,121.77479855249197,51,119.14208037486644,45,114.60707922591716,47,0.9667644257445954,1.0,0.948866317569729,0.01091510095886227,0.25,0.9801306463750606,1.0,0.9712350869688056,0.01689239425955242,0.45,0.9565410823792735,1.0,0.9364465664500864,0.018889504473226598,0.4666666666666667
an0,an0,42010.0,an0_70,12.28560503751705,69,69.76289915965008,0.0,0.039756354922718,157.14586923858354,36,96.16676595893199,51,102.48975749129764,41,150.25851841921232,35,156.1135118156932,36,0.9699646539493536,1.0,0.9501238167952362,0.012785524044459842,0.2,0.9764000847105896,1.0,0.9611911290978528,0.017685910429360706,0.31666666666666665,0.48740335161423287,0.5,0.9547207479392321,0.021097921323087635,0.5666666666666667
an0,an0,42070.0,an0_70,11.568400017728052,68,68.72993944886234,0.0,0.040476778615907635,175.78125,49,76.33981600954075,57,170.89094790919333,39,172.83941226905003,48,166.22023543078822,49,0.966656247500344,1.0,0.94442707916724,0.011250373207254298,0.1,0.9801778828214345,1.0,0.9674560172700337,0.01719661774866947,0.18333333333333332,0.9705692378403428,1.0,0.952329053277429,0.017697959290830834,0.4
an0,an0,42130.0,an0_70,11.698486580735741,68,69.75701886400711,0.0,0.05616623871800571,141.43646086118494,25,110.347241342387,35,202.3815429927561,34,137.37951737241713,24,139.2838827718412,25,0.9639294647981789,1.0,0.9414572056433531,0.014377555065249091,0.4,0.4888057690015365,0.5,0.9630557794418814,0.02186646696983855,0.5666666666666667,0.7228982525134375,0.75,0.9410128089477776,0.020036804481353705,0.5
an0,an0,42190.0,an0_70,15.284344688823385,68,68.98561822291475,0.0,0.03698291503475932,167.5638998631494,42,66.18618399036268,58,168.44007746878478,47,167.5638998631494,42,171.21516914789257,42,0.9653640696118722,1.0,0.9422734493531203,0.011450222083060005,0.05,0.979871138188811,1.0,0.9689203824819803,0.017085917494027412,0.25,0.9604250155849443,1.0,0.9352522830022919,0.01882702461083761,0.43333333333333335
an0,an0,42250.0,an0_70,20.156877601090493,66,67.55501511541188,0.02941176470588236,0.06107139683101462,120.78884665092393,25,138.4378527083543,32,178.54998804452083,35,116.057525625275,23,126.21080249593007,25,0.2409034771851398,0.25,0.9415621851689819,0.027529209863140294,0.5333333333333333,0.24396880905365764,0.25,0.9633884265612785,0.029727734466788606,0.7,0.4823807380356492,0.5,0.9375705108365031,0.020616456666292256,0.5166666666666667
an0,an0,42310.0,an0_70,43.09985738116877,75,74.73636746397338,0.013157894736842146,0.06628826503179737,78.3930946890214,17,88.81544681951445,26,105.41448256651277,33,54.045982200014514,15,76.52613932506983,17,0.0,0.0,0.939475864102296,0.03552010261511014,0.65,0.0,0.0,0.9565189558722267,0.04228540585365734,0.6833333333333333,0.9550629688962331,1.0,0.9320858603403234,0.019345191095517425,0.43333333333333335
an0,an0,42370.0,an0_70,13.656460934651482,68,69.36039313447095,0.0,0.023794225600738787,116.15054609539693,29,79.14374839591723,49,122.65413052544828,55,116.15054609539693,29,113.86081729148844,29,0.9705866077135048,1.0,0.9516640634131738,0.011499484415368735,0.21666666666666667,0.9683455345522871,1.0,0.9482456429931287,0.01723435976419333,0.43333333333333335,0.9650934824077473,1.0,0.9418224706795788,0.01686812371629088,0.3333333333333333
an0,an0,42430.0,an0_70,13.439959931849637,65,65.82549004317872,0.0,0.030455122386101603,166.88269284312534,25,141.71937448181043,33,160.73053112528842,27,153.04779767634537,23,164.07569391391687,25,0.9700572523208446,1.0,0.9521509228224362,0.015289379491411872,0.4,0.4892514986559723,0.5,0.9647727376005449,0.024135039691807858,0.5833333333333334,0.48638809290266044,0.5,0.9536729003124337,0.020325567307981462,0.5166666666666667
an0,an0,42490.0,an0_70,17.647166381133857,64,65.10042282741546,0.0,0.015303081966733764,112.30864053200249,30,69.0360324201893,36,190.90617823388445,35,109.13557979314406,29,108.45307264212131,30,0.970227234012489,1.0,0.9513830562057445,0.010213998539620989,0.4166666666666667,0.9750042283509928,1.0,0.9596345723885084,0.01565412483943392,0.43333333333333335,0.48703493052397384,0.5,0.9493632977970289,0.020202799776350297,0.5166666666666667
an0,an0,42550.0,an0_70,12.031505179094278,65,66.09174194727858,0.0,0.02436527482905044,96.83534544414341,42,134.81053816022288,47,124.26541969208489,45,95.7628958760255,41,98.0915450969766,42,0.9706141055810086,1.0,0.953008469007143,0.007902412806886715,0.3333333333333333,0.9737103628846984,1.0,0.9571045804058623,0.012335944465693603,0.35,0.9640151660104173,1.0,0.9404034841065474,0.014422256362048058,0.2833333333333333
an0,an0,42610.0,an0_71,12.56642094711377,63,64.83745789638354,0.0,0.017993603764933114,129.38869631104922,25,146.90078367521062,40,140.77373087181937,36,128.00455119971676,23,159.22311389996113,26,0.9703577369346736,1.0,0.9530247436354962,0.015143015796278145,0.38333333333333336,0.48493716309661594,0.5,0.9526471477647902,0.0243862246393885,0.6666666666666666,0.4857130811045106,0.5,0.9506599447508598,0.02658325062483099,0.5666666666666667
an0,an0,42670.0,an0_71,16.122069817626546,64,64.18509269144108,0.0,0.016818298566195777,114.9003448728242,34,81.04095955534487,49,122.52834455542948,43,111.8750272782788,33,113.88457740052851,34,0.9704624592919441,1.0,0.9513162257669936,0.007501901560438137,0.18333333333333332,0.969533115579521,1.0,0.9529698502152193,0.011741898280157939,0.21666666666666667,0.9694821234648663,1.0,0.9496432031871456,0.014425665717006998,0.2
an0,an0,42730.0,an0_71,16.56138154665093,62,62.91669200808567,0.0,0.01806581062673666,147.83820408834848,34,70.4179951831072,38,112.48580973539251,40,142.74524666109178,33,153.6722210262854,34,0.9714316513287964,1.0,0.9534319140926322,0.008499123716175385,0.36666666666666664,0.9821683369676137,1.0,0.9714777623007551,0.013244044658361268,0.38333333333333336,0.9723267316869395,1.0,0.9546577009933894,0.015373282615691212,0.36666666666666664
an0,an0,42790.0,an0_71,11.721023553428799,63,64.14395614258662,0.0,0.028918082996210803,176.76918933330646,24,69.14107936457552,35,127.09827439492113,34,178.09530088667884,22,171.50231333209726,24,0.9686999272672238,1.0,0.9560254906843981,0.011664745034645957,0.36666666666666664,0.9831974041341814,1.0,0.97380004830126,0.01641168179646569,0.38333333333333336,0.9749131480678035,1.0,0.958911206389687,0.016519285314240885,0.4
an0,an0,42850.0,an0_71,13.680859858849386,64,65.09113572651724,0.0,0.014956064144180275,88.89758809225249,49,47.68456976691655,60,114.90646856614467,47,88.89758809225249,49,87.24964183307574,49,0.9709782904622611,1.0,0.9516304841037686,0.0074575602191130266,0.0,0.9858617200280162,1.0,0.9765651601296879,0.01176647242445729,0.16666666666666666,0.9719775767886485,1.0,0.9532959613144143,0.013565431517485405,0.1
an0,an0,42910.0,an0_71,15.564253709656812,65,65.29794910027415,0.0,0.028986789115331285,152.47284931410093,20,83.59294862278288,42,135.49786984476734,42,152.47284931410093,20,147.648230602334,20,0.9759238206510469,1.0,0.9598730344184114,0.015978526716450243,0.35,0.9855397576012896,1.0,0.9771544582137955,0.01931627414074926,0.4666666666666667,0.974219951604451,1.0,0.9586258901156224,0.015000911709302865,0.45
an0,an0,42970.0,an0_71,13.589121335104192,63,64.48250106147312,0.0,0.02612898810958597,172.88476529688572,28,122.58763151131345,43,173.01771108246197,36,172.88476529688572,28,171.94960502038575,28,0.9717867790643093,1.0,0.9541968011386613,0.012015647374536163,0.23333333333333334,0.9786104075580014,1.0,0.9644982290344006,0.018575686110217635,0.38333333333333336,0.9677993266347038,1.0,0.9507809153202453,0.019366625580577997,0.48333333333333334
an0,an0,43030.0,an0_71,15.587037048250123,65,65.6999287153835,0.0,0.027748908506425755,148.5682737337527,45,110.38180586675618,57,129.36623153299746,57,148.5682737337527,45,151.30492992028323,45,0.9638956098030903,1.0,0.939826016338484,0.0077973963938122465,0.08333333333333333,0.9766429044237157,1.0,0.9612225180326675,0.012174137028148783,0.1,0.9704546325449559,1.0,0.9526356760006086,0.015216241078582365,0.26666666666666666
an0,an0,43090.0,an0_71,11.046678154330364,64,65.46912721461091,0.0,0.030790485468633756,152.10057455543222,55,91.77055252038005,61,122.6986335407181,54,152.10057455543222,55,153.8698343598443,55,0.970267811992483,1.0,0.9505664752564995,0.006782692711123806,0.03333333333333333,0.9809161807702439,1.0,0.9681971929744217,0.01075466512104006,0.03333333333333333,0.9737892037603012,1.0,0.956417697547732,0.01398327649908506,0.03333333333333333
an0,an0,43150.0,an0_71,13.206973206515736,66,66.35839505599945,0.0,0.030995826488468853,167.86273301545125,34,119.2466854214893,44,134.66029873589412,42,174.53551639816752,31,168.46904220603315,34,0.9670058132478114,1.0,0.945380516673825,0.0114733395894424,0.2833333333333333,0.9775001766289904,1.0,0.9640832698399054,0.017548781423084883,0.35,0.969788986879593,1.0,0.9525045611792833,0.017644363587487097,0.3333333333333333
an0,an0,43210.0,an0_72,67.41848843957227,68,67.66407268929319,0.02857142857142858,0.07007926244408647,141.06866191153833,22,97.48248429294163,37,127.57759076995718,37,141.06866191153833,22,140.118997046558,22,0.9649024328339549,1.0,0.9454946264810605,0.014496973102447642,0.3,0.7301458253593341,0.75,0.9576229949639132,0.02101324135847246,0.5,0.48403534782261565,0.5,0.9468382112395298,0.02434839929482742,0.5666666666666667
an0,an0,43270.0,an0_72,13.547804545845244,65,66.5928965354101,0.0,0.03191026394189824,187.42945721601944,31,137.52078556863555,42,152.77618207908512,35,185.13081877792234,29,186.05554726120548,31,0.9646417320463028,1.0,0.9427773975406873,0.009777623894325259,0.11666666666666667,0.9699187461470749,1.0,0.9514926704147235,0.014597184801677984,0.3,0.4837949657369789,0.5,0.9458118766979511,0.027090085198508043,0.5833333333333334
an0,an0,43330.0,an0_72,10.357147383578278,67,67.92555359319859,0.0,0.030513901300133806,158.94922329826343,34,86.32263010005721,47,138.0856347943882,48,158.94922329826343,34,158.28627689899542,34,0.9654027241346466,1.0,0.9423378735577442,0.0089742750951879,0.11666666666666667,0.9728834040763633,1.0,0.9548553819962358,0.013867601968911535,0.2833333333333333,0.9691369169968758,1.0,0.9488535942234648,0.015876389388890272,0.3
an0,an0,43390.0,an0_72,9.872018819320477,66,66.89828339020085,0.0,0.025005127381707785,164.55778414562062,25,188.90724698425322,29,165.90045089665298,48,168.10495930742198,25,175.22512991533534,27,0.9628099134853778,1.0,0.9387103130946454,0.019718342230303037,0.48333333333333334,0.0,0.0,0.9580282435267156,0.03199348940402087,0.8333333333333334,0.970640274374393,1.0,0.9511607193462266,0.017946767214436055,0.25
an0,an0,43450.0,an0_72,11.60800452055978,68,68.36259062323325,0.0,0.0370100089350292,182.98512726171623,38,128.65992713478795,39,133.73777331822654,50,182.98512726171623,38,189.72241458139467,38,0.9602617433837031,1.0,0.9340112238335945,0.010221992638509918,0.21666666666666667,0.9673402492987522,1.0,0.9455670821645871,0.01634583804164373,0.2833333333333333,0.9658927825821542,1.0,0.9449359857360358,0.015009403285346478,0.26666666666666666
an0,an0,43510.0,an0_72,15.06251095837178,67,67.78933334856472,0.0,0.05026522534674532,160.3430254713553,14,137.64708861289355,27,185.3798786404876,43,166.6463203726683,13,156.67212210905248,14,0.960748103118211,1.0,0.9347740106825518,0.016987564631003448,0.3333333333333333,0.48432986874834383,0.5,0.9444379881929423,0.02465960160943645,0.6166666666666667,0.9682366094282108,1.0,0.9471539277038519,0.016643660219594833,0.3333333333333333
an0,an0,43570.0,an0_72,11.957741884037643,66,67.0696434409536,0.0,0.042781468993691556,134.42835968172324,41,80.15455875665266,58,147.3024033981625,59,134.89366768878386,40,133.06953069730125,41,0.9617107557625977,1.0,0.9361845929376628,0.009130425037471957,0.0,0.9721816976484157,1.0,0.9564511897894079,0.013561244393348363,0.18333333333333332,0.9655818831477939,1.0,0.9426364719129899,0.014558040819505558,0.0
an0,an0,43630.0,an0_72,13.648524447279106,67,67.3000347716254,0.0,0.032655676815061326,178.7592168557669,32,156.3065276037634,39,137.14981386519116,39,163.90741678167487,31,181.59685942999872,32,0.9656578900915321,1.0,0.9460215994890517,0.012176839457342251,0.3,0.9761206798629795,1.0,0.964261691263758,0.019084543320715387,0.48333333333333334,0.973310604469777,1.0,0.9573208397363927,0.01677133403347664,0.35
an0,an0,43690.0,an0_72,13.506539662619184,66,66.66281503728902,0.0,0.030507026668157876,,8,158.54034276234907,17,193.92429452823092,35,,3,,8,0.0,0.0,0.9460463305317697,0.035242427215065986,0.8166666666666667,0.0,0.0,0.9474497243614773,0.05739592157288456,1.0,0.48461840732276884,0.5,0.9475519886495962,0.02149132969879472,0.55
an0,an0,43750.0,an0_72,12.619803454849102,66,67.09259281009747,0.0,0.02394285892354023,213.31844913693587,21,142.6391834343397,24,154.56036310483668,49,212.10689500706826,20,214.97674292815955,21,0.48055402180456963,0.5,0.9313049785812894,0.021965583167955882,0.65,0.0,0.0,0.9405018850830751,0.034664714508299485,0.8666666666666667,0.962647086970343,1.0,0.9390294822895038,0.018163192347761432,0.23333333333333334
an0,an0,43810.0,an0_73,14.096918460941959,68,68.88285781204218,0.0,0.023455598494047863,79.2744679372941,29,136.8372812077188,33,131.137590618182,38,57.5945141230067,24,81.10839308340061,29,0.4772093727444895,0.5,0.9275679260590297,0.024974728294492633,0.5166666666666667,0.0,0.0,0.9290579358664062,0.038835268114031735,0.5666666666666667,0.7239427393297893,0.75,0.9470163180515989,0.02001331349264493,0.5
an0,an0,43870.0,an0_73,7.195463509250431,68,68.34483614896335,0.0,0.020369481534228587,,7,120.65191571469141,13,125.4974638947354,25,,2,,7,0.0,0.0,0.9289805207145134,0.0503077259110147,0.9333333333333333,0.0,0.0,0.9371194805585286,0.08221680594861858,0.9666666666666667,0.4840609650724643,0.5,0.9485191980445186,0.029646351126192835,0.8
an0,an0,43930.0,an0_73,13.231737663568508,68,69.51315304713421,0.0,0.021076588560952448,181.02164618691643,27,115.61444208553705,32,140.26991925467632,42,171.90728002657818,23,182.66194079606353,27,0.9605037609012068,1.0,0.9343703884565346,0.0124651367766778,0.1,0.9605827204888908,1.0,0.945161149140095,0.019535978126137152,0.4666666666666667,0.9679945665988958,1.0,0.9500878879638117,0.015374311817925096,0.26666666666666666
an0,an0,43990.0,an0_73,6.466722335033439,70,70.84272737402318,0.0,0.012393195943338646,117.83281916249099,34,83.67558994520786,43,136.24497095546587,62,117.83281916249099,34,115.16786167866609,34,0.9573167140587855,1.0,0.9331235054779953,0.019296136651132677,0.3333333333333333,0.24234357390169214,0.25,0.9489971427759855,0.02992367311822162,0.5666666666666667,0.9693473720884519,1.0,0.9498411854610784,0.014919633678258406,0.11666666666666667
an0,an0,44050.0,an0_73,12.801432764414763,73,73.93824677634967,0.0,0.019489656873833486,81.85538357032141,46,59.817940746537325,57,90.52188646710525,64,76.47234547268066,44,80.42940313647048,46,0.9726917518584132,1.0,0.9555135686873637,0.006587177510549473,0.21666666666666667,0.9796251397501159,1.0,0.9660418995835264,0.01027860985359371,0.23333333333333334,0.9747926812572163,1.0,0.9585457790713131,0.013462987910057232,0.21666666666666667
an0,an0,44110.0,an0_73,10.549130615780816,73,73.82525561948398,0.0,0.015536390047560873,82.2214702111953,43,61.42259841217339,49,90.09814527086559,68,73.81398371632011,42,100.03487763868183,44,0.9817152407470879,1.0,0.9695254012451466,0.007389233995401222,0.13333333333333333,0.9847942021092589,1.0,0.9754579996951424,0.011411266091895935,0.21666666666666667,0.9820593670902491,1.0,0.9703139526267319,0.013453175113172866,0.11666666666666667
an0,an0,44170.0,an0_73,21.67744365908767,73,77.5180778615396,0.07594936708860756,0.05025523370245101,143.78275053941127,29,90.08646469192614,30,125.14753284902453,44,130.24088134867318,25,141.98843011215487,29,0.7298624445380031,0.75,0.96413968856926,0.021065625774927262,0.5,0.24598353835615988,0.25,0.9733846530936204,0.031974740121312004,0.5833333333333334,0.9695097590054953,1.0,0.9590579933612966,0.017848730938417063,0.48333333333333334
an0,an0,44230.0,an0_73,23.3688447993054,76,76.72442950605428,0.0,0.043135236277907975,130.73785557943964,25,92.33256972444579,29,133.55407937040812,56,130.73785557943964,25,129.96794476587937,25,0.9687906021636694,1.0,0.9484611480207016,0.011518630231986677,0.16666666666666666,0.9750476423455949,1.0,0.9608611609700979,0.017934216332376657,0.4,0.9653279977880078,1.0,0.9439519859259005,0.016119947786822332,0.26666666666666666
an0,an0,44290.0,an0_73,34.7814343594697,76,79.36156268228567,0.050000000000000044,0.0850466241077915,158.35174988836823,25,126.03527931918316,32,108.29126462502799,38,159.18011544092343,22,157.25510060620186,25,0.9651439232075281,1.0,0.9419065386792134,0.01377824651532705,0.23333333333333334,0.48809694701664125,0.5,0.9592031334972431,0.02118914659023587,0.55,0.4851845007730311,0.5,0.9498784931661134,0.025401474058880838,0.5333333333333333
e61,e61,10.0,e61_0,34.83449782716242,86,87.01162910422994,0.0,0.005999082583154197,192.7408826677996,21,178.64184731947685,37,122.00135298803929,38,,0,189.15602025840997,26,0.0,0.0,0.0,,0.0,0.6514756954985178,0.36951334435424166,0.8420714192118844,7.390266887084834e-05,0.0,0.0,0.0,0.0,,0.0
e61,e61,70.0,e61_0,8.038876981851997,86,87.38776134402416,0.0,0.008289214842455823,,2,,6,,6,,0,,1,0.0,0.0,0.0,,0.0,0.9169504195060382,1.0,0.8615840325100637,0.001986989971610138,0.0,0.0,0.0,0.0,,0.0
e61,e61,130.0,e61_0,8.562288687807982,79,86.00621538249598,0.07058823529411762,0.007061787249285381,231.84734764101373,14,91.83149834638257,19,103.00656077405944,26,,0,211.5741864302835,12,0.0,0.0,0.0,,0.0,0.7453813082479834,0.5622837692777071,0.8665218841595235,0.00011245675385554142,0.0,0.0,0.0,0.0,,0.0
e61,e61,190.0,e61_0,13.520193648296647,82,87.55775163368061,0.023809523809523836,0.005817759139076853,115.60054862372091,39,104.89079622666861,32,152.85458181796372,47,,0,137.1229473964978,38,0.0,0.0,0.0,,0.0,0.717119268513581,0.409157407285487,0.9253573205077467,8.183148145709741e-05,0.0,0.0,0.0,0.0,,0.0
e61,e61,250.0,e61_0,8.969364847741751,93,94.37746266191844,0.0,0.005936273127655745,93.68295703285159,35,96.19871352485025,30,79.57636245102876,37,,0,94.06586573659008,32,0.0,0.0,0.0,,0.0,0.7126883897484791,0.38439952420506596,0.9338850592783561,7.68799048410132e-05,0.0,0.0,0.0,0.0,,0.0
e61,e61,310.0,e61_0,9.861967417368682,85,87.88684861197828,0.0449438202247191,0.006112091781982909,,3,,6,154.24212127511223,15,,0,,4,0.0,0.0,0.0,,0.0,0.9585086703211707,1.0,0.9338446670601823,0.0007641221960127127,0.0,0.0,0.0,0.0,,0.0
e61,e61,370.0,e61_0,13.853538153724728,79,81.90421847677594,0.024691358024691357,0.05899171637687005,,9,149.60598526531578,18,155.41069222845826,15,,0,,7,0.0,0.0,0.0,86.17894088468512,0.03333333333333333,0.9541429733602892,1.0,0.9235716222671487,0.0006598325279143615,0.18333333333333332,0.0,0.0,0.0,8.91903242159768,0.06666666666666667
e61,e61,430.0,e61_0,55.38952360589684,69,74.68510890956331,0.0547945205479452,0.05000119893481119,,9,149.40065809970517,11,,8,,0,,9,0.0,0.0,0.0,,0.0,0.0,0.0,0.9045153943413601,0.09670072611216601,0.65,0.0,0.0,0.0,,0.0
e61,e61,490.0,e61_0,15.062058294933955,76,75.82305930879477,0.0,0.022349185174167376,75.53579832571907,28,70.20908400050862,22,162.67585944569106,27,,0,118.65669709167655,35,0.0,0.0,0.0,,0.0,0.6756854451204148,0.33923731806640034,0.9013110101291874,7.902115476443726e-05,0.08333333333333333,0.0,0.0,0.0,,0.0
e61,e61,550.0,e61_0,13.156305113209886,72,77.28368457695058,0.040000000000000036,0.009961980451905649,145.81880042914133,49,73.43507586867833,49,127.17367122657579,53,,0,152.45811969478558,47,0.0,0.0,0.0,,0.0,0.6822455585947266,0.30058603212183466,0.930035506736828,6.011720642436693e-05,0.0,0.0,0.0,0.0,,0.0
e61,e61,610.0,e61_1,14.500704806138282,74,76.46755577192964,0.02631578947368418,0.008318986127284524,142.98128316579474,40,73.56050619244719,33,176.7098567932848,32,,0,149.82445868766766,39,0.0,0.0,0.0,,0.0,0.7162218213616357,0.37451787327012886,0.9447799177369081,7.490357465402578e-05,0.0,0.0,0.0,0.0,,0.0
e61,e61,670.0,e61_1,17.220199903370975,74,75.69941528510248,0.0,0.007904618305979834,130.0259138835409,39,91.6269118502611,30,266.18493234120604,34,,0,122.7576655221353,37,0.0,0.0,0.0,,0.0,0.7361793441686578,0.427076516904374,0.9430666828707783,8.541530338087479e-05,0.0,0.0,0.0,0.0,,0.0
e61,e61,730.0,e61_1,18.558204722632144,74,76.47803359680063,0.02631578947368418,0.00976165835445746,114.27131369766944,35,73.8451741226936,33,133.8395900224287,40,,0,143.79548969680118,36,0.0,0.0,0.0,,0.0,0.7231103030232972,0.39998071563244497,0.9386703815856199,7.9996143126489e-05,0.0,0.0,0.0,0.0,,0.0
e61,e61,790.0,e61_1,13.683417046965356,76,80.11600797955296,0.012987012987012991,0.02885025296152532,141.35680946401285,43,115.50389438655002,44,130.67845096473462,48,,0,129.3511009503714,42,0.0,0.0,0.0,,0.0,0.6946000487696904,0.37370161343811453,0.9043652762556158,7.474032268762291e-05,0.0,0.0,0.0,0.0,,0.0
e61,e61,850.0,e61_1,19.093141844640513,70,76.96205129520683,0.05405405405405406,0.0075606657466193205,155.47868334719968,34,97.15781892940639,45,153.30763245275568,40,,0,107.52025883807228,34,0.0,0.0,0.0,,0.0,0.7363429154298734,0.4728097778709949,0.9156929632780312,9.456195557419898e-05,0.0,0.0,0.0,0.0,,0.0
e61,e61,910.0,e61_1,19.101063442825136,70,72.96296521490548,0.02777777777777779,0.0069275446002668006,98.56994438238705,17,113.68462664730663,13,152.38611960121364,14,,0,89.16277250063504,17,0.0,0.0,0.0,,0.0,0.9561748531811658,1.0,0.9276043935770655,0.002875045654710635,0.0,0.0,0.0,0.0,,0.0
e61,e61,970.0,e61_1,13.71164350173289,82,83.27966421639472,0.0,0.10878921422019486,160.50022947246615,36,104.59222965979994,31,126.80944183505203,44,,0,115.67835355623576,28,0.0,0.0,0.0,,0.0,0.7153657035902207,0.38334344461767034,0.9362866548620721,9.485102309115325e-05,0.16666666666666666,0.0,0.0,0.0,13.79657907648692,0.05
e61,e61,1030.0,e61_1,17.77242150832383,86,88.96704808817573,0.0,0.21063485997543646,143.38296666692432,13,,7,,8,,0,100.71963286492085,10,0.0,0.0,0.0,,0.0,0.9617719929172432,1.0,0.9364227389389443,0.006666585522629366,0.43333333333333335,0.0,0.0,0.0,,0.0
e61,e61,1090.0,e61_1,7.709905967319889,82,82.69611383395684,0.0,0.21559416383127952,,7,67.10468086836003,10,150.25387225782976,10,,0,,7,0.0,0.0,0.0,1.8688488098592588,0.16666666666666666,0.9614579748680366,1.0,0.936571880470348,0.004895769369764875,0.4166666666666667,0.0,0.0,0.0,1.8604301105538903,0.18333333333333332
e61,e61,1150.0,e61_1,31.00107694946016,82,85.54411403030434,0.03529411764705881,0.0877614209993678,,7,,2,137.49486010130093,20,,4,,7,0.0,0.0,0.8945535014686417,0.09576218908030565,0.7666666666666667,0.0,0.0,0.9372325731348734,0.08916739762730874,0.8333333333333334,0.0,0.0,0.9006612524400186,0.03433867063602429,0.5333333333333333
e61,e61,1210.0,e61_2,7.4944055537807746,87,87.9835060254134,0.0,0.04508297642355371,,7,,6,114.84640728218275,21,,2,,7,0.0,0.0,0.8924002367692622,0.053974333492020535,0.75,0.0,0.0,0.9368961850122117,0.08369509562217485,0.9833333333333333,0.937594534136432,1.0,0.8979725073687604,0.019252613101725647,0.45
e61,e61,1270.0,e61_2,14.867307390783434,78,79.18471418277998,0.0,0.019839884270955104,,8,,6,86.30575066610113,52,,7,,8,0.0,0.0,0.8910675047181127,0.030542279602829896,0.65,0.0,0.0,0.938836204940275,0.05044997092783709,0.9333333333333333,0.9602976112430939,1.0,0.9426621449643885,0.01256081686310144,0.2833333333333333
e61,e61,1330.0,e61_2,13.548725274853538,77,81.37358613392645,0.012820512820512775,0.0471877524309117,,8,,3,82.14649642559323,51,,2,,8,0.0,0.0,0.8918120456293208,0.03529066577743982,0.7833333333333333,0.0,0.0,0.9401392665373492,0.05397898247215101,0.8666666666666667,0.9796188928402938,1.0,0.9670028478617041,0.01644642083274076,0.31666666666666665
e61,e61,1390.0,e61_2,20.372604481613383,69,73.63806400619485,0.028169014084507005,0.017984377169887274,,7,,1,78.9852195005722,57,,5,,7,0.47097192830879575,0.5,0.9094875604926107,0.029174554336862293,0.5333333333333333,0.0,0.0,0.9401392665373492,0.04737168711826053,0.6666666666666666,0.9732822612169005,1.0,0.9562849139717933,0.016447769473471752,0.21666666666666667
e61,e61,1450.0,e61_2,19.043026315787163,73,74.5529618027893,0.0,0.01740011082582751,,8,,7,127.2613215409008,53,153.5354476352466,10,,8,0.4745970181882173,0.5,0.9149631460157899,0.025067734831332837,0.5833333333333334,0.0,0.0,0.9341442964246157,0.0458448895621068,0.7166666666666667,0.9792566410596772,1.0,0.9660900416450338,0.015376639283446993,0.35
e61,e61,1510.0,e61_2,26.246574054638124,66,74.35469419772714,0.09589041095890416,0.015723841885319723,118.68463308995157,15,,7,67.15423979295582,54,161.38331110334357,15,118.65315599920396,15,0.9374127555778892,1.0,0.8979036499800542,0.011423876292300263,0.3,0.9522465319065239,1.0,0.9207250476390224,0.019987207412633486,0.48333333333333334,0.9735917491569537,1.0,0.9564102029969697,0.015144703824356936,0.2
e61,e61,1570.0,e61_2,19.448894052187562,70,72.95356141048184,0.02777777777777779,0.02935206292330492,,8,,5,107.90869802464952,51,,3,,8,0.0,0.0,0.8973908487262497,0.06544011329743334,0.8833333333333333,0.0,0.0,0.9196811796511813,0.09174081824099123,0.9833333333333333,0.976872794938501,1.0,0.9617765624603561,0.01615349167297081,0.15
e61,e61,1630.0,e61_2,17.204335720134125,72,75.02705663230329,0.013698630136986356,0.023780505367667685,,5,,6,74.2639664894759,51,,2,,5,0.0,0.0,0.9029583314903558,0.04406659300304089,0.9166666666666666,0.0,0.0,0.9208300378180284,0.06791503336953279,0.9166666666666666,0.9741680247945027,1.0,0.9572587217607198,0.017498126676741832,0.21666666666666667
e61,e61,1690.0,e61_2,18.349632110015605,70,73.176041432272,0.02777777777777779,0.021141699124107818,190.88737066985337,11,,4,64.97382786393047,67,197.2207912035507,12,163.36734339790462,10,0.9438943171232037,1.0,0.9064905285386728,0.013183653810644928,0.21666666666666667,0.47728242022122985,0.5,0.9228581172378618,0.02024042836893141,0.5333333333333333,0.9812972899744178,1.0,0.9688288166240296,0.014700339484619036,0.1
e61,e61,1750.0,e61_2,14.827459199158678,77,78.70968588276249,0.0,0.02475413250225159,250.5653231773648,12,,3,97.49674473732443,51,,9,317.0537445340725,14,0.0,0.0,0.9111966656906075,0.03010574743245468,0.7333333333333333,0.0,0.0,0.9248395940950004,0.0321517478146962,0.7,0.9769411066080593,1.0,0.9665971709234775,0.015600057953951162,0.26666666666666666
e61,e61,1810.0,e61_3,21.50848750923127,80,80.02816991581203,0.0,0.009860961567025216,135.82295820870087,13,,5,39.96521861906276,78,135.82295820870087,13,134.16407864998737,13,0.9427503250766227,1.0,0.9045838751277044,0.008415160347147236,0.26666666666666666,0.954432133521187,1.0,0.9248395940950004,0.009251793722726193,0.26666666666666666,0.9848876357637053,1.0,0.9748127262728422,0.011325712921620486,0.0
e61,e61,1870.0,e61_3,13.988026323685022,84,90.17600100997024,0.023255813953488413,0.09106654792944169,164.6350376986042,13,,8,89.03051326184,31,,9,168.69597900760212,13,0.0,0.0,0.900965078656509,0.03831419357543124,0.7833333333333333,0.0,0.0,0.9244460857978912,0.0369949827539685,0.7666666666666667,0.9707730137868326,1.0,0.9611903575726137,0.019072999217837533,0.48333333333333334
e61,e61,1930.0,e61_3,9.342187396536033,92,94.24522922794927,0.0,0.1112234758248682,92.76829755498373,10,133.20880044893977,12,118.82964023524391,21,,6,121.03718436910205,11,0.0,0.0,0.9002281947796651,0.05104662603738547,0.8333333333333334,0.0,0.0,0.9208800380262286,0.0591645371138233,0.7833333333333333,0.4839236682553965,0.5,0.9469651126478078,0.023801226116713044,0.7
e61,e61,1990.0,e61_3,7.949729676764158,93,96.30741326314815,0.021052631578947323,0.08135140175173425,,9,,7,56.05389354112515,49,,5,,9,0.0,0.0,0.8880354321286299,0.07549911208407489,1.0,0.0,0.0,0.9161301628933316,0.11402814903046345,1.0,0.9694694602426375,1.0,0.9496155676662148,0.014807999327279595,0.36666666666666664
e61,e61,2050.0,e61_3,59.70148157093143,95,82.55831713124893,0.01041666666666663,0.046539760360405656,,5,,4,82.69967773598114,38,,1,,5,0.0,0.0,0.8717679917516047,0.12777864603171935,0.85,0.0,0.0,0.9130997038029591,0.1435411275705824,1.0,0.4870090904563441,0.5,0.9544746511873099,0.022089237886257156,0.5666666666666667
e61,e61,2110.0,e61_3,27.185857883593993,73,78.09906866861083,0.03947368421052633,0.05180879002007369,,8,,6,84.61337854101443,41,,2,,8,0.0,0.0,0.8713401380036487,0.0587670677645422,0.8166666666666667,0.0,0.0,0.9150767799530936,0.07044061418671185,0.85,0.7299920530997037,0.75,0.9585195217523818,0.019605279912915694,0.5
e61,e61,2170.0,e61_3,33.1375648438044,81,84.36777600920225,0.02409638554216864,0.03057697383196751,,6,,3,60.628161461652034,68,,3,,6,0.4658372148817742,0.5,0.8967001337500188,0.02478437827673073,0.7166666666666667,0.0,0.0,0.9154286281911054,0.03345142504405196,0.8,0.9753175871233342,1.0,0.958862645205557,0.01152979932019619,0.016666666666666666
e61,e61,2230.0,e61_3,25.007592095751633,86,84.86154838380924,0.011494252873563204,0.14825821877022968,63.82068181305598,16,95.91487185022693,23,62.08212787930242,35,,2,66.84870978560468,17,0.0,0.0,0.8929375517649639,0.11505729913352727,1.0,0.0,0.0,0.9148313295885888,0.13756578622413357,1.0,0.4881071509861975,0.5,0.9619056277348599,0.02816986823390545,0.55
e61,e61,2290.0,e61_3,13.97671764872854,117,119.72750020950338,0.0,0.16023548874579518,132.77967031219157,15,86.60077842732564,25,62.34889404045738,56,,0,129.43466820498028,16,0.0,0.0,0.9245343337111377,0.06194685889214109,0.95,0.0,0.0,0.9315185791435525,0.09061784824762939,1.0,0.9568731734417142,1.0,0.9428586294544476,0.014854395200266001,0.21666666666666667
e61,e61,2350.0,e61_3,4.961634834974365,111,111.26812279543927,0.0,0.2732405492048044,41.56991533943899,33,100.68457969355676,34,41.52925630762349,36,,0,43.02923600896432,34,0.0,0.0,0.9242931198930348,0.1078041274721035,1.0,0.0,0.0,0.9330479884856892,0.15831193237012403,1.0,0.4891567764093169,0.5,0.9704892182394866,0.02880443599402785,0.5333333333333333
e61,e61,2410.0,e61_4,21.92287569631879,113,116.66637500073654,0.017391304347826098,0.38875884776658065,45.80880701999604,43,91.56583993369557,39,74.49139301911713,36,,0,50.64697699833395,44,0.0,0.0,0.946873096274508,0.18151923674915527,1.0,0.0,0.0,0.9298967945009209,0.2288799143780525,1.0,0.0,0.0,0.9592973733686582,0.05248160356113886,0.65
e61,e61,2470.0,e61_4,2.9972955770011596,117,118.05724989578812,0.0,0.33167885953881115,54.07199711473404,32,82.54427867943564,31,39.20871074196236,33,,0,53.911516514592925,32,0.0,0.0,0.9699334430454403,0.156164875661358,1.0,0.0,0.0,0.9423222808952891,0.2099300972345921,1.0,0.0,0.0,0.9622649533445157,0.04960317932806459,0.6666666666666666
e61,e61,2530.0,e61_4,3.446716704329263,126,127.17792191279548,0.0,0.2184332265291436,77.10928265360901,13,118.97080622730519,11,46.13676488678796,25,,1,82.51262529657708,13,0.0,0.0,0.961876042526143,0.13444250290062493,1.0,0.0,0.0,0.9411308663303442,0.17401972690209822,1.0,0.0,0.0,0.9704685771108691,0.040827483382963894,0.65
e61,e61,2590.0,e61_4,14.552081912559443,100,100.27383112048318,0.0,0.19310240940084414,73.10244191467812,19,,5,76.94420157653207,56,,1,70.90682462060882,19,0.0,0.0,0.9547820065373451,0.0691431496579664,1.0,0.0,0.0,0.9372110603035186,0.09175777591410941,1.0,0.966989384835399,1.0,0.9450350671596974,0.015996086073025217,0.23333333333333334
e61,e61,2650.0,e61_4,18.031938272966762,103,105.8865884047133,0.009615384615384581,0.3535504508452145,35.851479530959715,52,87.58243556388159,35,57.38459724950673,43,,0,38.040226386411156,52,0.0,0.0,0.9594862755034372,0.08944247507874495,1.0,0.0,0.0,0.9301127310229445,0.13061739346274256,1.0,0.9700595808300763,1.0,0.9530630381430943,0.015481671392048788,0.38333333333333336
e61,e61,2710.0,e61_4,16.160421760781748,107,110.25317804784889,0.0092592592592593,0.35695687101094176,49.99050474076164,37,87.58366535775949,26,60.13890474037662,44,,0,59.95612430857471,39,0.0,0.0,0.9706757443617001,0.0933662799466681,1.0,0.0,0.0,0.9295051685060032,0.13504510014877832,1.0,0.7287705317829085,0.75,0.9587189140743511,0.019930193548755148,0.5
e61,e61,2770.0,e61_4,3.9710379060472767,117,116.87408570371497,0.0,0.30817025949324994,82.72514441952198,66,39.94942187154115,55,46.413166077031605,52,,0,90.90454534090341,67,0.0,0.0,0.9648775194743832,0.05033535030176102,1.0,0.0,0.0,0.9475116026967991,0.07065378120182941,1.0,0.978323072328183,1.0,0.9673364318078573,0.016851625492785544,0.4
e61,e61,2830.0,e61_4,15.846523112680433,123,127.22673288112128,0.0,0.17066724261112098,56.207614652647166,22,149.01033929713708,25,38.44204210660195,67,,1,57.48705858505812,22,0.0,0.0,0.9413888520307286,0.04490636361781734,0.9666666666666667,0.0,0.0,0.9445483565716649,0.060076057128257476,1.0,0.9802076556934566,1.0,0.967447074520952,0.011661506772859983,0.11666666666666667
e61,e61,2890.0,e61_4,8.737474330760103,92,93.13364445145793,0.0,0.022638515876228147,,5,,7,48.18663434927485,71,,2,,7,0.0,0.0,0.9421405299130345,0.04915697897224427,0.8166666666666667,0.0,0.0,0.9409891875914687,0.07253261542439618,0.95,0.9749024038325709,1.0,0.9581706730542847,0.013027534306458559,0.0
e61,e61,2950.0,e61_4,8.346555812335701,86,87.56005160205561,0.022727272727272707,0.08422968075812612,97.94701032898536,12,65.27912098338669,12,87.54341700774039,63,,2,50.99019513592785,11,0.0,0.0,0.9357835942831787,0.039424485798416314,0.8166666666666667,0.0,0.0,0.936307611483312,0.05206694213541443,0.95,0.9778614750043897,1.0,0.9635598796379737,0.010935144176304487,0.1
e61,e61,3010.0,e61_5,10.007473480242073,99,100.29268749305594,0.0,0.23763877130711691,54.65186909166754,48,98.85822787583237,51,75.41634378009171,44,,1,55.31342032531623,48,0.0,0.0,0.9554818816156236,0.0552554121865381,1.0,0.0,0.0,0.9312675267808348,0.07500789596408965,1.0,0.9685073558018267,1.0,0.9480311217691517,0.016791813276647683,0.43333333333333335
e61,e61,3070.0,e61_5,8.035606751763,100,101.04395243524603,0.0,0.2800269373286611,54.54173119342736,47,88.33901002368255,43,68.86960362472998,32,,0,57.55904340988364,47,0.0,0.0,0.960105366859924,0.06985363577980866,1.0,0.0,0.0,0.9447985024863819,0.09700793120212034,1.0,0.48643953171805376,0.5,0.9532883232979815,0.0254600586415532,0.6166666666666667
e61,e61,3130.0,e61_5,7.020415288859883,90,98.33309023211322,0.04255319148936165,0.06217090066219148,,6,,6,75.15812579188639,52,,2,,6,0.0,0.0,0.9587522711636705,0.06547025422599229,0.85,0.0,0.0,0.9365046806046237,0.11011488378017104,1.0,0.970050627157184,1.0,0.9518539078529619,0.014963373099174828,0.3333333333333333
e61,e61,3190.0,e61_5,11.679593168680658,78,81.85991176867195,0.04878048780487809,0.018812151685453332,,4,,7,97.93739012769119,54,,5,,4,0.4868966745439306,0.5,0.9563222484797687,0.028464290125186305,0.6833333333333333,0.0,0.0,0.9323275488427103,0.036127640615075715,0.9666666666666667,0.9697105589175954,1.0,0.9495175981959922,0.01276222701341868,0.1
e61,e61,3250.0,e61_5,24.354064290290417,78,79.16267005132457,0.0,0.012835169313587623,,4,,4,88.63974730013783,49,,3,,4,0.9736927719196846,1.0,0.9569712667923245,0.017384118119209743,0.43333333333333335,0.47682591120431383,0.5,0.9197854644997215,0.02097700535679126,0.5166666666666667,0.9767405350695262,1.0,0.9628578986072459,0.012934001306650508,0.21666666666666667
e61,e61,3310.0,e61_5,29.404968780528073,81,82.18727740946633,0.0,0.021339561974484174,,6,,9,118.95981229795332,22,,4,,6,0.0,0.0,0.9556879460045781,0.04120267253223341,0.7,0.0,0.0,0.9052064783093815,0.04551842317936332,0.7,0.9742945646960356,1.0,0.9588871218130839,0.016029938819683134,0.31666666666666665
e61,e61,3370.0,e61_5,12.400658238564482,81,81.99544105346035,0.0,0.011295091358538342,,2,,4,138.07814585743077,28,,1,,2,0.0,0.0,0.95202308181275,0.042961673146326394,0.8166666666666667,0.0,0.0,0.8930538895664333,0.04551117031337999,0.8333333333333334,0.9668511880600068,1.0,0.9471634280299883,0.018024537009197223,0.43333333333333335
e61,e61,3430.0,e61_5,12.440995982602637,79,79.5280276651241,0.0,0.008815976588855847,,2,,2,61.26075095337793,40,,0,,2,0.4853392565440508,0.5,0.9508880256428025,0.028869600009461142,0.6666666666666666,0.0,0.0,0.8937307913601248,0.04019372940411839,1.0,0.9689815625459923,1.0,0.9483026042433205,0.012766609716330538,0.1
e61,e61,3490.0,e61_5,9.661247974404118,79,80.18099523320818,0.0,0.009276775351913456,,5,176.38391008194444,12,59.0927301584193,67,,6,,4,0.9698354675852989,1.0,0.9498917305076865,0.015287555801889448,0.3,0.9366725868808062,1.0,0.8964665237970068,0.019955000077228092,0.48333333333333334,0.9848576136938335,1.0,0.9747626894897224,0.009656991006796845,0.016666666666666666
e61,e61,3550.0,e61_5,18.80542840166036,76,80.14233278302774,0.03797468354430378,0.013903010176627768,,5,,8,67.38517130533214,49,,4,,4,0.4846449063760402,0.5,0.9483992275772403,0.021205777442486678,0.55,0.4689048206388308,0.5,0.8983582138997597,0.028919395144983748,0.7,0.9833298249306702,1.0,0.9722381458013556,0.01118454627352744,0.06666666666666667
e61,e61,3610.0,e61_6,10.235854567326793,78,80.72740776220834,0.025000000000000022,0.01776077586950377,,4,,8,73.67111981116325,53,,2,,3,0.4841589019021282,0.5,0.9461264968646799,0.026813117682954794,0.6166666666666667,0.0,0.0,0.9020209711940178,0.03622917393702231,0.8333333333333334,0.9812960294534785,1.0,0.9689101875140509,0.010414777643067384,0.05
e61,e61,3670.0,e61_6,17.760439725159397,70,77.85610245862108,0.06666666666666665,0.01742988193453875,,4,,8,110.82155858261373,33,,1,,2,0.48292737009059067,0.5,0.9430912336353022,0.022221051462274422,0.55,0.47024168451430526,0.5,0.9077106138178944,0.02880471195782862,0.6333333333333333,0.978106384170378,1.0,0.9656958171971171,0.014618144814491293,0.23333333333333334
e61,e61,3730.0,e61_6,57.82574973633323,78,79.51105998844946,0.025000000000000022,0.021913206614307654,,3,,3,75.53449713973195,47,,0,,1,0.0,0.0,0.9378798292255551,0.04113181047362159,0.9166666666666666,0.0,0.0,0.9071873072438952,0.06483455145399544,1.0,0.9735220755736071,1.0,0.9572162772426553,0.013246968549000811,0.18333333333333332
e61,e61,3790.0,e61_6,18.19134227413125,71,76.52748867392927,0.04054054054054057,0.013025141788187122,,7,,8,76.22353591156542,48,,3,,7,0.0,0.0,0.9253553574524648,0.04837010863473824,0.8833333333333333,0.0,0.0,0.9006201993621149,0.0730038515748762,0.9666666666666667,0.979282511421797,1.0,0.9654708523696617,0.013484586177150018,0.08333333333333333
e61,e61,3850.0,e61_6,18.574305869982137,81,80.31408160180682,0.0,0.01408085947325356,,4,,3,38.142576983959444,56,,0,,0,0.0,0.0,0.8953857512711683,0.0385362272899059,0.8333333333333334,0.0,0.0,0.8951431610497449,0.05274174984057298,0.8833333333333333,0.9840776748607429,1.0,0.9747394905086844,0.013380400318599973,0.25
e61,e61,3910.0,e61_6,50.70649028202307,78,79.49589006247923,0.0,0.00978045140476314,143.3880341877044,15,159.58357981105857,13,50.243945760193625,62,,9,,7,0.9298248993935077,1.0,0.8837568786330009,0.014883990865064376,0.3,0.9360453639716114,1.0,0.8955795018337818,0.01990272363007293,0.48333333333333334,0.9873182470076382,1.0,0.9788637450127303,0.013279974383609415,0.0
e61,e61,3970.0,e61_6,17.508629332582796,77,78.49601632718458,0.0,0.00896187017049693,124.66663644085884,12,,7,31.046414770950125,78,,8,,3,0.9263219360274656,1.0,0.8816658280684928,0.007169895934257366,0.16666666666666666,0.9355078769523816,1.0,0.8925131282539692,0.009043924139216328,0.16666666666666666,0.9862498180364039,1.0,0.977083030060673,0.013258204247341112,0.0
e61,e61,4030.0,e61_6,16.385017129041273,77,80.32042494861392,0.012820512820512775,0.010846597213915532,177.1790488872297,19,159.62075959085368,10,49.46350002599319,71,169.93900681180943,20,,9,0.9361046668120925,1.0,0.8967052739464509,0.011750403184910208,0.13333333333333333,0.9343823580800904,1.0,0.8906372634668174,0.014028009972443332,0.25,0.9863357348840498,1.0,0.9772262248067496,0.013161578862689573,0.0
e61,e61,4090.0,e61_6,17.614742967623076,77,78.08768466113939,0.0,0.020223026732191045,207.58328524353786,12,,7,79.93319189279654,64,140.28701667870448,10,,6,0.4743258005545661,0.5,0.9144193351818869,0.022895637951893522,0.65,0.4676296074346558,0.5,0.8936038158501279,0.027210388720560884,0.75,0.9803995713104832,1.0,0.9673326188508053,0.013916457344974946,0.08333333333333333
e61,e61,4150.0,e61_6,13.696786789717219,74,77.32531727544959,0.02631578947368418,0.024327184010012663,224.7140833833815,13,141.62306078514843,14,68.9691226721939,62,225.77989835235553,11,117.04699910719626,13,0.9457844493183989,1.0,0.9109471823340609,0.019830964683753415,0.48333333333333334,0.4698121263595809,0.5,0.8993737545319365,0.022084491546374575,0.6,0.9823576280313894,1.0,0.9710439811245908,0.013957685960234558,0.1
e61,e61,4210.0,e61_7,12.656292563754906,79,79.65630957623182,0.0,0.013705501841696322,,4,,9,48.48897160022912,70,,4,,3,0.9467621892214897,1.0,0.9115577410343236,0.012166398687418856,0.2833333333333333,0.9436246325214774,1.0,0.9081367081920941,0.012509361139011181,0.2833333333333333,0.9844048128171784,1.0,0.9741429902816515,0.014161686543230655,0.1
e61,e61,4270.0,e61_7,14.979855703856455,77,77.99460277349107,0.0,0.02198326492540389,168.74919624294182,19,201.3424640799771,17,40.752898367219814,77,169.43851870544003,17,,7,0.9386133672222465,1.0,0.8977478840281043,0.013092748906638491,0.21666666666666667,0.9479466731168076,1.0,0.9148425901986519,0.012998946718870936,0.21666666666666667,0.9890874655915146,1.0,0.9818124426525243,0.013930414440873517,0.0
e61,e61,4330.0,e61_7,18.95878148252912,77,77.79447477712321,0.0,0.02237883562963763,,4,227.64870726465995,13,68.76638790695081,66,,2,,3,0.0,0.0,0.8947956421234017,0.03259519027037801,0.8,0.0,0.0,0.9101127679276162,0.04586919448714923,0.8666666666666667,0.9868359197200456,1.0,0.9782293470914822,0.014530932770339976,0.08333333333333333
e61,e61,4390.0,e61_7,49.6382094422816,72,76.23524927336108,0.052631578947368474,0.026623094780449802,138.85056708731423,17,286.8368711044659,15,91.12565353686736,60,142.4076820844531,16,119.97221900645721,16,0.9342987360502085,1.0,0.8915858358681846,0.019541883032658892,0.4666666666666667,0.466861804223882,0.5,0.8879719164107793,0.022899918518746433,0.6333333333333333,0.976824443186034,1.0,0.9616552597498739,0.016312554406542668,0.16666666666666666
e61,e61,4450.0,e61_7,15.206312537134373,77,78.53567613979757,0.0,0.03596364268716957,122.38475127134916,16,221.03585099813694,18,80.42407065980343,73,115.71592059369425,14,152.62290129597196,17,0.9454954713677339,1.0,0.9153583212471172,0.018273039678336073,0.43333333333333335,0.4665787699743709,0.5,0.8877345460840421,0.02065775568465973,0.5166666666666667,0.9792707346936362,1.0,0.9654512244893937,0.014877447330113626,0.0
e61,e61,4510.0,e61_7,17.097097662105753,76,77.18898307378277,0.0,0.03082618969073957,179.81809635418318,14,137.47558376967345,21,64.66688317023024,69,126.67336964857688,11,180.06409115389144,14,0.9469456732390861,1.0,0.9130921141707479,0.01218082758968591,0.26666666666666666,0.9241352812013259,1.0,0.8757938707092642,0.012502159630334547,0.26666666666666666,0.9799172525660278,1.0,0.9669377642651965,0.01481857360350502,0.1
e61,e61,4570.0,e61_7,15.880259959759384,74,77.00748897835092,0.02631578947368418,0.032420414259880265,152.65756576849913,12,133.29208198283266,12,84.1197977469268,63,159.19107033687536,11,155.41732675138076,12,0.0,0.0,0.896653239289897,0.03285892444401375,0.5833333333333334,0.0,0.0,0.8601319304181134,0.03684323969730566,0.5833333333333334,0.9804235284834275,1.0,0.9679788756244107,0.016338025792419986,0.25
e61,e61,4630.0,e61_7,21.648709784086186,76,77.2107364103088,0.012987012987012991,0.025829863285181418,175.23193842538575,12,,7,120.06764150263565,47,110.68613487942135,12,172.88987561713697,12,0.4684980314107971,0.5,0.8933804448909323,0.023143703811587597,0.5833333333333334,0.9179247186748738,1.0,0.8815049616795358,0.019041575201342156,0.48333333333333334,0.974890623595086,1.0,0.963086981566655,0.016326484604544077,0.43333333333333335
e61,e61,4690.0,e61_7,14.398638784782714,78,80.89943997355633,0.012658227848101222,0.01768699012660064,247.47257581649325,11,111.34144961683307,10,89.97288097233498,47,,4,247.38633753705963,11,0.0,0.0,0.8958136627805393,0.03471754925740639,0.7166666666666667,0.2323319514152672,0.25,0.8930997143550161,0.030395511993887313,0.65,0.9705835313089248,1.0,0.956130780655206,0.019610106656140706,0.48333333333333334
e61,e61,4750.0,e61_7,17.776850791653832,76,76.95030549271405,0.0,0.01251123235892535,90.95217521908607,16,,4,82.69818170801882,61,,3,91.39657178107576,16,0.9414477924248854,1.0,0.9169989022155172,0.01645993901819475,0.36666666666666664,0.9358598286130096,1.0,0.897407270252309,0.0148590976514747,0.36666666666666664,0.9763357275207312,1.0,0.9671286808181491,0.019321692383553062,0.36666666666666664
e61,e61,4810.0,e61_8,16.531329945278927,76,77.54803454502617,0.0,0.023212287817041807,166.69514730614287,16,,9,121.14786813190288,72,122.8008275532696,15,169.27295511490703,16,0.9424266724581802,1.0,0.9065850772691664,0.014860230679137271,0.25,0.9392474254369716,1.0,0.9072697747641942,0.013239721567996434,0.25,0.9744272102540277,1.0,0.9573905017671408,0.017290395770856434,0.2
e61,e61,4870.0,e61_8,50.09279043518078,74,74.27636253794755,0.0,0.034431573952717606,211.5678712222693,12,,6,87.81849078405247,32,,5,213.81810451451912,12,0.0,0.0,0.9039954630148941,0.05345095670451108,0.9333333333333333,0.0,0.0,0.9123751780787163,0.05435597460398847,0.9333333333333333,0.4867690318206782,0.5,0.9573727507277857,0.023036949681449308,0.65
e61,e61,4930.0,e61_8,15.67629747085369,75,78.85056897251447,0.013157894736842146,0.042254416674179014,,9,,5,157.1778517095036,18,,0,,9,0.0,0.0,0.913673376682881,0.10346459168261155,1.0,0.0,0.0,0.9142330450388958,0.11000569814050372,1.0,0.0,0.0,0.9522721624970634,0.0310859639239639,0.9
e61,e61,4990.0,e61_8,18.466207667878173,74,75.00079688350644,0.0,0.03399872274053942,192.0176633166027,12,108.56027729707668,12,145.3262848438176,40,,1,191.8806447200494,12,0.0,0.0,0.9224706215647763,0.0660629167230847,0.9666666666666667,0.0,0.0,0.9134901282881989,0.0685073962761171,0.9666666666666667,0.4812532481050247,0.5,0.9453904710978112,0.026732972056540183,0.7
e61,e61,5050.0,e61_8,16.256339964505298,74,77.432443419483,0.013333333333333308,0.03387058603819224,,8,,7,160.9869253700008,30,,8,,8,0.0,0.0,0.8937113663749924,0.051109974309208016,1.0,0.0,0.0,0.9148148868134722,0.05155295735967434,1.0,0.4803295026666061,0.5,0.9346066053769982,0.024408436186577606,0.7333333333333333
e61,e61,5110.0,e61_8,14.579389706419999,77,76.90483667339063,0.0,0.017739631508037354,274.1148889713385,14,,6,147.56418795905296,52,,9,271.1939413890986,14,0.0,0.0,0.8714583245732713,0.040564647439032736,0.75,0.0,0.0,0.9177785750512886,0.03658573330843338,0.6833333333333333,0.9592383929845805,1.0,0.9346451935885074,0.018575672921105325,0.4
e61,e61,5170.0,e61_8,13.665942265062064,75,78.7170175696321,0.013157894736842146,0.019523749750825457,,7,,6,120.4210740042549,52,,5,,8,0.4630529254577248,0.5,0.87741806736752,0.02956960702758472,0.8,0.47488538949591014,0.5,0.9161579456653834,0.027387464344876756,0.75,0.48627398939158767,0.5,0.9517396116705852,0.021757386196972817,0.6
e61,e61,5230.0,e61_8,18.187532134102096,77,77.26980038635479,0.0,0.02056355942870974,255.29468139575164,13,,7,62.7362957388329,67,132.5057732625891,10,258.4569596664017,12,0.9335513535820219,1.0,0.8892522559700365,0.014880193695739157,0.23333333333333334,0.9475436659108172,1.0,0.9145212488268308,0.013293918893704043,0.21666666666666667,0.9760420681648236,1.0,0.9600701136080393,0.01634418541462776,0.11666666666666667
e61,e61,5290.0,e61_8,23.806203909071215,79,80.00597377936045,0.0,0.031068329429406953,166.05519340551936,10,,4,108.71452366749348,26,,2,,9,0.0,0.0,0.8945352138483378,0.07887701737214473,0.8666666666666667,0.0,0.0,0.9129753488425852,0.06197738884351413,0.85,0.0,0.0,0.9765390420705108,0.05364375864840375,0.85
e61,e61,5350.0,e61_8,12.828013256219416,78,80.27776105323653,0.0,0.04344818760969427,,9,145.28271322274938,12,132.24107737876417,28,,1,306.09094509094297,13,0.0,0.0,0.8949096674203532,0.09097554482571454,1.0,0.0,0.0,0.9118707933167082,0.0822999925549274,0.9833333333333333,0.0,0.0,0.9599019936239532,0.030857276150807647,0.7
e61,e61,5410.0,e61_9,16.254938015456496,82,86.75905059569361,0.03529411764705881,0.06455521857048542,185.8926328920586,13,,8,45.258588618625744,51,,4,193.35101599064689,14,0.0,0.0,0.8996499565870253,0.04664709537685061,0.9333333333333333,0.0,0.0,0.9075141108142184,0.05662311366923791,0.95,0.9695698857776027,1.0,0.9496899186186878,0.017643038351367074,0.2833333333333333
e61,e61,5470.0,e61_9,17.66293204559549,77,78.48277106969253,0.0,0.029019586374249666,,5,,8,97.00302360515195,31,,2,,5,0.0,0.0,0.9135150051948582,0.07203706240053234,0.85,0.0,0.0,0.9012218893217454,0.06650366014854858,0.85,0.0,0.0,0.9646122315067515,0.03788796672358541,0.75
e61,e61,5530.0,e61_9,24.044891473917506,78,78.64422597368149,0.0,0.03941402157698339,,7,,6,149.222346612189,30,,5,,8,0.0,0.0,0.9156474931900249,0.09312696176556617,0.8166666666666667,0.0,0.0,0.8984599874450477,0.06593167590756402,0.7333333333333333,0.0,0.0,0.9436109617267068,0.03504783853099627,0.7166666666666667
e61,e61,5590.0,e61_9,12.475559444186171,88,91.09486923333704,0.0,0.05515640210579763,166.8496716629307,10,,5,110.43520248934955,23,,5,166.73332000533065,10,0.0,0.0,0.9150130683319742,0.07191917625921823,0.95,0.0,0.0,0.8958726416620401,0.05049797769203472,0.8666666666666667,0.0,0.0,0.9355675981174452,0.0502905177183836,0.9
e61,e61,5650.0,e61_9,17.748917905249673,78,77.60385173786159,0.0,0.029207019105834547,,7,,8,170.6643946253315,35,,7,,7,0.0,0.0,0.9104569042361967,0.03938351766886036,0.8,0.468761792498612,0.5,0.896768258492658,0.02864262475636168,0.75,0.4732684014659032,0.5,0.9148707950771278,0.028110399947685723,0.8666666666666667
e61,e61,5710.0,e61_9,18.146685829899802,75,76.05690577688598,0.0,0.039540088568368534,,7,186.70258675973878,10,164.33096421128644,28,,1,,7,0.0,0.0,0.9099369466956599,0.048642475200816174,1.0,0.0,0.0,0.9060564020370829,0.03453192937705184,0.9333333333333333,0.0,0.0,0.9058954530552996,0.03285107501069838,0.9833333333333333
e61,e61,5770.0,e61_9,13.020754008072217,82,79.7465654150919,0.0,0.06803733086735264,,8,,7,161.31125693696436,22,,2,,8,0.0,0.0,0.9031611434007192,0.08861137709801414,0.9666666666666667,0.0,0.0,0.9114082652873177,0.06683459650082754,0.9666666666666667,0.0,0.0,0.9243320384533318,0.04343883091484596,0.9166666666666666
e61,e61,5830.0,e61_9,32.39959614156052,87,88.23490484607451,0.0,0.024706550569282237,159.8065287389854,13,,8,90.12785220077399,58,,9,174.7725795010606,12,0.46819260460746803,0.5,0.8949857188591347,0.025230857917780347,0.7,0.47262212696524,0.5,0.9087404232174665,0.022963876424773134,0.6333333333333333,0.951719602018725,1.0,0.9317875138425613,0.01682093245224269,0.38333333333333336
e61,e61,5890.0,e61_9,10.251792319727242,88,95.38632255517948,0.022222222222222254,0.3271966618607438,186.72214452176715,14,147.42187977711868,14,102.0720391286223,31,,5,182.4617978983757,14,0.0,0.0,0.9041098351449991,0.06042571436471905,0.7666666666666667,0.0,0.0,0.9086434734427469,0.05057582329629278,0.7333333333333333,0.0,0.0,0.9503502523874016,0.03661684626598972,0.75
e61,e61,5950.0,e61_9,9.917856095666302,89,94.37197026649481,0.0,0.06733925932990037,,7,,7,107.4726809713632,30,,2,,7,0.0,0.0,0.9127461871132025,0.14927993656492095,1.0,0.0,0.0,0.9040010955275224,0.1591336699938883,1.0,0.0,0.0,0.9317256693951356,0.059936922774846524,0.9
e61,e61,6010.0,e61_10,23.479525525422247,72,72.66156905388381,0.0,0.02504720935713234,153.33655312516177,10,132.20533003541397,12,109.42449197069344,63,197.51597946719744,12,155.13435037626795,10,0.4738113113881558,0.5,0.9127043712938527,0.023252785766111485,0.65,0.47096418493258263,0.5,0.9039119782408733,0.024692120080754415,0.65,0.9540894701981287,1.0,0.9296901652099125,0.01911733098871309,0.38333333333333336
e61,e61,6070.0,e61_10,17.90973045976487,71,71.57180023360523,0.0,0.021013268991995696,,5,,8,132.48943812029262,48,,4,,5,0.0,0.0,0.9098649430449459,0.040979209480303064,0.8333333333333334,0.0,0.0,0.9049393405009055,0.040863640650361605,0.8333333333333334,0.9676146091309619,1.0,0.9486926622299873,0.01886650872386474,0.35
e61,e61,6130.0,e61_10,15.174651050089869,73,75.60026611286453,0.026666666666666616,0.02243572673382514,114.01968374473769,10,218.5506106595057,22,96.46596032340149,57,173.18393626791718,21,115.18101695447331,10,0.9446675377874901,1.0,0.9081891409382472,0.013639164497896053,0.35,0.9439488010122952,1.0,0.9092994050601766,0.015929930122287668,0.35,0.9695435782586834,1.0,0.9557378486448846,0.01775468252464985,0.31666666666666665
e61,e61,6190.0,e61_10,16.812681241974897,73,74.37183687287022,0.0,0.026719672548497636,,7,202.80757783789102,10,137.3454008778133,48,,2,,7,0.0,0.0,0.9084621459975766,0.04278133586832364,0.85,0.0,0.0,0.909087832286023,0.0386724265372169,0.85,0.9648924429908237,1.0,0.9462787506301764,0.019076608954848216,0.4166666666666667
e61,e61,6250.0,e61_10,15.242225970667072,74,76.13763908603418,0.02631578947368418,0.021248772468980045,,7,352.1089503131453,11,169.6546493537636,34,,6,,1,0.0,0.0,0.9116343263451077,0.04117536380425982,0.9333333333333333,0.0,0.0,0.9030586053626951,0.030469796773745977,0.7166666666666667,0.48183716652086545,0.5,0.9436839286345186,0.025898172897940296,0.8833333333333333
e61,e61,6310.0,e61_10,14.664743821102874,72,73.5036944793984,0.0,0.01709156437449063,,9,,8,131.4563586852384,40,,3,,8,0.47143798614910304,0.5,0.904748052321841,0.02490652470039787,0.5333333333333333,0.46512484485865463,0.5,0.8830304218331966,0.02101492880637372,0.5333333333333333,0.7211933414897117,0.75,0.9360598679203365,0.020640760783759166,0.5
e61,e61,6370.0,e61_10,12.906406449993815,74,74.52073850053601,0.0,0.027607029341440666,127.17828590702895,10,,7,129.86151728620376,41,243.7575119034796,11,121.15187896924165,10,0.0,0.0,0.9054236519981059,0.03236465320845065,0.8666666666666667,0.46606377759364276,0.5,0.8868792586454759,0.02655563691867014,0.7,0.9619393688211052,1.0,0.9457930672338355,0.019431287786114373,0.48333333333333334
e61,e61,6430.0,e61_10,16.369941807579437,76,76.24629331819206,0.0,0.02518028117502738,223.1906752622933,14,215.75328309591643,10,110.63156864014634,52,187.82523875267668,16,184.42278792460098,18,0.9404523466226662,1.0,0.9044972633446925,0.015780845138545732,0.31666666666666665,0.9334161430827377,1.0,0.8906988242814411,0.013761427599962857,0.26666666666666666,0.9685380001118957,1.0,0.9485564578321082,0.015032306863045667,0.18333333333333332
e61,e61,6490.0,e61_10,17.726812399275495,76,76.01966121837536,0.0,0.020827933158993134,244.81936899988122,11,163.57136986579505,12,60.98119063117294,56,,8,,8,0.9326032523593644,1.0,0.8890197456488549,0.015991738308659575,0.4,0.6993547406412153,0.75,0.8901086644550315,0.019255758537968747,0.5,0.9732471994105119,1.0,0.9556896067918315,0.01632361289708926,0.2
e61,e61,6550.0,e61_10,18.945170534485605,76,78.68578993651244,0.012987012987012991,0.025824302645003096,179.35884799520392,16,192.24148124006692,11,65.34768054851048,58,114.32262006415587,16,179.4993036198191,16,0.4706869242649574,0.5,0.9014274914943166,0.025081636574493513,0.5666666666666667,0.464546150467463,0.5,0.8822610525262361,0.029055983667117653,0.6833333333333333,0.9793622062303686,1.0,0.9662170420760264,0.013963610155591586,0.18333333333333332
e61,e61,6610.0,e61_11,14.145901566742298,70,75.66605040872291,0.02777777777777779,0.01815460524201036,173.28963291264714,14,,9,89.50193606709729,58,175.95871723348787,12,172.55991155805302,14,0.9424695178156312,1.0,0.9048709484408354,0.01702049011527138,0.4,0.6918146764853884,0.75,0.8720594615391868,0.019969052993612388,0.5,0.978977228094542,1.0,0.965440703492322,0.016550095818041004,0.21666666666666667
e61,e61,6670.0,e61_11,14.027873953446234,76,76.01884253708477,0.0,0.018986143085744506,150.74953790006566,16,245.18346986334697,14,53.18728245246255,67,151.50438410824242,15,170.88007490635061,17,0.9454566082930737,1.0,0.9101410807538156,0.009592953081961165,0.26666666666666666,0.9226226914920033,1.0,0.884841782954067,0.010491714129746891,0.3,0.9840868554928368,1.0,0.9767016449796562,0.0146577537142999,0.15
e61,e61,6730.0,e61_11,13.444859701507843,73,76.01123446048653,0.013513513513513487,0.021727390913216692,150.70336054079706,20,248.014577129551,16,84.46679735604471,67,150.70336054079706,20,113.65582721015025,18,0.9504675333382296,1.0,0.9204516538220014,0.015297953001400463,0.36666666666666664,0.9425002159442606,1.0,0.9179276276527755,0.01767012858967392,0.4166666666666667,0.9801164589069484,1.0,0.9677950541286624,0.01567117745294793,0.06666666666666667
e61,e61,6790.0,e61_11,13.3233680300916,76,77.67191383590246,0.0,0.02127350828019329,130.06346107285475,26,159.58792594665346,23,48.02728682684372,73,130.06346107285475,26,128.17175976009693,26,0.9578154572094821,1.0,0.9303896789078236,0.007852934209263182,0.18333333333333332,0.9506414064494282,1.0,0.9177356774157136,0.00874682339833081,0.18333333333333332,0.9825745855512562,1.0,0.9709576425854269,0.014745581773313352,0.0
e61,e61,6850.0,e61_11,13.865071889356399,73,73.78866679861541,0.0,0.016745669744369418,210.88122963448592,19,108.88562394348715,17,82.00293895515337,70,210.88122963448592,19,201.28995767008232,18,0.9573917090964514,1.0,0.929168757195929,0.009755480596815778,0.1,0.9529630118111422,1.0,0.9216916654198788,0.010670157075579684,0.1,0.9855826834841441,1.0,0.9762320258993871,0.015357726400641168,0.06666666666666667
e61,e61,6910.0,e61_11,22.01010208400122,69,74.1604114419266,0.06756756756756754,0.02251178088142532,240.19679160620913,16,136.4074900737283,15,103.50641173621958,65,252.52457171371745,15,197.79338265529063,10,0.9548567212271135,1.0,0.9259905871152152,0.011240553625679857,0.21666666666666667,0.9510774531522415,1.0,0.9190770660676089,0.011735396202456096,0.21666666666666667,0.976456757108937,1.0,0.9607612618482283,0.015549765602889346,0.0
e61,e61,6970.0,e61_11,18.2694144925259,84,89.7221082003869,0.023255813953488413,0.06103903447463716,,5,,3,78.00855683935946,48,,3,136.0672102833218,15,0.0,0.0,0.9112669947170888,0.04493413992700239,0.8166666666666667,0.0,0.0,0.9234899773968888,0.04594386793314026,0.8,0.9602336454860342,1.0,0.9538003226394693,0.017367592762988136,0.4666666666666667
e61,e61,7030.0,e61_11,12.965136405020507,81,81.78286648955789,0.0,0.16094343984883805,211.3422043600142,11,,8,96.17484336955839,23,,6,83.66600265340756,10,0.0,0.0,0.9014742587263292,0.06293527679401568,0.7333333333333333,0.0,0.0,0.9187987272402485,0.05739718989692853,0.7333333333333333,0.4835946460549072,0.5,0.9436725958679509,0.024569662909084848,0.5166666666666667
e61,e61,7090.0,e61_11,6.821230870945531,98,100.30886772182726,0.020000000000000018,0.4036939250398864,151.61081704070457,11,60.45529989149205,43,130.38411876339674,54,,0,66.69047194029329,64,0.0,0.0,0.9002168900598534,0.05115637965077225,1.0,0.0,0.0,0.8599623111932755,0.04564270243113601,1.0,0.47429423659703496,0.5,0.9193142451775503,0.023070026193191866,0.8166666666666667
e61,e61,7150.0,e61_11,15.045170438132974,111,115.59490920032924,0.017699115044247815,0.2282110499477745,218.70814331689846,11,82.63870652407516,10,74.87524558166493,42,,2,27.386127875258307,23,0.0,0.0,0.9044696058924329,0.08906423929845622,1.0,0.0,0.0,0.8507562026991367,0.07888239405921263,1.0,0.0,0.0,0.9300078421806371,0.038104533069376015,0.7666666666666667
e61,e61,7210.0,e61_12,20.716451334538522,78,80.35215671884649,0.03703703703703709,0.06929325248590214,228.57404434887178,10,,2,134.2558950423348,20,,1,,2,0.0,0.0,0.911534320513215,0.07320894324163862,0.9333333333333333,0.0,0.0,0.8688138165135774,0.06782752233453951,0.8833333333333333,0.0,0.0,0.9364346741195728,0.04567005202381271,0.85
e61,e61,7270.0,e61_12,22.548561113198566,69,68.89638328437161,0.0,0.021952127021424395,,9,118.76827344782687,10,129.8693504144967,28,,4,,5,0.0,0.0,0.913715393196789,0.0781645384153848,0.8166666666666667,0.0,0.0,0.9064762436686651,0.06263052793222827,0.7666666666666667,0.23237110954284496,0.25,0.8849322486468746,0.03357648002102683,0.7
e61,e61,7330.0,e61_12,28.453689498889016,63,66.02650303834426,0.03076923076923077,0.011090131395953516,331.73897324970403,15,,5,176.05723284348667,45,309.2901556639412,11,,7,0.9460319871317517,1.0,0.9145879943561264,0.015160095645659843,0.38333333333333336,0.9392339315067006,1.0,0.9064762436686651,0.013168326860005946,0.38333333333333336,0.9548460559589591,1.0,0.9426305194185376,0.019529920985410284,0.36666666666666664
e61,e61,7390.0,e61_12,27.47440126996086,65,66.1155567701212,0.0,0.027600822361853912,203.57522219992785,15,,6,214.60010535326848,29,,4,,4,0.0,0.0,0.9166449435227974,0.04442298927618624,0.9833333333333333,0.2338002135896558,0.25,0.8946274998548759,0.030003852417235327,0.8333333333333334,0.0,0.0,0.9318466982956903,0.04377115487110307,0.7166666666666667
e61,e61,7450.0,e61_12,26.816522435467018,64,65.21083478016581,0.0,0.02846290098889444,,9,,9,266.8349688621019,19,,2,73.1057073315377,10,0.0,0.0,0.9102258097912843,0.04409606053865674,0.95,0.4682123760408752,0.5,0.8923325530844578,0.027061501754094813,0.65,0.0,0.0,0.9224724713837569,0.04265828130012103,0.9833333333333333
e61,e61,7510.0,e61_12,20.22262332924829,67,68.30515555932402,0.0,0.030668100691506044,,7,,9,184.72374418268672,30,,5,,4,0.0,0.0,0.8982641130141924,0.03190484660385226,0.8,0.4691128026511154,0.5,0.8970426755037179,0.023006257599268595,0.6666666666666666,0.47320595115942565,0.5,0.91201513302002,0.023842883090595825,0.7666666666666667
e61,e61,7570.0,e61_12,60.17476972505342,62,69.54235912023974,0.07462686567164178,0.013470114467617436,,6,,2,191.972646085196,27,,5,,4,0.23166232354534333,0.25,0.8800155453374952,0.03001354027105467,0.8833333333333333,0.4701454016437877,0.5,0.9002893327851285,0.02051238359824828,0.5166666666666667,0.0,0.0,0.9153316482033309,0.0317663166043711,0.9833333333333333
e61,e61,7630.0,e61_12,26.99394005226118,65,65.64501147150877,0.0,0.009319126407318894,208.46350100197395,20,,4,177.4787825677164,41,139.43361062108852,16,,3,0.9247117016698224,1.0,0.8777488236356221,0.01778819637794495,0.3333333333333333,0.9390918370196846,1.0,0.8984863950328077,0.011498081250866585,0.21666666666666667,0.48034549570018287,0.5,0.9341999666945877,0.021505028964815254,0.5833333333333334
e61,e61,7690.0,e61_12,26.250438734144247,65,66.21522597045684,0.0,0.008255299535951286,140.7455116340798,19,,1,124.18574533914587,38,140.7455116340798,19,,3,0.9394366527130719,1.0,0.902335947694664,0.010402709423458955,0.13333333333333333,0.9390918370196846,1.0,0.8984863950328077,0.006448850405180274,0.08333333333333333,0.9612850307387271,1.0,0.9429501079505863,0.019720890183318508,0.48333333333333334
e61,e61,7750.0,e61_12,23.153876352962,65,66.16294610365887,0.0,0.017294720671474875,354.4859509453282,12,,4,174.75103197716268,28,,8,,4,0.4731945244549377,0.5,0.910248446147602,0.023462708392225425,0.6,0.9396846145830158,1.0,0.9001189116103041,0.015512959064532119,0.3,0.4850066866955871,0.5,0.9505159907570663,0.025016376766170884,0.8333333333333334
e61,e61,7810.0,e61_13,20.308606448832467,68,68.83374413695543,0.0,0.023653593191801697,267.9025850928502,12,,8,192.57908712813847,36,240.8100952060046,11,150.0,11,0.9455806554569539,1.0,0.9100531921996184,0.01604153558526724,0.3,0.9392743982373448,1.0,0.8994743576383597,0.010967021982516232,0.2,0.9637660305506881,1.0,0.9412217859101475,0.018615000846333225,0.31666666666666665
e61,e61,7870.0,e61_13,19.839653190966654,67,70.6996079706744,0.02898550724637683,0.0559581647818704,,7,82.98117470314358,12,143.0885795857339,32,,9,116.1416759345623,10,0.47378135135951416,0.5,0.9113414734123916,0.02283303516443269,0.5333333333333333,0.9340099160551744,1.0,0.892246790814156,0.0161925864138853,0.38333333333333336,0.4815465216458414,0.5,0.9395323707669184,0.022683543397320236,0.6666666666666666
e61,e61,7930.0,e61_13,16.809967564577573,72,71.74403164387353,0.0,0.031476403716027064,170.9254070981452,10,,7,108.66441564912309,27,,8,,9,0.471807123549498,0.5,0.9095189870423448,0.02695650537947846,0.5833333333333334,0.936994221042214,1.0,0.9004508316571616,0.018506040628382014,0.48333333333333334,0.48170672995651775,0.5,0.9397043363479001,0.02844815883533408,0.6
e61,e61,7990.0,e61_13,21.64263075244589,67,70.10934721190294,0.014705882352941124,0.021973270208836722,176.69035746716628,11,,8,145.51045526258864,32,238.6616101288717,10,172.07556479639985,11,0.4701561942146694,0.5,0.9013043394349439,0.02889046232807179,0.6333333333333333,0.4727497753212836,0.5,0.9086233407588907,0.02632795978277994,0.5833333333333334,0.7227938079570686,0.75,0.9423219870985927,0.020604815585518813,0.5
e61,e61,8050.0,e61_13,21.654196547831454,68,69.11068940794898,0.0,0.015250157419345257,,8,,7,192.19552293908654,39,,7,,8,0.9389407503794575,1.0,0.8982806337337518,0.015940022189715165,0.43333333333333335,0.9419492247186445,1.0,0.9069517545156702,0.012451928361679618,0.36666666666666664,0.9614879852300873,1.0,0.9381043656919525,0.01768598972233664,0.4166666666666667
e61,e61,8110.0,e61_13,21.795857215297094,68,69.1985253794278,0.0,0.021264398380034556,230.53862523597743,10,,5,154.9612026616893,22,,5,227.54730887834683,10,0.0,0.0,0.8996556989699424,0.03769071933201905,0.7333333333333333,0.23250810665535085,0.25,0.8871609436376915,0.02998468554100332,0.6333333333333333,0.4793093038686043,0.5,0.9328544661566587,0.029420426457198858,0.75
e61,e61,8170.0,e61_13,26.789695177021347,67,70.69552615143589,0.02898550724637683,0.02393619947839728,208.4007517402297,15,234.99051122243924,16,137.6918494688638,41,179.17726470593306,18,243.51591323771842,17,0.9435373665816462,1.0,0.9068709008930635,0.01637868057373091,0.45,0.8983408851997948,1.0,0.8512814588267115,0.013384228742559953,0.35,0.9578284329518574,1.0,0.9327017116914662,0.017765020107025277,0.45
e61,e61,8230.0,e61_13,20.051670804080743,69,69.67289735912054,0.0,0.018561900514076118,202.26797753370877,14,151.69131124177812,16,141.73175588060707,51,185.53659510996746,11,199.6920706410825,14,0.9477868726453919,1.0,0.9133391249777277,0.010729275774432605,0.2,0.9074457965121795,1.0,0.8481387353572841,0.008506061551260253,0.2,0.9693336036337703,1.0,0.9492818514395905,0.014090396116763102,0.2
e61,e61,8290.0,e61_13,16.84032133040778,71,72.17393919336804,0.0,0.027544068191212696,169.68813031541268,22,160.71738588279737,16,128.17630418060557,58,163.63825770179955,19,193.5200248036363,23,0.9464624746395722,1.0,0.9109868436943835,0.010333084950034994,0.18333333333333332,0.9310049959486122,1.0,0.8904583987544197,0.008161364903512314,0.08333333333333333,0.9690065673174479,1.0,0.9509195610071766,0.014691223427605898,0.18333333333333332
e61,e61,8350.0,e61_13,12.96050388934536,77,78.97823228290832,0.0,0.04592457156535997,125.73028858930532,14,176.6704273607956,14,124.58916862030985,26,,9,124.93075004854613,14,0.0,0.0,0.9156995343967198,0.04223952920383017,0.6666666666666666,0.0,0.0,0.9051544137308519,0.03692422781594268,0.6666666666666666,0.48595963816384397,0.5,0.9531987938794799,0.023532303027092888,0.65
e61,e61,8410.0,e61_14,26.911087113357762,67,67.15195143566395,0.0,0.03456197893907228,,9,192.43981151177502,13,195.2507169723012,44,,9,,9,0.9561957647668852,1.0,0.9273782948933446,0.016051148903302268,0.2833333333333333,0.9482775910113534,1.0,0.9168087453394694,0.013715467785536187,0.23333333333333334,0.9593280803261088,1.0,0.93571786328857,0.01650782030686647,0.26666666666666666
e61,e61,8470.0,e61_14,23.644981957238947,66,67.7358774929198,0.0,0.033323754533388344,,9,246.41684431206053,15,203.98705295542044,25,,6,,9,0.0,0.0,0.9214047593365845,0.07635686855246666,0.7666666666666667,0.0,0.0,0.8894025821083931,0.0583064312121422,0.6333333333333333,0.0,0.0,0.9364613365713487,0.03391839465715407,0.7
e61,e61,8530.0,e61_14,19.681801076852388,64,65.01186195593496,0.0,0.027704518150081774,,7,207.3003738829702,14,170.11776534665174,14,,0,,7,0.0,0.0,0.9215275307128009,0.10059336460771598,1.0,0.0,0.0,0.8716821090955942,0.08361860629458213,1.0,0.0,0.0,0.9328275910631773,0.04439575422088676,1.0
e61,e61,8590.0,e61_14,16.27467304362331,66,66.71240172422995,0.0,0.020075379138695615,215.7061290612377,10,229.00279077077548,15,224.82496446888968,21,,0,,9,0.0,0.0,0.9209618321877998,0.05189647393129693,1.0,0.0,0.0,0.8788675326717285,0.040135340010071685,0.9666666666666667,0.0,0.0,0.9321009059330296,0.03223028300492205,0.9333333333333333
e61,e61,8650.0,e61_14,16.343786285925358,64,66.85825270416252,0.01538461538461533,0.02788050570167527,215.13583728792588,14,,8,139.0625,26,,5,158.21925715074423,16,0.0,0.0,0.9200254778734102,0.08614646242986922,0.8,0.0,0.0,0.9093476701088162,0.07773440935723469,0.7666666666666667,0.0,0.0,0.928700744474578,0.042194530312904044,0.7
e61,e61,8710.0,e61_14,18.756630380805902,63,64.42192063215951,0.0,0.022960393902755352,,9,316.8078726769652,13,131.41369174000138,19,,3,,9,0.0,0.0,0.9092840778833382,0.07395759932697199,0.75,0.0,0.0,0.9272508077757099,0.05126701994710048,0.6333333333333333,0.0,0.0,0.9290884570124345,0.037417334160993895,0.7166666666666667
e61,e61,8770.0,e61_14,21.66733961010773,65,66.04954376280082,0.0,0.019766372571325214,,9,,5,184.1116979775482,28,,6,,8,0.0,0.0,0.9082615035550218,0.03477399489699916,0.5833333333333334,0.4779457548543052,0.5,0.9288124336567929,0.027895314853584978,0.5833333333333334,0.4813922610757023,0.5,0.9341239647702146,0.022692498222211796,0.5666666666666667
e61,e61,8830.0,e61_14,29.858790948663582,64,64.54583399672056,0.0,0.020754601416237615,,5,247.3093641060104,14,172.5542921052917,37,,3,,5,0.47210522172391495,0.5,0.9070174057463832,0.021442172027972765,0.5166666666666667,0.9462707308273945,1.0,0.9209604793392181,0.017608455560306324,0.45,0.9606907244036451,1.0,0.9370232814433473,0.019466686845634587,0.45
e61,e61,8890.0,e61_14,22.68013905659057,64,66.64785716030278,0.01538461538461533,0.020881565543146914,,9,157.09869953341206,15,106.2844613231398,26,,7,,9,0.9423815847807072,1.0,0.9046396905423965,0.013541211944350175,0.45,0.9347414020892633,1.0,0.891708431757498,0.010754629476052576,0.43333333333333335,0.481892564052997,0.5,0.9395363370896096,0.02043550273576801,0.5333333333333333
e61,e61,8950.0,e61_14,20.21039203517988,63,64.86795047555721,0.0,0.024877124780351773,161.90474480807856,22,150.92012520262654,18,106.73173924686253,40,161.90474480807856,22,143.17821063276352,21,0.937449012014894,1.0,0.90073084926154,0.006757623893370521,0.3,0.9341011730336022,1.0,0.891364752142583,0.006662361617663197,0.26666666666666666,0.9716809725882454,1.0,0.9528027514850725,0.014630278175019143,0.08333333333333333
e61,e61,9010.0,e61_15,22.512455159641586,63,63.54518592264622,0.0,0.02854563283851006,160.73053112528842,27,229.25878937807875,23,158.88084646173004,61,160.73053112528842,27,160.33618527235924,27,0.9494714467583576,1.0,0.9157857445972626,0.008570317334282693,0.0,0.9517411060728673,1.0,0.9195685101214455,0.007991686175504178,0.0,0.9736987435118475,1.0,0.9561645725197458,0.014033919760325402,0.0
e61,e61,9070.0,e61_15,21.39903670100702,67,68.00107441699318,0.0,0.03169298399097509,172.59555399956474,16,139.95790847906142,16,133.76105595159495,50,163.9428773081932,15,172.97037318569906,17,0.9510414577469702,1.0,0.9191311067801433,0.0100943035823517,0.3,0.9589533542853903,1.0,0.9319200562891546,0.01039479632651865,0.3,0.9678439375748427,1.0,0.9472922349405322,0.014441402614893184,0.2
e61,e61,9130.0,e61_15,13.923795122745599,79,86.8992186312014,0.03658536585365857,0.06045933947448558,185.06081254624866,10,,5,183.26100165218594,13,,7,182.75666882497066,10,0.0,0.0,0.929972471402644,0.06459215633247994,0.8833333333333333,0.0,0.0,0.9322611316306775,0.047824527721429186,0.8833333333333333,0.0,0.0,0.9481280637852014,0.05013866700766176,0.8833333333333333
e61,e61,9190.0,e61_15,12.494541232084162,78,86.42357635158648,0.1235955056179775,0.058722769098484,138.54803008568905,15,,9,91.92639830110335,43,138.54803008568905,15,137.7108772547968,15,0.955389219309571,1.0,0.9256486988492849,0.014435654752109645,0.2833333333333333,0.9574218453517152,1.0,0.9297811186072681,0.009906477959375617,0.21666666666666667,0.9504329586669193,1.0,0.9198525905950452,0.01619206195644797,0.2833333333333333
e61,e61,9250.0,e61_15,52.145417783956,69,115.90552154574992,0.303030303030303,0.32753680639682814,72.6304437657319,43,179.84183095690452,12,96.42452386236259,31,83.41467384399462,23,59.74947698515862,41,0.0,0.0,0.8737736012202273,0.03118957022275437,0.8666666666666667,0.4777877934002571,0.5,0.9285323848214774,0.022702572744249385,0.6333333333333333,0.4780859348895722,0.5,0.9336208573242932,0.029926124412883157,0.7166666666666667
e61,e61,9310.0,e61_15,111.0773780106957,56,114.40109596259704,0.4666666666666667,0.3907039470875156,48.9389367605182,76,30.45873232752801,21,71.34478059465148,49,48.50226085488917,36,48.483674228204556,76,0.0,0.0,0.9655842891036494,0.03235027065121151,0.9833333333333333,0.4809080622316252,0.5,0.9389693071633615,0.025253322442163023,0.7833333333333333,0.4752094944982881,0.5,0.9255646723483182,0.025888173766850906,0.9166666666666666
e61,e61,9370.0,e61_15,34.34978200006459,88,95.51866235674647,0.053763440860215006,0.07758920478379784,,8,,9,87.96237722851917,40,,8,,8,0.4871380843855092,0.5,0.9571269479516973,0.02336159750791346,0.65,0.9647211755892867,1.0,0.9418075090663096,0.01704460277509174,0.3,0.48543858799211514,0.5,0.9398304849535468,0.020390497468487645,0.5333333333333333
e61,e61,9430.0,e61_15,14.472366496916703,77,77.72514058546808,0.0,0.03658558573665985,,7,106.13654828471424,24,56.69290392737071,48,,6,,7,0.9712285574590989,1.0,0.9520475957651648,0.009712868925655987,0.18333333333333332,0.9601786807040623,1.0,0.9349650213244067,0.006882426330876802,0.18333333333333332,0.965856256872091,1.0,0.943093761453485,0.01609303600867343,0.18333333333333332
e61,e61,9490.0,e61_15,16.424169988595576,71,71.91683537162598,0.0,0.018618958905892977,,4,159.42198399927005,38,63.354464187146874,43,,4,,4,0.9674937711828298,1.0,0.945822951971383,0.00739914497621457,0.1,0.9594308760081396,1.0,0.9323847933468994,0.005411643403982841,0.1,0.9811413392538244,1.0,0.9707246018151039,0.014315300339056102,0.18333333333333332
e61,e61,9550.0,e61_15,13.750869955893785,77,77.82807777613286,0.0,0.031180483073390386,108.27880055933471,12,146.03664213598643,25,79.93773686547307,37,131.58130309020603,13,105.70112238158718,12,0.9560736507927674,1.0,0.9397204321342353,0.008670587181373075,0.43333333333333335,0.963226555242601,1.0,0.9416222634769097,0.006449649661405087,0.35,0.9771985380507995,1.0,0.9668144266795012,0.015463424268908519,0.43333333333333335
e61,e61,9610.0,e61_16,20.817323020661906,74,76.38349607264405,0.02631578947368418,0.04308094006534368,184.7857653604874,10,169.61103633264355,13,65.55697418447664,30,140.79368740534656,10,178.74562931719478,11,0.0,0.0,0.8848029721243611,0.03281408668883125,0.6,0.48121807163409014,0.5,0.9360466648370994,0.02422360972871313,0.5666666666666667,0.4867103195873982,0.5,0.9603763746427196,0.02853484466586692,0.6333333333333333
e61,e61,9670.0,e61_16,19.88529492270287,78,79.32636054627045,0.0,0.01797534983241085,176.49594293097434,17,111.92381183274814,30,101.02689969411887,28,166.15255241216406,14,204.17697052830823,18,0.9249542108763613,1.0,0.8769951320143183,0.018218022545353055,0.4666666666666667,0.9584543439017205,1.0,0.9332731773681081,0.01371460191590287,0.43333333333333335,0.9744543350906549,1.0,0.9578206694241922,0.01628678236929601,0.43333333333333335
e61,e61,9730.0,e61_16,14.039864194811024,72,78.47810035912026,0.027027027027026973,0.024747428806446627,67.74838558962125,21,104.84803197498643,19,117.85197643732506,35,41.967847493221356,15,69.53416426476987,21,0.9317122726807038,1.0,0.9089602768638463,0.016396523129226383,0.45,0.9634713680120467,1.0,0.9399044479710335,0.012008743340271284,0.43333333333333335,0.9719746532576419,1.0,0.9541086171998187,0.01738083950537654,0.4166666666666667
e61,e61,9790.0,e61_16,17.73245054470529,72,72.61592830390036,0.0,0.042432960987992645,140.3353498469529,16,183.89363067956947,19,139.4530642117826,46,144.4016233815509,12,139.3317384278734,16,0.7163046477238532,0.75,0.9311176370708322,0.02016385323725311,0.5,0.9636639611530924,1.0,0.9409545743716989,0.015726779148830815,0.4166666666666667,0.9639459038368209,1.0,0.9478947659718524,0.019339862327835577,0.4666666666666667
e61,e61,9850.0,e61_16,27.78452357732954,77,78.08585539807127,0.0,0.0676353052620815,,8,,3,88.06279093384914,35,,5,,8,0.0,0.0,0.9273635776730008,0.031501241406764476,0.8833333333333333,0.47980860880242887,0.5,0.938850307458196,0.029735146984877413,0.8,0.9643047904357696,1.0,0.9434215425156811,0.016962637835942932,0.45
e61,e61,9910.0,e61_16,27.624125682589494,58,86.6477918893707,0.33333333333333337,0.27910447799523486,85.74929257125441,35,78.15504230066817,14,89.06302715768415,27,,6,86.94149486529298,35,0.4644212396251164,0.5,0.9166214921927451,0.0274781521101813,0.7833333333333333,0.478065979352324,0.5,0.9290487291449513,0.0251879586630702,0.75,0.9588223202411001,1.0,0.9394229886890508,0.019376914638238433,0.45
e61,e61,9970.0,e61_16,47.9179584548623,75,89.39173394637828,0.16666666666666663,0.1794265295818154,35.372598195849285,17,209.99500087055645,11,84.86547258750169,47,,6,35.0891721190455,17,0.4719276000164908,0.5,0.9064253333883027,0.02560072112885367,0.6,0.4783167516813823,0.5,0.9262685638270037,0.021849147731498826,0.5333333333333333,0.9553752059130523,1.0,0.9310467185704099,0.017756353722754657,0.4
e61,e61,10030.0,e61_16,16.5858816472784,74,81.0342673658237,0.038961038961038974,0.07087852791702087,,4,115.50440642523485,13,71.52922355372156,30,,7,,4,0.4752609386213993,0.5,0.9175364620713309,0.023598416545922603,0.5333333333333333,0.713781298911731,0.75,0.9231088347228704,0.020151683477687102,0.5,0.9632376850167252,1.0,0.9502911907228531,0.01886703859231225,0.43333333333333335
e61,e61,10090.0,e61_16,31.08980182231909,68,70.67370890907068,0.01449275362318836,0.06564365463368034,,1,152.4271940277281,16,201.35734991817762,36,,7,,1,0.23763046931069964,0.25,0.9175364620713309,0.030148989728636104,0.6,0.4751125733422542,0.5,0.9177634990196205,0.02549370758800293,0.5833333333333334,0.962176562105125,1.0,0.9501696324270915,0.018002078531415767,0.45
e61,e61,10150.0,e61_16,17.554549669299586,69,71.55822812288903,0.028169014084507005,0.04243717328562272,,4,,9,146.32079987375153,37,,6,,4,0.0,0.0,0.9328648443197195,0.04852319237354153,0.8666666666666667,0.0,0.0,0.9201084840999505,0.04117782612517384,0.75,0.4786867761358752,0.5,0.9283420877791295,0.020264921646848705,0.5833333333333334
e61,e61,10210.0,e61_17,21.542793728187473,71,71.82394514573745,0.0,0.055201999633364335,,6,,6,162.8239459348399,31,,5,,6,0.0,0.0,0.9592749127856212,0.06002396151830208,0.7666666666666667,0.0,0.0,0.9212255737823403,0.05319608302293326,0.7666666666666667,0.47878262233239804,0.5,0.929044858128701,0.022339822984437263,0.55
e61,e61,10270.0,e61_17,16.45857770216938,72,72.31507678947837,0.0,0.042205007479303024,,2,262.4697713249566,11,155.77909363175624,28,,0,,2,0.0,0.0,0.9584025429233914,0.0727978457592905,0.9833333333333333,0.0,0.0,0.9101388529840164,0.06958268677475024,0.9833333333333333,0.9590289179864349,1.0,0.9322895527469836,0.018973156984728512,0.45
e61,e61,10330.0,e61_17,22.515171977537936,67,70.32554868577547,0.02898550724637683,0.040944561502171024,172.67215707265893,11,,8,94.0672336057782,43,,6,,9,0.0,0.0,0.945473719966928,0.041995903097844726,0.8,0.0,0.0,0.875812967733476,0.039499580292892356,0.7833333333333333,0.959880833495454,1.0,0.9445110364073854,0.016185135648368765,0.18333333333333332
e61,e61,10390.0,e61_17,14.749313186579647,72,72.41514152337034,0.0,0.03480101914229986,,5,,6,112.01376818674058,43,,6,,2,0.0,0.0,0.916440258502006,0.03463023306964863,0.6166666666666667,0.0,0.0,0.8760617865287506,0.036416015819798156,0.6166666666666667,0.9745460690921696,1.0,0.9584421441006232,0.014265159659982221,0.15
e61,e61,10450.0,e61_17,17.762772294706323,71,74.03248792338378,0.0273972602739726,0.046650130265434124,,6,,4,183.6984408956701,26,,3,,6,0.0,0.0,0.900605231052759,0.055201456877600336,0.95,0.0,0.0,0.876394389647698,0.0386638113873096,0.8833333333333333,0.0,0.0,0.9488146467787858,0.03512388053803205,0.7833333333333333
e61,e61,10510.0,e61_17,19.9500361122026,69,72.93032844175015,0.014285714285714235,0.04210484934979833,,2,238.9143740443425,11,133.27126647837486,14,,4,,3,0.0,0.0,0.9005957950044389,0.042018420760706596,0.85,0.2323461433610258,0.25,0.886540538108658,0.030425952525540277,0.7333333333333333,0.0,0.0,0.9353649200897863,0.044157468412513654,0.85
e61,e61,10570.0,e61_17,17.558489746079093,70,70.80113848230714,0.0,0.04396785269445102,106.834330712323,10,217.139720463864,13,174.02452356244612,45,108.85867138881707,14,,3,0.9309285310311872,1.0,0.892232802447174,0.016005566220014755,0.43333333333333335,0.9332540609837702,1.0,0.8899800805827712,0.013497861264813914,0.43333333333333335,0.9561193194398252,1.0,0.9277934383115166,0.01722592958565996,0.3333333333333333
e61,e61,10630.0,e61_17,27.899142694584892,72,74.5888290797228,0.0,0.036574792310885965,183.05272677906223,14,,7,101.58981276101547,23,,9,123.45039489608772,11,0.0,0.0,0.861892073843991,0.038670889260773916,0.65,0.47331036792060194,0.5,0.9110345597353398,0.027874604857283613,0.6,0.0,0.0,0.9426560441653058,0.03483697561069415,0.7333333333333333
e61,e61,10690.0,e61_17,15.77730347509646,75,75.34063384067801,0.0,0.023413541492322547,,7,239.02930733620303,11,111.04412178727402,37,,5,,7,0.6938972589380822,0.75,0.8822102855384266,0.01772411577617948,0.5,0.9461730410678977,1.0,0.9116239712073291,0.016382578525549456,0.48333333333333334,0.9705316958569044,1.0,0.9539685014775411,0.015848427039721426,0.2833333333333333
e61,e61,10750.0,e61_17,11.851901595099301,76,76.50348473380997,0.0,0.02973081522470711,,7,,8,81.2225601658265,47,,6,,7,0.46453882287528747,0.5,0.8816501794924736,0.023750276615377392,0.55,0.9444393378428877,1.0,0.9120427870185583,0.018028079299287646,0.48333333333333334,0.972407374586061,1.0,0.9584907776372473,0.011276276426195709,0.3
e61,e61,10810.0,e61_18,16.077972396933987,76,76.37362742276285,0.0,0.029559201874377224,234.22942783120217,18,122.96245174820871,19,109.86753797843251,40,226.81251599220508,15,234.72136171865318,18,0.7027890250459465,0.75,0.9020273818736041,0.018955640632872507,0.5,0.9404082385757944,1.0,0.9035753252925044,0.018243509089979147,0.4166666666666667,0.9753308090225306,1.0,0.9593721385530127,0.010885084689785999,0.3
e61,e61,10870.0,e61_18,27.865711508249024,75,77.00373339761913,0.0,0.037275960171911315,163.39848886115615,17,221.57180302351037,15,131.40939120194116,28,163.39848886115615,17,165.9630983080275,17,0.9504308046023952,1.0,0.9176311236304318,0.013825285943756326,0.35,0.9368295942876392,1.0,0.8963796878782233,0.007779285263795739,0.25,0.9666771920496527,1.0,0.9454669806032794,0.015080810677567513,0.38333333333333336
e61,e61,10930.0,e61_18,17.288929809533805,74,72.83873806887364,0.0,0.03732970936667531,129.10517536806253,12,140.1215402878215,20,154.57826131919785,38,127.54859256733917,12,128.98202834644692,12,0.9511824674921786,1.0,0.9193166688156664,0.013180084444197042,0.38333333333333336,0.9390846002125123,1.0,0.8997335472289332,0.008198983341120285,0.3,0.9608258213978125,1.0,0.9409377274919692,0.015334394466493996,0.38333333333333336
e61,e61,10990.0,e61_18,16.941100303164625,69,71.66018739142336,0.028169014084507005,0.03232153831597229,183.1552916991585,27,135.69182781367738,25,193.77815288153536,33,177.74081375699842,26,184.34916702989298,27,0.9557704196917896,1.0,0.9289117684705183,0.009979398458293053,0.23333333333333334,0.9571667315690175,1.0,0.928611219281696,0.005843466375804468,0.21666666666666667,0.9624440688040067,1.0,0.9394462573827221,0.0123588811479823,0.23333333333333334
e61,e61,11050.0,e61_18,16.9918880236274,76,76.37819682534375,0.0,0.05697794733327528,,9,207.34566564096815,14,130.5412410887839,11,135.85665699552598,11,,8,0.0,0.0,0.9303828111162321,0.03355297957862252,0.6,0.9575932063447335,1.0,0.9338339626559872,0.019576856374667738,0.4666666666666667,0.0,0.0,0.9378443025448008,0.0605530031940291,0.6666666666666666
e61,e61,11110.0,e61_18,43.49106003123466,61,90.81950984708563,0.35789473684210527,0.35255079889893054,,8,185.53659510996746,12,175.52933337479521,11,,6,,8,0.0,0.0,0.9322119689347755,0.040011297068169416,0.7,0.48077301876095946,0.5,0.9351789979702032,0.020930745670848797,0.55,0.0,0.0,0.9333527237847492,0.09533453567673603,0.8666666666666667
e61,e61,11170.0,e61_18,26.71143228423008,93,101.82487140369241,0.06999999999999995,0.15793714038672463,261.3265355062938,10,129.0206247643505,16,313.27278247236984,14,,7,262.0644534800128,10,0.4787437371416128,0.5,0.9286139367411534,0.023182618593491106,0.5166666666666667,0.9421199796555854,1.0,0.914309648763225,0.01597261301819053,0.48333333333333334,0.23616282570379532,0.25,0.9216912499344084,0.030394057738492207,0.6166666666666667
e61,e61,11230.0,e61_18,27.786207086659527,76,78.54230714098503,0.02564102564102566,0.08117293495266706,222.1874633731803,13,180.19629054173117,18,112.69431002503734,14,221.36182584788267,13,223.86752034778664,13,0.9521577632957801,1.0,0.9250061907369641,0.015726182229056175,0.4,0.9379042955407255,1.0,0.8985632086208988,0.011045981643745293,0.3,0.4724966306979359,0.5,0.9077080397810651,0.024797826284887962,0.65
e61,e61,11290.0,e61_18,27.545884417112575,67,70.72285833503173,0.02898550724637683,0.023119348351425855,160.86018716260432,22,129.2891012621058,24,133.64285464496876,33,234.0492527960194,19,164.85202599965362,22,0.9513967047928562,1.0,0.9193049278055443,0.010671585952603958,0.26666666666666666,0.939071506413241,1.0,0.898985621119959,0.007151800298705487,0.26666666666666666,0.7105852977734227,0.75,0.9118885121115592,0.01769906856562042,0.5
e61,e61,11350.0,e61_18,20.74699065175196,75,74.57779644993239,0.0,0.03534446139226098,,9,126.68240365766816,17,110.95056591190455,17,,8,,9,0.47634520593716295,0.5,0.9211506864572098,0.026414736480270838,0.5333333333333333,0.9405431988483306,1.0,0.904522681602606,0.018272582855004882,0.4666666666666667,0.4806410799898373,0.5,0.939390835625781,0.028618115949167564,0.5666666666666667
e61,e61,11410.0,e61_19,14.033638265027935,82,81.92289417206953,0.023809523809523836,0.09069187018856704,173.7000640172114,10,134.03238783810178,13,80.27184212656924,22,,6,175.02380790433435,10,0.0,0.0,0.9215188316160208,0.03666712004440886,0.6666666666666666,0.23872042569485144,0.25,0.9344563067871582,0.032148421216006584,0.6666666666666666,0.0,0.0,0.9406979292728088,0.03175196952605873,0.65
e61,e61,11470.0,e61_19,29.595259450157158,69,69.4266056638101,0.0,0.02301267202206223,,7,170.32325080747196,11,197.34475115944986,28,,4,,7,0.47575336828955683,0.5,0.9194252537127935,0.023425333351675792,0.5833333333333334,0.7208741991386831,0.75,0.935107467765875,0.019745307767636458,0.5,0.9527169168838202,1.0,0.9324773287974554,0.016971797090253454,0.45
e61,e61,11530.0,e61_19,18.964067884521697,75,78.90262232877875,0.025974025974025983,0.02239455181948777,,9,,8,172.7876773103003,27,,9,,9,0.0,0.0,0.9171619479110141,0.05452821563589447,0.75,0.0,0.0,0.935688641429743,0.045728876178007895,0.75,0.4762215102827818,0.5,0.9209994682549719,0.0221639646840671,0.65
e61,e61,11590.0,e61_19,22.124970019884685,74,75.93379585449823,0.0,0.026139998726182667,183.36024942639978,14,179.48667136827635,12,121.10744575425396,24,144.75278629658567,11,181.53194251658894,14,0.0,0.0,0.9179718200715641,0.03388527362613622,0.6,0.0,0.0,0.9291332382420412,0.030099795608079495,0.6,0.9551061103654835,1.0,0.9255291962137508,0.014406716606572731,0.38333333333333336
e61,e61,11650.0,e61_19,26.30929247330574,67,72.90852774583753,0.05633802816901412,0.0333761631205593,,5,,9,119.63974638772726,34,,4,,5,0.4716297032752194,0.5,0.903564798972417,0.022825973898839766,0.6333333333333333,0.4784942670646198,0.5,0.9270456718189948,0.02098543310393427,0.5666666666666667,0.9648165221972616,1.0,0.9419680487522902,0.015947565858179587,0.15
e61,e61,11710.0,e61_19,43.48344340932559,68,69.38004306187571,0.0,0.02890149698801383,,9,192.90178915815338,13,172.68478069054856,36,,9,,9,0.4707663226533084,0.5,0.9025544088443613,0.020210303290341486,0.5166666666666667,0.9552771843364574,1.0,0.9264113346249532,0.018017788042368074,0.45,0.9625249894840395,1.0,0.937541649140066,0.011370961540203294,0.25
e61,e61,11770.0,e61_19,23.52907807367741,67,67.87698879576129,0.0,0.026447997084748043,229.41000553420625,23,171.23871514965816,27,143.18281809725383,48,233.22635196306612,21,219.58835947984042,22,0.9407824585420171,1.0,0.9022194869103265,0.005478171932126243,0.2833333333333333,0.9582342008593985,1.0,0.9304676121036006,0.0044926984083142225,0.21666666666666667,0.9634284060850298,1.0,0.9415691324846152,0.010238867829712664,0.16666666666666666
e61,e61,11830.0,e61_19,19.44972733065715,69,69.89349396416466,0.0,0.024405944861696692,178.92160141560603,19,119.55267195793914,24,133.2539832119971,54,178.92160141560603,19,178.52793121027932,19,0.947665980001352,1.0,0.9132230881234964,0.007426989822073565,0.18333333333333332,0.9609120452073971,1.0,0.9349269973798997,0.00603636694258536,0.16666666666666666,0.967678271192605,1.0,0.9461304519876749,0.009668531122896201,0.0
e61,e61,11890.0,e61_19,20.301946595203308,69,69.69920147947785,0.0,0.018427817027518643,112.38762452385434,38,90.07556145166863,31,119.45718702217125,61,110.79956458075421,37,129.17756037819865,39,0.9616476440652169,1.0,0.9421039745252601,0.00386355124405466,0.1,0.9647209364816443,1.0,0.9419262206537582,0.003101529895124494,0.08333333333333333,0.9728876818510539,1.0,0.954848730742687,0.00888570791601222,0.1
e61,e61,11950.0,e61_19,20.179667053687943,68,69.08968013206008,0.0,0.015566494042942655,233.4818720057051,14,124.04853881290842,18,127.72484403845142,47,233.4818720057051,14,235.32301858705424,14,0.9681455183621226,1.0,0.9469091972702044,0.008521966625528255,0.23333333333333334,0.9733567966671419,1.0,0.9556566777094261,0.0071442075810235015,0.2,0.9710163280253059,1.0,0.9523497656449964,0.01026658425031322,0.2
e61,e61,12010.0,e61_20,47.00068501666252,68,69.64135861003716,0.02857142857142858,0.03585882191801403,213.0194619415451,14,,9,184.75607894908276,35,250.40344549711557,14,248.82581400306063,15,0.9611865352701633,1.0,0.9378443629993366,0.010079197215634318,0.2,0.9730246316622344,1.0,0.9551911293168378,0.00799938458656814,0.18333333333333332,0.9642319934403099,1.0,0.9467357078714252,0.011168895054839239,0.18333333333333332
e61,e61,12070.0,e61_20,20.053399470771673,70,71.0007076403588,0.0,0.017042625172860912,167.61148675156912,36,101.33688883650662,37,131.49175599325076,58,156.64013793565172,35,166.89983689493394,37,0.9577729334496585,1.0,0.929621555749431,0.0046581822837595665,0.11666666666666667,0.97216499361038,1.0,0.9536083226839667,0.0035464372756083204,0.05,0.9611320531536027,1.0,0.9352200885893379,0.010276566666869782,0.0
e61,e61,12130.0,e61_20,15.8469555493902,67,74.12449703454028,0.06944444444444442,0.02838892106262742,196.53782304029082,16,119.7633571621554,11,98.89047866084181,50,215.10232005145332,15,207.2367217061914,18,0.9523888574271853,1.0,0.9212488442493397,0.011943967242691627,0.18333333333333332,0.9700760196594025,1.0,0.9501266994323374,0.008730623623410184,0.08333333333333333,0.9715425811214735,1.0,0.9525709685357893,0.012302256856410341,0.08333333333333333
e61,e61,12190.0,e61_20,36.708706864689,76,79.93062022171368,0.03797468354430378,0.13980926571130375,156.8765340349014,15,169.35895142295647,16,97.67577929726552,33,114.18016191528194,11,156.1135118156932,15,0.4783463172557679,0.5,0.9278210575192264,0.024549442824314836,0.5833333333333334,0.9692703493455967,1.0,0.9521820042966433,0.018585927411098387,0.45,0.48883700301942057,0.5,0.9602296346310427,0.021204114049672776,0.5166666666666667
e61,e61,12250.0,e61_20,23.152713950063763,82,85.66233762538687,0.03529411764705881,0.14846512570122958,,5,189.7075220369786,15,110.46570325663139,15,,1,,5,0.0,0.0,0.9261020418011982,0.10085257482071386,1.0,0.0,0.0,0.9343781515413464,0.12832707919723102,0.9833333333333333,0.0,0.0,0.9435838864327585,0.030816103033214817,0.9333333333333333
e61,e61,12310.0,e61_20,20.190831031230196,83,87.03750446071894,0.02352941176470591,0.1224185846549009,,8,270.7866637383066,12,118.36529341263464,34,,2,,5,0.0,0.0,0.9203642423042617,0.036613060368949846,0.8,0.0,0.0,0.9120998929054661,0.03312817426388365,0.65,0.4827306583521455,0.5,0.939618578337708,0.020860552793132675,0.5333333333333333
e61,e61,12370.0,e61_20,18.395459983244105,74,74.40965242005271,0.0,0.017777067011740453,150.18163915600113,16,,9,125.2376546899677,40,220.03282090248618,10,,9,0.47569003716282243,0.5,0.9190323105415649,0.021032388477362007,0.5166666666666667,0.9358208031651287,1.0,0.893671436274354,0.015328304474060729,0.48333333333333334,0.9609083358062211,1.0,0.9410633402809709,0.014994785170739725,0.3333333333333333
e61,e61,12430.0,e61_20,18.752648931729578,71,73.96613830176857,0.0273972602739726,0.024105375770624375,212.36496168889303,11,167.64038478574042,10,60.10422872433249,17,,8,98.71395263307232,10,0.0,0.0,0.9117245034135653,0.06659886622546418,0.7833333333333333,0.0,0.0,0.8974027938806245,0.049153277795098864,0.75,0.0,0.0,0.9371547216019418,0.04196465447001388,0.6666666666666666
e61,e61,12490.0,e61_20,16.774615783950548,72,72.80095611914393,0.0,0.019373438395781737,,9,,5,174.1622914991702,32,,7,215.8471681537657,11,0.472515363152763,0.5,0.9083401955829388,0.02106703398867217,0.5333333333333333,0.9386596549905717,1.0,0.8996342945654706,0.019038803131202396,0.45,0.9650735853489485,1.0,0.9457412220281798,0.012820313742654915,0.43333333333333335
e61,e61,12550.0,e61_20,15.066943871369745,75,75.33249881657655,0.0,0.028043978470207755,231.70831426111423,12,,7,127.43717815064801,51,243.92021300519562,11,,8,0.9423949233320537,1.0,0.9050810921624868,0.013647762995795645,0.35,0.9373354544831756,1.0,0.8989424923076091,0.0114763574241493,0.3,0.9650599426383605,1.0,0.9421174485364195,0.012104719655299703,0.21666666666666667
e61,e61,12610.0,e61_21,16.04471968409109,72,74.68650340195938,0.027027027027026973,0.02417832938248608,,8,,3,148.5377549756331,42,,5,,6,0.47444053113836687,0.5,0.9077530752533135,0.021323758728592795,0.5833333333333334,0.9366086726001743,1.0,0.8944566426905165,0.01653435569588228,0.38333333333333336,0.9687424272493782,1.0,0.9488528089865509,0.015386326508254573,0.25
e61,e61,12670.0,e61_21,50.345808872325684,74,75.38005682392763,0.02631578947368418,0.0335454374102972,203.98705295542044,17,152.59394519237978,13,116.07012338700396,38,223.94968144971443,15,,8,0.47586450967980826,0.5,0.9182665470981384,0.02120481560887437,0.5166666666666667,0.9355201467380883,1.0,0.8927654725514145,0.012925714326396488,0.31666666666666665,0.9681891782556867,1.0,0.9484891218334981,0.0160773612855263,0.31666666666666665
e61,e61,12730.0,e61_21,12.490079015008048,73,74.38326971496214,0.0,0.028916513210620467,157.1111139867511,20,156.13106886766923,24,149.0676240134586,57,161.49292007792204,18,131.14877048604,16,0.9534248430045298,1.0,0.9223747383408829,0.016389376895775833,0.4,0.9377942465192224,1.0,0.8967116257681667,0.010530884311079751,0.08333333333333333,0.9684216140987916,1.0,0.9512726157578075,0.012117238612362632,0.16666666666666666
e61,e61,12790.0,e61_21,16.937156382493598,73,73.57196809926894,0.0,0.02154179490789985,169.4125393043788,14,187.14158451891444,16,113.9369249599013,56,169.4125393043788,14,191.08711551092532,15,0.9537660712127668,1.0,0.924544448105577,0.007959407360951149,0.2833333333333333,0.9568752587179946,1.0,0.9313876493835411,0.006889750399985124,0.26666666666666666,0.9667380803099267,1.0,0.944563467183211,0.011176281028544555,0.13333333333333333
e61,e61,12850.0,e61_21,14.901304884408837,75,75.42881280074434,0.0,0.022901296367928713,,7,134.13354437162408,10,146.82352565681725,53,,6,,7,0.9512799003654158,1.0,0.9187998339423595,0.01614976133823308,0.25,0.9594821138821925,1.0,0.9324701898036541,0.01574524967321372,0.25,0.9721547206086907,1.0,0.9549869525630146,0.01300054628446837,0.11666666666666667
e61,e61,12910.0,e61_21,13.395448633977193,71,76.52856237274192,0.04054054054054057,0.03766706302027044,140.9993439197341,12,,6,119.52529260753418,46,147.10451120176123,12,148.08781178746617,11,0.9462730614890648,1.0,0.9118380949562992,0.011425906906208023,0.26666666666666666,0.9573795181914269,1.0,0.9289658636523781,0.012009728419380424,0.35,0.9693855418178099,1.0,0.948975903029683,0.012393859751319564,0.0
e61,e61,12970.0,e61_21,33.680490457761806,73,74.55601890753488,0.0,0.021626812437844724,68.58864369025845,14,156.46019515604993,14,134.1510091383621,56,89.64538790655472,13,70.0510018282598,15,0.9461323688312882,1.0,0.9143555137068979,0.015675409111598405,0.45,0.9570697701596689,1.0,0.9305578890173658,0.01652508424996197,0.45,0.9685836910564581,1.0,0.9486136872216469,0.013795652914238317,0.18333333333333332
e61,e61,13030.0,e61_21,14.336236838587931,74,75.12969263189225,0.013333333333333308,0.035286434074811565,,8,156.3281054785095,16,93.92422427219684,57,,8,,8,0.9565254939738118,1.0,0.9276906484234818,0.007937620348347716,0.26666666666666666,0.9561481528464981,1.0,0.9281971732356394,0.008489702084447654,0.2833333333333333,0.9746316455203126,1.0,0.958219306701291,0.01350768620571479,0.016666666666666666
e61,e61,13090.0,e61_21,41.33320793024669,87,94.69592349835636,0.06451612903225812,0.17430279401349447,107.07576453596556,14,170.1898130989011,10,87.10418717304537,27,107.07576453596556,14,110.6970918942596,14,0.0,0.0,0.9253630448663396,0.07664079106774771,0.6833333333333333,0.0,0.0,0.9304473921199297,0.0734163156261825,0.6833333333333333,0.24266165636505174,0.25,0.9508400411954483,0.025875097088907673,0.5166666666666667
e61,e61,13150.0,e61_21,26.316791249196395,86,88.30639375078853,0.0444444444444444,0.1614986581213251,98.01496617226371,11,148.04046996604632,15,90.84610396697406,47,98.01496617226371,11,94.55157322858251,11,0.473942423813847,0.5,0.9163383392178833,0.029694712311856115,0.6,0.47617447053110185,0.5,0.9234431053587734,0.028774168351172684,0.5833333333333334,0.9576358450793105,1.0,0.9396790494191609,0.018009882587228514,0.38333333333333336
e61,e61,13210.0,e61_22,26.407464785854753,83,85.53905285451762,0.02352941176470591,0.063062315822966,103.74262649501088,16,139.97244427475715,24,94.02763793674464,49,103.74262649501088,16,106.9579356569675,16,0.947884847627694,1.0,0.914937429182261,0.01328262976656664,0.4,0.9512756981270629,1.0,0.9203089693159319,0.013493648641346914,0.4,0.9676712675800364,1.0,0.9466519578315622,0.016596468055148354,0.23333333333333334
e61,e61,13270.0,e61_22,21.445846989922856,70,72.29333744601675,0.0,0.023432439108087535,102.02718215474492,21,109.33396026271042,35,132.55803219070233,48,102.02718215474492,21,100.1998003990028,21,0.949866181528344,1.0,0.917317868466297,0.008484928729854534,0.21666666666666667,0.9574341058750223,1.0,0.9308040359475263,0.008259450079800187,0.21666666666666667,0.9668254750696246,1.0,0.9475314457295018,0.015018383458146262,0.05
e61,e61,13330.0,e61_22,19.574071264786742,62,70.51858781827544,0.11428571428571432,0.02554822529425173,167.91375706253274,20,115.9623457204967,26,110.61972712277054,38,168.53807744942156,19,167.5206193121815,20,0.9482328044554144,1.0,0.9163222075085938,0.011632413568180467,0.38333333333333336,0.9645640399978109,1.0,0.944906017238666,0.011371659278952647,0.36666666666666664,0.9700350109379539,1.0,0.9505665200911337,0.01610206426651166,0.15
e61,e61,13390.0,e61_22,24.643611628820132,69,72.86558485562512,0.014285714285714235,0.03195546974498959,188.2621728685109,14,149.47763110084142,14,125.71354798759484,30,191.85746136590788,13,192.09372712298546,13,0.962755444436886,1.0,0.9380439947756837,0.014317862925442026,0.4666666666666667,0.968831273092168,1.0,0.9504704182274324,0.014640193889041773,0.4666666666666667,0.9719171056429657,1.0,0.9540356842108544,0.014473877379277722,0.21666666666666667
e61,e61,13450.0,e61_22,16.853189750087473,71,74.10014634784262,0.01388888888888884,0.027765920459658158,,8,178.95002648551542,10,96.50158724157977,27,,4,,8,0.0,0.0,0.9362242414748013,0.043066159382903896,0.65,0.0,0.0,0.94873891177282,0.03657613997080976,0.65,0.968042995600215,1.0,0.9471427322414327,0.0185407246530135,0.4
e61,e61,13510.0,e61_22,23.122599695514424,75,76.11112731996266,0.013157894736842146,0.023453063593808172,158.9882825730743,29,89.40780680992351,34,127.91734527507293,46,111.12102236110377,27,130.58932356273016,29,0.9536558252697621,1.0,0.9247612003748549,0.012019985239699396,0.43333333333333335,0.9675107787186841,1.0,0.9479017857465495,0.010895501798027472,0.43333333333333335,0.9722214647873961,1.0,0.9562078859585911,0.013899731315404722,0.31666666666666665
e61,e61,13570.0,e61_22,34.27095397617898,66,76.01816834233718,0.09589041095890416,0.03599274865543649,,8,110.04722737354253,13,146.97944614566254,36,,7,,8,0.4769474530802112,0.5,0.9220715386229086,0.02597273817465095,0.6333333333333333,0.4846744934577705,0.5,0.9484574433708579,0.02185746466055613,0.5333333333333333,0.9676467963109343,1.0,0.9469134436374238,0.015305248388022054,0.18333333333333332
e61,e61,13630.0,e61_22,25.790425511792705,69,75.77939103694064,0.10389610389610393,0.05969223047055742,264.06943408055577,15,,8,141.70591521263324,27,,7,271.0095087744226,14,0.0,0.0,0.9115458179470992,0.0593190620182319,0.7666666666666667,0.0,0.0,0.9419213393788842,0.052774034481804025,0.7666666666666667,0.4825517796450709,0.5,0.9406119074860622,0.023173333930651723,0.5333333333333333
e61,e61,13690.0,e61_22,44.509243217115824,76,80.86209777837956,0.03797468354430378,0.037344267160641216,130.00635376099572,13,233.01471573142294,13,131.81896480845646,40,,8,129.0671659769956,13,0.47113690100556427,0.5,0.8982356802610633,0.022207597990445874,0.5166666666666667,0.7184120922563203,0.75,0.9294021860299483,0.020378891555392565,0.5,0.9616550236765322,1.0,0.9362225748347675,0.015694422462200548,0.26666666666666666
e61,e61,13750.0,e61_22,41.76519471970924,68,73.83161469745014,0.06849315068493156,0.04595338135241561,,8,162.3421709499722,11,138.52261231508794,27,,7,,8,0.0,0.0,0.9012016241994336,0.03678257766010461,0.6666666666666666,0.0,0.0,0.9179824445971037,0.03331294077701212,0.6666666666666666,0.48108352415317046,0.5,0.9339540502608561,0.02047535962430385,0.5166666666666667
e61,e61,13810.0,e61_23,15.961918210376625,78,82.14384482468965,0.025000000000000022,0.15240151020076673,156.22558402985328,17,150.71241952286977,21,194.7483629098985,39,125.68173470118877,16,183.25756009871282,13,0.46948823790274996,0.5,0.8983147031174623,0.022517038399390576,0.7,0.4749317601669664,0.5,0.9162562532358606,0.02101240477592941,0.6,0.9587137720113774,1.0,0.9311896200189624,0.01668586375604349,0.23333333333333334
e61,e61,13870.0,e61_23,15.546631910607449,81,87.05985800540508,0.05813953488372092,0.17101330734220768,154.66167139738215,12,,8,130.11615326832467,27,,2,168.4302526270147,17,0.0,0.0,0.8794922220193325,0.05174264470281729,0.95,0.0,0.0,0.8931917032786892,0.048732702405337246,0.8666666666666667,0.4710235513007006,0.5,0.9051890604355115,0.028093196358906572,0.9
e61,e61,13930.0,e61_23,29.348949593500997,80,88.25911109847866,0.101123595505618,0.06017922745899224,,9,143.20549046737,12,108.95566938266683,27,,7,164.56716847894197,18,0.9252473184718455,1.0,0.8799131663068771,0.01644497183166588,0.35,0.9309401514185331,1.0,0.8886849296479356,0.015478026186040422,0.3,0.957069949163297,1.0,0.930354322263812,0.017489451471975385,0.16666666666666666
e61,e61,13990.0,e61_23,12.959125484341273,93,97.87640819682119,0.03125,0.08629508191728,,8,,5,137.1695085531203,23,,1,,9,0.0,0.0,0.8960092850094125,0.058848483426059216,0.9666666666666667,0.0,0.0,0.8940788412377557,0.05252602666652688,0.85,0.48163126424491354,0.5,0.9372148582132585,0.021008956862928523,0.5833333333333334
e61,e61,14050.0,e61_23,47.78621454725824,67,97.74358924232976,0.23863636363636365,0.07345450882936647,,6,,8,94.49260657095127,32,,7,143.87494569938158,11,0.0,0.0,0.8844467688655798,0.06596629005186491,0.75,0.0,0.0,0.8862481759240531,0.05410939297446927,0.7,0.4800412135386584,0.5,0.9331518439023199,0.022773217330540406,0.5833333333333334
e61,e61,14110.0,e61_23,67.52466456838883,77,83.90258909417216,0.09411764705882353,0.09358924459506673,,9,108.86810554196704,17,168.21219804890245,23,,1,261.2470095522626,11,0.0,0.0,0.8717149514326128,0.05187535528927973,0.9666666666666667,0.0,0.0,0.9028761111172356,0.03929856245104876,0.8333333333333334,0.0,0.0,0.9320203969359371,0.031127959066985907,0.8333333333333334
e61,e61,14170.0,e61_23,27.9305919551568,73,79.11590612110287,0.07594936708860756,0.044243785436113105,125.91219891629842,13,,8,174.3197343724074,16,,1,332.53356436391715,15,0.0,0.0,0.8667044171766192,0.05158987225292532,0.9833333333333333,0.0,0.0,0.9182530139724996,0.03752628760241534,0.8833333333333333,0.0,0.0,0.9178692953151093,0.03465497330915803,0.95
e61,e61,14230.0,e61_23,45.031913159897435,68,79.64171845591754,0.15000000000000002,0.05946825866185046,,7,,8,100.80327963585722,30,,9,,7,0.0,0.0,0.8594066796489674,0.057315669867050556,0.8333333333333334,0.0,0.0,0.9254674567811616,0.07401045465797487,0.8,0.47128792346010573,0.5,0.9026745539255353,0.02349539784422806,0.5833333333333334
e61,e61,14290.0,e61_23,40.6417764854579,77,83.33009271864783,0.11494252873563215,0.1217808698496102,,4,90.95963123215094,10,119.93104519737226,42,91.84257506053497,11,,4,0.0,0.0,0.8561225593901653,0.03516572106669541,0.6666666666666666,0.0,0.0,0.9240502993195785,0.036680424989281306,0.6666666666666666,0.963069668208116,1.0,0.9409058787861514,0.017537277128273437,0.2
e61,e61,14350.0,e61_23,41.10825753482868,81,115.14833984888197,0.2429906542056075,0.24193495175423352,299.87120013898317,18,154.20207398863295,13,127.50129874658225,24,,1,297.3634140239851,17,0.0,0.0,0.8875578368958117,0.09317878471483754,1.0,0.0,0.0,0.9271053260034042,0.07661238132974157,1.0,0.0,0.0,0.9329876784392218,0.06906389152179819,0.95
e61,e61,14410.0,e61_24,37.03779299555036,112,140.61928734114446,0.13178294573643412,0.25815655102321516,191.43885969896738,23,201.85903574648324,11,85.1447016889157,19,,0,189.5568995890632,23,0.0,0.0,0.9098736587916085,0.0765266844263425,1.0,0.0,0.0,0.9141331871089783,0.0604698581116308,0.9833333333333333,0.0,0.0,0.922662299643999,0.06423243457259675,0.95
e61,e61,14470.0,e61_24,18.54896142071188,103,114.33166472599407,0.07207207207207211,0.020920506030327697,208.30077870647105,19,281.7486898261463,11,33.25772277588778,83,66.98908271040105,22,209.95797898907406,18,0.953745831134715,1.0,0.9229097185578583,0.008424515957436192,0.03333333333333333,0.9298041500086999,1.0,0.8858415100819159,0.01087784278671062,0.13333333333333333,0.9634144050242701,1.0,0.9390240083737835,0.010583362399767786,0.0
e61,e61,14530.0,e61_24,26.67739106445822,89,90.92162707282773,0.0,0.15099163027453538,164.71225501803136,11,245.12601620822582,14,72.8292794441889,42,113.60070796262396,17,161.33815419794539,11,0.952311556206294,1.0,0.9220025220257968,0.01986080583219195,0.4666666666666667,0.45252167840154517,0.5,0.8335645358190025,0.0252026100138265,0.55,0.9717089927699771,1.0,0.9550256832402959,0.01551730774251659,0.11666666666666667
e61,e61,14590.0,e61_24,19.85056664924269,86,97.30537101306037,0.10416666666666663,0.2794453794431434,217.76046793261344,27,206.88905999912473,15,115.55843702397607,34,,1,218.80991243035078,28,0.0,0.0,0.9218679601777438,0.05677892834609006,1.0,0.0,0.0,0.8473248071725868,0.07707264887247478,1.0,0.4864576373393452,0.5,0.9488008782844493,0.020729817658848196,0.5666666666666667
e61,e61,14650.0,e61_24,25.68933626419013,80,82.39370182547246,0.024390243902439046,0.02888684509744325,169.24865353771756,29,,4,50.925154225668905,50,122.72092244066413,29,181.13530854032848,31,0.9292352628604577,1.0,0.8907649954081163,0.010566504031699748,0.4166666666666667,0.9157525587286298,1.0,0.8678111033373296,0.01395532553841952,0.45,0.9628051438635772,1.0,0.9396762808397083,0.016693084552806728,0.25
e61,e61,14710.0,e61_24,47.876906139061425,73,78.47096705007066,0.03947368421052633,0.02134360487393164,131.51587082495462,27,,2,91.19929607632785,49,112.36688229373031,24,134.17841165346292,27,0.9327798332665564,1.0,0.8957004222584486,0.01880286327511816,0.4,0.920859367173362,1.0,0.8680989452889367,0.017941149635738517,0.48333333333333334,0.9744920630848976,1.0,0.9574867718081627,0.015562253431325087,0.15
e61,e61,14770.0,e61_24,12.147646103118445,73,76.21515538369357,0.026666666666666616,0.03764002232205969,136.5636521054885,19,,4,121.32941949155192,44,139.89547289457605,18,136.58534165698586,19,0.9583354596220619,1.0,0.9448419258745329,0.016969647962594096,0.45,0.9289811516809442,1.0,0.8847715098932212,0.01562749420736228,0.36666666666666664,0.9757738696970312,1.0,0.9596231161617186,0.015786727485851543,0.2
e61,e61,14830.0,e61_24,11.97749661023791,80,82.0493184779184,0.0,0.04566600464790844,,9,,8,99.9901399886605,27,,4,,8,0.0,0.0,0.936251104270029,0.08787141953949162,0.9,0.0,0.0,0.8952815898937023,0.07613411885679429,0.8666666666666667,0.4847951961607156,0.5,0.9537079709463108,0.02401485859778235,0.5833333333333334
e61,e61,14890.0,e61_24,8.981694338098889,81,81.8175495916241,0.0,0.0416007153269868,151.08655942041966,10,,9,123.845773990452,35,,6,149.10846164230028,10,0.0,0.0,0.9299001851943395,0.03973179987231057,0.7833333333333333,0.0,0.0,0.9287800222175103,0.034374461469863934,0.7166666666666667,0.968295064837921,1.0,0.9478122987047524,0.013653702732504968,0.3
e61,e61,14950.0,e61_24,10.073486503048793,82,83.27301822366971,0.023809523809523836,0.06038079263382008,134.65437631309226,15,157.07788486627422,21,85.85727560430477,32,105.92153439628618,12,133.73748272535371,15,0.0,0.0,0.9286020939701791,0.06711350353781974,0.6166666666666667,0.0,0.0,0.8864072871711299,0.05324236312684323,0.5666666666666667,0.4855761482035638,0.5,0.9497797351906356,0.02469569206269516,0.5166666666666667
e61,e61,15010.0,e61_25,16.651670722985415,92,92.82228477422119,0.010752688172043001,0.16589947313663564,,5,,7,91.46680305043932,15,,0,,4,0.0,0.0,0.9263897498110731,0.12001725835220736,0.95,0.0,0.0,0.870748390400057,0.08606611206854947,0.9333333333333333,0.0,0.0,0.9462068756374885,0.03788652136179869,0.8666666666666667
e61,e61,15070.0,e61_25,7.5869111681368935,105,109.40859185694381,0.0,0.05847075445849394,119.5082698498309,14,101.2280819040459,10,54.71074654727732,49,129.319885603491,12,212.67526708757,14,0.7077764939639235,0.75,0.9222908492922534,0.01841410016649437,0.5,0.9075160307837944,1.0,0.8586845664795805,0.014647074462443278,0.48333333333333334,0.9511516835635266,1.0,0.934713175410586,0.01458238957578539,0.36666666666666664
e61,e61,15130.0,e61_25,9.436840257549841,82,84.44347178075165,0.023809523809523836,0.01906452507133676,184.6848120926795,19,103.29340056219652,22,83.00390615808391,51,184.6848120926795,19,192.06118816668817,17,0.9411922338028005,1.0,0.9043486698747346,0.009897374350395862,0.06666666666666667,0.9236833607390675,1.0,0.8728056012317793,0.007272548869722789,0.0,0.9704337661709899,1.0,0.9507229436183164,0.01256877453769661,0.0
e61,e61,15190.0,e61_25,26.805164542243958,80,88.70392477905924,0.101123595505618,0.10153762723877613,114.62031836813445,17,151.17975562096726,14,103.65227295299592,39,,9,118.16302298096474,17,0.0,0.0,0.9048617690155658,0.03563683180956689,0.7333333333333333,0.2379151732122888,0.25,0.9211968273307908,0.029966067062843424,0.7,0.9720785847368594,1.0,0.9560269582708489,0.01622145722110207,0.31666666666666665
e61,e61,15250.0,e61_25,44.748508087892496,79,83.61005940491857,0.059523809523809534,0.029023255426557613,,8,140.0395130108889,14,84.11297083077714,37,,9,,7,0.0,0.0,0.8983469360665628,0.041991486974167214,0.6666666666666666,0.0,0.0,0.9229640485715931,0.037908271566605464,0.6666666666666666,0.9694533956232088,1.0,0.9533184555434322,0.01916706954306272,0.4666666666666667
e61,e61,15310.0,e61_25,21.957293057214574,76,79.43621470555918,0.012987012987012991,0.03287532261857487,241.99841408958653,11,,7,117.39411932000307,35,229.89054706201432,10,241.24676163629638,11,0.0,0.0,0.8990144819300004,0.03578811255702333,0.75,0.23905226854753867,0.25,0.9280779563418968,0.03087989637125285,0.7,0.9688541710410288,1.0,0.9533803135300031,0.01615329283611416,0.38333333333333336
e61,e61,15370.0,e61_25,15.763971483684008,85,88.95108876138518,0.011627906976744207,0.033998258844550704,,7,,2,110.30851621701744,26,,0,,7,0.0,0.0,0.8971575872390558,0.08413901248114711,1.0,0.0,0.0,0.9274381664748076,0.06203870644438897,1.0,0.48211232188671554,0.5,0.9403976385972002,0.022203094091196293,0.6166666666666667
e61,e61,15430.0,e61_25,15.229076294896615,86,90.63533101157464,0.0337078651685393,0.029451872606169407,216.0987649554661,10,,7,103.96301707468302,13,,1,218.53044537445018,10,0.0,0.0,0.8845729820355029,0.06731545284053359,0.9833333333333333,0.0,0.0,0.9281512801543778,0.05409522884068236,0.9333333333333333,0.0,0.0,0.9366542876831446,0.03146222582817883,0.65
e61,e61,15490.0,e61_25,7.495237619056285,87,90.29508433556164,0.011363636363636354,0.026305858226916938,,9,,8,120.47714075065187,22,,1,,9,0.0,0.0,0.8828293594371228,0.06159137233846497,0.9166666666666666,0.0,0.0,0.9189307350322871,0.049101899998611614,0.8166666666666667,0.0,0.0,0.9456467165359518,0.04180692748655534,0.7666666666666667
e61,e61,15550.0,e61_25,7.707490774510703,83,86.1591129058205,0.02352941176470591,0.03139872612770634,142.51716971366798,10,,7,127.73377771267081,26,,1,145.3730832490435,10,0.0,0.0,0.8809669206845062,0.06842114205112004,1.0,0.0,0.0,0.916286628083635,0.05134711507104062,0.9666666666666667,0.24117059907554425,0.25,0.9423653585345738,0.031511844063574115,0.6833333333333333
e61,e61,15610.0,e61_26,40.1873493685373,81,85.0654791525663,0.012195121951219523,0.030867668616432364,,4,,5,135.24127263123734,16,,3,,4,0.0,0.0,0.8844989157249942,0.07874262326038223,0.9166666666666666,0.0,0.0,0.9147970828048887,0.053763261997291936,0.8666666666666667,0.24050930111899876,0.25,0.9385411008637413,0.030059927052095287,0.7666666666666667
e61,e61,15670.0,e61_26,15.59430770171466,81,81.03672989777534,0.0,0.01788159109864163,,8,,3,147.0604989947448,34,,5,,8,0.0,0.0,0.8964536327639046,0.049619972702997936,0.8666666666666667,0.0,0.0,0.9147970828048887,0.03768491608882589,0.8166666666666667,0.4824761601559766,0.5,0.9337267992824996,0.022185540409918256,0.5833333333333334
e61,e61,15730.0,e61_26,20.57796007037043,78,81.95803202378694,0.025000000000000022,0.02293096194408896,144.43620185483277,11,,5,73.06026174734737,45,,7,143.1432848582147,11,0.47067113938167726,0.5,0.9055239487869823,0.027811078090381792,0.6166666666666667,0.7104331525238576,0.75,0.9130741647697675,0.020386085088335563,0.5,0.9622250954076936,1.0,0.9421726591475325,0.01473907315284948,0.38333333333333336
e61,e61,15790.0,e61_26,30.367906788258686,77,84.49335670984539,0.04938271604938271,0.0451131918951518,,9,199.46479029383678,15,98.35185726574241,32,,7,,9,0.0,0.0,0.9075385377202878,0.03317465163676465,0.6,0.4693860894773327,0.5,0.9098952809183687,0.028527744810915995,0.5833333333333334,0.975264641287934,1.0,0.9597692498630683,0.014298693169395037,0.31666666666666665
e61,e61,15850.0,e61_26,49.81590870129153,73,82.59252427520542,0.08750000000000002,0.03204180713140825,,9,,8,119.59335940838578,34,,6,,9,0.0,0.0,0.9106071570802073,0.035678642591956106,0.6833333333333333,0.2348833573594776,0.25,0.9020501805493353,0.030948987484053097,0.6166666666666667,0.9725767542321786,1.0,0.9602636954319229,0.013178465576154772,0.25
e61,e61,15910.0,e61_26,18.287119685733828,82,94.01662527313219,0.09890109890109888,0.11849196812847361,141.4424543125028,10,,9,101.63500396109804,30,,6,143.9907404430345,10,0.0,0.0,0.9122768166970985,0.03735192212546626,0.9166666666666666,0.0,0.0,0.89813912994207,0.03132520317107941,0.8666666666666667,0.966497575311044,1.0,0.9467814018755811,0.012520003075942792,0.3
e61,e61,15970.0,e61_26,46.92848333158187,83,95.21149647101525,0.15306122448979587,0.25589874570110765,131.23919886431943,32,114.60306017058603,28,97.00837387258413,50,,9,127.40587923842497,32,0.0,0.0,0.9123126608095551,0.042165708304562496,1.0,0.0,0.0,0.8941327155154355,0.0375191906228935,1.0,0.9630443065793417,1.0,0.9452749337494798,0.016517747647590477,0.38333333333333336
e61,e61,16030.0,e61_26,76.32420803868254,67,105.69111419562645,0.32999999999999996,0.30653722857924015,80.04619157651571,48,130.54422544566054,48,100.38793052185221,45,,0,78.21138840728852,48,0.0,0.0,0.9015273710211319,0.06030983164025522,1.0,0.0,0.0,0.9256251026499068,0.05843233324559553,1.0,0.7217927971453286,0.75,0.9361214015070718,0.019774051689635707,0.5
e61,e61,16090.0,e61_26,37.017322845579905,107,114.02378536192163,0.027272727272727226,0.21724141697041513,112.29364755519343,16,169.73094517500337,24,78.125,12,,0,116.16080807799734,16,0.0,0.0,0.9480367442036474,0.0784499041522127,1.0,0.0,0.0,0.9233884574731865,0.06377801670459245,1.0,0.0,0.0,0.9364551430989287,0.07507053025107792,0.8333333333333334
e61,e61,16150.0,e61_26,53.57554205227208,93,101.1609909731815,0.06060606060606055,0.16314754421914326,152.6805838248051,16,93.97352909155788,17,106.35335047026022,26,,1,73.7563556583431,11,0.0,0.0,0.9480549284519245,0.06211917099121557,1.0,0.0,0.0,0.918638730789055,0.0494500187766069,0.9833333333333333,0.0,0.0,0.9384420483320697,0.04283170179016435,0.8166666666666667
e61,e61,16210.0,e61_27,68.94482993841284,86,89.11074163161193,0.011494252873563204,0.05421665084432206,142.03835209516157,23,78.39796065188813,11,75.72625596860877,44,241.35246864823273,14,174.3222168689856,18,0.9270959045775204,1.0,0.8972360344459096,0.018041847295884293,0.3333333333333333,0.7118022329528444,0.75,0.915549442064386,0.019953508451921256,0.5,0.9632636228583105,1.0,0.9387727047638508,0.013579916254856609,0.06666666666666667
e61,e61,16270.0,e61_27,30.334895665067876,77,80.94839135316558,0.04938271604938271,0.04901138737520275,252.49004079987986,15,121.39693533648578,12,108.04153660890103,37,235.44427559628136,14,133.5528496003123,12,0.9162380394326577,1.0,0.862159048251757,0.01587442787837339,0.3333333333333333,0.9466076587358336,1.0,0.9110127645597228,0.018039251726419736,0.36666666666666664,0.9681661381890634,1.0,0.9471256268246148,0.01243074268454306,0.08333333333333333
e61,e61,16330.0,e61_27,35.7143582564024,79,85.42493924136339,0.08139534883720934,0.14367980345199952,206.4130658649438,17,137.3470892857503,15,136.19692080579196,37,,3,100.10708552059924,15,0.0,0.0,0.8657809514904315,0.036535595826814274,0.8666666666666667,0.0,0.0,0.9099903351089426,0.040109824470809755,0.9333333333333333,0.9660163589318798,1.0,0.9433890998794268,0.014063590082390675,0.16666666666666666
e61,e61,16390.0,e61_27,25.206576588321482,87,91.14648607509723,0.011363636363636354,0.04014832681602106,,9,,7,77.36610577582839,16,,5,,9,0.0,0.0,0.8848408630881799,0.053642749969802124,0.8166666666666667,0.0,0.0,0.9108289717038942,0.05716060197313544,0.8166666666666667,0.0,0.0,0.9342748456626873,0.032004815827982674,0.6833333333333333
e61,e61,16450.0,e61_27,23.099402750521367,79,81.67198895785886,0.012499999999999956,0.03349157362463294,,0,,4,191.86011241103503,21,,0,,0,0.0,0.0,0.8824801656520489,0.05074974327622262,0.95,0.0,0.0,0.9160091043246988,0.049754528891720634,0.95,0.0,0.0,0.9319274165710453,0.05336621577765189,0.7
e61,e61,16510.0,e61_27,12.51343882964948,83,84.83803006094422,0.02352941176470591,0.09026702461551447,,7,,8,175.26125505412813,28,,4,,7,0.0,0.0,0.8766759100449888,0.05048447245759877,0.95,0.0,0.0,0.920084577200063,0.05582741434202072,0.9833333333333333,0.9545028772103994,1.0,0.9272784725763766,0.017431693811654308,0.45
e61,e61,16570.0,e61_27,37.50286386915368,80,85.14811159235188,0.04761904761904767,0.09049588672702029,170.21433303536185,14,142.65391107976734,13,150.18163915600113,16,241.52217998207837,12,169.22902096999067,14,0.4625158906336753,0.5,0.8757425413771324,0.02323223118937879,0.5833333333333334,0.9435075746073082,1.0,0.9159971276444943,0.018454890933246218,0.4666666666666667,0.4758167884539618,0.5,0.9195029622147508,0.023990830221411557,0.6166666666666667
e61,e61,16630.0,e61_27,25.24005231791028,73,81.12208061886953,0.12048192771084343,0.10392520651400987,216.8584512778439,11,199.38463273490598,19,128.54525036750854,23,,9,221.02036105300343,11,0.465755378069727,0.5,0.8899097563826681,0.026024198411799582,0.5166666666666667,0.4717537873036541,0.5,0.8865212419638742,0.025639969913177012,0.5166666666666667,0.9517969439655836,1.0,0.9215716238184396,0.014947097569177501,0.31666666666666665
e61,e61,16690.0,e61_27,30.094207396595323,86,92.88953808327614,0.0444444444444444,0.1377544064375615,209.57842898954863,12,,6,170.00043083585112,13,,4,204.93901531919198,12,0.0,0.0,0.9073539016918819,0.07690869668315113,0.9666666666666667,0.0,0.0,0.8870300665668917,0.061676027252619045,0.95,0.0,0.0,0.9196587877723794,0.10333934748373724,0.95
e61,e61,16750.0,e61_27,39.10047834737158,85,87.32302533525115,0.011627906976744207,0.07194896216071635,,4,,9,,9,,2,,4,0.0,0.0,0.9076290999874006,0.051628116501163196,0.8166666666666667,0.0,0.0,0.8907267291202495,0.046970663896904234,0.8,0.0,0.0,0.9142903248877307,0.03831026433500543,0.8333333333333334
e61,e61,16810.0,e61_28,51.08519213259476,82,93.11853990145048,0.0888888888888889,0.25389654959947067,100.2909803980334,40,82.36595227821365,34,136.2902511263492,37,,5,92.95450790865681,38,0.0,0.0,0.9080757255794054,0.0523024856893008,0.8833333333333333,0.0,0.0,0.8978577438529666,0.050715825474471024,0.8666666666666667,0.9432583097593346,1.0,0.9142903248877307,0.01929970577741978,0.45
e61,e61,16870.0,e61_28,27.738223219327455,87,93.55499630405932,0.06451612903225812,0.14556532371653577,99.88663923789902,33,97.1863695673807,17,102.38051979421346,31,23.109686652732876,13,97.33546911782517,32,0.0,0.0,0.9096621794549796,0.046410794419351704,0.95,0.0,0.0,0.904537617613989,0.05587086668563655,1.0,0.47365812380637995,0.5,0.9128528086460655,0.025764471439283024,0.5666666666666667
e61,e61,16930.0,e61_28,26.857986700550057,92,95.61981561298687,0.021276595744680882,0.11102350220008794,100.79167958522723,10,181.20958601161254,15,131.0234900615789,16,,3,102.84832413694342,10,0.0,0.0,0.936987507841543,0.03845844301212887,0.7833333333333333,0.0,0.0,0.9173401127273771,0.04044516632270924,0.8,0.4778945987748238,0.5,0.9315268275624036,0.024592583643611922,0.6166666666666667
e61,e61,16990.0,e61_28,34.85166172338275,81,84.84294863175838,0.012195121951219523,0.04578853329794716,,5,,8,98.95696270980633,26,,7,,5,0.4796476603908486,0.5,0.9321579307434885,0.022913872637820232,0.65,0.47500042495263406,0.5,0.9166680831754468,0.025141329044927475,0.8333333333333334,0.9584790485867858,1.0,0.9393225428750218,0.01696730932522128,0.43333333333333335
e61,e61,17050.0,e61_28,16.001322039941716,79,80.93572489403111,0.024691358024691357,0.04869140198653503,,3,,4,254.2005505931783,11,,2,,3,0.0,0.0,0.9328384966538008,0.05251555017973198,1.0,0.0,0.0,0.9169312191407798,0.05270166398033953,1.0,0.0,0.0,0.9221969574319719,0.05476798576688667,0.8333333333333334
e61,e61,17110.0,e61_28,13.836407682916393,80,83.86787455031127,0.03614457831325302,0.05010884819249501,,6,,6,104.69573058075595,18,,0,,6,0.0,0.0,0.9332426608129847,0.043228620455165734,0.85,0.0,0.0,0.9180893649081933,0.04559901384779722,0.8666666666666667,0.0,0.0,0.9227491336708726,0.040349621188384865,0.8333333333333334
e61,e61,17170.0,e61_28,23.382425316521832,85,86.31603176426052,0.0,0.0732077120082301,137.69580721162396,15,74.38987946398802,13,134.04037665574188,20,145.57734228514255,10,136.72182394503497,15,0.0,0.0,0.9260426074933619,0.03480818039808102,0.65,0.0,0.0,0.9146297574045207,0.0391572128796213,0.85,0.47823292562252306,0.5,0.9266345583858382,0.0208602297707185,0.5166666666666667
e61,e61,17230.0,e61_28,25.964765149915966,80,84.71483222571624,0.024390243902439046,0.059786621793920476,,5,,7,151.20770328012392,16,,2,,5,0.0,0.0,0.9139441473892755,0.040773560254722216,0.9333333333333333,0.0,0.0,0.9105232212924289,0.041423508558274404,0.9833333333333333,0.4760879168495806,0.5,0.923153217492473,0.022388250200827006,0.6666666666666666
e61,e61,17290.0,e61_28,15.878728246950343,80,80.31854334281778,0.0,0.04139403093302578,158.85610716648858,12,86.00014427997473,18,126.90203298829574,21,,7,152.76244183818102,12,0.0,0.0,0.9112326598342169,0.030407889791666948,0.6333333333333333,0.0,0.0,0.9127290012561462,0.03224059673063541,0.6333333333333333,0.9520834852583904,1.0,0.9240664949244379,0.016709023688917822,0.43333333333333335
e61,e61,17350.0,e61_28,31.143975925627544,88,90.28258448937466,0.011235955056179803,0.0938660068260098,110.18118068946711,11,169.23877901626645,16,166.70414018139567,20,,2,154.40207252495026,11,0.0,0.0,0.9049406043760295,0.051079053364340876,0.9833333333333333,0.0,0.0,0.923257836776255,0.05813414910519005,1.0,0.0,0.0,0.924400804883609,0.030674923478651576,0.6
e61,e61,17410.0,e61_29,38.85568816574761,87,98.209156039778,0.1030927835051546,0.13310394552786012,192.92062189005722,15,122.57954861491523,12,166.21410142091048,15,,0,188.3940224431436,14,0.0,0.0,0.9064711444152989,0.07006868691681767,0.9833333333333333,0.0,0.0,0.9126348332572195,0.07803790923422305,0.9833333333333333,0.0,0.0,0.9128847390024758,0.038277837438288775,0.85
e61,e61,17470.0,e61_29,40.81852141223604,99,102.54499588971653,0.02941176470588236,0.1666371221322107,163.0957719374222,12,143.77264314419023,10,130.59188301289697,13,,0,158.6018456845489,12,0.0,0.0,0.91390418854956,0.09592499311774602,1.0,0.0,0.0,0.9160358781775044,0.10531938529378235,0.9833333333333333,0.0,0.0,0.9166279693450214,0.11290145434494749,0.95
e61,e61,17530.0,e61_29,5.095260549798124,121,126.52915758989664,0.03200000000000003,0.14427416430155046,80.30804138077747,13,134.02764425232627,17,77.12812656460723,29,,9,70.25926014671401,12,0.0,0.0,0.9228972034788616,0.04426476990718897,0.9,0.0,0.0,0.9230388522578088,0.06915056160830804,0.9166666666666666,0.930644947949364,1.0,0.8848123684916362,0.009772301304830056,0.16666666666666666
e61,e61,17590.0,e61_29,8.003078512536172,121,126.03771048285833,0.016260162601625994,0.09629498062432389,251.74048588889497,14,204.9365003703044,10,128.60998150901818,10,,0,247.01292398452478,14,0.0,0.0,0.9214900057686868,0.10890176142814559,0.9333333333333333,0.0,0.0,0.9118048259862431,0.1967488612431017,0.9333333333333333,0.0,0.0,0.8949372528092063,0.031566633853602,0.8
e61,e61,17650.0,e61_29,36.97150663118693,102,111.16381099231396,0.06422018348623848,0.08719208007373856,222.98723571466297,10,245.12388803646027,10,,7,,0,,9,0.0,0.0,0.9009413250009429,0.1360853861838199,0.9833333333333333,0.0,0.0,0.9050550220744651,0.211488021665687,1.0,0.0,0.0,0.9214420062549431,0.07565185051791076,0.9666666666666667
e61,e61,17710.0,e61_29,33.740312467572224,107,124.24881238850183,0.10084033613445376,0.1400802676230994,,9,,9,,1,,0,,9,0.0,0.0,0.87714198582615,0.10630502943535054,1.0,0.0,0.0,0.8909829418720696,0.20585102466216576,1.0,0.0,0.0,0.9243579795871999,0.0697806679068276,0.9333333333333333
e61,e61,17770.0,e61_29,34.98928764831279,112,133.57644245916285,0.11811023622047245,0.13721008830323103,,6,,9,72.2090451768831,15,,0,,8,0.0,0.0,0.873507659180595,0.11104779402058629,1.0,0.0,0.0,0.8936103214664222,0.23276374543078382,1.0,0.0,0.0,0.9364599769546978,0.08611312031495763,0.95
e61,e61,17830.0,e61_29,9.014866581980556,111,117.77453243494384,0.0431034482758621,0.07817825964554563,174.45443063011405,12,,9,,8,,1,178.4529477073846,12,0.0,0.0,0.8823858687171786,0.07098317299378167,1.0,0.0,0.0,0.9017486795924399,0.14845205714013598,1.0,0.0,0.0,0.9334189217508042,0.03738375605711083,0.7666666666666667
e61,e61,17890.0,e61_29,25.234848681848497,103,104.72739459236195,0.01904761904761909,0.08171681132507283,,5,,7,105.60675945243966,12,,1,,5,0.0,0.0,0.891249897458465,0.11356058811235427,0.9833333333333333,0.0,0.0,0.9099794132033923,0.21798399130645008,1.0,0.0,0.0,0.9263620784937467,0.032311500053372647,0.9
e61,e61,17950.0,e61_29,36.209127729286436,96,104.40066190044712,0.06796116504854366,0.10087382840070007,306.02005610675803,10,,5,,9,,0,305.8321979997092,10,0.0,0.0,0.9073267627515896,0.1429448468175086,1.0,0.0,0.0,0.914214348544335,0.23934765448223172,1.0,0.47837241242495254,0.5,0.9281838154532321,0.025820470429921465,0.7333333333333333
e61,e61,18010.0,e61_30,15.521856105073848,97,99.29664873805248,0.010204081632653073,0.03631337794778478,275.01573754039305,12,,6,108.15916488174577,16,,0,277.1937294318968,12,0.0,0.0,0.9237122849422763,0.06441852838223476,0.9666666666666667,0.0,0.0,0.9115080712089886,0.11501020549512345,1.0,0.9546575689059844,1.0,0.9284969044428061,0.015213392300424348,0.45
e61,e61,18070.0,e61_30,10.966882742953704,86,91.2793948177121,0.0337078651685393,0.03054446300530052,,7,,8,101.5625,17,,0,,7,0.0,0.0,0.9247733819058742,0.0808765631674974,0.95,0.0,0.0,0.9165545969037157,0.1471003763391457,1.0,0.951634857559848,1.0,0.9230595944030935,0.014135307710980875,0.35
e61,e61,18130.0,e61_30,47.326762143820844,86,90.1104528874837,0.0337078651685393,0.04024298149940826,291.9941174590369,12,,4,109.87608432343228,21,,0,297.88649455180683,12,0.0,0.0,0.9276112615712011,0.07741121105296193,0.9833333333333333,0.0,0.0,0.916336576878765,0.11670046403304492,1.0,0.954879763301303,1.0,0.9250538196535527,0.015257142105558955,0.3
e61,e61,18190.0,e61_30,27.30436491703048,82,92.43603618849215,0.0786516853932584,0.07349714360163932,,8,,5,112.81470174293698,24,,0,,8,0.0,0.0,0.9271091700302881,0.0783357124680063,0.9833333333333333,0.0,0.0,0.9160991077757529,0.13199476503609842,0.9833333333333333,0.9591270679286555,1.0,0.9442450238990918,0.019451798206842435,0.48333333333333334
e61,e61,18250.0,e61_30,27.3582099663309,105,112.46675201678909,0.045454545454545414,0.12852349195620952,,9,,7,86.24308911593218,30,,4,,9,0.0,0.0,0.9231619288166087,0.20688305292098244,0.9833333333333333,0.0,0.0,0.9175500334956502,0.30358129067640927,0.9833333333333333,0.4783151064197544,0.5,0.9392426350279499,0.029846644981012006,0.7166666666666667
e61,e61,18310.0,e61_30,5.038671426234987,110,119.74984257911623,0.051724137931034475,0.1273590031217609,,7,322.7591181526781,10,,9,,0,,7,0.0,0.0,0.9212081974559019,0.2464589365114968,1.0,0.0,0.0,0.911051297795428,0.31842489109906874,1.0,0.0,0.0,0.9274953969875116,0.06552929121410786,0.8
e61,e61,18370.0,e61_30,21.696885171183965,109,124.0322897390793,0.08403361344537819,0.1425196491314334,,9,,3,73.45412045964474,11,,3,,9,0.0,0.0,0.9200193962341006,0.28660165156694956,0.95,0.0,0.0,0.9111370502602687,0.31142123445375874,0.95,0.0,0.0,0.9215206483379599,0.07140750153047151,0.9
e61,e61,18430.0,e61_30,43.16367110630097,100,106.96674403916883,0.04761904761904767,0.14678272783110316,286.32572688286325,11,,4,,3,,1,288.5480895795361,11,0.0,0.0,0.919660471399548,0.17004364418739445,0.95,0.0,0.0,0.9116664925454739,0.12557637591096749,0.9333333333333333,0.0,0.0,0.9239849761919174,0.08501870749738243,0.9333333333333333
e61,e61,18490.0,e61_30,36.304559993305105,91,93.58126128811931,0.010869565217391353,0.03145411039822853,,9,,3,,9,,2,,9,0.4759500272917916,0.5,0.9211092679796036,0.026292211875803228,0.6,0.9454125725772995,1.0,0.9101988390790827,0.018113472618057916,0.4,0.7181121597971296,0.75,0.9354420536771944,0.019749768373188717,0.5
e61,e61,18550.0,e61_30,9.056989364052699,86,86.88216823134938,0.0,0.019573445991389157,,8,,7,104.49758044175864,23,,9,,8,0.9518610695058514,1.0,0.9204476085936864,0.019321938286483147,0.43333333333333335,0.9417133996042928,1.0,0.9090209542954992,0.013886565014433725,0.4,0.7106119549663348,0.75,0.9258070633354596,0.019894141147840216,0.5
e61,e61,18610.0,e61_31,5.458467353031118,90,89.95610142269837,0.0,0.015862056078297816,,9,,5,53.70205892526375,17,,4,,9,0.9510193970710592,1.0,0.9191072281645624,0.01913320988768799,0.43333333333333335,0.9422119853195021,1.0,0.9049253273354568,0.014991997992612121,0.3,0.9425796951179952,1.0,0.9057507241852472,0.019299969696528647,0.48333333333333334
e61,e61,18670.0,e61_31,8.722356267185312,81,87.23795898048219,0.02409638554216864,0.030843083527642954,,5,,3,127.82269683793672,14,,4,,5,0.0,0.0,0.9200526706670971,0.055477686563757164,0.85,0.0,0.0,0.9037523556013681,0.03310253410389592,0.7166666666666667,0.0,0.0,0.9394169814760178,0.04480435341629086,0.85
e61,e61,18730.0,e61_31,20.429585118785276,82,89.36324221763658,0.0786516853932584,0.044588806642881285,146.80664780682713,10,,3,,7,,5,151.21728296285008,10,0.0,0.0,0.9232910598690612,0.07281734725026548,0.8666666666666667,0.0,0.0,0.9037952997139307,0.051449111432368105,0.8166666666666667,0.0,0.0,0.9495564903367776,0.06725799868948913,0.95
e61,e61,18790.0,e61_31,48.93428352061929,83,87.72160670912159,0.02352941176470591,0.03194236238482381,309.8899414975358,14,,6,106.0077796985563,18,,8,311.02807194602474,14,0.4763449486602973,0.5,0.9226328909658785,0.02579743184651801,0.5666666666666667,0.9438141175156209,1.0,0.9139161243798505,0.01707731534018822,0.48333333333333334,0.0,0.0,0.9427390870248868,0.04056298509057774,0.7666666666666667
e61,e61,18850.0,e61_31,11.768357929740397,80,87.84535118719324,0.06976744186046513,0.037052413696455955,290.5601219400308,10,,9,,8,,5,284.54642269174053,10,0.0,0.0,0.928233683384336,0.04983339042860965,0.8333333333333334,0.0,0.0,0.9148860819697386,0.036119311877069835,0.75,0.0,0.0,0.9369380168088394,0.06161953560829987,0.8
e61,e61,18910.0,e61_31,45.06495354522996,88,93.38550470180476,0.04347826086956519,0.050298053249277684,,5,,8,,5,,2,,5,0.0,0.0,0.9273591773982595,0.05339408376938745,0.8333333333333334,0.0,0.0,0.911169628500578,0.039174367231305726,0.7833333333333333,0.0,0.0,0.9322111091884497,0.044718982193873824,0.8833333333333333
e61,e61,18970.0,e61_31,8.408841342663798,83,86.40403679650721,0.011904761904761862,0.01805515162590806,219.38462011986823,10,,7,,9,,4,218.88606879176004,10,0.4766908105847789,0.5,0.922302701949263,0.02587312694296395,0.55,0.7083768414199306,0.75,0.9083577036037807,0.019870024642398648,0.5,0.0,0.0,0.9316267064915578,0.034631619713793464,0.8166666666666667
e61,e61,19030.0,e61_31,11.53128751378206,81,84.98366897195812,0.04705882352941182,0.05783454462688574,,9,,5,147.10451120176123,12,,2,,9,0.0,0.0,0.9226800906854449,0.09649977289588048,0.6666666666666666,0.0,0.0,0.9040084453327247,0.07191411362267919,0.65,0.0,0.0,0.9248476404251084,0.09145763297818711,0.7
e61,e61,19090.0,e61_31,83.42164084874202,49,108.4304689621079,0.4787234042553191,0.2583459548797422,,9,160.29909788033743,10,83.26389186999509,18,,0,,9,0.0,0.0,0.9210546801907096,0.3805631907568908,1.0,0.0,0.0,0.9045581769727664,0.2933685909981337,1.0,0.0,0.0,0.9212160067858017,0.22821785992118315,1.0
e61,e61,19150.0,e61_31,68.73827959172918,62,101.15928541065463,0.42056074766355145,0.2655459995334786,142.56474680386452,15,183.31650165395868,13,68.08289824167382,37,,7,141.7492756343296,15,0.0,0.0,0.9219442380982811,0.08166190056179692,1.0,0.0,0.0,0.9130888216121698,0.0835878065263837,1.0,0.0,0.0,0.9106042507972167,0.08253015736668978,0.8
e61,e61,19210.0,e61_32,101.11123090854424,51,93.8698307058601,0.48484848484848486,0.24992474149263655,301.9508509778537,16,122.04986041904687,18,111.76477870234498,42,76.33743645072873,22,301.5736504846978,16,0.0,0.0,0.9188370620145829,0.0352301593257966,0.8833333333333333,0.0,0.0,0.9349886244996282,0.057051269148724645,1.0,0.9582310341499716,1.0,0.9318597288091406,0.013988642996169663,0.26666666666666666
e61,e61,19270.0,e61_32,78.8054186001858,53,108.57900842023476,0.46464646464646464,0.3620719758234911,121.9309099855153,13,158.9488596694999,17,88.78869719257854,38,50.44963840925919,31,125.69805089976535,12,0.0,0.0,0.9171963645109239,0.040838870332329455,0.7666666666666667,0.0,0.0,0.9425724655422152,0.04712733071558406,0.95,0.96208380665414,1.0,0.9375738720119254,0.01712233348150326,0.48333333333333334
e61,e61,19330.0,e61_32,65.25854338279824,77,98.5281535990225,0.2222222222222222,0.22016685710065412,231.40793050658243,15,,7,92.69086156690263,18,,0,230.2483131627368,15,0.0,0.0,0.9254636810012561,0.1423322898952655,1.0,0.0,0.0,0.9428909892239016,0.13212188469246286,1.0,0.0,0.0,0.9313376973215549,0.0559131966341542,0.9833333333333333
e61,e61,19390.0,e61_32,29.961232878487085,93,93.36864743060372,0.0,0.02977276871438288,,6,,9,,8,,0,,5,0.0,0.0,0.9220322867313087,0.2802757709952886,0.8833333333333333,0.0,0.0,0.9392626340932803,0.281118271932496,0.8833333333333333,0.0,0.0,0.9447888055080277,0.10063791664215999,0.8833333333333333
e61,e61,19450.0,e61_32,36.25711146821111,84,89.71231503387695,0.023255813953488413,0.04632383018795261,,4,213.08067619090244,10,152.38269623258117,10,,5,,4,0.0,0.0,0.9202605953506185,0.12108881535494831,0.95,0.0,0.0,0.9292260892381957,0.11247179190472782,0.9166666666666666,0.0,0.0,0.9327742666586727,0.06486565601905253,0.9
e61,e61,19510.0,e61_32,24.757730513270527,86,93.68646886344773,0.09473684210526312,0.11415405387650028,,4,,5,,9,,1,,4,0.0,0.0,0.9167858330334417,0.5862363354354325,0.8833333333333333,0.0,0.0,0.9253953068403974,0.5239467465775729,0.8833333333333333,0.0,0.0,0.9195018296844587,0.10691808981730518,0.8833333333333333
e61,e61,19570.0,e61_32,25.200750011039563,100,109.411384984099,0.06542056074766356,0.11567312828571398,,2,,6,,9,,1,,2,0.0,0.0,0.9124360846621188,0.21222059537290192,0.9666666666666667,0.0,0.0,0.9240882123869036,0.21500140333818174,0.8166666666666667,0.0,0.0,0.9178557693570308,0.05217773817304821,0.8833333333333333
e61,e61,19630.0,e61_32,22.16896061887255,87,90.50975091719575,0.022471910112359605,0.02671086521808202,,7,,5,113.21388082960499,10,,0,,6,0.0,0.0,0.906959289849482,0.06865541775550524,1.0,0.0,0.0,0.9268951308496409,0.05001318410403631,1.0,0.0,0.0,0.9178795320497548,0.04984370431806405,0.9833333333333333
e61,e61,19690.0,e61_32,7.439948098993675,85,90.11877654770225,0.03409090909090906,0.027561323496252736,,4,,7,116.97898115152995,11,,0,,4,0.0,0.0,0.9080655934721875,0.060818633318556595,0.9833333333333333,0.0,0.0,0.920931016835622,0.03559207212698702,0.8833333333333333,0.4750202455457642,0.5,0.9160528090378379,0.022409744861551006,0.5333333333333333
e61,e61,19750.0,e61_32,37.12457663648393,82,84.44400658659806,0.023809523809523836,0.025707144979383405,,7,,9,173.30919929140455,19,,3,,7,0.0,0.0,0.9078065921864039,0.04478922276341135,0.9833333333333333,0.4749176046784199,0.5,0.9176729090800964,0.027482925664597042,0.8333333333333334,0.0,0.0,0.9147818720221884,0.036016939703482125,0.8333333333333334
e61,e61,19810.0,e61_33,22.94937904186958,80,86.9882283178944,0.101123595505618,0.07194077691317516,,8,255.44737954278918,10,93.00922613285917,16,,3,,8,0.0,0.0,0.9061341625798671,0.035976424585435096,0.8333333333333334,0.7137959468366148,0.75,0.919954173400156,0.020258597811176244,0.5,0.474174604580826,0.5,0.9165116328657024,0.02768573906220395,0.85
e61,e61,19870.0,e61_33,15.901699118453593,86,87.93070474272206,0.011494252873563204,0.03770312665974096,217.96225857880242,12,177.86668038051235,10,,9,,8,218.83991658495276,12,0.0,0.0,0.8973894651039722,0.03564415476276623,0.85,0.9526795044175744,1.0,0.9220248955475503,0.019474831108944275,0.4666666666666667,0.0,0.0,0.9250503008385956,0.03277945456704125,0.8833333333333333
e61,e61,19930.0,e61_33,37.50145872553117,77,83.32800959913386,0.060975609756097615,0.02259280730144739,,9,,5,101.46756696788181,20,,2,,9,0.0,0.0,0.8955205584461958,0.05141298026737421,0.9,0.238134471299507,0.25,0.9217518014628475,0.02871835395272817,0.8,0.0,0.0,0.9359778622094108,0.033399543667290546,1.0
e61,e61,19990.0,e61_33,12.083388440515218,76,82.28494315825961,0.050000000000000044,0.035280162644048735,,7,,6,60.78630157473487,14,,1,,7,0.0,0.0,0.8934095811337095,0.07690838112614223,0.9333333333333333,0.0,0.0,0.9248054867905542,0.040566505198626375,0.6666666666666666,0.0,0.0,0.9436073118262759,0.05032816707570527,0.95
e61,e61,20050.0,e61_33,39.355892826451516,78,86.0835225378324,0.04878048780487809,0.054077900005484146,,8,213.14772933364617,15,122.18688630189324,29,,4,,8,0.4680575770520859,0.5,0.8935252568402863,0.028248650420636373,0.8666666666666667,0.9474981076186799,1.0,0.9198783040253986,0.015394567423873831,0.35,0.0,0.0,0.9494697228855664,0.03705852403736985,0.9333333333333333
e61,e61,20110.0,e61_33,40.71772321638237,76,81.15313190232192,0.03797468354430378,0.026164742788326943,,5,128.64952339512055,13,90.54414496531513,26,,4,,5,0.0,0.0,0.8973602446938945,0.04416623664913236,0.7666666666666667,0.4711113702225712,0.5,0.9012252426086248,0.0211806383406762,0.5166666666666667,0.0,0.0,0.9468809677081478,0.03286758182026076,0.7
e61,e61,20170.0,e61_33,36.545323480818155,81,81.18442666213559,0.0,0.022609075556365522,215.91038883514716,10,132.58252147247765,15,98.29717562360031,27,151.9640988279445,15,147.82872972914748,16,0.4705759382839219,0.5,0.9143666689321728,0.02546525850614038,0.65,0.9184463344671971,1.0,0.870567202878223,0.012544573048044171,0.3,0.483715611368354,0.5,0.9457323103146874,0.024951696239109644,0.6333333333333333
e61,e61,20230.0,e61_33,21.596050900011786,71,84.29452507045438,0.13414634146341464,0.1313953808974802,,9,190.71600213663808,15,162.30665915452383,19,132.65922528072946,10,136.6149199891299,12,0.4742925882732557,0.5,0.9150403286447277,0.02708146021512084,0.5833333333333334,0.9191049528020782,1.0,0.8769220106557691,0.012930601587563413,0.35,0.48418310212096316,0.5,0.9481089523996851,0.02599024602906885,0.7666666666666667
e61,e61,20290.0,e61_33,39.865576349757724,80,90.82102203922676,0.13043478260869568,0.1452989513524689,160.76571259628375,12,170.7318756776128,13,140.51645116097617,19,,8,144.98275759551547,11,0.0,0.0,0.9117531625210377,0.10929561622148991,0.85,0.0,0.0,0.9024378218757279,0.05117547237118806,0.6,0.0,0.0,0.9385477426717668,0.16026833032164983,0.9
e61,e61,20350.0,e61_33,13.896516562192621,73,82.29865633699863,0.1097560975609756,0.0446514167916942,,8,225.58758153862203,10,230.71505788315548,10,,3,,7,0.0,0.0,0.8954625303138871,0.06443894374749203,0.8666666666666667,0.0,0.0,0.9205137394003103,0.054766854306942836,0.7166666666666667,0.4765823934884506,0.5,0.9251145453475422,0.028958392646384744,0.75
e61,e61,20410.0,e61_34,39.05900062016029,76,82.05498504563037,0.06172839506172845,0.03388255953045054,,7,110.11653391596862,10,,7,,2,,7,0.0,0.0,0.8947163476427291,0.14954344631549624,0.9166666666666666,0.0,0.0,0.914917790519355,0.19015933657496994,0.9,0.0,0.0,0.919828295591489,0.14181653393277138,1.0
e61,e61,20470.0,e61_34,14.439943868291493,75,84.74648090234149,0.08536585365853655,0.03515218237646819,,9,,2,,3,,0,,9,0.0,0.0,0.896479692045101,0.13648299023431096,0.8833333333333333,0.0,0.0,0.9059562060364348,0.18580289666958585,0.8833333333333333,0.0,0.0,0.9150607974188584,0.06724106681747007,0.8833333333333333
e61,e61,20530.0,e61_34,8.547757889031327,77,83.71832133636784,0.060975609756097615,0.026503936960163656,,8,,3,123.60879464901895,10,,3,,8,0.0,0.0,0.9027603376124121,0.1638560618174223,0.9666666666666667,0.0,0.0,0.9009056494012625,0.21923818129472694,0.9666666666666667,0.0,0.0,0.9088978812499541,0.1072944537733064,0.8333333333333334
e61,e61,20590.0,e61_34,12.846301452810657,76,82.63734326425238,0.03797468354430378,0.03725620808144844,,6,152.9158151656583,10,166.7276906511366,10,,1,,6,0.0,0.0,0.903807725068422,0.03664455566745413,0.75,0.0,0.0,0.8961059062811881,0.036130060817744475,0.6333333333333333,0.941605918445492,1.0,0.9067933480488136,0.01741469446059285,0.4666666666666667
e61,e61,20650.0,e61_34,22.268326069082747,73,79.90847815637672,0.0641025641025641,0.03122418314626229,,3,,9,,5,,4,,3,0.0,0.0,0.9040487321840109,0.149169231968856,0.75,0.0,0.0,0.8940977189450845,0.09300724331727189,0.7166666666666667,0.0,0.0,0.9069821450557551,0.17388212039212808,0.8833333333333333
e61,e61,20710.0,e61_34,14.11042911247151,79,80.00469360872837,0.0,0.027113947686512357,,4,126.9565920384571,14,111.21956512532616,10,182.33900900395795,12,,4,0.0,0.0,0.9048847284859248,0.036577988669869416,0.7166666666666667,0.47072333460544996,0.5,0.8940977189450845,0.02241879721716175,0.5666666666666667,0.0,0.0,0.9017605242722586,0.04320388721799352,0.9166666666666666
e61,e61,20770.0,e61_34,14.828243270032972,78,80.00138669059,0.012658227848101222,0.04281421593132435,,7,,9,144.52069218195018,11,,2,,6,0.0,0.0,0.9030932356247247,0.06042153824774413,0.85,0.0,0.0,0.8994396039558261,0.03482186080334218,0.55,0.0,0.0,0.8923442761133011,0.10535603640580932,0.95
e61,e61,20830.0,e61_34,12.796483363688196,76,82.32383727894509,0.050000000000000044,0.01961806401128999,275.96883164217377,15,,6,112.2815684234901,10,,8,276.41841989480884,15,0.4749698590902212,0.5,0.9153177999092287,0.023513197341484892,0.5166666666666667,0.9397241130207228,1.0,0.8998555480539345,0.014475730362867473,0.3333333333333333,0.0,0.0,0.8410360187806594,0.05951177329150224,0.9
e61,e61,20890.0,e61_34,17.591006124402256,75,79.72479002486433,0.038461538461538436,0.05332563528625203,,9,,9,251.30182385066982,14,,1,,9,0.0,0.0,0.9284099473683685,0.20042923374424015,0.9666666666666667,0.0,0.0,0.8981982427107813,0.13779807223065066,0.9,0.0,0.0,0.8281976364934152,0.15000177445185342,1.0
e61,e61,20950.0,e61_34,34.40932170789768,80,83.02636640641047,0.024390243902439046,0.019541908212757773,,6,,7,,8,,0,,6,0.0,0.0,0.9303739106718246,0.042815653071898,0.8666666666666667,0.4740184260973248,0.5,0.9091231921011874,0.023070849732850104,0.6,0.0,0.0,0.8629920489132087,0.03968028219327669,0.8
e61,e61,21010.0,e61_35,10.89198766103132,79,83.8471299128467,0.03658536585365857,0.01763116962064259,,3,167.43799380915112,10,305.32631503662793,14,,3,,3,0.0,0.0,0.9286511589519232,0.03515698206992206,0.9666666666666667,0.9481160086284783,1.0,0.9147326360756083,0.017012567147104245,0.4166666666666667,0.0,0.0,0.8770100943481999,0.045142067582924654,0.7
e61,e61,21070.0,e61_35,11.426563532928958,79,80.02464759126245,0.0,0.03335305661271864,215.3321590053912,14,,4,,8,,2,288.5374259153328,14,0.0,0.0,0.9236636946100316,0.0789443367424659,1.0,0.0,0.0,0.9191444578289103,0.03507329463433828,0.75,0.0,0.0,0.9003289786545616,0.09092384117427199,0.9
e61,e61,21130.0,e61_35,22.64202457371147,76,79.28799381563857,0.02564102564102566,0.018768168272639954,,8,,7,,5,,2,,8,0.0,0.0,0.9139812095009714,0.03696444767859708,0.9166666666666666,0.47597135208168145,0.5,0.9187492334491368,0.020654770579234955,0.5333333333333333,0.0,0.0,0.9069937574365555,0.04839268759765036,0.9333333333333333
e61,e61,21190.0,e61_35,39.715958276015805,83,84.27558115069793,0.011904761904761862,0.03407887010734958,324.14452637421687,14,,8,,5,,3,,9,0.0,0.0,0.9083013831867346,0.11675678904661968,0.8833333333333333,0.0,0.0,0.9183580070023265,0.08169564075198674,0.85,0.0,0.0,0.9018542022388918,0.14582801953629881,1.0
e61,e61,21250.0,e61_35,11.275541113132766,78,83.60889431417795,0.03703703703703709,0.05190039336107365,217.17875681842008,10,,5,,9,,0,211.73883284209663,10,0.0,0.0,0.9086856603060891,0.2597474283421035,1.0,0.0,0.0,0.9160138626046651,0.23370279854674342,1.0,0.0,0.0,0.9031091226817506,0.24105372880747855,1.0
e61,e61,21310.0,e61_35,18.69882776182819,89,97.756010773141,0.08247422680412375,0.09857551571693128,238.20652858479062,10,,5,196.51617733546888,12,,0,239.76840677805924,10,0.0,0.0,0.9099573231148177,0.23379483866741374,0.9833333333333333,0.0,0.0,0.9118679311145013,0.20033961101883238,0.9833333333333333,0.0,0.0,0.9032798762252776,0.10432180243676921,1.0
e61,e61,21370.0,e61_35,22.152175977417645,81,93.02412115484537,0.09999999999999998,0.11201067190465724,,9,196.9549000123858,10,,8,,2,,9,0.0,0.0,0.9124471251336977,0.06980161231662182,0.9833333333333333,0.0,0.0,0.9110523736666487,0.046638785618288464,0.7666666666666667,0.0,0.0,0.90249669215887,0.047775288346807374,0.8833333333333333
e61,e61,21430.0,e61_35,53.674152569837844,73,93.92802295602857,0.2065217391304348,0.1983072019463729,,4,155.91481906339573,15,248.7026886540433,11,,0,,3,0.0,0.0,0.9125579470512953,0.150781616416445,0.95,0.0,0.0,0.9124950561786671,0.14888877647923848,0.95,0.23479889115031927,0.25,0.9014570293191672,0.029897742437658612,0.7166666666666667
e61,e61,21490.0,e61_35,50.041397438806015,77,84.53478395019215,0.08333333333333337,0.12898245627493368,,6,,5,174.65786868546746,11,,3,,6,0.0,0.0,0.9143227845371504,0.07303672966415917,0.7333333333333333,0.0,0.0,0.9044900552828412,0.0784272142849084,0.7333333333333333,0.9394164431198878,1.0,0.8990862432176094,0.01417895692557921,0.31666666666666665
e61,e61,21550.0,e61_35,22.207009437506038,65,88.60509006708021,0.2777777777777778,0.21352186765901296,240.64081546573664,18,134.14997510365964,21,242.7770307867521,20,,4,238.04349577829876,18,0.0,0.0,0.922973569282518,0.045122149565460956,0.85,0.0,0.0,0.8846166401671196,0.050368180723781894,0.9333333333333333,0.9440980191805304,1.0,0.9114827853807591,0.018046385359208238,0.45
e61,e61,21610.0,e61_36,61.70853621132131,52,96.41620949317668,0.4747474747474747,0.37596657081305124,276.04540519070804,24,98.12388036781617,25,145.68793905446498,17,103.17233762011986,16,241.43592182570117,24,0.4750078574974962,0.5,0.916390018975899,0.024912220304380502,0.7,0.4675159387874957,0.5,0.9063535731935375,0.02752242089738681,0.8666666666666667,0.940503457752027,1.0,0.9009527944633561,0.013216298529301947,0.2
e61,e61,21670.0,e61_36,62.61188993334736,68,97.3378898283378,0.33333333333333337,0.3197370493529328,210.83225488929475,23,132.08118669105525,24,141.69694165626717,25,,5,212.79710687801227,24,0.0,0.0,0.9104654617407494,0.05254691468958968,0.9,0.0,0.0,0.91926440568793,0.04637248193395513,0.7833333333333333,0.9164946894935352,1.0,0.8637228095013545,0.018185808365060948,0.4166666666666667
e61,e61,21730.0,e61_36,57.09168702172121,84,96.50615548402284,0.134020618556701,0.21212682572024433,133.5381524173585,13,103.43016143975869,12,92.8188938486581,14,128.9331497415336,12,136.4734406395618,13,0.4679483117148898,0.5,0.8996435407733137,0.02547416360577414,0.5833333333333334,0.4774056438378948,0.5,0.9236935522949974,0.021307146250481183,0.5166666666666667,0.9265239925378164,1.0,0.8775399875630273,0.012694111048984479,0.21666666666666667
e61,e61,21790.0,e61_36,41.135105253804,60,92.30258016440344,0.33333333333333337,0.19300519845548336,111.96286032138583,14,109.7042527999091,12,107.6563885864291,28,,7,111.07862773036737,14,0.0,0.0,0.866983997633378,0.040444617998207345,0.9,0.0,0.0,0.9228346082271244,0.03844388781039271,0.8666666666666667,0.9295190633399948,1.0,0.8946325081088775,0.01373390512986411,0.35
e61,e61,21850.0,e61_36,25.002826492160104,68,92.94522505523918,0.26086956521739135,0.08476421158610224,,6,,4,145.71702951601856,19,,4,,6,0.0,0.0,0.8386478934703514,0.13334991934861423,0.8666666666666667,0.0,0.0,0.9237573981372293,0.1360160997887422,0.8666666666666667,0.0,0.0,0.9253766433782199,0.06137710693755298,0.75
e61,e61,21910.0,e61_36,30.923475710964183,79,95.77687818430893,0.14130434782608692,0.057742165151281326,,3,,3,90.00400863950759,19,,2,,3,0.0,0.0,0.8298505434336669,0.09899874341488968,0.95,0.0,0.0,0.924381024898853,0.09176668447328093,0.9333333333333333,0.9583356688901253,1.0,0.9309223708001323,0.015237800502571324,0.4666666666666667
e61,e61,21970.0,e61_36,55.39366016874346,62,91.87510192409582,0.34736842105263155,0.12693041950505707,,6,,9,55.1736206711935,25,,2,,7,0.0,0.0,0.8226811306338615,0.06486617430044526,0.8333333333333334,0.0,0.0,0.9261803850885004,0.10163096203758032,0.9,0.0,0.0,0.950689405942868,0.10382365398325066,0.65
e61,e61,22030.0,e61_36,30.94130109753419,84,89.7077545623613,0.045454545454545414,0.04486239125640647,146.91480073834236,20,128.08158986831185,10,56.8345693150812,27,125.95414091240022,14,146.16141041580312,20,0.8906223570322119,1.0,0.8246240299517336,0.019698771883062675,0.48333333333333334,0.0,0.0,0.920056875407923,0.0472340910832877,0.7833333333333333,0.0,0.0,0.9511047818188931,0.03129505413787151,0.5833333333333334
e61,e61,22090.0,e61_36,36.8999185215943,76,81.0377696784059,0.07317073170731703,0.05386014901026208,155.24852667488418,19,134.0845562057414,17,92.29557577311962,31,165.3594569415369,16,157.40958604156793,19,0.9315642135341432,1.0,0.8861185461898862,0.010480458241324559,0.3333333333333333,0.2325526430585052,0.25,0.8879137214594226,0.030370802977035052,0.7166666666666667,0.486817447694514,0.5,0.9521096302690197,0.021689694659108083,0.6
e61,e61,22150.0,e61_36,18.394967190453457,69,72.815710717758,0.028169014084507005,0.024100391015278323,189.35354090922385,10,178.5694667163437,17,85.97487225660457,39,226.73754014140445,11,192.90181728307047,10,0.9340949605744955,1.0,0.8940156140949095,0.010096561415090449,0.1,0.23310637513808866,0.25,0.8896774607293403,0.029943790036990367,0.8166666666666667,0.9700705225316052,1.0,0.9532298469869238,0.019797023653436514,0.4666666666666667
e61,e61,22210.0,e61_37,12.532877204359751,74,75.5357847632114,0.0,0.024958275472063432,115.61444208553705,18,97.26484060928698,12,132.28624731119473,36,106.38706118278375,17,109.00620597551531,18,0.9383034658869476,1.0,0.9191715821859245,0.006385092536799934,0.35,0.704895404112348,0.75,0.9066306141483352,0.02061373153944853,0.5,0.9713858812544759,1.0,0.9532053889200571,0.01790417150752094,0.38333333333333336
e61,e61,22270.0,e61_37,11.074376950009233,75,78.90542395878455,0.038461538461538436,0.014317547493536332,97.8123751996009,17,76.43774622721064,23,97.30103666857227,27,93.46745617905376,16,96.46890690787369,17,0.9591539072938791,1.0,0.9344901567879308,0.007787089768532487,0.26666666666666666,0.47597616858548275,0.5,0.935068906605637,0.02563584538322288,0.6166666666666667,0.4828550380945197,0.5,0.9451928682541834,0.02872861545431392,0.6333333333333333
e61,e61,22330.0,e61_37,30.938761225537462,69,73.68608499714799,0.04166666666666663,0.03505117885706802,,4,,6,140.17669426561028,17,,4,,5,0.0,0.0,0.9337720931017981,0.08692141731195221,0.7833333333333333,0.0,0.0,0.932390431240416,0.20442752310982532,0.9833333333333333,0.0,0.0,0.9427570512099059,0.057995823529935264,0.9166666666666666
e61,e61,22390.0,e61_37,14.384939215081996,70,73.30048250047518,0.014084507042253502,0.010009787121378549,178.51367803764444,10,147.44735554173224,11,65.14919613933354,38,,8,,6,0.9586179091894057,1.0,0.9317624337865791,0.00796457312418732,0.2833333333333333,0.4785334769983046,0.5,0.9311268192580382,0.027011748670113394,0.7833333333333333,0.962288945800492,1.0,0.9432025895893533,0.0178213968498324,0.4666666666666667
e61,e61,22450.0,e61_37,28.17711530436538,67,73.92540187698312,0.11842105263157898,0.09938678774401526,113.36081649277712,12,243.31892972495996,15,126.68993150648234,33,113.36081649277712,12,155.31605494306416,14,0.9576462513975578,1.0,0.9301513169945084,0.007342097542389527,0.06666666666666667,0.478875282657081,0.5,0.930819500010461,0.025060457187458487,0.7666666666666667,0.4869719018359937,0.5,0.9562725540791435,0.025521234968862484,0.8166666666666667
e61,e61,22510.0,e61_37,,37,,0.5842696629213483,0.23867375377168096,,5,,6,,9,,0,,5,0.0,0.0,0.9332572917901568,0.26108403541358394,1.0,0.0,0.0,0.9240768450352715,0.6325149771140632,1.0,0.0,0.0,0.9519192027801611,0.15395349603821856,1.0
e61,e61,22570.0,e61_37,7.713298980563539,125,137.24606618533087,0.0234375,0.04900759333605879,82.92543400047218,13,,6,72.59041596232476,10,82.92543400047218,13,82.81505499203229,13,0.9587520877641249,1.0,0.9316400005002513,0.004728454133893298,0.06666666666666667,0.9530387419022748,1.0,0.9227632990616201,0.013822986905485153,0.3333333333333333,0.48147661256638696,0.5,0.9382274079291674,0.028108984554177638,0.65
e61,e61,22630.0,e61_37,42.00191175198343,81,94.90862671973848,0.15625,0.17260689052095768,260.3946304779167,14,,8,157.24293878223912,11,,9,256.6500161099367,14,0.4748801752379514,0.5,0.9171695614963936,0.024222082892197273,0.65,0.0,0.0,0.9082612901244184,0.06431279113707979,0.8833333333333333,0.0,0.0,0.9008234855762888,0.08678851096282075,0.9166666666666666
e61,e61,22690.0,e61_37,65.38031193323887,60,94.33791684574275,0.375,0.2603802765535264,162.9426063641735,14,,7,241.90732001263302,10,,8,164.22311277414872,14,0.0,0.0,0.9093839739878683,0.11781944590328738,0.6833333333333333,0.0,0.0,0.8897879857367567,0.28397558309975746,0.9833333333333333,0.0,0.0,0.888863897144548,0.09808662026333347,0.9833333333333333
e61,e61,22750.0,e61_37,58.43923923204342,82,87.32423269275996,0.05747126436781613,0.06058145435263135,,4,,7,,7,,3,,4,0.941522188485492,1.0,0.9025369808091533,0.016199279765299265,0.35,0.0,0.0,0.8846598010831942,0.042172660899772174,0.7833333333333333,0.0,0.0,0.8926385900898552,0.03731763344262161,0.8666666666666667
e61,e61,22810.0,e61_38,34.954958176460984,73,77.27855829092863,0.03947368421052633,0.015310378031864547,,6,,4,,4,,7,,6,0.9418100183555246,1.0,0.9040406244420559,0.008450975884627985,0.3,0.4622330500207348,0.5,0.8751627680523899,0.025147376591456723,0.5333333333333333,0.0,0.0,0.8945813864252894,0.03607053879821817,0.9666666666666667
e61,e61,22870.0,e61_38,34.93420636248746,73,75.50265895225489,0.026666666666666616,0.028323856394406134,,4,,2,,4,,3,,3,0.9409114604968825,1.0,0.9043049753743363,0.008716357201418678,0.26666666666666666,0.4615060086720165,0.5,0.8716866955733884,0.025211277554109776,0.6666666666666666,0.0,0.0,0.8978252191596223,0.038665905926653935,0.8333333333333334
e61,e61,22930.0,e61_38,12.299354729372562,73,75.20776144093055,0.013513513513513487,0.025533864219094145,79.86346992289404,21,,3,,2,,1,81.7312669668102,21,0.9340144325539756,1.0,0.9031536385019471,0.008701500722697136,0.35,0.4616121574559302,0.5,0.8741719316764529,0.0253408634907485,0.5833333333333334,0.4696028048553736,0.5,0.8997916750769699,0.02917605841770029,0.65
e61,e61,22990.0,e61_38,15.164073939389908,71,78.61161408000663,0.053333333333333344,0.03274887280921874,,9,,3,,6,,2,,9,0.0,0.0,0.8764757023119175,0.03615908229979736,0.65,0.0,0.0,0.8746540874513629,0.09941698630166021,0.8666666666666667,0.0,0.0,0.9104617598572943,0.075731794960296,0.8833333333333333
e61,e61,23050.0,e61_38,23.675181666077528,74,75.09687496896055,0.013333333333333308,0.04217126162047312,97.98382559445717,11,,5,,6,,0,94.18067742376883,11,0.0,0.0,0.8698259456937077,0.15226374309539817,0.8666666666666667,0.0,0.0,0.8797328039157455,0.33210158094203834,0.9166666666666666,0.0,0.0,0.9158073933153701,0.055709380846244924,0.8833333333333333
e61,e61,23110.0,e61_38,18.035516351290546,69,76.17635333633181,0.13749999999999996,0.06668695038813874,,9,,5,,3,,2,,8,0.0,0.0,0.8678495167486275,0.07110883879307613,0.9333333333333333,0.0,0.0,0.8861321133038749,0.14819084000526989,0.9333333333333333,0.0,0.0,0.91794863987216,0.04215687136610913,0.8166666666666667
e61,e61,23170.0,e61_38,35.00298860250185,92,100.92387396321709,0.07070707070707072,0.13566512657318788,,9,249.5601599564722,11,,6,,5,150.40685563571304,10,0.0,0.0,0.8827258444698247,0.14515196378464956,0.8,0.0,0.0,0.8965681091573134,0.30033583687393883,1.0,0.0,0.0,0.9298362945890913,0.09177566078238567,0.9666666666666667
e61,e61,23230.0,e61_38,32.21603688526148,85,107.61135084494349,0.19047619047619047,0.18311776176119576,92.2284192698906,12,,4,237.04211618138663,11,,6,206.66397847714052,11,0.0,0.0,0.9142965200456514,0.06066350653077615,0.6666666666666666,0.0,0.0,0.9137841982042031,0.16297549739634934,0.9666666666666667,0.0,0.0,0.9248522762329625,0.09242103715071723,1.0
e61,e61,23290.0,e61_38,66.87627410050764,66,108.22344895538605,0.383177570093458,0.30770246271072665,,5,,5,,4,,2,,5,0.0,0.0,0.9127608137637251,0.11214549618446465,0.9,0.0,0.0,0.9161893714777941,0.23186812069594898,1.0,0.0,0.0,0.9246699778287741,0.12761301817101856,1.0
e61,e61,23350.0,e61_38,63.63065417509384,65,115.92679609265073,0.3689320388349514,0.2732390313252158,,8,,9,,6,,4,,8,0.0,0.0,0.90329828999714,0.07071520047208577,0.8833333333333333,0.0,0.0,0.9178355493269499,0.18068558751716773,1.0,0.0,0.0,0.9218694198421413,0.07912567031910808,0.9166666666666666
e61,e61,23410.0,e61_39,24.45913966487642,105,105.7807412053912,0.009433962264150941,0.09534850871280534,100.31535967497076,17,,9,,6,,5,100.2808556006579,17,0.46947024622741357,0.5,0.8982341540913785,0.025395314795225207,0.5333333333333333,0.0,0.0,0.9177022287930822,0.07009011154556809,0.8,0.0,0.0,0.9195083974338949,0.06875181484805777,1.0
e61,e61,23470.0,e61_39,43.36517746939729,81,112.55789696799317,0.25688073394495414,0.15140404094606066,,8,,9,272.08744094653343,16,,3,,8,0.0,0.0,0.9213038652918949,0.11723318418537672,0.8666666666666667,0.0,0.0,0.9195163368426309,0.29214438353220507,1.0,0.0,0.0,0.9187740892902282,0.10007876660931256,1.0
e61,e61,23530.0,e61_39,29.08159188931244,88,104.30664763628474,0.09278350515463918,0.06600778363480635,,7,233.29830815061112,13,266.77857276169243,17,,4,,7,0.0,0.0,0.9295719637347307,0.045443868806665226,0.8166666666666667,0.0,0.0,0.9203420189167961,0.1324703727062788,1.0,0.0,0.0,0.923638114315953,0.07119317076397558,1.0
e61,e61,23590.0,e61_39,34.89753743757342,79,88.44848097125453,0.08139534883720934,0.05022443527581372,,2,,7,210.3096365580205,10,,1,,3,0.0,0.0,0.9327505192585087,0.10755817502888565,0.8666666666666667,0.0,0.0,0.9227946571366235,0.2934671545236939,1.0,0.0,0.0,0.9224779169162997,0.0629688625925209,1.0
e61,e61,23650.0,e61_39,19.585599299710424,87,88.40365107099181,0.011363636363636354,0.038804512414618596,,9,246.21330004348582,15,185.05517465953022,14,,4,,9,0.0,0.0,0.9339534176825912,0.05143191294690602,0.9833333333333333,0.0,0.0,0.9212019005275923,0.14930181848926483,1.0,0.0,0.0,0.92199477700298,0.042835245318537975,1.0
e61,e61,23710.0,e61_39,8.161677828240512,82,86.87002940547316,0.023809523809523836,0.03793670104841845,,5,,7,118.09544107680449,15,,0,,5,0.0,0.0,0.9277967273120751,0.15210670418565714,1.0,0.0,0.0,0.9210447604037812,0.27523765830401214,1.0,0.0,0.0,0.9237366269521915,0.04719037295937443,0.9666666666666667
e61,e61,23770.0,e61_39,8.063824837433911,84,87.55072470118937,0.0117647058823529,0.034795620965237174,,5,,4,78.55782879686643,28,,2,,6,0.0,0.0,0.9189947878311157,0.1398852236003079,0.8666666666666667,0.0,0.0,0.9211028659351846,0.22326088098058208,0.9833333333333333,0.0,0.0,0.8633465612712314,0.041757709584729345,0.9333333333333333
e61,e61,23830.0,e61_39,8.176730191047492,82,89.50514841032481,0.046511627906976716,0.03804735398692639,,8,,6,108.26492105714766,25,,0,,8,0.0,0.0,0.9039874147453512,0.09321845723074632,0.9833333333333333,0.0,0.0,0.9209705630666383,0.16972405755328857,1.0,0.0,0.0,0.9300120169385424,0.037341201543764004,0.95
e61,e61,23890.0,e61_39,32.263171875138966,89,91.82357019207778,0.0,0.03627206912088141,,6,,6,195.4339899926429,10,,0,,6,0.0,0.0,0.878850484115741,0.1746978792279158,1.0,0.0,0.0,0.9183621985757833,0.17704352257422454,1.0,0.0,0.0,0.9437125363976986,0.06832653978094637,0.8833333333333333
e61,e61,23950.0,e61_39,6.801753438063072,85,87.33281224756075,0.011627906976744207,0.028089587573149728,,4,156.55352463738686,10,188.72830557680757,15,,1,,4,0.0,0.0,0.8686403873702763,0.15180194992666102,0.9,0.0,0.0,0.9028414725851772,0.11897413701545545,0.9,0.0,0.0,0.9278561852948696,0.05151338526036212,0.8666666666666667
e61,e61,24010.0,e61_40,7.507936528648782,81,86.00473599403205,0.0357142857142857,0.031179416267986846,,8,,6,125.21523289772836,18,,1,,8,0.0,0.0,0.8596412909453339,0.17573490633920433,0.9666666666666667,0.0,0.0,0.870178285336324,0.16454941708384463,0.9666666666666667,0.0,0.0,0.9146113533800247,0.045109164601363744,0.95
e61,e61,24070.0,e61_40,27.81884531853845,74,81.66076214004798,0.06329113924050633,0.03597307959743179,,8,149.39384905482777,13,152.93729526894245,33,,1,,9,0.0,0.0,0.8617173627342116,0.08643351270004829,0.95,0.0,0.0,0.8562614857007321,0.07212579359243991,0.9333333333333333,0.4729621258173041,0.5,0.9139785227516458,0.029892811476660605,0.7333333333333333
e61,e61,24130.0,e61_40,32.78493502416175,84,85.18413615827991,0.023255813953488413,0.037443450688165715,310.0042384241046,12,,6,94.38955954390748,36,,1,,9,0.0,0.0,0.8623985830989626,0.051923328157169976,0.9,0.0,0.0,0.8465718460405317,0.06494352005677495,0.9166666666666666,0.9537464632827084,1.0,0.924020314567786,0.019124996258599803,0.4666666666666667
e61,e61,24190.0,e61_40,5.360613355151017,88,90.14050651446418,0.0,0.039778586905873145,,9,107.92740532279807,14,75.84565562088906,45,,6,,9,0.2326395328617046,0.25,0.8981174133631431,0.03269342646316557,0.6166666666666667,0.0,0.0,0.8500719875289264,0.04090532252255528,0.6333333333333333,0.9662725754244588,1.0,0.9609306313808796,0.014184108745091732,0.4166666666666667
e61,e61,24250.0,e61_40,5.847538393398473,85,87.95152112144295,0.02298850574712641,0.033450857905916016,,9,,4,83.35977770521284,41,,3,,9,0.0,0.0,0.9082557225314076,0.05521203222558817,0.75,0.0,0.0,0.8916473185164313,0.058769703401769506,0.75,0.9755808853649959,1.0,0.9612742396568925,0.015443115732121784,0.26666666666666666
e61,e61,24310.0,e61_40,5.575396330874351,86,87.27596441753062,0.0,0.03801296302060571,,4,,3,125.36116804538679,28,,0,,4,0.0,0.0,0.9107488861031556,0.11010011356406033,1.0,0.0,0.0,0.9014039938963798,0.07756814334765869,0.9666666666666667,0.0,0.0,0.9482533850322414,0.045561487401166285,0.7833333333333333
e61,e61,24370.0,e61_40,6.941275208235976,86,86.0966161877713,0.0,0.036405090151440986,215.8004268270802,10,66.97823515422752,11,132.30322366603258,34,,1,,9,0.0,0.0,0.9086825378259018,0.07551820703050573,1.0,0.0,0.0,0.9064633405648002,0.05959591147778768,1.0,0.4833245755220577,0.5,0.9427257538579313,0.02670698790278872,0.5666666666666667
e61,e61,24430.0,e61_40,4.765470852624806,87,90.4834076051806,0.011363636363636354,0.0322835812493134,194.51399270842958,11,85.97926792470174,18,85.72416702715752,11,,1,198.11612756158948,11,0.0,0.0,0.907738691020922,0.08779587527547206,0.9,0.0,0.0,0.9044734539527852,0.03376828160929146,0.7666666666666667,0.0,0.0,0.9413688609091388,0.08706763986947473,0.9833333333333333
e61,e61,24490.0,e61_40,9.469421918018154,84,89.42484177375478,0.023255813953488413,0.03070340680525098,250.37702394452688,12,69.55877583349599,12,80.10511486218176,16,,2,250.3996805109783,12,0.0,0.0,0.904405545354968,0.11760522662898179,0.9,0.0,0.0,0.9254481753033589,0.04907645077791063,0.8833333333333333,0.0,0.0,0.9409022155272044,0.17654640042450537,1.0
e61,e61,24550.0,e61_40,8.143982430186451,84,86.98482332306591,0.0117647058823529,0.025572964530705372,232.3407085749527,10,178.88879764556785,14,,8,,0,227.10741462527767,10,0.0,0.0,0.9041722398958747,0.1471863433441053,1.0,0.0,0.0,0.9236550304466229,0.08402722339544208,0.9333333333333333,0.0,0.0,0.9380229401038758,0.05978657373663657,1.0
e61,e61,24610.0,e61_41,25.938927144262518,81,86.51728975955565,0.0357142857142857,0.025755119994836817,276.728704766359,13,,7,152.53679390004095,15,,2,279.4488623463453,13,0.0,0.0,0.9089483641030182,0.09128030390790831,1.0,0.0,0.0,0.9214706914925973,0.051468374159948295,0.9,0.0,0.0,0.9336943045533838,0.03980130097374747,0.9
e61,e61,24670.0,e61_41,6.188224805849598,90,91.56090746028784,0.0,0.017516581564877357,271.00480349179236,11,,5,121.56410667318706,26,,4,272.81862106535175,11,0.0,0.0,0.9138616761917744,0.05704189872004203,0.9333333333333333,0.0,0.0,0.9256676797639177,0.03069023624907667,0.7666666666666667,0.4797442767760677,0.5,0.9343026340746977,0.027271943328582387,0.7666666666666667
e61,e61,24730.0,e61_41,11.830542167515786,83,85.91151400444531,0.02352941176470591,0.030602038663536068,261.31031563007133,13,,9,130.59188301289697,13,,0,261.00766272276377,13,0.0,0.0,0.9137461729433602,0.08769596311807686,1.0,0.0,0.0,0.9277402671197353,0.04635451255335157,0.9833333333333333,0.0,0.0,0.9306530350329371,0.14392923652493383,1.0
e61,e61,24790.0,e61_41,5.81677375791897,85,85.78156296862106,0.0,0.014375618823485758,,2,,4,102.5393725193726,16,,2,,2,0.0,0.0,0.9008591870719906,0.044623036063061186,0.8166666666666667,0.9580445844580839,1.0,0.930094956927802,0.019971412151855533,0.48333333333333334,0.0,0.0,0.9308091369978398,0.0613722439704904,0.8
e61,e61,24850.0,e61_41,14.704586309136086,83,85.6389234618518,0.011904761904761862,0.022784983802099423,188.16239166480435,14,173.48164364513664,12,156.76996815929596,10,,0,187.02118349781418,14,0.0,0.0,0.8912145043495514,0.07385201120182519,1.0,0.2378365828257713,0.25,0.9225993971264387,0.02936003632366481,0.7833333333333333,0.0,0.0,0.9351559568471945,0.11118985415880997,1.0
e61,e61,24910.0,e61_41,6.957276238056489,80,83.40874874355426,0.012345679012345734,0.01757118303103873,,7,,7,117.57354343359013,34,,3,,7,0.0,0.0,0.8912639228827317,0.06411133217842205,0.9,0.0,0.0,0.9180681545795563,0.051930569270338046,0.7,0.48191175481310966,0.5,0.9348978268906418,0.02435218249773651,0.5833333333333334
e61,e61,24970.0,e61_41,6.56195531889472,81,83.97069422738578,0.02409638554216864,0.020809868719340072,223.75792315150971,14,170.97003708465752,13,87.25619475536098,32,,2,219.61504782407155,14,0.0,0.0,0.8984649428523713,0.060232591808379254,0.8666666666666667,0.0,0.0,0.9012923750770487,0.04326768191296055,0.85,0.48316100932464223,0.5,0.9437968405677541,0.022542527113594404,0.6
e61,e61,25030.0,e61_41,6.3894840284776295,80,88.01557875765494,0.03614457831325302,0.03431948438292011,207.02119937010403,12,222.80468371049415,10,140.73082061848152,42,,3,206.94751201034703,12,0.0,0.0,0.9080544673758089,0.04967528614920409,0.8666666666666667,0.0,0.0,0.9031507529370557,0.031527023183274015,0.8333333333333334,0.4821637399431471,0.5,0.940878914035831,0.026286395272008444,0.6333333333333333
e61,e61,25090.0,e61_41,5.8573242003715835,85,86.30622311001947,0.0,0.033475743654413775,145.07250464892937,12,,9,177.96877939608436,15,,0,134.98971154211057,10,0.0,0.0,0.9068814126445658,0.13620498016916452,1.0,0.0,0.0,0.8976326854583723,0.057626376489310266,0.8833333333333333,0.0,0.0,0.9254226697977906,0.28144677353473,1.0
e61,e61,25150.0,e61_41,24.205108287004652,83,88.07145530703178,0.03488372093023251,0.03075117562180844,158.44808067891935,16,258.81216447138917,14,157.56822403547756,10,,4,146.83847745580331,14,0.0,0.0,0.9036492254191959,0.03301923740090612,0.9,0.9301578791350309,1.0,0.8855917554635255,0.010537050173008423,0.3,0.0,0.0,0.9207109329379095,0.1146243327146288,1.0
e61,e61,25210.0,e61_42,27.852179726923065,80,84.9703099575114,0.03614457831325302,0.028369101569446484,,9,207.7827079880308,15,,3,,0,,8,0.0,0.0,0.8862143607773115,0.051656848723946505,1.0,0.934299692893974,1.0,0.8939865760865829,0.015563211001255246,0.36666666666666664,0.0,0.0,0.9137079473960551,0.1838822155944527,1.0
e61,e61,25270.0,e61_42,7.905142135434799,83,86.20466712083517,0.011904761904761862,0.033126117749282834,,8,,6,137.4792834772449,22,,0,,8,0.0,0.0,0.8844322540013574,0.07643801212744072,0.9833333333333333,0.23557618130372704,0.25,0.9038226505444052,0.029198390630146495,0.5666666666666667,0.0,0.0,0.9103695806503289,0.10181118943372361,0.9166666666666666
e61,e61,25330.0,e61_42,10.088306033758819,81,85.71575512719363,0.02409638554216864,0.040084059996814136,125.56836928376244,10,,7,88.30198871451027,17,,2,128.62520921049827,10,0.0,0.0,0.8924466168334086,0.12070034294233693,0.9666666666666667,0.0,0.0,0.9060801753909324,0.08837614184026166,0.9166666666666666,0.0,0.0,0.9132292972221792,0.04507187822290051,0.9
e61,e61,25390.0,e61_42,8.126859418064136,74,82.92383929076003,0.06329113924050633,0.03896722994621885,,7,,9,181.76578220151043,14,,0,,7,0.0,0.0,0.9095052724671016,0.1796455172259282,1.0,0.0,0.0,0.9170841454522246,0.12884988582891643,0.9833333333333333,0.0,0.0,0.9179568455477487,0.10414652643169287,0.9833333333333333
e61,e61,25450.0,e61_42,13.09723480277405,85,85.62731282923627,0.0,0.03341407803900133,,5,,9,195.19883055926474,12,,0,,5,0.0,0.0,0.9074571721817067,0.14921647645220204,1.0,0.0,0.0,0.9272699885444744,0.05952695217167612,0.9,0.0,0.0,0.9226855677769803,0.14714005251541915,0.9666666666666667
e61,e61,25510.0,e61_42,9.377404607796889,76,83.54684192933404,0.050000000000000044,0.033245965333501,,2,,9,,6,,0,,2,0.0,0.0,0.9060054936462427,0.11450489515148873,1.0,0.0,0.0,0.9203069010874759,0.044192514330121446,0.9333333333333333,0.0,0.0,0.9232676073466719,0.15401680929507172,1.0
e61,e61,25570.0,e61_42,9.344159174325137,79,82.21475590443211,0.012499999999999956,0.026856114889650225,102.38548767250904,17,74.54804890401047,20,202.44778937265528,13,,9,105.05950694725347,17,0.0,0.0,0.9212789285081312,0.06875265235984257,0.9166666666666666,0.46926971329008466,0.5,0.8817832930696156,0.023324306510968645,0.5833333333333334,0.0,0.0,0.9212062246378581,0.12583057166614098,1.0
e61,e61,25630.0,e61_42,7.472702627656503,85,85.57003907698181,0.0,0.027386506033094837,129.34610352278796,10,,7,176.6500520390998,16,,0,126.75435561221029,10,0.0,0.0,0.9186858088433966,0.0981978366630529,1.0,0.0,0.0,0.8724739569879509,0.05761908447673933,1.0,0.0,0.0,0.9189740965321022,0.0631313502837015,1.0
e61,e61,25690.0,e61_42,17.908442905457218,79,84.79079285058901,0.059523809523809534,0.016041072638475443,303.17018921469213,10,,8,318.43616178682146,12,,1,304.6856303361439,10,0.0,0.0,0.8822609946815387,0.0691576274722778,1.0,0.0,0.0,0.8741013871705596,0.0352734340240044,0.7833333333333333,0.0,0.0,0.8984797315452774,0.04794098009745767,1.0
e61,e61,25750.0,e61_42,4.990785237519978,85,86.71986448582024,0.0,0.018206117128655403,226.55025437125823,12,,7,254.39445726050798,20,,0,191.02792117035318,13,0.0,0.0,0.864755346498116,0.06964903790446111,0.9166666666666666,0.0,0.0,0.8831922076497465,0.03547814238812419,0.8666666666666667,0.0,0.0,0.8702050387073907,0.04916521100860334,0.9166666666666666
e61,e61,25810.0,e61_43,4.577541146814484,85,87.69250331416116,0.011627906976744207,0.020710347477370637,259.94749403057875,10,,4,,8,,1,255.64732651752013,10,0.0,0.0,0.8682824053739777,0.06276781383475735,1.0,0.0,0.0,0.9010888960122239,0.039107379525526564,0.95,0.4663437754443712,0.5,0.8829157750236241,0.027875225123368076,0.5833333333333334
e61,e61,25870.0,e61_43,5.1750752143298895,86,87.61042564069703,0.0,0.03588504386977279,,8,125.90007973835839,11,,8,,0,,8,0.0,0.0,0.891842156265114,0.04503946827716794,1.0,0.0,0.0,0.9064905477156531,0.03293197890409415,1.0,0.9363158459243948,1.0,0.8938597432073246,0.017521946729888518,0.3
e61,e61,25930.0,e61_43,40.69400107064789,86,90.25535496312092,0.0444444444444444,0.024510588993242557,,6,,6,,9,,0,,6,0.0,0.0,0.9008944695108634,0.0717243308476535,1.0,0.0,0.0,0.9130648130398171,0.049366754006823235,1.0,0.4715805465951538,0.5,0.909094876002084,0.02481549328362078,0.7666666666666667
e61,e61,25990.0,e61_43,5.672979642247713,84,89.3361652896195,0.023255813953488413,0.01849041150804831,,9,,6,,5,,2,335.1948023993743,10,0.0,0.0,0.9136842548316115,0.08174455670371884,0.8833333333333333,0.0,0.0,0.9010077566349489,0.05437948650472854,0.75,0.9551413778061858,1.0,0.9257430271903277,0.017317829511923573,0.4166666666666667
e61,e61,26050.0,e61_43,28.026931785288514,92,91.87460953289741,0.0,0.00840105578394776,,8,,3,153.9104359977834,10,,2,,8,0.2366419527675739,0.25,0.9127108822933429,0.03031964814300194,0.9166666666666666,0.4676396225182434,0.5,0.893103357014562,0.02292426679238748,0.6,0.9580319891945859,1.0,0.9300533153243098,0.013394928475250997,0.21666666666666667
e61,e61,26110.0,e61_43,55.82391949533284,89,91.83917124333215,0.011111111111111072,0.018115693087129636,286.393221766784,13,,4,211.0651166248993,18,,3,281.60255680657446,13,0.0,0.0,0.9089721761662382,0.03907904996127885,0.9,0.23343739159755855,0.25,0.8911607931070606,0.02989681628648695,0.8833333333333333,0.9639245144904707,1.0,0.9413546937661074,0.014731585466664872,0.18333333333333332
e61,e61,26170.0,e61_43,3.1691396022036726,88,89.91956694745102,0.0,0.007848031612881664,,6,,6,,9,,3,,6,0.0,0.0,0.9079974362269807,0.035509221043762015,0.8833333333333333,0.4674553502171446,0.5,0.8921608614134089,0.02779003555181339,0.75,0.9699256272109016,1.0,0.9498970160126303,0.014052195174434935,0.15
e61,e61,26230.0,e61_43,3.1458123395990674,89,91.07260763659474,0.011111111111111072,0.00953446065328506,,5,,9,,8,,4,,5,0.47240700719057854,0.5,0.9080233573019284,0.02908135210296783,0.7166666666666667,0.469190162406252,0.5,0.896308323797104,0.022826120080160224,0.55,0.9753257270362732,1.0,0.958876211727122,0.013539650686931156,0.2
e61,e61,26290.0,e61_43,2.8541846516279694,91,97.43533947270798,0.021505376344086002,0.007168457252642239,325.2186097031076,10,,8,,9,,3,,9,0.47379273013322676,0.5,0.9091437693844207,0.024536274845181116,0.75,0.9519869200584747,1.0,0.9228501183673758,0.019053734020675145,0.4166666666666667,0.9757181493838599,1.0,0.9595302489730999,0.01179257477688876,0.08333333333333333
e61,e61,26350.0,e61_43,6.756693887079776,93,93.7211514579752,0.0,0.011373338147660639,,9,,2,,6,,5,209.7352828898583,10,0.4754999850276026,0.5,0.9184316029564975,0.023465568189342943,0.6333333333333333,0.954677135620933,1.0,0.9245535874985695,0.01894036450584903,0.45,0.9745942869249365,1.0,0.9576571448748943,0.011548847747329477,0.06666666666666667
e61,e61,26410.0,e61_44,4.098121202948647,88,88.70399034913476,0.0,0.006666984448682097,,5,100.5678100634387,18,,8,49.99050474076164,19,,6,0.47622968342160926,0.5,0.9238957777245504,0.025311107193214548,0.5666666666666667,0.7126354706760745,0.75,0.9179756862752984,0.019476059113792278,0.5,0.9745350732597982,1.0,0.9584359755571674,0.015850741745080985,0.21666666666666667
e61,e61,26470.0,e61_44,8.83965132538641,78,86.74111463773822,0.04878048780487809,0.007678152207775602,,9,,9,,6,,8,,8,0.4774502415862247,0.5,0.9255819503863172,0.025433052984587687,0.65,0.9457325263728119,1.0,0.9109181791908986,0.019746645100988343,0.45,0.9741109340450744,1.0,0.9568515567417907,0.014942214025851044,0.08333333333333333
e61,e61,26530.0,e61_44,47.66046577927586,87,89.89114182702157,0.022471910112359605,0.006879088738074574,,6,,6,124.95116233452973,11,,2,,7,0.0,0.0,0.9229848663725028,0.030770040750662482,0.8833333333333333,0.4720193829478987,0.5,0.906919693704147,0.023725010466090574,0.6833333333333333,0.9741649747415332,1.0,0.956941624569222,0.015004338444390065,0.0
e61,e61,26590.0,e61_44,4.006766854122652,83,88.56036274285955,0.02352941176470591,0.007870356880710394,,9,,8,,8,,5,,8,0.0,0.0,0.9229699166605945,0.04454977818944971,0.8166666666666667,0.0,0.0,0.906268464968512,0.03439011265702002,0.8,0.9744581730234022,1.0,0.9576682261508951,0.015230785115164066,0.3333333333333333
e61,e61,26650.0,e61_44,8.97364364853162,81,88.05568641601964,0.0357142857142857,0.02077204630587946,,7,,9,248.87441926099999,11,,2,,7,0.0,0.0,0.9216520950179946,0.056962389847254324,0.9833333333333333,0.0,0.0,0.8970711505599285,0.0423464855483196,0.9666666666666667,0.48621564849478266,0.5,0.954492985862677,0.021629572450119677,0.6666666666666666
e61,e61,26710.0,e61_44,6.558987797072623,87,87.93424863082194,0.0,0.027618611004023946,,7,,5,,7,,1,,7,0.0,0.0,0.9113607833024272,0.06871557994449401,0.95,0.0,0.0,0.8906996622938536,0.05397890467120843,0.95,0.48309034594952677,0.5,0.9436344864984225,0.0251705754242521,0.7
e61,e61,26770.0,e61_44,13.650262119096746,89,88.95122063322852,0.0,0.03005914536502486,143.97387980083002,14,,6,,4,,1,147.10017518161405,14,0.0,0.0,0.8942725890680453,0.13357642625909383,0.9666666666666667,0.0,0.0,0.8883864624044863,0.07689072131573549,0.95,0.0,0.0,0.9420355176439825,0.06824710405789958,0.9166666666666666
e61,e61,26830.0,e61_44,4.76105978701408,92,95.39731790416896,0.0,0.02506284550053677,,9,112.40230132764187,13,,4,,2,,9,0.0,0.0,0.880682068334487,0.04259739530499244,0.9666666666666667,0.0,0.0,0.8902606087973021,0.042260212293649804,0.7833333333333333,0.7228303269327089,0.75,0.9392340168958212,0.022977653161068673,0.5
e61,e61,26890.0,e61_44,3.3465242248130624,97,100.15122835463863,0.010204081632653073,0.015187888897540752,,6,,7,,7,,5,,6,0.4628317922521148,0.5,0.876105974173716,0.025928963362197525,0.65,0.0,0.0,0.8970503258511867,0.032574186428906096,0.7,0.9637925830475719,1.0,0.9396543050792864,0.010962160801491837,0.23333333333333334
e61,e61,26950.0,e61_44,43.6368797109152,94,97.65164079180714,0.030927835051546393,0.026005001802981324,125.38596012869955,13,75.26733840194986,12,,3,,7,125.39936203984452,13,0.0,0.0,0.8780093584149781,0.09432701732824708,0.8,0.0,0.0,0.8854056992828186,0.07396071215138558,0.8,0.0,0.0,0.9414103966786171,0.03413794748500659,0.65
e61,e61,27010.0,e61_45,4.012297305464447,93,97.84209264667169,0.03125,0.02070180594435745,,7,,5,,8,,1,,6,0.0,0.0,0.8893445523294332,0.07634487196429317,0.9333333333333333,0.0,0.0,0.8801083205166403,0.051575260642097484,0.8666666666666667,0.0,0.0,0.9372135167179285,0.038789937368853,0.8166666666666667
e61,e61,27070.0,e61_45,3.663012018299822,91,94.84606483698929,0.010869565217391353,0.02568559817142042,121.38322255876221,11,,7,,9,,2,117.94066304714417,11,0.0,0.0,0.8950899755199075,0.0930110096714934,0.9833333333333333,0.0,0.0,0.8670282630242974,0.03966324153561888,0.7333333333333333,0.0,0.0,0.9338628726053254,0.07535497064582698,0.95
e61,e61,27130.0,e61_45,5.201252102793365,93,99.23768915087479,0.021052631578947323,0.02992846732766977,137.77493819178434,12,,6,206.71274277501178,12,,4,136.38181696985856,12,0.0,0.0,0.9144398117770458,0.08411433076061711,0.9,0.0,0.0,0.867377615302683,0.04308156980792979,0.8,0.0,0.0,0.9310143591502406,0.050334655969529435,0.85
e61,e61,27190.0,e61_45,17.553865950459006,101,104.21479363700816,0.0,0.03724974371611441,,7,,5,,5,,2,,7,0.0,0.0,0.9148461266163299,0.09734842301720595,0.7833333333333333,0.0,0.0,0.872972966468017,0.07764105918279748,0.75,0.0,0.0,0.931898411826683,0.041016199841483955,0.5833333333333334
e61,e61,27250.0,e61_45,39.522624131629996,97,99.23375005951878,0.010204081632653073,0.028096276801991598,,5,,8,,7,,0,,5,0.0,0.0,0.9206325843353874,0.06174857967205583,0.9833333333333333,0.23621245265115381,0.25,0.9133432909374083,0.027559617699873577,0.7333333333333333,0.0,0.0,0.9305529939923756,0.08569510808712871,0.9833333333333333
e61,e61,27310.0,e61_45,26.57393255491011,87,93.2513964395153,0.04395604395604391,0.01994015780452215,39.35899381774435,22,40.568083412222855,29,229.3145829453262,10,34.754188501834605,20,38.047589248453676,22,0.0,0.0,0.9312423959088941,0.03448900135278583,0.6,0.9442900764170542,1.0,0.9204361831402763,0.016662515088582762,0.48333333333333334,0.0,0.0,0.9297661803890835,0.034822965038847395,0.6833333333333333
e61,e61,27370.0,e61_45,2.971445766526963,91,93.71880920899076,0.010869565217391353,0.014073699036357253,,4,,5,,6,,3,,4,0.0,0.0,0.931336002091636,0.08585484245931066,0.9666666666666667,0.0,0.0,0.9200208141606538,0.042740552513259825,0.85,0.0,0.0,0.9281043375931819,0.080794824863438,1.0
e61,e61,27430.0,e61_45,2.8896512403326646,84,94.13809902212988,0.0561797752808989,0.01113733630813842,176.71194587918004,17,104.57885570490278,17,153.7260640551444,12,200.9238567352248,15,173.18703762117994,17,0.7183724241106655,0.75,0.93331461126973,0.021624084036089772,0.5,0.9569956893233743,1.0,0.9306428715122244,0.009100203730964028,0.3333333333333333,0.0,0.0,0.9307706550762956,0.037518686354647224,0.9166666666666666
e61,e61,27490.0,e61_45,3.1408799076547753,91,93.34772962737784,0.010869565217391353,0.010245471724270275,112.73596380950355,14,128.2211044778617,12,239.50547874518097,13,,9,142.74102423620198,13,0.4783440570191647,0.5,0.9352813890746845,0.02580855893977516,0.6166666666666667,0.9649116863948225,1.0,0.9460490727056499,0.011705638330175119,0.36666666666666664,0.0,0.0,0.9316579225399007,0.0404624414681908,0.9333333333333333
e61,e61,27550.0,e61_45,21.163787123444756,93,94.3061113500205,0.0,0.016661362937042085,101.05039159065639,11,,9,,9,,6,104.4030650891055,10,0.0,0.0,0.9435077634382334,0.0909912687053543,0.8166666666666667,0.0,0.0,0.9455300343987878,0.04246679816829718,0.6833333333333333,0.0,0.0,0.9357305735113447,0.10843097201336704,0.95
e61,e61,27610.0,e61_46,2.6850716211264722,92,95.10411919696135,0.010752688172043001,0.017321490606753878,,8,,6,,9,,0,,8,0.0,0.0,0.9362268292938414,0.15468105665636708,0.9833333333333333,0.0,0.0,0.9418068535288155,0.07738298535917865,0.95,0.0,0.0,0.9385247010210029,0.12251619479922149,0.9833333333333333
e61,e61,27670.0,e61_46,3.6311962280826515,92,94.75447142402462,0.010752688172043001,0.018590859818118723,,8,,5,296.6038684146293,12,,0,196.86174197782935,12,0.0,0.0,0.9216677553509551,0.08522753366198133,1.0,0.0,0.0,0.9377812096586732,0.053048653809764576,0.9833333333333333,0.0,0.0,0.9364831687092131,0.041892180914544074,0.9333333333333333
e61,e61,27730.0,e61_46,13.871219313511673,90,94.11949253904963,0.021739130434782594,0.014784977538470643,,8,,8,164.20711219202548,10,,0,,6,0.0,0.0,0.9180787977433611,0.05766580889246076,1.0,0.0,0.0,0.93118251121003,0.03780301500882233,1.0,0.0,0.0,0.9323818813171776,0.032513136097242185,0.9
e61,e61,27790.0,e61_46,43.01673991652913,89,97.4787130861819,0.06315789473684208,0.049176870278567986,,3,,2,,5,,0,,5,0.0,0.0,0.9183462028593882,0.13802673027664958,0.9166666666666666,0.0,0.0,0.931212586261476,0.07868233051780774,0.9166666666666666,0.0,0.0,0.9318645084161018,0.07357057396311478,0.9166666666666666
e61,e61,27850.0,e61_46,3.10032221925356,105,107.66097558747033,0.02777777777777779,0.05787408485610283,,6,,5,,7,,2,,4,0.0,0.0,0.9172313710807853,0.10927611741811125,0.9833333333333333,0.0,0.0,0.9273085430127548,0.054773940105433835,0.9,0.0,0.0,0.9301018862232512,0.0766616574432489,0.9833333333333333
e61,e61,27910.0,e61_46,38.69971415072883,96,101.2247349387766,0.040000000000000036,0.02799977930505035,,3,,3,208.5513182498495,11,,1,244.54038521274967,12,0.0,0.0,0.913145684759285,0.057374229457818046,0.95,0.47674724169708116,0.5,0.9224908056569372,0.028352430979123617,0.7833333333333333,0.0,0.0,0.9272214121158814,0.055985822253477924,0.9333333333333333
e61,e61,27970.0,e61_46,25.085515890871516,94,98.68356129240702,0.030927835051546393,0.049748693826351956,,3,,5,228.23046730302497,15,,0,,7,0.0,0.0,0.9117908535475049,0.1262350522338175,1.0,0.0,0.0,0.9179727986026558,0.06475798031744404,1.0,0.0,0.0,0.9227048227883757,0.10287253778901509,1.0
e61,e61,28030.0,e61_46,13.003412301378708,98,100.22617707286568,0.010101010101010055,0.049365282283362,,9,,4,196.51970668914478,13,,0,230.9678632324286,14,0.0,0.0,0.9110607486644816,0.15890269294469672,1.0,0.0,0.0,0.9176115535135209,0.07895375475633579,1.0,0.0,0.0,0.9240821098855755,0.12859407050955524,1.0
e61,e61,28090.0,e61_46,23.81263728351463,93,98.18055075999362,0.03125,0.09733233744653177,,7,,5,240.17702708685064,10,,0,215.05813167606567,11,0.0,0.0,0.9022231523523085,0.17670323121187065,1.0,0.0,0.0,0.9160799190179757,0.09285569019382452,0.9666666666666667,0.0,0.0,0.9207835722728142,0.12846054006492333,1.0
e61,e61,28150.0,e61_46,28.15019902213164,97,98.6175463624006,0.010204081632653073,0.06550423494890087,249.86679690023206,12,,5,231.96881849163228,14,,0,245.10768608466316,10,0.0,0.0,0.8851916380755578,0.13680318609905784,1.0,0.0,0.0,0.9161812483422354,0.10164240967796426,1.0,0.0,0.0,0.9177951261021233,0.08103935808689935,1.0
e61,e61,28210.0,e61_47,5.558043248086338,94,95.50429450984632,0.0,0.04218681059881702,210.31335723908046,14,124.95116233452973,11,168.15446260939535,12,,0,212.89217205683474,14,0.0,0.0,0.8817861538288864,0.16198619730903463,1.0,0.0,0.0,0.9191200166222789,0.12856497747955806,1.0,0.0,0.0,0.9189802247444168,0.09245207490200577,1.0
e61,e61,28270.0,e61_47,24.24445735774226,91,96.05840350897633,0.010869565217391353,0.052737556519141214,,8,139.46278998954045,10,,8,,0,,8,0.0,0.0,0.8829961500433632,0.23550995963681226,1.0,0.0,0.0,0.9231925319671865,0.1873636932482433,1.0,0.0,0.0,0.9071662807953655,0.10983914677922427,0.9833333333333333
e61,e61,28330.0,e61_47,6.7250449503237295,85,90.80411584791013,0.02298850574712641,0.03431242553255945,218.39318617429691,10,,9,112.40230132764187,21,,0,222.61077142752,10,0.0,0.0,0.8965832553447523,0.11882811377619643,1.0,0.0,0.0,0.9252634928765991,0.197405128404625,1.0,0.4706279437008977,0.5,0.8776597889015358,0.022213941314166492,0.5833333333333334
e61,e61,28390.0,e61_47,17.469638798583524,93,94.37004065746785,0.0,0.016682394761668388,,9,148.9412802804881,12,94.62234366508302,27,,2,361.4553914385564,11,0.0,0.0,0.8998319196626421,0.10703997122563558,0.9833333333333333,0.0,0.0,0.9155858838531676,0.1986476809819404,1.0,0.9181950789225335,1.0,0.8812907109332515,0.01548482591200221,0.15
e61,e61,28450.0,e61_47,18.967844906549235,89,91.56251430681252,0.011111111111111072,0.02412760743882594,266.56014686940443,14,,6,121.84745281626736,25,,1,264.51697633465943,14,0.0,0.0,0.8896459941169481,0.08471061543258136,0.9833333333333333,0.0,0.0,0.9130736469622937,0.204682513850045,1.0,0.9503744556189573,1.0,0.9331633337154465,0.012494224069875604,0.18333333333333332
e61,e61,28510.0,e61_47,11.380541233883923,87,91.71591301679291,0.04395604395604391,0.023277322706376388,,9,129.720440093784,11,140.26284384890866,16,,0,252.27850571232668,10,0.0,0.0,0.8863374036703036,0.10904122314322652,1.0,0.0,0.0,0.9137228465686946,0.183974957937731,1.0,0.9631014681888,1.0,0.9388556949280986,0.018562417916956238,0.23333333333333334
e61,e61,28570.0,e61_47,9.100803365965078,90,92.81970005327106,0.021739130434782594,0.01925470234628249,263.79087697562284,12,136.58847960357662,10,99.2064460875023,29,,0,265.141471671257,12,0.0,0.0,0.9037977068074151,0.06869873637623915,1.0,0.0,0.0,0.9126470712640632,0.1197120171482797,1.0,0.960170160873889,1.0,0.9344055625452568,0.012442105395549899,0.16666666666666666
e61,e61,28630.0,e61_47,15.383440020921533,89,91.5776074436231,0.011111111111111072,0.012860655006105271,,8,,5,134.4869930591183,13,,0,,8,0.0,0.0,0.9110070515280975,0.09592964484191119,1.0,0.0,0.0,0.9135358820020011,0.17446063441770088,1.0,0.9580285878570293,1.0,0.9301998661430873,0.018138601074708174,0.43333333333333335
e61,e61,28690.0,e61_47,17.861583948136467,89,93.41327433791483,0.043010752688172005,0.008642764580569954,139.1950834884663,10,,6,86.17391722799113,40,,1,,9,0.0,0.0,0.9153559042758429,0.03509828934147619,0.9166666666666666,0.0,0.0,0.9174246068588052,0.06127658933993514,0.9833333333333333,0.9613006146861351,1.0,0.9359377424379886,0.009659389167679725,0.08333333333333333
e61,e61,28750.0,e61_47,22.225622266415048,88,94.11188962566759,0.053763440860215006,0.023877363331779408,118.39654085072193,13,189.7488831900599,11,88.0059094064741,39,,1,120.89940722214756,13,0.0,0.0,0.9009043869174868,0.050907986413222264,0.8833333333333333,0.0,0.0,0.9193484567698338,0.0642651293143453,0.9666666666666667,0.9704313859732012,1.0,0.9507189766220021,0.01227680423444362,0.0
e61,e61,28810.0,e61_48,72.89141053521476,90,92.02446930661525,0.0,0.0380568362893425,316.37249048293535,11,,7,118.66960496287773,23,,0,272.3151768733347,10,0.0,0.0,0.8970823526147236,0.09655259208021771,0.9666666666666667,0.0,0.0,0.9159149426427631,0.12607156870936473,1.0,0.72712501152956,0.75,0.954158832086291,0.020032965148518274,0.5
e61,e61,28870.0,e61_48,34.50322763761194,88,89.65641420686323,0.011235955056179803,0.03446023601982746,,8,,8,132.66729678603224,20,,0,,7,0.0,0.0,0.8978382486287847,0.11182102460329443,1.0,0.0,0.0,0.9147390973971615,0.14771806422295886,1.0,0.48217331315872997,0.5,0.9405777105290999,0.022586783134622895,0.85
e61,e61,28930.0,e61_48,9.04408463519219,85,90.55441943322215,0.05555555555555558,0.08720063936237518,200.18476398603082,15,,8,,9,,1,198.92568605242656,15,0.0,0.0,0.8976149069109242,0.06705073055512475,1.0,0.0,0.0,0.9182974655753096,0.056062810203439714,1.0,0.0,0.0,0.937429347690265,0.0320134284964769,0.8666666666666667
e61,e61,28990.0,e61_48,19.278555094839117,91,92.9674753286867,0.0,0.04553853353295372,239.72353646369206,12,255.48719883266384,10,176.18106537065466,10,,1,243.90758309431277,12,0.0,0.0,0.916892319226839,0.11688302657777241,0.9666666666666667,0.0,0.0,0.9180210351279581,0.09407110010754591,0.95,0.0,0.0,0.9327089033566768,0.04894003396070189,0.9166666666666666
e61,e61,29050.0,e61_48,7.479142689501353,86,90.12283742727742,0.022727272727272707,0.048235160092657416,179.10912351133877,11,,8,90.46434214938411,13,,1,183.3030277982336,11,0.0,0.0,0.9171150404749242,0.06888686842166505,0.95,0.0,0.0,0.9111121643168273,0.057844966143619794,0.95,0.47746111337123054,0.5,0.927096811589482,0.029001808934378655,0.8333333333333334
e61,e61,29110.0,e61_48,5.861406107683555,90,92.23830072458118,0.0,0.0323687346851172,,8,,7,113.51000609803084,11,,1,,8,0.0,0.0,0.9098648459744525,0.06473055101865269,1.0,0.0,0.0,0.9054430771027416,0.060036250653482184,0.9,0.4772644768522176,0.5,0.9278569274338413,0.025178283448219853,0.8166666666666667
e61,e61,29170.0,e61_48,4.820290773346216,88,91.52501264181528,0.011235955056179803,0.05073058688448898,206.51879055111291,10,140.73346511446735,11,201.22073365795623,14,,2,206.3438338738955,10,0.0,0.0,0.9074042249378135,0.06471109168036449,0.9666666666666667,0.0,0.0,0.8930853793374016,0.04500759567633028,0.7666666666666667,0.0,0.0,0.9233994482712831,0.031545017179547455,0.85
e61,e61,29230.0,e61_48,21.169110163678777,92,94.21429984651606,0.010752688172043001,0.026121544896161475,238.724521826788,15,,5,64.2880393924762,15,,0,187.69861275664567,14,0.0,0.0,0.9074042249378135,0.07374255064322705,0.9833333333333333,0.0,0.0,0.8931193933404563,0.06720428382895857,0.9833333333333333,0.4758728673690603,0.5,0.9204214584402206,0.024670079990763524,0.6333333333333333
e61,e61,29290.0,e61_48,4.0365547346132775,95,96.56673083008073,0.0,0.030859804999589676,,6,,9,63.90828745733347,13,,0,,6,0.0,0.0,0.9045061582216354,0.107969301892453,0.9166666666666666,0.0,0.0,0.8875983155304031,0.09773987478250146,0.9166666666666666,0.0,0.0,0.9249040218673543,0.03238580960334528,0.7166666666666667
e61,e61,29350.0,e61_48,68.92861175444033,95,99.34630133721014,0.020618556701030966,0.04176966273658803,,5,217.88021524324884,10,,8,,0,,5,0.0,0.0,0.9059729078739317,0.09867919064781072,1.0,0.0,0.0,0.8765219542490416,0.09151894721756366,1.0,0.0,0.0,0.9274833908833011,0.03649194204538489,0.9833333333333333
e61,e61,29410.0,e61_49,6.0311942828651635,96,96.69325193909349,0.0,0.030706352297158557,205.79508437635778,10,218.10131817308965,15,113.98994077207963,19,,3,204.26018266471374,10,0.0,0.0,0.9027852513003539,0.07344817829218761,0.9333333333333333,0.0,0.0,0.8823765600781148,0.0581680508735614,0.9333333333333333,0.0,0.0,0.9302105153437931,0.03245188776960119,0.8666666666666667
e61,e61,29470.0,e61_49,4.437143026649205,89,92.08866296456637,0.02197802197802201,0.031175344378399642,,9,215.59291729920847,16,155.127359012537,12,,0,,9,0.0,0.0,0.8978774294131026,0.08442140670643994,1.0,0.0,0.0,0.8801849973641462,0.05789454621363684,1.0,0.0,0.0,0.9296388759091212,0.03805055628260848,1.0
e61,e61,29530.0,e61_49,5.600835329606536,87,91.63746995065414,0.022471910112359605,0.03435273297046359,,9,155.91761521513533,11,,9,,0,187.438878926794,10,0.0,0.0,0.8987913557253336,0.08509074558240033,1.0,0.0,0.0,0.8779634229815474,0.06309502241032736,0.9666666666666667,0.0,0.0,0.9173463542215833,0.03602383333927465,0.95
e61,e61,29590.0,e61_49,4.064128442372434,91,92.12910358400197,0.0,0.022854571268091817,,9,198.84587988908305,12,143.72546590152737,10,,0,,9,0.0,0.0,0.9003773536681507,0.090917658947155,1.0,0.0,0.0,0.8819579776903512,0.06040895532621854,1.0,0.0,0.0,0.9171813102165634,0.044089295983877924,1.0
e61,e61,29650.0,e61_49,5.915092152496189,88,92.10923233877189,0.022222222222222254,0.02916428579579548,225.40713550398334,10,257.00631527989736,11,189.37592391826325,13,,0,224.27661492005805,10,0.0,0.0,0.9005364299433414,0.08206153462953097,1.0,0.0,0.0,0.9048363889704477,0.054700520845145234,1.0,0.0,0.0,0.910721840283675,0.04407264281620701,1.0
e61,e61,29710.0,e61_49,3.6537519434943295,86,90.98546355607023,0.022727272727272707,0.018819203101069375,,4,165.70769031180242,10,,9,,0,,4,0.0,0.0,0.9128802537225881,0.06043684774467996,1.0,0.0,0.0,0.9199951486345925,0.03866375266587686,1.0,0.0,0.0,0.9086102751314937,0.03655009363230735,0.9833333333333333
e61,e61,29770.0,e61_49,4.478595845220522,83,90.29780215113266,0.05681818181818177,0.0186176522667573,204.74116662874616,11,,4,185.61134495994827,12,,0,200.32473636573192,11,0.0,0.0,0.9150948831396464,0.09371761049312205,1.0,0.0,0.0,0.9213361325336705,0.06401679915387937,0.9833333333333333,0.0,0.0,0.9149452728120143,0.04257261633130657,1.0
e61,e61,29830.0,e61_49,23.19501657442601,86,89.19658406809468,0.022727272727272707,0.017666818947420546,,9,,8,115.60054862372091,20,,2,,9,0.0,0.0,0.9204473310927062,0.04528648418539433,0.9166666666666666,0.0,0.0,0.9231837794906432,0.03244252946105705,0.8,0.47459510839486047,0.5,0.9153827670980846,0.026264040708600188,0.6166666666666667
e61,e61,29890.0,e61_49,4.776894513908955,88,89.59991398415777,0.0,0.02266780154078995,,9,136.75222804400664,11,,7,,2,,9,0.0,0.0,0.9198449034124974,0.06786184210097679,0.9666666666666667,0.0,0.0,0.9203575584052999,0.043168758377639393,0.9166666666666666,0.0,0.0,0.909332226281294,0.038400540706415555,0.8833333333333333
e61,e61,29950.0,e61_49,4.1167437780886775,89,91.30710688854442,0.011111111111111072,0.03173800864400623,131.15839293945905,14,221.37754649490824,20,107.11960313126632,17,,6,132.89672103381054,14,0.0,0.0,0.907313936165741,0.08989277223986691,0.9166666666666666,0.0,0.0,0.921613133127257,0.05854632571371193,0.9166666666666666,0.0,0.0,0.918511167786105,0.04243358173626062,0.8833333333333333
e61,e61,30010.0,e61_50,5.298693181345823,86,91.56013898816482,0.0337078651685393,0.025854486393963014,,8,215.27655269588698,11,177.52729056426588,15,,0,,8,0.0,0.0,0.8967904756910332,0.06701159512895563,0.9666666666666667,0.0,0.0,0.9211903648992678,0.048331225738842215,0.9333333333333333,0.0,0.0,0.9275331979298174,0.0398292053443452,0.8166666666666667
e61,e61,30070.0,e61_50,26.78701048408646,82,88.56356539223795,0.046511627906976716,0.023086058195016888,88.38834764831844,10,196.90201416136802,15,105.34208250126407,17,,3,87.11422896914654,10,0.0,0.0,0.8937872323517484,0.08481475537258223,1.0,0.0,0.0,0.9161537817299653,0.056208303466625836,0.8666666666666667,0.0,0.0,0.9256800828895089,0.045876995011035294,0.8666666666666667
e61,e61,30130.0,e61_50,28.32856934476339,90,92.08767360449288,0.01098901098901095,0.03396429494357597,,2,206.94077675805528,12,,7,,0,,2,0.0,0.0,0.8881391150129874,0.08666405973524267,1.0,0.0,0.0,0.9159316269159855,0.05814570771259076,0.9666666666666667,0.0,0.0,0.9296479318561008,0.05469100907481981,0.9666666666666667
e61,e61,30190.0,e61_50,20.380891232635065,87,90.6716959235198,0.022471910112359605,0.039747217218039595,,2,172.9174510524378,10,,2,,0,,2,0.0,0.0,0.8882322087128078,0.107093607481032,0.9833333333333333,0.0,0.0,0.9126405538658044,0.05515317342900003,0.8666666666666667,0.0,0.0,0.9302656471113413,0.0843445281294617,1.0
e61,e61,30250.0,e61_50,11.397322273560933,85,89.55985807737328,0.011627906976744207,0.047780030499384556,,4,,6,,5,,1,,4,0.0,0.0,0.8882322087128078,0.10083923924458657,0.95,0.0,0.0,0.9124602003893227,0.050147424632419293,0.8833333333333333,0.0,0.0,0.9278244773541606,0.11466180385271392,0.9666666666666667
e61,e61,30310.0,e61_50,8.704620312187778,87,90.94078239408661,0.022471910112359605,0.04683734755281308,,7,,8,128.02863076335265,19,,6,,7,0.0,0.0,0.8993616057128623,0.038666010327689904,0.7666666666666667,0.9466672084922184,1.0,0.9111120141536974,0.017650350324812884,0.43333333333333335,0.0,0.0,0.9260475771998451,0.08612985630645276,0.9166666666666666
e61,e61,30370.0,e61_50,50.62827452461049,87,91.75728973423232,0.033333333333333326,0.04456549925328462,,6,,9,133.94019666807324,15,,4,,7,0.0,0.0,0.9194776303305481,0.04044100969966215,0.8666666666666667,0.9410614971312855,1.0,0.9043674276331409,0.018681361724417957,0.4166666666666667,0.0,0.0,0.9269548368458757,0.05211879768823504,0.95
e61,e61,30430.0,e61_50,24.265533526197462,90,91.20031008088056,0.01098901098901095,0.045978348561652324,,9,102.78213995763483,13,136.00632836072984,16,,6,,9,0.0,0.0,0.9237599106508931,0.0378822222362936,0.6833333333333333,0.9401693946252886,1.0,0.90161900872402,0.016785648107014755,0.4666666666666667,0.0,0.0,0.925692555125418,0.06955985653631142,0.9
e61,e61,30490.0,e61_50,15.739767171535725,83,86.04025536729144,0.011904761904761862,0.028741573784230527,,5,,6,,8,,0,,5,0.0,0.0,0.9267999769468419,0.12386617307737821,1.0,0.0,0.0,0.8964070894486176,0.05868910899891072,0.9,0.0,0.0,0.92556169157044,0.2080044197679662,1.0
e61,e61,30550.0,e61_50,31.202584782934302,87,89.96068717997547,0.011363636363636354,0.027626826331945346,,3,,6,,8,,1,,3,0.0,0.0,0.9229033764743769,0.06920197933365402,0.9666666666666667,0.4692725433939655,0.5,0.8975751446465516,0.026974675488765837,0.65,0.0,0.0,0.9250743269945619,0.0952138118028619,1.0
e61,e61,30610.0,e61_51,21.35491876920686,88,88.79732897655141,0.0,0.025532005199682774,,4,,6,,6,,5,,4,0.0,0.0,0.9226497404119145,0.05532134405919033,0.9,0.4689726595149426,0.5,0.8957404202966394,0.021226372087729088,0.5333333333333333,0.0,0.0,0.9250351636502911,0.07703574598044305,1.0
e61,e61,30670.0,e61_51,36.12423652937759,88,91.72860258315076,0.011235955056179803,0.02116034480148978,,2,,1,,6,,2,,2,0.0,0.0,0.9241663158495715,0.07348479340642006,1.0,0.0,0.0,0.8954123825642977,0.036395442786428034,0.7833333333333333,0.0,0.0,0.9267083551105368,0.14433920082033827,1.0
e61,e61,30730.0,e61_51,35.55859820176332,80,88.89652740512481,0.101123595505618,0.05240120726227739,,2,,4,,5,,2,,2,0.0,0.0,0.920025996575442,0.181124770405025,0.9833333333333333,0.0,0.0,0.8971279030226762,0.10709101997550333,0.8833333333333333,0.0,0.0,0.9239974627873522,0.20512672961588688,1.0
e61,e61,30790.0,e61_51,55.73435603624029,68,93.37671200395877,0.25274725274725274,0.1054947248510815,,6,,6,,6,,0,,6,0.0,0.0,0.9198717538743435,0.15538150603214873,1.0,0.0,0.0,0.9055008292130697,0.07882972775686597,0.8666666666666667,0.0,0.0,0.9187116747056792,0.1409326575104576,1.0
e61,e61,30850.0,e61_51,7.717699262193693,84,88.06654308003023,0.045454545454545414,0.026891794827156614,,6,,4,,3,,0,,6,0.0,0.0,0.9209183683582265,0.18957997333896004,1.0,0.0,0.0,0.916181416181439,0.17349468491153291,1.0,0.0,0.0,0.9129279442016371,0.11815639219399907,1.0
e61,e61,30910.0,e61_51,35.95605167751259,83,86.8790860320747,0.02352941176470591,0.03135463064790204,,5,,2,,5,,2,,5,0.0,0.0,0.9222647727659564,0.18832024061021507,0.9166666666666666,0.0,0.0,0.9151247050511504,0.12280703626383177,0.9166666666666666,0.0,0.0,0.912143917731059,0.2395211681505155,0.9166666666666666
e61,e61,30970.0,e61_51,8.158348548868663,86,88.9160906262032,0.022727272727272707,0.028332577969516347,,3,,4,,3,,0,,3,0.0,0.0,0.9226995685757385,0.12765528054540304,1.0,0.0,0.0,0.9151247050511504,0.09137573222186256,0.9333333333333333,0.0,0.0,0.9084827446585126,0.15704166315983403,1.0
e61,e61,31030.0,e61_51,50.319478550331944,84,85.41052926775788,0.0117647058823529,0.021706684596261017,191.3982778952047,11,77.03228884244292,10,,8,97.15067995890338,12,152.53414918196734,10,0.0,0.0,0.9184938834555183,0.03232531894936007,0.5833333333333334,0.9502048509882153,1.0,0.9184579601338099,0.017611143736133268,0.43333333333333335,0.0,0.0,0.9064741884358261,0.07256477706127396,0.75
e61,e61,31090.0,e61_51,7.778843576115576,85,86.13313886409956,0.0,0.018310219164816306,,5,140.53454845658356,13,,6,,0,,5,0.0,0.0,0.9184938834555183,0.2537969915764311,0.9666666666666667,0.0,0.0,0.9155996117183586,0.264371371913377,0.95,0.0,0.0,0.9050778977408087,0.13726578125484026,0.9666666666666667
e61,e61,31150.0,e61_51,20.350204347092554,86,88.83867858373787,0.011494252873563204,0.02479670423406702,,5,,8,,7,,0,,5,0.0,0.0,0.9176273690739684,0.09864686407523164,0.9833333333333333,0.0,0.0,0.911407462924019,0.08708605402070282,0.9833333333333333,0.0,0.0,0.9131762435363965,0.09543929409436092,0.9833333333333333
e61,e61,31210.0,e61_52,20.046743079258846,78,89.23684648888712,0.11363636363636365,0.08653301283575415,153.22594461828803,10,,7,,7,,0,154.6681034416024,10,0.0,0.0,0.9047442267599605,0.09482970056709618,0.9833333333333333,0.0,0.0,0.9070493640439654,0.058961079167522835,0.95,0.0,0.0,0.9024822986048573,0.1093250618443034,0.9833333333333333
e61,e61,31270.0,e61_52,17.822005620351394,81,93.88628180572496,0.10989010989010994,0.028258269076629212,,5,,6,,9,,0,,5,0.0,0.0,0.8975942306736174,0.20800180369918303,1.0,0.0,0.0,0.9056224477610468,0.14283976298867984,1.0,0.0,0.0,0.8911399143278967,0.14169521246831318,1.0
e61,e61,31330.0,e61_52,72.70173774919857,65,91.83762495656983,0.2441860465116279,0.06572110623397852,152.29366163764007,11,,5,113.10600669283662,11,,0,193.15561319591754,12,0.0,0.0,0.899602088740003,0.13702025611028348,1.0,0.0,0.0,0.9054591476933079,0.09549940029302079,0.9833333333333333,0.0,0.0,0.8883219157032383,0.11498368587136786,1.0
e61,e61,31390.0,e61_52,39.52079306222531,70,93.34787485789424,0.20454545454545459,0.09352428432339319,,4,,5,76.46677689526348,11,,2,,4,0.0,0.0,0.8987274414735088,0.07982992721305589,1.0,0.0,0.0,0.9035238098967986,0.041279519688333474,0.85,0.0,0.0,0.8924315546731308,0.17069360392684538,0.95
e61,e61,31450.0,e61_52,41.37554645075924,68,90.19314862779608,0.28421052631578947,0.15576492118849383,124.62100748995933,21,165.80395784076376,18,77.93974746685653,39,109.39243722609724,17,125.19984025548915,21,0.4727069226066104,0.5,0.914975671480474,0.02587818961039365,0.7166666666666667,0.9413557010394168,1.0,0.9022595017323614,0.011354147589685028,0.03333333333333333,0.47790084421203566,0.5,0.9219528590525312,0.022802993937743994,0.6333333333333333
e61,e61,31510.0,e61_52,75.0025894886414,64,89.09168796808804,0.23809523809523814,0.16045171800796706,,6,125.89199963824812,10,115.85415713055711,23,,4,,6,0.0,0.0,0.9208903530940454,0.0499831618477867,0.7,0.47111267051046474,0.5,0.9037089017015492,0.0229412503900795,0.6,0.0,0.0,0.9495826930713287,0.040369818835378726,0.7833333333333333
e61,e61,31570.0,e61_52,156.0486969759911,49,113.35169630816621,0.40963855421686746,0.31469561803787727,,8,,8,133.41210801461705,14,,5,,9,0.0,0.0,0.92509359103524,0.08692736910519093,0.9333333333333333,0.0,0.0,0.9055623451930914,0.058898002985893594,0.9,0.0,0.0,0.945681089844814,0.10892526697583295,0.9333333333333333
e61,e61,31630.0,e61_52,,32,,0.5675675675675675,0.3266145444165691,,6,,7,,5,,1,,5,0.0,0.0,0.9208070097944036,0.20986712269910737,1.0,0.0,0.0,0.9106680872910008,0.3319367382763486,1.0,0.0,0.0,0.9427912193354362,0.1204303774223766,1.0
e61,e61,31690.0,e61_52,28.529008727274643,59,99.60043624955843,0.3789473684210526,0.18349220378027029,,8,55.42655378591866,10,110.83642162193142,12,,7,,8,0.0,0.0,0.9188792749987142,0.05742678893804094,0.7166666666666667,0.0,0.0,0.9149374706240452,0.12424490102521094,0.8,0.0,0.0,0.9394787990257445,0.09270727834916527,1.0
e61,e61,31750.0,e61_52,28.056854304159746,76,92.55688391821441,0.20833333333333337,0.07625822716058202,122.17261338343181,21,70.33419804094235,21,78.40857624995786,12,122.17261338343181,21,122.24974437601087,21,0.0,0.0,0.9159555666574466,0.033940760261261346,0.65,0.0,0.0,0.9223873815569628,0.08093949668585537,0.7666666666666667,0.0,0.0,0.9317280632017904,0.11609920185238345,1.0
e61,e61,31810.0,e61_53,39.009594550755985,86,95.78719915851211,0.09473684210526312,0.03889080288832906,65.75681980286103,33,94.60511347522248,37,127.35590929792717,28,65.75681980286103,33,80.86651927339237,34,0.9489539899910189,1.0,0.9167459776255767,0.005989266018924303,0.3333333333333333,0.9604772777964643,1.0,0.9364088225579621,0.014759605836847621,0.35,0.4775621469073278,0.5,0.927048102301115,0.029942357775180457,0.8666666666666667
e61,e61,31870.0,e61_53,6.188453955776813,87,94.608274439923,0.09375,0.052405050370647854,,7,,8,,8,,5,,7,0.0,0.0,0.9524438773672311,0.11312542628440056,0.75,0.0,0.0,0.9405551926714749,0.27711524278330163,0.8333333333333334,0.0,0.0,0.9285840162191846,0.12484881866380042,1.0
e61,e61,31930.0,e61_53,35.781002401829774,80,90.43744592606343,0.13043478260869568,0.061420847587513504,52.371436241374695,17,69.17482381618329,16,65.96161542762145,22,43.09538967925853,15,52.73755777432247,17,0.4851362234058152,0.5,0.9555084368631108,0.02830820849717996,0.5333333333333333,0.0,0.0,0.9367618141725638,0.06965713696782574,0.6666666666666666,0.0,0.0,0.9348207144829253,0.07137435474286341,0.9
e61,e61,31990.0,e61_53,42.9719565953978,82,96.70977236122789,0.15463917525773196,0.08202169557545613,,8,47.41443087508626,13,,8,,6,,7,0.0,0.0,0.9551675723851255,0.045976091324963046,0.85,0.0,0.0,0.9277099406298596,0.09628516050764632,1.0,0.0,0.0,0.9418796879750897,0.06647304916005575,1.0
e61,e61,32050.0,e61_53,5.476699562636352,94,94.46170994580638,0.0,0.032898112774624455,67.06102657662917,23,130.7281291459493,18,102.88021169289135,30,54.45203066086797,20,66.84445989146609,23,0.9690847034009401,1.0,0.9487501903786604,0.014513379578743612,0.35,0.0,0.0,0.9265203788702553,0.03700300000758726,0.6833333333333333,0.0,0.0,0.9499534266128928,0.057321498408690726,0.7833333333333333
e61,e61,32110.0,e61_53,62.65813045815046,77,90.5731468735338,0.15384615384615385,0.06761705483434018,,6,,5,103.36934436362971,16,,0,,6,0.0,0.0,0.9449346826447571,0.03731961190418819,0.9166666666666666,0.0,0.0,0.9214422797252503,0.09106798008738698,1.0,0.0,0.0,0.9461879903158826,0.058140133605488406,0.9
e61,e61,32170.0,e61_53,71.37776406998793,47,94.66096386964637,0.426829268292683,0.0926591508927339,126.66304427777774,15,102.90578025249602,11,105.51214385083833,16,,7,124.585025470273,15,0.0,0.0,0.9406691079289192,0.035021783173414214,0.7333333333333333,0.0,0.0,0.9251084330171666,0.08421700382095615,1.0,0.0,0.0,0.9380256551008024,0.055747159105444,0.9833333333333333
e61,e61,32230.0,e61_53,8.737328901527635,86,88.50699758434187,0.022727272727272707,0.035459504427768546,,0,,4,93.07482568924496,16,,0,,0,0.0,0.0,0.9344975027699749,0.17214122314104358,1.0,0.0,0.0,0.9204067831947862,0.2940976508964608,1.0,0.0,0.0,0.9390554385271684,0.07626252091794325,0.9833333333333333
e61,e61,32290.0,e61_53,7.084725985819439,84,88.12500826159209,0.023255813953488413,0.023288412296612142,,9,131.86703915545007,11,105.1870595240662,19,,8,,9,0.48022272776915065,0.5,0.9345676707507136,0.02389977408616633,0.5166666666666667,0.0,0.0,0.9181541476715452,0.059349958108286055,0.9,0.0,0.0,0.9368267440407609,0.046917538267260826,0.9166666666666666
e61,e61,32350.0,e61_53,57.62086253347839,85,87.05088995024926,0.011627906976744207,0.02835074580887328,115.56415306963653,22,120.38896171728281,27,134.38610257750696,28,115.56415306963653,22,118.66318882009021,22,0.9585999129384142,1.0,0.9337416962557051,0.006769487545961283,0.18333333333333332,0.9517307832218858,1.0,0.9238134058415393,0.0174814917216463,0.4166666666666667,0.2389473318813063,0.25,0.9314857210144565,0.03249882966146828,0.7333333333333333
e61,e61,32410.0,e61_54,7.114280472781577,84,86.65110797885579,0.023255813953488413,0.02868678879705198,89.77239013889516,26,58.63094057816536,29,78.7381244051983,34,83.24682195666942,25,89.24124606929242,26,0.9569104338789154,1.0,0.9380129740831503,0.006421219576329381,0.4,0.9603687762218092,1.0,0.950518159507479,0.017137107115672685,0.48333333333333334,0.4813857709088864,0.5,0.9441238515636017,0.02767135831512528,0.6
e61,e61,32470.0,e61_54,6.576408316577452,81,87.96402857647827,0.05813953488372092,0.02601499491641917,,9,,6,134.34145377329767,14,,5,,9,0.0,0.0,0.9473111129057876,0.06238699041609308,0.7333333333333333,0.0,0.0,0.9521726517481579,0.15045775535086894,0.9833333333333333,0.0,0.0,0.9538792632564906,0.07336117397278671,1.0
e61,e61,32530.0,e61_54,31.55400550566029,78,84.54490884620786,0.06024096385542166,0.027318524928784275,,9,,6,123.84174752004853,19,,7,,9,0.0,0.0,0.9432482566989115,0.0395766702015819,0.5666666666666667,0.0,0.0,0.9514112627993037,0.09989875151426231,0.8666666666666667,0.0,0.0,0.9416401737409449,0.04485099781065553,0.9333333333333333
e61,e61,32590.0,e61_54,58.307238176314776,51,93.75937593765536,0.45744680851063835,0.19985179859695448,,8,,7,170.9179676340561,17,,1,,7,0.0,0.0,0.9450040022758089,0.28370823534291745,1.0,0.0,0.0,0.9538235395764261,0.43483763049954016,1.0,0.0,0.0,0.9378866517017543,0.07808968398282595,1.0
e61,e61,32650.0,e61_54,42.77865236795929,69,92.70017056815239,0.2068965517241379,0.08941421734910003,,8,,7,85.75975937539121,19,,3,,8,0.0,0.0,0.9265383007165497,0.08286697242488608,0.8666666666666667,0.0,0.0,0.9391187271430887,0.14923931253382994,0.9666666666666667,0.0,0.0,0.9300726788094172,0.04888196226523452,0.8833333333333333
e61,e61,32710.0,e61_54,12.06778257014406,81,85.22957295737623,0.02409638554216864,0.034031623749868914,103.21833949274173,10,,3,103.98371353384366,14,,3,,4,0.0,0.0,0.9189122130794479,0.08092476218102826,0.7666666666666667,0.0,0.0,0.9355930165330503,0.17783716464988625,0.9666666666666667,0.0,0.0,0.9402320564622496,0.04735189786048202,0.8666666666666667
e61,e61,32770.0,e61_54,13.73757522814921,80,83.34340399455496,0.012345679012345734,0.024359042706250045,128.67975310939215,18,92.20990601246118,14,69.57264736137014,24,128.67975310939215,18,,1,0.9470314955026848,1.0,0.9190652344039023,0.014294344408423396,0.43333333333333335,0.0,0.0,0.9323456734391433,0.036637197558045495,0.6166666666666667,0.0,0.0,0.9412535954940573,0.04855410347590843,0.7
e61,e61,32830.0,e61_54,18.622660782871016,79,82.27405487722591,0.03658536585365857,0.029843780315587907,141.0128059110982,20,92.45309933931719,24,45.07023734068096,33,110.8645777056123,17,,2,0.9402669053619591,1.0,0.9009834491089226,0.010661770938214885,0.25,0.4779381175980967,0.5,0.9259821282895354,0.025964324759727986,0.6166666666666667,0.24276366663359297,0.25,0.9554372857685892,0.03106042284451,0.5833333333333334
e61,e61,32890.0,e61_54,22.10587479591317,76,83.79519616105114,0.08433734939759041,0.03318437736524357,127.12181242027155,18,78.30860777379833,18,133.8078114342179,24,128.86283991289602,16,,2,0.9419902573631908,1.0,0.9099668505305798,0.015782615596471573,0.4166666666666667,0.0,0.0,0.9289502707640619,0.04152383772265904,0.65,0.0,0.0,0.9613421369043723,0.048039988431621314,0.8166666666666667
e61,e61,32950.0,e61_54,32.85775606035477,76,84.86977087310618,0.07317073170731703,0.03041091000279116,66.66531031606347,28,55.14218449937975,34,57.64201001317854,33,34.65792658252943,26,,1,0.9639036142853304,1.0,0.9418345285871406,0.004232693362004553,0.26666666666666666,0.9768049064024265,1.0,0.9630008637680957,0.010897591886229605,0.3,0.48778910359944827,0.5,0.9559888743295402,0.022967589561746504,0.5666666666666667
e61,e61,33010.0,e61_55,108.51475306120642,39,116.70608738852205,0.5568181818181819,0.26651299591280625,,7,,7,177.942919852672,10,,0,,3,0.0,0.0,0.9507815931526242,0.29967637805041136,1.0,0.0,0.0,0.9649080286388428,0.4864103119965322,1.0,0.0,0.0,0.9469401978197892,0.1521681629553138,1.0
e61,e61,33070.0,e61_55,16.799566489397215,111,137.52604399393385,0.0826446280991735,0.09534126821429217,,8,122.62911532582807,22,111.31099100605475,13,,8,38.95698985834929,35,0.9643352496654869,1.0,0.9434517103086713,0.007727636021243689,0.2833333333333333,0.7125006389992945,0.75,0.9453289830339102,0.019935334364956397,0.5,0.24006218875847388,0.25,0.9415223142807245,0.029080332480734244,0.7166666666666667
e61,e61,33130.0,e61_55,45.185889238946224,87,100.50537452560704,0.09375,0.0597558639106648,129.319885603491,13,57.500600639757906,42,154.1965764904944,10,122.94114098920375,12,64.62713568360172,31,0.9567515749836607,1.0,0.928115089961993,0.005253662778452646,0.21666666666666667,0.9411749404122594,1.0,0.9084810577517664,0.013541147787054236,0.26666666666666666,0.4671296805407331,0.5,0.9017791973475364,0.023722358827193132,0.8
e61,e61,33190.0,e61_55,78.10349237354778,45,102.15965510946143,0.48275862068965514,0.33489983531383666,71.04904258472371,18,85.2398809020499,24,204.11417798930577,11,89.82676469878007,11,72.76068751089988,18,0.0,0.0,0.9258763090288813,0.06696619275412806,0.7666666666666667,0.0,0.0,0.9250778041643658,0.1782877382608935,1.0,0.0,0.0,0.8791344007480216,0.09160923401713991,1.0
e61,e61,33250.0,e61_55,25.315536035700532,87,88.8995568351042,0.04395604395604391,0.039421925175837785,92.05702957792815,27,51.822262349303124,28,,9,86.77679645126196,25,87.50824137012644,27,0.4742697431896047,0.5,0.9160786570460342,0.02457331176179496,0.5333333333333333,0.0,0.0,0.9314535553375833,0.059370001269902266,0.6333333333333333,0.0,0.0,0.8777194319813618,0.032122767321161386,0.75
e61,e61,33310.0,e61_55,40.7669281191775,75,83.45503859769724,0.09638554216867468,0.02857761865434255,156.04059628741535,15,68.359375,17,,4,150.09016929589637,13,153.46009253222806,15,0.9534607108311286,1.0,0.9377959960108646,0.01580093450339423,0.4666666666666667,0.0,0.0,0.9248385445251386,0.03955090588824697,0.7833333333333333,0.0,0.0,0.8826884022107915,0.046735493593357824,0.9166666666666666
e61,e61,33370.0,e61_55,21.841676497805725,85,84.24315945600449,0.0,0.015167833355784106,128.81321047145858,15,43.18129251698587,21,,8,113.13090985412906,14,129.85198674467196,14,0.9618268580656888,1.0,0.9384645202412762,0.018001546061313715,0.4666666666666667,0.0,0.0,0.9591249289596133,0.038982076012467545,0.7166666666666667,0.23263448264721,0.25,0.888309242811171,0.028770887940600585,0.85
e61,e61,33430.0,e61_55,45.95065053475613,77,86.47875793380506,0.07228915662650603,0.05814196815909477,,6,110.83016374305552,13,,8,,5,,6,0.0,0.0,0.9354517986329823,0.13175641130404528,0.6833333333333333,0.0,0.0,0.9595000941658209,0.21221622576864113,0.95,0.0,0.0,0.914637764504916,0.05494075789747421,0.9666666666666667
e61,e61,33490.0,e61_55,43.105945132561075,62,95.92870578629264,0.26190476190476186,0.08144588264248018,,4,,8,,8,,0,,4,0.0,0.0,0.9358149122333889,0.14266488810690764,1.0,0.0,0.0,0.9443346529842714,0.150510333232598,1.0,0.0,0.0,0.9294507906773347,0.03229502943358584,0.9166666666666666
e61,e61,33550.0,e61_55,40.09981061570002,62,97.72360994261165,0.3111111111111111,0.0670855925264358,,3,,6,67.49401541231099,12,,2,,3,0.0,0.0,0.9358149122333889,0.0487599175528521,0.8333333333333334,0.0,0.0,0.9441924300995304,0.08091458770564411,0.8833333333333333,0.0,0.0,0.9413806360238175,0.0348623193635096,0.7833333333333333
e61,e61,33610.0,e61_56,38.80214909538849,67,90.93940404453049,0.2872340425531915,0.08534802499055585,,7,,7,131.33367868239282,11,,8,102.90232693622087,10,0.0,0.0,0.924251835225095,0.13029322851021083,0.8833333333333333,0.0,0.0,0.9453292587120778,0.32206117609205703,0.9,0.0,0.0,0.9468950983835628,0.0775710148639613,0.8833333333333333
e61,e61,33670.0,e61_56,12.341757582051171,77,81.06202055127416,0.025316455696202556,0.04055576327170727,,4,,9,,7,,7,192.89893727027115,11,0.0,0.0,0.9234957193372658,0.07023759436298395,0.7,0.0,0.0,0.9394456150822532,0.160348334863043,0.8666666666666667,0.0,0.0,0.9469941828813345,0.06581397905159403,0.8833333333333333
e61,e61,33730.0,e61_56,9.846106192717906,78,80.54280480934915,0.012658227848101222,0.02835159739494873,,3,,9,,3,,3,,8,0.0,0.0,0.917739379932057,0.1323896729887316,0.7666666666666667,0.0,0.0,0.9246751697440692,0.175438572050879,0.9,0.0,0.0,0.944580052170271,0.05969520614718929,0.85
e61,e61,33790.0,e61_56,10.057397680234345,78,80.5341562134085,0.025000000000000022,0.03600276987386376,,4,,2,,7,,4,,4,0.0,0.0,0.9163310491969165,0.19307220008905052,0.95,0.0,0.0,0.9119113879027313,0.3963714368764282,0.9833333333333333,0.0,0.0,0.9469063632431005,0.0701672818315644,0.9333333333333333
e61,e61,33850.0,e61_56,54.8004290778725,54,87.15710940547542,0.2987012987012987,0.06682747557478275,,6,,4,,3,,0,,5,0.0,0.0,0.9153293592589721,0.13975853854650094,1.0,0.0,0.0,0.8997572866059151,0.25007691973830004,1.0,0.0,0.0,0.9451574611753635,0.05906603519309075,0.9666666666666667
e61,e61,33910.0,e61_56,34.20380344974197,80,89.59402706464819,0.06976744186046513,0.0404439206113785,,7,226.50861428155443,11,,7,,7,,5,0.4742936348121415,0.5,0.9175047593429316,0.025253386985282105,0.7166666666666667,0.0,0.0,0.8867471439660911,0.05670961799513931,0.95,0.4841364287576226,0.5,0.9452676292872871,0.023245004895980477,0.6833333333333333
e61,e61,33970.0,e61_56,25.31401902637008,65,89.54288357931104,0.2934782608695652,0.046511854458686185,,7,,8,,9,,5,,8,0.0,0.0,0.9134049108166601,0.03915630944405473,0.7833333333333333,0.0,0.0,0.8585814185665044,0.07629595708926742,1.0,0.484505118571102,0.5,0.9495391776294771,0.029422385997087012,0.65
e61,e61,34030.0,e61_56,33.30627355509939,82,91.90824493583987,0.05747126436781613,0.03398901635912239,,7,,4,,7,,7,,7,0.0,0.0,0.9111536951495828,0.056428410229346006,0.7333333333333333,0.0,0.0,0.8652111633851076,0.1355635467729637,0.9333333333333333,0.0,0.0,0.9475020562721103,0.06359981947930397,1.0
e61,e61,34090.0,e61_56,36.810806412781204,79,87.38139795652927,0.09195402298850575,0.09665052021727868,87.59561102834189,15,262.47973720688697,15,295.44174059883306,12,94.26939455623973,11,90.790181973918,15,0.4734326960579255,0.5,0.9122631694855345,0.02809218012032591,0.55,0.0,0.0,0.8774535689324766,0.0732057194154232,0.7666666666666667,0.0,0.0,0.939289104654965,0.060126612826637206,1.0
e61,e61,34150.0,e61_56,76.12111872658757,62,113.33831392196834,0.3608247422680413,0.1860279990168074,,5,,5,,5,,0,,5,0.0,0.0,0.9157044848810728,0.21121341887918527,1.0,0.0,0.0,0.8966000020317684,0.3414296026056073,1.0,0.0,0.0,0.9379470407468419,0.0980610436984616,1.0
e61,e61,34210.0,e61_57,90.16837903093642,56,109.93752799922953,0.4042553191489362,0.22223775586365552,,2,,2,221.4766817814387,13,,0,,2,0.0,0.0,0.9159110275280427,0.27278273349511317,1.0,0.0,0.0,0.9027250634459136,0.4384047897204765,1.0,0.0,0.0,0.9321149430900577,0.11673382850432529,1.0
e61,e61,34270.0,e61_57,27.328310170098344,90,98.20353008957176,0.0625,0.06551270034334292,,5,,2,,9,,2,,5,0.0,0.0,0.9135099006882146,0.16029389746166234,0.95,0.0,0.0,0.9027250634459136,0.33806922432462044,0.9833333333333333,0.0,0.0,0.9281802221440811,0.08832624846554155,1.0
e61,e61,34330.0,e61_57,24.869098042682182,84,88.53964916184857,0.045454545454545414,0.02538684869608093,72.09043297567557,28,,5,198.30519703697883,11,54.50863607035127,26,70.97208632298361,28,0.0,0.0,0.9400331180846428,0.0389682368293239,0.55,0.0,0.0,0.9061133522209959,0.08900357704697459,0.75,0.0,0.0,0.92772705432561,0.033237021568728736,0.95
e61,e61,34390.0,e61_57,30.582153865782843,90,92.25851142396228,0.021739130434782594,0.03868444566665784,,4,,6,,6,,0,,4,0.0,0.0,0.9416142984946134,0.4138752710733621,0.9666666666666667,0.0,0.0,0.9106811319645519,0.6850119733470807,0.9833333333333333,0.0,0.0,0.92772705432561,0.19451699480892887,1.0
e61,e61,34450.0,e61_57,42.37361773683582,82,93.89377484291762,0.0888888888888889,0.03873666476191626,,5,,4,,6,,0,,5,0.0,0.0,0.9390493951014531,0.15559996037471502,0.9833333333333333,0.0,0.0,0.9110176052110945,0.2914835898794153,1.0,0.0,0.0,0.9263995126213452,0.1407918127386391,1.0
e61,e61,34510.0,e61_57,12.22893670050445,82,86.60364327126636,0.05747126436781613,0.02633357261320519,,6,168.18745671598376,12,,9,,5,,6,0.0,0.0,0.937792140831036,0.09504682430871451,0.8,0.0,0.0,0.9004441496852659,0.20038774848278174,0.85,0.0,0.0,0.9134724161530088,0.0849004037943219,1.0
e61,e61,34570.0,e61_57,9.285487782031579,86,88.64691564125708,0.022727272727272707,0.04494623017298229,,8,,5,74.16161909321949,10,,4,,8,0.0,0.0,0.9395929830618445,0.1545044999678125,0.8666666666666667,0.0,0.0,0.8980646487683116,0.234470889829055,0.9666666666666667,0.0,0.0,0.9104623247934409,0.09156067010754143,1.0
e61,e61,34630.0,e61_57,16.911947829436663,84,86.83589535413833,0.0117647058823529,0.027654071825280672,,5,,1,106.92950608149901,10,,1,,5,0.0,0.0,0.9411516048390995,0.19749369455797489,0.9833333333333333,0.0,0.0,0.8870909586440047,0.2776197029374138,0.9833333333333333,0.0,0.0,0.8619076695457474,0.09571954651936056,1.0
e61,e61,34690.0,e61_57,7.793725136317605,84,87.73930896530189,0.023255813953488413,0.02588633485979074,,3,,2,,8,,0,,3,0.0,0.0,0.9357470237207375,0.25542183086849823,1.0,0.0,0.0,0.8865253522833872,0.3398684575813338,1.0,0.0,0.0,0.8457889132887771,0.08495739631866225,0.9666666666666667
e61,e61,34750.0,e61_57,26.313102602053707,78,89.68844476507782,0.1333333333333333,0.0692684542782771,,9,,3,107.19871074350402,19,,1,,9,0.0,0.0,0.923451224587921,0.23609725521313807,0.9666666666666667,0.0,0.0,0.8840540868997284,0.47128834024766286,1.0,0.0,0.0,0.8843586802717658,0.06751603407791623,0.8333333333333334
e61,e61,34810.0,e61_58,10.219937978593393,84,83.19179174308307,0.0,0.014544122077636109,,6,,3,55.88349930696597,13,,2,,6,0.0,0.0,0.9095636663232962,0.15202915396198496,0.9333333333333333,0.0,0.0,0.8817334027478095,0.2868514632836697,0.95,0.0,0.0,0.9080670793321329,0.07720300479116399,0.9333333333333333
e61,e61,34870.0,e61_58,9.352524636077417,81,82.38702678955886,0.0,0.020767816554495923,161.62625676232187,14,,6,116.71305473204943,23,152.40494675416178,10,159.73535806259244,14,0.0,0.0,0.9001968876284758,0.1331962047800354,0.8,0.0,0.0,0.8718940985060811,0.21236848933287755,0.9166666666666666,0.0,0.0,0.9395731322516233,0.042092387675412374,0.8333333333333334
e61,e61,34930.0,e61_58,10.554847908248831,82,82.8341425768499,0.0,0.03537431828319149,,7,,4,98.84323271735833,15,,6,,7,0.0,0.0,0.907332942791063,0.15829567681556506,0.8333333333333334,0.0,0.0,0.8722619972046118,0.3650211561715449,0.8833333333333333,0.0,0.0,0.9371911311024114,0.07983404522894302,0.9666666666666667
e61,e61,34990.0,e61_58,8.677317470355169,76,80.80481596708243,0.02564102564102566,0.010896756846517888,152.49391637455574,10,,7,106.84531681248184,27,,7,149.8888477061141,10,0.0,0.0,0.9082937523918966,0.04758222129596115,0.6833333333333333,0.0,0.0,0.8713904092492044,0.10987093042055002,0.7666666666666667,0.0,0.0,0.9406861353802596,0.035366353966949496,0.8166666666666667
e61,e61,35050.0,e61_58,9.524002772439902,79,81.04647204753151,0.012499999999999956,0.0291969618450562,123.37196638557623,17,101.20128071694548,16,63.50910624092291,25,101.86253758129139,14,126.98425099200294,17,0.0,0.0,0.9172287317841294,0.0741794894223994,0.6833333333333333,0.0,0.0,0.8925643462190402,0.16680025270149737,0.7166666666666667,0.0,0.0,0.9445013839740269,0.07676276378368044,0.8666666666666667
e61,e61,35110.0,e61_58,10.991676234799677,74,80.7453875880616,0.038961038961038974,0.024223524003694145,,3,,4,56.87585851000405,10,,0,,3,0.0,0.0,0.9212713290400891,0.1343425208519549,0.9166666666666666,0.0,0.0,0.9223526058481246,0.1748719612178914,1.0,0.0,0.0,0.9545429085161378,0.05871683105854715,0.9833333333333333
e61,e61,35170.0,e61_58,9.70949707530045,80,79.51759326773863,0.0,0.028463327282484806,142.8187182385309,17,42.57633310449598,11,76.48746795802323,28,127.22626866138927,16,141.3771551559869,17,0.0,0.0,0.9358421304435643,0.04433842937843446,0.6,0.0,0.0,0.9303039739313014,0.09754949421545792,0.7833333333333333,0.0,0.0,0.9651525833369342,0.030327089871037376,0.8
e61,e61,35230.0,e61_58,10.562990259957648,80,84.50013942516198,0.03614457831325302,0.033587256926257525,148.68400584376923,11,,9,120.38217914503177,24,,9,149.36532395439042,11,0.0,0.0,0.9317343843702259,0.0367998731899291,0.6833333333333333,0.0,0.0,0.9367541418869502,0.0872828936715924,0.7333333333333333,0.0,0.0,0.9539309285693934,0.05020521119397694,0.9
e61,e61,35290.0,e61_58,25.470920867954085,83,84.64712728793555,0.0,0.03489762741800904,,3,,3,159.22940653739184,11,,3,,4,0.0,0.0,0.9218287964420823,0.18722377223176367,0.8833333333333333,0.0,0.0,0.9367541418869502,0.37012226812662,0.9166666666666666,0.0,0.0,0.9434269767153868,0.11199299037940218,0.9666666666666667
e61,e61,35350.0,e61_58,11.248688195012646,80,81.14797332949553,0.0,0.0229621324111864,107.45352177119467,24,129.02456691338864,17,79.82524859028001,41,137.16017337790768,27,121.38780828402827,21,0.9487332518260799,1.0,0.9172352918807768,0.013128657034670192,0.4166666666666667,0.0,0.0,0.9389970216662825,0.031130744748309375,0.5333333333333333,0.0,0.0,0.9413678464713878,0.03797048213991625,0.8333333333333334
e61,e61,35410.0,e61_59,16.49484178244076,77,82.69520202382328,0.04938271604938271,0.02193358853583209,90.24783709519346,53,89.89137457265284,42,60.66049600813852,60,90.24783709519346,53,89.08725195861898,53,0.9551693546495861,1.0,0.92528225774931,0.004760665029598388,0.0,0.9661340748392048,1.0,0.9435567913986747,0.011288593093440748,0.0,0.9698629162988541,1.0,0.972316235781694,0.018462120525914366,0.4666666666666667
e61,e61,35470.0,e61_59,24.71428553887596,79,82.08507023013178,0.012499999999999956,0.02762168096440435,94.1907422538929,15,157.7820114695663,18,109.43311328182199,25,94.1907422538929,15,94.83067616998807,15,0.9746472011713005,1.0,0.9583931349386916,0.014003304313360894,0.4666666666666667,0.0,0.0,0.9558784077617059,0.033012781538474534,0.7166666666666667,0.0,0.0,0.9679725438893545,0.04792923567509306,0.9166666666666666
e61,e61,35530.0,e61_59,50.988858958227,78,82.34462598434456,0.03703703703703709,0.020306300795771632,79.05694150420949,16,125.77882373436317,16,102.45997694221876,33,79.05694150420949,16,77.25768570181222,17,0.9740313193958179,1.0,0.9612328690990036,0.016492693958718274,0.48333333333333334,0.0,0.0,0.9548703312742732,0.038154197313876245,0.6333333333333333,0.0,0.0,0.9609115223293168,0.03298653499926647,0.8333333333333334
e61,e61,35590.0,e61_59,9.901878058837129,77,82.33197073954172,0.03749999999999998,0.02090545270707641,119.36631912881083,10,,8,146.34728207837065,22,,9,121.92894105447921,10,0.9718907135714339,1.0,0.9568183297927004,0.01935286444087727,0.4666666666666667,0.0,0.0,0.9511744727388258,0.04365753818819637,0.8833333333333333,0.0,0.0,0.9501823110552744,0.04360094460018443,0.9
e61,e61,35650.0,e61_59,12.986125542717609,76,78.7904096319243,0.012987012987012991,0.02884968603115744,75.72129412649507,18,133.29416335449577,21,96.16975264359066,18,58.34281201606851,14,76.61976399920661,18,0.0,0.0,0.9515021729154407,0.05526561146579517,0.65,0.0,0.0,0.9437170361966075,0.10680963338962034,0.7666666666666667,0.0,0.0,0.9498033439604525,0.06220297877612971,0.85
e61,e61,35710.0,e61_59,44.32361892642341,85,86.04802914135095,0.011627906976744207,0.02161307165501683,112.22812590251048,40,92.50475072259803,31,63.35140572740978,46,103.76842734260694,39,114.98048886881992,40,0.9686347534785577,1.0,0.9484054189885256,0.012155832411929557,0.21666666666666667,0.48251456009199445,0.5,0.9429567758899476,0.027792053516857457,0.5333333333333333,0.0,0.0,0.9534995007400231,0.031800734861110264,0.85
e61,e61,35770.0,e61_59,8.72892453462303,83,83.5864144208251,0.0,0.01909642510464988,48.295081525488406,29,98.28523403628496,27,105.03633017831301,30,45.19214786182866,27,50.178253684809945,29,0.9699332746420484,1.0,0.9503666382829178,0.014754162292725866,0.4666666666666667,0.0,0.0,0.9450727257438952,0.03396590056880018,0.5333333333333333,0.0,0.0,0.9577493682276323,0.04265933909686363,0.8166666666666667
e61,e61,35830.0,e61_59,11.197889233701847,75,82.72746951878764,0.05063291139240511,0.020667712899892363,135.33381649469297,14,183.68277666726522,15,42.57633310449598,11,121.09947750384617,12,139.06279710426344,14,0.2431806644462096,0.25,0.9517209425763825,0.039767348036388095,0.5166666666666667,0.0,0.0,0.9469179596056684,0.08670278078128364,0.8166666666666667,0.0,0.0,0.9561503966037728,0.06534270158738964,0.9666666666666667
e61,e61,35890.0,e61_59,15.172995250878142,77,79.77397374116576,0.012820512820512775,0.02048453813679605,,7,,6,103.50309476049496,26,,7,,7,0.0,0.0,0.9498122060214962,0.10654735640670433,0.8666666666666667,0.0,0.0,0.9392922332101967,0.16675004028101328,0.9,0.0,0.0,0.955607681740875,0.03948660190646415,0.8333333333333334
e61,e61,35950.0,e61_59,9.559941944393142,80,81.97953244349945,0.012345679012345734,0.019618061921884436,,6,125.81117009563711,10,57.9170999121985,25,,5,,6,0.0,0.0,0.9555244934537538,0.102710482773044,0.7333333333333333,0.0,0.0,0.9412148027261938,0.16483365653193338,0.9333333333333333,0.0,0.0,0.9599319026317144,0.061814177687362526,0.9833333333333333
e61,e61,36010.0,e61_60,12.163481703036014,75,82.75097335839274,0.05063291139240511,0.018451988089547885,94.7659570256713,30,103.24133274255198,31,103.69478355458835,42,92.23064746696689,28,93.0331791018296,30,0.9723174898007481,1.0,0.9538774600987624,0.01016893118494906,0.18333333333333332,0.48287146360951555,0.5,0.9416329495541913,0.022227240342087135,0.5333333333333333,0.0,0.0,0.9588588107746355,0.031545919985838666,0.95
e61,e61,36070.0,e61_60,8.06929948997392,83,87.17002513339025,0.011904761904761862,0.016513695687889428,99.7155044021832,23,60.28570412758808,23,62.45559502103729,34,86.74082182256832,23,98.40024743694588,24,0.728108758231329,0.75,0.9559164276476528,0.019905398775913397,0.5,0.0,0.0,0.9576347333366004,0.04104587529437839,0.8,0.0,0.0,0.9575482874332146,0.04022960674874619,0.95
e61,e61,36130.0,e61_60,9.66005549545994,84,84.4138897425087,0.0,0.020441295295253157,87.22153553544396,15,129.41701949767568,18,108.32362987392224,33,94.07495764681481,14,89.64214570007952,15,0.4855588427721889,0.5,0.9523807262178445,0.024594331223500247,0.6166666666666667,0.0,0.0,0.9606331095193473,0.051048372822689855,0.8333333333333334,0.0,0.0,0.9573491857367125,0.05197040497634532,0.9666666666666667
e61,e61,36190.0,e61_60,10.039619329679342,74,83.53567530238631,0.05128205128205132,0.021965980067547748,157.80476466190746,14,90.86469086204248,12,95.07235021586551,12,173.67663693988897,11,158.33265856806287,14,0.0,0.0,0.9469465973161202,0.03998859390481896,0.5666666666666667,0.0,0.0,0.9579179369731924,0.0854788124828758,0.8833333333333333,0.0,0.0,0.949672330212326,0.06271717710925416,1.0
e61,e61,36250.0,e61_60,40.85050994474003,81,82.09955939936393,0.0,0.02406335373457386,115.50440642523485,37,84.92376599283268,38,77.30308935318504,44,60.87674756058086,33,113.99383577454789,38,0.9640167987607549,1.0,0.9442104728317421,0.011089555308059655,0.45,0.4865443659672666,0.5,0.9558245473771401,0.024282131836507865,0.5166666666666667,0.4846668509693936,0.5,0.9543835168507453,0.026993961227791217,0.8666666666666667
e61,e61,36310.0,e61_60,5.971361220747378,79,81.43974612509618,0.012499999999999956,0.022021202055347622,89.10962328441437,42,58.11435834484739,37,35.93340025340702,59,89.10962328441437,42,86.07994015774509,42,0.9667357370150708,1.0,0.9445595616917846,0.006756296584614704,0.06666666666666667,0.9744473935088714,1.0,0.958618095358987,0.01466781814188138,0.3,0.49052419845518774,0.5,0.968422301642737,0.023322278818926692,0.7166666666666667
e61,e61,36370.0,e61_60,9.470148086111484,80,81.15455885770622,0.0,0.018925952005837115,92.94127607095444,20,55.695799292437925,18,76.53369273719866,32,85.01341400427208,18,93.24557277482542,20,0.0,0.0,0.9585682041998792,0.03664194811826865,0.5333333333333333,0.0,0.0,0.9624083826597122,0.0786345435896372,0.7,0.0,0.0,0.9776739170252406,0.04375604059430051,0.8833333333333333
e61,e61,36430.0,e61_60,34.97670439230643,77,82.74195817068968,0.025316455696202556,0.023873302889173702,,6,,3,117.36965010438175,11,,3,,6,0.0,0.0,0.9606146658470591,0.060867019882505896,0.9666666666666667,0.0,0.0,0.9616862329507398,0.12794019095330625,1.0,0.0,0.0,0.9686586948143845,0.09644006651821299,1.0
e61,e61,36490.0,e61_60,8.932242688306518,78,80.38315972790973,0.012658227848101222,0.023945454993496675,41.02226774439532,15,149.09138461627109,17,65.7132962549247,33,41.02226774439532,15,45.51294949163998,15,0.9731607677502672,1.0,0.955283493803194,0.013976993425945832,0.43333333333333335,0.4880557669311764,0.5,0.9653909335051839,0.02926592454669065,0.6666666666666666,0.24389927085929022,0.25,0.9606247734355616,0.03042275203327581,0.9666666666666667
e61,e61,36550.0,e61_60,9.351649037862993,80,81.07193309935705,0.0,0.016383112213320655,50.80496662774273,39,75.4534541377626,37,48.349213896143134,51,32.60412506653363,37,50.131406271287084,39,0.9731906019620173,1.0,0.955856275691752,0.006093791980612285,0.2833333333333333,0.9725773169451044,1.0,0.9562898368308947,0.013101368668123012,0.43333333333333335,0.48880932579608727,0.5,0.9704178293835347,0.02340879082688436,0.8166666666666667
e61,e61,36610.0,e61_61,10.870370579990166,84,83.38869416091346,0.0117647058823529,0.06885650832773374,,4,,8,,9,,0,,4,0.0,0.0,0.9569041845321432,0.3392163607686567,1.0,0.0,0.0,0.9481504574765116,0.4344044108096577,1.0,0.0,0.0,0.9628831431634821,0.20921065101583228,0.9166666666666666
e61,e61,36670.0,e61_61,49.4601551186439,86,104.14551210942501,0.18867924528301883,0.34925464522208594,,3,,3,,8,,0,,2,0.0,0.0,0.9576162372464903,0.25766537040803883,0.9833333333333333,0.0,0.0,0.9464589806041783,0.423319881867373,1.0,0.0,0.0,0.9501028308320943,0.1749589978290103,1.0
e61,e61,36730.0,e61_61,22.95540255879135,110,116.26014369695352,0.009009009009009028,0.11702719084536167,,5,,6,94.39879666870759,15,,1,,5,0.0,0.0,0.9540649889964206,0.19686640641403413,0.95,0.0,0.0,0.92895291438818,0.3237326215368559,1.0,0.0,0.0,0.91782665458138,0.09491129273152861,1.0
e61,e61,36790.0,e61_61,29.15675412094401,81,83.01074435705608,0.012195121951219523,0.039455287324269075,222.44744495508473,12,,3,81.47504890302307,26,222.44744495508473,12,,9,0.0,0.0,0.9421587665098726,0.04206586342555042,0.55,0.0,0.0,0.9102450968739839,0.09117980680539237,0.75,0.0,0.0,0.9079915344394784,0.04619539422803332,1.0
e61,e61,36850.0,e61_61,41.1062619253309,73,77.82656350357902,0.03947368421052633,0.029478280566872316,,8,,7,103.69162514398161,26,,4,,9,0.0,0.0,0.9107550114816928,0.05434369626939669,0.6833333333333333,0.0,0.0,0.9027029018140968,0.11548963788292091,0.9,0.0,0.0,0.9048097199433157,0.035101056575038286,1.0
e61,e61,36910.0,e61_61,35.000347302177026,77,79.92327365767619,0.025316455696202556,0.03593346852167826,150.74647061204664,23,107.70137475219109,22,99.99334139763326,34,159.75710451317715,20,152.3602190981503,23,0.705536403028013,0.75,0.9012737074285763,0.018878629318871534,0.5,0.0,0.0,0.8988174053348009,0.04463226768975305,0.65,0.0,0.0,0.9450752686875243,0.044555462698043294,1.0
e61,e61,36970.0,e61_61,35.637364878225206,77,78.16703513791268,0.0,0.050746547488919026,85.83089979357668,21,165.0721249139633,10,70.11933342623053,19,75.77185293970754,16,86.83317338436964,21,0.0,0.0,0.9015389948584859,0.05395939177233842,0.7666666666666667,0.0,0.0,0.9013263139089476,0.13074430710080404,0.8333333333333334,0.0,0.0,0.948117398463133,0.09570865058136348,1.0
e61,e61,37030.0,e61_61,29.20859144433072,80,80.76391898885556,0.0,0.039515193933553454,,6,,5,94.56030028836098,25,,4,,6,0.0,0.0,0.911155980588365,0.12267272997309878,0.8333333333333334,0.0,0.0,0.9009504664539708,0.18040955690183116,0.9666666666666667,0.0,0.0,0.9557923832953509,0.08903417929662658,1.0
e61,e61,37090.0,e61_61,9.554252376639667,78,81.08075237544016,0.025000000000000022,0.03980144526430069,177.44565370383788,18,138.0472882242085,14,125.73811810568053,32,152.07642143254546,13,178.34203753725922,18,0.47472716673023524,0.5,0.9231713576034298,0.026391989599262436,0.5666666666666667,0.0,0.0,0.9000862076219402,0.06246254741361487,0.7333333333333333,0.0,0.0,0.9507465354360491,0.03668580099561723,0.8666666666666667
e61,e61,37150.0,e61_61,13.925122256892681,73,78.04898354184427,0.026666666666666616,0.024979780769460967,174.14165895274024,21,126.73934236665664,24,88.55756192874864,54,173.15491021621446,18,173.89652095427326,21,0.959682608828435,1.0,0.9350336954992504,0.01348623725564148,0.4,0.4756702703183322,0.5,0.9261157340891547,0.027617837363801908,0.75,0.4848996698408695,0.5,0.9509094829662913,0.024824554149546763,0.75
e61,e61,37210.0,e61_62,55.373022281856855,76,80.53712895852549,0.02564102564102566,0.02720509897400718,107.5303271982426,10,,7,87.30757611583444,28,,8,112.89129481250734,10,0.0,0.0,0.930139367774673,0.1463259928136807,0.7666666666666667,0.0,0.0,0.9293891361573342,0.29160242687761023,0.9,0.0,0.0,0.9566809538989856,0.0600437944620303,0.8333333333333334
e61,e61,37270.0,e61_62,41.855577685724995,78,80.77870673321969,0.012658227848101222,0.03612039489933032,116.17400279658634,17,121.78482240718668,10,93.35129337986939,28,117.23089474320183,13,115.43396380615195,17,0.47914594920897413,0.5,0.9312573109039106,0.02286938096963046,0.6666666666666666,0.0,0.0,0.9297074705647682,0.05174792164072083,0.8166666666666667,0.0,0.0,0.9582539789339758,0.04815714841083728,0.8333333333333334
e61,e61,37330.0,e61_62,7.444141335923225,81,81.74308964365837,0.0,0.02615279830461898,116.29871291205247,11,76.4268568837225,11,48.17615723386796,39,,9,115.67194992737004,11,0.4799978658823135,0.5,0.9333589940506803,0.0236752973244519,0.55,0.0,0.0,0.9378462998732666,0.05128792892275668,0.8166666666666667,0.48872868266931696,0.5,0.9623814794143551,0.02071261666739703,0.5166666666666667
e61,e61,37390.0,e61_62,9.802549209783898,77,79.90273174085534,0.012820512820512775,0.042756122579657455,171.3900700389452,12,161.62625676232187,10,83.60956820743266,31,196.2901667059625,12,185.87630295441105,13,0.0,0.0,0.9355106502072742,0.056605436155230185,0.6,0.0,0.0,0.9374311998880991,0.11810300060283688,0.7333333333333333,0.0,0.0,0.9644049845507314,0.04594614819682695,0.75
e61,e61,37450.0,e61_62,33.68753903501462,78,80.21508337655735,0.012658227848101222,0.0374305587870528,88.10015533352745,19,142.11450736334064,21,51.68959242288287,41,89.93860881056261,18,85.63488385776752,19,0.9586651530991769,1.0,0.933788911519229,0.014488774729272635,0.48333333333333334,0.0,0.0,0.9329519708224452,0.03339489087234579,0.65,0.0,0.0,0.9653066519697773,0.03296595190213794,0.7166666666666667
e61,e61,37510.0,e61_62,8.408653523016788,81,81.07987584029587,0.0,0.033534364963847686,144.36105782849165,10,,5,76.42920569687927,18,,6,141.4213562373095,10,0.0,0.0,0.938728671717464,0.14470852338038492,0.75,0.0,0.0,0.9353586521661491,0.14132734764409632,1.0,0.0,0.0,0.972493276012666,0.06288421726744867,0.8333333333333334
e61,e61,37570.0,e61_62,8.367411821771856,75,79.1429347783831,0.013157894736842146,0.03435382113060699,165.4162327224173,14,151.4167234744144,12,82.66887170117654,35,157.13527620623287,12,164.05908879237572,14,0.0,0.0,0.9347196079845161,0.05683960069863736,0.7166666666666667,0.0,0.0,0.9298375744719036,0.11583491928020996,0.7833333333333333,0.48921312915518395,0.5,0.9640744099510314,0.025246966608348048,0.7666666666666667
e61,e61,37630.0,e61_62,7.8520165280917364,76,78.66108347740632,0.012987012987012991,0.023375855021101344,,5,,4,123.86456245502958,28,,1,,5,0.0,0.0,0.9324877817827959,0.1755566496295149,0.8166666666666667,0.0,0.0,0.9264747595371885,0.32090773971646236,0.95,0.0,0.0,0.9597663708129421,0.057314267951632594,0.9
e61,e61,37690.0,e61_62,9.328784980441773,78,78.46198810906226,0.0,0.03257342555706458,,8,,5,138.06129170243236,35,,6,,8,0.0,0.0,0.930738702787405,0.06119761504751663,0.8166666666666667,0.0,0.0,0.9264747595371885,0.11040386786661212,0.95,0.0,0.0,0.956759045584236,0.039946334807934525,0.8333333333333334
e61,e61,37750.0,e61_62,8.767721912503708,76,79.25065860602969,0.012987012987012991,0.0279227002826958,131.48715311171625,24,131.9232308552429,22,76.04901853590479,42,162.02801700581585,24,155.17463280661136,25,0.717678171244946,0.75,0.9314516737369579,0.01836475435242209,0.5,0.0,0.0,0.9314139846880373,0.04139963514607264,0.65,0.48454256638279264,0.5,0.9522243512415459,0.02930849311014289,0.5833333333333334
e61,e61,37810.0,e61_63,36.331984338744206,79,80.41192347982589,0.024691358024691357,0.07348468599712174,,9,177.62631215794954,16,81.42285161480287,30,,8,,9,0.0,0.0,0.9270798141996027,0.03913029154792021,0.7,0.0,0.0,0.9310658616147554,0.08563911685918338,0.8666666666666667,0.0,0.0,0.9587143452306455,0.04567967438497447,0.8166666666666667
e61,e61,37870.0,e61_63,39.088704886342626,60,92.06690194895747,0.368421052631579,0.21406503593254472,97.9487806103112,17,73.70297759419222,15,105.37493684370499,28,,8,78.14821083775915,15,0.0,0.0,0.9182482350201875,0.08006076327855435,0.95,0.0,0.0,0.9224531348507717,0.16761890580493394,0.95,0.0,0.0,0.9503465770352671,0.07185225406490087,0.9833333333333333
e61,e61,37930.0,e61_63,59.60477502837926,70,94.63050729854537,0.26315789473684215,0.2104631031555944,106.3681066257309,36,55.815680677041726,48,79.49322724033371,31,106.3681066257309,36,108.73296254060745,36,0.0,0.0,0.9080289309180432,0.048102479340352215,0.8333333333333334,0.0,0.0,0.9570889054197571,0.10111888581304074,0.9833333333333333,0.0,0.0,0.9483170840013296,0.05207481624153212,0.9833333333333333
e61,e61,37990.0,e61_63,9.871474971680945,81,81.53647330258181,0.0,0.019433195438941273,,5,98.64647418030977,24,48.1319253204601,47,,5,,5,0.9480120563275789,1.0,0.9133534272126316,0.006691805504315964,0.016666666666666666,0.9411333899585022,1.0,0.9439612466354754,0.014962164775805763,0.31666666666666665,0.9702258172528273,1.0,0.9533543479879024,0.019914126960267054,0.4666666666666667
e61,e61,38050.0,e61_63,26.48032586022015,73,77.16436395390244,0.026666666666666616,0.026972308753251368,,6,99.56833450754885,15,122.96048200104198,29,,9,,8,0.9537060249726304,1.0,0.9262059381415281,0.0105592006211866,0.38333333333333336,0.46627888762994607,0.5,0.8875962920998202,0.024257094934456297,0.55,0.0,0.0,0.9628846822923522,0.03837798539644556,0.7333333333333333
e61,e61,38110.0,e61_63,11.683132473798118,75,76.59157288459872,0.013157894736842146,0.04771346649789921,,6,,8,135.12087085118765,16,,6,,7,0.0,0.0,0.9019974020653452,0.26642672842007276,0.9,0.0,0.0,0.8962096170042918,0.3995296285427077,0.9,0.0,0.0,0.9580951892432112,0.14580464673787205,0.9333333333333333
e61,e61,38170.0,e61_63,16.841893746410594,80,82.89502588414507,0.012345679012345734,0.014265392988732027,74.36252521431746,31,107.74985442184916,33,71.69114867916875,54,75.1312160346472,30,77.9529772790409,31,0.9394751013567523,1.0,0.9016848521506483,0.005295355462831154,0.2,0.9544925600602152,1.0,0.9360630905442568,0.011176638959737037,0.26666666666666666,0.9699747311377861,1.0,0.9513158300366289,0.01689831913948968,0.2
e61,e61,38230.0,e61_63,32.264466026233706,77,84.80817098407205,0.11494252873563215,0.17120769543559122,156.523198659975,11,128.72857072878188,11,102.35682351906716,27,,8,154.17522498767434,11,0.0,0.0,0.9187842043975105,0.03792731634949222,0.6166666666666667,0.0,0.0,0.9312183368189962,0.07949370804260855,0.7833333333333333,0.0,0.0,0.9678134181286262,0.0665646481306402,0.9
e61,e61,38290.0,e61_63,,44,,0.5643564356435644,0.3099579094782497,,5,130.04547106405064,13,80.19280521669464,12,,2,,5,0.0,0.0,0.9203522556828467,0.2509006806055343,1.0,0.0,0.0,0.9201287754897383,0.3803147290217166,1.0,0.0,0.0,0.9565271059547943,0.1316698980702281,1.0
e61,e61,38350.0,e61_63,56.525622879370985,85,104.78702038045294,0.1826923076923077,0.20452250282234763,,3,,4,132.0680493209554,14,,0,,3,0.0,0.0,0.9213616998326838,0.14506407849324102,1.0,0.0,0.0,0.9186820904332266,0.19219749054843638,1.0,0.0,0.0,0.9378088532200984,0.07732030824996824,1.0
e61,e61,38410.0,e61_64,24.881809130586475,84,86.58702103864354,0.03448275862068961,0.023642654256614274,185.3391106526089,11,134.73259710016046,13,111.63196306525172,30,,9,188.01595676963166,11,0.23774749924540814,0.25,0.9183166616360542,0.025757190388953875,0.5666666666666667,0.0,0.0,0.9167203779751614,0.05771315684486107,0.95,0.0,0.0,0.9233134161435848,0.03390229129392941,0.9166666666666666
e61,e61,38470.0,e61_64,13.698729505161634,76,81.77149772674177,0.050000000000000044,0.01848664378473737,242.95379137671054,12,,9,139.63773815364766,31,149.380230033964,11,223.29352879114074,11,0.9440615691960645,1.0,0.9079085357296357,0.019270657058055612,0.43333333333333335,0.0,0.0,0.9145792407418336,0.04729827592906352,0.7333333333333333,0.0,0.0,0.9318481046506898,0.031601713649497,1.0
e61,e61,38530.0,e61_64,85.50252556457473,78,80.07040857942138,0.0,0.024792287895663873,153.30890847981024,13,86.67190566019205,14,128.5668310358999,34,132.32908345531982,11,149.164338901763,13,0.9441439873074169,1.0,0.9076872795181208,0.010846149030714548,0.26666666666666666,0.4714098465534164,0.5,0.909025786637001,0.028910503641921548,0.8333333333333334,0.0,0.0,0.9397198062778784,0.0328146233470021,1.0
e61,e61,38590.0,e61_64,10.574074945013356,83,84.31466232041934,0.0,0.04272640067029614,121.38142672315321,29,124.26541969208489,23,86.32402743771969,34,119.6613874909112,26,120.88955998880016,29,0.9468528588358459,1.0,0.9139321403043634,0.008512070998005477,0.3333333333333333,0.4725584912180262,0.5,0.9039654638460646,0.023635057394806987,0.6,0.0,0.0,0.9388634796338895,0.031142105679503033,0.95
e61,e61,38650.0,e61_64,12.837839513569698,76,78.73648931054659,0.02564102564102566,0.02908906888609492,121.16642515208004,14,99.50506861741042,19,144.8370919451402,31,144.28469961943586,13,120.41594578792295,14,0.952014085385925,1.0,0.9205108274957793,0.009184021103635372,0.16666666666666666,0.47820161165646546,0.5,0.9297111874974773,0.025244018785546704,0.6666666666666666,0.0,0.0,0.9402328732658657,0.03625060189075277,0.9333333333333333
e61,e61,38710.0,e61_64,34.21532381618315,74,80.42518112419707,0.10843373493975905,0.029362218295763368,178.96811281574588,23,98.16888475586613,20,180.25555589131642,21,164.3876985351626,21,171.42624222020132,24,0.9567075293157321,1.0,0.9278458821928868,0.007365610638278509,0.23333333333333334,0.4836806190126038,0.5,0.944215606300315,0.020750644638417262,0.55,0.4800665936104197,0.5,0.9360858659729618,0.028536555565842947,0.9
e61,e61,38770.0,e61_64,15.458422351628968,76,79.16319228221228,0.02564102564102566,0.06713844093515338,167.39748624987706,19,133.89950391408289,17,115.40685865473321,29,153.33655312516177,19,134.2517389524795,18,0.9531379075496615,1.0,0.9226572224252438,0.012929917715033984,0.4166666666666667,0.0,0.0,0.9453073802638067,0.03570498661349128,0.8333333333333334,0.0,0.0,0.9390488597902045,0.040911760984907786,1.0
e61,e61,38830.0,e61_64,14.223556258316014,78,78.94248645114298,0.0,0.032145360549999266,156.97629494065484,12,177.46588580625854,10,85.62126157694581,19,150.1342172961414,11,157.56672468282358,12,0.4752976058616344,0.5,0.9230927418728158,0.02965335967734514,0.6166666666666667,0.0,0.0,0.9435572093126522,0.07945348835511584,0.9333333333333333,0.0,0.0,0.9422275434273424,0.04781907485540955,0.9333333333333333
e61,e61,38890.0,e61_64,44.548149501911794,79,82.1454192979214,0.07058823529411762,0.09835194342476779,,4,,6,146.61712734619377,16,,0,,4,0.0,0.0,0.9160313887287207,0.2005787919842833,0.9833333333333333,0.0,0.0,0.9381470008930933,0.34856491563723074,1.0,0.0,0.0,0.9457554738751892,0.06455316223822243,0.8666666666666667
e61,e61,38950.0,e61_64,39.76084804441332,80,88.33421544852065,0.04761904761904767,0.04753606722449008,,5,,3,126.29113207631968,20,,2,,5,0.0,0.0,0.9166979673743443,0.21914844075872764,0.8666666666666667,0.0,0.0,0.9350955392630294,0.4017588218412005,1.0,0.0,0.0,0.9384578253225276,0.08446952784614072,1.0
e61,e61,39010.0,e61_65,15.448493105333885,74,74.79543448654104,0.0,0.039030562634754636,117.96616305110547,17,,7,108.69861543458515,25,96.82458365518542,16,119.63486114005399,17,0.9499532236425969,1.0,0.917509872634181,0.010637034590736349,0.38333333333333336,0.4783212645888091,0.5,0.9316064132139656,0.026255830252507606,0.8833333333333333,0.0,0.0,0.9411310615739554,0.03198868078999423,0.9666666666666667
e61,e61,39070.0,e61_65,13.797496595205395,74,75.08898044162429,0.0,0.029774891783045685,,9,115.9658545740225,10,128.1912212724004,22,,8,,9,0.0,0.0,0.9208331045037603,0.12621224454092012,0.7,0.0,0.0,0.924045182444597,0.2734459142053157,0.8333333333333334,0.0,0.0,0.9420860975170404,0.09497590368248231,0.9333333333333333
e61,e61,39130.0,e61_65,14.537062240717534,72,74.18246289478319,0.013698630136986356,0.0307030287559343,,6,,3,103.2469017655483,24,,6,,6,0.0,0.0,0.9223979187561289,0.06474578566182478,0.7,0.0,0.0,0.9211912375372027,0.1443839728826108,0.9833333333333333,0.0,0.0,0.9535988165166794,0.044101127829200615,1.0
e61,e61,39190.0,e61_65,12.26635220996025,76,78.0198560536162,0.0,0.02945755357307704,186.7171155786207,16,158.71749585216915,16,118.91751848202634,27,188.00013425731706,14,204.15330374150557,15,0.951158845690049,1.0,0.9221444627278764,0.010731435729608371,0.45,0.4736563648384696,0.5,0.91755995482907,0.02561737981808024,0.65,0.0,0.0,0.9482562175865109,0.03401956895545814,0.8833333333333333
e61,e61,39250.0,e61_65,12.20635202283423,73,77.97605355339279,0.026666666666666616,0.0261012849455211,,8,,5,78.52679880068213,33,,8,,8,0.47612916001713346,0.5,0.9204305333904448,0.02936924841019148,0.6666666666666666,0.0,0.0,0.9130589278260512,0.06666520477271762,0.8166666666666667,0.0,0.0,0.9497603562977477,0.03405800106503659,0.8
e61,e61,39310.0,e61_65,12.923678296160814,73,75.89019195174495,0.026666666666666616,0.01616266340422505,120.88881348002955,17,150.84765818571276,12,81.64669908624407,33,80.66193436962692,16,122.75483697190917,17,0.0,0.0,0.9271087527851031,0.044535196803593774,0.5666666666666667,0.0,0.0,0.9110562400729098,0.0905458239941927,0.7,0.0,0.0,0.9683509941563588,0.03947543794554757,0.7166666666666667
e61,e61,39370.0,e61_65,11.926781972801898,74,74.45623679549053,0.0,0.018527448270425673,156.05456527686079,10,,3,118.71115958376542,28,,5,154.236470683457,10,0.0,0.0,0.929363632758943,0.07559944036910521,0.7666666666666667,0.0,0.0,0.9130882835788474,0.163915421825835,0.9166666666666666,0.0,0.0,0.9572937628750986,0.03884230395318952,0.9833333333333333
e61,e61,39430.0,e61_65,27.529836613219384,67,75.99101786170739,0.09459459459459463,0.01644470239335481,,6,,2,97.83465846112693,29,,5,,6,0.0,0.0,0.928937369148606,0.08501264459392938,0.7333333333333333,0.0,0.0,0.9173085422132704,0.13043490063971197,0.85,0.48520096205938484,0.5,0.952573352167122,0.026393825118171017,0.6666666666666666
e61,e61,39490.0,e61_65,10.770439233976665,75,75.85181589289635,0.0,0.01782781027009652,,5,,4,108.10127157376728,27,,4,,5,0.0,0.0,0.9268933367351968,0.1790556315229775,0.75,0.0,0.0,0.9166353323317109,0.3005966745957984,0.9,0.0,0.0,0.9497060013251672,0.06691322497312757,0.7666666666666667
e61,e61,39550.0,e61_65,24.166318426398313,71,74.2486041261818,0.01388888888888884,0.017995148998334664,,6,,2,138.1528211281879,25,,4,,6,0.0,0.0,0.9276003499701575,0.12803385288204272,0.85,0.0,0.0,0.9184891119896872,0.24612661456538418,0.9333333333333333,0.0,0.0,0.9465580230287929,0.08387096929811766,0.9166666666666666
e61,e61,39610.0,e61_66,12.031165757278785,75,75.34772977247604,0.0,0.015651779507251856,,3,,3,65.16366329015625,22,,0,,3,0.0,0.0,0.9277756416694889,0.17732388635621965,0.85,0.0,0.0,0.9164558391843054,0.25498884380131026,0.9166666666666666,0.0,0.0,0.948175815998354,0.0825915679018975,0.7166666666666667
e61,e61,39670.0,e61_66,14.488300297821734,70,72.9746346251363,0.014084507042253502,0.01902586105774693,146.34818479633364,12,,3,106.11094717379092,43,,8,146.69076936938404,12,0.0,0.0,0.9316337524734172,0.05865882883499014,0.75,0.0,0.0,0.9126856415626805,0.09530348441804293,0.7833333333333333,0.4893173341363767,0.5,0.9625212545233004,0.020398753455353143,0.55
e61,e61,39730.0,e61_66,9.921913769036696,74,75.16009099373717,0.0,0.021007754770713833,130.45849366642074,14,,9,104.27026783370148,39,134.86466016900053,13,132.49092857190695,14,0.4805058380958612,0.5,0.9355888971309655,0.022693624894716692,0.6166666666666667,0.0,0.0,0.9130296901329121,0.04599861826653305,0.6666666666666666,0.48536192189103944,0.5,0.9529746762320477,0.02278707614896814,0.55
e61,e61,39790.0,e61_66,12.206934824675935,74,75.31197987684105,0.0,0.03420989541129345,195.6767436892625,13,,9,67.70697980282587,38,195.6767436892625,13,196.680790453296,13,0.7190023956477839,0.75,0.9338389885966322,0.01917985187418301,0.5,0.0,0.0,0.9155924844607265,0.040002054920151194,0.5833333333333334,0.4871483574165415,0.5,0.9589691577567444,0.022453843082769372,0.6333333333333333
e61,e61,39850.0,e61_66,10.417664843613187,72,76.67413174591705,0.040000000000000036,0.024711233976667864,140.25726491193575,14,176.93692520848253,15,80.96847437065716,52,140.25726491193575,14,147.16366011058184,15,0.9594504325227011,1.0,0.9327376775737684,0.010403691220013478,0.3,0.47492141547201633,0.5,0.9156631635365137,0.022131001413171682,0.55,0.9764749502024289,1.0,0.9638690659118994,0.017881662328540694,0.4666666666666667
e61,e61,39910.0,e61_66,8.483107959116767,74,77.53485676405607,0.02631578947368418,0.024833903683026296,129.48394515008584,24,141.70591521263324,20,96.44253391300425,42,129.48394515008584,24,130.50070797742325,24,0.9627565016243191,1.0,0.9380385568651095,0.0076141899342488766,0.25,0.9496864649203108,1.0,0.9161441082005181,0.016692862165906198,0.38333333333333336,0.4870733333909272,0.5,0.9611024030972858,0.025181296220240117,0.8166666666666667
e61,e61,39970.0,e61_66,9.493416383536678,75,75.3868286649969,0.0,0.03338237100042124,71.26096406869613,11,139.33674439310033,12,93.33676286481835,31,,8,70.21395872616783,11,0.0,0.0,0.9384736286650776,0.13965297016328793,0.6833333333333333,0.0,0.0,0.9308977051338256,0.26717032752550474,0.7666666666666667,0.0,0.0,0.9596869949848823,0.05505034865860873,0.95
e61,e61,40030.0,e61_66,11.054401095369796,73,75.7154160374944,0.026666666666666616,0.012426089926591225,99.09196155345899,42,58.164349199979384,43,78.8443445280795,61,74.26354501765817,40,96.62600770938256,42,0.9686072023843705,1.0,0.9482766249825836,0.004166103333142614,0.26666666666666666,0.9619083267429432,1.0,0.9365138779049054,0.008777495545680584,0.26666666666666666,0.9767332087498896,1.0,0.965807983095101,0.019183030433390237,0.45
e61,e61,40090.0,e61_66,13.719011518603423,71,74.37451036818213,0.01388888888888884,0.014692471833353064,152.1403478107806,18,140.80121338061375,17,114.43188719948525,36,143.84337999626538,16,152.97058540778355,18,0.9715187480781271,1.0,0.9565506132952124,0.016082240330195993,0.4166666666666667,0.0,0.0,0.9497175895927759,0.03386481244223451,0.6166666666666667,0.4891490677617768,0.5,0.9655242371042251,0.028646315588327174,0.6666666666666666
e61,e61,40150.0,e61_66,10.526746041496551,75,76.25079904496346,0.0,0.010155865690729581,149.60478534082725,21,147.57838003992433,13,35.744499868278105,46,111.21418479176593,18,146.76511847165867,21,0.9677420802730239,1.0,0.9481733752993025,0.007395461907486923,0.4166666666666667,0.9641869778719396,1.0,0.9409670901083453,0.015587921259913144,0.48333333333333334,0.49092593498606707,0.5,0.9629435838246396,0.02207079590001193,0.55
e61,e61,40210.0,e61_67,11.124255611478679,74,75.09476020023399,0.0,0.019931737616646697,176.89534100682775,17,125.56026783730194,11,127.75618437271105,30,155.94044857766752,13,172.51811499086116,17,0.0,0.0,0.9405228184710981,0.0365414821098558,0.6166666666666667,0.0,0.0,0.9383867801115011,0.06656186906854647,0.6833333333333333,0.0,0.0,0.9675516060899807,0.038716183522970196,0.8
e61,e61,40270.0,e61_67,10.727471896713803,75,75.40340823387281,0.0,0.031820575039374036,139.54482425106428,25,130.24238336839807,27,87.6499727484323,55,139.54482425106428,25,135.8614490329517,25,0.9622648387879867,1.0,0.937895814384289,0.0069630341652942695,0.21666666666666667,0.9590071496233596,1.0,0.933661818453803,0.014626156073798885,0.45,0.975411527146498,1.0,0.9596480724727563,0.01924308000185391,0.38333333333333336
e61,e61,40330.0,e61_67,11.227330291558271,72,73.46665899330031,0.0,0.026628821530715746,128.64952339512055,43,146.27622765043208,40,70.20741475221486,63,128.64952339512055,43,130.4935685333627,43,0.9622763824820766,1.0,0.9371273041367942,0.004963297949085865,0.0,0.9631506564596264,1.0,0.9385844274327106,0.010808563451918425,0.11666666666666667,0.9764722173670014,1.0,0.9653187914890975,0.01822195949296463,0.3333333333333333
e61,e61,40390.0,e61_67,40.7326645838805,69,73.82707238759592,0.04166666666666663,0.028714655204400596,162.15686706716136,28,116.74596306436862,14,93.52185782278387,31,160.69523128198557,25,159.4202459376312,28,0.48388016768547243,0.5,0.9426629574640961,0.02233792445140626,0.55,0.0,0.0,0.9440206427679679,0.0497252367563638,0.5833333333333334,0.0,0.0,0.9716273296673509,0.034656530267069385,0.9333333333333333
e61,e61,40450.0,e61_67,12.36009483763285,74,74.36888703223427,0.0,0.03152438341971142,188.71675514345566,19,197.199220465202,16,77.7456610839654,33,135.89783305353265,13,187.4536979866999,19,0.0,0.0,0.9409642968855202,0.1390060911890518,0.5666666666666667,0.0,0.0,0.9459554784788431,0.2574394289042468,0.6666666666666666,0.0,0.0,0.9630152485422488,0.0805385490814107,0.7833333333333333
e61,e61,40510.0,e61_67,16.647630536898852,74,74.03828890117452,0.0,0.02848394534216372,154.39898665662318,20,146.82974332302553,19,132.00209343556247,32,158.56440230308434,17,176.864220183033,22,0.4777928839655964,0.5,0.9295157481361278,0.02622399892797777,0.55,0.0,0.0,0.9433860635832662,0.0584962497897972,0.6666666666666666,0.4857079728193221,0.5,0.9611908118953201,0.02857695163689715,0.7833333333333333
e61,e61,40570.0,e61_67,16.491798468299038,68,72.97095148077568,0.02857142857142858,0.02120314586500217,139.95064001506032,11,160.2817897662795,12,111.93434180357697,26,180.23536878497987,14,142.0563268566381,11,0.47648581503426474,0.5,0.9217914808706552,0.02289358325676645,0.5666666666666667,0.0,0.0,0.9348246714505779,0.05108359465899481,0.6666666666666666,0.0,0.0,0.9474455533201794,0.033124517618027545,1.0
e61,e61,40630.0,e61_67,20.32152450797078,74,74.97029302162925,0.0,0.03738763171807304,,8,,7,199.8432816973924,13,,5,,8,0.0,0.0,0.9232124165783432,0.08841542650794285,0.85,0.0,0.0,0.9330794632347964,0.16737125140919734,0.9666666666666667,0.0,0.0,0.9424850044707427,0.07718638103610831,0.9666666666666667
e61,e61,40690.0,e61_67,17.98297125505114,73,74.78676423810535,0.0,0.039676871589276554,154.26253353770716,10,,6,163.80808646922267,31,,8,150.1850710142508,10,0.0,0.0,0.9129710156319668,0.09370406616571517,0.7666666666666667,0.0,0.0,0.9332371995395561,0.19420374320473516,0.8666666666666667,0.0,0.0,0.9391649672063078,0.036204858072917165,0.95
e61,e61,40750.0,e61_67,15.403891599889668,74,75.0625364757771,0.0,0.034086610716274474,,9,123.8143640487309,13,119.89069729080317,35,,7,,9,0.0,0.0,0.9112346853692764,0.05648218653016035,0.6333333333333333,0.0,0.0,0.9330028312514612,0.117753210371417,0.95,0.0,0.0,0.9374464245608545,0.04319802003457425,0.9666666666666667
e61,e61,40810.0,e61_68,15.837671132748262,76,77.63412589190493,0.02564102564102566,0.04412590091045725,197.4316849988301,12,142.73114172963253,10,144.66421248878382,26,,9,195.35515443324334,12,0.2360894262925286,0.25,0.9080955455223123,0.030244144412131378,0.6666666666666666,0.0,0.0,0.9314787262972501,0.06864632806681462,1.0,0.0,0.0,0.9398232118365526,0.044994433086733496,1.0
e61,e61,40870.0,e61_68,15.344631801254563,79,84.39495149421246,0.048192771084337394,0.05680728568095416,,4,,4,160.07048008221253,11,,0,,4,0.0,0.0,0.9032647578963497,0.22971438154272694,0.9833333333333333,0.0,0.0,0.924330441329235,0.25199536950189383,1.0,0.0,0.0,0.9377917804159571,0.15095748309742943,0.9833333333333333
e61,e61,40930.0,e61_68,63.058244140569286,53,93.13169287070559,0.4044943820224719,0.2933565092741352,200.4633304996203,11,,3,94.34255668953111,24,,4,,8,0.0,0.0,0.9011000531060698,0.20494901363978657,0.9166666666666666,0.0,0.0,0.9234248817980484,0.2710487702280975,1.0,0.0,0.0,0.9299532589430828,0.11348003699791392,1.0
e61,e61,40990.0,e61_68,47.231688153959205,72,96.34452803223213,0.25,0.24706989846739444,,3,,5,139.38983011533995,13,,0,,2,0.0,0.0,0.897892645612513,0.21577341623521296,1.0,0.0,0.0,0.9244025067233955,0.3169350693899416,1.0,0.0,0.0,0.920844293274105,0.10937320477057358,1.0
e61,e61,41050.0,e61_68,32.31554719091975,78,123.48207091785119,0.2777777777777778,0.35829232288026774,,8,221.3572303709549,11,73.97162805976694,21,,2,,8,0.0,0.0,0.8885370539787389,0.1096629231595928,0.9833333333333333,0.0,0.0,0.9091457942576812,0.21556589075474447,1.0,0.0,0.0,0.9216060997052871,0.09136258930076924,1.0
e61,e61,41110.0,e61_68,43.39711028539794,84,107.96503012778606,0.19999999999999996,0.27486248219361914,95.92210279538027,13,,7,64.71891221008161,17,,0,94.56038635002855,13,0.0,0.0,0.8898276959081743,0.19299763957690833,1.0,0.0,0.0,0.8967828861087881,0.32024074927753354,1.0,0.0,0.0,0.9167127671239432,0.07064486855379566,1.0
e61,e61,41170.0,e61_68,35.155346251554946,88,93.17016132440695,0.053763440860215006,0.04676248444182287,,8,,9,65.3932384483719,33,,7,,8,0.0,0.0,0.8878064177056897,0.03262709176105769,0.8333333333333334,0.0,0.0,0.8946877999074417,0.05531569667538203,0.95,0.0,0.0,0.9186945776368904,0.03133926125911835,0.8666666666666667
e61,e61,41230.0,e61_68,15.446272548650724,72,92.86164775225383,0.1910112359550562,0.07810106306997959,,4,,9,91.59453946109949,12,,5,,4,0.0,0.0,0.8867581757490983,0.19473137126538104,0.8333333333333334,0.0,0.0,0.8929716425947718,0.3428506778356142,1.0,0.0,0.0,0.9260858032999124,0.07025317207239062,1.0
e61,e61,41290.0,e61_68,18.470143696679923,84,88.59815568128847,0.07692307692307687,0.055865280046574047,,6,,6,153.54312920861653,24,,4,,6,0.0,0.0,0.8947307567246665,0.14031277302974754,0.9,0.0,0.0,0.8891794674891451,0.30289857047075985,1.0,0.0,0.0,0.945404275558326,0.07944319553663814,1.0
e61,e61,41350.0,e61_68,11.04788287852393,78,81.07790370371852,0.012658227848101222,0.021953053720092038,,7,,5,139.55914274878873,29,,5,,7,0.0,0.0,0.8975281474873493,0.19030260306933422,0.85,0.0,0.0,0.8975962556343877,0.2714291842682194,0.95,0.0,0.0,0.9381373293267837,0.07658294925774936,1.0
e61,e61,41410.0,e61_69,13.395387560179085,82,85.71373469714418,0.012048192771084376,0.03132197478054585,132.0941864007737,18,,8,146.0018093049278,25,65.88078458684123,10,107.76517681205434,16,0.0,0.0,0.9055785054703577,0.060864637219652205,0.8333333333333334,0.0,0.0,0.8998442948933183,0.12924215871835137,0.9,0.0,0.0,0.9307855556005943,0.08014615644670028,1.0
e61,e61,41470.0,e61_69,9.349998902437907,85,86.00880443454902,0.0,0.022068289461200326,,9,,8,126.6573075969497,19,,6,,9,0.0,0.0,0.9062841603206824,0.0935951199218939,0.8333333333333334,0.0,0.0,0.8958421978617996,0.1552598084225546,0.95,0.0,0.0,0.9342126997871263,0.06916847585473104,1.0
e61,e61,41530.0,e61_69,33.40360932841279,82,82.60577152740052,0.0,0.020436259422643842,159.0306551887803,12,111.46043523223427,12,113.85485578180737,27,,8,158.80233568238793,12,0.0,0.0,0.9117469489951141,0.059910792405682284,0.7333333333333333,0.0,0.0,0.8848088335771268,0.10600131782717659,0.8666666666666667,0.0,0.0,0.9366051629620868,0.048039533446357675,1.0
e61,e61,41590.0,e61_69,9.976768666808795,82,83.91027474336809,0.0,0.029808395512875986,,8,,8,149.5639821802863,19,,2,,8,0.0,0.0,0.9242164168088707,0.1675742857507465,0.9666666666666667,0.0,0.0,0.8799164326931477,0.2395831014850715,0.9833333333333333,0.0,0.0,0.9407774693781166,0.096117379508908,1.0
e61,e61,41650.0,e61_69,7.044499684745366,84,84.47152851911542,0.0,0.02893268441149055,,7,,4,165.31686230975444,14,,0,,7,0.0,0.0,0.926935917425731,0.25016418946531366,1.0,0.0,0.0,0.8820743525130147,0.33870168409278906,1.0,0.0,0.0,0.9384026081467115,0.12569390893668725,1.0
e61,e61,41710.0,e61_69,10.665914853783264,79,82.22050168162276,0.012499999999999956,0.03821124784295536,,9,,5,,9,,0,,9,0.0,0.0,0.911762120819785,0.24404913352150132,1.0,0.0,0.0,0.8882927225783799,0.22819157580383392,1.0,0.0,0.0,0.9280565442396564,0.11834262451628241,1.0
e61,e61,41770.0,e61_69,49.168057864742025,78,80.47782366479645,0.012658227848101222,0.03495959169717227,,6,,1,90.24705673871033,26,,2,,6,0.0,0.0,0.8829546521036375,0.14027642619135156,0.8666666666666667,0.0,0.0,0.900855649704335,0.2577539190246676,0.9666666666666667,0.0,0.0,0.9292727316788644,0.0604676039563116,1.0
e61,e61,41830.0,e61_69,10.176369597780319,75,78.64809173525498,0.013157894736842146,0.03288250849246213,,9,,4,157.97388870227493,17,,2,,9,0.0,0.0,0.8720733513088608,0.18396434507180143,0.9166666666666666,0.0,0.0,0.9121801569563776,0.20619671221143146,0.9833333333333333,0.0,0.0,0.9344638160432529,0.1036204575117774,1.0
e61,e61,41890.0,e61_69,6.4992633048375605,78,78.51465966827183,0.0,0.02909884356400532,,6,,6,69.2630008103172,16,,4,,6,0.0,0.0,0.8691768798371413,0.20886850321227818,0.8333333333333334,0.0,0.0,0.9177253631777259,0.22206553238201843,0.95,0.0,0.0,0.9344172678058986,0.07380469395480682,0.95
e61,e61,41950.0,e61_69,21.322103218940388,77,79.70922076242621,0.012820512820512775,0.032433553525210546,,6,,7,80.19142137722713,26,,5,,6,0.0,0.0,0.8679770039757996,0.14427242217778075,0.8666666666666667,0.0,0.0,0.9217204634443793,0.20236194263733787,0.9666666666666667,0.0,0.0,0.9494944004047863,0.04734301703444163,0.9833333333333333
e61,e61,42010.0,e61_70,10.54979710450564,76,76.78810705788598,0.0,0.025968093390999654,,5,,8,89.30798793315945,32,148.07727672675676,13,,5,0.0,0.0,0.8720762836168532,0.04075399529766806,0.5333333333333333,0.0,0.0,0.9184896967933208,0.07513387516221376,0.6333333333333333,0.0,0.0,0.9499388473262664,0.05385446879203644,0.9666666666666667
e61,e61,42070.0,e61_70,11.064806305564877,75,76.31975944030779,0.0,0.02664287436797611,225.6053449321,12,156.11249736805425,28,116.50017735614465,39,163.88383128377856,26,224.43869379571623,12,0.9301347979009217,1.0,0.8835579965015362,0.010295699966293068,0.21666666666666667,0.47409210402072477,0.5,0.9134111426911934,0.022589169481912245,0.5166666666666667,0.4851144190658594,0.5,0.9531780028148777,0.027657606008536756,1.0
e61,e61,42130.0,e61_70,19.727020568958988,74,74.57946504164038,0.0,0.025015912548620275,100.85894130748481,13,118.65853038817554,20,158.56162638854576,27,102.13453416049744,12,103.15845416962522,13,0.0,0.0,0.8930617256046975,0.059831942141530814,0.6166666666666667,0.0,0.0,0.9134938548132494,0.1304567234948813,0.6666666666666666,0.0,0.0,0.9438644857605034,0.04808562779269541,1.0
e61,e61,42190.0,e61_70,12.88334952582963,73,76.41384720818309,0.026666666666666616,0.027941620175223746,218.81974334626435,13,,5,147.08355465044727,28,,5,210.51524093677082,13,0.0,0.0,0.8826351346504899,0.06028412239496156,0.8666666666666667,0.0,0.0,0.9313161971973414,0.11635612441212168,0.95,0.0,0.0,0.939804816131257,0.03964674414283849,1.0
e61,e61,42250.0,e61_70,23.887542865285372,71,73.2784152322091,0.01388888888888884,0.02311108512366384,164.75856803877454,13,228.44049245646008,10,141.89422880430604,25,,8,169.26310879810757,13,0.0,0.0,0.8750782290899034,0.055306992675572236,0.6666666666666666,0.0,0.0,0.9404803291097835,0.10842153486444334,0.8333333333333334,0.0,0.0,0.9363408225961793,0.04045142307167611,1.0
e61,e61,42310.0,e61_70,29.197924524347595,71,71.6897268620507,0.0,0.018403390468710683,107.68788087570486,20,120.19068508520117,26,111.67025280408443,33,107.68788087570486,20,107.9229744820473,20,0.9370198956024927,1.0,0.929146106373781,0.015500302848150113,0.36666666666666664,0.0,0.0,0.9440713298335194,0.03381095005679265,0.6333333333333333,0.0,0.0,0.9424620786419833,0.03260480598310948,0.9833333333333333
e61,e61,42370.0,e61_70,11.553731615481642,71,72.17993013003033,0.0,0.013413660586000483,228.4070922819331,13,,9,114.59551795732179,52,212.0917493827848,12,227.87057730211683,13,0.9567776166944327,1.0,0.9310149998780801,0.017356947050899563,0.4666666666666667,0.0,0.0,0.9423512468400574,0.03548653611293627,0.7333333333333333,0.4860307983750132,0.5,0.9547919984886959,0.02480730653989329,0.9666666666666667
e61,e61,42430.0,e61_70,13.474047791654863,70,71.1290672489217,0.0,0.01232849441320962,196.93660680434547,17,123.60879464901895,16,93.36450097662193,34,200.9802637232074,16,198.4628428698934,17,0.23951298864392445,0.25,0.9308760788223959,0.02872484753058787,0.5166666666666667,0.0,0.0,0.9405463017145713,0.05428248131062838,0.7166666666666667,0.4881120912839422,0.5,0.962172898398394,0.026439440403295836,0.9666666666666667
e61,e61,42490.0,e61_70,14.29477920370238,69,68.97994752931562,0.0,0.00914248057662707,181.78874076070034,19,134.94609745654003,26,91.23108672603551,42,184.27449279499575,18,180.47776101842084,19,0.9587723556294786,1.0,0.9330826928647421,0.008657261148823744,0.35,0.9658384876535984,1.0,0.9448528377440583,0.016621980740644984,0.4166666666666667,0.4883842877089204,0.5,0.9618384741086177,0.022310440886366953,0.9333333333333333
e61,e61,42550.0,e61_70,13.75741512457007,71,72.00720071978529,0.0,0.015619815099570753,140.42230762655436,16,152.62727356346463,16,82.99422077569398,42,145.11074703911493,15,136.4795466971761,16,0.4814425887217749,0.5,0.9372736412063046,0.027523294579121338,0.5666666666666667,0.0,0.0,0.9473093232949369,0.05566062313833895,0.6833333333333333,0.0,0.0,0.9679885462303827,0.030570619637471416,0.9
e61,e61,42610.0,e61_71,11.383494426442812,70,73.1462901422635,0.02777777777777779,0.03644840228715333,167.98388982156393,13,,8,89.612960563151,29,155.77183779935606,10,197.40625818152463,14,0.0,0.0,0.9392617650604057,0.1386222719340732,0.75,0.0,0.0,0.9439223604899046,0.20636374100418325,0.8833333333333333,0.0,0.0,0.9675880623081438,0.034660332662630626,0.9333333333333333
e61,e61,42670.0,e61_71,14.304571999168997,70,71.4319729509946,0.0,0.01824824058299157,,6,,9,120.83150189552784,20,,1,,6,0.0,0.0,0.9417434594521666,0.23349669784965527,0.9333333333333333,0.0,0.0,0.940467256668479,0.23767371795892728,0.9333333333333333,0.0,0.0,0.9614009754334851,0.12455165427061823,0.9666666666666667
e61,e61,42730.0,e61_71,11.743998993122993,72,72.1039450472193,0.0,0.019880903523546673,174.67339935139586,28,148.24156868440076,22,75.34680790885285,71,184.3080445752135,28,175.93138393092875,28,0.9633588545132974,1.0,0.9391057201444464,0.009670857867146158,0.15,0.96049537168064,1.0,0.9407242056546958,0.018200813355322733,0.43333333333333335,0.491447567631188,0.5,0.9641727316171051,0.020576968092128417,0.65
e61,e61,42790.0,e61_71,12.577755664937506,71,72.68471912802733,0.0,0.019067123952593003,124.24309188313778,45,134.73955101502403,39,64.85337266759487,68,124.24309188313778,45,121.15917404202396,45,0.9582006480698033,1.0,0.9303344134496723,0.006229814920627791,0.0,0.9589135182948875,1.0,0.9326104200322639,0.012837835762104479,0.25,0.49209143748413464,0.5,0.9743191270831277,0.02164836471735078,0.8
e61,e61,42850.0,e61_71,17.752730112259595,71,71.83675815112746,0.0,0.016559083689982657,112.23151245703168,36,118.19959455609738,32,95.75791639465686,65,112.73911877212431,34,109.88305471857667,36,0.972648673142247,1.0,0.9544597057470785,0.007693861285041094,0.11666666666666667,0.9673036482908703,1.0,0.9461963285314852,0.015772547827766176,0.2833333333333333,0.49172276747538735,0.5,0.9724669532738469,0.023718455064852578,0.9833333333333333
e61,e61,42910.0,e61_71,12.947503105138015,69,72.25503135901347,0.014285714285714235,0.018683505812541037,126.47144197314121,17,105.64703295841613,16,111.482212443987,49,126.47144197314121,17,126.24381172952597,17,0.7277888626293603,0.75,0.9528527399054801,0.017486574739012557,0.5,0.24385778113292741,0.25,0.959170779535296,0.034754011633155585,0.6333333333333333,0.4882427443144027,0.5,0.9615338114606293,0.023243328093924313,1.0
e61,e61,42970.0,e61_71,14.344872788903828,71,71.7862206350739,0.0,0.013485139021200172,128.34450350865188,18,157.3326747902057,17,33.758797995643384,62,74.35079888368959,15,133.41664064126334,18,0.9686098801490771,1.0,0.9538754036616078,0.014467793548537777,0.45,0.4845553263630875,0.5,0.9511984762507588,0.02589218414534428,0.5833333333333334,0.49092496047824086,0.5,0.9696094696381494,0.020717275428828466,0.6833333333333333
e61,e61,43030.0,e61_71,10.99051227587845,70,71.71916210492812,0.0,0.02003809600722635,127.45349664826921,28,122.76845397104736,18,92.04060402162328,60,116.68562403213701,27,127.90331996965232,28,0.9679291129181381,1.0,0.948095760885604,0.01385562148087115,0.31666666666666665,0.48489249098498854,0.5,0.9479141602156445,0.026575959703417452,0.55,0.49165983573775185,0.5,0.9701249645245804,0.02356896647718943,0.7833333333333333
e61,e61,43090.0,e61_71,12.086070270041947,73,72.49993052092036,0.0,0.018636489537559087,151.4018357522148,17,202.94964385952574,13,83.405962583583,43,153.2496531617492,15,151.41003929726722,17,0.4835669295318605,0.5,0.9461250915690603,0.021979428309586817,0.55,0.0,0.0,0.9381455810395978,0.04391034845357694,0.7833333333333333,0.0,0.0,0.9700531045083975,0.03360785130400497,0.9666666666666667
e61,e61,43150.0,e61_71,41.41039514266513,74,76.79385649154648,0.0,0.02540626389243749,175.21610540629536,21,151.37483779630332,15,53.024501328805336,47,183.9120689039783,19,173.91089672588086,21,0.9615251562318192,1.0,0.9368927843094481,0.010016387245114024,0.1,0.478954171614619,0.5,0.9290950425678622,0.02030675976202693,0.5166666666666667,0.4903258115677837,0.5,0.9677527052259457,0.023769923363118325,0.9666666666666667
e61,e61,43210.0,e61_72,21.285730913839895,74,76.01879437989545,0.013333333333333308,0.022620915678603328,80.20145367239158,45,77.15085602634507,47,50.34806709679195,63,83.51043773424658,43,80.60848139449888,45,0.9608894817596438,1.0,0.9456383391270964,0.005325236303707506,0.21666666666666667,0.9611583984231903,1.0,0.9469505483843043,0.011046801264692319,0.26666666666666666,0.49291779325260887,0.5,0.9764014744628766,0.02458103277624009,1.0
e61,e61,43270.0,e61_72,12.795132740908237,74,75.08536267128893,0.0,0.02270145276376714,,9,,5,144.75611508194885,20,,6,,9,0.0,0.0,0.9466891356885766,0.23401660331242427,0.8166666666666667,0.0,0.0,0.9669318736589227,0.37592233191583624,0.8666666666666667,0.0,0.0,0.9674915087115235,0.16503102591394975,0.9833333333333333
e61,e61,43330.0,e61_72,13.346086023670798,74,74.29121537331213,0.0,0.02607265247089033,163.52839648921324,16,188.2621728685109,14,148.83028695080412,24,71.17526233706484,11,162.5423021862309,16,0.0,0.0,0.9406957387651688,0.16664209850110084,0.7833333333333333,0.0,0.0,0.955634778784951,0.17534521607151848,0.8,0.0,0.0,0.9498927939270752,0.11756889547481042,1.0
e61,e61,43390.0,e61_72,45.48120436245847,72,76.47730249267191,0.052631578947368474,0.03506118976048689,,9,,2,93.15520019056716,29,,3,,8,0.0,0.0,0.931133375972844,0.1594531586350707,0.9,0.0,0.0,0.9556276382601301,0.23405380922279978,0.9666666666666667,0.0,0.0,0.9496881634934733,0.044545677308927105,0.9666666666666667
e61,e61,43450.0,e61_72,9.746155350631359,77,77.92197672499528,0.0,0.032727253077638206,,9,,8,157.90746871746697,33,,6,,9,0.0,0.0,0.9268374476533412,0.0517983157051147,0.7666666666666667,0.0,0.0,0.9477011310241814,0.10024255021959404,1.0,0.0,0.0,0.9455108872271588,0.03335295105729126,1.0
e61,e61,43510.0,e61_72,15.22716984356001,74,77.01297476093993,0.013333333333333308,0.038020762912084005,,9,,6,170.98491115811944,28,,6,233.54752074137812,10,0.0,0.0,0.9163591277289618,0.10982835887920363,0.95,0.0,0.0,0.9444072650375748,0.2335640114522612,1.0,0.0,0.0,0.9359762289410694,0.05776941580138079,1.0
e61,e61,43570.0,e61_72,15.060997721989047,73,73.41622841232132,0.0,0.028991969649496803,153.20180124074616,12,235.28469291211871,13,150.2764379818074,30,,5,159.4678651014053,11,0.0,0.0,0.9133451014132357,0.07428946015441544,0.85,0.0,0.0,0.9347605392084284,0.13101099074407105,1.0,0.0,0.0,0.9329524207082581,0.04113955579807586,0.9833333333333333
e61,e61,43630.0,e61_72,12.171817655288951,75,75.52052521949524,0.0,0.030342225663748848,,4,,7,121.13502147077095,30,,1,,4,0.0,0.0,0.9108750301938746,0.14382218144615042,0.9666666666666667,0.0,0.0,0.92677968294821,0.17419557808571465,1.0,0.0,0.0,0.9348882512044641,0.056486920328691376,0.85
e61,e61,43690.0,e61_72,9.563447244886966,76,76.62996729840621,0.0,0.019773393097126665,173.62196146649254,10,,8,104.63088886157574,42,,9,,9,0.47230024282153454,0.5,0.9111735553262675,0.02905047978225312,0.7,0.0,0.0,0.9223870940520932,0.044902711549731716,0.9833333333333333,0.482252155004245,0.5,0.9476248351545679,0.02706509058645224,0.7833333333333333
e61,e61,43750.0,e61_72,9.614958967536063,75,75.60931657968813,0.0,0.02336546239379223,,9,,8,176.7014287771636,40,,4,,9,0.0,0.0,0.9106814504796654,0.044929694214487365,0.8333333333333334,0.0,0.0,0.9219908498299706,0.08252831853573145,1.0,0.0,0.0,0.9456534848934773,0.030372126809519888,0.9833333333333333
e61,e61,43810.0,e61_73,19.31025617099574,73,75.51729345990739,0.013513513513513487,0.022809093609118772,,7,152.11138310237726,12,108.09196440002903,29,,3,,7,0.0,0.0,0.9139832905143865,0.07472262840152506,0.9166666666666666,0.0,0.0,0.9173538673820789,0.10771748610927759,0.95,0.0,0.0,0.9394365647360592,0.03313954165398342,1.0
e61,e61,43870.0,e61_73,11.533733352737778,76,76.20736277422706,0.0,0.026655339161469626,105.81380028078148,10,,7,125.49448379970497,35,,8,105.83005244258362,10,0.0,0.0,0.9134908340849763,0.04016456026059219,0.8166666666666667,0.0,0.0,0.8976501977560392,0.07554533599901164,0.9166666666666666,0.48327161402655805,0.5,0.9470477593039724,0.028650680898278175,0.9833333333333333
e61,e61,43930.0,e61_73,8.397233309816643,77,78.26583774433263,0.0,0.029927377721619044,190.23222388880865,23,133.79364483158918,22,65.15622918331668,46,190.23222388880865,23,181.42294704442907,22,0.9503618584366857,1.0,0.9220547188600926,0.012349924093374834,0.45,0.47074148977613384,0.5,0.9032578973271332,0.026072126620831713,0.6,0.24289848982045625,0.25,0.9586380337603431,0.030407919703001864,0.9833333333333333
e61,e61,43990.0,e61_73,10.180981766244363,76,76.93846461630044,0.0,0.026080686800390798,131.97279189794875,15,152.7563523190709,17,80.27319989320065,41,92.2584953898063,12,158.7870691628677,16,0.0,0.0,0.9258539851870103,0.07080439612481532,0.6666666666666666,0.0,0.0,0.9105421525996689,0.10665065804447554,0.7666666666666667,0.0,0.0,0.9661689437063,0.03942045159265429,0.9666666666666667
e61,e61,44050.0,e61_73,9.4905294525313,75,77.25229053028329,0.013157894736842146,0.02673894793931741,175.8998442532947,16,,9,124.5873315141958,33,175.8998442532947,16,167.99234676445406,15,0.9518124213713676,1.0,0.9200563584436746,0.019378594875620513,0.45,0.0,0.0,0.9104920994455559,0.04196531202142667,0.9166666666666666,0.0,0.0,0.9588297882110887,0.03264903424636012,1.0
e61,e61,44110.0,e61_73,23.153126361002016,77,78.52498665113626,0.025316455696202556,0.053394815920034436,203.35857297244414,10,,5,153.7762741556919,24,,5,193.82982226685345,11,0.0,0.0,0.9207130072384377,0.10066803609604832,0.8666666666666667,0.0,0.0,0.9095535966105718,0.14095342427926427,0.9333333333333333,0.0,0.0,0.9507090293447441,0.05648975811953426,1.0
e61,e61,44170.0,e61_73,40.786414366696896,76,94.67679708403935,0.15555555555555556,0.06038536603904124,,2,,3,153.71379146810477,26,,0,,2,0.0,0.0,0.9180502771065133,0.21640973978116396,0.9666666666666667,0.0,0.0,0.9104751935078989,0.2746230513225716,1.0,0.0,0.0,0.9358670738803743,0.08053566331762768,0.9833333333333333
e61,e61,44230.0,e61_73,16.061860788357688,87,89.3246609010787,0.011363636363636354,0.05645797793767072,171.81580420006964,10,,7,99.46611576071426,22,,6,160.68602926203636,11,0.0,0.0,0.9140402972090513,0.14116386602020747,0.8333333333333334,0.0,0.0,0.9130113411987166,0.27468029247492776,0.9666666666666667,0.0,0.0,0.922354016640948,0.06115502154837422,0.9833333333333333
e61,e61,44290.0,e61_73,9.423943168832604,81,88.06525047946522,0.07954545454545459,0.04832339675885831,,6,,4,154.69056885283567,19,,1,,6,0.0,0.0,0.9106363049867668,0.2839085304337705,0.9666666666666667,0.0,0.0,0.9090581056785311,0.38443769218248447,1.0,0.0,0.0,0.9333849967961659,0.15307524562932517,1.0
e61,e61,44350.0,e61_73,10.176649013740644,82,85.76936189767024,0.023809523809523836,0.042829111971600275,168.34683707181236,16,123.1199294187959,15,89.82676469878007,31,126.45635981436442,13,165.7181341917655,17,0.0,0.0,0.911169069409393,0.04839816535242593,0.6166666666666667,0.0,0.0,0.9076773417955957,0.09317262568852785,0.6666666666666666,0.0,0.0,0.9356932331200238,0.041243133600080806,1.0
