record,subject,activity,t0,ref_rmssd,ref_n,ref_hr,acc_sd,rmssd_off,n_off,rmssd_sensor2_off,n_sensor2_off,rmssd_inverted_off,n_inverted_off,rmssd_inloop_0.2,n_inloop_0.2,rmssd_inloop_0.3,n_inloop_0.3,rmssd_inloop_0.4,n_inloop_0.4,rmssd_v2,n_v2,rmssd_v2_inloop_0.4,n_v2_inloop_0.4,sqi_full_off,sqi_amp_off,sqi_per_off,mod_median_off,penalty_lt1_frac_off,sqi_full_sensor2_off,sqi_amp_sensor2_off,sqi_per_sensor2_off,mod_median_sensor2_off,penalty_lt1_frac_sensor2_off,sqi_full_inverted_off,sqi_amp_inverted_off,sqi_per_inverted_off,mod_median_inverted_off,penalty_lt1_frac_inverted_off,sqi_full_v2,sqi_amp_v2,sqi_per_v2,mod_median_v2,penalty_lt1_frac_v2,n_nan_samples
s1_walk,1,walk,10.0,13.667322302657393,94,93.45794392523321,1.8714249901833842,115.86303303574624,67,190.84606944399516,55,54.43023610466556,84,115.86303303574624,67,115.86303303574624,67,115.86303303574624,67,54.43023610466556,84,54.43023610466556,84,0.9549563006658013,1.0,0.9249271677763355,0.005912879315759298,0.0,0.9614633684652701,1.0,0.9357722807754503,0.005816820746180571,0.0,0.9819653428207826,1.0,0.9699422380346379,0.00577880389721501,0.0,0.9820259393489503,1.0,0.9700432322482506,0.005912879315759298,0.0,0
s1_walk,1,walk,70.0,10.47503297319225,96,96.93053311793219,2.0069922900764587,136.73227229046654,71,217.11172239195193,57,41.486276177925525,91,136.73227229046654,71,136.73227229046654,71,136.73227229046654,71,41.486276177925525,91,41.486276177925525,91,0.9594130765383411,1.0,0.9323551275639017,0.006385191928943726,0.0,0.9656321158579775,1.0,0.9427201930966291,0.006823717026905297,0.0,0.9846969802934218,1.0,0.974494967155703,0.006349144199468662,0.0,0.9846969802934218,1.0,0.974494967155703,0.006385191928943726,0.0,0
s1_walk,1,walk,130.0,11.700984722588991,93,94.33962264150585,1.7616182180621445,134.03248069909375,69,169.98235202514408,51,53.055571027190695,95,134.03248069909375,69,134.03248069909375,69,134.03248069909375,69,53.055571027190695,95,53.055571027190695,95,0.958258643256682,1.0,0.93043107209447,0.0060765293967252505,0.0,0.9598221599096676,1.0,0.9330369331827794,0.005387880111743204,0.0,0.9844030603505216,1.0,0.9740051005842028,0.006082243226918394,0.0,0.9844030603505216,1.0,0.9740051005842028,0.0060765293967252505,0.0,0
s1_walk,1,walk,190.0,12.766275015748125,91,92.02453987729847,1.8537063008697128,163.62264030705722,77,150.61777546396803,57,51.63268408609091,92,163.62264030705722,77,163.62264030705722,77,163.62264030705722,77,51.63268408609091,92,51.63268408609091,92,0.9553784340876627,1.0,0.9256307234794379,0.00607384540117663,0.0,0.9689781875918302,1.0,0.9482969793197169,0.004962463222217698,0.0,0.9842976950926314,1.0,0.9738294918210523,0.006081110392367979,0.0,0.9842976950926314,1.0,0.9738294918210523,0.00607384540117663,0.0,0
s1_walk,1,walk,250.0,18.253268698556692,89,90.90909090908747,2.0027061327817757,154.79767065618174,70,127.57522720532866,58,57.619441163551734,86,154.79767065618174,70,154.79767065618174,70,154.79767065618174,70,57.619441163551734,86,57.619441163551734,86,0.9541402127131458,1.0,0.9235670211885763,0.006742384952054939,0.0,0.9693279218415127,1.0,0.9488798697358545,0.007357040216016263,0.0,0.9813204405661493,1.0,0.9688674009435821,0.006744469509597176,0.0,0.9813204405661493,1.0,0.9688674009435821,0.006742384952054939,0.0,0
s1_walk,1,walk,310.0,13.56946700436528,93,93.750000000002,1.7132970968834824,145.43832951566685,66,93.69403091217407,57,55.19727466492148,93,145.43832951566685,66,145.43832951566685,66,145.43832951566685,66,55.19727466492148,93,55.19727466492148,93,0.9555142462013566,1.0,0.9258570770022612,0.006435240965617452,0.0,0.9756079468875409,1.0,0.9593465781459016,0.005742930830783696,0.0,0.983617365234033,1.0,0.9726956087233884,0.006442333301726456,0.0,0.983617365234033,1.0,0.9726956087233884,0.006435240965617452,0.0,0
s1_walk,1,walk,370.0,13.68563857833944,92,92.73570324575086,1.6570024262631056,151.0610619731122,73,178.05573889612813,53,55.19197266046799,92,151.0610619731122,73,151.0610619731122,73,151.0610619731122,73,55.19197266046799,92,55.19197266046799,92,0.9574816238005281,1.0,0.929136039667547,0.006261303615604799,0.0,0.9577828990339614,1.0,0.9296381650566024,0.005031939560148558,0.0,0.9831367714591669,1.0,0.9718946190986115,0.006287861261503517,0.0,0.9831367714591669,1.0,0.9718946190986115,0.006261303615604799,0.0,0
s1_walk,1,walk,430.0,14.854365483347713,93,94.04388714733047,1.792174533558435,143.33894317867336,77,147.92719878491204,58,53.13263519793577,92,143.33894317867336,77,143.33894317867336,77,143.33894317867336,77,53.13263519793577,92,53.13263519793577,92,0.9573478756377309,1.0,0.9289131260628849,0.006725698451469492,0.0,0.95253676497584,1.0,0.9208946082930667,0.006195082898629026,0.0,0.9842178798853813,1.0,0.9736964664756357,0.006747469572475229,0.0,0.9842178798853813,1.0,0.9736964664756357,0.006725698451469492,0.0,0
s1_run,1,run,10.0,27.578459503232764,78,78.84362680683302,1.4834762401683257,205.77380091463817,22,288.4982668925413,17,,4,205.77380091463817,22,205.77380091463817,22,205.77380091463817,22,,4,,4,0.9476498976140534,1.0,0.9127498293567555,0.0011517895181411548,0.0,0.9391695448014646,1.0,0.8986159080024411,0.0006209147035816001,0.0,0.8270061865148577,1.0,0.7116769775247627,0.001156066248000342,0.0,0.8270061865148577,1.0,0.7116769775247627,0.0011517895181411548,0.0,0
s1_run,1,run,70.0,25.9130696654649,79,79.36507936507934,1.796036146449912,241.72987679087856,22,174.35595774162695,22,,4,241.72987679087856,22,241.72987679087856,22,241.72987679087856,22,,4,,4,0.947793302645387,1.0,0.9129888377423117,0.0012489941729833015,0.0,0.9462351460300031,1.0,0.9103919100500053,0.0005656727213665981,0.0,0.8411874184802348,1.0,0.7353123641337246,0.0012493842288120996,0.0,0.8411874184802348,1.0,0.7353123641337246,0.0012489941729833015,0.0,0
s1_run,1,run,130.0,30.473894202216602,80,81.4111261872446,2.039732619871776,228.60188872669394,18,187.19288573711404,35,,2,228.60188872669394,18,228.60188872669394,18,228.60188872669394,18,,2,,2,0.950461993201505,1.0,0.9174366553358417,0.001373325410386362,0.0,0.9556657251011639,1.0,0.9261095418352732,0.0005501678694661083,0.0,0.8659170666369479,1.0,0.7765284443949132,0.0013717149081096088,0.0,0.8659170666369479,1.0,0.7765284443949132,0.001373325410386362,0.0,0
s1_run,1,run,190.0,27.803543605754868,82,83.56545961002745,1.9874366033465383,210.3146644067316,32,204.07514955688913,31,133.32291625973383,13,210.3146644067316,32,210.3146644067316,32,210.3146644067316,32,133.32291625973383,13,133.32291625973383,13,0.9441818008106021,1.0,0.9069696680176701,0.0010441656503303583,0.0,0.969648876281674,1.0,0.9494147938027899,0.00045498225048119475,0.0,0.8833447655458254,1.0,0.8055746092430424,0.0010411895756266597,0.0,0.8833447655458254,1.0,0.8055746092430424,0.0010441656503303583,0.0,0
s1_run,1,run,250.0,29.779531776378718,79,80.21390374331654,1.625697633591938,172.81555888086103,24,233.26025128080911,30,112.57320850329918,34,172.81555888086103,24,172.81555888086103,24,172.81555888086103,24,112.57320850329918,34,112.57320850329918,34,0.9316626257194057,1.0,0.8861043761990095,0.0009287475080109596,0.0,0.9685233265924871,1.0,0.9475388776541451,0.00039106685101783273,0.0,0.9221484801773325,1.0,0.8702474669622208,0.0009272645636611562,0.0,0.9221484801773325,1.0,0.8702474669622208,0.0009287475080109596,0.0,0
s1_run,1,run,310.0,24.212732399637684,79,80.21390374331654,1.9496813368848736,119.58260743101398,14,224.9187887626588,27,196.18734333338256,20,119.58260743101398,14,119.58260743101398,14,119.58260743101398,14,196.18734333338256,20,196.18734333338256,20,0.8975230480961303,1.0,0.829205080160217,0.0012158522584525275,0.0,0.9674715611910201,1.0,0.9457859353183667,0.0005013461300482273,0.0,0.9522412461011169,1.0,0.9204020768351948,0.001208584093210758,0.0,0.9522412461011169,1.0,0.9204020768351948,0.0012158522584525275,0.0,0
s1_run,1,run,370.0,25.90614222781464,79,78.53403141361154,1.788525575733936,206.42795353343016,25,234.38841915607256,30,123.25054837370341,44,206.42795353343016,25,206.42795353343016,25,206.42795353343016,25,123.25054837370341,44,123.25054837370341,44,0.9125654229150727,1.0,0.8542757048584544,0.0011101681076852803,0.0,0.965447144461188,1.0,0.9424119074353132,0.0004226032549838435,0.0,0.9591662223416013,1.0,0.9319437039026688,0.001115199303068767,0.0,0.9591662223416013,1.0,0.9319437039026688,0.0011101681076852803,0.0,0
s1_run,1,run,430.0,24.468346899609898,81,81.74386920981144,1.8083536337627442,169.25280389969018,44,208.2761324982319,39,94.13347497628627,55,169.25280389969018,44,169.25280389969018,44,169.25280389969018,44,94.13347497628627,55,94.13347497628627,55,0.9503389944283364,1.0,0.9172316573805606,0.00097754145912752,0.0,0.9661593822146346,1.0,0.9435989703577243,0.0005739499272558407,0.0,0.9687928508680836,1.0,0.9479880847801394,0.0009823984440500073,0.0,0.9687928508680836,1.0,0.9479880847801394,0.00097754145912752,0.0,0
s1_sit,1,sit,10.0,27.822332608549903,74,74.6268656716416,0.015571727032272532,129.4808008076015,73,80.68933777624669,66,32.624891749151224,74,129.4808008076015,73,129.4808008076015,73,129.4808008076015,73,32.624891749151224,74,32.624891749151224,74,0.9692784931335059,1.0,0.948797488555843,0.0020581956963033393,0.0,0.977018849586212,1.0,0.9616980826436865,0.0012305739051343225,0.0,0.9866869664182537,1.0,0.9778116106970896,0.002065450248494489,0.0,0.9865773237093511,1.0,0.9776288728489186,0.0020581956963033393,0.0,0
s1_sit,1,sit,70.0,29.195608602044615,74,74.44168734491339,0.01557269078526007,136.82627149574958,71,111.40109551361088,50,31.601402637361662,75,136.82627149574958,71,136.82627149574958,71,136.82627149574958,71,31.601402637361662,75,31.601402637361662,75,0.9669877226694077,1.0,0.944979537782346,0.0020878026086544594,0.0,0.9779313381632494,1.0,0.963218896938749,0.0013532262900095957,0.0,0.9843203663692728,1.0,0.9738672772821213,0.002093638027666338,0.0,0.9843203663692728,1.0,0.9738672772821213,0.0020878026086544594,0.0,0
s1_sit,1,sit,130.0,24.096051923709624,72,73.89162561576376,0.015700858721324158,130.87313619600386,73,89.37941175283612,54,26.06630113373435,74,130.87313619600386,73,130.87313619600386,73,130.87313619600386,73,26.06630113373435,74,26.06630113373435,74,0.9721884118034205,1.0,0.9536473530057008,0.0018025944700885209,0.0,0.9710914413898294,1.0,0.951819068983049,0.0012920891992321123,0.0,0.9901152258655037,1.0,0.9835253764425061,0.0018011925534760964,0.0,0.9901152258655037,1.0,0.9835253764425061,0.0018025944700885209,0.0,0
s1_sit,1,sit,190.0,35.310629840183786,70,70.25761124121786,0.015805524701390978,156.00295855182708,66,117.73503497913636,53,36.87817782917155,71,156.00295855182708,66,156.00295855182708,66,156.00295855182708,66,36.87817782917155,71,36.87817782917155,71,0.9692490421470368,1.0,0.9487484035783946,0.0018257987699070567,0.0,0.9748847740293967,1.0,0.9581412900489944,0.0012713276788953738,0.0,0.9892516312704409,1.0,0.9820860521174015,0.0018215504054047886,0.0,0.9892516312704409,1.0,0.9820860521174015,0.0018257987699070567,0.0,0
s1_sit,1,sit,250.0,33.17760725532556,70,70.09345794392569,0.01568698292747299,124.09063159032131,67,91.86694119062052,44,35.35533905932738,71,124.09063159032131,67,124.09063159032131,67,124.09063159032131,67,35.35533905932738,71,35.35533905932738,71,0.9689022315730935,1.0,0.948170385955156,0.001740296983832774,0.0,0.9745373751307698,1.0,0.9575622918846163,0.0014465380612144908,0.0,0.9785377863830438,1.0,0.9642296439717395,0.0017405479895886609,0.0,0.9785377863830438,1.0,0.9642296439717395,0.001740296983832774,0.0,0
s1_sit,1,sit,310.0,30.63009791938618,70,70.83825265643377,0.015732777081557812,125.52575997742633,68,88.84884719037622,52,32.88098873650023,70,125.52575997742633,68,125.52575997742633,68,125.52575997742633,68,32.88098873650023,70,32.88098873650023,70,0.9685909494214443,1.0,0.9476515823690739,0.0021192653924441344,0.0,0.9696860794034498,1.0,0.9494767990057497,0.0015126294515995424,0.0,0.9813549867347955,1.0,0.9689249778913258,0.0021208012450782115,0.0,0.9813549867347955,1.0,0.9689249778913258,0.0021192653924441344,0.0,0
s1_sit,1,sit,370.0,30.58477679219548,71,70.92198581560253,0.01563414575543383,144.25721793912507,70,106.34848376916335,41,34.10836087662585,72,144.25721793912507,70,144.25721793912507,70,144.25721793912507,70,34.10836087662585,72,34.10836087662585,72,0.971342627829117,1.0,0.9522377130485282,0.0021398529903197136,0.0,0.9737302264678815,1.0,0.9562170441131359,0.0014676158135531782,0.0,0.9827445989987678,1.0,0.9712409983312795,0.002136536722251312,0.0,0.9827445989987678,1.0,0.9712409983312795,0.0021398529903197136,0.0,0
s1_sit,1,sit,430.0,29.213499814789255,71,71.59904534606015,0.0160237350364995,134.75590870005465,72,148.1271975926996,49,34.067042435199596,72,134.75590870005465,72,134.75590870005465,72,134.75590870005465,72,34.067042435199596,72,34.067042435199596,72,0.9674915945351628,1.0,0.9458193242252714,0.0020885788195899786,0.0,0.9659380643736168,1.0,0.9432301072893614,0.0015161001823577572,0.0,0.9842510755172554,1.0,0.9737517925287591,0.0020734480872455375,0.0,0.9842510755172554,1.0,0.9737517925287591,0.0020885788195899786,0.0,0
s2_walk,2,walk,10.0,3.821603218911023,130,131.29102844638928,0.6725214116222058,195.91133198465064,33,53.519021985511976,15,36.43021402390001,82,195.91133198465064,33,195.91133198465064,33,195.91133198465064,33,36.43021402390001,82,36.43021402390001,82,0.9358576741946258,1.0,0.8930961236577097,0.005904703730649038,0.0,0.9818220877403921,1.0,0.9697034795673202,0.0037163983379547615,0.0,0.9807888168480006,1.0,0.9679813614133342,0.005838426839109111,0.0,0.952346444427911,1.0,0.9205774073798517,0.005904703730649038,0.0,0
s2_walk,2,walk,70.0,2.9128763250194623,133,134.5291479820634,0.5824681727220735,214.03683025564163,35,81.5959235307874,20,39.252891278021934,77,214.03683025564163,35,214.03683025564163,35,214.03683025564163,35,39.252891278021934,77,39.252891278021934,77,0.9351414051690105,1.0,0.8919023419483508,0.0063968179875431175,0.0,0.9681297399298667,1.0,0.9468828998831113,0.00315991667222859,0.0,0.9828415593107251,1.0,0.9714025988512085,0.006329589461782399,0.0,0.9828415593107251,1.0,0.9714025988512085,0.0063968179875431175,0.0,0
s2_walk,2,walk,130.0,4.303450364460379,128,129.87012987012494,0.5138449839053834,144.0117840296201,34,69.33974329343886,26,36.67140120948021,97,144.0117840296201,34,144.0117840296201,34,144.0117840296201,34,36.67140120948021,97,36.67140120948021,97,0.947829875508591,1.0,0.9130497925143183,0.005167592920797664,0.0,0.9684081580684777,1.0,0.9473469301141295,0.002565828492992483,0.0,0.9827773520004794,1.0,0.9712955866674657,0.00518962675718759,0.0,0.9827773520004794,1.0,0.9712955866674657,0.005167592920797664,0.0,0
s2_walk,2,walk,190.0,4.184711581893597,128,128.75536480687254,0.45086900577256067,94.89467845985885,41,67.42720942934366,29,28.229545098971137,98,94.89467845985885,41,94.89467845985885,41,94.89467845985885,41,28.229545098971137,98,28.229545098971137,98,0.9380447126992475,1.0,0.8967411878320792,0.004881036788044093,0.0,0.9674782344878963,1.0,0.9457970574798272,0.0022400482783363307,0.0,0.9870585218771799,1.0,0.9784308697952999,0.004872967757650286,0.0,0.9870585218771799,1.0,0.9784308697952999,0.004881036788044093,0.0,0
s2_walk,2,walk,250.0,5.5705699887902265,129,131.57894736841607,0.5105386910458174,63.31426104894468,24,95.62295749452639,17,44.840988902055734,57,63.31426104894468,24,63.31426104894468,24,63.31426104894468,24,44.840988902055734,57,44.840988902055734,57,0.9364413387165194,1.0,0.8940688978608656,0.005820318478524227,0.0,0.9682949793670886,1.0,0.9471582989451478,0.0028121044207006195,0.0,0.9837155567962099,1.0,0.9728592613270165,0.005794829162000053,0.0,0.9837155567962099,1.0,0.9728592613270165,0.005820318478524227,0.0,0
s2_walk,2,walk,310.0,3.7169052470286177,131,132.1585903083678,0.4230488791191379,63.475717141806804,25,67.40734381356381,17,34.64101615137755,81,63.475717141806804,25,63.475717141806804,25,63.475717141806804,25,34.64101615137755,81,34.64101615137755,81,0.9700135795484002,1.0,0.950022632580667,0.005152593967068974,0.0,0.9637617759170225,1.0,0.9396029598617042,0.0023062697046869482,0.0,0.9845697868733644,1.0,0.9742829781222739,0.005127096443134457,0.0,0.9845697868733644,1.0,0.9742829781222739,0.005152593967068974,0.0,0
s2_walk,2,walk,370.0,3.2675932051465466,128,129.3103448275866,0.3386332819341985,88.88194417315589,38,64.40201120787337,22,28.447482476649128,109,88.88194417315589,38,88.88194417315589,38,88.88194417315589,38,28.447482476649128,109,28.447482476649128,109,0.9704064270032008,1.0,0.950677378338668,0.004463028039444221,0.0,0.9635353343714018,1.0,0.9392255572856697,0.0019068365864424906,0.0,0.9850789104033785,1.0,0.9751315173389641,0.004454204537241392,0.0,0.9850789104033785,1.0,0.9751315173389641,0.004463028039444221,0.0,0
s2_walk,2,walk,430.0,4.259311245198768,128,129.87012987013293,0.33493406545350757,64.10440702479042,33,75.96600116718882,25,28.967065938594974,111,64.10440702479042,33,64.10440702479042,33,64.10440702479042,33,28.967065938594974,111,28.967065938594974,111,0.9597773538360427,1.0,0.9329622563934045,0.004389184237650309,0.0,0.9627348989085797,1.0,0.9378914981809661,0.0019665347511584304,0.0,0.9853218149881753,1.0,0.9755363583136254,0.004406289286202273,0.0,0.9853218149881753,1.0,0.9755363583136254,0.004389184237650309,0.0,0
s2_run,2,run,10.0,3.4943563521463994,134,135.74660633484046,3.482916686603191,41.59643203322536,77,66.69443865981742,55,76.57344228576945,64,41.59643203322536,77,41.59643203322536,77,41.59643203322536,77,76.57344228576945,64,76.57344228576945,64,0.9811731818214915,1.0,0.9686219697024857,0.006510114548119653,0.0,0.986449555210636,1.0,0.9774159253510601,0.01682678454243232,0.08333333333333333,0.9735500479752484,1.0,0.9559167466254139,0.006541823122299189,0.0,0.9735702054683639,1.0,0.9559503424472732,0.006510114548119653,0.0,0
s2_run,2,run,70.0,3.027239518849212,135,136.36363636363706,2.9982068786170677,41.21444087921491,74,72.90759385262491,59,69.02577027476997,80,41.21444087921491,74,41.21444087921491,74,41.21444087921491,74,69.02577027476997,80,69.02577027476997,80,0.9850508636713962,1.0,0.9750847727856604,0.00723954638034735,0.0,0.49311920969068773,0.5,0.9765452268183827,0.020579815073197928,0.6833333333333333,0.9726575964642379,1.0,0.9544293274403965,0.007241631074028658,0.0,0.9726575964642379,1.0,0.9544293274403965,0.00723954638034735,0.0,0
s2_run,2,run,130.0,2.640187159143207,137,138.24884792626807,2.835321107442259,35.082320772281165,66,87.31873455054632,58,49.94026282215852,68,35.082320772281165,66,35.082320772281165,66,35.082320772281165,66,49.94026282215852,68,49.94026282215852,68,0.9837861506822654,1.0,0.9729769178037757,0.006354479018949182,0.0,0.9862188870782547,1.0,0.9773792336304364,0.01867270523897797,0.16666666666666666,0.9716932999415974,1.0,0.952822166569329,0.006378109949563367,0.0,0.9716932999415974,1.0,0.952822166569329,0.006354479018949182,0.0,0
s2_run,2,run,190.0,3.5671610113894685,139,140.18691588785137,2.9089545331775857,41.98020560142199,78,87.50824137012644,53,55.89531030673069,71,41.98020560142199,78,41.98020560142199,78,41.98020560142199,78,55.89531030673069,71,55.89531030673069,71,0.9824853334161131,1.0,0.9708088890268551,0.007913160268789271,0.0,0.49135909613833273,0.5,0.9705054661490871,0.02015988860506515,0.5666666666666667,0.9810629991158771,1.0,0.9684383318597952,0.007875895252767775,0.0,0.9810629991158771,1.0,0.9684383318597952,0.007913160268789271,0.0,0
s2_run,2,run,250.0,2.739279035630105,138,139.534883720928,2.7158708580592483,37.58626441570475,56,73.74100520779876,54,44.99206279207161,71,37.58626441570475,56,37.58626441570475,56,37.58626441570475,56,44.99206279207161,71,44.99206279207161,71,0.983335278313693,1.0,0.972225463856155,0.0076056925714013575,0.0,0.9828777474788386,1.0,0.9754380736998887,0.019884013443844197,0.48333333333333334,0.9801492004036129,1.0,0.9669153340060215,0.007592172820698303,0.0,0.9801492004036129,1.0,0.9669153340060215,0.0076056925714013575,0.0,0
s2_run,2,run,310.0,2.4260491103266846,141,141.50943396227143,2.65877748253897,53.117121264509166,57,97.86496319116543,50,61.80889080909677,60,53.117121264509166,57,53.117121264509166,57,53.117121264509166,57,61.80889080909677,60,61.80889080909677,60,0.9820472951445626,1.0,0.9700788252409377,0.007459945170768351,0.0,0.9836372039548533,1.0,0.9737009828823288,0.019350611373176004,0.3333333333333333,0.9767425576144962,1.0,0.9612375960241605,0.007452238370293461,0.0,0.9767425576144962,1.0,0.9612375960241605,0.007459945170768351,0.0,0
s2_run,2,run,370.0,2.5432430293574786,142,142.18009478674043,3.5826029859536095,40.86098693331522,80,101.17491604327446,56,71.84087354084102,73,40.86098693331522,80,40.86098693331522,80,40.86098693331522,80,71.84087354084102,73,71.84087354084102,73,0.9805016148658712,1.0,0.9675026914431186,0.009258651639352893,0.0,0.9773360065445151,1.0,0.9622266775741921,0.01746934844830634,0.2,0.9722078292451837,1.0,0.9536797154086395,0.009182186800296796,0.0,0.9722078292451837,1.0,0.9536797154086395,0.009258651639352893,0.0,0
s2_run,2,run,430.0,2.3012550158350273,143,144.92753623186863,3.5005659027260085,31.478708533055972,78,80.7832032413046,55,50.65149327010807,62,31.478708533055972,78,31.478708533055972,78,31.478708533055972,78,50.65149327010807,62,50.65149327010807,62,0.9883416351866707,1.0,0.9805693919777847,0.00972507567385475,0.0,0.492354756858408,0.5,0.9718233526065516,0.02043582894625101,0.55,0.978204438460683,1.0,0.9636740641011383,0.009617642349378973,0.0,0.978204438460683,1.0,0.9636740641011383,0.00972507567385475,0.0,0
s2_sit,2,sit,10.0,4.069641688290881,122,122.44897959183623,0.013635369770531841,24.473625259314023,97,54.12947441089743,51,9.542374472273957,124,24.473625259314023,97,24.473625259314023,97,24.473625259314023,97,9.542374472273957,124,9.542374472273957,124,0.9919045225078135,1.0,0.9865075375130224,0.0031858966539403026,0.0,0.9811948147660161,1.0,0.9686580246100268,0.003592597161052725,0.0,0.9915935878466366,1.0,0.9859893130777277,0.0032145451592170793,0.0,0.9915935878466366,1.0,0.9859893130777277,0.0031858966539403026,0.0,0
s2_sit,2,sit,70.0,3.836836128297417,123,122.95081967213126,0.0134723429553804,10.513149660756936,96,58.2272355423483,74,9.321225557920984,123,10.513149660756936,96,10.513149660756936,96,10.513149660756936,96,9.321225557920984,123,9.321225557920984,123,0.9913995034894469,1.0,0.9856658391490782,0.003077446589905554,0.0,0.9756567054283036,1.0,0.959427842380506,0.00299841839740806,0.0,0.9916460591906326,1.0,0.986076765317721,0.003104906626561789,0.0,0.9916460591906326,1.0,0.986076765317721,0.003077446589905554,0.0,0
s2_sit,2,sit,130.0,3.582364210032838,121,122.44897959183446,0.013600039062837617,38.9179488356341,90,45.85783658733356,69,9.833321660356335,122,38.9179488356341,90,38.9179488356341,90,38.9179488356341,90,9.833321660356335,122,9.833321660356335,122,0.9834307290781544,1.0,0.9723845484635907,0.0031927402450190852,0.0,0.9787426557393044,1.0,0.9645710928988407,0.003255169072071148,0.0,0.9924029338007141,1.0,0.98733822300119,0.003198743207654926,0.0,0.9924029338007141,1.0,0.98733822300119,0.0031927402450190852,0.0,0
s2_sit,2,sit,190.0,4.4045431091087845,121,122.95081967213126,0.013746666232776011,18.622795457135265,95,57.7540155815115,77,9.875254992000196,122,18.622795457135265,95,18.622795457135265,95,18.622795457135265,95,9.875254992000196,122,9.875254992000196,122,0.986440089538605,1.0,0.9774001492310083,0.0033509906047990874,0.0,0.9761924370233771,1.0,0.9603207283722951,0.003164900836735167,0.0,0.9935527684197342,1.0,0.9892546140328903,0.003351297952768215,0.0,0.9935527684197342,1.0,0.9892546140328903,0.0033509906047990874,0.0,0
s2_sit,2,sit,250.0,2.892519086655279,121,122.44897959184867,0.013694245459898832,23.62202362203543,101,50.841751749229026,87,9.403709484353273,122,23.62202362203543,101,23.62202362203543,101,23.62202362203543,101,9.403709484353273,122,9.403709484353273,122,0.9876448461955007,1.0,0.9794080769925012,0.0035477375944220095,0.0,0.9771147157363921,1.0,0.9618578595606535,0.0029211290275488076,0.0,0.9924877388120028,1.0,0.9874795646866713,0.0035404627473306716,0.0,0.9924877388120028,1.0,0.9874795646866713,0.0035477375944220095,0.0,0
s2_sit,2,sit,310.0,7.605490007938771,116,117.64705882353151,0.013154009326048493,11.47532868012205,102,44.6147530585589,85,10.581389888186333,118,11.47532868012205,102,11.47532868012205,102,11.47532868012205,102,10.581389888186333,118,10.581389888186333,118,0.9882329894018903,1.0,0.9803883156698172,0.0035651176898324486,0.0,0.9774980477157686,1.0,0.9624967461929477,0.0032228173217661088,0.0,0.988882216991269,1.0,0.9814703616521151,0.0035427943935382494,0.0,0.988882216991269,1.0,0.9814703616521151,0.0035651176898324486,0.0,0
s2_sit,2,sit,370.0,5.042428676394473,116,117.1874999999999,0.013059772519351599,11.055415967851333,109,50.75966124666853,82,8.49552311770607,116,11.055415967851333,109,11.055415967851333,109,11.055415967851333,109,8.49552311770607,116,8.49552311770607,116,0.990582465383222,1.0,0.9843041089720368,0.003639912011027782,0.0,0.9794197523294222,1.0,0.9656995872157038,0.0032234650853564563,0.0,0.991490557544871,1.0,0.9858175959081183,0.003616393330589807,0.0,0.991490557544871,1.0,0.9858175959081183,0.003639912011027782,0.0,0
s2_sit,2,sit,430.0,4.596542736468092,118,119.04761904761453,0.0128827129673747,9.767949837949478,110,34.62176579359676,76,8.386833911008818,119,9.767949837949478,110,9.767949837949478,110,9.767949837949478,110,8.386833911008818,119,8.386833911008818,119,0.9930826130738143,1.0,0.9884710217896905,0.0037675477255590304,0.0,0.984712198680304,1.0,0.97452033113384,0.0032176012162533543,0.0,0.993674020205219,1.0,0.9894567003420316,0.0037448106492634086,0.0,0.993674020205219,1.0,0.9894567003420316,0.0037675477255590304,0.0,0
s3_sit,3,sit,10.0,39.75783840056758,71,72.8155339805827,0.01884299343248249,55.067180481637,72,118.85699023189224,64,44.007041690050684,72,55.067180481637,72,55.067180481637,72,55.067180481637,72,44.007041690050684,72,44.007041690050684,72,0.9766670539250881,1.0,0.9611117565418135,0.0094643165699867,0.0,0.965464293591965,1.0,0.9424404893199415,0.0008949582808594017,0.0,0.9780453953812134,1.0,0.9634089923020224,0.00951688212022432,0.0,0.9780453953812134,1.0,0.9634089923020224,0.0094643165699867,0.0,0
s3_sit,3,sit,70.0,35.27443428725398,71,71.42857142857234,0.01715844761827511,38.54496446637726,71,129.7614278937084,72,38.8750254743814,72,38.54496446637726,71,38.54496446637726,71,38.54496446637726,71,38.8750254743814,72,38.8750254743814,72,0.979438740837702,1.0,0.9657312347295033,0.009300601240855902,0.0,0.9649404645591827,1.0,0.9415674409319712,0.0009335806617337015,0.0,0.9797105691274277,1.0,0.9661842818790463,0.009332332662379293,0.0,0.9797105691274277,1.0,0.9661842818790463,0.009300601240855902,0.0,0
s3_sit,3,sit,130.0,35.898003658511506,73,74.25742574257231,0.016501392137037097,52.665084364416536,73,128.2018497749322,71,40.897466177332156,74,52.665084364416536,73,52.665084364416536,73,52.665084364416536,73,40.897466177332156,74,40.897466177332156,74,0.9809004247689569,1.0,0.9681673746149281,0.009054342542834978,0.0,0.9720162967415567,1.0,0.9533604945692611,0.0009372648746451182,0.0,0.9811742775918753,1.0,0.9686237959864589,0.009077669777050823,0.0,0.9811742775918753,1.0,0.9686237959864589,0.009054342542834978,0.0,0
s3_sit,3,sit,190.0,25.736519210114803,77,77.51937984496115,0.018229083207378014,52.496134675270675,78,74.11239477188367,69,29.86813122975548,77,52.496134675270675,78,52.496134675270675,78,52.496134675270675,78,29.86813122975548,77,29.86813122975548,77,0.9802335488871246,1.0,0.967055914811874,0.008812747860181281,0.0,0.9724942401731047,1.0,0.9541570669551745,0.0009302827252897735,0.0,0.9844441461902153,1.0,0.9740735769836921,0.008820750465792872,0.0,0.9844441461902153,1.0,0.9740735769836921,0.008812747860181281,0.0,0
s3_sit,3,sit,250.0,38.06665762232439,72,72.81553398058144,0.0174489649006892,43.397388554305124,73,133.48087075361346,71,39.87828704668466,73,43.397388554305124,73,43.397388554305124,73,43.397388554305124,73,39.87828704668466,73,39.87828704668466,73,0.9803283430408669,1.0,0.9672139050681117,0.008926356721906527,0.0,0.966498539746913,1.0,0.9441642329115216,0.0009137431601093083,0.0,0.9814384356656382,1.0,0.9690640594427303,0.00893220137171705,0.0,0.9814384356656382,1.0,0.9690640594427303,0.008926356721906527,0.0,0
s3_sit,3,sit,310.0,33.8339598939506,77,77.51937984496115,0.01846726277471176,65.71003134360903,74,101.67944569783685,63,41.19954608248248,78,65.71003134360903,74,65.71003134360903,74,65.71003134360903,74,41.19954608248248,78,41.19954608248248,78,0.9769630275119641,1.0,0.9616050458532734,0.008897800869596281,0.0,0.9719954408667772,1.0,0.953325734777962,0.0009300808589579964,0.0,0.9786270977737643,1.0,0.9643784962896071,0.008883350378867432,0.0,0.9786270977737643,1.0,0.9643784962896071,0.008897800869596281,0.0,0
s3_sit,3,sit,370.0,49.59435451742438,71,72.81553398058144,0.01721702180603226,52.695460850085546,70,96.63382036375897,64,53.87743291748205,73,52.695460850085546,70,52.695460850085546,70,52.695460850085546,70,53.87743291748205,73,53.87743291748205,73,0.9748460554015234,1.0,0.958076759002539,0.009252132294253661,0.0,0.9702983778400609,1.0,0.9504972964001015,0.0008676965400159512,0.0,0.9760138047962146,1.0,0.9600230079936911,0.009195199697150748,0.0,0.9760138047962146,1.0,0.9600230079936911,0.009252132294253661,0.0,0
s3_sit,3,sit,430.0,42.596182723437074,70,70.75471698113097,0.017033629495004716,47.68154162529464,69,95.53256297323595,69,47.13203338949606,71,47.68154162529464,69,47.68154162529464,69,47.68154162529464,69,47.13203338949606,71,47.13203338949606,71,0.9820326943922513,1.0,0.9700544906537522,0.008978562112141746,0.0,0.9735117998783975,1.0,0.9558529997973293,0.0008209522784258952,0.0,0.9806483600171905,1.0,0.9677472666953173,0.008945867755306956,0.0,0.9806483600171905,1.0,0.9677472666953173,0.008978562112141746,0.0,0
s3_walk,3,walk,10.0,18.07045036712126,86,88.23529411764709,0.5872685739874917,79.3469970820947,75,124.67099559583674,36,25.812382101763525,87,79.3469970820947,75,79.3469970820947,75,79.3469970820947,75,25.812382101763525,87,25.812382101763525,87,0.975205946317239,1.0,0.9586765771953983,0.006283226292391815,0.0,0.9339201335659701,1.0,0.8898668892766168,0.0019179955725671812,0.0,0.9831686354116347,1.0,0.9719477256860579,0.006338399708676362,0.0,0.9832729097777131,1.0,0.9721215162961885,0.006283226292391815,0.0,0
s3_walk,3,walk,70.0,14.575106687080865,84,84.62623413258156,0.5195229404501652,79.74597350246012,70,153.90473243752666,46,20.262976960311573,86,79.74597350246012,70,79.74597350246012,70,79.74597350246012,70,20.262976960311573,86,20.262976960311573,86,0.9756235089025012,1.0,0.9593725148375019,0.006809849146916472,0.0,0.9462594091267266,1.0,0.9104323485445442,0.0016791779700169938,0.0,0.9878639515128261,1.0,0.9797732525213769,0.006827510254100642,0.0,0.9878639515128261,1.0,0.9797732525213769,0.006809849146916472,0.0,0
s3_walk,3,walk,130.0,16.533744460414297,86,86.70520231213781,0.3981406607272359,93.72056499935043,80,155.44657076833946,34,23.110985419467156,86,93.72056499935043,80,93.72056499935043,80,93.72056499935043,80,23.110985419467156,86,23.110985419467156,86,0.9733660880357362,1.0,0.955610146726227,0.006363748087311377,0.0,0.9507156158657981,1.0,0.91785935977633,0.001290287014032599,0.0,0.985350539522933,1.0,0.9755842325382218,0.0063577015125709565,0.0,0.985350539522933,1.0,0.9755842325382218,0.006363748087311377,0.0,0
s3_walk,3,walk,190.0,16.231556137171424,83,84.7457627118646,0.4003306279423639,98.40392946083675,79,118.00423721205946,33,21.849049232883164,85,98.40392946083675,79,98.40392946083675,79,98.40392946083675,79,21.849049232883164,85,21.849049232883164,85,0.9707349058867617,1.0,0.9512248431446028,0.006358441707915675,0.0,0.9472338428363418,1.0,0.9120564047272364,0.0014009143118958313,0.0,0.9879868315136224,1.0,0.9799780525227041,0.006356316254570695,0.0,0.9879868315136224,1.0,0.9799780525227041,0.006358441707915675,0.0,0
s3_walk,3,walk,250.0,14.848440674900688,85,85.7142857142871,0.35330161666724225,92.95432388605667,80,139.81079651990188,35,21.07243742540523,85,92.95432388605667,80,92.95432388605667,80,92.95432388605667,80,21.07243742540523,85,21.07243742540523,85,0.9737433526869974,1.0,0.9562389211449958,0.005534832424037357,0.0,0.9437094797014385,1.0,0.9061824661690642,0.0013562821242920006,0.0,0.9906939638178447,1.0,0.9844899396964077,0.005578869910134168,0.0,0.9906939638178447,1.0,0.9844899396964077,0.005534832424037357,0.0,0
s3_walk,3,walk,310.0,19.527356376603787,86,87.08272859216345,0.42831891282207096,98.96256738580372,79,164.07315441594946,36,23.67414446773251,87,98.96256738580372,79,98.96256738580372,79,98.96256738580372,79,23.67414446773251,87,23.67414446773251,87,0.9673476540579738,1.0,0.9455794234299564,0.006443744552743781,0.0,0.9455560107014639,1.0,0.909260017835773,0.0013015509878797024,0.0,0.9813924947329788,1.0,0.9689874912216315,0.0064301172478464005,0.0,0.9813924947329788,1.0,0.9689874912216315,0.006443744552743781,0.0,0
s3_walk,3,walk,370.0,19.394402727146467,85,85.95988538681506,0.4380956384901079,112.82730166054668,81,139.0636892845122,32,23.161834733787696,86,112.82730166054668,81,112.82730166054668,81,112.82730166054668,81,23.161834733787696,86,23.161834733787696,86,0.9700875995940292,1.0,0.9501459993233821,0.006270471540892867,0.0,0.9329604569651614,1.0,0.8882674282752689,0.0013668721089190733,0.0,0.9842274835515457,1.0,0.9737124725859096,0.006231802464926474,0.0,0.9842274835515457,1.0,0.9737124725859096,0.006270471540892867,0.0,0
s3_walk,3,walk,430.0,19.421256014615725,82,83.68200836820264,0.5950870787787531,140.44690574495877,76,140.47155606924886,32,24.69323991623974,83,140.44690574495877,76,140.44690574495877,76,140.44690574495877,76,24.69323991623974,83,24.69323991623974,83,0.962538120709042,1.0,0.9375635345150701,0.006781599318688441,0.0,0.9446439795050228,1.0,0.9077399658417046,0.0016536498791720824,0.0,0.9844145192217899,1.0,0.9740241987029832,0.006736644816857325,0.0,0.9844145192217899,1.0,0.9740241987029832,0.006781599318688441,0.0,0
s3_run,3,run,10.0,18.762962998625927,83,85.47008547008484,1.3533057812449052,80.53699085855968,59,141.7509553171806,46,28.93699012665902,84,80.53699085855968,59,80.53699085855968,59,80.53699085855968,59,28.93699012665902,84,28.93699012665902,84,0.9756741816440804,1.0,0.9594569694068006,0.0064367612111733835,0.0,0.944237072061885,1.0,0.9070617867698083,0.0015937456431727329,0.0,0.9801024356269812,1.0,0.9668373927116354,0.006604517303149692,0.0,0.9801024356269812,1.0,0.9668373927116354,0.0064367612111733835,0.0,0
s3_run,3,run,70.0,16.649038296263285,85,86.70520231213959,1.4352236103922211,107.6358856096225,63,153.69686812920838,45,26.234238965856186,86,107.6358856096225,63,107.6358856096225,63,107.6358856096225,63,26.234238965856186,86,26.234238965856186,86,0.9723478813592481,1.0,0.9539131355987469,0.007490802330886214,0.0,0.9515194861387534,1.0,0.919199143564589,0.0015646377963069494,0.0,0.9867035130903552,1.0,0.9778391884839255,0.007593538387746205,0.0,0.9867035130903552,1.0,0.9778391884839255,0.007490802330886214,0.0,0
s3_run,3,run,130.0,21.304448316544885,84,85.95988538681856,1.457931985204031,86.62086701929624,64,173.819325435168,39,32.71984467099619,86,86.62086701929624,64,86.62086701929624,64,86.62086701929624,64,32.71984467099619,86,32.71984467099619,86,0.974188596959128,1.0,0.9569809949318798,0.008203726573844234,0.0,0.947853427894067,1.0,0.9130890464901117,0.0016631979504429719,0.0,0.9860640155725227,1.0,0.9767733592875376,0.008209712186124016,0.0,0.9860640155725227,1.0,0.9767733592875376,0.008203726573844234,0.0,0
s3_run,3,run,190.0,19.434354057881933,86,86.95652173913072,1.421111732828469,81.64965809277261,67,151.51283889782144,58,29.465832656106073,86,81.64965809277261,67,81.64965809277261,67,81.64965809277261,67,29.465832656106073,86,29.465832656106073,86,0.9745078366922277,1.0,0.9575130611537129,0.008642622339221126,0.0,0.9448319551786023,1.0,0.9080532586310038,0.001501241460528787,0.0,0.9867455160935901,1.0,0.9779091934893169,0.008589371243186202,0.0,0.9867455160935901,1.0,0.9779091934893169,0.008642622339221126,0.0,0
s3_run,3,run,250.0,23.715177388207767,84,85.71428571428362,1.3076804408396674,102.3067283548187,55,130.6844725763127,52,32.77373410307137,86,102.3067283548187,55,102.3067283548187,55,102.3067283548187,55,32.77373410307137,86,32.77373410307137,86,0.9721515682911385,1.0,0.9535859471518975,0.008496747704885215,0.0,0.9596037182254047,1.0,0.9326728637090078,0.001378758754692063,0.0,0.9824537219708996,1.0,0.9707562032848328,0.008467798569761134,0.0,0.9824537219708996,1.0,0.9707562032848328,0.008496747704885215,0.0,0
s3_run,3,run,310.0,25.882030794976018,84,85.47008547008569,1.5019582898631691,118.0353885119902,69,193.5235162747705,38,38.77591299468561,85,118.0353885119902,69,118.0353885119902,69,118.0353885119902,69,38.77591299468561,85,38.77591299468561,85,0.9681622059496958,1.0,0.9469370099161597,0.009923622099810011,0.0,0.950603825098949,1.0,0.9176730418315817,0.0013121599870284189,0.0,0.9851321975161227,1.0,0.9752203291935377,0.009840103793665907,0.0,0.9851321975161227,1.0,0.9752203291935377,0.009923622099810011,0.0,0
s3_run,3,run,370.0,24.55258170320983,83,84.2696629213496,1.4287436526702124,101.92352916329698,70,162.14406456734272,44,35.158847795587,84,101.92352916329698,70,101.92352916329698,70,101.92352916329698,70,35.158847795587,84,35.158847795587,84,0.9710606368620593,1.0,0.9517677281034324,0.010131436217692014,0.0,0.9500294231587271,1.0,0.916715705264545,0.0014284525414197777,0.0,0.9835421204201854,1.0,0.972570200700309,0.010158221029571354,0.0,0.9835421204201854,1.0,0.972570200700309,0.010131436217692014,0.0,0
s4_sit,4,sit,10.0,26.00910771653881,77,77.51937984496115,0.05501107331301971,51.01902759236585,69,68.17344825970774,43,28.184502784031842,72,51.01902759236585,69,51.01902759236585,69,51.01902759236585,69,28.184502784031842,72,28.184502784031842,72,0.9844268143037118,1.0,0.9740446905061864,0.0033631318715509227,0.0,0.9871386295782696,1.0,0.9785643826304493,0.000988282296928284,0.0,0.9888982129416513,1.0,0.9814970215694186,0.0033244932419319436,0.0,0.9885360308822714,1.0,0.9808933848037857,0.0033631318715509227,0.0,0
s4_sit,4,sit,70.0,28.742892097940512,79,79.78723404255369,0.02823958701519788,31.980107453341567,67,92.55628917943214,43,34.14313144188058,74,31.980107453341567,67,31.980107453341567,67,31.980107453341567,67,34.14313144188058,74,34.14313144188058,74,0.9805599300330586,1.0,0.9675998833884311,0.0030984753564436305,0.0,0.9784841924495504,1.0,0.9641403207492507,0.0006587800853747508,0.0,0.984694381918408,1.0,0.97449063653068,0.0030728638386588406,0.0,0.984694381918408,1.0,0.97449063653068,0.0030984753564436305,0.0,0
s4_sit,4,sit,130.0,21.166010488514345,86,87.2093023255829,0.02441032772800747,26.04483314082341,61,50.1361781913656,45,34.92849839314596,66,26.04483314082341,61,26.04483314082341,61,26.04483314082341,61,34.92849839314596,66,34.92849839314596,66,0.9821265633389038,1.0,0.9702109388981732,0.0014156053430165873,0.0,0.9736885565780283,1.0,0.9561475942967138,0.0007455221987107579,0.0,0.9794923967387212,1.0,0.9658206612312019,0.001412908344247803,0.0,0.9794923967387212,1.0,0.9658206612312019,0.0014156053430165873,0.0,0
s4_sit,4,sit,190.0,26.18880788689532,83,83.10249307479455,0.02154476899779801,35.02380143083653,61,38.02832952094854,53,39.7611918955202,64,35.02380143083653,61,35.02380143083653,61,35.02380143083653,61,39.7611918955202,64,39.7611918955202,64,0.9844585472020895,1.0,0.9740975786701491,0.0011029050463259808,0.0,0.9811653069101103,1.0,0.968608844850184,0.0006890079844031833,0.0,0.9837725931738931,1.0,0.9729543219564885,0.0011070496852029353,0.0,0.9837725931738931,1.0,0.9729543219564885,0.0011029050463259808,0.0,0
s4_sit,4,sit,250.0,25.354077942075634,83,84.03361344537831,0.021398355003979897,45.43441112511214,57,70.26050427899348,53,43.12047077665085,65,45.43441112511214,57,45.43441112511214,57,45.43441112511214,57,43.12047077665085,65,43.12047077665085,65,0.984588503651423,1.0,0.9743141727523718,0.0009591363673248469,0.0,0.9821668819109527,1.0,0.9702781365182545,0.0006699010118413104,0.0,0.9855535657707687,1.0,0.9759226096179479,0.0009637856074731555,0.0,0.9855535657707687,1.0,0.9759226096179479,0.0009591363673248469,0.0,0
s4_sit,4,sit,310.0,20.055345109713247,84,85.1063829787219,0.030273311865518047,72.01364393141553,58,98.5973050921199,43,55.34350211006213,63,72.01364393141553,58,72.01364393141553,58,72.01364393141553,58,55.34350211006213,63,55.34350211006213,63,0.9790331178170715,1.0,0.9650551963617859,0.0008247779693466518,0.0,0.973569090308313,1.0,0.9559484838471881,0.0006591326489049438,0.0,0.9816577630138157,1.0,0.9694296050230261,0.0008264981236808643,0.0,0.9816577630138157,1.0,0.9694296050230261,0.0008247779693466518,0.0,0
s4_sit,4,sit,370.0,26.91468000924598,81,81.74386920980511,0.030208376626923605,50.16638981097471,61,69.21260445456893,53,43.355362990061565,65,50.16638981097471,61,50.16638981097471,61,50.16638981097471,61,43.355362990061565,65,43.355362990061565,65,0.9788526714680676,1.0,0.9647544524467794,0.001486821661961319,0.0,0.9756503172071792,1.0,0.9594171953452986,0.0007617437445997166,0.0,0.9811545849085064,1.0,0.9685909748475108,0.001496291024778348,0.0,0.9811545849085064,1.0,0.9685909748475108,0.001486821661961319,0.0,0
s4_sit,4,sit,430.0,25.205496884026964,83,85.47008547008569,0.02547883789981886,43.44003956072136,55,62.91757059562275,59,57.64038335319647,59,43.44003956072136,55,43.44003956072136,55,43.44003956072136,55,57.64038335319647,59,57.64038335319647,59,0.9767365274719298,1.0,0.9612275457865498,0.0010412955044694012,0.0,0.9741956930906555,1.0,0.9569928218177592,0.0006943822942448453,0.0,0.97918782764297,1.0,0.9653130460716166,0.001043360348559607,0.0,0.97918782764297,1.0,0.9653130460716166,0.0010412955044694012,0.0,0
s4_run,4,run,10.0,17.657087168407028,89,90.90909090909138,1.0776763459816827,68.41292179736558,62,149.90595342345438,40,48.11982170976229,59,68.41292179736558,62,68.41292179736558,62,68.41292179736558,62,48.11982170976229,59,48.11982170976229,59,0.9707735527034838,1.0,0.9512892545058063,0.0014863753138685187,0.0,0.9470411916517658,1.0,0.9117353194196096,0.0008739533368545231,0.0,0.9744920340466727,1.0,0.9574867234111213,0.0014759656812145818,0.0,0.9742392913610436,1.0,0.9570654856017393,0.0014863753138685187,0.0,0
s4_run,4,run,70.0,20.85858240077899,88,88.75739644970389,1.0667903131054106,65.1258728182957,59,111.14555021832108,16,48.53626716970755,53,65.1258728182957,59,65.1258728182957,59,65.1258728182957,59,48.53626716970755,53,48.53626716970755,53,0.9785657119701849,1.0,0.9642761866169749,0.0011712836811046284,0.0,0.9479852974217327,1.0,0.913308829036221,0.0008474235446659637,0.0,0.984700466896412,1.0,0.9745007781606867,0.0011617412545624184,0.0,0.984700466896412,1.0,0.9745007781606867,0.0011712836811046284,0.0,0
s4_run,4,run,130.0,27.823020718957356,84,85.47008547008569,1.1568372659204633,98.97891390000902,64,161.1055554597668,21,65.0310099726624,63,98.97891390000902,64,98.97891390000902,64,98.97891390000902,64,65.0310099726624,63,65.0310099726624,63,0.9767120169354782,1.0,0.9611866948924636,0.0012305209377890154,0.0,0.9502068586522503,1.0,0.9170114310870838,0.0008078223123308573,0.0,0.9784627371616637,1.0,0.9641045619361059,0.0012364459423947522,0.0,0.9784627371616637,1.0,0.9641045619361059,0.0012305209377890154,0.0,0
s4_run,4,run,190.0,18.530266768638068,90,90.63444108761439,1.1362659826521695,93.42960402940231,56,145.0123147479945,15,72.39412331749789,67,93.42960402940231,56,93.42960402940231,56,93.42960402940231,56,72.39412331749789,67,72.39412331749789,67,0.9697314316114174,1.0,0.9495523860190291,0.001070353286353776,0.0,0.9495859966346875,1.0,0.9159766610578125,0.0008847421687875477,0.0,0.9767285495155686,1.0,0.9612142491926146,0.0010746536037775185,0.0,0.9767285495155686,1.0,0.9612142491926146,0.001070353286353776,0.0,0
s4_run,4,run,250.0,19.849986851933913,92,93.31259720062198,1.1001047978971912,116.66666666666667,46,132.59644860183164,23,56.42631098546645,57,116.66666666666667,46,116.66666666666667,46,116.66666666666667,46,56.42631098546645,57,56.42631098546645,57,0.9685744148201794,1.0,0.9476240247002989,0.0009443063412045827,0.0,0.9515305597876906,1.0,0.9192175996461511,0.001046400103095642,0.0,0.9784115972369288,1.0,0.9640193287282147,0.0009424926436787203,0.0,0.9784115972369288,1.0,0.9640193287282147,0.0009443063412045827,0.0,0
s4_run,4,run,310.0,23.523038352509346,88,88.49557522123929,1.1451215797129923,108.72138236359417,60,144.16870459505205,14,51.89511969613195,59,108.72138236359417,60,108.72138236359417,60,108.72138236359417,60,51.89511969613195,59,51.89511969613195,59,0.9653848329225402,1.0,0.9423080548709002,0.0009688179286704384,0.0,0.9539814474253094,1.0,0.9233024123755157,0.001064754354616663,0.0,0.9799103583536669,1.0,0.9665172639227781,0.0009734140430305842,0.0,0.9799103583536669,1.0,0.9665172639227781,0.0009688179286704384,0.0,0
s4_run,4,run,370.0,20.191307260518865,91,93.45794392523425,1.14637912709475,58.532042506647585,51,157.44280007074838,18,51.24536034141763,70,58.532042506647585,51,58.532042506647585,51,58.532042506647585,51,51.24536034141763,70,51.24536034141763,70,0.9696776108168261,1.0,0.9494626846947103,0.0013440951768075634,0.0,0.9552002169385283,1.0,0.9253336948975471,0.001053499026096204,0.0,0.9761242873220621,1.0,0.96020714553677,0.0013538270508987702,0.0,0.9761242873220621,1.0,0.96020714553677,0.0013440951768075634,0.0,0
s4_run,4,run,430.0,15.497607046760287,92,91.60305343511435,1.2522315792698042,92.6334301478272,64,118.50925889754119,10,45.78027231606791,73,92.6334301478272,64,92.6334301478272,64,92.6334301478272,64,45.78027231606791,73,45.78027231606791,73,0.9670999841414131,1.0,0.9451666402356884,0.0024130103227089144,0.0,0.9539537271147897,1.0,0.9232562118579828,0.0015682824645081232,0.0,0.9735352765087149,1.0,0.9558921275145247,0.0024096963131282605,0.0,0.9735352765087149,1.0,0.9558921275145247,0.0024130103227089144,0.0,0
s4_walk,4,walk,10.0,20.15119322112901,86,87.71929824561413,1.0926830575714368,102.10638709558911,36,100.17331919004691,50,180.97618890998052,43,102.10638709558911,36,102.10638709558911,36,102.10638709558911,36,110.91636049019209,42,110.91636049019209,42,0.9594690304443518,1.0,0.9324483840739197,0.0015684216029470028,0.0,0.977017075420753,1.0,0.961695125701255,0.003366177160131747,0.0,0.9360544758243866,1.0,0.8934241263739777,0.0015647156767323888,0.0,0.9703359212811168,1.0,0.9505598688018613,0.0015684216029470028,0.0,0
s4_walk,4,walk,70.0,19.996590618493943,89,89.28571428571279,1.1088086453328803,78.71120978268944,45,78.47605090750767,54,96.25270558967854,49,78.71120978268944,45,78.71120978268944,45,78.71120978268944,45,96.25270558967854,49,96.25270558967854,49,0.9667617237238402,1.0,0.944602872873067,0.0018490013201941612,0.0,0.9807247078870606,1.0,0.967874513145101,0.0029114545540437097,0.0,0.9677152323771463,1.0,0.9461920539619104,0.0018613597941765235,0.0,0.9699982876020268,1.0,0.9499971460033778,0.0018490013201941612,0.0,0
s4_walk,4,walk,130.0,21.711477040822043,86,88.23529411764802,1.3086456848047068,127.53213102761376,46,120.59267221764593,55,73.24824996168154,50,127.53213102761376,46,127.53213102761376,46,127.53213102761376,46,73.24824996168154,50,73.24824996168154,50,0.9687634797696478,1.0,0.9479391329494131,0.002440453253680584,0.0,0.9788019568630616,1.0,0.9646699281051027,0.0028452059254051036,0.0,0.9742870844967044,1.0,0.9571451408278406,0.0024448183552012483,0.0,0.9742870844967044,1.0,0.9571451408278406,0.002440453253680584,0.0,0
s4_walk,4,walk,190.0,17.494873198607685,86,87.08272859215985,1.4472836370017759,160.73936312286065,36,125.412526833616,54,98.73304556081659,57,160.73936312286065,36,160.73936312286065,36,160.73936312286065,36,98.73304556081659,57,98.73304556081659,57,0.963931422193431,1.0,0.9398857036557183,0.002688782755848695,0.0,0.9782896051781459,1.0,0.9638160086302432,0.003404082927373762,0.0,0.973710728832702,1.0,0.9561845480545034,0.0026932330048611147,0.0,0.973710728832702,1.0,0.9561845480545034,0.002688782755848695,0.0,0
s4_walk,4,walk,250.0,20.107943996456562,86,85.95988538682207,1.6088504138861883,146.935359937627,41,118.49600983926035,47,79.42006780286277,54,146.935359937627,41,146.935359937627,41,146.935359937627,41,79.42006780286277,54,79.42006780286277,54,0.9468120008061065,1.0,0.9113533346768441,0.003148157934484708,0.0,0.9718114726913586,1.0,0.9530191211522643,0.0038780729553255745,0.0,0.9700000360282737,1.0,0.9500000600471229,0.003147639443486145,0.0,0.9700000360282737,1.0,0.9500000600471229,0.003148157934484708,0.0,0
s4_walk,4,walk,310.0,22.301674956877104,86,87.97653958944804,1.6376572084869054,139.427400463467,36,63.63961030678928,51,75.301861666033,55,139.427400463467,36,139.427400463467,36,139.427400463467,36,75.301861666033,55,75.301861666033,55,0.9487148271841033,1.0,0.9145247119735054,0.003873753195925117,0.0,0.9750001634016845,1.0,0.9583336056694742,0.0036259958690578317,0.0,0.9740834348352625,1.0,0.9568057247254376,0.003873754327231124,0.0,0.9740834348352625,1.0,0.9568057247254376,0.003873753195925117,0.0,0
s4_walk,4,walk,370.0,19.671105229555234,85,86.20689655172087,1.9299424519754753,146.59467930317254,31,76.90783324743205,55,101.17932052529699,52,146.59467930317254,31,146.59467930317254,31,146.59467930317254,31,101.17932052529699,52,101.17932052529699,52,0.9541650896590652,1.0,0.9236084827651088,0.004970975304711062,0.0,0.985799606636395,1.0,0.9763326777273249,0.004811121813874464,0.0,0.9717572022314047,1.0,0.9529286703856745,0.004929712884656874,0.0,0.9717572022314047,1.0,0.9529286703856745,0.004970975304711062,0.0,0
s4_walk,4,walk,430.0,22.700271486956865,87,87.46355685131468,1.8048706979614533,170.87032119905044,31,99.23708984044222,51,76.04589879411154,48,170.87032119905044,31,170.87032119905044,31,170.87032119905044,31,76.04589879411154,48,76.04589879411154,48,0.9501463120521745,1.0,0.9169105200869574,0.003011405553764227,0.0,0.9792112095887386,1.0,0.9653520159812312,0.004735004731415674,0.0,0.9746285173737653,1.0,0.9577141956229422,0.003016848887131304,0.0,0.9746285173737653,1.0,0.9577141956229422,0.003011405553764227,0.0,0
s5_walk,5,walk,10.0,14.665151436881697,91,93.16770186335376,0.7684204989479163,115.9821186728879,55,160.78849827170657,35,37.81979744329265,90,115.9821186728879,55,115.9821186728879,55,115.9821186728879,55,37.81979744329265,90,37.81979744329265,90,0.937218600460607,1.0,0.8953643341010117,0.00397282771977534,0.0,0.9718731530047515,1.0,0.9531219216745859,0.004366280412100626,0.0,0.9855501585926781,1.0,0.9759169309877969,0.0039459774325016055,0.0,0.9856229453072709,1.0,0.9760382421787848,0.00397282771977534,0.0,0
s5_walk,5,walk,70.0,18.85971603415288,91,91.46341463414552,0.7480327897811817,106.41676701482146,54,241.8775762751932,22,53.23594588307729,92,106.41676701482146,54,106.41676701482146,54,106.41676701482146,54,53.23594588307729,92,53.23594588307729,92,0.9620105462661075,1.0,0.9366842437768459,0.003888850049441963,0.0,0.9645060108502937,1.0,0.9408433514171562,0.0038241433146961592,0.0,0.9782596830001685,1.0,0.9637661383336142,0.0038729511462754617,0.0,0.9782596830001685,1.0,0.9637661383336142,0.003888850049441963,0.0,0
s5_walk,5,walk,130.0,20.261508720533296,88,88.23529411764618,0.8992629535374683,145.48149320399781,38,175.46367145366588,25,47.14755101025991,84,145.48149320399781,38,145.48149320399781,38,145.48149320399781,38,47.14755101025991,84,47.14755101025991,84,0.963276123964435,1.0,0.938793539940725,0.003988567352076604,0.0,0.9662982475833445,1.0,0.9438304126389074,0.0035297156364056427,0.08333333333333333,0.9811755773063898,1.0,0.9686259621773163,0.003980702240780291,0.0,0.9811755773063898,1.0,0.9686259621773163,0.003988567352076604,0.0,0
s5_walk,5,walk,190.0,19.201501879244578,87,87.9765395894407,0.5237753098201967,142.7356626346587,50,119.36799382044565,40,49.33275717241596,87,142.7356626346587,50,142.7356626346587,50,142.7356626346587,50,49.33275717241596,87,49.33275717241596,87,0.9579240431740088,1.0,0.9298734052900146,0.0037885257914327163,0.0,0.9497709052472539,1.0,0.9162848420787565,0.002417950532816674,0.0,0.98048127945953,1.0,0.9674687990992166,0.0037882675334652343,0.0,0.98048127945953,1.0,0.9674687990992166,0.0037885257914327163,0.0,0
s5_walk,5,walk,250.0,15.023790657298383,92,92.59259259258909,0.4794743564614436,87.98989841011424,46,78.34729014037707,48,36.283377964069395,92,87.98989841011424,46,87.98989841011424,46,87.98989841011424,46,36.283377964069395,92,36.283377964069395,92,0.9664543951821094,1.0,0.9440906586368489,0.003918556621309097,0.0,0.9644962880052881,1.0,0.9408271466754801,0.002633808354250804,0.0,0.9848083049939491,1.0,0.9746805083232486,0.003910748487573619,0.0,0.9848083049939491,1.0,0.9746805083232486,0.003918556621309097,0.0,0
s5_walk,5,walk,310.0,18.21716686368415,90,91.46341463414552,0.5021533233799585,120.58799034163455,42,76.59416862050705,34,41.91441496452243,89,120.58799034163455,42,120.58799034163455,42,120.58799034163455,42,41.91441496452243,89,41.91441496452243,89,0.9689781551499994,1.0,0.948296925249999,0.0037262510886962724,0.0,0.972665268865817,1.0,0.9544421147763615,0.002691095383094975,0.0,0.9822844580144823,1.0,0.9704740966908039,0.003732786190384695,0.0,0.9822844580144823,1.0,0.9704740966908039,0.0037262510886962724,0.0,0
s5_walk,5,walk,370.0,18.76758434701303,91,92.02453987730247,0.5161555117164873,81.87149184221934,35,70.96066985779282,49,50.3409428429364,77,81.87149184221934,35,81.87149184221934,35,81.87149184221934,35,50.3409428429364,77,50.3409428429364,77,0.9615569563986648,1.0,0.9359282606644412,0.0035113409312180714,0.0,0.9739239575981528,1.0,0.9565399293302546,0.002745883679744336,0.0,0.9818328814984939,1.0,0.9697214691641566,0.0035357993720356233,0.0,0.9818328814984939,1.0,0.9697214691641566,0.0035113409312180714,0.0,0
s5_walk,5,walk,430.0,16.897388529904163,93,94.93670886075874,0.5205273784823956,129.16117332872201,47,103.02326486502102,30,48.705463987341524,73,129.16117332872201,47,129.16117332872201,47,129.16117332872201,47,48.705463987341524,73,48.705463987341524,73,0.9669531199141455,1.0,0.9449218665235757,0.0031498002172180763,0.0,0.9702418491874576,1.0,0.9504030819790961,0.002553240315672148,0.0,0.9803878486032533,1.0,0.9673130810054222,0.003179538749880281,0.0,0.9803878486032533,1.0,0.9673130810054222,0.0031498002172180763,0.0,0
s5_run,5,run,10.0,15.054479819554336,92,92.87925696594466,1.074572217745928,120.20004970070498,78,121.45395765386665,48,27.246858614303157,93,120.20004970070498,78,120.20004970070498,78,120.20004970070498,78,27.246858614303157,93,27.246858614303157,93,0.9575070012762912,1.0,0.9291783354604853,0.0031075461606959523,0.0,0.9498385164080713,1.0,0.9163975273467855,0.005290657992966523,0.0,0.9882242431453345,1.0,0.9803737385755577,0.003101236780405738,0.0,0.988212428897371,1.0,0.9803540481622852,0.0031075461606959523,0.0,0
s5_run,5,run,70.0,14.411415228522,91,92.59259259259315,1.3741066154840473,114.26346901296667,58,119.79780946042024,34,33.65957565043019,92,114.26346901296667,58,114.26346901296667,58,114.26346901296667,58,33.65957565043019,92,33.65957565043019,92,0.9659688255233848,1.0,0.943281375872308,0.003961882905685658,0.0,0.9605879072780064,1.0,0.9343131787966772,0.010807094772697888,0.0,0.9848374362173699,1.0,0.9747290603622831,0.003933987293929712,0.0,0.9848374362173699,1.0,0.9747290603622831,0.003961882905685658,0.0,0
s5_run,5,run,130.0,19.467640098095057,92,93.16770186335324,1.2175315928398236,144.09921350699085,49,59.430631832414505,26,34.97993004020988,90,144.09921350699085,49,144.09921350699085,49,144.09921350699085,49,34.97993004020988,90,34.97993004020988,90,0.9595394789567807,1.0,0.9325657982613013,0.004081468278346171,0.0,0.9516582426878029,1.0,0.9194304044796715,0.010640727204922219,0.0,0.9854442205967581,1.0,0.9757403676612635,0.004069972208770426,0.0,0.9854442205967581,1.0,0.9757403676612635,0.004081468278346171,0.0,0
s5_run,5,run,190.0,19.545957240423174,91,92.59259259259315,1.173998316862204,137.95545410411714,42,59.833101206606365,11,45.15485620573981,78,137.95545410411714,42,137.95545410411714,42,137.95545410411714,42,45.15485620573981,78,45.15485620573981,78,0.9583826467884873,1.0,0.9306377446474787,0.0029943655478911193,0.0,0.9495259343192568,1.0,0.9158765571987615,0.008537416167703343,0.0,0.9812463110789047,1.0,0.9687438517981746,0.0029962135604841723,0.0,0.9812463110789047,1.0,0.9687438517981746,0.0029943655478911193,0.0,0
s5_run,5,run,250.0,20.59998909130045,90,91.04704097116957,1.1167120874487064,123.487571552237,62,106.42966093750711,12,48.92260267638649,77,123.487571552237,62,123.487571552237,62,123.487571552237,62,48.92260267638649,77,48.92260267638649,77,0.9612811175209293,1.0,0.9354685292015488,0.0028911928615148056,0.0,0.9488769748594209,1.0,0.9147949580990348,0.007458499081598111,0.0,0.9787538704706351,1.0,0.9645897841177251,0.002896146787909525,0.0,0.9787538704706351,1.0,0.9645897841177251,0.0028911928615148056,0.0,0
s5_run,5,run,310.0,14.126920841894867,94,94.78672985781844,1.1774772315929696,106.26703593696998,42,80.20806277010642,13,48.67994291394828,77,106.26703593696998,42,106.26703593696998,42,106.26703593696998,42,48.67994291394828,77,48.67994291394828,77,0.9630313850590986,1.0,0.9383856417651643,0.0035786561275659486,0.0,0.950721425825501,1.0,0.9178690430425017,0.007814869192558756,0.0,0.9816305698514078,1.0,0.9693842830856798,0.003580474042601945,0.0,0.9816305698514078,1.0,0.9693842830856798,0.0035786561275659486,0.0,0
s5_run,5,run,370.0,15.390567410507714,93,94.33962264150585,1.4333145055476055,114.83079339232621,37,,8,60.113528956769485,67,114.83079339232621,37,114.83079339232621,37,114.83079339232621,37,60.113528956769485,67,60.113528956769485,67,0.9635143690769689,1.0,0.9391906151282814,0.004754753147121802,0.0,0.9691384502056054,1.0,0.948564083676009,0.010437098477193305,0.08333333333333333,0.9837072638996147,1.0,0.9728454398326912,0.004729933244254862,0.0,0.9837072638996147,1.0,0.9728454398326912,0.004754753147121802,0.0,0
s5_run,5,run,430.0,13.384987662937718,96,96.15384615385126,1.6516514624011378,161.76114078067906,28,,1,67.21742198404978,34,161.76114078067906,28,161.76114078067906,28,161.76114078067906,28,67.21742198404978,34,67.21742198404978,34,0.9574592663430047,1.0,0.9290987772383412,0.0046793837229414815,0.0,0.9691384502056054,1.0,0.948564083676009,0.01568745417947543,0.08333333333333333,0.9803855388247334,1.0,0.9673092313745558,0.004701641728396126,0.0,0.9803855388247334,1.0,0.9673092313745558,0.0046793837229414815,0.0,0
s5_run,5,run,490.0,12.786506045132182,96,98.68421052631513,1.5678038170451896,126.53853168106544,26,,4,81.37874415349502,41,126.53853168106544,26,126.53853168106544,26,126.53853168106544,26,81.37874415349502,41,81.37874415349502,41,0.9560480687652573,1.0,0.9267467812754286,0.0056400727138852524,0.0,0.96421077205085,1.0,0.9403512867514168,0.014342816256052014,0.11666666666666667,0.976779966708843,1.0,0.9612999445147384,0.0056317681169923105,0.0,0.976779966708843,1.0,0.9612999445147384,0.0056400727138852524,0.0,0
s5_sit,5,sit,10.0,25.909586385479372,76,76.43312101910809,0.04808958874390861,52.753149070383515,77,41.73597838666169,75,27.736858750286295,76,52.753149070383515,77,52.753149070383515,77,52.753149070383515,77,27.736858750286295,76,27.736858750286295,76,0.9796790672972397,1.0,0.9661317788287329,0.0034694210699547407,0.0,0.9829964461637649,1.0,0.9716607436062747,0.0012638546627725005,0.0,0.9829982797720354,1.0,0.9716637996200589,0.003467975792567221,0.0,0.9829982797720354,1.0,0.9716637996200589,0.0034694210699547407,0.0,0
s5_sit,5,sit,70.0,24.043294283437127,76,76.4331210191093,0.06101352177236424,89.50977600240098,76,68.2260545579762,74,28.35396565598986,77,89.50977600240098,76,89.50977600240098,76,89.50977600240098,76,28.35396565598986,77,28.35396565598986,77,0.980213148130388,1.0,0.9670219135506467,0.0034757190793678577,0.0,0.9811858546609638,1.0,0.9686430911016064,0.001310140488643583,0.0,0.9837581641507875,1.0,0.9729302735846459,0.0034686400158508183,0.0,0.9837581641507875,1.0,0.9729302735846459,0.0034757190793678577,0.0,0
s5_sit,5,sit,130.0,28.63758214499578,73,73.89162561576246,0.05155654903898816,63.89391545704827,75,61.8411216289317,75,31.032462013674277,74,63.89391545704827,75,63.89391545704827,75,63.89391545704827,75,31.032462013674277,74,31.032462013674277,74,0.9757424438188129,1.0,0.9595707396980215,0.003866198030015449,0.0,0.9791236565845107,1.0,0.9652060943075179,0.0014062104842869363,0.0,0.9851068594004143,1.0,0.9751780990006904,0.0038562962502880927,0.0,0.9851068594004143,1.0,0.9751780990006904,0.003866198030015449,0.0,0
s5_sit,5,sit,190.0,30.855350128930844,77,77.72020725388401,0.08057071013635403,57.02630971753301,76,63.885313909640715,76,32.32447671458573,79,57.02630971753301,76,57.02630971753301,76,57.02630971753301,76,32.32447671458573,79,32.32447671458573,79,0.9740877376856151,1.0,0.9568128961426918,0.003350156963222711,0.0,0.9746766532052948,1.0,0.9577944220088247,0.0013023908214968441,0.0,0.9765279155083164,1.0,0.9608798591805273,0.003358348616817116,0.0,0.9765279155083164,1.0,0.9608798591805273,0.003350156963222711,0.0,0
s5_sit,5,sit,250.0,22.96392327438652,80,81.4111261872446,0.07118573764441148,63.39698795835478,74,42.090875389385474,68,27.431733448690405,81,63.39698795835478,74,63.39698795835478,74,63.39698795835478,74,27.431733448690405,81,27.431733448690405,81,0.9796468778705945,1.0,0.9660781297843241,0.002513254899148003,0.0,0.9819406020173815,1.0,0.9699010033623026,0.001045449305094306,0.0,0.9833862806850739,1.0,0.9723104678084566,0.0025321272638715335,0.0,0.9833862806850739,1.0,0.9723104678084566,0.002513254899148003,0.0,0
s5_sit,5,sit,310.0,26.826038910667467,78,78.53403141361154,0.05459868189845429,64.09368143584827,76,50.16854708762371,78,28.51292712064149,78,64.09368143584827,76,64.09368143584827,76,64.09368143584827,76,28.51292712064149,78,28.51292712064149,78,0.9780499600341828,1.0,0.9634166000569713,0.0028836957586909732,0.0,0.980139298019948,1.0,0.9668988300332467,0.0011444460040760753,0.0,0.9828871890290937,1.0,0.9714786483818227,0.002890999070605002,0.0,0.9828871890290937,1.0,0.9714786483818227,0.0028836957586909732,0.0,0
s5_sit,5,sit,370.0,22.32888146254843,77,79.15567282322094,0.05452257973038602,40.88758823646697,79,39.90373030567058,79,25.4195563720897,79,40.88758823646697,79,40.88758823646697,79,40.88758823646697,79,25.4195563720897,79,25.4195563720897,79,0.9830240408729689,1.0,0.9717067347882815,0.0036479939120563874,0.0,0.9833930310479686,1.0,0.9723217184132811,0.001314169789574788,0.0,0.9852998360166536,1.0,0.9754997266944228,0.0036446505033371933,0.0,0.9852998360166536,1.0,0.9754997266944228,0.0036479939120563874,0.0,0
s5_sit,5,sit,430.0,27.296886269319177,76,76.23888182973256,0.06011741084064612,59.45352993912323,73,78.25806235988931,75,28.189832682487964,76,59.45352993912323,73,59.45352993912323,73,59.45352993912323,73,28.189832682487964,76,28.189832682487964,76,0.9782266500355685,1.0,0.9637110833926142,0.003719256568027479,0.0,0.9760057810070892,1.0,0.9600096350118155,0.0013586988466195772,0.0,0.9797210679908517,1.0,0.9662017799847529,0.0037180715253830685,0.0,0.9797210679908517,1.0,0.9662017799847529,0.003719256568027479,0.0,0
s6_run,6,run,10.0,9.205827108263849,92,93.31259720062225,3.810785902183246,131.8701770293177,40,179.59677057230178,41,51.07592387808565,81,131.8701770293177,40,131.8701770293177,40,131.8701770293177,40,51.07592387808565,81,51.07592387808565,81,0.9365241142261715,1.0,0.8942068570436192,0.0048784000702436145,0.0,0.9594422489072583,1.0,0.9324037481787637,0.0050156204601093934,0.0,0.9790970390314324,1.0,0.965161731719054,0.004769529444079313,0.0,0.9792295159812479,1.0,0.965382526635413,0.0048784000702436145,0.0,0
s6_run,6,run,70.0,11.86250821384634,90,91.60305343511435,3.5893753205194994,180.8538307808494,38,133.1164903383499,36,49.52152009360125,85,180.8538307808494,38,180.8538307808494,38,180.8538307808494,38,49.52152009360125,85,49.52152009360125,85,0.9363268080394742,1.0,0.8938780133991236,0.004640315406710362,0.0,0.9608852798326296,1.0,0.9348087997210494,0.005734947253299285,0.0,0.9874836254657242,1.0,0.979139375776207,0.004564252407247307,0.0,0.9874836254657242,1.0,0.979139375776207,0.004640315406710362,0.0,0
s6_run,6,run,130.0,15.084609857247143,89,90.09009009009053,3.9811223793985433,169.29264603047588,41,178.42809578609996,42,53.862833375873464,84,169.29264603047588,41,169.29264603047588,41,169.29264603047588,41,53.862833375873464,84,53.862833375873464,84,0.94528552124858,1.0,0.9088092020809667,0.004333183800792366,0.0,0.9649058823909846,1.0,0.9415098039849744,0.00549530303271763,0.0,0.9841179441545084,1.0,0.9735299069241807,0.004301803874182315,0.0,0.9841179441545084,1.0,0.9735299069241807,0.004333183800792366,0.0,0
s6_run,6,run,190.0,20.720360357225307,88,88.49557522123929,3.2287325537382,199.51292039716478,38,210.4330090124914,40,42.36957307893916,84,199.51292039716478,38,199.51292039716478,38,199.51292039716478,38,42.36957307893916,84,42.36957307893916,84,0.9421493167828803,1.0,0.9035821946381339,0.004111823274206041,0.0,0.9563673102041668,1.0,0.9272788503402779,0.005733856605310438,0.0,0.9870115327189012,1.0,0.978352554531502,0.004114444142041141,0.0,0.9870115327189012,1.0,0.978352554531502,0.004111823274206041,0.0,0
s6_run,6,run,250.0,22.382509782995943,87,88.75739644969829,3.015932697722942,139.49910393977447,41,178.33333333333334,37,39.896926020463695,86,139.49910393977447,41,139.49910393977447,41,139.49910393977447,41,39.896926020463695,86,39.896926020463695,86,0.9390955704905166,1.0,0.8984926174841943,0.0038805966393449702,0.0,0.9574388187338155,1.0,0.9290646978896926,0.0057864909877495836,0.0,0.9865742775126299,1.0,0.9776237958543833,0.0038934500221982924,0.0,0.9865742775126299,1.0,0.9776237958543833,0.0038805966393449702,0.0,0
s6_run,6,run,310.0,22.230200587977055,89,90.90909090908747,2.8984357137842056,138.12520200373075,57,174.94605582573044,50,34.673804626442816,89,138.12520200373075,57,138.12520200373075,57,138.12520200373075,57,34.673804626442816,89,34.673804626442816,89,0.9580370285549001,1.0,0.9300617142581669,0.003948166165856314,0.0,0.9635095712146862,1.0,0.9391826186911436,0.005039172707639761,0.0,0.9889487265630146,1.0,0.9815812109383577,0.003993985866813439,0.0,0.9889487265630146,1.0,0.9815812109383577,0.003948166165856314,0.0,0
s6_run,6,run,370.0,24.339552031681638,88,89.55223880596802,3.334515595383506,166.35958104083343,50,158.35463515852788,43,37.67678635293962,88,166.35958104083343,50,166.35958104083343,50,166.35958104083343,50,37.67678635293962,88,37.67678635293962,88,0.9487612462846574,1.0,0.9146020771410956,0.0039376351889348245,0.0,0.9618784300470702,1.0,0.9364640500784503,0.005469573847525641,0.0,0.9881750437812833,1.0,0.9802917396354722,0.003990470949453061,0.0,0.9881750437812833,1.0,0.9802917396354722,0.0039376351889348245,0.0,0
s6_run,6,run,430.0,27.33024933540687,88,89.55223880597183,2.9870510931304874,153.18289721767243,41,133.87776444934195,44,36.36580688108487,90,153.18289721767243,41,153.18289721767243,41,153.18289721767243,41,36.36580688108487,90,36.36580688108487,90,0.9449928967777199,1.0,0.9083214946295333,0.0047318904452966085,0.0,0.9679383569237583,1.0,0.9465639282062639,0.005553257408234843,0.0,0.9893905623985111,1.0,0.9823176039975184,0.004797463511801087,0.0,0.9893905623985111,1.0,0.9823176039975184,0.0047318904452966085,0.0,0
s6_sit,6,sit,10.0,45.58034189831802,75,78.53403141361227,0.013363249296734896,88.175960442742,53,63.50400476103578,59,48.895699950856724,77,88.175960442742,53,88.175960442742,53,88.175960442742,53,48.895699950856724,77,48.895699950856724,77,0.9669342509528407,1.0,0.9448904182547344,0.0023357966013980514,0.0,0.9717979201628312,1.0,0.9529965336047186,0.002823439834511947,0.0,0.9747033808985631,1.0,0.9578389681642718,0.0023638646538088675,0.0,0.9751094174611645,1.0,0.9585156957686076,0.0023357966013980514,0.0,0
s6_sit,6,sit,70.0,39.64778261979677,76,76.43312101910861,0.01345244437666493,83.24967552234827,60,82.02622682284279,54,42.63019274332844,76,83.24967552234827,60,83.24967552234827,60,83.24967552234827,60,42.63019274332844,76,42.63019274332844,76,0.9739693641614731,1.0,0.9566156069357884,0.002326430531099253,0.0,0.9751438632808824,1.0,0.9585731054681375,0.002737999764817833,0.0,0.9753815510251551,1.0,0.9589692517085919,0.00234625546284497,0.0,0.9753815510251551,1.0,0.9589692517085919,0.002326430531099253,0.0,0
s6_sit,6,sit,130.0,37.12393657287209,76,78.22685788787525,0.013473389032060194,87.05170877128145,51,83.43131494664033,52,42.083876147272214,77,87.05170877128145,51,87.05170877128145,51,87.05170877128145,51,42.083876147272214,77,42.083876147272214,77,0.972223293151003,1.0,0.9537054885850049,0.002198581635995545,0.0,0.9695904458674746,1.0,0.9493174097791243,0.002678222263646706,0.0,0.9787336894841255,1.0,0.9645561491402093,0.002203232490551405,0.0,0.9787336894841255,1.0,0.9645561491402093,0.002198581635995545,0.0,0
s6_sit,6,sit,190.0,30.562722391828327,76,77.82101167315167,0.014881728025332273,76.90743851124321,62,71.54752000627009,64,33.594217189442425,78,76.90743851124321,62,76.90743851124321,62,76.90743851124321,62,33.594217189442425,78,33.594217189442425,78,0.9753607911175468,1.0,0.9589346518625781,0.002254215227268507,0.0,0.9738680319075056,1.0,0.9564467198458426,0.0029238448565096185,0.0,0.9791849973193492,1.0,0.9653083288655819,0.0022580445591896185,0.0,0.9791849973193492,1.0,0.9653083288655819,0.002254215227268507,0.0,0
s6_sit,6,sit,250.0,34.85232001641611,77,77.92207792207401,0.01366150945109357,86.8654939264592,58,71.63620615126148,64,36.83941988065036,78,86.8654939264592,58,86.8654939264592,58,86.8654939264592,58,36.83941988065036,78,36.83941988065036,78,0.9754946659208458,1.0,0.9591577765347429,0.0022642661332862076,0.0,0.9781657775383583,1.0,0.9636096292305972,0.0030900261883037043,0.0,0.9853476929336158,1.0,0.9755794882226929,0.002259775413654539,0.0,0.9853476929336158,1.0,0.9755794882226929,0.0022642661332862076,0.0,0
s6_sit,6,sit,310.0,33.87049639901411,77,77.12082262210599,0.013893207430184774,94.03795645855965,52,67.16185141666574,57,37.5394529304276,77,94.03795645855965,52,94.03795645855965,52,94.03795645855965,52,37.5394529304276,77,37.5394529304276,77,0.9766670098717025,1.0,0.9611116831195042,0.0022972935996348294,0.0,0.9807251317242951,1.0,0.9678752195404916,0.002983991112091927,0.0,0.984175755851562,1.0,0.9736262597526035,0.0022887741550941254,0.0,0.984175755851562,1.0,0.9736262597526035,0.0022972935996348294,0.0,0
s6_sit,6,sit,370.0,30.897112793065627,77,78.74015748031492,0.013588509179078674,83.36100169607839,54,71.66096648557748,52,36.742346141747674,79,83.36100169607839,54,83.36100169607839,54,83.36100169607839,54,36.742346141747674,79,36.742346141747674,79,0.9736089307020961,1.0,0.9560148845034934,0.0025159070416511686,0.0,0.9770482560943996,1.0,0.961747093490666,0.0026732783122892035,0.0,0.983176008450359,1.0,0.9719600140839317,0.0025085529470458227,0.0,0.983176008450359,1.0,0.9719600140839317,0.0025159070416511686,0.0,0
s6_sit,6,sit,430.0,31.667682347515942,77,77.92207792207977,0.01399878995432635,93.5983746531152,62,60.93215302881782,56,34.865232188878586,78,93.5983746531152,62,93.5983746531152,62,93.5983746531152,62,34.865232188878586,78,34.865232188878586,78,0.9743170936969661,1.0,0.9571951561616102,0.0027285642345718283,0.0,0.9764890569044729,1.0,0.9608150948407881,0.002718490960442385,0.0,0.9798118043993372,1.0,0.9663530073322288,0.002723894684295494,0.0,0.9798118043993372,1.0,0.9663530073322288,0.0027285642345718283,0.0,0
s6_walk,6,walk,10.0,24.19264248934522,82,83.79888268156411,0.5862649524284369,141.59802258506295,15,172.30463977760115,19,63.00896658516048,78,141.59802258506295,15,141.59802258506295,15,141.59802258506295,15,63.00896658516048,78,63.00896658516048,78,0.9558696527214205,1.0,0.9264494212023676,0.005012829040030286,0.0,0.9367592280035372,1.0,0.8945987133392286,0.002388134368142593,0.0,0.9821489174608646,1.0,0.9702481957681076,0.0049602559262709196,0.0,0.9820953315013966,1.0,0.9701588858356611,0.005012829040030286,0.0,0
s6_walk,6,walk,70.0,25.092421756971422,82,83.44923504867859,0.7339405699722393,133.0178559442303,17,183.81376444651798,25,50.10757658048562,66,133.0178559442303,17,133.0178559442303,17,133.0178559442303,17,50.10757658048562,66,50.10757658048562,66,0.9460200431109592,1.0,0.9100334051849319,0.006060826275296529,0.0,0.9116513663781287,1.0,0.8527522772968812,0.002645149736700863,0.0,0.9826615144149974,1.0,0.9711025240249958,0.006016377305399558,0.0,0.9826615144149974,1.0,0.9711025240249958,0.006060826275296529,0.0,0
s6_walk,6,walk,130.0,22.08851373506777,83,84.03361344537831,0.4729084444174076,102.68614533832908,10,259.01635794715844,20,57.77110004145671,65,102.68614533832908,10,102.68614533832908,10,102.68614533832908,10,57.77110004145671,65,57.77110004145671,65,0.9396083366457312,1.0,0.8993472277428852,0.004883692424354659,0.0,0.9158660852723168,1.0,0.8597768087871946,0.0019113094382158372,0.0,0.9820843253300207,1.0,0.9701405422167011,0.004866605903434101,0.0,0.9820843253300207,1.0,0.9701405422167011,0.004883692424354659,0.0,0
s6_walk,6,walk,190.0,18.473919840834295,85,85.22727272727523,0.6913466540692438,117.33143937865361,13,205.40521986509032,24,90.85244447270897,49,117.33143937865361,13,117.33143937865361,13,117.33143937865361,13,90.85244447270897,49,90.85244447270897,49,0.9392808872729013,1.0,0.8988014787881687,0.004844861410122973,0.0,0.9530413280584205,1.0,0.9217355467640342,0.0025656852619696576,0.0,0.9804670346712532,1.0,0.967445057785422,0.004856745290127669,0.0,0.9804670346712532,1.0,0.967445057785422,0.004844861410122973,0.0,0
s6_walk,6,walk,250.0,23.054417642599283,82,84.03361344537831,0.581275897481265,106.37569963898808,20,214.17345837024314,38,73.2913475222118,75,106.37569963898808,20,106.37569963898808,20,106.37569963898808,20,73.2913475222118,75,73.2913475222118,75,0.9441931127899346,1.0,0.9069885213165576,0.00409884773670059,0.0,0.9539235610180967,1.0,0.9232059350301611,0.002278800483097265,0.0,0.9692756758301645,1.0,0.9487927930502741,0.004105171818229347,0.0,0.9692756758301645,1.0,0.9487927930502741,0.00409884773670059,0.0,0
s6_walk,6,walk,310.0,22.755907481383723,84,84.74576271186119,0.6932560721468933,127.57350822173073,21,161.1630522538113,35,77.77427086962838,44,127.57350822173073,21,127.57350822173073,21,127.57350822173073,21,77.77427086962838,44,77.77427086962838,44,0.9450579426070269,1.0,0.9084299043450448,0.004865538261879895,0.0,0.9677913881111044,1.0,0.946318980185174,0.00242272131113229,0.0,0.9786945614515264,1.0,0.9644909357525441,0.004876175262394173,0.0,0.9786945614515264,1.0,0.9644909357525441,0.004865538261879895,0.0,0
s6_walk,6,walk,370.0,18.19994767129578,85,86.45533141210166,0.6555962841899793,142.59499757471625,22,227.83566645521265,34,89.36137054373408,56,142.59499757471625,22,142.59499757471625,22,142.59499757471625,22,89.36137054373408,56,89.36137054373408,56,0.9560924136208335,1.0,0.9268206893680558,0.004978814617915078,0.0,0.9647468504714372,1.0,0.9412447507857287,0.0022993318191976706,0.0,0.9779465531072281,1.0,0.9632442551787136,0.004979151276507865,0.0,0.9779465531072281,1.0,0.9632442551787136,0.004978814617915078,0.0,0
s6_walk,6,walk,430.0,21.04003153109119,83,83.79888268156328,0.7088063162110023,129.80754985747168,17,152.81174225637432,36,75.86014701252499,43,129.80754985747168,17,129.80754985747168,17,129.80754985747168,17,75.86014701252499,43,75.86014701252499,43,0.952926919523845,1.0,0.9215448658730749,0.004958854850673709,0.0,0.9640498289335258,1.0,0.9400830482225428,0.0025666696591516614,0.0,0.9766971387786706,1.0,0.9611618979644511,0.00497770412891466,0.0,0.9766971387786706,1.0,0.9611618979644511,0.004958854850673709,0.0,0
s7_walk,7,walk,10.0,25.57994005726615,85,85.95988538681942,0.8889534533918223,197.93938466106235,16,209.5958844600931,24,155.98432969728438,46,197.93938466106235,16,197.93938466106235,16,197.93938466106235,16,155.98432969728438,46,155.98432969728438,46,0.9366079455250257,1.0,0.8943465758750427,0.004769648937180212,0.0,0.9625003122066156,1.0,0.9375005203443594,0.004693489531274315,0.0,0.9573857097215628,1.0,0.9289761828692713,0.004781328002953639,0.0,0.9527912525751796,1.0,0.9213187542919659,0.004769648937180212,0.0,0
s7_walk,7,walk,70.0,34.738808415467815,80,81.96721311475417,0.7473410213925252,285.46953802964185,15,181.1629101113139,16,116.07468859890744,46,285.46953802964185,15,285.46953802964185,15,285.46953802964185,15,116.07468859890744,46,116.07468859890744,46,0.9423223556758384,1.0,0.9038705927930641,0.003902843105790807,0.0,0.9624097920242497,1.0,0.9373496533737495,0.0037137376152035963,0.0,0.963227223401216,1.0,0.9387120390020267,0.003887072606119173,0.0,0.963227223401216,1.0,0.9387120390020267,0.003902843105790807,0.0,0
s7_walk,7,walk,130.0,46.06545315120523,78,78.63695937090525,0.634283997610524,201.47283774202936,24,197.76694543295739,18,79.74535744416916,60,201.47283774202936,24,201.47283774202936,24,201.47283774202936,24,79.74535744416916,60,79.74535744416916,60,0.9421040206412747,1.0,0.9035067010687912,0.003990643704031231,0.0,0.9643604553818413,1.0,0.9406007589697356,0.0034672183804214615,0.0,0.9730524912933455,1.0,0.9550874854889092,0.004012386762377022,0.0,0.9730524912933455,1.0,0.9550874854889092,0.003990643704031231,0.0,0
s7_walk,7,walk,190.0,48.96385870680057,75,75.94936708860835,0.6086307998050888,131.18450746944168,33,298.8101403901815,17,77.80555059700885,55,131.18450746944168,33,131.18450746944168,33,131.18450746944168,33,77.80555059700885,55,77.80555059700885,55,0.927062348774818,1.0,0.8784372479580299,0.0029849252162786593,0.0,0.9605446752269045,1.0,0.934241125378174,0.002751345874640221,0.0,0.9776626451524164,1.0,0.9627710752540273,0.0029806264331155353,0.0,0.9776626451524164,1.0,0.9627710752540273,0.0029849252162786593,0.0,0
s7_walk,7,walk,250.0,51.232481135397336,74,75.56675062972187,0.5764628652114893,158.1375983123558,41,102.95630140987001,10,88.88194417315589,57,158.1375983123558,41,158.1375983123558,41,158.1375983123558,41,88.88194417315589,57,88.88194417315589,57,0.9571103868837755,1.0,0.9285173114729591,0.002446691489282226,0.0,0.9391636604289699,1.0,0.89860610071495,0.002784954387550229,0.0,0.9794203798987222,1.0,0.965700633164537,0.0024303468510777403,0.0,0.9794203798987222,1.0,0.965700633164537,0.002446691489282226,0.0,0
s7_walk,7,walk,310.0,46.90766213661642,74,75.09386733416976,0.6530999365817812,154.1976753291796,40,166.89983689493394,10,126.22954608602831,60,154.1976753291796,40,154.1976753291796,40,154.1976753291796,40,126.22954608602831,60,126.22954608602831,60,0.9538605530628399,1.0,0.9231009217713999,0.002840606780364493,0.0,0.9277246734479199,1.0,0.8795411224131998,0.0029576701048913134,0.0,0.965898508973362,1.0,0.94316418162227,0.0027912330101060555,0.0,0.965898508973362,1.0,0.94316418162227,0.002840606780364493,0.0,0
s7_walk,7,walk,370.0,47.58775677203128,75,75.56675062972457,0.582469735314982,210.46956050088548,40,216.30225765503852,16,115.56313733054074,63,210.46956050088548,40,210.46956050088548,40,210.46956050088548,40,115.56313733054074,63,115.56313733054074,63,0.9577481032811118,1.0,0.9295801721351863,0.002921768523253373,0.0,0.9213344078571643,1.0,0.8688906797619403,0.0025727208445748013,0.0,0.968950763415565,1.0,0.9482512723592749,0.0029364281697737233,0.0,0.968950763415565,1.0,0.9482512723592749,0.002921768523253373,0.0,0
s7_walk,7,walk,430.0,42.845373465485345,74,73.89162561576505,0.6675508859085587,245.57720428677032,50,222.9859351455317,23,63.94442031083626,64,245.57720428677032,50,245.57720428677032,50,245.57720428677032,50,63.94442031083626,64,63.94442031083626,64,0.9561764519050094,1.0,0.9269607531750157,0.003251316794103826,0.0,0.9275640457564471,1.0,0.8792734095940786,0.002884202412045795,0.0,0.9763390500072049,1.0,0.9605650833453414,0.0032575927460356795,0.0,0.9763390500072049,1.0,0.9605650833453414,0.003251316794103826,0.0,0
s7_run,7,run,10.0,25.366953954725933,86,87.20930232558109,1.8102413863027425,77.7266271713148,71,123.40562129992723,39,35.91009445435824,87,77.7266271713148,71,77.7266271713148,71,77.7266271713148,71,35.91009445435824,87,35.91009445435824,87,0.9732699417184857,1.0,0.9554499028641428,0.005580032809182034,0.0,0.9586834035101905,1.0,0.9311390058503176,0.0014222010503118568,0.0,0.9866976542692911,1.0,0.9778294237821518,0.005557685210232853,0.0,0.9868584273434118,1.0,0.9780973789056862,0.005580032809182034,0.0,0
s7_run,7,run,70.0,31.552511399407067,83,84.26966292134793,2.005948034998467,117.41586982382955,75,189.07040764651418,22,36.94672165380652,84,117.41586982382955,75,117.41586982382955,75,117.41586982382955,75,36.94672165380652,84,36.94672165380652,84,0.9713964462833355,1.0,0.9523274104722259,0.004202027215747358,0.0,0.9564209513266713,1.0,0.9273682522111187,0.0014645749325530373,0.0,0.9856505587569144,1.0,0.9760842645948575,0.00420881903190756,0.0,0.9856505587569144,1.0,0.9760842645948575,0.004202027215747358,0.0,0
s7_run,7,run,130.0,38.89023013560118,81,82.19178082191895,1.8971501153733916,100.15429273346788,69,100.80445655594033,14,42.79310692155922,81,100.15429273346788,69,100.15429273346788,69,100.15429273346788,69,42.79310692155922,81,42.79310692155922,81,0.9708389356303441,1.0,0.9513982260505733,0.004637408912309276,0.0,0.9512336993643579,1.0,0.9187228322739297,0.001585918833111343,0.0,0.9843984480901007,1.0,0.9739974134835012,0.004638726832584976,0.0,0.9843984480901007,1.0,0.9739974134835012,0.004637408912309276,0.0,0
s7_run,7,run,190.0,32.4769148781053,81,82.87292817679678,1.7464039028348355,90.12232741282864,60,75.60864148142504,13,41.26062317016363,83,90.12232741282864,60,90.12232741282864,60,90.12232741282864,60,41.26062317016363,83,41.26062317016363,83,0.9734399639035055,1.0,0.9557332731725092,0.004096489768063491,0.0,0.9445033467140199,1.0,0.9075055778566999,0.0013545736776678118,0.0,0.9865151161360664,1.0,0.9775251935601104,0.004112734848167066,0.0,0.9865151161360664,1.0,0.9775251935601104,0.004096489768063491,0.0,0
s7_run,7,run,250.0,31.973754669327672,82,82.41758241758144,1.5152198117756628,103.8723913473187,77,104.58250331675944,17,36.83463212055728,82,103.8723913473187,77,103.8723913473187,77,103.8723913473187,77,36.83463212055728,82,36.83463212055728,82,0.9749947859739819,1.0,0.9583246432899699,0.005147082098414248,0.0,0.9432462936875078,1.0,0.9054104894791797,0.001460096156202186,0.0,0.9865198921772198,1.0,0.9775331536286995,0.005141913002091011,0.0,0.9865198921772198,1.0,0.9775331536286995,0.005147082098414248,0.0,0
s7_run,7,run,310.0,33.307144183473014,83,84.50704225352357,1.6271205766363541,122.36103228651768,73,,9,38.05512805239706,84,122.36103228651768,73,122.36103228651768,73,122.36103228651768,73,38.05512805239706,84,38.05512805239706,84,0.966300929241829,1.0,0.943834882069715,0.006481387483244429,0.0,0.9448294659727794,1.0,0.9080491099546324,0.001899146490218925,0.0,0.9844511116832037,1.0,0.9740851861386727,0.006436975947014147,0.0,0.9844511116832037,1.0,0.9740851861386727,0.006481387483244429,0.0,0
s7_run,7,run,370.0,34.700144091917586,81,82.19178082191576,1.4502050952121792,80.83236336852916,63,88.74790406646501,22,38.809442659051065,82,80.83236336852916,63,80.83236336852916,63,80.83236336852916,63,38.809442659051065,82,38.809442659051065,82,0.9729286336812534,1.0,0.9548810561354223,0.006283727420977554,0.0,0.9556959632885165,1.0,0.9261599388141941,0.001534230790705738,0.0,0.9870868299795232,1.0,0.9784780499658721,0.0062399483886885635,0.0,0.9870868299795232,1.0,0.9784780499658721,0.006283727420977554,0.0,0
s7_run,7,run,430.0,34.59933415617235,80,80.97165991902993,1.7577380132302762,94.43086095128012,65,103.85429353529052,15,37.71604433129222,81,94.43086095128012,65,94.43086095128012,65,94.43086095128012,65,37.71604433129222,81,37.71604433129222,81,0.9749400646795682,1.0,0.9582334411326137,0.004333766410895051,0.0,0.9571256463872548,1.0,0.928542743978758,0.0021847123876289555,0.0,0.9861773541389562,1.0,0.9769622568982603,0.004324603112342937,0.0,0.9861773541389562,1.0,0.9769622568982603,0.004333766410895051,0.0,0
s7_sit,7,sit,10.0,51.8320111229451,62,62.893081761006364,0.01556091787040006,112.25881175358366,50,199.4175191370495,50,49.87080081764828,63,112.25881175358366,50,112.25881175358366,50,112.25881175358366,50,49.87080081764828,63,49.87080081764828,63,0.9817308836420919,1.0,0.9695514727368199,0.0047227666243880055,0.0,0.9608365813351198,1.0,0.934727635558533,0.0008545844682810151,0.0,0.9899020817347888,1.0,0.9831701362246479,0.004705846473654341,0.0,0.9898006626256213,1.0,0.9830011043760354,0.0047227666243880055,0.0,0
s7_sit,7,sit,70.0,48.89290469006953,63,63.02521008403373,0.015068685140594087,85.44003745317531,55,160.68111604240113,39,48.6997604374669,61,85.44003745317531,55,85.44003745317531,55,85.44003745317531,55,48.6997604374669,61,48.6997604374669,61,0.9773191171994575,1.0,0.9621985286657626,0.005032065622763225,0.0,0.9614351279769882,1.0,0.9357252132949802,0.0009949383894872306,0.0,0.9865073071045414,1.0,0.9775121785075689,0.004995272133450086,0.0,0.9865073071045414,1.0,0.9775121785075689,0.005032065622763225,0.0,0
s7_sit,7,sit,130.0,50.85553769537499,64,63.96588486140708,0.015015417839037964,91.85586535436917,49,172.0142112992089,46,52.35713744342639,64,91.85586535436917,49,91.85586535436917,49,91.85586535436917,49,52.35713744342639,64,52.35713744342639,64,0.9778179392017278,1.0,0.9630298986695462,0.005219527893439284,0.0,0.9645621558546482,1.0,0.9409369264244137,0.0009554137653716411,0.0,0.984437696255804,1.0,0.9740628270930067,0.005171066477387154,0.0,0.984437696255804,1.0,0.9740628270930067,0.005219527893439284,0.0,0
s7_sit,7,sit,190.0,50.233107403033685,64,65.07592190889392,0.01440296305746318,115.94454387724315,52,194.3479125463176,46,51.59010042186836,66,115.94454387724315,52,115.94454387724315,52,115.94454387724315,52,51.59010042186836,66,51.59010042186836,66,0.9758574945407402,1.0,0.9597624909012337,0.0037367620055208414,0.0,0.9602937821458687,1.0,0.9338229702431144,0.0008346096875877446,0.0,0.9837068953957966,1.0,0.9728448256596609,0.003734903726620497,0.0,0.9837068953957966,1.0,0.9728448256596609,0.0037367620055208414,0.0,0
s7_sit,7,sit,250.0,55.58234274835687,64,64.65517241379527,0.014968840913457794,117.22162381962251,45,201.5999831138122,48,51.99358934843154,61,117.22162381962251,45,117.22162381962251,45,117.22162381962251,45,51.99358934843154,61,51.99358934843154,61,0.9751704737711209,1.0,0.9586174562852015,0.0034417835799406713,0.0,0.9595002160956,1.0,0.9325003601593332,0.0007650331740616241,0.0,0.9824280776365704,1.0,0.9707134627276173,0.003436141453294008,0.0,0.9824280776365704,1.0,0.9707134627276173,0.0034417835799406713,0.0,0
s7_sit,7,sit,310.0,43.03486958269363,64,65.57377049180386,0.015244299851153461,130.12814197295424,49,174.85287933507044,35,46.46907573860276,65,130.12814197295424,49,130.12814197295424,49,130.12814197295424,49,46.46907573860276,65,46.46907573860276,65,0.9732336124797807,1.0,0.9553893541329678,0.0027244467820345232,0.0,0.9611738253872769,1.0,0.9352897089787948,0.000687490657376041,0.0,0.9862200562081206,1.0,0.9770334270135342,0.0027381566991923276,0.0,0.9862200562081206,1.0,0.9770334270135342,0.0027244467820345232,0.0,0
s7_sit,7,sit,370.0,57.38663438860898,63,63.02521008403373,0.015137489282767277,157.18999857552615,47,171.06159406926278,30,57.89358053071745,61,157.18999857552615,47,157.18999857552615,47,157.18999857552615,47,57.89358053071745,61,57.89358053071745,61,0.9691869924779015,1.0,0.948644987463169,0.002812947301715877,0.0,0.9604877514485526,1.0,0.9341462524142542,0.0007901852732764975,0.0,0.9836214536583366,1.0,0.9727024227638944,0.00283381303525189,0.0,0.9836214536583366,1.0,0.9727024227638944,0.002812947301715877,0.0,0
s7_sit,7,sit,430.0,45.988266274357166,64,64.5855758880535,0.015111306852663247,126.0565107498975,42,170.1896475377755,32,48.519051522631166,62,126.0565107498975,42,126.0565107498975,42,126.0565107498975,42,48.519051522631166,62,48.519051522631166,62,0.967069197639341,1.0,0.9451153293989016,0.002361796774123034,0.0,0.9571370142750726,1.0,0.9285616904584543,0.0007486514578037773,0.0,0.9870778196641994,1.0,0.9784630327736656,0.0023802610826698383,0.0,0.9870778196641994,1.0,0.9784630327736656,0.002361796774123034,0.0,0
s8_sit,8,sit,10.0,17.69623198610393,84,84.86562942008479,0.02323303922883696,127.65794814322346,59,128.96136817961656,59,28.37715908780752,77,127.65794814322346,59,127.65794814322346,59,127.65794814322346,59,28.37715908780752,77,28.37715908780752,77,0.9690966711819687,1.0,0.9484944519699479,0.003580979010238278,0.0,0.9695794726646335,1.0,0.9492991211077224,0.0014950470968899763,0.0,0.9854822283285832,1.0,0.9758037138809721,0.00369819225518933,0.0,0.985757763454348,1.0,0.97626293909058,0.003580979010238278,0.0,0
s8_sit,8,sit,70.0,15.647348215363612,82,81.41112618724617,0.024459709261267427,139.26072090541817,63,115.94877164963337,69,46.636895265444075,69,139.26072090541817,63,139.26072090541817,63,139.26072090541817,63,46.636895265444075,69,46.636895265444075,69,0.9651461364963532,1.0,0.941910227493922,0.0033628134838787835,0.0,0.9688385510422948,1.0,0.9480642517371578,0.0013491003258614216,0.0,0.9843264772162239,1.0,0.9738774620270398,0.003489372147109527,0.0,0.9843264772162239,1.0,0.9738774620270398,0.0033628134838787835,0.0,0
s8_sit,8,sit,130.0,24.10272134989334,86,89.15304606240878,0.02408361159221313,166.29491874377882,51,128.08200498118384,61,86.92606255247728,58,166.29491874377882,51,166.29491874377882,51,166.29491874377882,51,86.92606255247728,58,86.92606255247728,58,0.9556588875514511,1.0,0.9260981459190851,0.0038542402265122786,0.0,0.9640064366380245,1.0,0.9400107277300409,0.0014130619038538583,0.0,0.9771773429609012,1.0,0.9619622382681685,0.004015573748071256,0.0,0.9771773429609012,1.0,0.9619622382681685,0.0038542402265122786,0.0,0
s8_sit,8,sit,190.0,33.57612726088055,88,91.0470409711676,0.028334855311827337,138.8466001685975,38,126.45345464033868,43,134.46543191821598,43,138.8466001685975,38,138.8466001685975,38,138.8466001685975,38,134.46543191821598,43,134.46543191821598,43,0.9572679224461597,1.0,0.9287798707435995,0.006590416860735197,0.0,0.9604119394338677,1.0,0.9340198990564462,0.0015056376033449731,0.0,0.9611281540422472,1.0,0.9352135900704119,0.006679253271062937,0.0,0.9611281540422472,1.0,0.9352135900704119,0.006590416860735197,0.0,0
s8_sit,8,sit,250.0,14.700066463216803,88,91.1854103343483,0.023710234263694945,110.97213530798989,55,116.18106220760023,52,140.24638183941724,43,110.97213530798989,55,110.97213530798989,55,110.97213530798989,55,140.24638183941724,43,140.24638183941724,43,0.9574415338482941,1.0,0.9290692230804902,0.009195394195310048,0.016666666666666666,0.9593749132393271,1.0,0.9322915220655451,0.0019193921784556663,0.0,0.9532389505876262,1.0,0.9220649176460438,0.009002931267840367,0.016666666666666666,0.9532389505876262,1.0,0.9220649176460438,0.009195394195310048,0.016666666666666666,0
s8_sit,8,sit,310.0,24.06164921535406,82,82.41758241758144,0.02206727908929505,118.74342087037917,58,133.5974395790165,59,61.84347487500508,66,118.74342087037917,58,118.74342087037917,58,118.74342087037917,58,61.84347487500508,66,61.84347487500508,66,0.95225956246624,1.0,0.9204326041104,0.00511538044556566,0.08333333333333333,0.9601899251136599,1.0,0.9336498751894331,0.001171268570911403,0.0,0.961677390620842,1.0,0.9361289843680702,0.005017944173358883,0.08333333333333333,0.961677390620842,1.0,0.9361289843680702,0.00511538044556566,0.08333333333333333,0
s8_sit,8,sit,370.0,19.989770110998275,89,86.95652173913072,0.021833154615091256,130.88640112708424,33,107.64971685267705,53,111.1080555135405,41,116.75294428835618,33,116.75294428835618,33,116.75294428835618,33,111.1080555135405,41,111.6542281629615,40,0.9642345665220244,1.0,0.9416506721862858,0.006417450131794756,0.2,0.9631365849493203,1.0,0.9385609749155339,0.0012995260732087915,0.0,0.9748770861552288,1.0,0.9582527744421193,0.006267879931277487,0.2,0.9748770861552288,1.0,0.9582527744421193,0.006417450131794756,0.2,0
s8_run,8,run,10.0,18.45912052170355,93,94.33962264150955,1.1681276335660533,133.1218560996975,15,265.61877443684835,16,117.81341180018512,21,133.1218560996975,15,133.1218560996975,15,133.1218560996975,15,137.21724173212135,22,137.21724173212135,22,0.9657979447941125,1.0,0.9429965746568542,0.005796471550651085,0.0,0.9588954584828716,1.0,0.9322221221181632,0.004284130646771302,0.06666666666666667,0.9239776305634525,1.0,0.8732960509390875,0.005825186221999278,0.0,0.9502570334456732,1.0,0.9170950557427888,0.005796471550651085,0.0,0
s8_run,8,run,70.0,16.530962684391223,89,88.75739644970389,0.9582890435244339,105.74785433119754,24,241.131591552091,19,135.27749258468683,19,105.74785433119754,24,105.74785433119754,24,105.74785433119754,24,135.27749258468683,19,135.27749258468683,19,0.9657366914760698,1.0,0.9428944857934497,0.004373325929939081,0.15,0.9589055693227764,1.0,0.9315092822046274,0.002004914569017466,0.0,0.927795492907921,1.0,0.8827688599263539,0.004475875369728004,0.15,0.9497634588680696,1.0,0.9162724314467826,0.004373325929939081,0.15,0
s8_run,8,run,130.0,20.062552781149286,84,84.7457627118646,0.5855896403680853,101.79164239532861,27,256.2257069523388,32,186.16952196611268,23,101.79164239532861,27,101.79164239532861,27,101.79164239532861,27,186.16952196611268,23,186.16952196611268,23,0.9657397305783532,1.0,0.9428995509639219,0.0040737026964459,0.0,0.9559938589466979,1.0,0.9266564315778298,0.0017679321717768562,0.0,0.9338938794079612,1.0,0.889823132346602,0.004111503910050947,0.0,0.9405823967247231,1.0,0.9009706612078717,0.0040737026964459,0.0,0
s8_run,8,run,190.0,20.702601313588225,88,87.9765395894407,0.6613544772631749,124.62710336687209,48,175.95162505351965,40,158.74507866387543,45,124.62710336687209,48,124.62710336687209,48,124.62710336687209,48,158.74507866387543,45,158.74507866387543,45,0.9671113010124519,1.0,0.9451855016874199,0.0060069816598170185,0.0,0.9438495438822807,1.0,0.906415906470468,0.0019917541503910235,0.0,0.9413935441886201,1.0,0.9023225736477003,0.0057073155853426,0.0,0.9413935441886201,1.0,0.9023225736477003,0.0060069816598170185,0.0,0
s8_run,8,run,250.0,16.47909098101028,92,96.46302250804081,1.1399153550978256,112.87899125464696,37,156.47777515560176,35,117.18041645257965,33,112.87899125464696,37,112.87899125464696,37,112.87899125464696,37,117.18041645257965,33,117.18041645257965,33,0.9564384603211978,1.0,0.927397433868663,0.007701291242607412,0.15,0.9419289881314952,1.0,0.9032149802191586,0.002529691174345175,0.0,0.9550587744608223,1.0,0.9273310190422168,0.007460546942166952,0.15,0.9550587744608223,1.0,0.9273310190422168,0.007701291242607412,0.15,0
s8_run,8,run,310.0,23.86896044504428,89,87.97653958944804,0.6345252088554864,112.98326155366709,24,168.03571049035975,26,,7,112.98326155366709,24,112.98326155366709,24,112.98326155366709,24,,7,,7,0.954119138444314,1.0,0.92353189740719,0.008221005819382,0.11666666666666667,0.9452171996970864,1.0,0.9086953328284774,0.0023711603611727364,0.0,0.9586953356074818,1.0,0.9311588926791362,0.0076784076734785125,0.11666666666666667,0.9586953356074818,1.0,0.9311588926791362,0.008221005819382,0.11666666666666667,0
s8_run,8,run,370.0,18.33030277982555,88,90.22556390977552,0.8648318327361145,123.28828005937953,43,138.8254299471102,41,124.23516007958456,33,123.28828005937953,43,123.28828005937953,43,123.28828005937953,43,124.23516007958456,33,124.23516007958456,33,0.9529022238045759,1.0,0.9245893675995587,0.004218453730942899,0.08333333333333333,0.9481342047488235,1.0,0.913557007914706,0.0018878193593087854,0.0,0.9581121260167211,1.0,0.9301868766945351,0.004304229982496993,0.08333333333333333,0.9581121260167211,1.0,0.9301868766945351,0.004218453730942899,0.08333333333333333,0
s8_walk,8,walk,10.0,21.330729007701443,85,85.7142857142871,0.435191249197952,109.00737908807905,47,127.58190646460358,36,178.86393625409144,27,109.00737908807905,47,109.00737908807905,47,109.00737908807905,47,178.86393625409144,27,178.86393625409144,27,0.9649924002091685,1.0,0.9416540003486142,0.001881023595607718,0.0,0.9652250128465307,1.0,0.9420416880775513,0.0016281227238391903,0.0,0.9134827062757314,1.0,0.8558045104595522,0.0018894831267832722,0.0,0.9134827062757314,1.0,0.8558045104595522,0.001881023595607718,0.0,0
s8_walk,8,walk,70.0,28.002678443319788,81,81.74386920980986,0.41811905081630885,93.11397728567633,48,128.49124483792662,41,115.48809462451098,17,93.11397728567633,48,93.11397728567633,48,93.11397728567633,48,115.48809462451098,17,115.48809462451098,17,0.9716569877318636,1.0,0.9527616462197727,0.0017513420454704988,0.0,0.9599138938310742,1.0,0.9331898230517903,0.0015650876694629698,0.0,0.9249461641231843,1.0,0.8749102735386405,0.0017586742571102172,0.0,0.9249461641231843,1.0,0.8749102735386405,0.0017513420454704988,0.0,0
s8_walk,8,walk,130.0,19.238928339085433,89,89.02077151335224,0.6658775621082621,130.66144723331152,30,119.36104399480348,18,200.82522060430864,14,130.66144723331152,30,130.66144723331152,30,130.66144723331152,30,200.82522060430864,14,200.82522060430864,14,0.9721757062204252,1.0,0.9536261770340418,0.005695139966104748,0.0,0.9576411417540891,1.0,0.9294019029234818,0.0026159074959167003,0.0,0.9314336403575536,1.0,0.885722733929256,0.005499292773308158,0.0,0.9314336403575536,1.0,0.885722733929256,0.005695139966104748,0.0,0
s8_walk,8,walk,190.0,17.911660621139742,88,89.55223880596802,0.3949448778777377,112.37528699943385,40,171.83223152096258,39,193.69047472707584,26,112.37528699943385,40,112.37528699943385,40,112.37528699943385,40,193.69047472707584,26,193.69047472707584,26,0.9658901986549193,1.0,0.9431503310915322,0.0018970169875859838,0.0,0.956297952906147,1.0,0.9271632548435784,0.0014460763482252359,0.0,0.9493680192214521,1.0,0.9156133653690868,0.0019032395820024611,0.0,0.9493680192214521,1.0,0.9156133653690868,0.0018970169875859838,0.0,0
s8_walk,8,walk,250.0,18.590803574029717,90,92.59259259258909,0.9049752907563406,119.54078801814885,31,112.72713696092617,28,182.89341158171882,23,119.54078801814885,31,119.54078801814885,31,119.54078801814885,31,182.89341158171882,23,182.89341158171882,23,0.9627823053527141,1.0,0.9379705089211903,0.002269747508450836,0.08333333333333333,0.9507327992476147,1.0,0.9178879987460243,0.0019661756124275467,0.0,0.9467706312992912,1.0,0.9112843854988186,0.002234128939142911,0.08333333333333333,0.9467706312992912,1.0,0.9112843854988186,0.002269747508450836,0.08333333333333333,0
s8_walk,8,walk,310.0,20.314383015574187,90,91.46341463414949,0.42762374646433626,97.63452258294706,41,167.28773172347454,28,153.19328254914385,23,97.63452258294706,41,97.63452258294706,41,97.63452258294706,41,153.19328254914385,23,153.19328254914385,23,0.964851511446563,1.0,0.9414191857442717,0.0022123942371194425,0.0,0.94901319073264,1.0,0.9150219845544,0.00153018096211469,0.0,0.9383789367608664,1.0,0.8972982279347772,0.002215877326228601,0.0,0.9383789367608664,1.0,0.8972982279347772,0.0022123942371194425,0.0,0
s8_walk,8,walk,370.0,21.177818584548266,89,89.82035928143627,0.5765807375826563,107.11081772037441,23,124.37994360173336,28,139.97899002014134,18,107.11081772037441,23,107.11081772037441,23,107.11081772037441,23,139.97899002014134,18,139.97899002014134,18,0.9633917091267549,1.0,0.9389861818779247,0.0023719630242305173,0.0,0.9504785378750192,1.0,0.9174642297916987,0.00129791367751926,0.0,0.932873142074478,1.0,0.8881219034574634,0.0024206295262809373,0.0,0.932873142074478,1.0,0.8881219034574634,0.0023719630242305173,0.0,0
s9_walk,9,walk,10.0,30.906965336783077,80,81.30081300813013,0.8096208656188042,174.87537090407332,44,170.87120792272083,34,299.4995826374387,12,174.87537090407332,44,174.87537090407332,44,174.87537090407332,44,299.4995826374387,12,299.4995826374387,12,0.9538418820401032,1.0,0.923069803400172,0.0009997605181117824,0.0,0.939040160526342,1.0,0.8984002675439033,0.0016036895877705611,0.0,0.9440926855007701,1.0,0.9068211425012835,0.0009880614499647852,0.0,0.9440926855007701,1.0,0.9068211425012835,0.0009997605181117824,0.0,0
s9_walk,9,walk,70.0,39.65988737587062,76,78.32898172323779,0.9118139161319596,146.75538442300117,36,117.04699910719626,29,136.6731336237867,45,146.75538442300117,36,146.75538442300117,36,146.75538442300117,36,136.6731336237867,45,136.6731336237867,45,0.9526726620655201,1.0,0.9211211034425335,0.0009534752850930348,0.0,0.9391222379255693,1.0,0.898537063209282,0.0020550811473481084,0.0,0.9157736001626462,1.0,0.8596226669377436,0.0009427475327156252,0.0,0.9157736001626462,1.0,0.8596226669377436,0.0009534752850930348,0.0,0
s9_walk,9,walk,130.0,27.632726386801966,75,77.1208226221088,0.9748614548739132,153.87224137792583,31,136.075959179668,25,140.4358295529393,46,153.87224137792583,31,153.87224137792583,31,153.87224137792583,31,140.4358295529393,46,140.4358295529393,46,0.9540482875393106,1.0,0.9234138125655178,0.0008656875258654018,0.0,0.957982372928498,1.0,0.9299706215474965,0.0018701381197176832,0.0,0.9628036062252108,1.0,0.9380060103753514,0.0008625480217590533,0.0,0.9628036062252108,1.0,0.9380060103753514,0.0008656875258654018,0.0,0
s9_walk,9,walk,190.0,38.29250304529423,77,78.74015748031492,0.8844943916807796,180.11107683871083,31,148.22478954376734,35,142.247583459263,33,180.11107683871083,31,180.11107683871083,31,180.11107683871083,31,142.247583459263,33,142.247583459263,33,0.945639638117208,1.0,0.9093993968620132,0.0008086415395147335,0.0,0.9527492480844136,1.0,0.9212487468073561,0.001954033113229448,0.0,0.9605997884270085,1.0,0.9343329807116809,0.0008072849576484965,0.0,0.9605997884270085,1.0,0.9343329807116809,0.0008086415395147335,0.0,0
s9_walk,9,walk,250.0,46.40382601135787,74,77.31958762886494,1.0162932874672013,148.5976110171358,33,63.63961030678928,11,175.2064419400648,38,148.5976110171358,33,148.5976110171358,33,148.5976110171358,33,175.2064419400648,38,175.2064419400648,38,0.9318855461334489,1.0,0.8864759102224148,0.0009465616524580659,0.0,0.947461094803234,1.0,0.91243515800539,0.002230632657474913,0.0,0.9557312844049847,1.0,0.9262188073416412,0.0009495962812777814,0.0,0.9557312844049847,1.0,0.9262188073416412,0.0009465616524580659,0.0,0
s9_walk,9,walk,310.0,49.28445745343086,72,72.46376811594178,0.9581146399283486,139.60659010233005,21,133.662969717436,39,178.79867314172492,30,139.60659010233005,21,139.60659010233005,21,139.60659010233005,21,178.79867314172492,30,178.79867314172492,30,0.948968320490069,1.0,0.9149472008167816,0.0009411253551367654,0.0,0.9517532138675249,1.0,0.9195886897792082,0.0021632953029408824,0.0,0.9504787494382045,1.0,0.9174645823970076,0.0009411648130806073,0.0,0.9504787494382045,1.0,0.9174645823970076,0.0009411253551367654,0.0,0
s9_walk,9,walk,370.0,40.75452743989549,74,75.28230865746309,0.8250940075359726,176.8728356758041,26,157.01910711757344,41,205.28841500029498,31,176.8728356758041,26,176.8728356758041,26,176.8728356758041,26,205.28841500029498,31,205.28841500029498,31,0.9580213865796536,1.0,0.9300356442994228,0.0008641281289098889,0.0,0.9546739390529548,1.0,0.924456565088258,0.001945764580663447,0.0,0.9501912844359532,1.0,0.916985474059922,0.0008688408905457592,0.0,0.9501912844359532,1.0,0.916985474059922,0.0008641281289098889,0.0,0
s9_sit,9,sit,10.0,86.45047258706235,58,58.30903790087434,0.021535186031080733,195.7300600578675,40,204.6889371109483,42,94.53487242950698,58,195.7300600578675,40,195.7300600578675,40,195.7300600578675,40,94.53487242950698,58,94.53487242950698,58,0.9626867457590582,1.0,0.9378112429317637,0.00068912645657679,0.0,0.9570521856082821,1.0,0.9288681665314569,0.00028868892060181494,0.0,0.9767337325216292,1.0,0.9612228875360487,0.0006910838255977981,0.0,0.9767337325216292,1.0,0.9612228875360487,0.00068912645657679,0.0,0
s9_sit,9,sit,70.0,57.31729867389929,67,68.49315068493225,0.03205075560513029,185.48409049319287,47,175.89285907148258,48,78.2867393580933,60,185.48409049319287,47,185.48409049319287,47,185.48409049319287,47,78.2867393580933,60,78.2867393580933,60,0.9535547335433439,1.0,0.9225912225722398,0.0007761797997448846,0.0,0.9504418493555767,1.0,0.9174030822592946,0.00030730249750052176,0.0,0.9619898971263512,1.0,0.9366498285439186,0.0007778286880090729,0.0,0.9619898971263512,1.0,0.9366498285439186,0.0007761797997448846,0.0,0
s9_sit,9,sit,130.0,68.33362181947767,63,62.76150627614949,0.025524257299194015,202.88396871587653,43,209.33824304221147,41,73.3507182572363,62,202.88396871587653,43,202.88396871587653,43,202.88396871587653,43,73.3507182572363,62,73.3507182572363,62,0.9431791868169443,1.0,0.9052986446949074,0.0009133001772264068,0.0,0.9458975110291199,1.0,0.9098291850485333,0.00031633793156722443,0.0,0.9636247965173753,1.0,0.9393746608622922,0.0009180797191513967,0.0,0.9636247965173753,1.0,0.9393746608622922,0.0009133001772264068,0.0,0
s9_sit,9,sit,190.0,59.144144686912504,68,68.18181818181743,0.0356118790377828,203.80931110750964,35,184.4791536719932,44,94.73896610219687,54,203.80931110750964,35,203.80931110750964,35,203.80931110750964,35,94.73896610219687,54,94.73896610219687,54,0.9468806842167345,1.0,0.911467807027891,0.00080561625198828,0.0,0.9492848932702743,1.0,0.9154748221171238,0.0003125166253781338,0.0,0.9611755660801445,1.0,0.9352926101335742,0.0008042718680465672,0.0,0.9611755660801445,1.0,0.9352926101335742,0.00080561625198828,0.0,0
s9_sit,9,sit,250.0,50.78694995483034,71,72.99270072992677,0.024265582915514384,180.0,39,182.78098612516808,46,84.37205738748233,60,180.0,39,180.0,39,180.0,39,84.37205738748233,60,84.37205738748233,60,0.954229826316825,1.0,0.9237163771947083,0.0007992134533299267,0.0,0.956249827201747,1.0,0.9271283439479809,0.00026958619296784346,0.0,0.9666853154757287,1.0,0.9444755257928812,0.0007975513923495629,0.0,0.9666853154757287,1.0,0.9444755257928812,0.0007992134533299267,0.0,0
s9_sit,9,sit,310.0,46.49512986807184,70,72.02881152460998,0.03078633232997215,164.33399032871588,54,177.75826281779422,51,124.93446557957965,59,164.33399032871588,54,164.33399032871588,54,164.33399032871588,54,124.93446557957965,59,124.93446557957965,59,0.9568885713350362,1.0,0.928147618891727,0.0009735469024675845,0.0,0.9590937225749265,1.0,0.931822870958211,0.0002756049143200381,0.0,0.9675043577826563,1.0,0.9458405963044272,0.0009705074080380815,0.0,0.9675043577826563,1.0,0.9458405963044272,0.0009735469024675845,0.0,0
s9_sit,9,sit,370.0,77.96189545448989,71,70.09345794392569,0.033850570898844336,116.61903789690601,26,151.63623705136175,32,90.49467229779727,29,116.61903789690601,26,116.61903789690601,26,116.61903789690601,26,90.49467229779727,29,90.49467229779727,29,0.9524597573455583,1.0,0.9207662622425973,0.0009926660726685558,0.0,0.9503544194071801,1.0,0.9173670621826598,0.0002835581184283607,0.0,0.9467546072762508,1.0,0.9112576787937514,0.0009871480267272053,0.0,0.9467546072762508,1.0,0.9112576787937514,0.0009926660726685558,0.0,0
s9_run,9,run,10.0,19.177192335750515,86,87.46355685131195,2.0056026661676203,205.07034440368543,27,73.824115301167,19,247.62124115222312,44,205.07034440368543,27,205.07034440368543,27,205.07034440368543,27,160.0130203035574,49,160.0130203035574,49,0.9332716688325251,1.0,0.8887861147208752,0.0011881013358650892,0.0,0.9613325901504406,1.0,0.935554316917401,0.002465204109112648,0.0,0.9134461111872508,1.0,0.8557435186454181,0.0011848482478245012,0.0,0.949063537885702,1.0,0.9151058964761698,0.0011881013358650892,0.0,0
s9_run,9,run,70.0,27.37688762265692,84,84.62623413258072,2.664154176519457,167.57940548545082,36,85.4107721543366,21,160.25922397142864,54,167.57940548545082,36,167.57940548545082,36,167.57940548545082,36,160.25922397142864,54,160.25922397142864,54,0.9449812996115248,1.0,0.9083021660192079,0.0009574601120210063,0.0,0.9641790987687063,1.0,0.9402984979478438,0.0026830329875778477,0.0,0.9482158925462032,1.0,0.9136931542436721,0.0009610801774703393,0.0,0.9482335642925476,1.0,0.913722607154246,0.0009574601120210063,0.0,0
s9_run,9,run,130.0,33.18734698646001,81,83.33333333333347,2.2073455008768206,146.05057079919007,27,69.88085097745542,19,175.9119097730452,41,146.05057079919007,27,146.05057079919007,27,146.05057079919007,27,175.9119097730452,41,175.9119097730452,41,0.9485754630299802,1.0,0.9142924383833003,0.0010599647596569845,0.0,0.9613738267615175,1.0,0.9356230446025293,0.0031767581936648992,0.0,0.9535810150954035,1.0,0.9226350251590059,0.0010570603231937412,0.0,0.9535810150954035,1.0,0.9226350251590059,0.0010599647596569845,0.0,0
s9_run,9,run,190.0,36.01249783061465,81,81.96721311475417,2.3096252023959325,96.21690240125334,27,112.91589790636215,19,129.20016612539345,42,96.21690240125334,27,96.21690240125334,27,96.21690240125334,27,129.20016612539345,42,129.20016612539345,42,0.9517505239135339,1.0,0.9195842065225566,0.0008109515935508329,0.0,0.9612743372585778,1.0,0.9354572287642964,0.002187592251462929,0.0,0.953923802790593,1.0,0.9232063379843216,0.0008111987199158679,0.0,0.953923802790593,1.0,0.9232063379843216,0.0008109515935508329,0.0,0
s9_run,9,run,250.0,37.0329993110752,80,81.30081300813013,2.0299864695327905,129.70662868107212,22,115.79435795121165,25,168.47578730812006,45,129.70662868107212,22,129.70662868107212,22,129.70662868107212,22,168.47578730812006,45,168.47578730812006,45,0.9699426919402883,1.0,0.9499044865671471,0.0008146460060947328,0.0,0.9586649275143171,1.0,0.9311082125238619,0.002471891737422539,0.0,0.9686692254959368,1.0,0.947782042493228,0.0008144674549241291,0.0,0.9686692254959368,1.0,0.947782042493228,0.0008146460060947328,0.0,0
s9_run,9,run,310.0,33.85409871788317,81,83.102493074788,1.35923926447728,193.55120502212648,30,63.08724118235002,21,188.38126233784504,41,193.55120502212648,30,193.55120502212648,30,193.55120502212648,30,188.38126233784504,41,188.38126233784504,41,0.9723829804006248,1.0,0.9539716340010411,0.0007761303039632065,0.0,0.9562774707666947,1.0,0.9271291179444912,0.0019793926452679493,0.0,0.9632437699270333,1.0,0.9387396165450556,0.0007806311072795667,0.0,0.9632437699270333,1.0,0.9387396165450556,0.0007761303039632065,0.0,0
s9_run,9,run,370.0,34.583232931587425,80,82.9875518672184,1.448474302446181,177.67546659168065,36,63.5741037425355,13,162.08576393932586,40,177.67546659168065,36,177.67546659168065,36,177.67546659168065,36,162.08576393932586,40,162.08576393932586,40,0.9599188822298055,1.0,0.9331981370496759,0.0006642753271938874,0.0,0.9612107045057156,1.0,0.9353511741761926,0.0021630048921012232,0.0,0.9519343032372223,1.0,0.9198905053953705,0.0006633538883040903,0.0,0.9519343032372223,1.0,0.9198905053953705,0.0006642753271938874,0.0,0
s10_run,10,run,10.0,8.195120499419273,101,102.38907849829377,4.690667108641172,97.57374093799478,64,85.38149682454625,21,44.12899750790439,96,97.57374093799478,64,97.57374093799478,64,97.57374093799478,64,44.12899750790439,96,44.12899750790439,96,0.9547422863026034,1.0,0.9245704771710057,0.007765940845612815,0.0,0.9481270780619222,1.0,0.9135451301032036,0.0018141057941743627,0.0,0.9833399079443801,1.0,0.9722331799073001,0.007893405256786584,0.0,0.9833601399285956,1.0,0.9722668998809927,0.007765940845612815,0.0,0
s10_run,10,run,70.0,10.31085474100964,103,104.1666666666653,4.871636964116032,70.59834972665426,64,99.11143689341267,14,53.812123920646954,95,70.59834972665426,64,70.59834972665426,64,70.59834972665426,64,53.812123920646954,95,53.812123920646954,95,0.9615056256247799,1.0,0.9358427093746332,0.007763444597674132,0.0,0.9507789644371856,1.0,0.9179649407286425,0.0015383249500007907,0.0,0.980057031606684,1.0,0.9667617193444733,0.00783728369505304,0.0,0.980057031606684,1.0,0.9667617193444733,0.007763444597674132,0.0,0
s10_run,10,run,130.0,16.388839477093526,102,102.7397260273967,4.182295630718054,96.8003744827467,65,117.66241729815194,46,37.78888725538237,101,96.8003744827467,65,96.8003744827467,65,96.8003744827467,65,37.78888725538237,101,37.78888725538237,101,0.96286228758366,1.0,0.9381038126394333,0.00804276400779488,0.0,0.9539956806706306,1.0,0.9233261344510509,0.0012444319353856533,0.0,0.9849267213708172,1.0,0.974877868951362,0.008004929802380639,0.0,0.9849267213708172,1.0,0.974877868951362,0.00804276400779488,0.0,0
s10_run,10,run,190.0,13.505554412903482,101,102.38907849829626,4.0235122136387895,84.994553202391,55,137.00084222088114,53,49.563753455177874,100,84.994553202391,55,84.994553202391,55,84.994553202391,55,49.563753455177874,100,49.563753455177874,100,0.9652874490493912,1.0,0.9421457484156521,0.007917898259973508,0.0,0.9496977472901272,1.0,0.9161629121502121,0.0010507136456010303,0.0,0.9837902989327314,1.0,0.9729838315545525,0.007888239246963302,0.0,0.9837902989327314,1.0,0.9729838315545525,0.007917898259973508,0.0,0
s10_run,10,run,250.0,15.898669025042961,100,101.351351351354,4.72816766898476,78.00759697096935,55,69.20179830675565,19,55.59159587487027,95,78.00759697096935,55,78.00759697096935,55,78.00759697096935,55,55.59159587487027,95,55.59159587487027,95,0.9690440505120461,1.0,0.94840675085341,0.008683087371080686,0.0,0.9427482003737396,1.0,0.9045803339562327,0.0014215470760439704,0.0,0.979210811565123,1.0,0.9653513526085384,0.008692722106760855,0.0,0.979210811565123,1.0,0.9653513526085384,0.008683087371080686,0.0,0
s10_run,10,run,310.0,13.364131097829906,101,102.3890784982913,5.385168199765676,67.33955289883788,53,,5,63.09811842693574,103,67.33955289883788,53,67.33955289883788,53,67.33955289883788,53,63.09811842693574,103,63.09811842693574,103,0.9738569788361496,1.0,0.9564282980602494,0.011102694667813775,0.0,0.9357645640215461,1.0,0.8929409400359102,0.0018711974692440356,0.0,0.9782246759696158,1.0,0.963707793282693,0.011101835700520746,0.0,0.9782246759696158,1.0,0.963707793282693,0.011102694667813775,0.0,0
s10_run,10,run,370.0,10.161078916750101,102,102.56410256410615,5.473525985201622,77.51458339111339,48,,2,43.22403071999612,102,77.51458339111339,48,77.51458339111339,48,77.51458339111339,48,43.22403071999612,102,43.22403071999612,102,0.9728432146604774,1.0,0.9547386911007956,0.012288538194989953,0.0,0.9343412601747779,1.0,0.8905687669579632,0.0027349500936729564,0.0,0.9851975013838908,1.0,0.9753291689731514,0.012160944619347108,0.0,0.9851975013838908,1.0,0.9753291689731514,0.012288538194989953,0.0,0
s10_walk,10,walk,10.0,14.317008911991804,87,88.75739644970389,0.4078314020595641,75.20985134362675,47,87.74964387392122,17,88.04387620914378,59,75.20985134362675,47,75.20985134362675,47,75.20985134362675,47,88.04387620914378,59,88.04387620914378,59,0.9806170923112661,1.0,0.9676951538521102,0.0028915641457204714,0.0,0.9870868161230631,1.0,0.9784780268717719,0.0019305995788041468,0.0,0.9788320385700247,1.0,0.9647200642833744,0.002860826289457308,0.0,0.9791484931938321,1.0,0.9652474886563869,0.0028915641457204714,0.0,0
s10_walk,10,walk,70.0,10.421870495039833,92,93.16770186335324,0.34682968160988303,81.99303106275035,36,228.6720557718172,12,48.78524367060187,71,81.99303106275035,36,81.99303106275035,36,81.99303106275035,36,48.78524367060187,71,48.78524367060187,71,0.9761312911235285,1.0,0.9602188185392141,0.00250680865979609,0.0,0.9785809009520441,1.0,0.9643015015867401,0.0019367384872916965,0.0,0.974812794170974,1.0,0.95802132361829,0.002491650682564726,0.0,0.974812794170974,1.0,0.95802132361829,0.00250680865979609,0.0,0
s10_walk,10,walk,130.0,19.731133952686125,86,86.70520231213959,0.2573178772643474,180.63945373283755,50,154.45468591143486,33,66.93762141942544,63,180.63945373283755,50,180.63945373283755,50,180.63945373283755,50,66.93762141942544,63,66.93762141942544,63,0.9600551753174908,1.0,0.9334252921958182,0.001989584835920241,0.0,0.9210888277562014,1.0,0.8684813795936689,0.0014215897491839306,0.0,0.9785580454714905,1.0,0.9642634091191509,0.0019809835338338256,0.0,0.9785580454714905,1.0,0.9642634091191509,0.001989584835920241,0.0,0
s10_walk,10,walk,190.0,12.163737983828147,93,94.63722397476548,0.3297211271501321,137.4422955839454,53,113.89468819923079,51,128.03082399130255,38,137.4422955839454,53,137.4422955839454,53,137.4422955839454,53,128.03082399130255,38,128.03082399130255,38,0.9634689631386941,1.0,0.9391149385644902,0.0019651428662306285,0.0,0.9583283721394191,1.0,0.9305472868990318,0.0016467139048866731,0.0,0.9651391875369986,1.0,0.9418986458949977,0.0019278213934953413,0.0,0.9651391875369986,1.0,0.9418986458949977,0.0019651428662306285,0.0,0
s10_walk,10,walk,250.0,16.90576463958023,83,83.33333333333675,0.2587810647239773,212.96203931376888,54,180.6642835021171,49,44.11523371981436,66,212.96203931376888,54,212.96203931376888,54,212.96203931376888,54,44.11523371981436,66,44.11523371981436,66,0.9546791927426747,1.0,0.9244653212377911,0.002341767093362786,0.0,0.9638606408785961,1.0,0.9397677347976603,0.0012852342219065137,0.0,0.9665759131871485,1.0,0.9442931886452477,0.0023683365318978066,0.0,0.9665759131871485,1.0,0.9442931886452477,0.002341767093362786,0.0,0
s10_walk,10,walk,310.0,17.810244784315785,84,85.7142857142871,0.2588296333730288,225.09826913868255,53,181.94600250098094,47,29.651657276125043,78,225.09826913868255,53,225.09826913868255,53,225.09826913868255,53,29.651657276125043,78,29.651657276125043,78,0.9588831974895967,1.0,0.9314719958159946,0.0027950918665311294,0.0,0.963740630567163,1.0,0.9395677176119384,0.0015158853925274548,0.0,0.986523942891442,1.0,0.9775399048190698,0.00283159387308705,0.0,0.986523942891442,1.0,0.9775399048190698,0.0027950918665311294,0.0,0
s10_walk,10,walk,370.0,14.997188491539022,84,82.98755186722167,0.241367112602361,177.2396369012555,37,174.79988558348657,41,115.19282857496833,50,177.2396369012555,37,177.2396369012555,37,177.2396369012555,37,115.19282857496833,50,115.19282857496833,50,0.953644207044744,1.0,0.9227403450745733,0.0017181730685844414,0.0,0.9629077412293077,1.0,0.9381795687155128,0.0012951329111138316,0.0,0.9796735619953603,1.0,0.9661226033256005,0.0017183571790841967,0.0,0.9796735619953603,1.0,0.9661226033256005,0.0017181730685844414,0.0,0
s10_sit,10,sit,10.0,20.106047959680623,80,83.44923504867859,0.02474947249755333,37.66629793329841,65,113.08095147858275,64,23.45207879911715,81,37.66629793329841,65,37.66629793329841,65,37.66629793329841,65,23.45207879911715,81,23.45207879911715,81,0.9803469125623394,1.0,0.9672448542705657,0.005452390041527084,0.0,0.9707998408589077,1.0,0.9513330680981795,0.0005235892771156597,0.0,0.9835260987823351,1.0,0.9725434979705585,0.005644417673180765,0.0,0.9835260987823351,1.0,0.9725434979705585,0.005452390041527084,0.0,0
s10_sit,10,sit,70.0,28.891248248425267,72,71.34363852556471,0.023710183820217945,74.90506812472191,66,133.95254227557442,68,26.299556396765833,73,74.90506812472191,66,74.90506812472191,66,74.90506812472191,66,26.299556396765833,73,26.299556396765833,73,0.9724900468070279,1.0,0.954150078011713,0.007036770251405842,0.0,0.9624084127192853,1.0,0.9373473545321421,0.0005379871072796786,0.0,0.9776324966875395,1.0,0.9627208278125658,0.007322934173445855,0.0,0.9776324966875395,1.0,0.9627208278125658,0.007036770251405842,0.0,0
s10_sit,10,sit,130.0,26.22873742036923,76,78.9473684210521,0.02520089929099927,68.7749954561976,61,90.00854660274469,66,27.06413738635563,78,68.7749954561976,61,68.7749954561976,61,68.7749954561976,61,27.06413738635563,78,27.06413738635563,78,0.9686641596406655,1.0,0.9477735994011092,0.008131769857698888,0.0,0.9654633940081433,1.0,0.9424389900135722,0.0004918109930127249,0.0,0.9773520618832522,1.0,0.9622534364720869,0.00830347309974427,0.0,0.9773520618832522,1.0,0.9622534364720869,0.008131769857698888,0.0,0
s10_sit,10,sit,190.0,29.17062517558222,68,67.64374295377674,0.021840982562283225,75.49834435270749,67,121.0747327442473,67,29.975114056272865,68,75.49834435270749,67,75.49834435270749,67,75.49834435270749,67,29.975114056272865,68,29.975114056272865,68,0.9734001861222477,1.0,0.9556669768704127,0.012026052626140782,0.0,0.9714035789495898,1.0,0.9523392982493165,0.0007279588395343696,0.0,0.9778596224837136,1.0,0.9630993708061895,0.011970251995772358,0.0,0.9778596224837136,1.0,0.9630993708061895,0.012026052626140782,0.0,0
s10_sit,10,sit,250.0,27.467539995872055,74,74.81296758105073,0.021364432625632913,63.65022664021984,75,99.71487128585964,73,28.307831660749528,76,63.65022664021984,75,63.65022664021984,75,63.65022664021984,75,28.307831660749528,76,28.307831660749528,76,0.9788860446941747,1.0,0.9648100744902911,0.011449444256867518,0.0,0.9710264954085233,1.0,0.951710825680872,0.0007097913190429733,0.0,0.9837370403130576,1.0,0.9728950671884296,0.011332958696208997,0.0,0.9837370403130576,1.0,0.9728950671884296,0.011449444256867518,0.0,0
s10_sit,10,sit,310.0,27.390629334541103,74,74.25742574257492,0.021595159438959934,34.852630924407144,69,116.72617529928752,73,28.260044886487734,74,34.852630924407144,69,34.852630924407144,69,34.852630924407144,69,28.260044886487734,74,28.260044886487734,74,0.9819690730019883,1.0,0.9699484550033137,0.011648563223282445,0.0,0.9745177282005852,1.0,0.9575295470009755,0.0006748535458996481,0.0,0.9827378674764258,1.0,0.9712297791273763,0.011511375600854057,0.0,0.9827378674764258,1.0,0.9712297791273763,0.011648563223282445,0.0,0
s10_sit,10,sit,370.0,25.63959611399476,73,74.25742574257492,0.02119483422131692,45.579214437420866,72,96.09278604251082,69,26.868528210886023,74,45.579214437420866,72,45.579214437420866,72,45.579214437420866,72,26.868528210886023,74,26.868528210886023,74,0.9825615464106627,1.0,0.9709359106844377,0.011828122812825487,0.0,0.9706417028536019,1.0,0.9510695047560029,0.0007165735516915975,0.0,0.984564178730122,1.0,0.9742736312168698,0.011668082420089758,0.0,0.984564178730122,1.0,0.9742736312168698,0.011828122812825487,0.0,0
s11_sit,11,sit,10.0,48.024752072178046,70,70.58823529411754,0.047584355132541,154.009476717892,38,129.10937521818767,66,76.26064695837431,52,154.009476717892,38,154.009476717892,38,154.009476717892,38,76.26064695837431,52,76.26064695837431,52,0.960748844497346,1.0,0.9345814074955766,0.0012458278121230224,0.0,0.9637265089461892,1.0,0.9395441815769819,0.0011224726253800724,0.0,0.970849621104064,1.0,0.9514160351734401,0.0012308041972214352,0.0,0.9744363040394903,1.0,0.9573938400658173,0.0012458278121230224,0.0,0
s11_sit,11,sit,70.0,31.83202440589877,73,74.44168734491339,0.03690792958106012,143.46892811104894,49,104.32321569685884,67,44.39833466710346,67,143.46892811104894,49,143.46892811104894,49,143.46892811104894,49,44.39833466710346,67,44.39833466710346,67,0.9611328987097404,1.0,0.9352214978495672,0.0015845831939215547,0.0,0.9677673267968768,1.0,0.9462788779947947,0.00131217493025361,0.0,0.9781679889374915,1.0,0.963613314895819,0.0015737353591364805,0.0,0.9781679889374915,1.0,0.963613314895819,0.0015845831939215547,0.0,0
s11_sit,11,sit,130.0,35.26952500303088,67,68.18181818181853,0.05059884972541122,147.03356053815844,54,118.2216716019683,56,37.73340063934768,64,147.03356053815844,54,147.03356053815844,54,147.03356053815844,54,37.73340063934768,64,37.73340063934768,64,0.9657554213621602,1.0,0.9429257022702671,0.0019613151222655396,0.0,0.9649284207656258,1.0,0.9415473679427097,0.0016129272877822786,0.0,0.9707787776716217,1.0,0.9512979627860361,0.0019578769145620818,0.0,0.9707787776716217,1.0,0.9512979627860361,0.0019613151222655396,0.0,0
s11_sit,11,sit,190.0,30.00676252282975,70,72.20216606498168,0.026521222994738344,117.6128687059622,62,118.55990727435318,63,32.32533891905673,70,117.6128687059622,62,117.6128687059622,62,117.6128687059622,62,32.32533891905673,70,32.32533891905673,70,0.9684108789086304,1.0,0.9473514648477174,0.001982606894292047,0.0,0.9677660102333872,1.0,0.9462766837223118,0.001377065237112899,0.0,0.9786115487065223,1.0,0.9643525811775372,0.001974613500516774,0.0,0.9786115487065223,1.0,0.9643525811775372,0.001982606894292047,0.0,0
s11_sit,11,sit,250.0,47.80123164186222,72,73.61963190184069,0.03601071035108508,97.32676918505001,41,92.71692710302996,57,43.63145314682636,55,97.32676918505001,41,97.32676918505001,41,97.32676918505001,41,43.63145314682636,55,43.63145314682636,55,0.9662148590975648,1.0,0.9436914318292745,0.0016291217443219685,0.0,0.9660843574604583,1.0,0.9434739291007637,0.0011083376180507241,0.0,0.9723109574550082,1.0,0.9538515957583469,0.001638103125609307,0.0,0.9723109574550082,1.0,0.9538515957583469,0.0016291217443219685,0.0,0
s11_sit,11,sit,310.0,31.05951276715766,76,76.23888182973256,0.03124764801079885,111.15423139896536,39,76.9147126099618,64,49.29004155730964,62,111.15423139896536,39,111.15423139896536,39,111.15423139896536,39,49.29004155730964,62,49.29004155730964,62,0.9638065432464271,1.0,0.9396775720773785,0.0011745763301213433,0.0,0.9698888485699532,1.0,0.9498147476165886,0.0008195288688252681,0.0,0.9757565382401843,1.0,0.9595942304003071,0.0011794606279965955,0.0,0.9757565382401843,1.0,0.9595942304003071,0.0011745763301213433,0.0,0
s11_sit,11,sit,370.0,35.89635002622218,74,74.90636704119699,0.027131262594552983,121.30899808288343,64,107.34328411764422,63,35.75027540846115,74,121.30899808288343,64,121.30899808288343,64,121.30899808288343,64,35.75027540846115,74,35.75027540846115,74,0.9669125358994488,1.0,0.9448542264990814,0.00152207141995342,0.0,0.9697756335117795,1.0,0.9496260558529659,0.0011921768471767954,0.0,0.9814854398787347,1.0,0.9691423997978912,0.0015345232046715305,0.0,0.9814854398787347,1.0,0.9691423997978912,0.00152207141995342,0.0,0
s11_walk,11,walk,10.0,22.234873743504576,78,79.15567282321891,0.3412809709523709,160.26420493864305,14,189.4478191758253,22,182.51171555763065,20,160.26420493864305,14,160.26420493864305,14,160.26420493864305,14,182.51171555763065,20,182.51171555763065,20,0.954362922332737,1.0,0.923938203887895,0.004765574073489569,0.0,0.9163662052746723,1.0,0.8606103421244538,0.0034248357603499893,0.0,0.9569820417828803,1.0,0.9283034029714671,0.00487796646009467,0.0,0.956506347158933,1.0,0.9275105785982217,0.004765574073489569,0.0,0
s11_walk,11,walk,70.0,25.524374054734682,80,81.52173913043589,0.3540561322943604,240.9801414461959,15,146.6467291073849,20,213.7755832643195,10,240.9801414461959,15,240.9801414461959,15,240.9801414461959,15,213.7755832643195,10,213.7755832643195,10,0.9517498452637799,1.0,0.9195830754396331,0.005113023925044936,0.0,0.9315829085344913,1.0,0.8859715142241521,0.00450481304441264,0.0,0.9545867682606755,1.0,0.9243112804344591,0.005042067678823174,0.0,0.9541564132777921,1.0,0.9235940221296536,0.005113023925044936,0.0,0
s11_walk,11,walk,130.0,16.280764451929425,80,82.41758241758305,0.3392549883606469,207.84609690826528,11,199.52828987774757,27,135.56151030776795,14,207.84609690826528,11,207.84609690826528,11,207.84609690826528,11,135.56151030776795,14,135.56151030776795,14,0.9478700187801716,1.0,0.9131166979669527,0.0036817096673429535,0.0,0.9381116506482685,1.0,0.8968527510804474,0.0020013465263262944,0.0,0.9504458844553115,1.0,0.9174098074255193,0.0036329591735482663,0.0,0.9505857697413969,1.0,0.9176429495689946,0.0036817096673429535,0.0,0
s11_walk,11,walk,190.0,22.00985540478963,84,85.59201141226725,0.4439967470769264,162.36236775046876,14,168.30032679706835,25,208.72059245384898,15,162.36236775046876,14,162.36236775046876,14,162.36236775046876,14,208.72059245384898,15,208.72059245384898,15,0.9414496984682009,1.0,0.9024161641136682,0.004486107315800024,0.0,0.951609764247863,1.0,0.9193496070797716,0.002583217331974261,0.0,0.9517465409203472,1.0,0.9195775682005787,0.00441379720498398,0.0,0.9518210837681779,1.0,0.9197018062802965,0.004486107315800024,0.0,0
s11_walk,11,walk,250.0,18.349547197490256,86,87.33624454148682,0.4945317708485537,151.98684153570665,15,194.42222095223582,18,161.69243780846537,10,151.98684153570665,15,151.98684153570665,15,151.98684153570665,15,161.69243780846537,10,161.69243780846537,10,0.9440202301633295,1.0,0.9067003836055492,0.005472041132127615,0.0,0.9514940729854021,1.0,0.9191567883090035,0.003342957702805167,0.0,0.9472169805755137,1.0,0.9120283009591896,0.005381497193205593,0.0,0.9472169805755137,1.0,0.9120283009591896,0.005472041132127615,0.0,0
s11_walk,11,walk,310.0,19.267539937369104,85,87.71929824561072,0.5338052258080823,,8,187.76092955315988,25,116.53325705565771,11,,8,,8,,8,116.53325705565771,11,116.53325705565771,11,0.9437425477068841,1.0,0.9062375795114734,0.005659619254112708,0.0,0.9511776632255872,1.0,0.918629438709312,0.0032641405608436406,0.0,0.9415657016219534,1.0,0.9026095027032557,0.005671613621234521,0.0,0.9415657016219534,1.0,0.9026095027032557,0.005659619254112708,0.0,0
s11_walk,11,walk,370.0,30.593329456416495,84,85.47008547008569,0.5280048713777002,171.35489488193792,17,194.33647796197877,19,136.19838471876236,15,171.35489488193792,17,171.35489488193792,17,171.35489488193792,17,136.19838471876236,15,136.19838471876236,15,0.9489244618770737,1.0,0.9148741031284562,0.0035630146288787813,0.0,0.9522564133874071,1.0,0.9204273556456786,0.0034590094474848104,0.0,0.9383339729100043,1.0,0.8972232881833405,0.003463958920305721,0.0,0.9383339729100043,1.0,0.8972232881833405,0.0035630146288787813,0.0,0
s11_run,11,run,10.0,13.476245597432593,88,89.02077151335318,1.8707922078978405,134.40276248687212,40,84.946507231958,45,129.4990347454374,41,134.40276248687212,40,134.40276248687212,40,134.40276248687212,40,129.4990347454374,41,129.4990347454374,41,0.9607641339747992,1.0,0.9346068899579985,0.00653765887054549,0.0,0.9797556455124967,1.0,0.9662594091874944,0.007725736841740903,0.0,0.9511253852366968,1.0,0.9185423087278279,0.006674236710109242,0.0,0.9510009366277864,1.0,0.918334894379644,0.00653765887054549,0.0,0
s11_run,11,run,70.0,16.430977192310845,88,90.63444108761341,1.460973283329165,215.21952616908263,37,220.97345608168175,42,123.62577940435132,37,215.21952616908263,37,215.21952616908263,37,215.21952616908263,37,123.62577940435132,37,123.62577940435132,37,0.9596418418841464,1.0,0.9327364031402439,0.006961102918196517,0.0,0.9651506412429771,1.0,0.9419177354049619,0.005465102161542645,0.0,0.948641033422112,1.0,0.9144017223701868,0.006964723516002257,0.0,0.9474639990190112,1.0,0.9124399983650187,0.006961102918196517,0.0,0
s11_run,11,run,130.0,16.4463600416826,88,89.15304606240689,1.7032786592226357,240.04166305039632,26,248.7261664609354,35,142.0646083342944,18,240.04166305039632,26,240.04166305039632,26,240.04166305039632,26,142.0646083342944,18,142.0646083342944,18,0.9535557432377108,1.0,0.9225929053961845,0.009173804634569162,0.0,0.9533297091353637,1.0,0.9222161818922728,0.0065492122154943,0.0,0.9419174787463246,1.0,0.9031957979105409,0.009047499115897441,0.0,0.9419174787463246,1.0,0.9031957979105409,0.009173804634569162,0.0,0
s11_run,11,run,190.0,28.64657930755662,84,84.7457627118646,1.6078436516776093,179.794568762579,24,253.47882584451733,34,158.51994016076156,22,179.794568762579,24,179.794568762579,24,179.794568762579,24,158.51994016076156,22,158.51994016076156,22,0.949025253553204,1.0,0.9150420892553399,0.008463510828167424,0.0,0.9521674287879922,1.0,0.9202790479799869,0.005522636396283392,0.0,0.9490738382569153,1.0,0.9151230637615255,0.008367078440559027,0.0,0.9490738382569153,1.0,0.9151230637615255,0.008463510828167424,0.0,0
s11_run,11,run,250.0,18.939710760149694,88,89.15304606240689,1.5078351055229704,143.6736067033813,20,279.60225205609254,32,189.43852966526933,24,143.6736067033813,20,143.6736067033813,20,143.6736067033813,20,189.43852966526933,24,189.43852966526933,24,0.941271650585341,1.0,0.902119417642235,0.008464094874716246,0.0,0.9511660088975301,1.0,0.9186100148292168,0.004676374739520381,0.0,0.944509267736545,1.0,0.907515446227575,0.008309711278198798,0.0,0.944509267736545,1.0,0.907515446227575,0.008464094874716246,0.0,0
s11_run,11,run,310.0,23.707047399151577,84,85.95988538682207,1.3035238270452918,168.21252790875758,23,203.42074623793906,31,162.49009293809362,34,168.21252790875758,23,168.21252790875758,23,168.21252790875758,23,162.49009293809362,34,162.49009293809362,34,0.9321525438442996,1.0,0.8869209064071659,0.008336412331530091,0.0,0.9585953021061622,1.0,0.930992170176937,0.0045206410911462405,0.0,0.9407857760430103,1.0,0.9013096267383505,0.008255956186185649,0.0,0.9407857760430103,1.0,0.9013096267383505,0.008336412331530091,0.0,0
s11_run,11,run,370.0,13.709612991330513,87,87.2093023255829,1.135396343152074,191.2490273862601,22,263.18342888825526,30,149.07847008841497,42,191.2490273862601,22,191.2490273862601,22,191.2490273862601,22,149.07847008841497,42,149.07847008841497,42,0.9386490736336522,1.0,0.8977484560560871,0.007102125741658763,0.0,0.9579061538702223,1.0,0.9298435897837038,0.0033302349941051325,0.0,0.9393044893723723,1.0,0.8988408156206207,0.007146388425001501,0.0,0.9393044893723723,1.0,0.8988408156206207,0.007102125741658763,0.0,0
s11_run,11,run,430.0,14.772696373360501,87,87.46355685130743,1.2145855460954833,155.9700826013331,31,221.2545399049959,29,118.45674315968678,26,155.9700826013331,31,155.9700826013331,31,155.9700826013331,31,118.45674315968678,26,118.45674315968678,26,0.9488519759535511,1.0,0.9147532932559184,0.007792667500724151,0.0,0.9538656782194187,1.0,0.9231094636990311,0.004262785743566416,0.0,0.9623404834939102,1.0,0.9372341391565171,0.007855022761566447,0.0,0.9623404834939102,1.0,0.9372341391565171,0.007792667500724151,0.0,0
s12_walk,12,walk,10.0,11.047466299016595,87,88.49557522123884,0.6569585420341354,253.92217427439317,18,152.0306986543617,16,221.63828507675453,18,253.92217427439317,18,253.92217427439317,18,253.92217427439317,18,221.63828507675453,18,221.63828507675453,18,0.9653727559586502,1.0,0.9422879265977504,0.004848991570226335,0.0,0.9685407162903433,1.0,0.9475678604839056,0.001650337965300261,0.0,0.9710633996195497,1.0,0.9517723326992495,0.004977129511009771,0.0,0.9710633996195497,1.0,0.9517723326992495,0.004848991570226335,0.0,0
s12_walk,12,walk,70.0,10.852070855852732,87,88.49557522123929,0.5638239833422739,189.6707673839066,25,339.5445128263394,22,289.28647854102456,16,189.6707673839066,25,189.6707673839066,25,189.6707673839066,25,289.28647854102456,16,289.28647854102456,16,0.9378234493688068,1.0,0.8963724156146781,0.0032732464569524564,0.0,0.9529025294818346,1.0,0.9215042158030577,0.0012868544186452819,0.0,0.9597459660370212,1.0,0.9329099433950354,0.003282208843416688,0.0,0.9597459660370212,1.0,0.9329099433950354,0.0032732464569524564,0.0,0
s12_walk,12,walk,130.0,11.394529131021983,86,87.20930232557929,0.7540718316177788,192.372406693743,15,143.1491064123932,25,213.60009363293827,21,192.372406693743,15,192.372406693743,15,192.372406693743,15,213.60009363293827,21,213.60009363293827,21,0.9165929946333722,1.0,0.8609883243889536,0.0038731005013325315,0.0,0.9265224828351728,1.0,0.8775374713919546,0.0015529525047975584,0.0,0.9579681500346344,1.0,0.9299469167243906,0.00391401213178853,0.0,0.9579681500346344,1.0,0.9299469167243906,0.0038731005013325315,0.0,0
s12_walk,12,walk,190.0,13.949004001851494,88,89.55223880596992,0.6209925231631798,141.5844406923086,14,171.22718826167764,17,292.05212624537495,19,141.5844406923086,14,141.5844406923086,14,141.5844406923086,14,292.05212624537495,19,292.05212624537495,19,0.9224078694901044,1.0,0.8706797824835074,0.004366856878036743,0.0,0.9317575535725596,1.0,0.8862625892875994,0.0016040897621558406,0.0,0.9547665007439378,1.0,0.9246108345732296,0.004191231933524791,0.0,0.9547665007439378,1.0,0.9246108345732296,0.004366856878036743,0.0,0
s12_walk,12,walk,250.0,12.309950597827553,87,87.46355685131468,0.7307691962460409,193.77377495953615,30,,5,212.36760581595303,30,193.77377495953615,30,193.77377495953615,30,193.77377495953615,30,212.36760581595303,30,212.36760581595303,30,0.9160268294821967,1.0,0.8600447158036613,0.0035460570319054696,0.0,0.9354286056245767,1.0,0.8923810093742945,0.0014470976677997598,0.0,0.9517827662291902,1.0,0.919637943715317,0.0035468519842447913,0.0,0.9517827662291902,1.0,0.919637943715317,0.0035460570319054696,0.0,0
s12_walk,12,walk,310.0,16.654757650021143,85,84.98583569404892,1.1169038536844782,221.76290915928183,34,135.00841724601,12,256.87221206921805,25,221.76290915928183,34,221.76290915928183,34,221.76290915928183,34,256.87221206921805,25,256.87221206921805,25,0.9579948722154121,1.0,0.9299914536923537,0.0039683475522337315,0.0,0.9384670725356948,1.0,0.8974451208928247,0.0020098126377204708,0.0,0.9425996525250009,1.0,0.9043327542083348,0.0039183451378380805,0.0,0.9425996525250009,1.0,0.9043327542083348,0.0039683475522337315,0.0,0
s12_walk,12,walk,370.0,9.11681298863154,87,88.49557522123929,0.8016651242230914,199.64783810314415,28,98.26268648655783,10,163.80476183554617,26,199.64783810314415,28,199.64783810314415,28,199.64783810314415,28,163.80476183554617,26,163.80476183554617,26,0.9658159220670477,1.0,0.9430265367784127,0.003519134306295466,0.0,0.9356449417510186,1.0,0.8927415695850311,0.0015766357758374284,0.0,0.9415421649883132,1.0,0.902570274980522,0.003506414806945652,0.0,0.9415421649883132,1.0,0.902570274980522,0.003519134306295466,0.0,0
s12_run,12,run,10.0,11.736572175757598,88,89.15304606240713,1.1663165186470024,210.89552645071228,40,156.9419294859383,40,74.29097479620397,48,210.89552645071228,40,210.89552645071228,40,210.89552645071228,40,74.29097479620397,48,74.29097479620397,48,0.9579183461659454,1.0,0.9298639102765757,0.005572340339776894,0.0,0.9493416669377083,1.0,0.9155694448961804,0.003884901247950585,0.0,0.9795226024594781,1.0,0.9658710040991301,0.005547165121104872,0.0,0.977519372444023,1.0,0.9625322874067049,0.005572340339776894,0.0,0
s12_run,12,run,70.0,19.60060988964176,88,89.4187779433682,1.1690247569607575,216.8484627890027,44,125.14158647974168,49,70.63993204979744,51,216.8484627890027,44,216.8484627890027,44,216.8484627890027,44,70.63993204979744,51,70.63993204979744,51,0.9633974461782677,1.0,0.9389957436304461,0.007910124170728058,0.0,0.9751944479892258,1.0,0.9586574133153765,0.004651819529213848,0.0,0.9797905807493212,1.0,0.966317634582202,0.007797964179380099,0.0,0.9797905807493212,1.0,0.966317634582202,0.007910124170728058,0.0,0
s12_run,12,run,130.0,11.457431093952165,89,89.55223880597183,1.2298649243746569,198.3167805672164,45,130.88396481195838,50,76.3544366752843,41,198.3167805672164,45,198.3167805672164,45,198.3167805672164,45,76.3544366752843,41,76.3544366752843,41,0.965121269072161,1.0,0.941868781786935,0.008519495914331389,0.0,0.976547942672397,1.0,0.9609132377873283,0.008861963305396972,0.0,0.9813694157773398,1.0,0.9689490262955663,0.00833665010362219,0.0,0.9813694157773398,1.0,0.9689490262955663,0.008519495914331389,0.0,0
s12_run,12,run,190.0,11.535452599123385,91,92.02453987730247,1.5788467299092235,194.374369063509,44,155.84082788654467,45,138.01108224896078,18,194.374369063509,44,194.374369063509,44,194.374369063509,44,138.01108224896078,18,138.01108224896078,18,0.9666980315393773,1.0,0.9444967192322954,0.0058646073412104635,0.0,0.9781023339892634,1.0,0.9635038899821056,0.0076359512779652,0.0,0.9750177708726361,1.0,0.9583629514543934,0.0058379162526665754,0.0,0.9750177708726361,1.0,0.9583629514543934,0.0058646073412104635,0.0,0
s12_run,12,run,250.0,12.356448445325185,89,89.020771513356,1.4378187882321438,216.8387594943478,43,127.23674465023534,38,92.85332051378013,24,216.8387594943478,43,216.8387594943478,43,216.8387594943478,43,92.85332051378013,24,92.85332051378013,24,0.962998742420145,1.0,0.9383312373669085,0.006962824864714171,0.0,0.966630167585834,1.0,0.9443836126430567,0.006446109359657775,0.0,0.9702099366578432,1.0,0.9503498944297386,0.0070383000348290346,0.0,0.9702099366578432,1.0,0.9503498944297386,0.006962824864714171,0.0,0
s12_run,12,run,310.0,11.587610938967327,89,89.55223880596802,1.632145166253195,207.23746867073203,39,200.24984394500785,33,76.87198661138787,44,207.23746867073203,39,207.23746867073203,39,207.23746867073203,39,76.87198661138787,44,76.87198661138787,44,0.9661273846218914,1.0,0.9435456410364855,0.006586230037354849,0.0,0.9653863727432216,1.0,0.9423106212387026,0.006366241771374161,0.0,0.9674890775423253,1.0,0.9458151292372089,0.006599879115950391,0.0,0.9674890775423253,1.0,0.9458151292372089,0.006586230037354849,0.0,0
s12_run,12,run,370.0,11.922095605904973,89,90.90909090908747,1.5882825057710719,221.89621680975716,30,220.7789241149013,31,58.756044176516234,45,221.89621680975716,30,221.89621680975716,30,221.89621680975716,30,58.756044176516234,45,58.756044176516234,45,0.964211242441659,1.0,0.9403520707360983,0.0058689887257437874,0.0,0.9626682196848506,1.0,0.9377803661414177,0.004510194449496308,0.0,0.9757334282517345,1.0,0.9595557137528908,0.005928709584735216,0.0,0.9757334282517345,1.0,0.9595557137528908,0.0058689887257437874,0.0,0
s12_sit,12,sit,10.0,22.945127440034785,72,71.17437722419936,0.020408130861309694,76.29082418661149,70,185.7417562100671,52,26.616737294893078,72,76.29082418661149,70,76.29082418661149,70,76.29082418661149,70,26.616737294893078,72,26.616737294893078,72,0.9743957499257521,1.0,0.9573262498762534,0.004846213359316869,0.0,0.9485406152895779,1.0,0.914234358815963,0.0004942271492553706,0.0,0.9771399329888579,1.0,0.9618998883147631,0.004953297650070539,0.0,0.9771399329888579,1.0,0.9618998883147631,0.004846213359316869,0.0,0
s12_sit,12,sit,70.0,22.42669217114336,70,71.25890736342053,0.02181135442443201,44.230510150449476,72,118.83407954597226,66,22.677868380553633,71,44.230510150449476,72,44.230510150449476,72,44.230510150449476,72,22.677868380553633,71,22.677868380553633,71,0.9847509504803176,1.0,0.9745849174671961,0.005033800797478024,0.0,0.9705496422374011,1.0,0.9509160703956686,0.0005482822484472601,0.0,0.9905608213111468,1.0,0.984268035518578,0.005021591290921164,0.0,0.9905608213111468,1.0,0.984268035518578,0.005033800797478024,0.0,0
s12_sit,12,sit,130.0,23.62319951986969,73,73.89162561576246,0.01794745969308411,38.87105483659517,74,109.8483803552272,70,24.213660810852492,74,38.87105483659517,74,38.87105483659517,74,38.87105483659517,74,24.213660810852492,74,24.213660810852492,74,0.9887695713505401,1.0,0.9812826189175669,0.00507792497990453,0.0,0.9755064469363157,1.0,0.9591774115605263,0.0005718890826237881,0.0,0.9906513805798504,1.0,0.9844189676330839,0.0050285416504223,0.0,0.9906513805798504,1.0,0.9844189676330839,0.00507792497990453,0.0,0
s12_sit,12,sit,190.0,22.776315843003303,72,71.94244604316641,0.01370444459677337,50.08815757653464,69,113.44679562947775,58,21.570298509241308,73,50.08815757653464,69,50.08815757653464,69,50.08815757653464,69,21.570298509241308,73,21.570298509241308,73,0.9859682865468848,1.0,0.9766138109114747,0.004842227445315527,0.0,0.972160467201259,1.0,0.953600778668765,0.0005973516902505911,0.0,0.987168453783495,1.0,0.9786140896391583,0.004831274802032879,0.0,0.987168453783495,1.0,0.9786140896391583,0.004842227445315527,0.0,0
s12_sit,12,sit,250.0,22.475751829247834,70,70.33997655334043,0.015758465292563886,74.96478046295577,72,155.33305575103847,68,24.727081741050064,71,74.96478046295577,72,74.96478046295577,72,74.96478046295577,72,24.727081741050064,71,24.727081741050064,71,0.9787308391350846,1.0,0.9645513985584744,0.0039011907984153995,0.0,0.9673923420701922,1.0,0.9456539034503204,0.000518471705034326,0.0,0.9822370083525563,1.0,0.9703950139209272,0.003949979060021677,0.0,0.9822370083525563,1.0,0.9703950139209272,0.0039011907984153995,0.0,0
s12_sit,12,sit,310.0,21.100175148675977,70,70.92198581560253,0.012114604921405437,45.71651780264984,71,113.77365443917341,64,23.176342617912283,71,45.71651780264984,71,45.71651780264984,71,45.71651780264984,71,23.176342617912283,71,23.176342617912283,71,0.9834347301446519,1.0,0.9723912169077531,0.004443755971255955,0.0,0.9724651533208349,1.0,0.9541085888680583,0.0005292792078019244,0.0,0.9881541386769421,1.0,0.9802568977949035,0.004476886655362293,0.0,0.9881541386769421,1.0,0.9802568977949035,0.004443755971255955,0.0,0
s12_sit,12,sit,370.0,17.4402454731155,75,75.75757575757832,0.0114782344516935,37.72231399282092,75,100.7542980295559,71,19.73153144926499,76,37.72231399282092,75,37.72231399282092,75,37.72231399282092,75,19.73153144926499,76,19.73153144926499,76,0.9886895847608237,1.0,0.981149307934706,0.005035137504839407,0.0,0.9739002938137749,1.0,0.9565004896896246,0.0005830740765050343,0.0,0.9899154689239238,1.0,0.9831924482065395,0.0050034553475683625,0.0,0.9899154689239238,1.0,0.9831924482065395,0.005035137504839407,0.0,0
s13_walk,13,walk,10.0,25.895663070360825,83,85.47008547008484,1.3945368747425275,,1,,3,172.93544074788912,16,,1,,1,,1,172.93544074788912,16,172.93544074788912,16,0.8792122686640078,1.0,0.798687114440013,0.005254571518513039,0.0,0.4,1.0,0.0,0.008793302999000547,0.0,0.9648119580169713,1.0,0.9413532633616188,0.005252151650622152,0.0,0.9442557335221633,1.0,0.9070928892036054,0.005254571518513039,0.0,0
s13_walk,13,walk,70.0,39.70366421857028,85,87.20930232558109,2.0176343932733904,,2,97.6387901058454,10,302.5557799811466,16,,2,,2,,2,302.5557799811466,16,302.5557799811466,16,0.8903253876828676,1.0,0.817208979471446,0.007257811173823072,0.0,0.9864128246329178,1.0,0.9773547077215297,0.00886036071323424,0.0,0.9555368648342919,1.0,0.9258947747238199,0.007309777841565663,0.0,0.9479280688037529,1.0,0.9132134480062549,0.007257811173823072,0.0,0
s13_walk,13,walk,130.0,28.05012520131629,85,85.7142857142871,1.134933273564917,,1,,1,,5,,1,,1,,1,,5,,5,0.8903253876828676,1.0,0.817208979471446,0.004691094798152894,0.0,0.9836321531679808,1.0,0.972720255279968,0.005294705350048301,0.0,0.9491704965551284,1.0,0.915284160925214,0.004876023234471559,0.0,0.944708397711487,1.0,0.9078473295191449,0.004691094798152894,0.0,0
s13_walk,13,walk,190.0,35.42597916783318,85,85.71428571428362,1.4437406073894001,,2,,3,,6,,2,,2,,2,,6,,6,0.9008732299858042,1.0,0.834788716643007,0.0060686314834488934,0.0,0.9843879556055535,1.0,0.9739799260092558,0.004857413136486564,0.0,0.9519689643460515,1.0,0.9199482739100858,0.006224461010935537,0.0,0.9480848173797868,1.0,0.9134746956329779,0.0060686314834488934,0.0,0
s13_walk,13,walk,250.0,28.55298105754082,89,94.93670886075874,1.6529521168530865,,0,125.95092839529356,23,,8,,0,,0,,0,,8,,8,0.9115595530330548,1.0,0.8525992550550914,0.006506163491025724,0.0,0.9801326160141486,1.0,0.9668876933569143,0.008370754657375263,0.0,0.9501855928545221,1.0,0.9169759880908702,0.006099000432457967,0.0,0.9468711230684896,1.0,0.911451871780816,0.006506163491025724,0.0,0
s13_walk,13,walk,310.0,37.08628324682431,80,80.53691275167736,1.600393717487217,,0,77.36397860235205,28,160.41612554021285,19,,0,,0,,0,160.41612554021285,19,160.41612554021285,19,0.9115595530330548,1.0,0.8525992550550914,0.005689366546859521,0.0,0.9820586747055805,1.0,0.9700977911759675,0.009581400831729278,0.0,0.949827567607283,1.0,0.9163792793454718,0.0056034120303421475,0.0,0.9484382506141668,1.0,0.9140637510236113,0.005689366546859521,0.0,0
s13_walk,13,walk,370.0,32.61747997622749,81,81.30081300813013,1.5986530955012292,,1,126.86503396170777,20,190.0,15,,1,,1,,1,190.0,15,190.0,15,0.9070012584029004,1.0,0.8450020973381672,0.0063260694210965085,0.0,0.9825686494904105,1.0,0.9709477491506842,0.005120897879461133,0.0,0.9394098644224085,1.0,0.899016440704014,0.006201662060047047,0.0,0.9394098644224085,1.0,0.899016440704014,0.0063260694210965085,0.0,0
s13_sit,13,sit,10.0,46.382467952162145,67,68.96551724137895,0.015471875456967567,56.33058075644356,68,58.44766062262941,63,40.64774047804071,68,56.33058075644356,68,56.33058075644356,68,56.33058075644356,68,40.64774047804071,68,40.64774047804071,68,0.9846657879388101,1.0,0.9744429798980168,0.004457484358818266,0.0,0.9842118175282966,1.0,0.9736863625471609,0.0014812358338575904,0.0,0.9851098133207379,1.0,0.9751830222012299,0.004452556240688051,0.0,0.9849055765302006,1.0,0.9748426275503345,0.004457484358818266,0.0,0
s13_sit,13,sit,70.0,40.50435457732911,74,75.47169811320738,0.012456531347113851,83.26123006797602,75,43.71625682868,73,40.33642308171397,75,83.26123006797602,75,83.26123006797602,75,83.26123006797602,75,40.33642308171397,75,40.33642308171397,75,0.9785233650133038,1.0,0.9642056083555064,0.00398344532602381,0.0,0.9809394647942987,1.0,0.9682324413238312,0.0012580183840991627,0.0,0.9813816691127496,1.0,0.9689694485212493,0.003984948657265759,0.0,0.9813816691127496,1.0,0.9689694485212493,0.00398344532602381,0.0,0
s13_sit,13,sit,130.0,32.4241259506242,72,72.90400972053523,0.0128734594445869,124.80270143596366,71,64.48894114041387,69,36.40538576469224,72,124.80270143596366,71,124.80270143596366,71,124.80270143596366,71,36.40538576469224,72,36.40538576469224,72,0.974109545405955,1.0,0.9568492423432584,0.004150889840919253,0.0,0.9833569663669554,1.0,0.9722616106115922,0.0015263953892628974,0.0,0.9867695983414733,1.0,0.977949330569122,0.00413986058761113,0.0,0.9867695983414733,1.0,0.977949330569122,0.004150889840919253,0.0,0
s13_sit,13,sit,190.0,36.364968842336744,74,75.18796992481185,0.01143994201729236,122.6288621729723,75,80.0791861618113,72,37.612054805164085,76,122.6288621729723,75,122.6288621729723,75,122.6288621729723,75,37.612054805164085,76,37.612054805164085,76,0.9672557067100487,1.0,0.9454261778500812,0.00426481121673597,0.0,0.9797137412584904,1.0,0.9661895687641507,0.001590625537782078,0.0,0.98487070112946,1.0,0.9747845018824332,0.004272672863119108,0.0,0.98487070112946,1.0,0.9747845018824332,0.00426481121673597,0.0,0
s13_sit,13,sit,250.0,30.04256239997177,73,73.89162561576246,0.011855971655825711,134.70131567451168,73,113.89217958854142,71,31.247222098754456,73,134.70131567451168,73,134.70131567451168,73,134.70131567451168,73,31.247222098754456,73,31.247222098754456,73,0.9704681642357228,1.0,0.9507802737262046,0.00465998122873994,0.0,0.9728733991907754,1.0,0.9547889986512925,0.001588471267809115,0.0,0.9829523197556882,1.0,0.9715871995928137,0.0046415622023048145,0.0,0.9829523197556882,1.0,0.9715871995928137,0.00465998122873994,0.0,0
s13_sit,13,sit,310.0,33.66501646120642,73,74.44168734490945,0.01154654790328054,122.10593415116882,72,87.03233230054013,68,35.88175023601831,73,122.10593415116882,72,122.10593415116882,72,122.10593415116882,72,35.88175023601831,73,35.88175023601831,73,0.9679247471503221,1.0,0.9465412452505368,0.004521434395879424,0.0,0.9740512169774131,1.0,0.9567520282956887,0.0015678769017813984,0.0,0.9855797043980838,1.0,0.9759661739968064,0.004494735681344956,0.0,0.9855797043980838,1.0,0.9759661739968064,0.004521434395879424,0.0,0
s13_sit,13,sit,370.0,29.94048149967592,75,75.94936708860563,0.012926672759232267,46.41226519634371,62,59.06044017123762,60,38.74801221616698,72,46.41226519634371,62,46.41226519634371,62,46.41226519634371,62,38.74801221616698,72,38.74801221616698,72,0.9747945939377859,1.0,0.9579909898963098,0.0034854461707679793,0.0,0.9741992726372581,1.0,0.9569987877287637,0.001176765672364378,0.0,0.9812620916900505,1.0,0.9687701528167507,0.0034901382577502515,0.0,0.9812620916900505,1.0,0.9687701528167507,0.0034854461707679793,0.0,0
s13_run,13,run,10.0,28.215200884905993,83,85.71428571428537,1.199406114850754,36.449573777637355,78,58.859211510697435,60,38.98092091167102,83,36.449573777637355,78,36.449573777637355,78,36.449573777637355,78,38.98092091167102,83,38.98092091167102,83,0.9825285713634281,1.0,0.9708809522723801,0.003216704972367693,0.0,0.9752934097517562,1.0,0.9588223495862602,0.0007912529303218148,0.0,0.9832744043252302,1.0,0.972124007208717,0.003214952343734469,0.0,0.9832744043252302,1.0,0.972124007208717,0.003216704972367693,0.0,0
s13_run,13,run,70.0,26.414903490960594,88,90.36144578313233,1.4394109526898766,68.37891250726115,75,101.03217309352502,41,35.45889639192587,76,68.37891250726115,75,68.37891250726115,75,68.37891250726115,75,35.45889639192587,76,35.45889639192587,76,0.9752030301506048,1.0,0.9586717169176747,0.002020566733136219,0.0,0.9716507159288154,1.0,0.9527511932146923,0.0006118565915091727,0.0,0.9776641256364385,1.0,0.9627735427273973,0.0020199370559643667,0.0,0.9776641256364385,1.0,0.9627735427273973,0.002020566733136219,0.0,0
s13_run,13,run,130.0,34.26403502778989,84,85.47008547008569,1.1498333279187174,52.22581959035261,70,137.36811857195977,31,42.476884470094014,71,52.22581959035261,70,52.22581959035261,70,52.22581959035261,70,42.476884470094014,71,42.476884470094014,71,0.9749694362594432,1.0,0.9582823937657388,0.0033185029745729476,0.0,0.9655718481868206,1.0,0.9426197469780344,0.0009619764769865808,0.0,0.976816732904149,1.0,0.9613612215069152,0.003305793930196331,0.0,0.976816732904149,1.0,0.9613612215069152,0.0033185029745729476,0.0,0
s13_run,13,run,190.0,27.127585265794874,86,89.41877794336536,1.1204219378163527,55.43218625245871,78,100.15701958139815,36,35.91300028880335,79,55.43218625245871,78,55.43218625245871,78,55.43218625245871,78,35.91300028880335,79,35.91300028880335,79,0.9776117939998483,1.0,0.9626863233330807,0.004258584945570953,0.0,0.9651513641414621,1.0,0.9419189402357702,0.0010145295418508625,0.0,0.9762774134083145,1.0,0.9604623556805242,0.004240801666967079,0.0,0.9762774134083145,1.0,0.9604623556805242,0.004258584945570953,0.0,0
s13_run,13,run,250.0,29.82862930871471,88,89.82035928144009,1.268748507917562,44.65649895088871,70,114.34596626029271,21,43.08131845707603,76,44.65649895088871,70,44.65649895088871,70,44.65649895088871,70,43.08131845707603,76,43.08131845707603,76,0.977856231769471,1.0,0.9630937196157849,0.002704287388623293,0.0,0.9651737972724526,1.0,0.941956328787421,0.0010732707393179388,0.0,0.9781181494497457,1.0,0.9635302490829096,0.002724447335015202,0.0,0.9781181494497457,1.0,0.9635302490829096,0.002704287388623293,0.0,0
s13_run,13,run,310.0,23.69732513156313,88,90.36144578312653,1.4328000507239151,76.3647755668045,77,81.94745032876017,40,40.202973394606545,87,76.3647755668045,77,76.3647755668045,77,76.3647755668045,77,40.202973394606545,87,40.202973394606545,87,0.9802879362668155,1.0,0.9671465604446926,0.0026709210502000934,0.0,0.9660916663299609,1.0,0.9434861105499348,0.0009242474501162388,0.0,0.9809117574654178,1.0,0.9681862624423632,0.002696605459052436,0.0,0.9809117574654178,1.0,0.9681862624423632,0.0026709210502000934,0.0,0
s13_run,13,run,370.0,30.904026008422473,86,87.20930232557929,1.294641585440907,57.13832980053203,72,65.16361174993523,55,38.2314508698851,74,57.13832980053203,72,57.13832980053203,72,57.13832980053203,72,38.2314508698851,74,38.2314508698851,74,0.9771994033499264,1.0,0.9619990055832106,0.0038810685118069103,0.0,0.9702921314054449,1.0,0.9504868856757414,0.0010199629588740389,0.0,0.9811041306339945,1.0,0.9685068843899909,0.0039012148670845657,0.0,0.9811041306339945,1.0,0.9685068843899909,0.0038810685118069103,0.0,0
s14_run,14,run,10.0,12.58708793203119,70,70.50528789659232,2.280456041380358,205.1331997255189,55,195.65275362232958,16,52.11470069937567,70,205.1331997255189,55,205.1331997255189,55,205.1331997255189,55,52.11470069937567,70,52.11470069937567,70,0.9577081297869018,1.0,0.9295135496448363,0.004279929633293211,0.0,0.9613458277083435,1.0,0.9355763795139058,0.002768950845656348,0.0,0.9871008856406261,1.0,0.9785014760677102,0.004420793615986024,0.0,0.9858180749021092,1.0,0.9763634581701819,0.004279929633293211,0.0,0
s14_run,14,run,70.0,11.882049427246047,72,72.8155339805827,2.101025641704021,174.587070429887,63,240.3122968139583,29,49.61826106370431,72,174.587070429887,63,174.587070429887,63,174.587070429887,63,49.61826106370431,72,49.61826106370431,72,0.9603083561593331,1.0,0.9338472602655552,0.005419362452593486,0.0,0.9591838845548404,1.0,0.9321265371982518,0.0025555351724659506,0.08333333333333333,0.9867291128448351,1.0,0.9778818547413919,0.005496013868851842,0.0,0.9867291128448351,1.0,0.9778818547413919,0.005419362452593486,0.0,0
s14_run,14,run,130.0,21.470245191228752,71,71.42857142857113,2.006187607954346,163.75990868435318,53,242.5329301810833,19,63.59855438139286,68,163.75990868435318,53,163.75990868435318,53,163.75990868435318,53,63.59855438139286,68,63.59855438139286,68,0.9624271426133616,1.0,0.9373785710222693,0.004307916258239701,0.0,0.9595111124531351,1.0,0.9335794755747477,0.0035361431333590107,0.06666666666666667,0.9777167917104916,1.0,0.962861319517486,0.004342950817089653,0.0,0.9777167917104916,1.0,0.962861319517486,0.004307916258239701,0.0,0
s14_run,14,run,190.0,20.625919892908364,71,71.42857142857113,2.09036274835522,196.57168039144116,48,228.33388630766927,23,85.92791489019764,62,196.57168039144116,48,196.57168039144116,48,196.57168039144116,48,85.92791489019764,62,85.92791489019764,62,0.958230387866443,1.0,0.930383979777405,0.0035737390940156063,0.0,0.9610299326055953,1.0,0.9350498876759923,0.0028902384709794133,0.016666666666666666,0.9787012276548177,1.0,0.9645020460913628,0.0036050837944393258,0.0,0.9787012276548177,1.0,0.9645020460913628,0.0035737390940156063,0.0,0
s14_run,14,run,250.0,18.72400158337065,69,71.42857142856872,2.3629145606975577,217.45526540608344,54,196.2651268055535,31,75.03920543916477,69,217.45526540608344,54,217.45526540608344,54,217.45526540608344,54,75.03920543916477,69,75.03920543916477,69,0.9549127585772577,1.0,0.9248545976287628,0.00439378219793717,0.0,0.9620215265410132,1.0,0.9367025442350221,0.003367484680535587,0.06666666666666667,0.9745819320102156,1.0,0.9576365533503595,0.004382096488351256,0.0,0.9745819320102156,1.0,0.9576365533503595,0.00439378219793717,0.0,0
s14_run,14,run,310.0,13.211177512535208,72,72.20216606498045,2.2274705548051648,214.0720188821806,42,122.92273996295397,41,111.57184170779367,59,214.0720188821806,42,214.0720188821806,42,214.0720188821806,42,111.57184170779367,59,111.57184170779367,59,0.9534924968556487,1.0,0.9224874947594145,0.004701943062070755,0.0,0.965519513113398,1.0,0.9425325218556633,0.003111118238844428,0.0,0.9743102166808288,1.0,0.9571836944680481,0.004626737684090466,0.0,0.9743102166808288,1.0,0.9571836944680481,0.004701943062070755,0.0,0
s14_run,14,run,370.0,10.875923606095968,71,72.63922518159615,2.4668542815148435,184.39088914585776,29,177.51056306597644,21,93.96494966052971,69,184.39088914585776,29,184.39088914585776,29,184.39088914585776,29,93.96494966052971,69,93.96494966052971,69,0.9468599937640191,1.0,0.9114333229400319,0.0049991566059045915,0.0,0.9732580491038095,1.0,0.9554300818396825,0.0034743076317151284,0.0,0.9798903481153483,1.0,0.9664839135255805,0.004912729459729466,0.0,0.9798903481153483,1.0,0.9664839135255805,0.0049991566059045915,0.0,0
s14_walk,14,walk,10.0,13.354342422540702,66,67.11409395973159,1.0112374976708327,,0,125.98701231764834,12,,0,,0,,0,,0,,0,,0,0.9586565985384369,1.0,0.9310943308973948,0.006451421535371734,0.0,0.9416837749202042,1.0,0.9028062915336735,0.0027359034202694386,0.0,0.9836768063785409,1.0,0.9727946772975683,0.006393198556470497,0.0,0.9854163232372245,1.0,0.9756938720620408,0.006451421535371734,0.0,0
s14_walk,14,walk,70.0,13.323481208572176,67,67.72009029345405,1.0357836621457226,,7,176.48746722347317,24,,2,,7,,7,,7,,2,,2,0.9586565985384369,1.0,0.9310943308973948,0.006621334735440966,0.0,0.9288029844416813,1.0,0.8813383074028022,0.002265647436872163,0.0,0.9836768063785409,1.0,0.9727946772975683,0.006407854600387657,0.0,0.9854163232372245,1.0,0.9756938720620408,0.006621334735440966,0.0,0
s14_walk,14,walk,130.0,19.678668654153924,65,65.35947712418255,0.7682975183951006,57.74757664781832,24,168.66139649210388,31,210.61813787041228,16,57.74757664781832,24,57.74757664781832,24,57.74757664781832,24,210.61813787041228,16,210.61813787041228,16,0.9578814087804112,1.0,0.929802347967352,0.00670942858748361,0.0,0.933288500282652,1.0,0.8888141671377533,0.0019354592735664282,0.0,0.9424742562949743,1.0,0.9041237604916238,0.0067258617139100575,0.0,0.9448543470216108,1.0,0.9080905783693513,0.00670942858748361,0.0,0
s14_walk,14,walk,190.0,13.392724867070855,64,64.93506493506447,0.798887926899443,66.3683803084112,22,213.83621284975547,28,198.90773166040006,15,66.3683803084112,22,66.3683803084112,22,66.3683803084112,22,198.90773166040006,15,198.90773166040006,15,0.9642980931919383,1.0,0.9404968219865638,0.00785045554399415,0.0,0.955763189133541,1.0,0.9262719818892349,0.0019710959408176564,0.0,0.9422915372532893,1.0,0.9038192287554822,0.00785856340850331,0.0,0.942205533841903,1.0,0.9036758897365049,0.00785045554399415,0.0,0
s14_walk,14,walk,250.0,14.680180254604608,66,67.18924972004474,0.8156701186969078,46.70633234885267,28,143.08764472893554,28,,7,46.70633234885267,28,46.70633234885267,28,46.70633234885267,28,,7,,7,0.9693542468438439,1.0,0.9489237447397398,0.008071599341207788,0.0,0.956496453244571,1.0,0.9274940887409517,0.0025557716073764574,0.0,0.94471888183242,1.0,0.9078648030540334,0.008067536559796397,0.0,0.9443238338726052,1.0,0.9072063897876753,0.008071599341207788,0.0,0
s14_walk,14,walk,310.0,15.332218465597544,66,67.11409395973114,1.009260505415669,64.36503043467891,22,161.3025682328664,28,,5,64.36503043467891,22,64.36503043467891,22,64.36503043467891,22,,5,,5,0.9671186005356932,1.0,0.9451976675594888,0.006986902041097063,0.0,0.9582346193714261,1.0,0.9303910322857101,0.002283841174255938,0.0,0.9437776355159313,1.0,0.9062960591932188,0.0069913798950572,0.0,0.9434074142759266,1.0,0.905679023793211,0.006986902041097063,0.0,0
s14_walk,14,walk,370.0,19.09286027374732,68,68.64988558352216,1.2983782289086525,30.0,10,227.26196338146866,26,,4,30.0,10,30.0,10,30.0,10,,4,,4,0.9718698322469892,1.0,0.9531163870783153,0.008627701356379483,0.0,0.9609956212548716,1.0,0.9349927020914526,0.0029654759293490105,0.0,0.9437598258979846,1.0,0.906266376496641,0.008665893595351465,0.0,0.9434738362363555,1.0,0.9057897270605926,0.008627701356379483,0.0,0
s14_sit,14,sit,10.0,35.610047341980746,54,54.99541704857941,0.026546011526235546,192.8845365612403,46,150.2561914761687,14,59.60562212307867,54,192.8845365612403,46,192.8845365612403,46,192.8845365612403,46,59.60562212307867,54,59.60562212307867,54,0.9650515441747347,1.0,0.9417525736245578,0.0021647484670132885,0.0,0.9098624523248496,1.0,0.8497707538747494,0.001321818135837536,0.0,0.9864523608198299,1.0,0.9774206013663831,0.002192941636937778,0.0,0.9864523608198299,1.0,0.9774206013663831,0.0021647484670132885,0.0,0
s14_sit,14,sit,70.0,27.48426123046885,53,54.74452554744507,0.05384736487394073,140.02279449690826,48,,3,32.46080257331454,55,140.02279449690826,48,140.02279449690826,48,140.02279449690826,48,32.46080257331454,55,32.46080257331454,55,0.9704723843564247,1.0,0.9507873072607078,0.0027665321340246372,0.0,0.920083717273024,1.0,0.86680619545504,0.0011622641410448055,0.0,0.9867259411555392,1.0,0.9778765685925654,0.0027823035000284135,0.0,0.9867259411555392,1.0,0.9778765685925654,0.0027665321340246372,0.0,0
s14_sit,14,sit,130.0,35.915456282776546,51,52.08333333333265,0.04545735000511615,78.10249675906654,42,,0,35.645311547160276,52,78.10249675906654,42,78.10249675906654,42,78.10249675906654,42,35.645311547160276,52,35.645311547160276,52,0.9776554100894445,1.0,0.9627590168157408,0.004628429110466463,0.0,0.9195772551053539,1.0,0.8659620918422565,0.0016295426374646567,0.0,0.9843868259197238,1.0,0.9739780431995396,0.004596548537203595,0.0,0.9843868259197238,1.0,0.9739780431995396,0.004628429110466463,0.0,0
s14_sit,14,sit,190.0,31.59240415036691,51,51.99306759098803,0.05574638844026337,81.62632628544019,36,,0,34.292856398964496,51,81.62632628544019,36,81.62632628544019,36,81.62632628544019,36,34.292856398964496,51,34.292856398964496,51,0.9814977908045641,1.0,0.9691629846742735,0.0043585902593005574,0.0,0.9195772551053539,1.0,0.8659620918422565,0.0016944695790256153,0.0,0.987798558589013,1.0,0.9796642643150215,0.004307884250651942,0.0,0.987798558589013,1.0,0.9796642643150215,0.0043585902593005574,0.0,0
s14_sit,14,sit,250.0,43.22211174151869,54,54.49591280653956,0.05778195096396346,146.01369798755184,41,,3,51.2754002097172,49,146.01369798755184,41,146.01369798755184,41,146.01369798755184,41,51.2754002097172,49,51.2754002097172,49,0.9778081591646368,1.0,0.9630135986077282,0.0023147634349198675,0.0,0.921277988353894,1.0,0.8687966472564899,0.0014435396700614514,0.0,0.9801778585972157,1.0,0.9669630976620263,0.0023305509608879914,0.0,0.9801778585972157,1.0,0.9669630976620263,0.0023147634349198675,0.0,0
s14_sit,14,sit,310.0,37.26903717665977,54,54.00540054005311,0.061591257306650056,136.67638707036667,47,,7,44.01972113787869,54,136.67638707036667,47,136.67638707036667,47,136.67638707036667,47,44.01972113787869,54,44.01972113787869,54,0.9704740356317109,1.0,0.9507900593861848,0.0020158449117741095,0.0,0.9233961346800376,1.0,0.8723268911333959,0.001032270646901597,0.0,0.9807118343827244,1.0,0.9678530573045406,0.0020309798027010884,0.0,0.9807118343827244,1.0,0.9678530573045406,0.0020158449117741095,0.0,0
s14_sit,14,sit,370.0,33.70235980763862,54,53.76344086021439,0.04600101725564086,146.7499763391993,46,,1,51.72533425780478,50,146.7499763391993,46,146.7499763391993,46,146.7499763391993,46,51.72533425780478,50,51.72533425780478,50,0.9703157339708322,1.0,0.9505262232847201,0.0023834530555702973,0.0,0.9254650130869233,1.0,0.8757750218115388,0.001301211856058383,0.0,0.9796087368794613,1.0,0.9660145614657687,0.0023859912583351676,0.0,0.9796087368794613,1.0,0.9660145614657687,0.0023834530555702973,0.0,0
s14_sit,14,sit,430.0,28.446440902154595,51,52.08333333333136,0.021893520260606078,100.07314398149717,42,,4,28.147960713126132,53,100.07314398149717,42,100.07314398149717,42,100.07314398149717,42,28.147960713126132,53,28.147960713126132,53,0.9727321090507539,1.0,0.9545535150845899,0.0042618625209818895,0.0,0.9254650130869233,1.0,0.8757750218115388,0.0016818823549099,0.0,0.9886649490418834,1.0,0.981108248403139,0.004206100298824022,0.0,0.9886649490418834,1.0,0.981108248403139,0.0042618625209818895,0.0,0
s15_walk,15,walk,10.0,14.956145041747522,103,104.52961672473772,0.4119841967853606,56.865815128533576,87,184.5087484670295,24,27.81131761990255,99,56.865815128533576,87,56.865815128533576,87,56.865815128533576,87,27.81131761990255,99,27.81131761990255,99,0.9786996627700005,1.0,0.9644994379500009,0.0019091591806121046,0.0,0.922172724054213,1.0,0.8702878734236884,0.0011565581617578105,0.0,0.9839511536489619,1.0,0.9732519227482698,0.0019037979631136193,0.0,0.957152813448076,1.0,0.92858802241346,0.0019091591806121046,0.0,0
s15_walk,15,walk,70.0,19.03319800408314,100,103.44827586206927,0.36611887261233655,72.54309064273454,49,164.68584812128992,15,57.39033711044738,64,72.54309064273454,49,72.54309064273454,49,72.54309064273454,49,57.39033711044738,64,57.39033711044738,64,0.9748324188134315,1.0,0.9580540313557192,0.0015119512315081136,0.0,0.9337926192161475,1.0,0.8896543653602459,0.0014287816771934832,0.0,0.9802628470900477,1.0,0.9671047451500795,0.0015178029278386607,0.0,0.9802628470900477,1.0,0.9671047451500795,0.0015119512315081136,0.0,0
s15_walk,15,walk,130.0,17.962182495454424,101,102.3890784982913,0.3916227367073474,77.72500543961534,35,158.56123948388733,13,62.338162562173,44,77.72500543961534,35,77.72500543961534,35,77.72500543961534,35,62.338162562173,44,62.338162562173,44,0.9691237351231334,1.0,0.9485395585385556,0.0015972639915399016,0.0,0.937970560634593,1.0,0.8966176010576551,0.0013598689568703106,0.0,0.9727542274308463,1.0,0.9545903790514104,0.0016036236253740752,0.0,0.9727542274308463,1.0,0.9545903790514104,0.0015972639915399016,0.0,0
s15_walk,15,walk,190.0,19.177895261647237,97,98.36065573770271,0.3608656989614009,81.56556366795112,35,90.1233722306385,10,70.61757646126888,39,81.56556366795112,35,81.56556366795112,35,81.56556366795112,35,70.61757646126888,39,70.61757646126888,39,0.9678564134192421,1.0,0.9464273556987368,0.001091352151895505,0.0,0.9366666740633148,1.0,0.8944444567721914,0.00122421168039453,0.0,0.9761614329648972,1.0,0.9602690549414954,0.0010940750484975071,0.0,0.9761614329648972,1.0,0.9602690549414954,0.001091352151895505,0.0,0
s15_walk,15,walk,250.0,18.066326601242718,103,104.8951048951044,0.46280470232465815,109.42537659737918,24,,7,89.00970325041688,23,109.42537659737918,24,109.42537659737918,24,109.42537659737918,24,89.00970325041688,23,89.00970325041688,23,0.9656696834352797,1.0,0.9427828057254662,0.0011660084567075017,0.0,0.9408356940284296,1.0,0.9013928233807159,0.0016184950450884332,0.0,0.9701831584912725,1.0,0.9503052641521207,0.001163137997099088,0.0,0.9701831584912725,1.0,0.9503052641521207,0.0011660084567075017,0.0,0
s15_walk,15,walk,310.0,16.209873534361606,101,103.44827586206166,0.416384829752993,114.14902540100813,21,,5,91.39442639718567,18,114.14902540100813,21,114.14902540100813,21,114.14902540100813,21,91.39442639718567,18,91.39442639718567,18,0.9616442761796843,1.0,0.9360737936328072,0.0009844410366530519,0.0,0.9394158416383754,1.0,0.8990264027306257,0.0013082003855697634,0.0,0.9598173327705196,1.0,0.933028887950866,0.0009803544620465812,0.0,0.9598173327705196,1.0,0.933028887950866,0.0009844410366530519,0.0,0
s15_walk,15,walk,370.0,20.32417685783265,98,99.00990099009991,0.4443290973834179,89.14120173160022,14,,5,78.10249675906654,34,89.14120173160022,14,89.14120173160022,14,89.14120173160022,14,78.10249675906654,34,78.10249675906654,34,0.9616819809751878,1.0,0.9361366349586463,0.0011063795844000546,0.0,0.9361808580122596,1.0,0.893634763353766,0.0013320809433327706,0.0,0.9561546764375172,1.0,0.9269244607291952,0.0011060135398302346,0.0,0.9561546764375172,1.0,0.9269244607291952,0.0011063795844000546,0.0,0
s15_sit,15,sit,10.0,41.194221141098765,84,85.83690987124444,0.015863122490642544,163.7267590007914,32,96.66364181595274,58,189.88300491501485,19,163.7267590007914,32,163.7267590007914,32,163.7267590007914,32,189.88300491501485,19,189.88300491501485,19,0.9535914899435609,1.0,0.9226524832392681,0.0009418419654855342,0.0,0.9602755041051889,1.0,0.9337925068419817,0.00041851349505089125,0.0,0.9436261373341894,1.0,0.9060435622236491,0.0009496837842033617,0.0,0.9436261373341894,1.0,0.9060435622236491,0.0009418419654855342,0.0,0
s15_sit,15,sit,70.0,38.11899095286082,88,90.36144578313136,0.016090006847468065,115.06914917087504,45,114.58722685421588,44,75.53512795749774,55,115.06914917087504,45,115.06914917087504,45,115.06914917087504,45,75.53512795749774,55,75.53512795749774,55,0.9557446990168909,1.0,0.9262411650281515,0.0012041754132981434,0.0,0.9694796595487314,1.0,0.9492851161221636,0.00047659834959774426,0.0,0.9244947771166421,1.0,0.8741579618610702,0.0012108700627927538,0.0,0.9244947771166421,1.0,0.8741579618610702,0.0012041754132981434,0.0,0
s15_sit,15,sit,130.0,43.192812453221975,85,84.03361344537831,0.017065161477848548,135.64659966250537,21,151.28280300974887,38,83.81163549234938,42,135.64659966250537,21,135.64659966250537,21,135.64659966250537,21,83.81163549234938,42,83.81163549234938,42,0.9533206066887453,1.0,0.9222010111479088,0.0013006792726275504,0.0,0.9632234811996189,1.0,0.9387058019993647,0.0002931647808125763,0.0,0.9553445428850439,1.0,0.9255742381417399,0.0012988523515756456,0.0,0.9553445428850439,1.0,0.9255742381417399,0.0013006792726275504,0.0,0
s15_sit,15,sit,190.0,42.13814814881936,86,88.49557522123929,0.018117959256216173,159.6992365474743,27,129.9572579307862,55,146.58785761446956,26,159.6992365474743,27,159.6992365474743,27,159.6992365474743,27,146.58785761446956,26,146.58785761446956,26,0.9519452498774401,1.0,0.9199087497957336,0.0012717979247866273,0.0,0.956763149713471,1.0,0.9279385828557849,0.0002786352997574365,0.0,0.9549395069244918,1.0,0.9248991782074863,0.0012731247215877818,0.0,0.9549395069244918,1.0,0.9248991782074863,0.0012717979247866273,0.0,0
s15_sit,15,sit,250.0,42.942389086868786,83,84.03361344537831,0.018341896925880338,187.1941950666918,25,123.16765107068605,38,148.48119970779692,16,187.1941950666918,25,187.1941950666918,25,187.1941950666918,25,148.48119970779692,16,148.48119970779692,16,0.9519700578293825,1.0,0.9199500963823041,0.0011005349162896286,0.0,0.960304969182914,1.0,0.9338755534244532,0.00028819908108363487,0.0,0.9555458598527242,1.0,0.925909766421207,0.0011021860084523844,0.0,0.9555458598527242,1.0,0.925909766421207,0.0011005349162896286,0.0,0
s15_sit,15,sit,310.0,42.637424875344,81,82.87292817679027,0.017523970630185133,166.00344230510058,15,158.90248582070703,45,109.51915103964441,19,166.00344230510058,15,166.00344230510058,15,166.00344230510058,15,109.51915103964441,19,109.51915103964441,19,0.9553360163162048,1.0,0.9255600271936746,0.0009726948830925546,0.0,0.9538761839404628,1.0,0.9235442299746768,0.00032385610735139033,0.0,0.9563479516293112,1.0,0.9272465860488519,0.0009739440458180626,0.0,0.9563479516293112,1.0,0.9272465860488519,0.0009726948830925546,0.0,0
s15_sit,15,sit,370.0,43.72121114285692,80,80.86253369272653,0.016361286142340496,198.45114548134296,36,129.31357237351384,51,145.5011623159558,35,198.45114548134296,36,198.45114548134296,36,198.45114548134296,36,145.5011623159558,35,145.5011623159558,35,0.9479939491823367,1.0,0.9133232486372278,0.0008610162557167614,0.0,0.9566184705839116,1.0,0.9276974509731859,0.00031918432250124,0.0,0.9559069506919841,1.0,0.9265115844866402,0.0008573383594289335,0.0,0.9559069506919841,1.0,0.9265115844866402,0.0008610162557167614,0.0,0
s15_run,15,run,10.0,15.121946545558224,102,103.44827586206927,0.7847124449477435,69.67270422687578,71,194.40936191449217,21,46.380072349136235,91,69.67270422687578,71,69.67270422687578,71,69.67270422687578,71,46.380072349136235,91,46.380072349136235,91,0.9742711542087701,1.0,0.95711859034795,0.0011115822140221538,0.0,0.9044990836194964,1.0,0.840831806032494,0.0008791789525772328,0.0,0.9855300097497504,1.0,0.9758833495829172,0.001115538552780626,0.0,0.9855300097497504,1.0,0.9758833495829172,0.0011115822140221538,0.0,0
s15_run,15,run,70.0,12.621177347897499,103,103.09278350515325,0.8666498378771207,96.71176017921515,80,139.89281611290838,11,43.87482193696061,85,96.71176017921515,80,96.71176017921515,80,96.71176017921515,80,43.87482193696061,85,43.87482193696061,85,0.9731968246539213,1.0,0.955328041089869,0.0009857208811109523,0.0,0.925751107798974,1.0,0.8762518463316232,0.0010899297640689471,0.0,0.9795339045177289,1.0,0.9658898408628815,0.0009887731502845388,0.0,0.9795339045177289,1.0,0.9658898408628815,0.0009857208811109523,0.0,0
s15_run,15,run,130.0,18.938148413889614,102,104.52961672473644,0.9971360509449307,102.67841614895092,43,169.6591009239286,20,91.29053764849314,54,102.67841614895092,43,102.67841614895092,43,102.67841614895092,43,91.29053764849314,54,91.29053764849314,54,0.9656283763928997,1.0,0.9427139606548327,0.0007503994162562702,0.0,0.9320842109622354,1.0,0.8868070182703923,0.000997175932467619,0.0,0.9720694711291327,1.0,0.9534491185485545,0.0007492652533057316,0.0,0.9720694711291327,1.0,0.9534491185485545,0.0007503994162562702,0.0,0
s15_run,15,run,190.0,19.5698643796199,99,99.6677740863781,0.8985081671440474,106.20919054800646,52,128.86254520051804,19,66.5422335998651,62,106.20919054800646,52,106.20919054800646,52,106.20919054800646,52,66.5422335998651,62,66.5422335998651,62,0.9620203608229105,1.0,0.9367006013715176,0.0006751223644578114,0.0,0.9522984617300686,1.0,0.9204974362167809,0.0010070850649894186,0.0,0.9720632995088003,1.0,0.9534388325146672,0.0006727526209122158,0.0,0.9720632995088003,1.0,0.9534388325146672,0.0006751223644578114,0.0,0
s15_run,15,run,250.0,17.44741731988109,98,99.6677740863734,0.8588127142159355,106.9013890309391,44,133.2516416409194,26,50.82137837564031,65,106.9013890309391,44,106.9013890309391,44,106.9013890309391,44,50.82137837564031,65,50.82137837564031,65,0.9664327095253462,1.0,0.9440545158755769,0.0009824847301407812,0.0,0.9574816433656289,1.0,0.9291360722760481,0.001117969893772494,0.0,0.9754878543517272,1.0,0.9591464239195454,0.0009805417291305172,0.0,0.9754878543517272,1.0,0.9591464239195454,0.0009824847301407812,0.0,0
s15_run,15,run,310.0,14.594166324997982,98,99.9999999999962,0.7680485342695753,111.70805040188537,62,131.23346456686352,28,53.26662494783515,76,111.70805040188537,62,111.70805040188537,62,111.70805040188537,62,53.26662494783515,76,53.26662494783515,76,0.9657938193251516,1.0,0.9429896988752526,0.0009209426843994847,0.0,0.9630645249700577,1.0,0.9384408749500962,0.0008926634956153714,0.0,0.9799662578049804,1.0,0.9666104296749674,0.0009188024497133352,0.0,0.9799662578049804,1.0,0.9666104296749674,0.0009209426843994847,0.0,0
s15_run,15,run,370.0,14.389951600710546,100,100.6711409395967,0.8300655343872035,104.3862597666483,58,119.18772707671829,36,56.01190349678659,76,104.3862597666483,58,104.3862597666483,58,104.3862597666483,58,56.01190349678659,76,56.01190349678659,76,0.9660184794414802,1.0,0.9433641324024671,0.0010121746906130743,0.0,0.9632504031984037,1.0,0.9387506719973395,0.0009779136211160633,0.0,0.978886915485587,1.0,0.9648115258093117,0.0010143046489934002,0.0,0.978886915485587,1.0,0.9648115258093117,0.0010121746906130743,0.0,0
s15_run,15,run,430.0,11.81038308078628,102,103.09278350515577,0.9259533187912664,68.37919483084227,71,120.51613141415751,30,38.962611647359815,95,68.37919483084227,71,68.37919483084227,71,68.37919483084227,71,38.962611647359815,95,38.962611647359815,95,0.9740165518327708,1.0,0.9566942530546181,0.0014061666727435604,0.0,0.9647023273330197,1.0,0.9411705455550329,0.001063383298969559,0.0,0.9863779089285276,1.0,0.9772965148808793,0.0014069851952621618,0.0,0.9863779089285276,1.0,0.9772965148808793,0.0014061666727435604,0.0,0
s16_sit,16,sit,10.0,31.278757260122934,62,63.69426751592355,0.02551474398450255,60.797173423575344,55,178.56873313329572,54,37.79644730092272,64,60.797173423575344,55,60.797173423575344,55,60.797173423575344,55,37.79644730092272,64,37.79644730092272,64,0.9845108945612953,1.0,0.9741848242688254,0.0056414016071155496,0.0,0.9638349165190726,1.0,0.939724860865121,0.0006197774044192394,0.0,0.9861447068024274,1.0,0.9769078446707125,0.005864124740962269,0.0,0.9860718754745197,1.0,0.9767864591241996,0.0056414016071155496,0.0,0
s16_sit,16,sit,70.0,33.745728523003784,63,64.23982869379032,0.019938559337238006,50.221730577731215,55,153.41935992566258,57,37.866488716831604,63,50.221730577731215,55,50.221730577731215,55,50.221730577731215,55,37.866488716831604,63,37.866488716831604,63,0.9785609847296268,1.0,0.9642683078827115,0.00539209190150193,0.0,0.9639887340313914,1.0,0.9399812233856524,0.0007017494643695725,0.0,0.9797949710127078,1.0,0.9663249516878465,0.005534599451691627,0.0,0.9797949710127078,1.0,0.9663249516878465,0.00539209190150193,0.0,0
s16_sit,16,sit,130.0,24.068450772344097,63,64.37768240343235,0.020087970256604817,61.181183830504295,52,216.04713290475215,56,28.939592256975562,65,61.181183830504295,52,61.181183830504295,52,61.181183830504295,52,28.939592256975562,65,28.939592256975562,65,0.9848926769788907,1.0,0.9748211282981513,0.005220454674508973,0.0,0.9671649082552495,1.0,0.9452748470920825,0.0006908966997477616,0.0,0.9898801585115089,1.0,0.9831335975191815,0.0052759764027715305,0.0,0.9898801585115089,1.0,0.9831335975191815,0.005220454674508973,0.0,0
s16_sit,16,sit,190.0,29.73524197622094,66,66.37168141592947,0.024624660073773622,69.77003040602135,57,153.10266337302855,48,35.097267440901746,67,69.77003040602135,57,69.77003040602135,57,69.77003040602135,57,35.097267440901746,67,35.097267440901746,67,0.9831337878323019,1.0,0.9718896463871696,0.005104263170351456,0.0,0.9626081643921771,1.0,0.937680273986962,0.0006959876137283734,0.0,0.987991752908653,1.0,0.9799862548477551,0.00514693277647677,0.0,0.987991752908653,1.0,0.9799862548477551,0.005104263170351456,0.0,0
s16_sit,16,sit,250.0,24.143749396501185,64,64.6551724137933,0.02187413783105331,61.70005309336563,59,168.86027686655106,59,31.92252526113213,64,61.70005309336563,59,61.70005309336563,59,61.70005309336563,59,31.92252526113213,64,31.92252526113213,64,0.9771361021805636,1.0,0.9618935036342727,0.005169444552359025,0.0,0.9654003992735285,1.0,0.9423339987892141,0.0005986805765956259,0.0,0.9798524155306847,1.0,0.9664206925511412,0.005160595766800884,0.0,0.9798524155306847,1.0,0.9664206925511412,0.005169444552359025,0.0,0
s16_sit,16,sit,310.0,24.567221802563868,63,64.23982869379228,0.028897899457670365,78.75358823300985,48,180.73212930772038,40,30.394235042348473,64,78.75358823300985,48,78.75358823300985,48,78.75358823300985,48,30.394235042348473,64,30.394235042348473,64,0.9831416049667171,1.0,0.9719026749445285,0.005137911782031978,0.0,0.9664247408550779,1.0,0.9440412347584631,0.0005280508683441153,0.0,0.9859826245161425,1.0,0.9766377075269042,0.005084828664939409,0.0,0.9859826245161425,1.0,0.9766377075269042,0.005137911782031978,0.0,0
s16_sit,16,sit,370.0,28.40036346883622,63,63.96588486140418,0.022647263502080323,53.39457268446731,52,209.2786682287752,42,33.071891388307385,65,53.39457268446731,52,53.39457268446731,52,53.39457268446731,52,33.071891388307385,65,33.071891388307385,65,0.9836597143859422,1.0,0.972766190643237,0.004849908135799169,0.0,0.9634364903716817,1.0,0.9390608172861361,0.00041116097582180806,0.0,0.987824152159167,1.0,0.9797069202652783,0.004750893873656074,0.0,0.987824152159167,1.0,0.9797069202652783,0.004849908135799169,0.0,0
s16_run,16,run,10.0,11.592622174853261,73,73.17073170731705,2.2810253651725003,172.07199635566667,58,174.62531317080007,51,26.457513110645905,74,172.07199635566667,58,172.07199635566667,58,172.07199635566667,58,26.457513110645905,74,26.457513110645905,74,0.9587836138353583,1.0,0.9313060230589305,0.006775665234226929,0.0,0.9413418814968125,1.0,0.9022364691613542,0.000766336523212358,0.0,0.9928703417670186,1.0,0.9881172362783645,0.006792805159470186,0.0,0.9928703417670186,1.0,0.9881172362783645,0.006775665234226929,0.0,0
s16_run,16,run,70.0,18.607218261430674,71,72.28915662650617,2.5476038668910688,173.4824309437525,53,189.9614851849146,42,34.17024486015307,72,173.4824309437525,53,173.4824309437525,53,173.4824309437525,53,34.17024486015307,72,34.17024486015307,72,0.9592374675578608,1.0,0.932062445929768,0.007644187684793462,0.0,0.9566166674012859,1.0,0.9276944456688097,0.0008098969552871639,0.0,0.9861448577407905,1.0,0.9769080962346509,0.007570329514057611,0.0,0.9861448577407905,1.0,0.9769080962346509,0.007644187684793462,0.0,0
s16_run,16,run,130.0,15.453701867464895,72,72.55139056831814,2.7908024045262696,158.74507866387543,57,199.71031652449952,39,34.46012188022556,73,158.74507866387543,57,158.74507866387543,57,158.74507866387543,57,34.46012188022556,73,34.46012188022556,73,0.9632495137231367,1.0,0.9387491895385611,0.007768102330942696,0.0,0.9543513588144412,1.0,0.923918931357402,0.0007421438141894729,0.0,0.9871277656097907,1.0,0.9785462760163178,0.007746706899443788,0.0,0.9871277656097907,1.0,0.9785462760163178,0.007768102330942696,0.0,0
s16_run,16,run,190.0,14.743521579714983,71,72.63922518159615,2.8043421211581863,192.7932332039451,53,184.8958801230749,38,30.253558101118912,73,192.7932332039451,53,192.7932332039451,53,192.7932332039451,53,30.253558101118912,73,30.253558101118912,73,0.9590993296264795,1.0,0.9318322160441325,0.007957514162950517,0.0,0.9521668117524262,1.0,0.9202780195873771,0.0009534768999726177,0.0,0.9889623162952019,1.0,0.9816038604920032,0.0079679832543607,0.0,0.9889623162952019,1.0,0.9816038604920032,0.007957514162950517,0.0,0
s16_run,16,run,250.0,12.128936932444056,73,73.17073170731769,2.549804325910433,147.83774890061062,51,160.21327249303295,42,31.81980515339464,73,147.83774890061062,51,147.83774890061062,51,147.83774890061062,51,31.81980515339464,73,31.81980515339464,73,0.9583365362559578,1.0,0.9305608937599297,0.007898872847512114,0.0,0.9550238460848091,1.0,0.9250397434746817,0.0009104903436299131,0.0,0.9906628360113408,1.0,0.9844380600189013,0.007932145438637666,0.0,0.9906628360113408,1.0,0.9844380600189013,0.007898872847512114,0.0,0
s16_run,16,run,310.0,11.983556809349256,72,74.07407407407386,2.6471288826940604,158.49166490114632,52,162.18615177038686,47,28.16293104297752,74,158.49166490114632,52,158.49166490114632,52,158.49166490114632,52,28.16293104297752,74,28.16293104297752,74,0.9586648588868808,1.0,0.9311080981448014,0.008204084081001494,0.0,0.9557811429496053,1.0,0.9263019049160086,0.0008499549892426778,0.0,0.9889084861067597,1.0,0.9815141435112662,0.00821625889491668,0.0,0.9889084861067597,1.0,0.9815141435112662,0.008204084081001494,0.0,0
s16_run,16,run,370.0,14.094916341252807,73,73.89162561576764,2.8145483167868726,155.51756905801443,64,150.17767255265787,46,38.64130801268905,74,155.51756905801443,64,155.51756905801443,64,155.51756905801443,64,38.64130801268905,74,38.64130801268905,74,0.9539833571884331,1.0,0.923305595314055,0.009161516528782901,0.0,0.9573326823174142,1.0,0.9288878038623569,0.0008168896075462076,0.0,0.9905074817445966,1.0,0.9841791362409943,0.0091052615424583,0.0,0.9905074817445966,1.0,0.9841791362409943,0.009161516528782901,0.0,0
s16_run,16,run,430.0,15.668870843597263,75,75.56675062972457,2.9765605501472803,164.31676725154983,54,148.08859698889557,44,39.232501694248214,75,164.31676725154983,54,164.31676725154983,54,164.31676725154983,54,39.232501694248214,75,39.232501694248214,75,0.9604542224427199,1.0,0.9340903707378666,0.008715900300036421,0.0,0.9619056781442128,1.0,0.9365094635736881,0.0006933089947088121,0.0,0.9870587136680895,1.0,0.9784311894468158,0.008793549935890701,0.0,0.9870587136680895,1.0,0.9784311894468158,0.008715900300036421,0.0,0
s16_walk,16,walk,10.0,15.933079228406614,74,75.18796992481202,0.9984007826249752,151.00260168051977,57,99.20270394796826,18,27.58824226207808,73,151.00260168051977,57,151.00260168051977,57,151.00260168051977,57,27.58824226207808,73,27.58824226207808,73,0.9617863336282617,1.0,0.9363105560471028,0.0071120526346885385,0.0,0.9406070782519204,1.0,0.9010117970865339,0.0020429519004681322,0.0,0.9873065870034909,1.0,0.978844311672485,0.007121214179676584,0.0,0.9873065870034909,1.0,0.978844311672485,0.0071120526346885385,0.0,0
s16_walk,16,walk,70.0,18.330302779822507,71,71.94244604316641,0.9473208339290207,162.32392492720714,54,125.01764581332462,18,39.45045029108051,72,162.32392492720714,54,162.32392492720714,54,162.32392492720714,54,39.45045029108051,72,39.45045029108051,72,0.9594288998618257,1.0,0.9323814997697094,0.006654409573232009,0.0,0.9476392041616093,1.0,0.9127320069360154,0.002016980678734862,0.0,0.9871861362943257,1.0,0.978643560490543,0.006611783771770703,0.0,0.9871861362943257,1.0,0.978643560490543,0.006654409573232009,0.0,0
s16_walk,16,walk,130.0,17.661904119961864,71,72.63922518159865,0.9463909395504336,153.5274882722062,59,170.15076271143204,40,34.661057238475706,73,153.5274882722062,59,153.5274882722062,59,153.5274882722062,59,34.661057238475706,73,34.661057238475706,73,0.9624840448360292,1.0,0.9374734080600486,0.007028994448961747,0.0,0.9436304506663412,1.0,0.9060507511105687,0.00208113965490043,0.0,0.9879808918172673,1.0,0.9799681530287788,0.007015681113909803,0.0,0.9879808918172673,1.0,0.9799681530287788,0.007028994448961747,0.0,0
s16_walk,16,walk,190.0,16.436747447919323,73,73.17073170731769,0.9350906595604108,162.47448779323315,50,157.59350965605876,29,34.88074922742725,73,162.47448779323315,50,162.47448779323315,50,162.47448779323315,50,34.88074922742725,73,34.88074922742725,73,0.9628625906011501,1.0,0.9381043176685834,0.007275185156716409,0.0,0.9403265327471129,1.0,0.9005442212451882,0.002257862687311897,0.0,0.9876882978337641,1.0,0.9794804963896069,0.0072399071146534155,0.0,0.9876882978337641,1.0,0.9794804963896069,0.007275185156716409,0.0,0
s16_walk,16,walk,250.0,15.31086330718523,72,73.26007326007303,1.0290410074177454,180.8533563634817,64,201.03067759258371,31,35.512126254437526,73,180.8533563634817,64,180.8533563634817,64,180.8533563634817,64,35.512126254437526,73,35.512126254437526,73,0.9630520995118255,1.0,0.9384201658530424,0.007211910837812578,0.0,0.9473674832432886,1.0,0.9122791387388142,0.002556766570510278,0.0,0.9885618763407881,1.0,0.9809364605679801,0.007202792627795636,0.0,0.9885618763407881,1.0,0.9809364605679801,0.007211910837812578,0.0,0
s16_walk,16,walk,310.0,23.727926431815007,70,72.11538461538517,1.0338184406975628,176.0740847863005,49,155.4965165740592,25,34.559603544935214,72,176.0740847863005,49,176.0740847863005,49,176.0740847863005,49,34.559603544935214,72,34.559603544935214,72,0.9593073376397185,1.0,0.9321788960661976,0.0073558550807273125,0.0,0.9398507825283954,1.0,0.8997513042139923,0.002381943535579036,0.0,0.9868083029845236,1.0,0.9780138383075394,0.007411898809799184,0.0,0.9868083029845236,1.0,0.9780138383075394,0.0073558550807273125,0.0,0
s16_walk,16,walk,370.0,21.66453582876991,72,73.43941248469947,1.0630498525592134,171.9627472468324,60,167.26738587775677,38,30.161601784756428,73,171.9627472468324,60,171.9627472468324,60,171.9627472468324,60,30.161601784756428,73,30.161601784756428,73,0.9567487151527068,1.0,0.9279145252545113,0.0071799187736361954,0.0,0.9432190760059612,1.0,0.9053651266766021,0.0022990130373974206,0.0,0.9856804435682958,1.0,0.9761340726138263,0.0071639407692380905,0.0,0.9856804435682958,1.0,0.9761340726138263,0.0071799187736361954,0.0,0
s17_run,17,run,10.0,22.05989971096222,98,99.17355371900774,2.6782395995703014,124.08834218679314,49,250.3903928612464,44,31.208305518456676,97,124.08834218679314,49,124.08834218679314,49,124.08834218679314,49,31.208305518456676,97,31.208305518456676,97,0.9385932022777927,1.0,0.8976553371296545,0.0018372213161010485,0.0,0.956774084106822,1.0,0.9279568068447033,0.007427732588655533,0.0,0.9866891485879765,1.0,0.9778152476466275,0.0018323298516890836,0.0,0.9866891485879765,1.0,0.9778152476466275,0.0018372213161010485,0.0,0
s17_run,17,run,70.0,27.52290326403837,99,100.33444816053529,2.7989530474282143,111.6542281629615,46,157.42610559689348,48,37.67432598879079,94,111.6542281629615,46,111.6542281629615,46,111.6542281629615,46,37.67432598879079,94,37.67432598879079,94,0.9642147378224941,1.0,0.9403578963708236,0.0019168378816167243,0.0,0.9636985206311365,1.0,0.9394975343852274,0.007410919367217803,0.0,0.9824716483548117,1.0,0.9707860805913529,0.0019109210412700441,0.0,0.9824716483548117,1.0,0.9707860805913529,0.0019168378816167243,0.0,0
s17_run,17,run,130.0,29.559654867341035,98,98.1996726677571,2.4808863939318417,153.17020307850711,55,141.98271341642584,45,36.3318042491699,96,153.17020307850711,55,153.17020307850711,55,153.17020307850711,55,36.3318042491699,96,36.3318042491699,96,0.9574597043860049,1.0,0.9290995073100083,0.0016951966737621918,0.0,0.9724733252183292,1.0,0.9541222086972154,0.006083593233845953,0.0,0.9828849037813946,1.0,0.9714748396356576,0.0016895054412187879,0.0,0.9828849037813946,1.0,0.9714748396356576,0.0016951966737621918,0.0,0
s17_run,17,run,190.0,25.317154921778094,97,98.03921568627534,2.1749330188730105,111.96855148540205,47,122.9814800872247,46,36.80542317726739,98,111.96855148540205,47,111.96855148540205,47,111.96855148540205,47,36.80542317726739,98,36.80542317726739,98,0.956712082281735,1.0,0.9278534704695585,0.0017326677685950836,0.0,0.9766800891746497,1.0,0.9611334819577493,0.0056391418073721495,0.0,0.9853653129234049,1.0,0.9756088548723415,0.0017271346035315225,0.0,0.9853653129234049,1.0,0.9756088548723415,0.0017326677685950836,0.0,0
s17_run,17,run,250.0,27.052418252967083,97,98.68421052631513,2.1306118474114872,100.23884519963566,47,219.12359871805572,34,32.94333252563767,96,100.23884519963566,47,100.23884519963566,47,100.23884519963566,47,32.94333252563767,96,32.94333252563767,96,0.9620866856374878,1.0,0.9368111427291462,0.0015882166648298799,0.0,0.9723251205991289,1.0,0.9538752009985482,0.00421156260241712,0.0,0.9849360527827669,1.0,0.9748934213046114,0.0015890938956391,0.0,0.9849360527827669,1.0,0.9748934213046114,0.0015882166648298799,0.0,0
s17_run,17,run,310.0,33.19289714762243,96,97.7198697068397,1.8637810676697668,124.3595839589735,50,217.00945474397162,30,41.57428354922763,96,124.3595839589735,50,124.3595839589735,50,124.3595839589735,50,41.57428354922763,96,41.57428354922763,96,0.9637467693950568,1.0,0.9395779489917613,0.001589444364507072,0.0,0.9609345581858773,1.0,0.9348909303097955,0.0043969764037978965,0.0,0.9777533165459241,1.0,0.9629221942432069,0.0015958841152903351,0.0,0.9777533165459241,1.0,0.9629221942432069,0.001589444364507072,0.0,0
s17_run,17,run,370.0,26.26229870619486,97,98.36065573770271,2.067970000847543,124.28619723657737,35,204.03193930868892,32,38.82288622507812,98,124.28619723657737,35,124.28619723657737,35,124.28619723657737,35,38.82288622507812,98,38.82288622507812,98,0.9601466071645464,1.0,0.9335776786075773,0.0015976295409133381,0.0,0.9640435518903054,1.0,0.9400725864838423,0.004958912537979977,0.0,0.9808275793814235,1.0,0.9680459656357059,0.0016038849344089025,0.0,0.9808275793814235,1.0,0.9680459656357059,0.0015976295409133381,0.0,0
s17_walk,17,walk,10.0,28.735816091365706,88,89.68609865470846,1.1562804035318575,104.15319161669345,72,288.3574171059243,29,37.43158553288409,90,104.15319161669345,72,104.15319161669345,72,104.15319161669345,72,37.43158553288409,90,37.43158553288409,90,0.971852831042437,1.0,0.9530880517373952,0.002704961122025518,0.0,0.9356919254758069,1.0,0.8928198757930117,0.002975139553023049,0.0,0.9830823529186485,1.0,0.971803921531081,0.0027002825361103397,0.0,0.9828152705913056,1.0,0.9713587843188427,0.002704961122025518,0.0,0
s17_walk,17,walk,70.0,30.6912944587803,91,92.30769230769351,0.80369443894787,68.96609195162837,88,147.648230602334,35,40.205515995737656,92,68.96609195162837,88,68.96609195162837,88,68.96609195162837,88,40.205515995737656,92,40.205515995737656,92,0.9745313382512589,1.0,0.9575522304187649,0.002692367020771884,0.0,0.9582440944557626,1.0,0.9304068240929377,0.002603345141292164,0.0,0.9824854118687001,1.0,0.9708090197811668,0.0026997180755905853,0.0,0.9824854118687001,1.0,0.9708090197811668,0.002692367020771884,0.0,0
s17_walk,17,walk,130.0,28.102637629909836,92,92.87925696594415,0.7492081413268283,81.47175620313784,86,181.78480213074548,36,32.83324501206023,92,81.47175620313784,86,81.47175620313784,86,81.47175620313784,86,32.83324501206023,92,32.83324501206023,92,0.9734065448488443,1.0,0.9556775747480737,0.0027973575824383184,0.0,0.9741945655001771,1.0,0.9569909425002953,0.0024658164087599556,0.0,0.9807295913076893,1.0,0.9678826521794823,0.0027736805452281592,0.0,0.9807295913076893,1.0,0.9678826521794823,0.0027973575824383184,0.0,0
s17_walk,17,walk,190.0,26.5536984448307,92,93.45794392523425,0.658120940368512,96.73652125983519,89,126.87170122382915,29,33.63306105157431,94,96.73652125983519,89,96.73652125983519,89,96.73652125983519,89,33.63306105157431,94,33.63306105157431,94,0.9773203049538619,1.0,0.9622005082564365,0.002888468228387759,0.0,0.9764455719682972,1.0,0.9607426199471619,0.002320569314830378,0.0,0.9858801151351788,1.0,0.9764668585586314,0.0028785600475085384,0.0,0.9858801151351788,1.0,0.9764668585586314,0.002888468228387759,0.0,0
s17_walk,17,walk,250.0,30.927778331582974,92,94.63722397476336,0.649714404874776,70.1603300313814,90,197.05591714728746,30,35.64620840865187,93,70.1603300313814,90,70.1603300313814,90,70.1603300313814,90,35.64620840865187,93,35.64620840865187,93,0.9701578658718089,1.0,0.9502631097863481,0.002840332745667988,0.0,0.9764370659537897,1.0,0.9607284432563161,0.0020662952575746657,0.0,0.9794473932328058,1.0,0.9657456553880098,0.002836686163326849,0.0,0.9794473932328058,1.0,0.9657456553880098,0.002840332745667988,0.0,0
s17_walk,17,walk,310.0,26.05803669879847,95,96.15384615384251,0.5741350843067693,73.7608252438877,92,182.07614928356497,30,33.100637062042225,93,73.7608252438877,92,73.7608252438877,92,73.7608252438877,92,33.100637062042225,93,33.100637062042225,93,0.9777542973784432,1.0,0.9629238289640718,0.002630486286298505,0.0,0.9697862827066606,1.0,0.9496438045111011,0.001823067376019814,0.0,0.9866357848728056,1.0,0.9777263081213425,0.002622650524792103,0.0,0.9866357848728056,1.0,0.9777263081213425,0.002630486286298505,0.0,0
s17_walk,17,walk,370.0,25.004347448075514,93,93.16770186335324,0.669834996618978,65.85969936159745,89,171.1286066091815,21,36.76428842267733,94,65.85969936159745,89,65.85969936159745,89,65.85969936159745,89,36.76428842267733,94,36.76428842267733,94,0.9748636320152099,1.0,0.9581060533586832,0.0025928803763546693,0.0,0.9687553498174349,1.0,0.9479255830290582,0.002160379186568544,0.0,0.9809239254085688,1.0,0.9682065423476145,0.0026068691718474403,0.0,0.9809239254085688,1.0,0.9682065423476145,0.0025928803763546693,0.0,0
s17_sit,17,sit,10.0,50.35871324805646,78,78.94736842105256,0.016462429958480917,174.3733368553249,34,65.83818547519871,76,67.44309770889404,71,174.3733368553249,34,174.3733368553249,34,174.3733368553249,34,67.44309770889404,71,67.44309770889404,71,0.9470068633950608,1.0,0.9116781056584347,0.0012175669603518638,0.0,0.9747990388621615,1.0,0.9579983981036024,0.0012454683030249337,0.0,0.9749366288273675,1.0,0.9582277147122792,0.0012148586245812588,0.0,0.9749366288273675,1.0,0.9582277147122792,0.0012175669603518638,0.0,0
s17_sit,17,sit,70.0,55.60527552909677,76,76.8245838668375,0.016461174646925772,179.89966339292826,37,61.29238742908255,75,79.84359711335657,69,179.89966339292826,37,179.89966339292826,37,179.89966339292826,37,79.84359711335657,69,79.84359711335657,69,0.9385115670839339,1.0,0.8975192784732233,0.0009798469847955669,0.0,0.9776439204058793,1.0,0.9627398673431323,0.0015721613461182646,0.0,0.9758620574076032,1.0,0.9597700956793387,0.0009789984082101933,0.0,0.9758620574076032,1.0,0.9597700956793387,0.0009798469847955669,0.0,0
s17_sit,17,sit,130.0,59.900367728870584,75,76.33587786259805,0.016350879441652665,164.0924001575749,39,67.97671169844371,73,110.97747519204066,51,164.0924001575749,39,164.0924001575749,39,164.0924001575749,39,110.97747519204066,51,110.97747519204066,51,0.9453448290416799,1.0,0.9089080484027998,0.000823204215777025,0.0,0.9807752747409586,1.0,0.967958791234931,0.001592077383626482,0.0,0.972893223719213,1.0,0.9548220395320218,0.0008234428000792075,0.0,0.972893223719213,1.0,0.9548220395320218,0.000823204215777025,0.0,0
s17_sit,17,sit,190.0,54.354883251951776,76,77.41935483870911,0.01610229954887937,202.19627428153402,25,60.55693896774223,71,88.74119674649424,61,202.19627428153402,25,202.19627428153402,25,202.19627428153402,25,88.74119674649424,61,88.74119674649424,61,0.9481513159068048,1.0,0.9135855265113413,0.0009535025450206184,0.0,0.9806139329319331,1.0,0.9676898882198885,0.0014964364248202168,0.0,0.9765841207729282,1.0,0.9609735346215469,0.0009534867333583838,0.0,0.9765841207729282,1.0,0.9609735346215469,0.0009535025450206184,0.0,0
s17_sit,17,sit,250.0,46.38528793387192,80,80.21390374331654,0.01688520281451714,185.66016527434465,34,55.3612216706321,75,61.347306896815475,64,185.66016527434465,34,185.66016527434465,34,185.66016527434465,34,61.347306896815475,64,61.347306896815475,64,0.9481582678436863,1.0,0.9135971130728104,0.0009982348540593057,0.0,0.9832648877689084,1.0,0.972108146281514,0.0013032611140913622,0.0,0.9775184832968051,1.0,0.9625308054946753,0.0010009254368190605,0.0,0.9775184832968051,1.0,0.9625308054946753,0.0009982348540593057,0.0,0
s17_sit,17,sit,310.0,61.83400718410853,73,74.07407407407386,0.016770530274560744,149.86413600077657,28,76.84864530825696,71,68.66233413620789,63,149.86413600077657,28,149.86413600077657,28,149.86413600077657,28,68.66233413620789,63,68.66233413620789,63,0.9503765343278565,1.0,0.9172942238797608,0.000973960022945957,0.0,0.9788404519220177,1.0,0.9647340865366962,0.0012550466032689588,0.0,0.9768814279951552,1.0,0.9614690466585918,0.0009745082143646886,0.0,0.9768814279951552,1.0,0.9614690466585918,0.000973960022945957,0.0,0
s17_sit,17,sit,370.0,59.60052199622601,73,74.07407407407386,0.016448322736898755,168.17507884005033,36,111.0647766638218,66,86.15654832728694,62,168.17507884005033,36,168.17507884005033,36,168.17507884005033,36,86.15654832728694,62,86.15654832728694,62,0.9459621369333109,1.0,0.9099368948888514,0.0009681688850829007,0.0,0.9749355184029989,1.0,0.958225864004998,0.0011804408974247765,0.0,0.9756727707344743,1.0,0.9594546178907906,0.0009672621466715363,0.0,0.9756727707344743,1.0,0.9594546178907906,0.0009681688850829007,0.0,0
s18_run,18,run,10.0,13.549741902264472,90,91.0470409711686,1.125123627402189,101.33721315109652,14,52.77046732995854,73,28.944391128123215,91,101.33721315109652,14,101.33721315109652,14,101.33721315109652,14,28.944391128123215,91,28.944391128123215,91,0.9319009927867212,1.0,0.8865016546445353,0.001984431041687966,0.0,0.979338197655681,1.0,0.9655636627594684,0.0016994781353461045,0.0,0.9848368943468715,1.0,0.9747281572447858,0.0020198756005079714,0.0,0.9849918465084917,1.0,0.9749864108474862,0.001984431041687966,0.0,0
s18_run,18,run,70.0,12.689030469380986,88,88.49557522123929,1.3890331694894074,122.65579661982733,10,80.96014732289866,56,33.60672201667224,86,122.65579661982733,10,122.65579661982733,10,122.65579661982733,10,33.60672201667224,86,33.60672201667224,86,0.9408638910367026,1.0,0.9014398183945045,0.0022323297208317284,0.0,0.9789585424680884,1.0,0.9649309041134806,0.001239722547730912,0.0,0.9848670613205165,1.0,0.9747784355341942,0.0022406740673999075,0.0,0.9848670613205165,1.0,0.9747784355341942,0.0022323297208317284,0.0,0
s18_run,18,run,130.0,14.821667186313944,89,90.36144578313039,1.3902867178230998,95.82971007643367,19,81.94929087252558,52,25.55139063179127,88,95.82971007643367,19,95.82971007643367,19,95.82971007643367,19,25.55139063179127,88,25.55139063179127,88,0.9433525012769056,1.0,0.905587502128176,0.0021264585326328765,0.0,0.9740889184159542,1.0,0.9568148640265904,0.0010305470286211976,0.0,0.9880211033875762,1.0,0.980035172312627,0.002123934234452816,0.0,0.9880211033875762,1.0,0.980035172312627,0.0021264585326328765,0.0,0
s18_run,18,run,190.0,13.421607015694551,87,88.49557522123929,1.473441187056559,122.5379759729838,46,116.1895003862225,56,27.40686708904109,89,122.5379759729838,46,122.5379759729838,46,122.5379759729838,46,27.40686708904109,89,27.40686708904109,89,0.9512247408061643,1.0,0.918707901343607,0.0016664810417541442,0.0,0.9715319733248918,1.0,0.9525532888748198,0.0009428500773344198,0.0,0.9825711633137877,1.0,0.9709519388563126,0.0016639640357429435,0.0,0.9825711633137877,1.0,0.9709519388563126,0.0016664810417541442,0.0,0
s18_run,18,run,250.0,16.754917866922245,89,90.09009009009053,1.6805761054832162,135.13881751739578,41,92.98415258300173,77,43.100429914602124,86,135.13881751739578,41,135.13881751739578,41,135.13881751739578,41,43.100429914602124,86,43.100429914602124,86,0.9622796277051284,1.0,0.9371327128418807,0.0016603090684107259,0.0,0.9685359894318621,1.0,0.9475599823864368,0.00146500609562082,0.0,0.9826878843131494,1.0,0.9711464738552489,0.0016568988903699028,0.0,0.9826878843131494,1.0,0.9711464738552489,0.0016603090684107259,0.0,0
s18_run,18,run,310.0,10.671815236847808,90,91.18541033434437,1.5052088372973398,170.2619465258829,47,42.81744192888376,85,19.886038958388507,89,170.2619465258829,47,170.2619465258829,47,170.2619465258829,47,19.886038958388507,89,19.886038958388507,89,0.9599451785592774,1.0,0.9332419642654622,0.0015392984479066462,0.0,0.98597879284597,1.0,0.9766313214099499,0.0017385609096256974,0.0,0.9912311166151309,1.0,0.9853851943585514,0.001541776484997591,0.0,0.9912311166151309,1.0,0.9853851943585514,0.0015392984479066462,0.0,0
s18_run,18,run,370.0,12.493514801206503,92,93.750000000002,1.550848401475677,142.00100603265355,43,56.931976954959154,81,21.863713728961464,92,142.00100603265355,43,142.00100603265355,43,142.00100603265355,43,21.863713728961464,92,21.863713728961464,92,0.958636192034728,1.0,0.9310603200578801,0.0013632895680112229,0.0,0.9842438068030365,1.0,0.9737396780050608,0.0016286189268800442,0.0,0.9899344814935027,1.0,0.9832241358225047,0.0013626549734956344,0.0,0.9899344814935027,1.0,0.9832241358225047,0.0013632895680112229,0.0,0
s18_walk,18,walk,10.0,9.772140852551306,96,97.40259740259745,0.7085334709531447,82.81505499203229,73,137.30830793717993,29,20.97617696340303,96,82.81505499203229,73,82.81505499203229,73,82.81505499203229,73,20.97617696340303,96,20.97617696340303,96,0.9762206267837663,1.0,0.9603677113062773,0.0029416220668173456,0.0,0.9469059808585193,1.0,0.9115099680975322,0.0052530867439097,0.0,0.9903818274114025,1.0,0.9839697123523374,0.0029151092598987587,0.0,0.990137199199083,1.0,0.9835619986651385,0.0029416220668173456,0.0,0
s18_walk,18,walk,70.0,16.55626437666093,92,94.0438871473357,0.6088400210552283,94.15560406995314,73,99.55456348712053,10,25.25142389256793,94,94.15560406995314,73,94.15560406995314,73,94.15560406995314,73,25.25142389256793,94,25.25142389256793,94,0.9688817842163484,1.0,0.9481363070272473,0.0034821182554162613,0.0,0.9394348703406414,1.0,0.8990581172344023,0.004562986154155603,0.0,0.9802938665715413,1.0,0.9671564442859022,0.00338560159301795,0.0,0.9802938665715413,1.0,0.9671564442859022,0.0034821182554162613,0.0,0
s18_walk,18,walk,130.0,12.6707288038611,96,97.87928221859714,0.5647167652408981,93.31207240835913,85,126.41202474448386,21,23.124377658766583,96,93.31207240835913,85,93.31207240835913,85,93.31207240835913,85,23.124377658766583,96,23.124377658766583,96,0.9716758574749169,1.0,0.9527930957915283,0.0029320907392041333,0.0,0.9404836537948084,1.0,0.9008060896580139,0.00461430015843396,0.0,0.985268873265233,1.0,0.9754481221087217,0.0028780719892786636,0.0,0.985268873265233,1.0,0.9754481221087217,0.0029320907392041333,0.0,0
s18_walk,18,walk,190.0,13.993854257824003,94,94.93670886075874,0.5474247916194451,75.67016602316943,78,196.8875462855712,18,25.933134645226993,92,75.67016602316943,78,75.67016602316943,78,75.67016602316943,78,25.933134645226993,92,25.933134645226993,92,0.9748448341041822,1.0,0.9580747235069702,0.0029161880978166767,0.0,0.9400643248889088,1.0,0.9001072081481813,0.003614608101186743,0.0,0.9852178713877596,1.0,0.9753631189795994,0.002905549795926966,0.0,0.9852178713877596,1.0,0.9753631189795994,0.0029161880978166767,0.0,0
s18_walk,18,walk,250.0,17.06407910492304,94,97.08737864077749,0.5706832542678325,68.2602333680413,75,160.63731766338404,24,24.698178070456937,91,68.2602333680413,75,68.2602333680413,75,68.2602333680413,75,24.698178070456937,91,24.698178070456937,91,0.9765616656381222,1.0,0.9609361093968705,0.0024227080251322,0.0,0.9418867289112409,1.0,0.9031445481854016,0.0032709516528251405,0.0,0.9863933460617631,1.0,0.9773222434362718,0.0024374857437365702,0.0,0.9863933460617631,1.0,0.9773222434362718,0.0024227080251322,0.0,0
s18_walk,18,walk,310.0,13.271309640507855,95,95.84664536741576,0.6407496780174646,98.45331663055113,73,166.58331248957683,27,30.123857795950343,95,98.45331663055113,73,98.45331663055113,73,98.45331663055113,73,30.123857795950343,95,30.123857795950343,95,0.9707440936852385,1.0,0.951240156142064,0.002800522382421385,0.0,0.9489639447052542,1.0,0.9149399078420903,0.003758023358402419,0.0,0.9864563819808233,1.0,0.9774273033013723,0.002852513894897703,0.0,0.9864563819808233,1.0,0.9774273033013723,0.002800522382421385,0.0,0
s18_walk,18,walk,370.0,10.313825672367663,97,98.36065573770271,0.6151034546428312,98.21623374691463,85,112.46051938815076,20,22.72652294920683,98,98.21623374691463,85,98.21623374691463,85,98.21623374691463,85,22.72652294920683,98,22.72652294920683,98,0.970714359256053,1.0,0.9511905987600884,0.00304809287496501,0.0,0.9375732902401448,1.0,0.8959554837335746,0.003543303580445853,0.0,0.9880321941865562,1.0,0.9800536569775935,0.0030763847389435493,0.0,0.9880321941865562,1.0,0.9800536569775935,0.00304809287496501,0.0,0
s18_sit,18,sit,10.0,19.92824967565212,75,76.14213197969505,0.016899026863411635,87.9393730551528,55,52.258835764805916,72,20.558858593479034,76,87.9393730551528,55,87.9393730551528,55,87.9393730551528,55,20.558858593479034,76,20.558858593479034,76,0.97583633222031,1.0,0.9597272203671833,0.002088962643386231,0.0,0.9818586051459525,1.0,0.9697643419099209,0.0018848096419656016,0.0,0.9852563444990379,1.0,0.9754272408317297,0.0020959308051051824,0.0,0.9852945899201442,1.0,0.9754909832002403,0.002088962643386231,0.0,0
s18_sit,18,sit,70.0,17.635958352951327,75,74.07407407407386,0.01621644591556594,71.95236519491807,71,70.28710961319847,73,18.599622199011083,75,71.95236519491807,71,71.95236519491807,71,71.95236519491807,71,18.599622199011083,75,18.599622199011083,75,0.9803297451761321,1.0,0.9672162419602202,0.001691843259483205,0.0,0.9808303072660072,1.0,0.968050512110012,0.002382456281233853,0.0,0.9863064390544618,1.0,0.9771773984241029,0.0017035936998318507,0.0,0.9863064390544618,1.0,0.9771773984241029,0.001691843259483205,0.0,0
s18_sit,18,sit,130.0,19.15760158866849,74,74.25742574257362,0.016114045756906746,64.75147583791744,70,63.373623978877966,75,19.590400296670403,75,64.75147583791744,70,64.75147583791744,70,64.75147583791744,70,19.590400296670403,75,19.590400296670403,75,0.9786055283241859,1.0,0.9643425472069764,0.0017128887099776622,0.0,0.9811708695484513,1.0,0.9686181159140856,0.002672833672686314,0.0,0.9859082811627036,1.0,0.9765138019378393,0.0017251411101021463,0.0,0.9859082811627036,1.0,0.9765138019378393,0.0017128887099776622,0.0,0
s18_sit,18,sit,190.0,27.793410805630433,77,78.53403141361154,0.017985916105113377,80.4765219690519,52,59.76342248120222,61,28.60387767736777,78,80.4765219690519,52,80.4765219690519,52,80.4765219690519,52,28.60387767736777,78,28.60387767736777,78,0.9791639603183635,1.0,0.9652732671972724,0.002257526037480977,0.0,0.9773096616463138,1.0,0.9621827694105229,0.0019963591494589344,0.0,0.9812260191145132,1.0,0.9687100318575221,0.0022671912014034013,0.0,0.9812260191145132,1.0,0.9687100318575221,0.002257526037480977,0.0,0
s18_sit,18,sit,250.0,21.648094604372698,76,77.41935483870911,0.016385978400204334,84.2158399133304,53,62.15051542154883,68,22.65298864911299,77,84.2158399133304,53,84.2158399133304,53,84.2158399133304,53,22.65298864911299,77,22.65298864911299,77,0.9750037029366594,1.0,0.9583395048944322,0.00176232812905516,0.0,0.9769368111244409,1.0,0.9615613518740681,0.0024984500670026583,0.0,0.9827461819594585,1.0,0.9712436365990974,0.0017590548919870434,0.0,0.9827461819594585,1.0,0.9712436365990974,0.00176232812905516,0.0,0
s18_sit,18,sit,310.0,24.202479211846416,76,76.23888182973256,0.01697909795773215,98.12391088207019,54,69.05254498028272,64,25.469279741019687,77,98.12391088207019,54,98.12391088207019,54,98.12391088207019,54,25.469279741019687,77,25.469279741019687,77,0.9717349056399797,1.0,0.9528915093999661,0.0018249765393485472,0.0,0.9760421703508158,1.0,0.9600702839180264,0.0026844857845463033,0.0,0.980336973384696,1.0,0.9672282889744933,0.001816729045993484,0.0,0.980336973384696,1.0,0.9672282889744933,0.0018249765393485472,0.0,0
s18_sit,18,sit,370.0,22.308645760681866,75,75.75757575757832,0.017056228522514982,70.94213758582343,62,70.65089734585575,72,26.708300832013506,76,70.94213758582343,62,70.94213758582343,62,70.94213758582343,62,26.708300832013506,76,26.708300832013506,76,0.9748947288079266,1.0,0.9581578813465443,0.0018822369832859048,0.0,0.9763116840226349,1.0,0.960519473371058,0.002444226226266448,0.0,0.9837832999076879,1.0,0.972972166512813,0.001871699297100121,0.0,0.9837832999076879,1.0,0.972972166512813,0.0018822369832859048,0.0,0
s19_walk,19,walk,10.0,34.4059604566205,88,90.90909090909088,1.325853217845048,188.95594149453717,24,228.43671625492547,19,151.37465347370977,22,188.95594149453717,24,188.95594149453717,24,188.95594149453717,24,151.37465347370977,22,151.37465347370977,22,0.9649006992749938,1.0,0.9415011654583229,0.011253276854286672,0.0,0.9655527221379789,1.0,0.9425878702299648,0.002719734724713984,0.0,0.9588240269268242,1.0,0.9313733782113737,0.011719315497078452,0.0,0.9588240269268242,1.0,0.9313733782113737,0.011253276854286672,0.0,0
s19_walk,19,walk,70.0,18.43421342827114,90,90.36144578313233,1.074521621783217,137.45129007345525,15,166.27286810140333,16,,4,137.45129007345525,15,137.45129007345525,15,137.45129007345525,15,,4,,4,0.9676014989507832,1.0,0.9460024982513053,0.010156237713562562,0.0,0.9600623031156928,1.0,0.9334371718594882,0.0021653399300891408,0.0,0.9653448403108279,1.0,0.9422414005180465,0.010378222747968801,0.0,0.9653448403108279,1.0,0.9422414005180465,0.010156237713562562,0.0,0
s19_walk,19,walk,130.0,18.41431390309499,93,94.63722397476548,1.052977101641707,161.9178535688632,24,177.30302771347036,12,165.32795690182994,13,161.9178535688632,24,161.9178535688632,24,161.9178535688632,24,165.32795690182994,13,165.32795690182994,13,0.9679942849941201,1.0,0.9466571416568669,0.009505315061970224,0.0,0.9650235356675491,1.0,0.9417058927792484,0.0021846239729963225,0.0,0.9668975996834166,1.0,0.9448293328056944,0.009464753182599494,0.0,0.9668975996834166,1.0,0.9448293328056944,0.009505315061970224,0.0,0
s19_walk,19,walk,190.0,14.595579051037037,98,99.83361064891626,1.4707412534208597,135.06270944961443,32,123.61540854913368,27,133.62634470792054,26,135.06270944961443,32,135.06270944961443,32,135.06270944961443,32,133.62634470792054,26,133.62634470792054,26,0.9653659246568388,1.0,0.9424213748489544,0.011138948131102028,0.16666666666666666,0.963897140902972,1.0,0.9398285681716199,0.00248894766737955,0.0,0.9679106983519727,1.0,0.9472066889769998,0.010763938278248803,0.08333333333333333,0.9677786378378642,1.0,0.9472066889769998,0.011138948131102028,0.16666666666666666,0
s19_walk,19,walk,250.0,18.619765094495058,93,94.3396226415143,0.8111111646130243,239.79157616563597,28,176.25182518871384,18,252.97181037045465,20,239.79157616563597,28,239.79157616563597,28,239.79157616563597,28,252.97181037045465,20,252.97181037045465,20,0.9637955150551545,1.0,0.9396591917585906,0.008226163371279899,0.0,0.9717860517746549,1.0,0.9529767529577582,0.0017767889338069231,0.0,0.9717976025026146,1.0,0.9529960041710243,0.008210135459700422,0.0,0.9717976025026146,1.0,0.9529960041710243,0.008226163371279899,0.0,0
s19_walk,19,walk,310.0,21.450651150546697,93,94.33962264150585,0.8426593897082671,143.6249456048635,33,186.11824198610947,21,163.31564530074883,26,143.6249456048635,33,143.6249456048635,33,143.6249456048635,33,163.31564530074883,26,163.31564530074883,26,0.9276497526371079,1.0,0.8794162543951798,0.0071419844745745495,0.0,0.9686733140695627,1.0,0.9477888567826045,0.0016214789211878872,0.0,0.9601050826994636,1.0,0.9335084711657726,0.007199321058976088,0.0,0.9601050826994636,1.0,0.9335084711657726,0.0071419844745745495,0.0,0
s19_walk,19,walk,370.0,19.758111719575965,95,96.4630225080364,0.8909293521246079,314.76699456830795,24,202.14237176193035,27,148.60061526502122,29,314.76699456830795,24,314.76699456830795,24,314.76699456830795,24,148.60061526502122,29,148.60061526502122,29,0.929489809071057,1.0,0.8824830151184283,0.008337439735906723,0.0,0.9520522907845456,1.0,0.920087151307576,0.0020747362096761764,0.0,0.9171132617633055,1.0,0.861855436272176,0.008173072387146183,0.0,0.9171132617633055,1.0,0.861855436272176,0.008337439735906723,0.0,0
s19_walk,19,walk,430.0,12.920378098676949,95,96.15384615385126,0.9514264396748517,150.3994680841658,31,117.64618565852443,33,146.31270419005799,28,150.3994680841658,31,150.3994680841658,31,150.3994680841658,31,146.31270419005799,28,146.31270419005799,28,0.9220500158087402,1.0,0.8700833596812338,0.01038176196050914,0.0,0.9387368543540852,1.0,0.8978947572568087,0.001784608456750335,0.0,0.9469066224910652,1.0,0.9115110374851085,0.010252136155573964,0.0,0.9469066224910652,1.0,0.9115110374851085,0.01038176196050914,0.0,0
s19_sit,19,sit,10.0,55.99652767012515,73,72.8155339805827,0.01777978716974861,86.49421946003098,65,93.69276030373602,61,57.5885262544926,74,86.49421946003098,65,86.49421946003098,65,86.49421946003098,65,57.5885262544926,74,57.5885262544926,74,0.9658301034557326,1.0,0.943050172426221,0.004095630944751181,0.0,0.9663135057766828,1.0,0.9438558429611381,0.0010294624396433904,0.0,0.9659032722064949,1.0,0.943172120344158,0.004108848066701101,0.0,0.9662839089642582,1.0,0.9438065149404303,0.004095630944751181,0.0,0
s19_sit,19,sit,70.0,38.91143790712299,81,81.52173913043431,0.032768287245592234,102.58073414410651,58,86.7179335547152,51,51.526692111953004,61,102.58073414410651,58,102.58073414410651,58,102.58073414410651,58,51.526692111953004,61,51.526692111953004,61,0.9651462732436362,1.0,0.9419104554060602,0.003134033134938274,0.0,0.9670698054874036,1.0,0.9451163424790059,0.0008321309969901865,0.0,0.9698969475889794,1.0,0.9498282459816323,0.003164101222296001,0.0,0.9698969475889794,1.0,0.9498282459816323,0.003134033134938274,0.0,0
s19_sit,19,sit,130.0,34.043570698185974,86,89.02077151335224,0.01672587891371755,48.938737212968626,61,58.48076606885378,66,44.01909993877987,70,48.938737212968626,61,48.938737212968626,61,48.938737212968626,61,44.01909993877987,70,44.01909993877987,70,0.9630627698663764,1.0,0.938437949777294,0.002586286139013165,0.0,0.9666918177141268,1.0,0.944486362856878,0.0007069271177289054,0.0,0.9693387765890331,1.0,0.948897960981722,0.002614514154919214,0.0,0.9693387765890331,1.0,0.948897960981722,0.002586286139013165,0.0,0
s19_sit,19,sit,190.0,33.66025338923693,80,80.32128514056227,0.016523059289431766,58.61740355901138,76,61.029809774891326,70,40.30726143854634,78,58.61740355901138,76,58.61740355901138,76,58.61740355901138,76,40.30726143854634,78,40.30726143854634,78,0.9768063775288796,1.0,0.9613439625481325,0.0036624848448060625,0.0,0.977348833119558,1.0,0.9622480551992634,0.0009065838201980255,0.0,0.9778110621901712,1.0,0.9630184369836187,0.0036619219876229897,0.0,0.9778110621901712,1.0,0.9630184369836187,0.0036624848448060625,0.0,0
s19_sit,19,sit,250.0,34.3422223406399,86,86.83068017366283,0.019985674646469272,64.52820227535312,73,54.031499933600095,68,45.07304013896135,77,64.52820227535312,73,64.52820227535312,73,64.52820227535312,73,45.07304013896135,77,45.07304013896135,77,0.976789494068542,1.0,0.9613158234475699,0.00409966979350557,0.0,0.976573768225257,1.0,0.9609562803754282,0.0010666264326502782,0.0,0.9769476504021999,1.0,0.9615794173369998,0.004065266212215223,0.0,0.9769476504021999,1.0,0.9615794173369998,0.00409966979350557,0.0,0
s19_sit,19,sit,310.0,33.468729347796604,78,78.84362680683356,0.01729265805320385,95.97221820228324,76,65.74096896152354,65,43.13068988848208,79,95.97221820228324,76,95.97221820228324,76,95.97221820228324,76,43.13068988848208,79,43.13068988848208,79,0.9712609728482423,1.0,0.9521016214137372,0.0033722596134381933,0.0,0.9734872353728872,1.0,0.9558120589548119,0.0007655475929485724,0.0,0.9759390993607208,1.0,0.9598984989345347,0.0033779820660088437,0.0,0.9759390993607208,1.0,0.9598984989345347,0.0033722596134381933,0.0,0
s19_sit,19,sit,370.0,31.85845317904047,78,78.63695937090378,0.016711110609908274,81.81436147516978,79,76.95207353685554,75,34.54954248721608,80,81.81436147516978,79,81.81436147516978,79,81.81436147516978,79,34.54954248721608,80,34.54954248721608,80,0.974420254601096,1.0,0.9573670910018266,0.004065437103221407,0.0,0.9789385981042559,1.0,0.9648976635070932,0.001003754671728888,0.0,0.9843922472725196,1.0,0.9739870787875327,0.004032435488540277,0.0,0.9843922472725196,1.0,0.9739870787875327,0.004065437103221407,0.0,0
s19_sit,19,sit,430.0,30.715849567186584,83,82.87292817679678,0.021963815077873393,81.67627864168166,70,61.69254532967279,68,42.343331782925084,72,81.67627864168166,70,81.67627864168166,70,81.67627864168166,70,42.343331782925084,72,42.343331782925084,72,0.9691427940579251,1.0,0.9485713234298753,0.0036432456206367423,0.0,0.9719933871013557,1.0,0.9533223118355929,0.0009491786643984785,0.0,0.9774675219713825,1.0,0.9624458699523042,0.0036407783287082385,0.0,0.9774675219713825,1.0,0.9624458699523042,0.0036432456206367423,0.0,0
s19_run,19,run,10.0,11.787684036717858,100,100.16694490818026,4.118885166378633,211.93749078442917,41,193.29920675815856,49,124.67229771758367,45,211.93749078442917,41,211.93749078442917,41,211.93749078442917,41,124.67229771758367,45,124.67229771758367,45,0.955429727891848,1.0,0.92571621315308,0.0031546710602562717,0.0,0.9546292598066907,1.0,0.9243820996778178,0.0012962862827240948,0.0,0.9713136699893348,1.0,0.9521894499822245,0.0032182567812923217,0.0,0.9713136699893348,1.0,0.9521894499822245,0.0031546710602562717,0.0,0
s19_run,19,run,70.0,13.644290625264645,97,97.7198697068397,4.2295948712507885,193.00259065618783,27,250.9342543376651,26,131.88198187340507,29,193.00259065618783,27,193.00259065618783,27,193.00259065618783,27,131.88198187340507,29,131.88198187340507,29,0.9599620063013444,1.0,0.9332700105022408,0.0030695654247870413,0.0,0.964030399366232,1.0,0.9400506656103867,0.0013280290429325617,0.0,0.9773575825691919,1.0,0.9622626376153199,0.0030426356579399605,0.0,0.9773575825691919,1.0,0.9622626376153199,0.0030695654247870413,0.0,0
s19_run,19,run,130.0,7.64357523834517,100,101.351351351354,3.826560324472082,103.12756235675825,18,151.3205758205627,49,129.54335753515687,28,103.12756235675825,18,103.12756235675825,18,103.12756235675825,18,129.54335753515687,28,129.54335753515687,28,0.9621053322055049,1.0,0.9368422203425081,0.003399657914176542,0.0,0.9664967723052976,1.0,0.944161287175496,0.001112956641477599,0.0,0.9712452723196713,1.0,0.9520754538661188,0.003401846314995869,0.0,0.9712452723196713,1.0,0.9520754538661188,0.003399657914176542,0.0,0
s19_run,19,run,190.0,7.718342797126931,104,105.63380281689916,4.2059159868242695,242.77904906862673,25,91.51973595332058,30,92.39701998617478,44,242.77904906862673,25,242.77904906862673,25,242.77904906862673,25,92.39701998617478,44,92.39701998617478,44,0.9678973127922438,1.0,0.9464955213204063,0.003361263532598107,0.0,0.9765666254549451,1.0,0.9609443757582418,0.0012226426883673298,0.0,0.9731491358285292,1.0,0.9552485597142153,0.003362329757499882,0.0,0.9731491358285292,1.0,0.9552485597142153,0.003361263532598107,0.0,0
s19_run,19,run,250.0,9.66850557221794,101,101.6949152542416,4.232948923850543,144.512975196001,26,145.42518643097847,34,147.44490496453244,36,144.512975196001,26,144.512975196001,26,144.512975196001,26,147.44490496453244,36,147.44490496453244,36,0.9652136298389066,1.0,0.9420227163981777,0.003678654500278547,0.0,0.9791411482957237,1.0,0.9652352471595395,0.0015473503017486372,0.0,0.9789182385273261,1.0,0.9648637308788768,0.0036815822503931854,0.0,0.9789182385273261,1.0,0.9648637308788768,0.003678654500278547,0.0,0
s19_run,19,run,310.0,11.17989709299247,102,103.62694300517488,3.698656125389391,122.26399653407722,34,189.85959724666716,31,153.3054601198669,40,122.26399653407722,34,122.26399653407722,34,122.26399653407722,34,153.3054601198669,40,153.3054601198669,40,0.9642648437237473,1.0,0.9404414062062455,0.003942838951245279,0.0,0.9746971430636314,1.0,0.9578285717727191,0.0020817346906592355,0.0,0.9713191559044465,1.0,0.9521985931740776,0.003957903336544092,0.0,0.9713191559044465,1.0,0.9521985931740776,0.003942838951245279,0.0,0
s19_run,19,run,370.0,13.326974428679403,98,99.33774834436865,4.916706901375232,129.9725245690686,43,105.94116013979036,35,180.35678925000695,43,129.9725245690686,43,129.9725245690686,43,129.9725245690686,43,180.35678925000695,43,180.35678925000695,43,0.971775072165931,1.0,0.9529584536098848,0.007416375130439286,0.0,0.9693540436528402,1.0,0.9489234060880669,0.0024756818043239585,0.0,0.9681623275038864,1.0,0.9469372125064773,0.0073352945466151655,0.0,0.9681623275038864,1.0,0.9469372125064773,0.007416375130439286,0.0,0
s20_run,20,run,10.0,21.23511790780036,87,89.2857142857142,1.5848170813230582,101.49917897861704,49,185.37606564571846,29,38.16515357454259,77,101.49917897861704,49,101.49917897861704,49,101.49917897861704,49,38.16515357454259,77,38.16515357454259,77,0.9689186443624245,1.0,0.9481977406040407,0.0038444340010826833,0.0,0.9423243088395256,1.0,0.9038738480658759,0.0034881626416290792,0.0,0.9827419085910172,1.0,0.9712365143183619,0.0038329886295134425,0.0,0.9825670127801713,1.0,0.9709450213002857,0.0038444340010826833,0.0,0
s20_run,20,run,70.0,19.98749609130688,89,89.82035928143819,1.6586677537191363,120.21647141718975,51,122.96921798331715,15,63.538152115036745,63,120.21647141718975,51,120.21647141718975,51,120.21647141718975,51,63.538152115036745,63,63.538152115036745,63,0.9664830246290079,1.0,0.9441383743816798,0.0027283243276106186,0.0,0.9518785161409626,1.0,0.9197975269016043,0.00403888506979512,0.0,0.9789583078433656,1.0,0.964930513072276,0.0027464241313778274,0.0,0.9789583078433656,1.0,0.964930513072276,0.0027283243276106186,0.0,0
s20_run,20,run,130.0,20.48622447544958,90,92.02453987730247,1.4884666300906093,125.56273332482054,51,156.12965954050912,18,53.70288632839021,76,125.56273332482054,51,125.56273332482054,51,125.56273332482054,51,53.70288632839021,76,53.70288632839021,76,0.9610344375015349,1.0,0.9350573958358916,0.003228633360204867,0.0,0.9535547725691123,1.0,0.9225912876151872,0.006013796598617269,0.0,0.9789924768793048,1.0,0.964987461465508,0.0032469939516639053,0.0,0.9789924768793048,1.0,0.964987461465508,0.003228633360204867,0.0,0
s20_run,20,run,190.0,25.927346040951146,89,90.90909090909138,1.67739417710242,120.4037325979947,35,101.76225014982498,10,47.86090958879351,76,120.4037325979947,35,120.4037325979947,35,120.4037325979947,35,47.86090958879351,76,47.86090958879351,76,0.9583582048258211,1.0,0.9305970080430351,0.003784119785419944,0.0,0.9595465121320123,1.0,0.9325775202200204,0.007459420713469349,0.0,0.97658131207313,1.0,0.9609688534552168,0.0038099019213203734,0.0,0.97658131207313,1.0,0.9609688534552168,0.003784119785419944,0.0,0
s20_run,20,run,250.0,21.543753928539225,91,92.5925925925972,1.7127641476019773,110.20641789593992,34,,7,73.89711979316576,52,110.20641789593992,34,110.20641789593992,34,110.20641789593992,34,73.89711979316576,52,73.89711979316576,52,0.9598599759177349,1.0,0.9330999598628915,0.004383896394504722,0.0,0.9603031123407718,1.0,0.933838520567953,0.008217255750997517,0.0,0.9760367625080588,1.0,0.9600612708467646,0.004413223514258934,0.0,0.9760367625080588,1.0,0.9600612708467646,0.004383896394504722,0.0,0
s20_run,20,run,310.0,24.197107265120223,89,89.55223880596802,1.6829498628060322,125.71898487457945,20,144.24371736751655,33,80.04900459877625,52,125.71898487457945,20,125.71898487457945,20,125.71898487457945,20,80.04900459877625,52,80.04900459877625,52,0.9564661722460297,1.0,0.9274436204100496,0.008402600438084076,0.0,0.9449212537038257,1.0,0.9082020895063763,0.009369586794055381,0.0,0.9770027468804107,1.0,0.9616712448006843,0.008353719669243385,0.0,0.9770027468804107,1.0,0.9616712448006843,0.008402600438084076,0.0,0
s20_run,20,run,370.0,20.765355763866147,91,93.16770186335324,1.6252045171713843,61.519227763483705,14,160.9026263689123,30,71.08488745499845,50,61.519227763483705,14,61.519227763483705,14,61.519227763483705,14,71.08488745499845,50,71.08488745499845,50,0.9429904695239738,1.0,0.9049841158732898,0.011673206654099221,0.0,0.9550712817190454,1.0,0.9251188028650758,0.009635746722940442,0.0,0.9769859976491276,1.0,0.9616433294152127,0.011419800889537177,0.0,0.9769859976491276,1.0,0.9616433294152127,0.011673206654099221,0.0,0
s20_run,20,run,430.0,20.221846526047496,92,93.89671361501783,1.8792664767275413,,8,209.82135258357286,25,96.99484522385713,26,,8,,8,,8,96.99484522385713,26,96.99484522385713,26,0.941251406522565,1.0,0.9020856775376083,0.011018138942989423,0.0,0.960773242998195,1.0,0.9346220716636584,0.011360137803198047,0.0,0.9729826286100175,1.0,0.9549710476833625,0.010829342657839847,0.0,0.9729826286100175,1.0,0.9549710476833625,0.011018138942989423,0.0,0
s20_walk,20,walk,10.0,22.788025751412896,86,87.46355685131195,1.0483015524159045,137.65173446055812,26,152.81485841494916,22,233.20744903564784,29,137.65173446055812,26,137.65173446055812,26,137.65173446055812,26,233.20744903564784,29,233.20744903564784,29,0.9486766683540192,1.0,0.9144611139233654,0.016588865301247164,0.0,0.9381303512462623,1.0,0.8968839187437705,0.009292290845126505,0.0,0.9300927618183032,1.0,0.8834879363638387,0.016820260924857163,0.0,0.9300927618183032,1.0,0.8834879363638387,0.016588865301247164,0.0,0
s20_walk,20,walk,70.0,26.862795016483695,83,83.10249307479127,0.8234062156731607,89.90416353367432,30,83.75650133065203,34,158.52444606432158,21,89.90416353367432,30,89.90416353367432,30,89.90416353367432,30,158.52444606432158,21,158.52444606432158,21,0.9643734029721273,1.0,0.9406223382868788,0.017042515178102,0.0,0.9628939945898445,1.0,0.9381566576497408,0.00849389358399323,0.0,0.9323425438415621,1.0,0.8872375730692702,0.016827761229453522,0.0,0.9323425438415621,1.0,0.8872375730692702,0.017042515178102,0.0,0
s20_walk,20,walk,130.0,26.462977093032936,84,85.34850640113763,0.7855661099050374,85.2936105461599,29,138.51428408850737,30,200.4993765576342,17,85.2936105461599,29,85.2936105461599,29,85.2936105461599,29,200.4993765576342,17,200.4993765576342,17,0.9789195842138345,1.0,0.9648659736897242,0.013953710754441007,0.0,0.9783600194421884,1.0,0.9639333657369807,0.007835005702880371,0.0,0.9256482973364156,1.0,0.8760804955606927,0.014031819204957035,0.0,0.9256482973364156,1.0,0.8760804955606927,0.013953710754441007,0.0,0
s20_walk,20,walk,190.0,25.67122444889961,86,86.45533141210342,0.7963772877825812,152.84796367632774,33,97.87017640002203,29,179.4993036198191,26,152.84796367632774,33,152.84796367632774,33,152.84796367632774,33,179.4993036198191,26,179.4993036198191,26,0.9762899745142296,1.0,0.9604832908570494,0.014252789078504878,0.0,0.9694039376413788,1.0,0.9490065627356312,0.00751219352726226,0.0,0.9543563905060843,1.0,0.9239273175101406,0.014208146277708425,0.0,0.9543563905060843,1.0,0.9239273175101406,0.014252789078504878,0.0,0
s20_walk,20,walk,250.0,20.1399597201213,90,91.4634146341475,1.0572278465813691,93.719439463397,13,141.84057952504284,17,148.24463089176382,18,93.719439463397,13,93.719439463397,13,93.719439463397,13,148.24463089176382,18,148.24463089176382,18,0.9730693759097571,1.0,0.9551156265162617,0.016463945517236928,0.23333333333333334,0.9704285413090286,1.0,0.9507142355150475,0.009142260877379542,0.0,0.9557319546255119,1.0,0.9268940469247791,0.01630275484572892,0.23333333333333334,0.9557319546255119,1.0,0.9268940469247791,0.016463945517236928,0.23333333333333334,0
s20_walk,20,walk,310.0,23.78011723906815,84,85.59201141226899,0.905492250377358,92.77212224944876,31,87.19921848103745,28,188.6354508922788,13,92.77212224944876,31,92.77212224944876,31,92.77212224944876,31,188.6354508922788,13,188.6354508922788,13,0.973443392903373,1.0,0.9557389881722883,0.014879047171009852,0.0,0.9749439145940334,1.0,0.9582398576567224,0.008362515975678657,0.0,0.9571264730386057,1.0,0.9285441217310094,0.01468101145348993,0.0,0.9571264730386057,1.0,0.9285441217310094,0.014879047171009852,0.0,0
s20_walk,20,walk,370.0,24.795635289535326,86,87.46355685130743,0.8991494321529496,99.8938830899464,34,85.09956218377958,32,111.5113564113344,24,99.8938830899464,34,99.8938830899464,34,99.8938830899464,34,111.5113564113344,24,111.5113564113344,24,0.9785270554558351,1.0,0.9643527573944681,0.014669463113178013,0.06666666666666667,0.9790739525338144,1.0,0.9651232542230239,0.008208990730064262,0.0,0.9487981081075803,1.0,0.9184013866612037,0.014658182633695243,0.06666666666666667,0.9487981081075803,1.0,0.9184013866612037,0.014669463113178013,0.06666666666666667,0
s20_sit,20,sit,10.0,28.678802000964367,77,79.78723404255369,0.020611602871803504,89.90735972840784,61,172.60530870339008,28,33.48631561299829,76,89.90735972840784,61,89.90735972840784,61,89.90735972840784,61,33.48631561299829,76,33.48631561299829,76,0.9680314534881367,1.0,0.9467190891468945,0.004789971798574267,0.0,0.9314114051124345,1.0,0.8856856751873908,0.0005087543358114293,0.0,0.9767265187295588,1.0,0.9612108645492649,0.0047326342672050865,0.0,0.9767210600175503,1.0,0.9612017666959172,0.004789971798574267,0.0,0
s20_sit,20,sit,70.0,33.34666400106603,79,80.86253369272188,0.020846666627239784,81.20109002517513,48,163.5681676077147,34,37.48777578535879,76,81.20109002517513,48,81.20109002517513,48,81.20109002517513,48,37.48777578535879,76,37.48777578535879,76,0.9740016417546675,1.0,0.9566694029244458,0.0036393079961559707,0.0,0.9442485694235507,1.0,0.9071597945076173,0.00042423352680981234,0.0,0.9803158902166622,1.0,0.9671931503611038,0.0036732494949336322,0.0,0.9803158902166622,1.0,0.9671931503611038,0.0036393079961559707,0.0,0
s20_sit,20,sit,130.0,40.59348452542137,72,74.34944237918327,0.020847354083601694,107.87819482190451,62,180.55470085267788,41,43.763886685002944,73,107.87819482190451,62,107.87819482190451,62,107.87819482190451,62,43.763886685002944,73,43.763886685002944,73,0.9626277659343109,1.0,0.9377129432238515,0.004571219555855588,0.0,0.9509778719284219,1.0,0.9187694318730812,0.0005704535492401103,0.0,0.9690337450169635,1.0,0.9483895750282726,0.004541254575538988,0.0,0.9690337450169635,1.0,0.9483895750282726,0.004571219555855588,0.0,0
s20_sit,20,sit,190.0,35.739334073261865,81,84.03361344537831,0.020348898144786576,59.28536158581354,62,125.83057392117917,22,39.20087831617416,80,59.28536158581354,62,59.28536158581354,62,59.28536158581354,62,39.20087831617416,80,39.20087831617416,80,0.9669802700254702,1.0,0.9449671167091169,0.003541937414720187,0.0,0.9485907584417311,1.0,0.9143179307362186,0.0005360270886472428,0.0,0.9732578316719016,1.0,0.9554297194531692,0.0035444385059220703,0.0,0.9732578316719016,1.0,0.9554297194531692,0.003541937414720187,0.0,0
s20_sit,20,sit,250.0,32.4210315639639,74,74.99999999999893,0.018313574427855823,85.38050426458359,60,114.86893311453622,40,35.721930771280675,72,85.38050426458359,60,85.38050426458359,60,85.38050426458359,60,35.721930771280675,72,35.721930771280675,72,0.9679049528944577,1.0,0.946508254824096,0.004230388478448145,0.0,0.9528386108678191,1.0,0.9213976847796985,0.0004650430603417088,0.0,0.9720002072799298,1.0,0.953333678799883,0.004204042816331428,0.0,0.9720002072799298,1.0,0.953333678799883,0.004230388478448145,0.0,0
s20_sit,20,sit,310.0,28.68938969516937,75,74.81296758105073,0.018007740832584766,72.40121189504336,63,119.20277817895602,44,34.87119154832539,76,72.40121189504336,63,72.40121189504336,63,72.40121189504336,63,34.87119154832539,76,34.87119154832539,76,0.9704829970449211,1.0,0.9508049950748685,0.005133048149425078,0.0,0.9638940464922923,1.0,0.939823410820487,0.0005755253944710245,0.0,0.9727399113020301,1.0,0.9545665188367168,0.0051313732494136545,0.0,0.9727399113020301,1.0,0.9545665188367168,0.005133048149425078,0.0,0
s20_sit,20,sit,370.0,28.185273434084525,84,85.34850640113763,0.02010963693343274,80.91334684073881,67,141.06735979665885,23,33.82755973268474,80,80.91334684073881,67,80.91334684073881,67,80.91334684073881,67,33.82755973268474,80,33.82755973268474,80,0.9740820657827791,1.0,0.9568034429712985,0.003337754335251664,0.0,0.9594131066093058,1.0,0.9323551776821762,0.00045517541269392563,0.0,0.9787283657672639,1.0,0.964547276278773,0.003375387168462867,0.0,0.9787283657672639,1.0,0.964547276278773,0.003337754335251664,0.0,0
s20_sit,20,sit,430.0,29.146068917325657,76,78.84362680683356,0.030596072929933247,77.30763602798429,69,130.37421484878018,40,32.91074115113306,78,77.30763602798429,69,77.30763602798429,69,77.30763602798429,69,32.91074115113306,78,32.91074115113306,78,0.9733496739691585,1.0,0.9555827899485974,0.004300149929558759,0.0,0.9568626001258513,1.0,0.9281043335430855,0.0006824713507865743,0.0,0.9781528570369602,1.0,0.9635880950616004,0.004334425535458349,0.0,0.9781528570369602,1.0,0.9635880950616004,0.004300149929558759,0.0,0
s21_walk,21,walk,10.0,13.116433064158093,99,100.6711409395973,0.5768882728758785,65.83710055526298,85,193.27143129248606,14,22.156468376279893,100,65.83710055526298,85,65.83710055526298,85,65.83710055526298,85,22.156468376279893,100,22.156468376279893,100,0.9742072860663316,1.0,0.957012143443886,0.005980355459250226,0.0,0.9557077145169459,1.0,0.9261795241949098,0.001932318223388741,0.0,0.9836253796062973,1.0,0.9727089660104953,0.0059416454466156045,0.0,0.9834843027952778,1.0,0.9724738379921296,0.005980355459250226,0.0,0
s21_walk,21,walk,70.0,18.153931182840157,93,93.74999999999991,0.5118351001036265,62.2968608872429,90,223.862202513702,15,24.934697319895076,93,62.2968608872429,90,62.2968608872429,90,62.2968608872429,90,24.934697319895076,93,24.934697319895076,93,0.9788570477607621,1.0,0.9647617462679368,0.005525093758178029,0.0,0.9485944821301557,1.0,0.9143241368835929,0.001538690093990953,0.0,0.9856224833862179,1.0,0.9760374723103633,0.0055297301955520295,0.0,0.9856224833862179,1.0,0.9760374723103633,0.005525093758178029,0.0,0
s21_walk,21,walk,130.0,19.630278298767198,93,94.33962264151008,0.6127693387209192,59.482789504116326,90,266.70833007863354,19,26.876391601774127,95,59.482789504116326,90,59.482789504116326,90,59.482789504116326,90,26.876391601774127,95,26.876391601774127,95,0.9781652829622636,1.0,0.9636088049371059,0.006425736066106169,0.0,0.9488799043133946,1.0,0.9147998405223244,0.0015782503765887266,0.0,0.9847951975510539,1.0,0.9746586625850899,0.006414135029661622,0.0,0.9847951975510539,1.0,0.9746586625850899,0.006425736066106169,0.0,0
s21_walk,21,walk,190.0,19.161303597500527,91,90.90909090909138,0.5838817854255978,87.28587245030988,86,263.18849104431183,23,25.01110864307209,91,87.28587245030988,86,87.28587245030988,86,87.28587245030988,86,25.01110864307209,91,25.01110864307209,91,0.9722032882772919,1.0,0.9536721471288199,0.007336264712975363,0.0,0.9387700007030984,1.0,0.8979500011718307,0.0016851441916540667,0.0,0.9826123370898235,1.0,0.9710205618163726,0.007331748212421253,0.0,0.9826123370898235,1.0,0.9710205618163726,0.007336264712975363,0.0,0
s21_walk,21,walk,250.0,18.380497725287736,90,92.02453987730247,0.5727925982543619,70.02645002928324,82,251.2220133666634,25,26.415945900198196,92,70.02645002928324,82,70.02645002928324,82,70.02645002928324,82,26.415945900198196,92,26.415945900198196,92,0.9795334897736828,1.0,0.9658891496228047,0.007093056044054704,0.0,0.9408656348424137,1.0,0.9014427247373562,0.0014653764368382002,0.0,0.98766454619083,1.0,0.9794409103180501,0.007056980099185902,0.0,0.98766454619083,1.0,0.9794409103180501,0.007093056044054704,0.0,0
s21_walk,21,walk,310.0,19.913449087122242,89,89.2857142857109,0.5742060620250291,96.3158563583718,87,239.8176390510089,25,26.111648393354677,89,96.3158563583718,87,96.3158563583718,87,96.3158563583718,87,26.111648393354677,89,26.111648393354677,89,0.9731680598995192,1.0,0.9552800998325319,0.0075486301778981335,0.0,0.9470674594540957,1.0,0.9117790990901594,0.0015257489767075447,0.0,0.9852396234906997,1.0,0.9753993724844994,0.007552177334400693,0.0,0.9852396234906997,1.0,0.9753993724844994,0.0075486301778981335,0.0,0
s21_walk,21,walk,370.0,25.61342653858939,85,86.95652173913072,0.5222488529630815,94.1513339481206,77,168.20480713361655,29,27.949534353692464,86,94.1513339481206,77,94.1513339481206,77,94.1513339481206,77,27.949534353692464,86,27.949534353692464,86,0.9719213986681656,1.0,0.9532023311136094,0.007645177793613655,0.0,0.9304758101202367,1.0,0.8841263502003945,0.0014608793806903818,0.0,0.9822420396693616,1.0,0.9704033994489362,0.007674011819160557,0.0,0.9822420396693616,1.0,0.9704033994489362,0.007645177793613655,0.0,0
s21_sit,21,sit,10.0,30.268283963325565,72,72.55139056831908,0.01918210554199851,155.99908424639642,71,191.0091169515756,59,31.42171134203183,72,155.99908424639642,71,155.99908424639642,71,155.99908424639642,71,31.42171134203183,72,31.42171134203183,72,0.9619425323722399,1.0,0.9365708872870665,0.004633542557776626,0.0,0.9544493911676823,1.0,0.924082318612804,0.0008480258177956106,0.0,0.9858295096454519,1.0,0.9763825160757531,0.0046814866328572825,0.0,0.985436636837449,1.0,0.9757277280624148,0.004633542557776626,0.0,0
s21_sit,21,sit,70.0,24.47587573817602,74,75.09386733416775,0.016121154278271793,99.95269151223762,75,151.91671575106594,62,28.448784391135824,76,99.95269151223762,75,99.95269151223762,75,99.95269151223762,75,28.448784391135824,76,28.448784391135824,76,0.9692461099084941,1.0,0.948743516514157,0.0051792837021947865,0.0,0.9595367342499934,1.0,0.932561223749989,0.0009805729087667158,0.0,0.9849048287970462,1.0,0.9748413813284105,0.0052418097949764215,0.0,0.9849048287970462,1.0,0.9748413813284105,0.0051792837021947865,0.0,0
s21_sit,21,sit,130.0,25.028591245749116,80,80.75370121130607,0.01722939819737727,44.778657920132055,79,143.06841520255765,71,28.35048500466967,81,44.778657920132055,79,44.778657920132055,79,44.778657920132055,79,28.35048500466967,81,28.35048500466967,81,0.98411187152098,1.0,0.9735197858683,0.005141538377054975,0.0,0.9611758553531837,1.0,0.9352930922553062,0.0010382731928784122,0.0,0.9837720293274295,1.0,0.9729533822123824,0.005206011608208163,0.0,0.9837720293274295,1.0,0.9729533822123824,0.005141538377054975,0.0,0
s21_sit,21,sit,190.0,30.011401342266403,77,76.53061224489876,0.01670281470953753,37.68647330635052,75,179.84368212422697,65,35.206159748125415,77,37.68647330635052,75,37.68647330635052,75,37.68647330635052,75,35.206159748125415,77,35.206159748125415,77,0.9783882386582567,1.0,0.9639803977637611,0.005083559543275328,0.0,0.9608009503810326,1.0,0.9346682506350544,0.0010686191596417402,0.0,0.9794758033311306,1.0,0.9657930055518844,0.005097758182441413,0.0,0.9794758033311306,1.0,0.9657930055518844,0.005083559543275328,0.0,0
s21_sit,21,sit,250.0,28.112020814693583,78,80.42895442359149,0.017196716870776063,42.20584477691844,76,124.40483310547063,65,32.782366362174,80,42.20584477691844,76,42.20584477691844,76,42.20584477691844,76,32.782366362174,80,32.782366362174,80,0.97819802713706,1.0,0.9636633785617668,0.004917268209866936,0.0,0.9602267196842273,1.0,0.9337111994737122,0.0010174503432842288,0.0,0.9794608201584971,1.0,0.9657680335974952,0.00494862330394863,0.0,0.9794608201584971,1.0,0.9657680335974952,0.004917268209866936,0.0,0
s21_sit,21,sit,310.0,32.111817624796615,78,78.02340702210608,0.01755991257782509,87.96679995735234,77,157.65539597678546,68,36.751181622491416,78,87.96679995735234,77,87.96679995735234,77,87.96679995735234,77,36.751181622491416,78,36.751181622491416,78,0.9729471682117541,1.0,0.9549119470195903,0.005060481897460866,0.0,0.9633253505632271,1.0,0.9388755842720451,0.0009653414087378409,0.0,0.9809030134780958,1.0,0.9681716891301595,0.0049918386134372335,0.0,0.9809030134780958,1.0,0.9681716891301595,0.005060481897460866,0.0,0
s21_sit,21,sit,370.0,21.963855738558934,74,74.81296758104543,0.017177981607093815,24.850906775559874,75,160.09415038127213,74,26.457513110645905,75,24.850906775559874,75,24.850906775559874,75,24.850906775559874,75,26.457513110645905,75,26.457513110645905,75,0.9868526441673815,1.0,0.9780877402789693,0.0053014086916738775,0.0,0.9608790130091591,1.0,0.9347983550152652,0.0010077965918381562,0.0,0.9868215135901971,1.0,0.9780358559836617,0.005219726829095795,0.0,0.9868215135901971,1.0,0.9780358559836617,0.0053014086916738775,0.0,0
s21_run,21,run,10.0,17.985657368241426,94,94.48818897637825,1.668007073884394,53.64942562195068,93,202.8098079034103,23,27.04771612111494,96,53.64942562195068,93,53.64942562195068,93,53.64942562195068,93,27.04771612111494,96,27.04771612111494,96,0.9866220785051244,1.0,0.9777034641752074,0.007032376869423759,0.0,0.9503669895619055,1.0,0.9172783159365091,0.002241991843706278,0.0,0.9880029587219525,1.0,0.9800049312032542,0.006881829933599353,0.0,0.9881115544248613,1.0,0.9801859240414357,0.007032376869423759,0.0,0
s21_run,21,run,70.0,20.938647671044293,90,90.09009009009053,1.663793433710066,38.94698280842199,84,180.31916148873364,41,28.00481499530658,90,38.94698280842199,84,38.94698280842199,84,38.94698280842199,84,28.00481499530658,90,28.00481499530658,90,0.9797273310231039,1.0,0.9662122183718399,0.007413546807983353,0.0,0.963745607752537,1.0,0.9395760129208952,0.0034905330979972016,0.0,0.9848421087108739,1.0,0.9747368478514563,0.007337032534990775,0.0,0.9848421087108739,1.0,0.9747368478514563,0.007413546807983353,0.0,0
s21_run,21,run,130.0,25.266026458929183,87,89.82035928143627,1.3680682085612679,97.83175676424781,77,170.84756038319333,28,36.19706165874894,89,97.83175676424781,77,97.83175676424781,77,97.83175676424781,77,36.19706165874894,89,36.19706165874894,89,0.9714930312212976,1.0,0.9524883853688293,0.005743316994608377,0.0,0.9673698887896296,1.0,0.9456164813160493,0.0032638022875477158,0.0,0.9841770434649875,1.0,0.9736284057749791,0.005753934502736159,0.0,0.9841770434649875,1.0,0.9736284057749791,0.005743316994608377,0.0,0
s21_run,21,run,190.0,21.3232576939185,92,93.74999999999784,1.2652435209407464,62.736509029570584,93,219.31712199461307,29,29.314512776791283,92,62.736509029570584,93,62.736509029570584,93,62.736509029570584,93,29.314512776791283,92,29.314512776791283,92,0.9808000104162955,1.0,0.9680000173604926,0.006831300458660022,0.0,0.9656594961872901,1.0,0.9427658269788167,0.0033035475791981022,0.0,0.9821828400542052,1.0,0.9703047334236754,0.006855753886215662,0.0,0.9821828400542052,1.0,0.9703047334236754,0.006831300458660022,0.0,0
s21_run,21,run,250.0,19.748986604636958,90,91.32420091324447,1.1501566533058152,72.3500090499221,85,177.50922175910696,22,25.22426879542272,92,72.3500090499221,85,72.3500090499221,85,72.3500090499221,85,25.22426879542272,92,25.22426879542272,92,0.9788241067781247,1.0,0.9647068446302078,0.00763641877782162,0.0,0.9632829672240829,1.0,0.9388049453734716,0.002723150565988954,0.0,0.9867001328027036,1.0,0.9778335546711725,0.007580255219757621,0.0,0.9867001328027036,1.0,0.9778335546711725,0.00763641877782162,0.0,0
s21_run,21,run,310.0,18.510096053607572,94,94.93670886075874,1.0661967992205224,49.526493548588626,88,170.40393187951972,25,27.454752609707032,94,49.526493548588626,88,49.526493548588626,88,49.526493548588626,88,27.454752609707032,94,27.454752609707032,94,0.9798198458551257,1.0,0.9663664097585428,0.005364796911317072,0.0,0.9611549172006031,1.0,0.9352581953343384,0.003328077901506972,0.0,0.9821423745736804,1.0,0.9702372909561341,0.005374579860113816,0.0,0.9821423745736804,1.0,0.9702372909561341,0.005364796911317072,0.0,0
s21_run,21,run,370.0,27.195587877444332,91,93.45794392523425,1.124069588946885,50.02499375312305,81,221.86195544240402,23,34.18301129025302,93,50.02499375312305,81,50.02499375312305,81,50.02499375312305,81,34.18301129025302,93,34.18301129025302,93,0.9808872354759036,1.0,0.9681453924598393,0.00416287216841224,0.0,0.9624952642173563,1.0,0.9374921070289273,0.003898325219572541,0.0,0.9847139998619977,1.0,0.9745233331033296,0.004211299163066513,0.0,0.9847139998619977,1.0,0.9745233331033296,0.00416287216841224,0.0,0
s22_walk,22,walk,10.0,24.716655183868998,93,94.33962264151008,0.5099460329578187,69.02380541730305,85,215.90121197745356,16,30.95261727429576,94,69.02380541730305,85,69.02380541730305,85,69.02380541730305,85,30.95261727429576,94,30.95261727429576,94,0.941906484094161,1.0,0.9031774734902683,0.006445963724014861,0.0,0.9582216645757825,1.0,0.9303694409596375,0.0028959445765903797,0.0,0.9570598548810085,1.0,0.9284330914683476,0.00653242584523157,0.0,0.9570598548810085,1.0,0.9284330914683476,0.006445963724014861,0.0,0
s22_walk,22,walk,70.0,26.63716316612022,92,93.31259720062198,0.3942403952942573,54.14236186977079,87,275.9099776910463,20,28.760631304675464,93,54.14236186977079,87,54.14236186977079,87,54.14236186977079,87,28.760631304675464,93,28.760631304675464,93,0.9735909393359341,1.0,0.9559848988932236,0.0074902469754926536,0.0,0.950088615685363,1.0,0.916814359475605,0.0028949668123557327,0.0,0.9813558821347215,1.0,0.9689264702245357,0.007569435944487321,0.0,0.9813558821347215,1.0,0.9689264702245357,0.0074902469754926536,0.0,0
s22_walk,22,walk,130.0,22.712965193445967,100,100.84033613445156,0.4770892808573344,44.04837954181448,78,301.36055119770043,12,30.53969985652663,102,44.04837954181448,78,44.04837954181448,78,44.04837954181448,78,30.53969985652663,102,30.53969985652663,102,0.9774940408234261,1.0,0.9624900680390434,0.007042508982540624,0.0,0.9483129232114178,1.0,0.9138548720190297,0.003536780814830323,0.0,0.9789714221358641,1.0,0.96495237022644,0.007103275298767408,0.0,0.9789714221358641,1.0,0.96495237022644,0.007042508982540624,0.0,0
s22_walk,22,walk,190.0,29.391011873488853,96,98.84678747940703,0.600922684718596,65.20185619506589,79,209.3028721916933,14,32.293298729878046,92,65.20185619506589,79,65.20185619506589,79,65.20185619506589,79,32.293298729878046,92,32.293298729878046,92,0.9727624273459243,1.0,0.9546040455765403,0.008148320194613113,0.0,0.9487965532428925,1.0,0.9146609220714875,0.003388635827873064,0.0,0.9804272822926865,1.0,0.9673788038211442,0.008157215051321678,0.0,0.9804272822926865,1.0,0.9673788038211442,0.008148320194613113,0.0,0
s22_walk,22,walk,250.0,23.68409107846361,95,96.4630225080364,0.5030378964099455,60.99401831548951,75,207.78193697560272,16,27.249829201104394,95,60.99401831548951,75,60.99401831548951,75,60.99401831548951,75,27.249829201104394,95,27.249829201104394,95,0.9723070808752541,1.0,0.9538451347920902,0.009661994516216105,0.0,0.9489525025548404,1.0,0.9149208375914006,0.002413039953337732,0.0,0.9776634964556781,1.0,0.9627724940927969,0.00971179522988255,0.0,0.9776634964556781,1.0,0.9627724940927969,0.009661994516216105,0.0,0
s22_walk,22,walk,310.0,20.22400866088881,96,98.84678747940703,0.40251351113211287,59.366019946803945,75,244.08384435870204,14,24.974213505257488,98,59.366019946803945,75,59.366019946803945,75,59.366019946803945,75,24.974213505257488,98,24.974213505257488,98,0.9737253786343685,1.0,0.9562089643906142,0.00927755599401427,0.0,0.9414884281441963,1.0,0.9024807135736604,0.002432428889028187,0.0,0.9763227895610255,1.0,0.9605379826017091,0.009265187433513775,0.0,0.9763227895610255,1.0,0.9605379826017091,0.00927755599401427,0.0,0
s22_walk,22,walk,370.0,21.780334678865962,95,95.5414012738875,0.5375035671750227,60.48996730515163,84,192.1348210858308,20,29.8416875492904,96,60.48996730515163,84,60.48996730515163,84,60.48996730515163,84,29.8416875492904,96,29.8416875492904,96,0.9703041481909497,1.0,0.9505069136515828,0.008151224311262624,0.0,0.9343846500942985,1.0,0.8906410834904974,0.003007757497456088,0.0,0.9780596661733921,1.0,0.9634327769556534,0.008116239033218689,0.0,0.9780596661733921,1.0,0.9634327769556534,0.008151224311262624,0.0,0
s22_run,22,run,10.0,22.906675653042004,96,97.08737864077666,1.8691817129214428,73.39851341922328,80,258.4041936051489,23,28.835059808457192,90,73.39851341922328,80,73.39851341922328,80,73.39851341922328,80,28.835059808457192,90,28.835059808457192,90,0.9763752804365301,1.0,0.9606254673942168,0.007871769017241783,0.0,0.9315690634985575,1.0,0.8859484391642626,0.008777178141712038,0.0,0.977562958948207,1.0,0.962604931580345,0.007932837760257053,0.0,0.977562958948207,1.0,0.962604931580345,0.007871769017241783,0.0,0
s22_run,22,run,70.0,20.734949827041635,98,98.84678747940703,2.1457693379954095,42.64878566757697,75,185.85836901612296,31,32.50693819675786,98,42.64878566757697,75,42.64878566757697,75,42.64878566757697,75,32.50693819675786,98,32.50693819675786,98,0.9697357163940215,1.0,0.949559527323369,0.008682451818340937,0.0,0.9515373364804748,1.0,0.9192288941341247,0.007235832253994795,0.0,0.9823110707798701,1.0,0.9705184512997835,0.008626875996418402,0.0,0.9823110707798701,1.0,0.9705184512997835,0.008682451818340937,0.0,0
s22_run,22,run,130.0,25.038465032482673,94,95.54140127388533,1.859097641076161,64.59219688734993,80,214.02102700435768,21,36.43706319763003,95,64.59219688734993,80,64.59219688734993,80,64.59219688734993,80,36.43706319763003,95,36.43706319763003,95,0.9702775679215727,1.0,0.950462613202621,0.009133485958942696,0.0,0.9582384603933554,1.0,0.9303974339889255,0.007409785682413075,0.0,0.9730462561934068,1.0,0.9550770936556779,0.009234134333088163,0.0,0.9730462561934068,1.0,0.9550770936556779,0.009133485958942696,0.0,0
s22_run,22,run,190.0,26.46244262280303,93,94.33962264150585,1.3154144308247047,70.56113122276754,72,303.34498812108603,23,32.581259360842104,92,70.56113122276754,72,70.56113122276754,72,70.56113122276754,72,32.581259360842104,92,32.581259360842104,92,0.9727291220930692,1.0,0.954548536821782,0.0099067857357188,0.0,0.9530705126308592,1.0,0.9217841877180986,0.005055662773966494,0.0,0.9811510800185751,1.0,0.9685851333642919,0.009924958578028454,0.0,0.9811510800185751,1.0,0.9685851333642919,0.0099067857357188,0.0,0
s22_run,22,run,250.0,17.94993036198449,101,103.09278350515577,1.1977476619544416,63.17269563414411,77,188.34808201837362,21,26.515301704672265,99,63.17269563414411,77,63.17269563414411,77,63.17269563414411,77,26.515301704672265,99,26.515301704672265,99,0.9711894708450539,1.0,0.9519824514084231,0.009385805099682822,0.0,0.9495958046251245,1.0,0.9159930077085409,0.005461798285542342,0.0,0.9787344623165848,1.0,0.9645574371943078,0.00937581708080844,0.0,0.9787344623165848,1.0,0.9645574371943078,0.009385805099682822,0.0,0
s22_run,22,run,310.0,20.971261631896585,98,100.00000000000095,1.085328544873489,47.94441225697387,76,261.73919730794506,28,26.41891715558133,99,47.94441225697387,76,47.94441225697387,76,47.94441225697387,76,26.41891715558133,99,26.41891715558133,99,0.9742963179409441,1.0,0.9571605299015735,0.009724358273329419,0.0,0.9486285701308709,1.0,0.9143809502181182,0.00462964798182942,0.0,0.9788863613499731,1.0,0.9648106022499552,0.009765999626617977,0.0,0.9788863613499731,1.0,0.9648106022499552,0.009724358273329419,0.0,0
s22_run,22,run,370.0,23.584023947730685,98,99.6677740863734,1.206629489322866,56.04022063762708,80,165.38356671063494,30,29.137254363387342,99,56.04022063762708,80,56.04022063762708,80,56.04022063762708,80,29.137254363387342,99,29.137254363387342,99,0.9752443542246316,1.0,0.9587405903743861,0.010993649833698091,0.0,0.9325807609143281,1.0,0.8876346015238802,0.0056346547076153025,0.0,0.9801044052740109,1.0,0.9668406754566847,0.010990958156764898,0.0,0.9801044052740109,1.0,0.9668406754566847,0.010993649833698091,0.0,0
s22_sit,22,sit,10.0,36.19571618479001,78,78.32898172323779,0.01906661258575841,83.27212363896135,74,73.1057073315377,73,37.416573867739416,80,83.27212363896135,74,83.27212363896135,74,83.27212363896135,74,37.416573867739416,80,37.416573867739416,80,0.9689763970670822,1.0,0.9482939951118036,0.006681025086136563,0.0,0.9754224560042711,1.0,0.9590374266737851,0.0006975125515648237,0.0,0.9738456793146495,1.0,0.9564094655244159,0.006873228195115183,0.0,0.9740903506261355,1.0,0.9568172510435591,0.006681025086136563,0.0,0
s22_sit,22,sit,70.0,26.823869966878778,76,76.23888182973326,0.019071398879571398,67.44831623042076,70,71.06335201775947,77,28.95095671539789,77,67.44831623042076,70,67.44831623042076,70,67.44831623042076,70,28.95095671539789,77,28.95095671539789,77,0.9779292185090724,1.0,0.9632153641817873,0.00628759338609111,0.0,0.9772617206129851,1.0,0.9621028676883085,0.0007679487149471369,0.0,0.9816620873724324,1.0,0.9694368122873873,0.006361287994205624,0.0,0.9816620873724324,1.0,0.9694368122873873,0.00628759338609111,0.0,0
s22_sit,22,sit,130.0,32.924155266308446,85,86.70520231213781,0.019403144554868378,69.59766961930806,74,86.4952517276444,71,35.33849917313303,85,69.59766961930806,74,69.59766961930806,74,69.59766961930806,74,35.33849917313303,85,35.33849917313303,85,0.975034310236381,1.0,0.958390517060635,0.006210643130510731,0.0,0.9715738087908214,1.0,0.952623014651369,0.0006891076294891156,0.0,0.9769524900800195,1.0,0.9615874834666992,0.006188875075353102,0.0,0.9769524900800195,1.0,0.9615874834666992,0.006210643130510731,0.0,0
s22_sit,22,sit,190.0,35.58020825560747,83,84.03361344537831,0.02017089985247898,74.31464638055319,76,67.18208716481571,68,38.43316840614289,84,74.31464638055319,76,74.31464638055319,76,74.31464638055319,76,38.43316840614289,84,38.43316840614289,84,0.9697549549925661,1.0,0.949591591654277,0.00625057550726341,0.0,0.9709441397133104,1.0,0.9515735661888506,0.0008632983663772023,0.0,0.9745224192519746,1.0,0.9575373654199577,0.006266678509877804,0.0,0.9745224192519746,1.0,0.9575373654199577,0.00625057550726341,0.0,0
s22_sit,22,sit,250.0,35.191782257530974,79,79.15567282321501,0.01997268223899617,78.84721375472387,78,73.94353966928774,69,34.366860215636244,75,78.84721375472387,78,78.84721375472387,78,78.84721375472387,78,34.366860215636244,75,34.366860215636244,75,0.9675935733438041,1.0,0.9459892889063402,0.0066359429816627334,0.0,0.9695224458336094,1.0,0.949204076389349,0.0009205972320522617,0.0,0.9741416803602818,1.0,0.9569028006004696,0.006599008396675481,0.0,0.9741416803602818,1.0,0.9569028006004696,0.0066359429816627334,0.0,0
s22_sit,22,sit,310.0,34.62889680349431,82,82.75862068965257,0.02032879842336026,76.49048078547847,64,94.75113602367931,73,32.791899029719346,82,76.49048078547847,64,76.49048078547847,64,76.49048078547847,64,32.791899029719346,82,32.791899029719346,82,0.9685340157768667,1.0,0.9475566929614444,0.006384715861345272,0.0,0.9681601687575869,1.0,0.9469336145959784,0.0008939385937613241,0.0,0.9739252247416245,1.0,0.9565420412360407,0.006350182155073689,0.0,0.9739252247416245,1.0,0.9565420412360407,0.006384715861345272,0.0,0
s22_sit,22,sit,370.0,34.005347173108895,78,78.43137254901809,0.020086138670272424,71.45670441645491,67,82.77785883340712,70,39.18472965294878,80,71.45670441645491,67,71.45670441645491,67,71.45670441645491,67,39.18472965294878,80,39.18472965294878,80,0.9680213848467346,1.0,0.946702308077891,0.006141198931914938,0.0,0.9646331591221325,1.0,0.9410552652035542,0.0008584242285073966,0.0,0.9683406242393968,1.0,0.9472343737323281,0.006124036444751551,0.0,0.9683406242393968,1.0,0.9472343737323281,0.006141198931914938,0.0,0
