filtered,peak,sqi_after
0.0,0,0.0
472.1901809783729,0,0.0
2227.4600974394684,0,0.0
5357.791893535685,0,0.0
9408.547084072756,0,0.0
14000.239693839372,0,0.0
18823.377287815503,0,0.0
23632.116800540287,0,0.0
28236.8337495285,0,0.0
32496.220208452665,0,0.0
36310.4875812505,0,0.0
39615.43588549611,0,0.0
42376.17399074507,0,0.0
44581.64040933399,0,0.0
46239.097219627845,0,0.0
47370.14075020531,0,0.0
48008.42953357766,0,0.0
48195.15251665691,0,0.0
47975.01121632115,0,0.0
47395.466661374034,0,0.0
46505.29924879539,0,0.0
45352.14486578025,0,0.0
43981.18516074548,0,0.0
42434.194575422785,0,0.0
40749.06665103928,0,0.0
38960.14039041505,0,0.0
37098.49147927133,0,0.0
35192.13631710597,0,0.0
33265.78760537178,0,0.0
31339.31517729568,0,0.0
29427.425837091872,0,0.0
27542.409689238502,0,0.0
25695.784478717265,0,0.0
23897.10317495138,0,0.0
22152.97756062528,0,0.0
20467.799206616182,0,0.0
18844.46896765248,0,0.0
17284.001647232228,0,0.0
15786.145129973493,0,0.0
14350.830167489146,0,0.0
12977.793810886189,0,0.0
11665.246354253568,0,0.0
10410.162856385314,0,0.0
9209.341772389387,0,0.0
8059.347025179634,0,0.0
6956.876417013087,0,0.0
5899.705596191169,0,0.0
4886.121893686322,0,0.0
3913.921845936775,0,0.0
2980.6594683046446,0,0.0
2084.0062726111914,0,0.0
1221.7299320103245,0,0.0
392.1261697627752,0,0.0
-405.8966511200638,0,0.0
-1173.2418929738858,0,0.0
-1911.4738989531538,0,0.0
-2622.8790431709526,0,0.0
-3308.7846035504463,0,0.0
-3969.4606901594384,0,0.0
-4605.371510227646,0,0.0
-5216.882953308263,0,0.0
-5803.915829822525,0,0.0
-6366.692557741332,0,0.0
-6905.998599998243,0,0.0
-7422.631617958975,0,0.0
-7917.301059767533,0,0.0
-8390.834014801785,0,0.0
-8843.569551554858,0,0.0
-9275.185837022153,0,0.0
-9685.89094496996,0,0.0
-10076.946147691018,0,0.0
-10449.483544039545,0,0.0
-10803.435717684553,0,0.0
-11138.279345975778,0,0.0
-11454.238790601723,0,0.0
-11752.373343920875,0,0.0
-12033.599953605159,0,0.0
-12298.14620740899,0,0.0
-12546.396599403935,0,0.0
-12779.358401921103,0,0.0
-12998.213700707827,0,0.0
-13203.218435073672,0,0.0
-13392.81888834288,0,0.0
-13565.30018210842,0,0.0
-13720.88673459793,0,0.0
-13861.18940147328,0,0.0
-13988.099993879077,0,0.0
-14102.969833764819,0,0.0
-14205.62259746009,0,0.0
-14295.203858821593,0,0.0
-14371.786799830104,0,0.0
-14436.315383871117,0,0.0
-14489.67814161332,0,0.0
-14532.217989153132,0,0.0
-14564.022271370803,0,0.0
-14585.32533767756,0,0.0
-14596.382438052326,0,0.0
-14597.508861647591,0,0.0
-14589.143335863906,0,0.0
-14571.801054466985,0,0.0
-14546.34594266183,0,0.0
-14513.906646923966,0,0.0
-14475.388952270532,0,0.0
-14430.800804114417,0,0.0
-14379.382676756144,0,0.0
-14320.770195030611,0,0.0
-14254.850634887918,0,0.0
-14181.373156764046,0,0.0
-14100.699290857672,0,0.0
-14013.545058426982,0,0.0
-13920.484385456904,0,0.0
-13822.216614557014,0,0.0
-13719.355379914887,0,0.0
-13612.558211635589,0,0.0
-13502.624716233351,0,0.0
-13390.129462927354,0,0.0
-13275.904337821588,0,0.0
-13161.344752438505,0,0.0
-13048.099434328762,0,0.0
-12937.643823572573,0,0.0
-12830.475742540944,0,0.0
-12725.807910847107,0,0.0
-12622.677903608102,0,0.0
-12520.911833279772,0,0.0
-12420.478082802369,0,0.0
-12320.747731745183,0,0.0
-12220.117168959589,0,0.0
-12116.587075317346,0,0.0
-12009.334603779582,0,0.0
-11897.793235783505,0,0.0
-11780.239415483316,0,0.0
-11654.49429179215,0,0.0
-11518.53694017047,0,0.0
-11371.372473447522,0,0.0
-11212.884600144149,0,0.0
-11042.723646965072,0,0.0
-10860.833059654555,0,0.0
-10667.93743981009,0,0.0
-10464.98188566004,0,0.0
-10252.941760442685,0,0.0
-10033.160733034469,0,0.0
-9807.747882126965,0,0.0
-9579.457893874102,0,0.0
-9350.429765613528,0,0.0
-9121.34941117331,0,0.0
-8892.883143145236,0,0.0
-8666.84470295246,0,0.0
-8444.863946085437,0,0.0
-8227.535430747004,0,0.0
-8015.19687393599,0,0.0
-7808.740765863287,0,0.0
-7609.827380809774,0,0.0
-7419.7014984528005,0,0.0
-7237.929034129181,0,0.0
-7063.139415462234,0,0.0
-6894.505113234826,0,0.0
-6731.260914531636,0,0.0
-6571.68941124643,0,0.0
-6414.668838864549,0,0.0
-6260.810046225288,0,0.0
-6110.747848288214,0,0.0
-5964.071465395749,0,0.0
-5820.05669543419,0,0.0
-5678.032632851525,0,0.0
-5537.2601204463135,0,0.0
-5397.303367953475,0,0.0
-5258.136599738068,0,0.0
-5119.784243614495,0,0.0
-4981.828664407944,0,0.0
-4843.617064419706,0,0.0
-4704.981402236072,0,0.0
-4565.603198418871,0,0.0
-4425.478238547316,0,0.0
-4286.082483179571,0,0.0
-4148.48681918372,0,0.0
-4011.8708489959854,0,0.0
-3875.185999915369,0,0.0
-3738.466369692006,0,0.0
-3602.2972677096736,0,0.0
-3467.336531315652,0,0.0
-3334.3426076236105,0,0.0
-3204.5481520329918,0,0.0
-3079.1398623441737,0,0.0
-2958.0350568375165,0,0.0
-2840.962010054073,0,0.0
-2728.553224211476,0,0.0
-2620.839640919425,0,0.0
-2516.368244633845,0,0.0
-2413.710405062146,0,0.0
-2312.7438290012456,0,0.0
-2214.2249467699353,0,0.0
-2118.8808489243875,0,0.0
-2026.9570918819131,0,0.0
-1938.6240292529606,0,0.0
-1853.9815394940188,0,0.0
-1772.1330651023313,0,0.0
-1691.7149222208982,0,0.0
-1612.8916003204222,0,0.0
-1536.806185552263,0,0.0
-1463.3101073741202,0,0.0
-1391.7019852121068,0,0.0
-1322.4857747212125,0,0.0
-1256.3319403316173,0,0.0
-1192.6945991541934,0,0.0
-1130.371870126323,0,0.0
-1068.3676144636854,0,0.0
-1006.762274072998,0,0.0
-946.6565998651197,0,0.0
-888.607687035052,0,0.0
-832.0933866150506,0,0.0
-776.4924548862282,0,0.0
-721.8689698510965,0,0.0
-668.6491581177293,0,0.0
-616.9071990585363,0,0.0
-566.2238054831071,0,0.0
-516.0016042463841,0,0.0
-466.36690188654484,0,0.0
-418.3619249386731,0,0.0
-372.3587378889,0,0.0
-328.1098036224365,0,0.0
-286.23560321155446,0,0.0
-247.55607075203366,0,0.0
-212.1484825565027,0,0.0
-179.99497593553548,0,0.0
-151.8311446251841,0,0.0
-129.07617759754328,0,0.0
-112.57220668401557,0,0.0
-101.78306909446441,0,0.0
-95.87087260963712,0,0.0
-94.78611709886987,0,0.0
-99.06880936213093,0,0.0
-108.95995413512891,0,0.0
-123.92014249311673,0,0.0
-143.4101388131137,0,0.0
-166.89766979664824,0,0.0
-192.62831450592523,0,0.0
-218.46340209048046,0,0.0
-242.86083905794743,0,0.0
-263.51677663289945,0,0.0
-278.15325773691944,0,0.0
-286.48990319012853,0,0.0
-289.10042150075657,0,0.0
-285.6981837505484,0,0.0
-274.69050503870466,0,0.0
-254.02906767120615,0,0.0
-222.87035465307383,0,0.0
-181.82886929432178,0,0.0
-132.1054151667767,0,0.0
-74.55125603579236,0,0.0
-9.920070015097451,0,0.0
59.710633451076156,0,0.0
131.95279638545807,0,0.0
206.04569463011558,0,0.0
281.22163118839626,0,0.0
355.1063551808554,0,0.0
425.1934567555409,0,0.0
489.96359719125303,0,0.0
548.8202750691621,0,0.0
601.129194603801,0,0.0
646.2476660931375,0,0.0
684.8701632114563,0,0.0
717.598390883888,0,0.0
744.1178322341344,0,0.0
764.5023206273571,0,0.0
778.9623496721761,0,0.0
787.7782105173704,0,0.0
791.423319231371,0,0.0
790.900247511578,0,0.0
788.142970827738,0,0.0
784.5823848779013,0,0.0
780.3615588931251,0,0.0
775.3037416337087,0,0.0
770.019489592424,0,0.0
765.3798669718559,0,0.0
761.5426864920576,0,0.0
758.581466250781,0,0.0
756.4931724502242,0,0.0
754.860543069024,0,0.0
753.8031377902827,0,0.0
753.8592908046614,0,0.0
755.1881535970388,0,0.0
757.9839551783546,0,0.0
762.1347479110319,0,0.0
767.2736382960325,0,0.0
774.148976131187,0,0.0
783.6082864351222,0,0.0
794.5559091242934,0,0.0
805.0635398843508,0,0.0
814.2530050550029,0,0.0
822.0868674295613,0,0.0
828.4226079822246,0,0.0
832.7950619731496,0,0.0
834.6941540326304,0,0.0
833.9545481514522,0,0.0
831.4286760289853,0,0.0
827.9698827476874,0,0.0
823.193899772377,0,0.0
816.6346716302795,0,0.0
808.6275624565179,0,0.0
800.4435593759835,0,0.0
793.788147229957,0,0.0
788.5164204547394,0,0.0
782.1536265328234,0,0.0
772.8143294252862,0,0.0
760.8461367146332,0,0.0
747.3118771471785,0,0.0
732.2527547148306,0,0.0
715.1501504602027,0,0.0
696.0257133974136,0,0.0
675.896378589186,0,0.0
656.3563061086747,0,0.0
637.7528250531813,0,0.0
619.1670699665196,0,0.0
600.4231705814344,0,0.0
582.4628718590595,0,0.0
566.0392753914557,0,0.0
551.5227024219517,0,0.0
538.8666393659887,0,0.0
526.678573433365,0,0.0
513.6762379059845,0,0.0
500.0411730832075,0,0.0
486.3735715938655,0,0.0
473.21499610426633,0,0.0
460.8129996071229,0,0.0
448.9863518227147,0,0.0
437.70492359253967,0,0.0
426.99798236072473,0,0.0
416.44210370112614,0,0.0
404.9491789547244,0,0.0
391.5006678960665,0,0.0
376.9653349721024,0,0.0
363.2935458899488,0,0.0
350.8027884406354,0,0.0
338.3386096721278,0,0.0
325.10698467681743,0,0.0
311.19458377982664,0,0.0
296.4725638113938,0,0.0
280.0856444584989,0,0.0
261.3002098758526,0,0.0
239.6828704747991,0,0.0
214.7608649989452,0,0.0
186.17769989543947,0,0.0
153.97919084466838,0,0.0
118.47597685916712,0,0.0
79.78826561187921,0,0.0
37.922995279676286,0,0.0
-6.7991919737720075,0,0.0
-53.82805262897741,0,0.0
-103.01050741234877,0,0.0
-154.53649448025578,0,0.0
-208.2035591014555,0,0.0
-263.4378129127012,0,0.0
-318.6312204095239,0,0.0
-370.9163799791635,0,0.0
-418.1615126948589,0,0.0
-459.5227147233912,0,0.0
-494.11208753718205,0,0.0
-520.7408384633667,0,0.0
-538.5525249037119,0,0.0
-546.9283039249441,0,0.0
-545.043311085046,0,0.0
-532.3499059156424,0,0.0
-508.95502049208824,0,0.0
-475.2205740030412,0,0.0
-432.22270544251427,0,0.0
-381.99906581768977,0,0.0
-326.75692694235676,0,0.0
-268.6525307948658,0,0.0
-209.45579322608663,0,0.0
-150.38561333905847,0,0.0
-92.77130185740965,0,0.0
-37.884095925737014,0,0.0
13.27600588399472,0,0.0
59.90261738109214,0,0.0
102.00599173519507,0,0.0
139.20349962718785,0,0.0
169.97002597881587,0,0.0
193.86149507906185,0,0.0
211.66716049097033,0,0.0
224.11257697689393,0,0.0
231.83509137550269,0,0.0
235.32412135820704,0,0.0
234.96555022373664,0,0.0
231.10706653029524,0,0.0
224.2554602976984,0,0.0
215.1406468666582,0,0.0
204.41887591906504,0,0.0
193.1207625185413,0,0.0
182.97608468476028,0,0.0
175.30183576528972,0,0.0
169.71939479400305,0,0.0
165.0277269600558,0,0.0
161.26234184163502,0,0.0
159.5421823156583,0,0.0
160.24782489741318,0,0.0
162.82743867740766,0,0.0
167.573392151877,0,0.0
175.353431716782,0,0.0
185.2810709251197,0,0.0
195.3395321304433,0,0.0
204.27219841623807,0,0.0
211.99189218172893,0,0.0
219.0909466580082,0,0.0
225.4140103146636,0,0.0
230.53229053946404,0,0.0
235.26575408687376,0,0.0
240.4428768742206,0,0.0
245.51827102782195,0,0.0
249.4373368242858,0,0.0
251.86172827653002,0,0.0
253.20036196728336,0,0.0
253.48723226147098,0,0.0
252.4135146467661,0,0.0
250.42194353086222,0,0.0
247.81961907580228,0,0.0
244.20954416906747,0,0.0
239.82359275260663,0,0.0
234.90036159670575,0,0.0
229.0457504789986,0,0.0
222.58324222570687,0,0.0
216.26137256659842,0,0.0
210.15972865427483,0,0.0
203.88473179677482,0,0.0
197.2524226285915,0,0.0
190.4573308023329,0,0.0
183.69855133730894,0,0.0
177.03862296244782,0,0.0
170.43407941912355,0,0.0
163.6427047073693,0,0.0
156.4262060456438,0,0.0
148.8276359217045,0,0.0
140.85292126029015,0,0.0
132.52631942205164,0,0.0
124.26331895536775,0,0.0
116.36779002354695,0,0.0
108.57191459163914,0,0.0
100.5649885998879,0,0.0
92.42315589037368,0,0.0
84.22082509896553,0,0.0
76.00209697031356,0,0.0
68.208482460063,0,0.0
61.377987711274045,0,0.0
55.53076716483083,0,0.0
50.0333821732718,0,0.0
43.898345290407384,0,0.0
36.34712684266016,0,0.0
27.280052147118486,0,0.0
17.21252460001375,0,0.0
6.889373712897804,0,0.0
-3.2160250992345416,0,0.0
-13.38686726424158,0,0.0
-24.509069190601572,0,0.0
-37.59544417508575,0,0.0
-53.55826780960098,0,0.0
-72.86201156076369,0,0.0
-95.10653346832474,0,0.0
-119.87381341976133,0,0.0
-148.1240411249455,0,0.0
-180.89171861019477,0,0.0
-217.38787973272267,0,0.0
-256.73595783236243,0,0.0
-299.45048243184004,0,0.0
-345.9187357948947,0,0.0
-395.22796111585484,0,0.0
-445.46335954500813,0,0.0
-494.4929944782524,0,0.0
-540.7677025582569,0,0.0
-583.6388994995908,0,0.0
-621.9614024616343,0,0.0
-653.5906013491593,0,0.0
-677.1309898365425,0,0.0
-691.8344866708482,0,0.0
-696.4171993246248,0,0.0
-689.6243462424925,0,0.0
-671.3105269847987,0,0.0
-642.7482063139598,0,0.0
-605.5422347761298,0,0.0
-560.4279575048195,0,0.0
-508.1311699539734,0,0.0
-450.29963208900546,0,0.0
-388.7721644114746,0,0.0
-325.09258559093786,0,0.0
-260.8453537013752,0,0.0
-197.43362534524036,0,0.0
-136.14928753266332,0,0.0
-78.7401549555922,0,0.0
-26.729992646144247,0,0.0
19.11787128337256,0,0.0
58.47611876355444,0,0.0
91.42789687200572,0,0.0
118.67132999946935,0,0.0
141.2228915721732,0,0.0
158.81761824336058,0,0.0
170.06333913259587,0,0.0
175.12377626675175,0,0.0
175.3042096039714,0,0.0
171.68895302195997,0,0.0
165.92543160182885,0,0.0
159.32746132893945,0,0.0
152.1152250701621,0,0.0
144.20912358774908,0,0.0
135.8053848285864,0,0.0
127.43979006819444,0,0.0
119.47819816142506,0,0.0
112.60177872376075,0,0.0
107.99255736768431,0,0.0
106.18904550572111,0,0.0
106.83109654263822,0,0.0
109.3752080145046,0,0.0
113.93297991075026,0,0.0
121.1345433874103,0,0.0
130.90622295565322,0,0.0
142.74539849963958,0,0.0
156.64223290166268,0,0.0
172.08671912313775,0,0.0
187.82602182606507,0,0.0
202.7460514057184,0,0.0
215.8532256834712,0,0.0
226.40430724301473,0,0.0
234.2499348668067,0,0.0
240.2687775224087,0,0.0
245.90212554547844,0,0.0
251.82235376443086,0,0.0
257.833407979202,0,0.0
263.2940535310278,0,0.0
267.4455746406976,0,0.0
269.92730134027744,0,0.0
271.14024426319503,0,0.0
271.8602494952703,0,0.0
272.3057240911721,0,0.0
272.36445696010566,0,0.0
271.849836999158,0,0.0
270.0603944005265,0,0.0
266.0859037380557,0,0.0
259.46097445303934,0,0.0
250.731013420842,0,0.0
240.6404574357506,0,0.0
229.07378077601516,0,0.0
216.20118155985196,0,0.0
202.77473276572186,0,0.0
189.085432682238,0,0.0
175.3940773123922,0,0.0
162.28033458930386,0,0.0
149.8790381084352,0,0.0
138.07173146944794,0,0.0
127.26219274889642,0,0.0
117.64969013715783,0,0.0
108.61541982075616,0,0.0
99.69798492501509,0,0.0
91.1656606920602,0,0.0
83.2262631229146,0,0.0
75.90051488660646,0,0.0
69.73482182948513,0,0.0
65.3194320361567,0,0.0
62.19803260872277,0,0.0
58.3487215490786,0,0.0
51.9958565757031,0,0.0
43.92449217763958,0,0.0
35.596935667327344,0,0.0
26.778461094065786,0,0.0
17.16649692878578,0,0.0
7.937817792464088,0,0.0
-0.18038949779612146,0,0.0
-8.146007707349897,0,0.0
-17.27539378597814,0,0.0
-29.015467179191877,0,0.0
-44.811343943864834,0,0.0
-65.00576435039456,0,0.0
-89.60108012875119,0,0.0
-119.50775359798664,0,0.0
-155.1397662537567,0,0.0
-195.2076927120494,0,0.0
-238.4224538089861,0,0.0
-284.348442590222,0,0.0
-332.50827004140683,0,0.0
-382.1587569375278,0,0.0
-432.30411450872697,0,0.0
-481.6469170381176,0,0.0
-528.5578958344814,0,0.0
-571.0169478792384,0,0.0
-607.0011036706045,0,0.0
-635.1772672167234,0,0.0
-654.9148380851601,0,0.0
-665.3141488969446,0,0.0
-665.2764906982654,0,0.0
-654.8635752006398,0,0.0
-634.7123241770082,0,0.0
-605.0016713992468,0,0.0
-566.2289570514869,0,0.0
-519.022850499321,0,0.0
-464.1101945308579,0,0.0
-403.54401896991624,0,0.0
-339.99312809855655,0,0.0
-275.60357131766943,0,0.0
-212.46176421121763,0,0.0
-152.4182305537144,0,0.0
-96.5011944776571,0,0.0
-45.146643243094665,0,0.0
1.4413940719139562,0,0.0
43.148386700078945,0,0.0
79.95749001229889,0,0.0
111.59296543868446,0,0.0
137.26753021832033,0,0.0
156.34432597244665,0,0.0
168.35828280831973,0,0.0
173.28017775176403,0,0.0
173.11605881763364,0,0.0
170.60320884187686,0,0.0
166.24954279563988,0,0.0
159.4440746220875,0,0.0
150.69598366067123,0,0.0
141.0445200658684,0,0.0
131.478221160492,0,0.0
123.08262943400987,0,0.0
116.40965498384372,0,0.0
111.24625567712215,0,0.0
107.11516833713954,0,0.0
103.9703959260413,0,0.0
102.48577618755871,0,0.0
103.41843701013231,0,0.0
107.15181965707407,0,0.0
113.73844583283395,0,0.0
122.92897476211927,0,0.0
133.90602866504778,0,0.0
145.6748425379177,0,0.0
158.22611719220575,0,0.0
172.0611354739873,0,0.0
186.87605814405634,0,0.0
201.57509165972863,0,0.0
215.3113854451297,0,0.0
228.12391113415111,0,0.0
240.02278768892353,0,0.0
250.46445635058515,0,0.0
259.0749325695511,0,0.0
265.8639570128429,0,0.0
271.2277815276489,0,0.0
275.50813411675824,0,0.0
278.0874673070087,0,0.0
277.7735466087045,0,0.0
274.5121396377159,0,0.0
269.76611107991914,0,0.0
265.09549516484213,0,0.0
261.28928997556704,0,0.0
257.75792121841766,0,0.0
252.7704938160195,0,0.0
245.35411852635536,0,0.0
236.3447114317046,0,0.0
226.96088120740274,0,0.0
217.07157874989872,0,0.0
205.6653432182044,0,0.0
192.61955901892532,0,0.0
179.51998190201144,0,0.0
167.94599225714853,0,0.0
158.04911260152002,0,0.0
149.53163177707088,0,0.0
142.08674995562856,0,0.0
135.2700141583198,0,0.0
128.77035763652742,0,0.0
122.57529790002965,0,0.0
116.8948374398776,0,0.0
111.82614558488113,0,0.0
107.23299978965073,0,0.0
102.98119475716194,0,0.0
98.7358866241307,0,0.0
93.02931198813152,0,0.0
84.26482679697172,0,0.0
73.14976047399018,0,0.0
61.53575160228851,0,0.0
49.07950583764461,0,0.0
33.497488170215576,0,0.0
13.697840108433958,0,0.0
-9.541615137120644,0,0.0
-35.92571967603745,0,0.0
-66.06621584181678,0,0.0
-100.03261142650295,0,0.0
-137.8892003416443,0,0.0
-179.62778887040076,0,0.0
-224.5506068942133,0,0.0
-272.117942164321,0,0.0
-321.3791060230793,0,0.0
-371.1066473983959,0,0.0
-420.5834716288578,0,0.0
-468.7548446097884,0,0.0
-514.4152066070008,0,0.0
-556.1735724187039,0,0.0
-591.8193159279837,0,0.0
-619.4114662993474,0,0.4
-638.427480790081,0,0.4
-648.7990584929094,0,0.4
-649.4642390717321,0,0.4
-639.264040001376,0,0.4
-618.7257661243958,0,0.4
-589.4918614585806,0,0.4
-552.5035342458563,0,0.4
-508.0661407775489,0,0.4
-457.08484130696695,0,0.4
-401.5724605313765,0,0.4
-343.91172443362854,0,0.4
-285.58006147187734,0,0.4
-227.42527740959162,0,0.4
-170.35440090850062,0,0.4
-114.96294573966733,0,0.4
-61.71982297051617,0,0.4
-11.67922764070667,0,0.4
33.53077218164139,0,0.4
72.58145665059949,0,0.4
105.16765107805938,0,0.4
131.59881089516358,0,0.4
152.22855603320812,0,0.4
167.39099243077507,0,0.4
177.28147325700817,0,0.4
182.34285859928892,0,0.4
183.33298731021029,0,0.4
180.82843727812494,0,0.4
175.6639087879583,0,0.4
169.03072308360922,0,0.4
162.0035823430076,0,0.4
155.1994448044966,0,0.4
148.5668429630648,0,0.4
142.29941726897513,0,0.4
137.32309014664395,0,0.4
134.5223616710061,0,0.4
134.61884943386949,0,0.4
138.07816191391987,0,0.4
144.343347731438,0,0.4
152.10643372317278,0,0.4
160.42808197863712,0,0.4
168.90585662956846,0,0.4
177.3645768755549,0,0.4
185.5785399893174,0,0.4
193.22527890828314,0,0.4
200.45592526980505,0,0.4
208.06647795446906,0,0.4
217.0921110272583,0,0.4
227.65037621059022,0,0.4
238.46203509662362,0,0.4
248.271991041842,0,0.4
256.6766287186333,0,0.4
264.1943699711922,0,0.4
271.6774460851251,0,0.4
278.692080427408,0,0.4
283.8027803876174,0,0.4
286.39036340709424,0,0.4
286.78692049144576,0,0.4
285.36301765997143,0,0.4
282.41390948856036,0,0.4
278.37157673781485,0,0.4
273.8356857939097,0,0.4
268.79991733291274,0,0.4
262.336055484517,0,0.4
254.12651811187231,0,0.4
244.54237719416608,0,0.4
233.75776669538484,0,0.4
222.52535951370973,0,0.4
211.86035292530406,0,0.4
201.46527692905323,0,0.4
190.53577529284456,0,0.4
179.37527253544562,0,0.4
168.50284818309567,0,0.4
157.14115720568114,0,0.4
144.2218429787085,0,0.4
130.69087467261608,0,0.4
118.53995024717575,0,0.4
107.63406546642832,0,0.4
96.57099393499718,0,0.4
86.14065058449503,0,0.4
78.19798731242523,0,0.4
72.27243143090566,0,0.4
66.84755848764976,0,0.4
61.69780191032789,0,0.4
57.11442283414225,0,0.4
53.25998482677798,0,0.4
49.85544351004685,0,0.4
45.674210053978285,0,0.4
39.95609241544624,0,0.4
33.77801565113377,0,0.4
28.082843462093614,0,0.4
21.64075506679327,0,0.4
13.159189211058147,0,0.4
2.6844107815116667,0,0.4
-10.254028661907808,0,0.4
-26.446783514182854,0,0.4
-46.009071946120656,0,0.4
-69.24760865222537,0,0.4
-96.75984928032915,0,0.4
-128.9234272767986,0,0.4
-165.88146574056134,0,0.4
-207.4531755201581,0,0.4
-253.1288029154751,0,0.4
-302.3673842612405,0,0.4
-354.6360797002752,0,0.4
-408.817179392675,0,0.4
-462.5903815178478,0,0.4
-513.2723414830868,0,0.4
-559.1984445123554,0,0.4
-599.2908228964803,0,0.4
-632.1048035942312,0,0.4
-655.9440620550615,0,0.4
-670.0260459978305,0,0.4
-674.9174749653303,0,0.4
-670.8644898900418,0,0.4
-657.0116735838346,0,0.4
-632.6362217172052,0,0.4
-597.9305852491495,0,0.4
-553.740169884505,0,0.4
-501.94180268745123,0,0.4
-445.2595677662817,0,0.4
-385.620181041655,0,0.4
-324.3746997154509,0,0.4
-263.01084716937083,0,0.4
-202.56631123586735,0,0.4
-143.87420585411115,0,0.4
-88.21254489876712,0,0.4
-37.09746575412356,0,0.4
8.643708545880624,0,0.4
48.62407455849833,0,0.4
82.42250890976568,0,0.4
110.16139811168702,0,0.4
131.92836569650711,0,0.4
147.37469779264734,0,0.4
156.9429178227788,0,0.4
161.96065251477464,0,0.4
163.1530173273079,0,0.4
160.7286619921911,0,0.4
155.66793435544471,0,0.4
149.57985768881795,0,0.4
143.84973392615697,0,0.4
139.164446134335,0,0.4
135.1097587023637,0,0.4
130.75686107347045,0,0.4
126.2876573581036,0,0.4
122.8987971317508,0,0.4
121.15627629456516,0,0.4
120.95372777625884,0,0.4
122.70940285290027,0,0.4
127.48493669321336,0,0.4
135.3282941472941,0,0.4
144.86226692712782,0,0.4
155.29538937964747,0,0.4
166.65710524750568,0,0.4
178.73006391635036,0,0.4
190.9449309256871,0,0.4
202.6195523372816,0,0.4
213.1254782469868,0,0.4
221.83486031501337,0,0.4
228.75805997330383,0,0.4
234.66029728731834,0,0.4
239.8151625342097,0,0.4
244.23869938495764,0,0.4
248.57537636005256,0,0.4
252.867801794457,0,0.4
255.9407201207676,0,0.4
257.3318213468325,0,0.4
257.98214962676605,0,0.4
258.46847797748677,0,0.4
258.3213646819479,1,0.4
256.4573159800513,0,0.4
252.165736408181,0,0.4
246.1129256173206,0,0.4
239.00180119283613,0,0.4
230.82910448669762,0,0.4
221.71053342729275,0,0.4
211.93508303081535,0,0.4
202.44354213709573,0,0.4
194.09831171777577,0,0.4
186.59453724596682,0,0.4
179.6778357141649,0,0.4
173.27519189238294,0,0.4
166.8228045445436,0,0.4
159.8015161511068,0,0.4
151.9828287681529,0,0.4
143.48275091837752,0,0.4
135.04375410362266,0,0.4
127.30814132138467,0,0.4
120.00204326819484,0,0.4
112.45835494594341,0,0.4
104.18271606310041,0,0.4
95.371701661296,0,0.4
87.01365189500852,0,0.4
79.6683918311692,0,0.4
72.94784865612714,0,0.4
66.59291418039227,0,0.4
60.569992957055504,0,0.4
54.18213569229366,0,0.4
46.48402188519357,0,0.4
37.16378000284775,0,0.4
27.037457660021683,0,0.4
17.682031135613983,0,0.4
9.219401249673119,0,0.4
-0.5612573445038891,0,0.4
-13.392159402386419,0,0.4
-29.12187190951388,0,0.4
-47.810324270976785,0,0.4
-70.63112621201896,0,0.4
-98.54503526937577,0,0.4
-131.50367443386344,0,0.4
-169.19940562817527,0,0.4
-210.66044348831008,0,0.4
-253.4658622379985,0,0.4
-296.57032851239813,0,0.4
-341.18849625346473,0,0.4
-387.67900739668494,0,0.4
-434.8849187210382,0,0.4
-481.19904230403074,0,0.4
-525.1997569382592,0,0.4
-565.6026850161476,0,0.4
-600.5589613409578,0,0.4
-627.7556261055124,0,0.4
-645.091628500268,0,0.4
-651.334988644451,0,0.4
-646.3481839662336,0,0.4
-630.4942955305845,0,0.4
-604.3174615477399,0,0.4
-568.7690969852551,0,0.4
-525.1590714274797,0,0.4
-475.12768331987536,0,0.4
-420.31560602394217,0,0.4
-361.8972004751796,0,0.4
-300.73881436789,0,0.4
-237.9219613441985,0,0.4
-175.19310016804414,0,0.4
-114.82788816977853,0,0.4
-58.658048415665434,0,0.4
-7.551220989542927,0,0.4
38.096324570098595,0,0.4
78.34136504150463,0,0.4
113.2411660362067,0,0.4
141.69499888857501,0,0.4
162.4288838582147,0,0.4
176.42239837713845,0,0.4
186.09733932492105,0,0.4
192.12683699476028,0,0.4
193.84261375508544,0,0.4
191.83546592713947,0,0.4
187.64441779245445,0,0.4
182.1392349860789,0,0.4
175.44481798111386,0,0.4
167.66998045790723,0,0.4
159.3409840462469,0,0.4
151.35396504619877,0,0.4
144.5415791144616,0,0.4
139.02394612811628,0,0.4
134.87777803384665,0,0.4
132.7113524307026,0,0.4
132.34746762983343,0,0.4
133.5014145835173,0,0.4
137.12256638066134,0,0.4
143.66845073105412,0,0.4
152.30782313584166,0,0.4
162.21639440402228,0,0.4
173.08753834177875,0,0.4
184.9621177476444,0,0.4
197.50494356188858,0,0.4
210.0596496020287,0,0.4
222.2980159116046,0,0.4
233.84456566023752,0,0.4
243.9506893926993,0,0.4
251.77497266581904,0,0.4
257.4011549799145,0,0.4
261.67473931545845,0,0.4
264.91727852689223,0,0.4
267.37430820193174,0,0.4
269.7059082707129,0,0.4
272.09194811313756,0,0.4
273.9208904788874,0,0.4
274.44355492467713,0,0.4
273.28064411713007,1,0.4
270.5913319348665,0,0.4
266.94838311988053,0,0.4
262.66669881008215,0,0.4
257.43206069386497,0,0.4
250.95433951450218,0,0.4
243.6538112462454,0,0.4
236.17323226529405,0,0.4
228.4223191735634,0,0.4
219.96725049720203,0,0.4
210.69042508312134,0,0.4
200.6987236804036,0,0.4
190.43723572674548,0,0.4
180.44329826074525,0,0.4
170.5193984382487,0,0.4
159.73202408483914,0,0.4
147.68890210594367,0,0.4
134.9744461394055,0,0.4
122.3191219074486,0,0.4
110.35165170283078,0,0.4
99.52101964316897,0,0.4
90.1169216670782,0,0.4
81.91206329113952,0,0.4
73.41226107703643,0,0.4
63.59752889644131,0,0.4
53.4258358760078,0,0.4
43.65264034379996,0,0.4
33.90390385247319,0,0.4
24.14421598734347,0,0.4
14.551822676152794,0,0.4
4.929392612797394,0,0.4
-5.003158392447811,0,0.4
-15.846023963638215,0,0.4
-28.407731585898762,0,0.4
-43.23044200395669,0,0.4
-61.71296001671577,0,0.4
-85.59276677684605,0,0.4
-114.39984727980978,0,0.4
-146.5516073007665,0,0.4
-182.14013715909923,0,0.4
-222.12885635148993,0,0.4
-266.450312739437,0,0.4
-314.3094284261642,0,0.4
-364.56026013429636,0,0.4
-415.7499393516676,0,0.4
-466.73583815254585,0,0.4
-516.5072787702549,0,0.4
-563.1773311203455,0,0.4
-604.0194250651148,0,0.4
-637.2933688761926,0,0.4
-662.8481229997096,0,0.4
-680.0588246347991,0,0.4
-687.3013127621278,0,0.4
-683.3237426996659,0,0.4
-667.2250375417399,0,0.4
-639.0976909892993,0,0.4
-600.8859635573814,0,0.4
-554.4030872678991,0,0.4
-500.53561189745795,0,0.4
-441.08856834808836,0,0.4
-378.46440917755825,0,0.4
-314.4976537237443,0,0.4
-251.01255025488578,0,0.4
-189.6739209203631,0,0.4
-131.24645732755465,0,0.4
-75.68722616935311,0,0.4
-23.34529739265629,0,0.4
24.08476874189244,0,0.4
64.84394892271581,0,0.4
98.87162034718584,0,0.4
127.12300678011324,0,0.4
149.76338769273525,0,0.4
166.74652778203787,0,0.4
178.45286646229667,0,0.4
185.07651249947907,0,0.4
187.60135370785397,0,0.4
187.85275784886667,0,0.4
186.52085287911441,0,0.4
182.94909487927052,0,0.4
177.08204806006327,0,0.4
170.21400644661352,0,0.4
163.690997686805,0,0.4
157.86881194644297,0,0.4
152.61598844655938,0,0.4
148.32874536644206,0,0.4
145.99737193545212,0,0.4
146.27923585882797,0,0.4
148.9998694910042,0,0.4
153.24876841183155,0,0.4
157.8850621290405,0,0.4
162.95226428742401,0,0.4
169.0692394918088,0,0.4
175.99306235377983,0,0.4
183.60457207904187,0,0.4
191.72423090977165,0,0.4
199.15012091229585,0,0.4
205.1129953000191,0,0.4
210.50284221880102,0,0.4
216.53439730942068,0,0.4
223.1126142999201,0,0.4
229.48860647705743,0,0.4
235.34309874031578,0,0.4
240.55332082946853,0,0.4
245.12469603559595,0,0.4
249.35042192825304,0,0.4
253.62633400739418,0,0.4
257.9806666261004,0,0.4
261.59617325757443,0,0.4
263.3859475816313,0,0.4
262.9231538993187,1,0.4
260.2748568610081,0,0.4
255.52550516395604,0,0.4
249.19869483595448,0,0.4
242.43966161662564,0,0.4
236.07355675361995,0,0.4
229.97253203496135,0,0.4
223.59703162341248,0,0.4
216.98064171846175,0,0.4
210.07452876841322,0,0.4
202.27035773045216,0,0.4
193.99702468844603,0,0.4
186.06416333295365,0,0.4
178.0807245938078,0,0.4
169.76645503918863,0,0.4
161.30575039823208,0,0.4
152.37224708128636,0,0.4
142.65671338393258,0,0.4
132.15950471827645,0,0.4
121.23809803490677,0,0.4
110.68316371786825,0,0.4
100.92992032793948,0,0.4
92.102829690698,0,0.4
84.42902961329489,0,0.4
77.66627202849034,0,0.4
70.84754294917677,0,0.4
63.07253000272259,0,0.4
54.38884026753512,0,0.4
45.29543740191482,0,0.4
35.5681510878077,0,0.4
24.5779378660825,0,0.4
12.178874928466362,0,0.4
-1.659909747869798,0,0.4
-17.641185021753262,0,0.4
-36.73377225445594,0,0.4
-59.16654347918561,0,0.4
-85.13199592075914,0,0.4
-115.70932079372277,0,0.4
-151.8402774632547,0,0.4
-193.65332679390528,0,0.4
-240.39855410230413,0,0.4
-290.19385059765654,0,0.4
-341.06151808184165,0,0.4
-392.0858535309097,0,0.4
-442.49924612322445,0,0.4
-490.75259096845593,0,0.4
-536.0161448266962,0,0.4
-578.0590270547555,0,0.4
-614.8146684324018,0,0.4
-643.1891899916792,0,0.4
-661.5170010582351,0,0.4
-669.5116327533533,0,0.4
-667.204891166375,0,0.4
-654.6046673618479,0,0.4
-631.1790541723819,0,0.4
-596.7074365829765,0,0.4
-552.8177174925487,0,0.4
-501.760737189811,0,0.4
-445.59522595281317,0,0.4
-386.40313166456536,0,0.4
-325.19240338203167,0,0.4
-262.7576905762257,0,0.4
-201.17354932512558,0,0.4
-142.14152395582823,0,0.4
-85.87818516569342,0,0.4
-32.92857700709506,0,0.4
14.843207727966753,0,0.4
55.77851796130398,0,0.4
89.59451548949491,0,0.4
116.91640830123758,0,0.4
138.36379325801215,0,0.4
153.8276161330983,0,0.4
162.99781921613422,0,0.4
166.63279141685783,0,0.4
166.34076672318946,0,0.4
163.65722369117046,0,0.4
159.52006071553285,0,0.4
153.95305141572712,0,0.4
147.04625795684683,0,0.4
139.52517281660505,0,0.4
131.7245646033808,0,0.4
123.88892398575236,0,0.4
116.46386885761203,0,0.4
109.54010896508544,0,0.4
103.82057165463559,0,0.4
100.49438595918578,0,0.4
99.71993768628637,0,0.4
100.82867615021878,0,0.4
103.55644759134941,0,0.4
108.68623617632338,0,0.4
117.05071022541357,0,0.4
128.14912199887382,0,0.4
141.06392613823573,0,0.4
155.49442033673583,0,0.4
170.33929704010995,0,0.4
184.09372285910396,0,0.4
197.0075794827992,0,0.4
209.93200465260077,0,0.4
222.68827860885662,0,0.4
234.8026649759774,0,0.4
246.180425675864,0,0.4
256.6587233147128,0,0.4
266.05192179394396,0,0.4
274.20533129620264,0,0.4
280.3307920729548,0,0.4
284.0087632623009,0,0.4
285.5362698076865,0,0.4
284.4404882929413,1,0.9955055234077372
280.5484201350735,0,0.9955055234077372
275.1565756219461,0,0.9955055234077372
269.0303061348936,0,0.9955055234077372
261.66137069059107,0,0.9955055234077372
252.73353615509708,0,0.9955055234077372
242.73551663486256,0,0.9955055234077372
232.22103939485726,0,0.9955055234077372
221.15467318733442,0,0.9955055234077372
209.65007711442695,0,0.9955055234077372
198.37335035656082,0,0.9955055234077372
187.86197704888352,0,0.9955055234077372
178.34947335720312,0,0.9955055234077372
169.9331821712885,0,0.9955055234077372
162.25409510733772,0,0.9955055234077372
154.50319578254627,0,0.9955055234077372
146.48531401124302,0,0.9955055234077372
138.59181790120755,0,0.9955055234077372
130.86741643375274,0,0.9955055234077372
123.18019642643704,0,0.9955055234077372
115.29745071532281,0,0.9955055234077372
107.0563979444392,0,0.9955055234077372
98.81780914149374,0,0.9955055234077372
91.13035959357192,0,0.9955055234077372
84.7034315325605,0,0.9955055234077372
80.0915352911594,0,0.9955055234077372
76.47381596417544,0,0.9955055234077372
72.33246773159838,0,0.9955055234077372
67.25579800618618,0,0.9955055234077372
61.34345705384039,0,0.9955055234077372
54.25781575205407,0,0.9955055234077372
45.969201785594336,0,0.9955055234077372
36.44182014740496,0,0.9955055234077372
24.91196872787261,0,0.9955055234077372
11.005380516084013,0,0.9955055234077372
-5.074783363013863,0,0.9955055234077372
-23.699588263634734,0,0.9955055234077372
-45.16608897568902,0,0.9955055234077372
-69.47911272899121,0,0.9955055234077372
-97.74022823201481,0,0.9955055234077372
-131.60372987296458,0,0.9955055234077372
-171.54050666288768,0,0.9955055234077372
-216.52313357155361,0,0.9955055234077372
-265.31675421948523,0,0.9955055234077372
-317.2421167627499,0,0.9955055234077372
-370.9428224261534,0,0.9955055234077372
-423.8606734601804,0,0.9955055234077372
-473.8281892671865,0,0.9955055234077372
-520.0851614148752,0,0.9955055234077372
-562.4428480400139,0,0.9955055234077372
-600.5490736345447,0,0.9955055234077372
-633.0900321246314,0,0.9955055234077372
-656.9434991460481,0,0.9955055234077372
-669.1813269133697,0,0.9955055234077372
-669.2293785579832,0,0.9955055234077372
-657.8996279837476,0,0.9955055234077372
-636.0761320676127,0,0.9955055234077372
-604.4064250118994,0,0.9955055234077372
-563.6539703998932,0,0.9955055234077372
-515.0766338945808,0,0.9955055234077372
-460.3247846202019,0,0.9955055234077372
-401.38839555868776,0,0.9955055234077372
-340.34398796080774,0,0.9955055234077372
-279.03497595393657,0,0.9955055234077372
-218.58990322916097,0,0.9955055234077372
-159.402490315999,0,0.9955055234077372
-102.14449921038424,0,0.9955055234077372
-48.042458726073626,0,0.9955055234077372
1.6107862053920654,0,0.9955055234077372
45.816713254773944,0,0.9955055234077372
84.11452195430869,0,0.9955055234077372
116.54629155317053,0,0.9955055234077372
143.2127335129528,0,0.9955055234077372
163.91772246268798,0,0.9955055234077372
178.7486850995441,0,0.9955055234077372
188.1112387254031,0,0.9955055234077372
192.34386422724788,0,0.9955055234077372
192.41084223844683,0,0.9955055234077372
189.88304659984246,0,0.9955055234077372
185.90294994916232,0,0.9955055234077372
180.73299540891426,0,0.9955055234077372
174.04027222812792,0,0.9955055234077372
165.8690062791546,0,0.9955055234077372
157.2962898181451,0,0.9955055234077372
149.45165863196362,0,0.9955055234077372
142.65934964918364,0,0.9955055234077372
136.83018009776848,0,0.9955055234077372
131.97344347496283,0,0.9955055234077372
128.588995313481,0,0.9955055234077372
127.09768346067092,0,0.9955055234077372
127.37988868154194,0,0.9955055234077372
129.55449270131754,0,0.9955055234077372
133.91194290709495,0,0.9955055234077372
140.86421724058582,0,0.9955055234077372
150.81149097347412,0,0.9955055234077372
162.9609690233532,0,0.9955055234077372
176.3476349023782,0,0.9955055234077372
191.02741249005135,0,0.9955055234077372
206.61832877742816,0,0.9955055234077372
221.69309443488132,0,0.9955055234077372
234.6337098029909,0,0.9955055234077372
244.31203332575896,0,0.9955055234077372
250.97801101618768,0,0.9955055234077372
256.30959149422586,0,0.9955055234077372
261.2208525325583,0,0.9955055234077372
264.83867146686345,0,0.9955055234077372
266.40615479935707,0,0.9955055234077372
265.91000410611736,1,0.9954148044372967
263.66276091242514,0,0.9954148044372967
260.36225124001527,0,0.9954148044372967
256.10222729206566,0,0.9954148044372967
250.72587216955225,0,0.9954148044372967
244.94369015117843,0,0.9954148044372967
239.41310840767147,0,0.9954148044372967
234.15868098623582,0,0.9954148044372967
229.2776453641047,0,0.9954148044372967
224.90514468406874,0,0.9954148044372967
220.10244775847102,0,0.9954148044372967
213.30352079243815,0,0.9954148044372967
204.26971848677445,0,0.9954148044372967
194.05971108682346,0,0.9954148044372967
183.61244547421552,0,0.9954148044372967
173.4283662654951,0,0.9954148044372967
163.85099297526057,0,0.9954148044372967
155.1661877076077,0,0.9954148044372967
147.29990013645198,0,0.9954148044372967
139.91184428754448,0,0.9954148044372967
133.15229573531454,0,0.9954148044372967
127.52964759750293,0,0.9954148044372967
123.27773296716482,0,0.9954148044372967
119.79762061950602,0,0.9954148044372967
116.06660109132929,0,0.9954148044372967
111.52764425739392,0,0.9954148044372967
105.70766992557692,0,0.9954148044372967
98.50956672851302,0,0.9954148044372967
90.73145319170781,0,0.9954148044372967
83.07675631216367,0,0.9954148044372967
75.30738388496631,0,0.9954148044372967
66.94637262110767,0,0.9954148044372967
58.19675570269612,0,0.9954148044372967
49.16932749090606,0,0.9954148044372967
39.589399207583064,0,0.9954148044372967
29.94597748931365,0,0.9954148044372967
21.084468363361065,0,0.9954148044372967
12.478233559859564,0,0.9954148044372967
2.740812279975969,0,0.9954148044372967
-8.404067860706864,0,0.9954148044372967
-20.5419905085088,0,0.9954148044372967
-33.634254533060364,0,0.9954148044372967
-47.58988134027587,0,0.9954148044372967
-62.704763156419254,0,0.9954148044372967
-80.15401939793213,0,0.9954148044372967
-101.10264421660855,0,0.9954148044372967
-126.55970772229318,0,0.9954148044372967
-157.27564261410913,0,0.9954148044372967
-192.8154475900249,0,0.9954148044372967
-232.58935665753728,0,0.9954148044372967
-276.9792650676255,0,0.9954148044372967
-325.51578787376326,0,0.9954148044372967
-376.3309454097106,0,0.9954148044372967
-427.6326230962577,0,0.9954148044372967
-477.96914409925375,0,0.9954148044372967
-526.0381210689915,0,0.9954148044372967
-570.3323174217121,0,0.9954148044372967
-608.9319856582377,0,0.9954148044372967
-640.0928123473909,0,0.9954148044372967
-662.603429786739,0,0.9954148044372967
-675.4919508858183,0,0.9954148044372967
-678.0727345805944,0,0.9954148044372967
-670.5378311154474,0,0.9954148044372967
-653.3532213428442,0,0.9954148044372967
-626.0527634722021,0,0.9954148044372967
-588.4086509567882,0,0.9954148044372967
-542.3552257734086,0,0.9954148044372967
-490.67222330694466,0,0.9954148044372967
-434.5315341288262,0,0.9954148044372967
-374.3299301392813,0,0.9954148044372967
-311.76930614227473,0,0.9954148044372967
-248.98398230437357,0,0.9954148044372967
-187.37009197500004,0,0.9954148044372967
-128.65066960793465,0,0.9954148044372967
-74.53499480281039,0,0.9954148044372967
-25.753613407045364,0,0.9954148044372967
17.112762815708802,0,0.9954148044372967
53.59499297208076,0,0.9954148044372967
83.95402279569522,0,0.9954148044372967
108.84636315069099,0,0.9954148044372967
128.59629109695487,0,0.9954148044372967
142.74642807875298,0,0.9954148044372967
150.85739720851194,0,0.9954148044372967
154.19163437863824,0,0.9954148044372967
154.77747573838033,0,0.9954148044372967
152.9067139260389,0,0.9954148044372967
148.31309936416625,0,0.9954148044372967
141.79084631291383,0,0.9954148044372967
134.50335065619132,0,0.9954148044372967
127.638919017554,0,0.9954148044372967
121.78377538941037,0,0.9954148044372967
117.02573471746186,0,0.9954148044372967
113.74661830303896,0,0.9954148044372967
112.70534416028394,0,0.9954148044372967
114.64186620040668,0,0.9954148044372967
119.08570634290878,0,0.9954148044372967
125.05841257021225,0,0.9954148044372967
132.52492541721134,0,0.9954148044372967
141.34084377773894,0,0.9954148044372967
151.3953511499952,0,0.9954148044372967
163.37888716127574,0,0.9954148044372967
177.21359723322888,0,0.9954148044372967
191.93362316460633,0,0.9954148044372967
206.7213824767336,0,0.9954148044372967
220.78598300922118,0,0.9954148044372967
233.65070005223845,0,0.9954148044372967
245.38048940342756,0,0.9954148044372967
256.1208214527831,0,0.9954148044372967
265.68137968681816,0,0.9954148044372967
273.4829471180003,0,0.9954148044372967
279.23715504432704,0,0.9954148044372967
283.1712251056193,0,0.9954148044372967
285.47308595405843,0,0.9954148044372967
286.1881931105056,0,0.9954148044372967
285.22467337534914,1,0.9927373179773239
282.24625142151524,0,0.9927373179773239
277.06475521325484,0,0.9927373179773239
270.3512210207267,0,0.9927373179773239
263.5536432807078,0,0.9927373179773239
257.99198183655074,0,0.9927373179773239
253.5525878970258,0,0.9927373179773239
248.81026019717766,0,0.9927373179773239
242.8338432792401,0,0.9927373179773239
235.51837000789928,0,0.9927373179773239
226.96832095746066,0,0.9927373179773239
217.71726084251716,0,0.9927373179773239
208.65458147714577,0,0.9927373179773239
200.00852583541499,0,0.9927373179773239
191.52128149265508,0,0.9927373179773239
183.56567229053752,0,0.9927373179773239
175.88487372956294,0,0.9927373179773239
167.01105313899365,0,0.9927373179773239
156.78277750527906,0,0.9927373179773239
147.0871637252274,0,0.9927373179773239
139.72377360896454,0,0.9927373179773239
134.36126773708074,0,0.9927373179773239
129.24422082245113,0,0.9927373179773239
123.59910555750506,0,0.9927373179773239
117.30956772246108,0,0.9927373179773239
110.19521882498363,0,0.9927373179773239
103.00560931264404,0,0.9927373179773239
96.52466786801081,0,0.9927373179773239
90.56792041674308,0,0.9927373179773239
84.6350300822486,0,0.9927373179773239
77.9621272861094,0,0.9927373179773239
70.38601109875866,0,0.9927373179773239
63.193782083158105,0,0.9927373179773239
57.08112051741442,0,0.9927373179773239
51.3110056828867,0,0.9927373179773239
45.168741956952225,0,0.9927373179773239
37.97365218320803,0,0.9927373179773239
28.998255822562772,0,0.9927373179773239
18.016992431935094,0,0.9927373179773239
5.337652055475942,0,0.9927373179773239
-8.818802185689695,0,0.9927373179773239
-25.108343526640187,0,0.9927373179773239
-44.659581843174344,0,0.9927373179773239
-68.1659422570726,0,0.9927373179773239
-95.68644679636893,0,0.9927373179773239
-127.0532239255368,0,0.9927373179773239
-162.37258390396724,0,0.9927373179773239
-201.7678869433124,0,0.9927373179773239
-244.70032740605808,0,0.9927373179773239
-290.49572418437936,0,0.9927373179773239
-338.7624330191421,0,0.9927373179773239
-388.4308171181113,0,0.9927373179773239
-437.9697052748448,0,0.9927373179773239
-485.9866625547722,0,0.9927373179773239
-530.8748722015255,0,0.9927373179773239
-571.5092509396195,0,0.9927373179773239
-607.1845862628736,0,0.9927373179773239
-636.0633684413453,0,0.9927373179773239
-655.9084797934769,0,0.9927373179773239
-665.6640277445056,0,0.9927373179773239
-665.000757141705,0,0.9927373179773239
-653.499316819207,0,0.9927373179773239
-630.804850853171,0,0.9927373179773239
-597.5377944067938,0,0.9927373179773239
-555.2298163458825,0,0.9927373179773239
-505.3977700603262,0,0.9927373179773239
-449.416704436533,0,0.9927373179773239
-388.51416505776876,0,0.9927373179773239
-324.4439219555203,0,0.9927373179773239
-259.81849131367574,0,0.9927373179773239
-196.6565397424583,0,0.9927373179773239
-136.8088447493514,0,0.9927373179773239
-82.51036024696027,0,0.9927373179773239
-34.323395359191444,0,0.9927373179773239
8.733331410475767,0,0.9927373179773239
47.30644413011083,0,0.9927373179773239
81.25198724700037,0,0.9927373179773239
109.97710237369392,0,0.9927373179773239
133.33081158036183,0,0.9927373179773239
151.8408472879441,0,0.9927373179773239
165.88800087883175,0,0.9927373179773239
175.50428764517338,0,0.9927373179773239
180.65421899089964,0,0.9927373179773239
181.94203839103807,0,0.9927373179773239
180.55151088262255,0,0.9927373179773239
176.5912926193365,0,0.9927373179773239
170.16799557328707,0,0.9927373179773239
162.86036198017598,0,0.9927373179773239
155.5113631703656,0,0.9927373179773239
148.1491606128234,0,0.9927373179773239
141.78913760420065,0,0.9927373179773239
137.413458747462,0,0.9927373179773239
134.87680811653937,0,0.9927373179773239
133.6778559253647,0,0.9927373179773239
134.00509136550252,0,0.9927373179773239
136.02716121441526,0,0.9927373179773239
138.90682806375014,0,0.9927373179773239
142.4285569430693,0,0.9927373179773239
147.44202215513025,0,0.9927373179773239
154.02149246210303,0,0.9927373179773239
161.59911963657675,0,0.9927373179773239
169.87458261042917,0,0.9927373179773239
178.49169697885048,0,0.9927373179773239
187.23523261158826,0,0.9927373179773239
196.22815485165037,0,0.9927373179773239
204.86608599259588,0,0.9927373179773239
212.61599317712006,0,0.9927373179773239
220.11570010741954,0,0.9927373179773239
227.67969993588767,0,0.9927373179773239
235.27459597829125,0,0.9927373179773239
243.06572039503035,0,0.9927373179773239
250.7239061588515,0,0.9927373179773239
257.5636124223143,0,0.9927373179773239
262.4494448952685,0,0.9927373179773239
264.555614155359,0,0.9927373179773239
264.6002519567724,0,0.9927373179773239
262.95646775028194,1,0.990784904493507
258.80930618512207,0,0.990784904493507
252.2952619211106,0,0.990784904493507
244.7774449458937,0,0.990784904493507
237.53041531783919,0,0.990784904493507
230.3510921778485,0,0.990784904493507
221.721798518792,0,0.990784904493507
211.68856712475707,0,0.990784904493507
201.96211736183918,0,0.990784904493507
193.1657426228761,0,0.990784904493507
184.91563259369912,0,0.990784904493507
176.73551030936375,0,0.990784904493507
168.43927998997046,0,0.990784904493507
160.79157465989192,0,0.990784904493507
154.73435318234158,0,0.990784904493507
149.91373294971632,0,0.990784904493507
145.03802136367565,0,0.990784904493507
139.7825824294985,0,0.990784904493507
134.42727986459911,0,0.990784904493507
128.35211014817594,0,0.990784904493507
121.00305900733605,0,0.990784904493507
112.78048179236292,0,0.990784904493507
104.61903881436515,0,0.990784904493507
97.50215155195998,0,0.990784904493507
91.47870145677336,0,0.990784904493507
85.792237052783,0,0.990784904493507
80.14196024183171,0,0.990784904493507
74.7753702633014,0,0.990784904493507
69.61262041318398,0,0.990784904493507
63.77169566082086,0,0.990784904493507
56.46129356022344,0,0.990784904493507
47.89544405117917,0,0.990784904493507
38.3434691341823,0,0.990784904493507
27.00847624759346,0,0.990784904493507
13.091525299626374,0,0.990784904493507
-3.0771767538033212,0,0.990784904493507
-20.884657868981,0,0.990784904493507
-40.532863569073534,0,0.990784904493507
-63.280365480037375,0,0.990784904493507
-90.15301190178752,0,0.990784904493507
-120.76850494870544,0,0.990784904493507
-154.74788242474742,0,0.990784904493507
-192.76521781932763,0,0.990784904493507
-235.05465959609182,0,0.990784904493507
-280.6307293711476,0,0.990784904493507
-328.4083590750911,0,0.990784904493507
-377.63024396394303,0,0.990784904493507
-427.9168369921547,0,0.990784904493507
-478.9913306326119,0,0.990784904493507
-528.9632974872816,0,0.990784904493507
-574.5957593410038,0,0.990784904493507
-613.5078247341221,0,0.990784904493507
-644.5144772656067,0,0.990784904493507
-666.6504711625704,0,0.990784904493507
-678.6516451821615,0,0.990784904493507
-679.9120041238402,0,0.990784904493507
-670.5946653715835,0,0.990784904493507
-650.4733069857992,0,0.990784904493507
-619.5717049535048,0,0.990784904493507
-578.343918604733,0,0.990784904493507
-527.910635213481,0,0.990784904493507
-470.82315387467565,0,0.990784904493507
-409.1274629050155,0,0.990784904493507
-344.1254329776772,0,0.990784904493507
-278.24773517603063,0,0.990784904493507
-213.80048463285144,0,0.990784904493507
-152.12042883966163,0,0.990784904493507
-94.65276477982054,0,0.990784904493507
-42.113732863261184,0,0.990784904493507
6.025142126163566,0,0.990784904493507
49.90170299960796,0,0.990784904493507
88.76340590326902,0,0.990784904493507
121.95779276406921,0,0.990784904493507
149.0129909110961,0,0.990784904493507
169.58263268040048,0,0.990784904493507
184.01228634629967,0,0.990784904493507
192.99144225897882,0,0.990784904493507
196.79415525684874,0,0.990784904493507
195.38852975720317,0,0.990784904493507
189.28629429517792,0,0.990784904493507
180.1649464343296,0,0.990784904493507
170.2250641739601,0,0.990784904493507
161.11315571640313,0,0.990784904493507
153.28859236956282,0,0.990784904493507
146.11867273068356,0,0.990784904493507
139.33604426352434,0,0.990784904493507
133.8241982895156,0,0.990784904493507
130.1888342585937,0,0.990784904493507
127.99664696962037,0,0.990784904493507
127.09852128788646,0,0.990784904493507
128.5139809070861,0,0.990784904493507
133.32217935744754,0,0.990784904493507
141.0034626217256,0,0.990784904493507
149.53058651207962,0,0.990784904493507
157.74107380947825,0,0.990784904493507
166.43644610953936,0,0.990784904493507
176.0652238612318,0,0.990784904493507
185.61372129273363,0,0.990784904493507
194.81451283593265,0,0.990784904493507
204.89455727550657,0,0.990784904493507
216.21359654666392,0,0.990784904493507
227.63850460871387,0,0.990784904493507
238.22492281943525,0,0.990784904493507
247.75161531993837,0,0.990784904493507
256.18221900400766,0,0.990784904493507
263.34367078712637,0,0.990784904493507
269.2850700771669,0,0.990784904493507
273.87189291784574,0,0.990784904493507
276.58802995041884,0,0.990784904493507
277.5513747812293,0,0.990784904493507
276.96781691823094,1,0.9914377046378393
274.88470595490105,0,0.9914377046378393
271.87141657464343,0,0.9914377046378393
267.88504733725216,0,0.9914377046378393
262.27024459618593,0,0.9914377046378393
254.64230661567439,0,0.9914377046378393
244.86699203319512,0,0.9914377046378393
233.80153859929945,0,0.9914377046378393
222.70123888188547,0,0.9914377046378393
212.0342168057343,0,0.9914377046378393
201.4686166139088,0,0.9914377046378393
190.36519081743327,0,0.9914377046378393
178.89673560058992,0,0.9914377046378393
167.8321216881422,0,0.9914377046378393
157.7304067890323,0,0.9914377046378393
148.77642419466417,0,0.9914377046378393
140.4475261482409,0,0.9914377046378393
132.26167848380575,0,0.9914377046378393
124.36770921095065,0,0.9914377046378393
116.77086423653341,0,0.9914377046378393
109.0178962829329,0,0.9914377046378393
101.15038707497798,0,0.9914377046378393
93.97063124861123,0,0.9914377046378393
87.51834010918257,0,0.9914377046378393
81.65083117001438,0,0.9914377046378393
76.63981759548456,0,0.9914377046378393
71.60983045792229,0,0.9914377046378393
65.60831287902433,0,0.9914377046378393
58.555608907767905,0,0.9914377046378393
50.183742903539525,0,0.9914377046378393
39.82726976247024,0,0.9914377046378393
27.038828371905844,0,0.9914377046378393
12.45479822333282,0,0.9914377046378393
-3.0192765730674713,0,0.9914377046378393
-19.725065495322493,0,0.9914377046378393
-38.84654469622082,0,0.9914377046378393
-61.38162554662443,0,0.9914377046378393
-87.83945027038392,0,0.9914377046378393
-118.25870020521326,0,0.9914377046378393
-152.43849556997867,0,0.9914377046378393
-190.48779494530925,0,0.9914377046378393
-232.4761116388209,0,0.9914377046378393
-278.0506645448978,0,0.9914377046378393
-326.79099379926885,0,0.9914377046378393
-377.88802164341996,0,0.9914377046378393
-429.98609035837205,0,0.9914377046378393
-481.3932388920405,0,0.9914377046378393
-530.3784512187095,0,0.9914377046378393
-575.1437194043075,0,0.9914377046378393
-614.0469185360344,0,0.9914377046378393
-645.9825401139997,0,0.9914377046378393
-669.2270840816844,0,0.9914377046378393
-681.8713818448414,0,0.9914377046378393
-683.1140384692108,0,0.9914377046378393
-672.8340713520665,0,0.9914377046378393
-651.8018329437845,0,0.9914377046378393
-621.3825465850229,0,0.9914377046378393
-582.1098648685381,0,0.9914377046378393
-533.8832862764315,0,0.9914377046378393
-477.56755517656353,0,0.9914377046378393
-415.5703066978498,0,0.9914377046378393
-351.1082368121014,0,0.9914377046378393
-286.7602877504257,0,0.9914377046378393
-223.62307566852135,0,0.9914377046378393
-162.36972912527392,0,0.9914377046378393
-104.05776684064101,0,0.9914377046378393
-49.77258029522666,0,0.9914377046378393
-0.6846770439534706,0,0.9914377046378393
42.32746388398983,0,0.9914377046378393
79.20019437699794,0,0.9914377046378393
109.83695111517999,0,0.9914377046378393
134.016660652926,0,0.9914377046378393
151.8132363856861,0,0.9914377046378393
163.73388769018672,0,0.9914377046378393
171.13561197063,0,0.9914377046378393
175.03990941382924,0,0.9914377046378393
175.5942244919949,0,0.9914377046378393
173.24418778510156,0,0.9914377046378393
168.6062436346758,0,0.9914377046378393
162.24504803329634,0,0.9914377046378393
155.31952968776312,0,0.9914377046378393
148.76944758624245,0,0.9914377046378393
142.742712502547,0,0.9914377046378393
138.30784081729502,0,0.9914377046378393
136.94033064062364,0,0.9914377046378393
138.39735419348006,0,0.9914377046378393
141.63280181558045,0,0.9914377046378393
145.77014071917014,0,0.9914377046378393
150.29856355903453,0,0.9914377046378393
155.58941425323462,0,0.9914377046378393
161.82756329853828,0,0.9914377046378393
168.9320135421294,0,0.9914377046378393
177.35303805608118,0,0.9914377046378393
187.01534393933008,0,0.9914377046378393
197.30271044174222,0,0.9914377046378393
208.13514270255016,0,0.9914377046378393
219.55371802868518,0,0.9914377046378393
230.98954623268838,0,0.9914377046378393
241.67157316127384,0,0.9914377046378393
251.72374513035427,0,0.9914377046378393
261.8558858208218,0,0.9914377046378393
271.9007608081975,0,0.9914377046378393
280.7927628234511,0,0.9914377046378393
287.2507683100377,0,0.9914377046378393
290.3678654989247,0,0.9914377046378393
290.27221108267884,1,0.9904986956265699
287.8125019332041,0,0.9904986956265699
284.3080795744175,0,0.9904986956265699
280.972313854795,0,0.9904986956265699
277.18254803145663,0,0.9904986956265699
271.193783314856,0,0.9904986956265699
262.8424474015663,0,0.9904986956265699
253.48409970672026,0,0.9904986956265699
244.10320799238832,0,0.9904986956265699
235.01344042507114,0,0.9904986956265699
226.62382052427117,0,0.9904986956265699
219.0163348448287,0,0.9904986956265699
211.1868709700055,0,0.9904986956265699
202.23862332503035,0,0.9904986956265699
192.49890841551527,0,0.9904986956265699
182.40254479728395,0,0.9904986956265699
171.8594089315131,0,0.9904986956265699
161.32121803791355,0,0.9904986956265699
151.93314830366597,0,0.9904986956265699
144.5744764053219,0,0.9904986956265699
139.11963435382907,0,0.9904986956265699
134.54543742227315,0,0.9904986956265699
129.84002169961624,0,0.9904986956265699
124.25021391367632,0,0.9904986956265699
117.42289574522144,0,0.9904986956265699
109.90553508336046,0,0.9904986956265699
102.18448226232302,0,0.9904986956265699
94.25635552401724,0,0.9904986956265699
86.68547150916588,0,0.9904986956265699
79.80356642650986,0,0.9904986956265699
73.10841533854689,0,0.9904986956265699
66.352188692401,0,0.9904986956265699
59.685312692072586,0,0.9904986956265699
53.128021435614514,0,0.9904986956265699
45.912338416001994,0,0.9904986956265699
36.97751941757722,0,0.9904986956265699
26.258315299696815,0,0.9904986956265699
14.143387772843315,0,0.9904986956265699
0.1640329246939003,0,0.9904986956265699
-16.772807832529487,0,0.9904986956265699
-37.506605748330244,0,0.9904986956265699
-62.498739092457875,0,0.9904986956265699
-91.38790820316859,0,0.9904986956265699
-123.41535001167185,0,0.9904986956265699
-158.72871180960647,0,0.9904986956265699
-197.76926856415685,0,0.9904986956265699
-240.71641445379566,0,0.9904986956265699
-287.9607501543653,0,0.9904986956265699
-339.2972495060195,0,0.9904986956265699
-393.0109212808226,0,0.9904986956265699
-446.5838814073612,0,0.9904986956265699
-497.89783754166393,0,0.9904986956265699
-545.157557634175,0,0.9904986956265699
-586.385171693159,0,0.9904986956265699
-620.1975032997009,0,0.9904986956265699
-646.2677718714341,0,0.9904986956265699
-664.2372719633435,0,0.9904986956265699
-672.9279711981966,0,0.9904986956265699
-670.8443689504184,0,0.9904986956265699
-657.2750845938143,0,0.9904986956265699
-632.6673937958249,0,0.9904986956265699
-598.0629480445835,0,0.9904986956265699
-554.799926768099,0,0.9904986956265699
-504.2010072508499,0,0.9904986956265699
-447.58994275685694,0,0.9904986956265699
-386.80457210513447,0,0.9904986956265699
-324.09163894149924,0,0.9904986956265699
-261.341235163653,0,0.9904986956265699
-199.6256446719189,0,0.9904986956265699
-139.82811906786046,0,0.9904986956265699
-83.32436845749318,0,0.9904986956265699
-31.740613361215903,0,0.9904986956265699
13.678283912166858,0,0.9904986956265699
52.43264327898632,0,0.9904986956265699
84.56395794115186,0,0.9904986956265699
110.2312488557111,0,0.9904986956265699
129.94148119617262,0,0.9904986956265699
144.4750712936222,0,0.9904986956265699
153.98206890195652,0,0.9904986956265699
158.32704069704906,0,0.9904986956265699
158.0453310076914,0,0.9904986956265699
153.7331435422316,0,0.9904986956265699
146.17440279212644,0,0.9904986956265699
137.6352991136009,0,0.9904986956265699
130.19905673502436,0,0.9904986956265699
123.94907745558903,0,0.9904986956265699
118.70389410839736,0,0.9904986956265699
114.72446730668402,0,0.9904986956265699
111.93877227594865,0,0.9904986956265699
110.54003557600866,0,0.9904986956265699
110.80013954360062,0,0.9904986956265699
112.59944865132373,0,0.9904986956265699
116.13694321779364,0,0.9904986956265699
121.32982321404221,0,0.9904986956265699
127.31362500391376,0,0.9904986956265699
133.80139989878197,0,0.9904986956265699
141.15496166505554,0,0.9904986956265699
149.5203284101238,0,0.9904986956265699
158.6970738185333,0,0.9904986956265699
168.36189004465194,0,0.9904986956265699
178.68888266561987,0,0.9904986956265699
189.9017484658589,0,0.9904986956265699
201.73379591919328,0,0.9904986956265699
213.89856023238264,0,0.9904986956265699
225.8646493556967,0,0.9904986956265699
237.1101580740945,0,0.9904986956265699
247.85258056185177,0,0.9904986956265699
257.91111781202454,0,0.9904986956265699
265.94990735541614,0,0.9904986956265699
271.0459868791667,0,0.9904986956265699
273.52165695795645,0,0.9904986956265699
274.257367642811,0,0.9904986956265699
274.21785203872787,1,0.9908779904096956
273.8625192419142,0,0.9908779904096956
273.06658227348123,0,0.9908779904096956
271.80117636572396,0,0.9908779904096956
269.6897873040115,0,0.9908779904096956
266.08873713817223,0,0.9908779904096956
261.24692936815387,0,0.9908779904096956
255.6477431221253,0,0.9908779904096956
249.255698644755,0,0.9908779904096956
241.89962416252547,0,0.9908779904096956
233.08946670456953,0,0.9908779904096956
222.50685213620247,0,0.9908779904096956
210.93102411372405,0,0.9908779904096956
199.4102701189436,0,0.9908779904096956
188.14650503524547,0,0.9908779904096956
177.05524346702555,0,0.9908779904096956
166.34156419334272,0,0.9908779904096956
155.94362162445057,0,0.9908779904096956
145.79793247478932,0,0.9908779904096956
136.34686088237547,0,0.9908779904096956
127.60611603716146,0,0.9908779904096956
118.93591225583899,0,0.9908779904096956
110.14077812423585,0,0.9908779904096956
101.78052304226075,0,0.9908779904096956
93.91213736335868,0,0.9908779904096956
85.7703872046377,0,0.9908779904096956
77.71355862800877,0,0.9908779904096956
71.40108488897025,0,0.9908779904096956
67.43091558888628,0,0.9908779904096956
64.03191721569897,0,0.9908779904096956
58.927772386980585,0,0.9908779904096956
52.103106185265005,0,0.9908779904096956
44.75381170321145,0,0.9908779904096956
37.09438085843561,0,0.9908779904096956
28.816975274808534,0,0.9908779904096956
20.03955884234474,0,0.9908779904096956
11.162050405076998,0,0.9908779904096956
1.6147131506423522,0,0.9908779904096956
-10.25688850974803,0,0.9908779904096956
-25.63211981268666,0,0.9908779904096956
-44.7661344937952,0,0.9908779904096956
-67.29452818157729,0,0.9908779904096956
-93.13602082140322,0,0.9908779904096956
-123.04791044307468,0,0.9908779904096956
-157.0264250826797,0,0.9908779904096956
-194.4999363744537,0,0.9908779904096956
-235.47252776978883,0,0.9908779904096956
-279.3706929213954,0,0.9908779904096956
-325.2795990844465,0,0.9908779904096956
-372.60143580473414,0,0.9908779904096956
-420.3095730190933,0,0.9908779904096956
-466.9798735513606,0,0.9908779904096956
-511.2750578754197,0,0.9908779904096956
-552.090386119888,0,0.9908779904096956
-587.8745202781683,0,0.9908779904096956
-616.7045700614467,0,0.9908779904096956
-637.2409444844468,0,0.9908779904096956
-648.3263047660904,0,0.9908779904096956
-649.1209956267987,0,0.9908779904096956
-639.459569311592,0,0.9908779904096956
-619.5090207097985,0,0.9908779904096956
-590.2459058541367,0,0.9908779904096956
-553.1396379830252,0,0.9908779904096956
-509.46041090817045,0,0.9908779904096956
-460.10458601615113,0,0.9908779904096956
-405.91924591084006,0,0.9908779904096956
-348.7867907438244,0,0.9908779904096956
-291.02022688708666,0,0.9908779904096956
-234.03096192802752,0,0.9908779904096956
-178.55622594831215,0,0.9908779904096956
-125.4594972569004,0,0.9908779904096956
-75.98465472651671,0,0.9908779904096956
-31.107096656810654,0,0.9908779904096956
8.907756988987575,0,0.9908779904096956
44.12603217157504,0,0.9908779904096956
74.34105480278906,0,0.9908779904096956
98.95611274818458,0,0.9908779904096956
117.64325068633319,0,0.9908779904096956
130.89357801471175,0,0.9908779904096956
139.55286261476772,0,0.9908779904096956
144.42061411280045,0,0.9908779904096956
146.48298145805808,0,0.9908779904096956
146.2793415808173,0,0.9908779904096956
143.67297007585293,0,0.9908779904096956
139.026442312998,0,0.9908779904096956
133.46046618875107,0,0.9908779904096956
128.34124710166503,0,0.9908779904096956
124.9531933878597,0,0.9908779904096956
123.75401982044912,0,0.9908779904096956
124.43841956823353,0,0.9908779904096956
126.93708039500315,0,0.9908779904096956
131.28870753640277,0,0.9908779904096956
137.0478045937133,0,0.9908779904096956
143.92631121121315,0,0.9908779904096956
151.93558350874466,0,0.9908779904096956
160.86145772753537,0,0.9908779904096956
170.55877147723373,0,0.9908779904096956
180.58176144988383,0,0.9908779904096956
190.09820553631656,0,0.9908779904096956
198.8471047902766,0,0.9908779904096956
207.10472124721161,0,0.9908779904096956
215.10062015605683,0,0.9908779904096956
223.14045084227885,0,0.9908779904096956
231.6020209470983,0,0.9908779904096956
240.01806596862514,0,0.9908779904096956
247.17772391605368,0,0.9908779904096956
252.24260753225326,0,0.9908779904096956
255.121938658723,0,0.9908779904096956
256.7411731483762,0,0.9908779904096956
258.4548883957444,0,0.9908779904096956
260.85106216815205,0,0.9908779904096956
263.8657357341289,0,0.9908779904096956
266.86567581688666,0,0.9908779904096956
268.44745641874607,0,0.9908779904096956
267.55497401566987,1,0.9908132537652369
264.6931471591647,0,0.9908132537652369
261.0465514692779,0,0.9908132537652369
257.0420410858332,0,0.9908132537652369
252.61052667758057,0,0.9908132537652369
247.43552654140896,0,0.9908132537652369
241.01147788380428,0,0.9908132537652369
233.33952066995963,0,0.9908132537652369
224.8254667051601,0,0.9908132537652369
215.33235376140235,0,0.9908132537652369
204.09926875167278,0,0.9908132537652369
191.43370186429726,0,0.9908132537652369
178.84054634283504,0,0.9908132537652369
167.12446677276765,0,0.9908132537652369
156.43364005577092,0,0.9908132537652369
146.9285113794017,0,0.9908132537652369
138.47371455060886,0,0.9908132537652369
130.55048389967348,0,0.9908132537652369
122.78028673627138,0,0.9908132537652369
115.22767744321219,0,0.9908132537652369
107.66269863795303,0,0.9908132537652369
99.45772532306913,0,0.9908132537652369
90.74554877100545,0,0.9908132537652369
82.69681720446982,0,0.9908132537652369
76.09073483170042,0,0.9908132537652369
70.89445590039173,0,0.9908132537652369
66.97940563408595,0,0.9908132537652369
63.39410671940714,0,0.9908132537652369
58.964657915766495,0,0.9908132537652369
53.96054506801009,0,0.9908132537652369
49.06791579914969,0,0.9908132537652369
44.00929096796693,0,0.9908132537652369
37.9241255275018,0,0.9908132537652369
30.489227273446808,0,0.9908132537652369
22.149457898897428,0,0.9908132537652369
12.893225799345133,0,0.9908132537652369
1.8938006414293975,0,0.9908132537652369
-10.918648290179684,0,0.9908132537652369
-24.88859730827917,0,0.9908132537652369
-40.722908829611576,0,0.9908132537652369
-59.919630101879676,0,0.9908132537652369
-82.66004356375745,0,0.9908132537652369
-108.30547933253212,0,0.9908132537652369
-136.88889118220013,0,0.9908132537652369
-168.9326950705632,0,0.9908132537652369
-204.73791390965712,0,0.9908132537652369
-244.47865655226283,0,0.9908132537652369
-288.35925817943917,0,0.9908132537652369
-336.050794575207,0,0.9908132537652369
-386.3729690578638,0,0.9908132537652369
-437.8096954232552,0,0.9908132537652369
-488.4117243250064,0,0.9908132537652369
-535.9829815774923,0,0.9908132537652369
-578.7750577152598,0,0.9908132537652369
-615.2463744701971,0,0.9908132537652369
-644.2727273967992,0,0.9908132537652369
-665.3693494452152,0,0.9908132537652369
-677.6951766296552,0,0.9908132537652369
-679.7524915235724,0,0.9908132537652369
-670.5277239826289,0,0.9908132537652369
-649.9444181822704,0,0.9908132537652369
-618.4803400494958,0,0.9908132537652369
-577.5367986552952,0,0.9908132537652369
-529.1075277835835,0,0.9908132537652369
-474.91579555234813,0,0.9908132537652369
-416.4444530774609,0,0.9908132537652369
-354.8402336188068,0,0.9908132537652369
-291.47996639027747,0,0.9908132537652369
-228.16846547093405,0,0.9908132537652369
-166.09232653573054,0,0.9908132537652369
-106.17976497367394,0,0.9908132537652369
-49.63686114463508,0,0.9908132537652369
2.175727901353234,0,0.9908132537652369
48.00593098907942,0,0.9908132537652369
87.35331903401928,0,0.9908132537652369
120.10176666312582,0,0.9908132537652369
146.304066461902,0,0.9908132537652369
166.28936136756545,0,0.9908132537652369
180.2449956887325,0,0.9908132537652369
188.46406794199117,0,0.9908132537652369
191.72601184838393,0,0.9908132537652369
191.08952526512795,0,0.9908132537652369
187.38115961579172,0,0.9908132537652369
181.09043254562403,0,0.9908132537652369
172.7720873548723,0,0.9908132537652369
163.154690233439,0,0.9908132537652369
153.15109400282753,0,0.9908132537652369
143.8826589629286,0,0.9908132537652369
136.5161949081398,0,0.9908132537652369
131.59978313653593,0,0.9908132537652369
128.68770670224572,0,0.9908132537652369
127.15130163128502,0,0.9908132537652369
126.90948752143609,0,0.9908132537652369
128.5954250616175,0,0.9908132537652369
132.99104914510843,0,0.9908132537652369
140.16704491684212,0,0.9908132537652369
149.56136973583668,0,0.9908132537652369
160.12068150287212,0,0.9908132537652369
170.74222286702346,0,0.9908132537652369
181.20575080123922,0,0.9908132537652369
192.00046760321138,0,0.9908132537652369
203.5022334038149,0,0.9908132537652369
215.3808966261432,0,0.9908132537652369
227.0314165630976,0,0.9908132537652369
238.2473829625345,0,0.9908132537652369
248.62418490014304,0,0.9908132537652369
257.738867742408,0,0.9908132537652369
265.51977097546114,0,0.9908132537652369
271.5443495369665,0,0.9908132537652369
275.65250464352664,0,0.9908132537652369
278.4387705743868,0,0.9908132537652369
280.1110339659817,0,0.9908132537652369
279.6509268002555,1,0.9911737812046172
275.8713813637613,0,0.9911737812046172
269.2177276819898,0,0.9911737812046172
261.11549690921316,0,0.9911737812046172
252.86302624867022,0,0.9911737812046172
245.7017838439335,0,0.9911737812046172
239.85044819043281,0,0.9911737812046172
234.09351276233642,0,0.9911737812046172
227.3230022589929,0,0.9911737812046172
219.57740322216918,0,0.9911737812046172
211.58146500500905,0,0.9911737812046172
204.4610355547055,0,0.9911737812046172
198.73802692340735,0,0.9911737812046172
193.34157706074106,0,0.9911737812046172
187.43012848851106,0,0.9911737812046172
181.0423646188649,0,0.9911737812046172
173.7597025559419,0,0.9911737812046172
165.47632599345195,0,0.9911737812046172
156.6462679896849,0,0.9911737812046172
147.40597575430505,0,0.9911737812046172
137.88767220359222,0,0.9911737812046172
128.04729222352134,0,0.9911737812046172
117.43801675765351,0,0.9911737812046172
105.90898269230782,0,0.9911737812046172
94.43374880224552,0,0.9911737812046172
84.29363188934632,0,0.9911737812046172
75.38081760219828,0,0.9911737812046172
66.86375916351473,0,0.9911737812046172
58.37553999575082,0,0.9911737812046172
49.8358526845702,0,0.9911737812046172
40.88675509993687,0,0.9911737812046172
31.169338270210243,0,0.9911737812046172
20.661305280163173,0,0.9911737812046172
9.034115928266155,0,0.9911737812046172
-4.346879542140161,0,0.9911737812046172
-19.702002476564655,0,0.9911737812046172
-36.6627993089747,0,0.9911737812046172
-55.707098083644325,0,0.9911737812046172
-78.32630543203803,0,0.9911737812046172
-105.12303839595687,0,0.9911737812046172
-136.24437948192,0,0.9911737812046172
-172.43789246147585,0,0.9911737812046172
-213.77159046359913,0,0.9911737812046172
-258.7594769534855,0,0.9911737812046172
-305.78545894857854,0,0.9911737812046172
-354.24660602616757,0,0.9911737812046172
-403.8035686712647,0,0.9911737812046172
-453.25584262781786,0,0.9911737812046172
-500.4713325935054,0,0.9911737812046172
-543.3548402370566,0,0.9911737812046172
-580.7522230026236,0,0.9911737812046172
-612.0759535460418,0,0.9911737812046172
-635.2951674394752,0,0.9911737812046172
-647.4292980583106,0,0.9911737812046172
-647.9370915974557,0,0.9911737812046172
-638.3310972253529,0,0.9911737812046172
-619.2930962370415,0,0.9911737812046172
-591.0529813237154,0,0.9911737812046172
-554.9104657045394,0,0.9911737812046172
-512.040613674103,0,0.9911737812046172
-462.5282749222147,0,0.9911737812046172
-406.64284324877224,0,0.9911737812046172
-345.44309828376794,0,0.9911737812046172
-281.03291571397943,0,0.9911737812046172
-216.7941845225166,0,0.9911737812046172
-155.35613377153285,0,0.9911737812046172
-97.0457401861809,0,0.9911737812046172
-41.788607294286074,0,0.9911737812046172
9.30017304365794,0,0.9911737812046172
54.44825256646438,0,0.9911737812046172
92.10954128081367,0,0.9911737812046172
122.00798116320212,0,0.9911737812046172
144.9667293683738,0,0.9911737812046172
161.49716182754844,0,0.9911737812046172
171.56794675095742,0,0.9911737812046172
175.69271820224435,0,0.9911737812046172
175.31143767004417,0,0.9911737812046172
171.73671125407233,0,0.9911737812046172
165.70750456522882,0,0.9911737812046172
157.92952948778637,0,0.9911737812046172
149.17535542676436,0,0.9911737812046172
140.44393726259793,0,0.9911737812046172
132.9811416990745,0,0.9911737812046172
127.36943207935495,0,0.9911737812046172
123.31672780896801,0,0.9911737812046172
120.70004479108073,0,0.9911737812046172
119.57134998955414,0,0.9911737812046172
119.6456766838177,0,0.9911737812046172
121.0013074172867,0,0.9911737812046172
123.81474071466573,0,0.9911737812046172
127.47603870135173,0,0.9911737812046172
131.90495079402243,0,0.9911737812046172
138.45277699385665,0,0.9911737812046172
147.90857556367033,0,0.9911737812046172
159.27951026720086,0,0.9911737812046172
171.27788830457396,0,0.9911737812046172
183.35303072373873,0,0.9911737812046172
195.04300671281933,0,0.9911737812046172
206.02197261374073,0,0.9911737812046172
216.80540925445453,0,0.9911737812046172
227.75666341740333,0,0.9911737812046172
238.11949539680694,0,0.9911737812046172
247.10610168147088,0,0.9911737812046172
254.6363416641522,0,0.9911737812046172
260.479293957679,0,0.9911737812046172
264.0438419055061,0,0.9911737812046172
265.5989055079003,0,0.9911737812046172
266.09734842342993,0,0.9911737812046172
265.48517175729097,1,0.9913043633042997
263.2028814849845,0,0.9913043633042997
259.7061344197733,0,0.9913043633042997
255.6929526702875,0,0.9913043633042997
251.0277134813034,0,0.9913043633042997
245.71205190711814,0,0.9913043633042997
240.3702212541956,0,0.9913043633042997
235.00039892306938,0,0.9913043633042997
229.12444078314425,0,0.9913043633042997
222.4853131348647,0,0.9913043633042997
214.75471810660608,0,0.9913043633042997
205.98989695320353,0,0.9913043633042997
196.4634061159432,0,0.9913043633042997
186.21456586607516,0,0.9913043633042997
175.69210791316735,0,0.9913043633042997
165.2010853558551,0,0.9913043633042997
154.41258902965336,0,0.9913043633042997
143.80475794532597,0,0.9913043633042997
134.6609093260382,0,0.9913043633042997
126.68371694756729,0,0.9913043633042997
118.107547840115,0,0.9913043633042997
108.80229071156425,0,0.9913043633042997
100.18222298541909,0,0.9913043633042997
92.76192872163737,0,0.9913043633042997
86.57194575989568,0,0.9913043633042997
81.69316605378835,0,0.9913043633042997
77.79833136120607,0,0.9913043633042997
74.88970506118297,0,0.9913043633042997
73.002752116182,0,0.9913043633042997
71.4102606975145,0,0.9913043633042997
69.3165871971128,0,0.9913043633042997
66.42424539186034,0,0.9913043633042997
62.9625159060107,0,0.9913043633042997
59.45856975977869,0,0.9913043633042997
55.7898522540709,0,0.9913043633042997
51.045231776748835,0,0.9913043633042997
44.718789056834915,0,0.9913043633042997
36.73318849156305,0,0.9913043633042997
26.582973327377566,0,0.9913043633042997
14.073272538857433,0,0.9913043633042997
-0.47896072518856037,0,0.9913043633042997
-17.674876513635,0,0.9913043633042997
-38.45284860515766,0,0.9913043633042997
-62.679559951745496,0,0.9913043633042997
-90.03709952658329,0,0.9913043633042997
-120.78860181470692,0,0.9913043633042997
-155.28389095777797,0,0.9913043633042997
-193.99527715162785,0,0.9913043633042997
-236.84059699318047,0,0.9913043633042997
-282.56039701799597,0,0.9913043633042997
-330.02610567972346,0,0.9913043633042997
-378.597105837125,0,0.9913043633042997
-427.4795073573848,0,0.9913043633042997
-475.52562763541033,0,0.9913043633042997
-520.9895962085077,0,0.9913043633042997
-562.1945580173066,0,0.9913043633042997
-597.9189655654369,0,0.9913043633042997
-626.8770959700448,0,0.9913043633042997
-647.4466826222119,0,0.9913043633042997
-657.7230904454944,0,0.9913043633042997
-657.0505230066892,0,0.9913043633042997
-646.485260870769,0,0.9913043633042997
-626.6350827316776,0,0.9913043633042997
-597.4934140015231,0,0.9913043633042997
-559.8269045802906,0,0.9913043633042997
-515.2895542269913,0,0.9913043633042997
-465.4694749794794,0,0.9913043633042997
-411.06931944983467,0,0.9913043633042997
-352.9807904758435,0,0.9913043633042997
-292.7697702035071,0,0.9913043633042997
-232.08094433991795,0,0.9913043633042997
-173.1197830525119,0,0.9913043633042997
-118.05156963985968,0,0.9913043633042997
-68.06414187688297,0,0.9913043633042997
-23.864384399722187,0,0.9913043633042997
14.677932434673577,0,0.9913043633042997
48.73681192695997,0,0.9913043633042997
78.82151227776123,0,0.9913043633042997
104.38960324377574,0,0.9913043633042997
124.82671492347187,0,0.9913043633042997
139.4790909527463,0,0.9913043633042997
148.61019351155858,0,0.9913043633042997
153.8514202708132,0,0.9913043633042997
156.34799212201153,0,0.9913043633042997
156.32551918007152,0,0.9913043633042997
153.6936074617769,0,0.9913043633042997
147.82927301566664,0,0.9913043633042997
138.67002254740794,0,0.9913043633042997
127.92765122229378,0,0.9913043633042997
117.88281545397757,0,0.9913043633042997
109.77503474254098,0,0.9913043633042997
103.83071984456924,0,0.9913043633042997
99.8123976484507,0,0.9913043633042997
97.66711991210495,0,0.9913043633042997
97.9228191343832,0,0.9913043633042997
100.82399949880889,0,0.9913043633042997
105.98666236790221,0,0.9913043633042997
112.88587412786995,0,0.9913043633042997
120.89710551553222,0,0.9913043633042997
129.8179932266102,0,0.9913043633042997
139.74382606982547,0,0.9913043633042997
150.81077037080397,0,0.9913043633042997
163.61351722436828,0,0.9913043633042997
178.29538783306268,0,0.9913043633042997
193.95022571052317,0,0.9913043633042997
209.4630606136055,0,0.9913043633042997
223.9387684700835,0,0.9913043633042997
236.6504804851091,0,0.9913043633042997
247.51930930741958,0,0.9913043633042997
256.82248246061806,0,0.9913043633042997
264.6081051160881,0,0.9913043633042997
271.18796827476643,0,0.9913043633042997
276.8822496743003,0,0.9913043633042997
281.42366839178607,0,0.9913043633042997
284.3680583624324,0,0.9913043633042997
285.854219624914,0,0.9913043633042997
286.292920649171,0,0.9913043633042997
285.5422740749014,1,0.9904254367553366
283.531124807255,0,0.9904254367553366
280.76917776432083,0,0.9904254367553366
277.7098533589317,0,0.9904254367553366
274.356736670943,0,0.9904254367553366
270.29832835383706,0,0.9904254367553366
264.7811088072838,0,0.9904254367553366
257.2580669658777,0,0.9904254367553366
248.60893041435074,0,0.9904254367553366
240.12248125826622,0,0.9904254367553366
231.23469165290186,0,0.9904254367553366
220.63961633471584,0,0.9904254367553366
207.7346295026362,0,0.9904254367553366
192.6832693680304,0,0.9904254367553366
176.93611390652347,0,0.9904254367553366
162.05099550326577,0,0.9904254367553366
148.20362439368952,0,0.9904254367553366
134.71800821578566,0,0.9904254367553366
121.11950742626742,0,0.9904254367553366
108.02302790580062,0,0.9904254367553366
96.41902870617858,0,0.9904254367553366
86.38933310235358,0,0.9904254367553366
77.78709797884817,0,0.9904254367553366
70.32262645471752,0,0.9904254367553366
63.43369028144379,0,0.9904254367553366
57.18193320735918,0,0.9904254367553366
51.505156567150145,0,0.9904254367553366
45.55078207674569,0,0.9904254367553366
38.85385929013238,0,0.9904254367553366
31.594066111590447,0,0.9904254367553366
24.01404638518246,0,0.9904254367553366
16.528902509122595,0,0.9904254367553366
9.128688263617494,0,0.9904254367553366
1.7033976703138187,0,0.9904254367553366
-5.076522262733565,0,0.9904254367553366
-11.363168365568782,0,0.9904254367553366
-18.076647363850213,0,0.9904254367553366
-25.308395000562,0,0.9904254367553366
-33.46745176146863,0,0.9904254367553366
-44.00526080689685,0,0.9904254367553366
-58.27698705823152,0,0.9904254367553366
-76.66393619696933,0,0.9904254367553366
-98.33135287288376,0,0.9904254367553366
-122.31968350381204,0,0.9904254367553366
-149.0607643505308,0,0.9904254367553366
-179.89344160747555,0,0.9904254367553366
-215.62240470685788,0,0.9904254367553366
-256.09673258677714,0,0.9904254367553366
-300.49105197774156,0,0.9904254367553366
-348.0213603306987,0,0.9904254367553366
-397.58446081730125,0,0.9904254367553366
-447.02331567202907,0,0.9904254367553366
-494.397025553936,0,0.9904254367553366
-538.467300518851,0,0.9904254367553366
-577.230177036405,0,0.9904254367553366
-608.5086536215446,0,0.9904254367553366
-631.8225237385622,0,0.9904254367553366
-646.9195652747608,0,0.9904254367553366
-652.4424669935231,0,0.9904254367553366
-647.8262866216232,0,0.9904254367553366
-633.5565208180975,0,0.9904254367553366
-609.7996944586174,0,0.9904254367553366
-576.5326754962408,0,0.9904254367553366
-534.3806836431593,0,0.9904254367553366
-485.1309857519256,0,0.9904254367553366
-431.2121770961537,0,0.9904254367553366
-374.49363322665,0,0.9904254367553366
-316.2443321369467,0,0.9904254367553366
-257.8782665121262,0,0.9904254367553366
-200.883927647063,0,0.9904254367553366
-146.5750383981277,0,0.9904254367553366
-96.0165304462321,0,0.9904254367553366
-49.76659671797371,0,0.9904254367553366
-8.332720858912172,0,0.9904254367553366
27.510746072870507,0,0.9904254367553366
57.22456849582493,0,0.9904254367553366
80.5181436838235,0,0.9904254367553366
97.32671106706952,0,0.9904254367553366
108.50255853854526,0,0.9904254367553366
115.90204902252917,0,0.9904254367553366
121.0777679383985,0,0.9904254367553366
124.49723694218821,0,0.9904254367553366
126.14062122545141,0,0.9904254367553366
126.47575523666103,0,0.9904254367553366
126.36131570871606,0,0.9904254367553366
125.95811805002272,0,0.9904254367553366
125.21783549880055,0,0.9904254367553366
124.88948672521302,0,0.9904254367553366
125.95318280974023,0,0.9904254367553366
128.76617019036965,0,0.9904254367553366
133.02889482325875,0,0.9904254367553366
138.44799945041376,0,0.9904254367553366
144.8611489504154,0,0.9904254367553366
151.75350789183074,0,0.9904254367553366
158.65752068938963,0,0.9904254367553366
165.74345767374052,0,0.9904254367553366
173.67736486568182,0,0.9904254367553366
183.14704489822074,0,0.9904254367553366
194.3564225707491,0,0.9904254367553366
206.87840222132928,0,0.9904254367553366
219.97418937268472,0,0.9904254367553366
232.90680669164857,0,0.9904254367553366
244.8417104082498,0,0.9904254367553366
255.04161462665084,0,0.9904254367553366
263.2838597192149,0,0.9904254367553366
269.98952124167414,0,0.9904254367553366
275.90870964324677,0,0.9904254367553366
280.9887515318714,0,0.9904254367553366
284.299396346164,0,0.9904254367553366
285.5272500726167,0,0.9904254367553366
285.4876497964623,1,0.9907458433992893
285.0905923624075,0,0.9907458433992893
284.3890669076801,0,0.9907458433992893
283.1723999574019,0,0.9907458433992893
281.5015796181541,0,0.9907458433992893
278.75361957879824,0,0.9907458433992893
273.7867388931367,0,0.9907458433992893
266.82711932941095,0,0.9907458433992893
259.51403956070664,0,0.9907458433992893
252.52429830092444,0,0.9907458433992893
244.98263213170213,0,0.9907458433992893
235.72870027386674,0,0.9907458433992893
224.37971074339313,0,0.9907458433992893
212.04983639489404,0,0.9907458433992893
200.04243086910557,0,0.9907458433992893
188.55599114090722,0,0.9907458433992893
177.37169956206344,0,0.9907458433992893
166.103254867833,0,0.9907458433992893
154.24524007716138,0,0.9907458433992893
141.78114211247632,0,0.9907458433992893
129.29592024314613,0,0.9907458433992893
117.91447834779856,0,0.9907458433992893
108.82261807944214,0,0.9907458433992893
101.85108650654388,0,0.9907458433992893
95.9343753322415,0,0.9907458433992893
91.04402602975289,0,0.9907458433992893
87.19551677194248,0,0.9907458433992893
83.23951696036997,0,0.9907458433992893
78.42804393912857,0,0.9907458433992893
72.83839320452176,0,0.9907458433992893
66.90673280345328,0,0.9907458433992893
61.63962089607833,0,0.9907458433992893
57.60171230968627,0,0.9907458433992893
54.25141211595607,0,0.9907458433992893
50.863877438419415,0,0.9907458433992893
47.30287120686017,0,0.9907458433992893
43.85630651330284,0,0.9907458433992893
40.56219191797126,0,0.9907458433992893
36.72806827722584,0,0.9907458433992893
31.964736206475212,0,0.9907458433992893
27.379177583077478,0,0.9907458433992893
23.594292895256395,0,0.9907458433992893
19.1413972413488,0,0.9907458433992893
13.001365040753177,0,0.9907458433992893
5.657048672212877,0,0.9907458433992893
-3.562041281635965,0,0.9907458433992893
-16.139629934530543,0,0.9907458433992893
-32.55992631940503,0,0.9907458433992893
-53.374591266485005,0,0.9907458433992893
-78.95611477304575,0,0.9907458433992893
-109.00850880987804,0,0.9907458433992893
-143.57469895820552,0,0.9907458433992893
-182.77553766728406,0,0.9907458433992893
-226.42776750063473,0,0.9907458433992893
-273.7661340249725,0,0.9907458433992893
-323.1834542206583,0,0.9907458433992893
-373.34935294993835,0,0.9907458433992893
-424.20184803272423,0,0.9907458433992893
-475.4448564155991,0,0.9907458433992893
-524.5869889987687,0,0.9907458433992893
-568.1679933249362,0,0.9907458433992893
-604.1177533450845,0,0.9907458433992893
-632.0669722032661,0,0.9907458433992893
-652.2201445119011,0,0.9907458433992893
-664.3550768677474,0,0.9907458433992893
-667.5208543825352,0,0.9907458433992893
-660.2981524282304,0,0.9907458433992893
-642.2607491618487,0,0.9907458433992893
-614.9370202055051,0,0.9907458433992893
-579.8219371207847,0,0.9907458433992893
-537.0989737375595,0,0.9907458433992893
-487.30640833150625,0,0.9907458433992893
-431.6386395121713,0,0.9907458433992893
-371.09043103692346,0,0.9907458433992893
-307.67755167465367,0,0.9907458433992893
-244.6331276025243,0,0.9907458433992893
-184.2821779977592,0,0.9907458433992893
-127.3176959490565,0,0.9907458433992893
-73.8755956175543,0,0.9907458433992893
-24.390927225931527,0,0.9907458433992893
20.180808719924837,0,0.9907458433992893
59.01151907879604,0,0.9907458433992893
92.10945666150936,0,0.9907458433992893
119.10212050852837,0,0.9907458433992893
139.27034048063845,0,0.9907458433992893
153.26662760770066,0,0.9907458433992893
162.49017148084965,0,0.9907458433992893
167.84639280960303,0,0.9907458433992893
169.43083080261363,0,0.9907458433992893
167.22966643228366,0,0.9907458433992893
162.2704286223036,0,0.9907458433992893
155.75933941608554,0,0.9907458433992893
148.1176554293789,0,0.9907458433992893
140.12569721501762,0,0.9907458433992893
132.9647349341777,0,0.9907458433992893
127.06526360125572,0,0.9907458433992893
122.37080179398674,0,0.9907458433992893
119.07784313607019,0,0.9907458433992893
117.9203973517548,0,0.9907458433992893
119.52464123240797,0,0.9907458433992893
123.55978457936608,0,0.9907458433992893
129.32135284907977,0,0.9907458433992893
136.6806552208239,0,0.9907458433992893
145.7879657931775,0,0.9907458433992893
155.94784748131002,0,0.9907458433992893
165.9505227695266,0,0.9907458433992893
175.71866156629025,0,0.9907458433992893
185.9597466656496,0,0.9907458433992893
196.4565390911546,0,0.9907458433992893
206.3263305867033,0,0.9907458433992893
215.47922017095823,0,0.9907458433992893
224.42864923632146,0,0.9907458433992893
233.37857670216061,0,0.9907458433992893
242.08791796565168,0,0.9907458433992893
250.0395480610931,0,0.9907458433992893
256.9177721111414,0,0.9907458433992893
262.7825383067515,0,0.9907458433992893
267.80779988932153,0,0.9907458433992893
271.721234435997,0,0.9907458433992893
273.9757160076787,0,0.9907458433992893
274.7218841943747,0,0.9907458433992893
274.1473975385929,1,0.9888073019478825
272.2937061736815,0,0.9888073019478825
269.65577899244477,0,0.9888073019478825
265.9826214264305,0,0.9888073019478825
260.32110303382393,0,0.9888073019478825
252.53668068902795,0,0.9888073019478825
243.46328654746927,0,0.9888073019478825
233.8034982974245,0,0.9888073019478825
223.829247683537,0,0.9888073019478825
214.54518633061144,0,0.9888073019478825
207.04154252845876,0,0.9888073019478825
200.79975272830492,0,0.9888073019478825
194.62078401663678,0,0.9888073019478825
188.0950068597453,0,0.9888073019478825
181.02786648273863,0,0.9888073019478825
172.98924779190486,0,0.9888073019478825
163.83537343723765,0,0.9888073019478825
154.04014403768275,0,0.9888073019478825
144.856003787872,0,0.9888073019478825
137.37100749032393,0,0.9888073019478825
131.33923132097482,0,0.9888073019478825
125.77869103062744,0,0.9888073019478825
120.28653680124079,0,0.9888073019478825
114.92008044220104,0,0.9888073019478825
109.16146907375378,0,0.9888073019478825
102.27240977805528,0,0.9888073019478825
94.6445286473199,0,0.9888073019478825
87.20006098174952,0,0.9888073019478825
80.00804657481957,0,0.9888073019478825
72.97099480356188,0,0.9888073019478825
65.95109047145657,0,0.9888073019478825
58.29342365785929,0,0.9888073019478825
49.35764058636468,0,0.9888073019478825
39.04242997353481,0,0.9888073019478825
27.793394952989818,0,0.9888073019478825
15.554194858750122,0,0.9888073019478825
1.3636440215874572,0,0.9888073019478825
-15.642057787658144,0,0.9888073019478825
-35.14473762794099,0,0.9888073019478825
-56.279538357299714,0,0.9888073019478825
-79.43033336168098,0,0.9888073019478825
-105.97573155592657,0,0.9888073019478825
-136.59936488464143,0,0.9888073019478825
-171.04944816983576,0,0.9888073019478825
-208.90122253888856,0,0.9888073019478825
-249.86475513839704,0,0.9888073019478825
-293.97161562546927,0,0.9888073019478825
-340.88749062674987,0,0.9888073019478825
-389.3930972199574,0,0.9888073019478825
-438.0684014597811,0,0.9888073019478825
-485.3790100131047,0,0.9888073019478825
-530.0789095665803,0,0.9888073019478825
-571.5236390180438,0,0.9888073019478825
-608.388259894756,0,0.9888073019478825
-638.669429313215,0,0.9888073019478825
-660.5382754628117,0,0.9888073019478825
-672.6455458506466,0,0.9888073019478825
-674.77474517031,0,0.9888073019478825
-666.5378783028342,0,0.9888073019478825
-646.8250169716979,0,0.9888073019478825
-616.2443934424094,0,0.9888073019478825
-576.8111476369331,0,0.9888073019478825
-529.5323994020384,0,0.9888073019478825
-475.2145620817779,0,0.9888073019478825
-415.7392703901916,0,0.9888073019478825
-352.8020925845985,0,0.9888073019478825
-287.71659544358585,0,0.9888073019478825
-222.4445853961313,0,0.9888073019478825
-159.55922330982764,0,0.9888073019478825
-101.32070113969385,0,0.9888073019478825
-48.58323793274944,0,0.9888073019478825
-1.0892854564627334,0,0.9888073019478825
41.35578153296192,0,0.9888073019478825
78.44380341418027,0,0.9888073019478825
109.63853531987934,0,0.9888073019478825
134.47981349914946,0,0.9888073019478825
152.6751251161272,0,0.9888073019478825
164.82813223510902,0,0.9888073019478825
172.6164553490454,0,0.9888073019478825
176.7954711171422,0,0.9888073019478825
176.74447944218971,0,0.9888073019478825
172.74284844447965,0,0.9888073019478825
166.05227423955594,0,0.9888073019478825
157.39502714015748,0,0.9888073019478825
147.19303385955672,0,0.9888073019478825
136.22346282777755,0,0.9888073019478825
125.93434262969069,0,0.9888073019478825
117.92912474432016,0,0.9888073019478825
112.47176705380934,0,0.9888073019478825
108.53388680171078,0,0.9888073019478825
105.39732504557426,0,0.9888073019478825
103.44014839701492,0,0.9888073019478825
103.16477992614178,0,0.9888073019478825
104.63261267303419,0,0.9888073019478825
108.30463718393948,0,0.9888073019478825
114.76269137100465,0,0.9888073019478825
123.7871728361992,0,0.9888073019478825
135.11433088723723,0,0.9888073019478825
149.06254300951917,0,0.9888073019478825
165.18015508679434,0,0.9888073019478825
181.91260466922319,0,0.9888073019478825
197.94981749574868,0,0.9888073019478825
212.66042610480773,0,0.9888073019478825
226.063655082385,0,0.9888073019478825
238.692137302554,0,0.9888073019478825
250.4820544355987,0,0.9888073019478825
260.27148663746146,0,0.9888073019478825
267.33064458217905,0,0.9888073019478825
272.2222774221334,0,0.9888073019478825
275.41513270932836,0,0.9888073019478825
276.8993136012374,0,0.9888073019478825
277.30430631310844,0,0.9888073019478825
277.37754224064093,0,0.9888073019478825
277.3284619247959,1,0.9891296597845263
277.07104654164164,0,0.9891296597845263
275.57593062427327,0,0.9891296597845263
272.0242051971232,0,0.9891296597845263
267.2198036551431,0,0.9891296597845263
261.8980600763041,0,0.9891296597845263
256.1606847826395,0,0.9891296597845263
250.39882285513832,0,0.9891296597845263
244.79589276684004,0,0.9891296597845263
238.53754625293897,0,0.9891296597845263
230.49544855872003,0,0.9891296597845263
221.0020893804568,0,0.9891296597845263
211.06298201887353,0,0.9891296597845263
200.51636232253588,0,0.9891296597845263
189.26348403369795,0,0.9891296597845263
177.91482483038416,0,0.9891296597845263
166.39914495784086,0,0.9891296597845263
154.1829597139656,0,0.9891296597845263
141.8030598110585,0,0.9891296597845263
130.63281185250844,0,0.9891296597845263
121.11760044978436,0,0.9891296597845263
112.26363148531614,0,0.9891296597845263
102.97368694772881,0,0.9891296597845263
93.24945174706052,0,0.9891296597845263
83.70395814697089,0,0.9891296597845263
74.52176357986322,0,0.9891296597845263
65.29339960665423,0,0.9891296597845263
55.82781199420688,0,0.9891296597845263
47.03836775367581,0,0.9891296597845263
40.14262347900973,0,0.9891296597845263
35.285150148178644,0,0.9891296597845263
31.83314945612289,0,0.9891296597845263
29.177855860027755,0,0.9891296597845263
27.11285834058706,0,0.9891296597845263
25.76191076926044,0,0.9891296597845263
24.85086507093146,0,0.9891296597845263
23.524244701926403,0,0.9891296597845263
20.664135109082768,0,0.9891296597845263
15.244985994374519,0,0.9891296597845263
7.107272288024806,0,0.9891296597845263
-3.2706147530084126,0,0.9891296597845263
-16.190000576784406,0,0.9891296597845263
-32.87841244106214,0,0.9891296597845263
-54.51144588283168,0,0.9891296597845263
-81.56197954627729,0,0.9891296597845263
-113.28802377265121,0,0.9891296597845263
-148.6023081747338,0,0.9891296597845263
-187.39067623667262,0,0.9891296597845263
-229.83794665526065,0,0.9891296597845263
-275.9106259381159,0,0.9891296597845263
-325.4953150916001,0,0.9891296597845263
-377.6817579397885,0,0.9891296597845263
-430.37581963905524,0,0.9891296597845263
-481.18418865186135,0,0.9891296597845263
-528.8025287127126,0,0.9891296597845263
-572.5612612337928,0,0.9891296597845263
-610.8053134879466,0,0.9891296597845263
-641.3191092027997,0,0.9891296597845263
-662.856219548186,0,0.9891296597845263
-675.5711653604684,0,0.9891296597845263
-679.5804681238429,0,0.9891296597845263
-673.2856544462906,0,0.9891296597845263
-654.6448360087921,0,0.9891296597845263
-623.7358528606992,0,0.9891296597845263
-582.3479389902213,0,0.9891296597845263
-532.5315131258247,0,0.9891296597845263
-476.7515316328834,0,0.9891296597845263
-417.1671859833084,0,0.9891296597845263
-355.21490655626087,0,0.9891296597845263
-292.3320503160072,0,0.9891296597845263
-229.7623195604101,0,0.9891296597845263
-168.5166704206814,0,0.9891296597845263
-109.86584908907687,0,0.9891296597845263
-55.73508003125173,0,0.9891296597845263
-7.95153918904741,0,0.9891296597845263
32.735273044998046,0,0.9891296597845263
66.51740057185386,0,0.9891296597845263
94.26816526486466,0,0.9891296597845263
116.4837325441657,0,0.9891296597845263
133.10697811162652,0,0.9891296597845263
144.80078058496005,0,0.9891296597845263
152.5924999532042,0,0.9891296597845263
157.131826415381,0,0.9891296597845263
159.01955070158004,0,0.9891296597845263
158.70445146361143,0,0.9891296597845263
156.51373414047805,0,0.9891296597845263
152.6835192671239,0,0.9891296597845263
147.1606552463924,0,0.9891296597845263
140.61768367089402,0,0.9891296597845263
134.0784626413282,0,0.9891296597845263
127.88204319177109,0,0.9891296597845263
122.50849331665229,0,0.9891296597845263
118.35922598527486,0,0.9891296597845263
115.48618172633095,0,0.9891296597845263
114.25005887848302,0,0.9891296597845263
114.88148240707233,0,0.9891296597845263
117.6050585239599,0,0.9891296597845263
122.958811127919,0,0.9891296597845263
130.9972905465467,0,0.9891296597845263
141.46650866983387,0,0.9891296597845263
153.86370492680203,0,0.9891296597845263
167.08192668072684,0,0.9891296597845263
180.52015163677402,0,0.9891296597845263
194.06596711562125,0,0.9891296597845263
207.2396506404882,0,0.9891296597845263
220.2427108623505,0,0.9891296597845263
233.37239689573664,0,0.9891296597845263
245.19754233313765,0,0.9891296597845263
254.727269592511,0,0.9891296597845263
262.9104262134899,0,0.9891296597845263
270.09019529036453,0,0.9891296597845263
275.6281468010971,0,0.9891296597845263
279.3714992132031,0,0.9891296597845263
281.5079447155015,0,0.9891296597845263
282.5085035598688,0,0.9891296597845263
282.63088383305524,0,0.9891296597845263
281.23098675911075,1,0.9891224355523239
277.3335860205087,0,0.9891224355523239
270.4595782184668,0,0.9891224355523239
261.1619179358912,0,0.9891224355523239
250.6945830546316,0,0.9891224355523239
240.43367133866806,0,0.9891224355523239
230.93375059772364,0,0.9891224355523239
221.41769617088562,0,0.9891224355523239
211.54771852761925,0,0.9891224355523239
202.29053931640223,0,0.9891224355523239
194.03864964803358,0,0.9891224355523239
185.8208022653403,0,0.9891224355523239
177.2252552370908,0,0.9891224355523239
168.87942707446427,0,0.9891224355523239
161.0689868985249,0,0.9891224355523239
153.93686159578095,0,0.9891224355523239
147.26325125903446,0,0.9891224355523239
140.38147237918923,0,0.9891224355523239
133.71753816276654,0,0.9891224355523239
127.64623285528748,0,0.9891224355523239
121.40543175046227,0,0.9891224355523239
114.91776375846315,0,0.9891224355523239
108.41967266619129,0,0.9891224355523239
101.54155760050608,0,0.9891224355523239
94.34341577537079,0,0.9891224355523239
87.06046209868256,0,0.9891224355523239
79.7823687086754,0,0.9891224355523239
72.96514895747626,0,0.9891224355523239
66.78936331523492,0,0.9891224355523239
60.90468373482281,0,0.9891224355523239
55.01935663145347,0,0.9891224355523239
48.80200111725656,0,0.9891224355523239
41.66270811071354,0,0.9891224355523239
33.24368083592324,0,0.9891224355523239
23.666329794473608,0,0.9891224355523239
12.669377570405745,0,0.9891224355523239
-0.6380831095724859,0,0.9891224355523239
-16.958567806824487,0,0.9891224355523239
-36.29233547787636,0,0.9891224355523239
-58.443974239937674,0,0.9891224355523239
-83.98168588010469,0,0.9891224355523239
-113.57397962941046,0,0.9891224355523239
-147.13216608838053,0,0.9891224355523239
-184.71637442463856,0,0.9891224355523239
-226.65644086770683,0,0.9891224355523239
-272.33834218443155,0,0.9891224355523239
-320.3021162105531,0,0.9891224355523239
-369.353410378576,0,0.9891224355523239
-418.8674494265136,0,0.9891224355523239
-467.72795992831124,0,0.9891224355523239
-513.8640030287304,0,0.9891224355523239
-555.5074639417224,0,0.9891224355523239
-591.3080589312407,0,0.9891224355523239
-619.726461302109,0,0.9891224355523239
-639.4497389020217,0,0.9891224355523239
-649.7171035126993,0,0.9891224355523239
-650.0844375693905,0,0.9891224355523239
-640.4665349372684,0,0.9891224355523239
-621.2971296800382,0,0.9891224355523239
-593.2341260940118,0,0.9891224355523239
-556.7196115417153,0,0.9891224355523239
-511.9759954671742,0,0.9891224355523239
-460.34015263024816,0,0.9891224355523239
-403.95326455923606,0,0.9891224355523239
-344.1114299509398,0,0.9891224355523239
-282.1256969050479,0,0.9891224355523239
-219.687968281753,0,0.9891224355523239
-158.16048111617658,0,0.9891224355523239
-99.02554836368141,0,0.9891224355523239
-43.81093039124757,0,0.9891224355523239
6.268723614921889,0,0.9891224355523239
49.857725075718,0,0.9891224355523239
85.76555503787021,0,0.9891224355523239
113.97806700700967,0,0.9891224355523239
135.45600005739846,0,0.9891224355523239
151.17487364867836,0,0.9891224355523239
161.8867832991955,0,0.9891224355523239
168.17876258414066,0,0.9891224355523239
170.46004724198727,0,0.9891224355523239
169.29909597505883,0,0.9891224355523239
165.4732043306999,0,0.9891224355523239
160.1861994244206,0,0.9891224355523239
154.85207296823543,0,0.9891224355523239
149.83897792799115,0,0.9891224355523239
144.90642262373947,0,0.9891224355523239
140.30056040815265,0,0.9891224355523239
136.71608428281746,0,0.9891224355523239
134.5589216435392,0,0.9891224355523239
133.49554014878697,0,0.9891224355523239
133.45727812059715,0,0.9891224355523239
134.80168558053623,0,0.9891224355523239
137.74436557950844,0,0.9891224355523239
142.31115875931343,0,0.9891224355523239
147.97835702668695,0,0.9891224355523239
154.28361533562696,0,0.9891224355523239
161.61626357333935,0,0.9891224355523239
170.41167031811992,0,0.9891224355523239
180.32965316941443,0,0.9891224355523239
190.63757778304975,0,0.9891224355523239
200.66049879971547,0,0.9891224355523239
209.95965937920678,0,0.9891224355523239
218.78301649640565,0,0.9891224355523239
227.36160027700728,0,0.9891224355523239
235.00714708696196,0,0.9891224355523239
241.42219033822573,0,0.9891224355523239
247.38086511189664,0,0.9891224355523239
253.30559549999015,0,0.9891224355523239
258.9172186801766,0,0.9891224355523239
263.77464975189406,0,0.9891224355523239
267.57934632201057,0,0.9891224355523239
270.8291381868836,0,0.9891224355523239
273.8968270827198,0,0.9891224355523239
275.8178579913017,0,0.9891224355523239
275.44989717340485,1,0.9894125180957453
272.4423272398247,0,0.9894125180957453
267.27218602671536,0,0.9894125180957453
261.0232256331413,0,0.9894125180957453
254.49954327815922,0,0.9894125180957453
247.63049100182022,0,0.9894125180957453
239.8473801988298,0,0.9894125180957453
230.87447718544925,0,0.9894125180957453
221.06415756881404,0,0.9894125180957453
211.1754407249176,0,0.9894125180957453
201.2576998904604,0,0.9894125180957453
190.68910631626457,0,0.9894125180957453
179.9881600313686,0,0.9894125180957453
170.10676851787224,0,0.9894125180957453
160.8092913646744,0,0.9894125180957453
151.9990594147313,0,0.9894125180957453
143.902216307684,0,0.9894125180957453
135.6682975339351,0,0.9894125180957453
126.37355367691116,0,0.9894125180957453
115.67146703412217,0,0.9894125180957453
103.42193183952912,0,0.9894125180957453
90.43419071060121,0,0.9894125180957453
78.27163251599863,0,0.9894125180957453
67.73073511850859,0,0.9894125180957453
58.43503560940605,0,0.9894125180957453
49.90540212069258,0,0.9894125180957453
42.41453221509456,0,0.9894125180957453
36.40054757714653,0,0.9894125180957453
31.364153082213118,0,0.9894125180957453
26.41142543623813,0,0.9894125180957453
21.56019031105788,0,0.9894125180957453
17.317108577577596,0,0.9894125180957453
13.47355530602962,0,0.9894125180957453
9.365649540567087,0,0.9894125180957453
4.8772954980256555,0,0.9894125180957453
0.14807156522153303,0,0.9894125180957453
-5.559928709627402,0,0.9894125180957453
-12.976656685972017,0,0.9894125180957453
-21.76735638485634,0,0.9894125180957453
-31.857051902847317,0,0.9894125180957453
-43.86730607179575,0,0.9894125180957453
-57.85961992074121,0,0.9894125180957453
-73.28889500792674,0,0.9894125180957453
-90.63162769675323,0,0.9894125180957453
-111.44555121959716,0,0.9894125180957453
-136.88383024665276,0,0.9894125180957453
-167.41213554873718,0,0.9894125180957453
-203.1427959743617,0,0.9894125180957453
-244.0119317130027,0,0.9894125180957453
-289.86582321126696,0,0.9894125180957453
-340.2115082630034,0,0.9894125180957453
-393.73752962299056,0,0.9894125180957453
-448.33767446871974,0,0.9894125180957453
-501.61680392955805,0,0.9894125180957453
-551.2998807883529,0,0.9894125180957453
-595.9497487974674,0,0.9894125180957453
-634.7295603554561,0,0.9894125180957453
-666.1426691716779,0,0.9894125180957453
-688.5010221153497,0,0.9894125180957453
-700.6303189727481,0,0.9894125180957453
-701.642577469815,0,0.9894125180957453
-691.3020302841176,0,0.9894125180957453
-669.5663491514272,0,0.9894125180957453
-636.1647660565372,0,0.9894125180957453
-591.9393608499366,0,0.9894125180957453
-539.1732390378,0,0.9894125180957453
-480.65002442615526,0,0.9894125180957453
-419.04081845105526,0,0.9894125180957453
-356.35702511142557,0,0.9894125180957453
-293.7363583036718,0,0.9894125180957453
-231.4271567860591,0,0.9894125180957453
-169.8569923116786,0,0.9894125180957453
-110.77564231911029,0,0.9894125180957453
-55.98252327973558,0,0.9894125180957453
-5.98793812381931,0,0.9894125180957453
39.09261275977248,0,0.9894125180957453
78.79074528819714,0,0.9894125180957453
112.4344184562612,0,0.9894125180957453
139.04914462570187,0,0.9894125180957453
158.32194554577367,0,0.9894125180957453
170.66577458236117,0,0.9894125180957453
176.10043547004966,0,0.9894125180957453
175.79640082810704,0,0.9894125180957453
172.52065632891242,0,0.9894125180957453
167.7069642752963,0,0.9894125180957453
161.33013478838745,0,0.9894125180957453
154.05016826424682,0,0.9894125180957453
146.72767109121844,0,0.9894125180957453
139.92943457741248,0,0.9894125180957453
134.7353378060292,0,0.9894125180957453
131.5391082601311,0,0.9894125180957453
129.3566100327951,0,0.9894125180957453
127.79983265837411,0,0.9894125180957453
127.53534854116062,0,0.9894125180957453
128.97745276995036,0,0.9894125180957453
131.62370395723383,0,0.9894125180957453
134.6274138968044,0,0.9894125180957453
138.2613007543463,0,0.9894125180957453
143.57232645028728,0,0.9894125180957453
151.36600994847322,0,0.9894125180957453
162.1464983961532,0,0.9894125180957453
175.04180833827607,0,0.9894125180957453
188.3309236690721,0,0.9894125180957453
201.39460390489472,0,0.9894125180957453
213.94713239122828,0,0.9894125180957453
225.3765719406788,0,0.9894125180957453
235.88800433267625,0,0.9894125180957453
245.70426074912197,0,0.9894125180957453
253.8114499558581,0,0.9894125180957453
259.6658989722516,0,0.9894125180957453
264.35166890472703,0,0.9894125180957453
268.7910560841554,0,0.9894125180957453
272.52987487219576,0,0.9894125180957453
274.85480409370956,0,0.9894125180957453
275.92454887254286,0,0.9894125180957453
275.4710284007749,1,0.9895489541075554
272.17324381933355,0,0.9895489541075554
266.177867078589,0,0.9895489541075554
258.75120045976155,0,0.9895489541075554
249.67843933224665,0,0.9895489541075554
238.59148764418458,0,0.9895489541075554
227.02537693275968,0,0.9895489541075554
217.32254569890276,0,0.9895489541075554
210.36438751239913,0,0.9895489541075554
205.20461411524315,0,0.9895489541075554
200.5252134513521,0,0.9895489541075554
195.49039455693816,0,0.9895489541075554
189.4740211775084,0,0.9895489541075554
182.43126777051737,0,0.9895489541075554
175.19734230964173,0,0.9895489541075554
168.38418092799344,0,0.9895489541075554
162.38676702489312,0,0.9895489541075554
157.44716817483024,0,0.9895489541075554
152.5394425201791,0,0.9895489541075554
146.41821808003525,0,0.9895489541075554
139.18997273044346,0,0.9895489541075554
131.4015917907907,0,0.9895489541075554
123.48837529291578,0,0.9895489541075554
115.96883450155418,0,0.9895489541075554
108.67665073761138,0,0.9895489541075554
101.09667287540388,0,0.9895489541075554
93.48069260541078,0,0.9895489541075554
86.78356052799053,0,0.9895489541075554
81.69979199007595,0,0.9895489541075554
77.6413640439979,0,0.9895489541075554
73.10426399507368,0,0.9895489541075554
67.50233865289128,0,0.9895489541075554
61.489162093225985,0,0.9895489541075554
55.297601606184244,0,0.9895489541075554
48.69930483497155,0,0.9895489541075554
41.895820523018635,0,0.9895489541075554
35.02549757893609,0,0.9895489541075554
27.75380819517078,0,0.9895489541075554
19.97689463740283,0,0.9895489541075554
12.43851002993732,0,0.9895489541075554
5.63680454680754,0,0.9895489541075554
-1.2961859071952695,0,0.9895489541075554
-9.393723042973042,0,0.9895489541075554
-18.786903549683895,0,0.9895489541075554
-29.590317965344564,0,0.9895489541075554
-42.374785495593166,0,0.9895489541075554
-57.661033438244445,0,0.9895489541075554
-75.91654867553977,0,0.9895489541075554
-97.80874206440129,0,0.9895489541075554
-123.80762100545877,0,0.9895489541075554
-154.08677737640667,0,0.9895489541075554
-188.70770501286557,0,0.9895489541075554
-227.36343655038016,0,0.9895489541075554
-270.1234636172714,0,0.9895489541075554
-317.27565651988084,0,0.9895489541075554
-367.5281054097267,0,0.9895489541075554
-418.818320816826,0,0.9895489541075554
-470.3585003364593,0,0.9895489541075554
-521.3582260261635,0,0.9895489541075554
-569.2484330018968,0,0.9895489541075554
-611.2212964766701,0,0.9895489541075554
-645.4305025888597,0,0.9895489541075554
-670.1704064560181,0,0.9895489541075554
-684.4394897412924,0,0.9895489541075554
-688.3289647122792,0,0.9895489541075554
-681.7211127626357,0,0.9895489541075554
-664.3497406759867,0,0.9895489541075554
-636.1720580068646,0,0.9895489541075554
-597.2545399497859,0,0.9895489541075554
-548.5990225932509,0,0.9895489541075554
-492.16848561830915,0,0.9895489541075554
-430.34222989435506,0,0.9895489541075554
-365.5267090349844,0,0.9895489541075554
-299.56527719358724,0,0.9895489541075554
-234.13465143972013,0,0.9895489541075554
-171.37104637236664,0,0.9895489541075554
-112.99464752151803,0,0.9895489541075554
-59.34953443421184,0,0.9895489541075554
-10.308566187879224,0,0.9895489541075554
33.94210607753388,0,0.9895489541075554
73.40936146203245,0,0.9895489541075554
108.11963633160812,0,0.9895489541075554
137.42861489911937,0,0.9895489541075554
160.32278687859744,0,0.9895489541075554
176.52812451272126,0,0.9895489541075554
186.52780135643943,0,0.9895489541075554
190.76498007556938,0,0.9895489541075554
190.06525494510868,0,0.9895489541075554
186.17919914337182,0,0.9895489541075554
180.72588830631108,0,0.9895489541075554
174.01184005758364,0,0.9895489541075554
165.6827813335875,0,0.9895489541075554
155.81238241289094,0,0.9895489541075554
144.91452614385182,0,0.9895489541075554
133.91717797008295,0,0.9895489541075554
124.56612614389665,0,0.9895489541075554
118.55332890921044,0,0.9895489541075554
116.37109046996493,0,0.9895489541075554
117.77873002583067,0,0.9895489541075554
122.09760876516971,0,0.9895489541075554
128.40223023112904,0,0.9895489541075554
136.322947489439,0,0.9895489541075554
145.92831673912713,0,0.9895489541075554
156.79208229525022,0,0.9895489541075554
168.53027997347283,0,0.9895489541075554
181.41958372594064,0,0.9895489541075554
194.7712021049672,0,0.9895489541075554
206.89631409571854,0,0.9895489541075554
217.37294469906368,0,0.9895489541075554
227.01397731640375,0,0.9895489541075554
235.95186250848465,0,0.9895489541075554
243.47160523271197,0,0.9895489541075554
249.49709299511485,0,0.9895489541075554
254.59094504756825,0,0.9895489541075554
258.7023235718887,0,0.9895489541075554
261.2195029388507,0,0.9895489541075554
261.73263066325705,0,0.9895489541075554
260.2888847752841,1,0.9894441567681485
257.0321730083694,0,0.9894441567681485
252.2473758567176,0,0.9894441567681485
247.02861911300673,0,0.9894441567681485
242.44554372623077,0,0.9894441567681485
237.9983742698891,0,0.9894441567681485
232.50243049980816,0,0.9894441567681485
225.73732122597568,0,0.9894441567681485
218.03141527882028,0,0.9894441567681485
209.62968090407193,0,0.9894441567681485
201.24328169408892,0,0.9894441567681485
193.88351076748057,0,0.9894441567681485
187.95496354166522,0,0.9894441567681485
183.3582566245826,0,0.9894441567681485
179.64740222924615,0,0.9894441567681485
175.76169730074795,0,0.9894441567681485
170.5856417817654,0,0.9894441567681485
164.25432317869726,0,0.9894441567681485
157.79426877346788,0,0.9894441567681485
151.60941532760094,0,0.9894441567681485
145.55483868436895,0,0.9894441567681485
139.44006952172495,0,0.9894441567681485
133.27018649593833,0,0.9894441567681485
127.08430212972007,0,0.9894441567681485
120.49022529238705,0,0.9894441567681485
113.27269186567607,0,0.9894441567681485
105.85698586797245,0,0.9894441567681485
98.63597876094516,0,0.9894441567681485
91.65603942988255,0,0.9894441567681485
84.90497105033003,0,0.9894441567681485
78.58942679674632,0,0.9894441567681485
72.67232821309703,0,0.9894441567681485
66.74969745370787,0,0.9894441567681485
61.05531477683299,0,0.9894441567681485
55.965461962591036,0,0.9894441567681485
51.157505339923986,0,0.9894441567681485
45.6395253305479,0,0.9894441567681485
37.65257311370446,0,0.9894441567681485
26.27233825239903,0,0.9894441567681485
12.169714467172975,0,0.9894441567681485
-4.3106901190012845,0,0.9894441567681485
-23.247808049534576,0,0.9894441567681485
-44.319477724343244,0,0.9894441567681485
-67.3041405427012,0,0.9894441567681485
-92.18539632312424,0,0.9894441567681485
-119.22875133176667,0,0.9894441567681485
-149.1865721842038,0,0.9894441567681485
-182.83294801915602,0,0.9894441567681485
-220.26951678077472,0,0.9894441567681485
-261.3073354396091,0,0.9894441567681485
-306.2615849343561,0,0.9894441567681485
-355.18506170784656,0,0.9894441567681485
-406.89618669723404,0,0.9894441567681485
-459.0572909462127,0,0.9894441567681485
-508.99620037394135,0,0.9894441567681485
-554.7601094085119,0,0.9894441567681485
-594.741041062687,0,0.9894441567681485
-627.4051203636659,0,0.9894441567681485
-651.7828674287881,0,0.9894441567681485
-666.708481699833,0,0.9894441567681485
-670.8822064993773,0,0.9894441567681485
-664.0204281900166,0,0.9894441567681485
-646.420134089695,0,0.9894441567681485
-618.4801968247409,0,0.9894441567681485
-581.2803995566134,0,0.9894441567681485
-536.054399191221,0,0.9894441567681485
-483.6594730076259,0,0.9894441567681485
-425.20277290325896,0,0.9894441567681485
-362.4874121656132,0,0.9894441567681485
-297.9457222180057,0,0.9894441567681485
-233.58250992924914,0,0.9894441567681485
-170.58929811608985,0,0.9894441567681485
-110.3137462681104,0,0.9894441567681485
-53.67862330109168,0,0.9894441567681485
-0.7878866488807872,0,0.9894441567681485
47.48676096935068,0,0.9894441567681485
89.56725851398205,0,0.9894441567681485
124.47077416055674,0,0.9894441567681485
151.96493424324686,0,0.9894441567681485
172.28387205888356,0,0.9894441567681485
185.64448959888227,0,0.9894441567681485
192.12614439860442,0,0.9894441567681485
192.54017387752128,0,0.9894441567681485
188.73766785933694,0,0.9894441567681485
182.67706492129523,0,0.9894441567681485
175.96280228148527,0,0.9894441567681485
169.50360178839645,0,0.9894441567681485
162.80441190127272,0,0.9894441567681485
155.30622615662168,0,0.9894441567681485
147.83013006271187,0,0.9894441567681485
141.13721554489877,0,0.9894441567681485
135.3665064366953,0,0.9894441567681485
130.85863134350356,0,0.9894441567681485
127.88848282758585,0,0.9894441567681485
126.83102207683578,0,0.9894441567681485
128.05428556100526,0,0.9894441567681485
131.16973626832979,0,0.9894441567681485
136.17029464850614,0,0.9894441567681485
143.41916103564853,0,0.9894441567681485
152.14252098063895,0,0.9894441567681485
161.90860809808723,0,0.9894441567681485
173.18685795968503,0,0.9894441567681485
185.7004760407736,0,0.9894441567681485
198.60163783465887,0,0.9894441567681485
210.99166245828667,0,0.9894441567681485
222.40237787537637,0,0.9894441567681485
233.58319383854595,0,0.9894441567681485
245.26591730163952,0,0.9894441567681485
256.72321649242326,0,0.9894441567681485
266.7855544658471,0,0.9894441567681485
274.86741523385797,0,0.9894441567681485
280.4069827606123,0,0.9894441567681485
283.2747837628489,0,0.9894441567681485
284.2866283763316,0,0.9894441567681485
283.7843209646736,1,0.9896631396495996
281.486501853336,0,0.9896631396495996
277.5423599310297,0,0.9896631396495996
272.2707984708053,0,0.9896631396495996
265.75701433471744,0,0.9896631396495996
258.1733198036908,0,0.9896631396495996
249.85379069103092,0,0.9896631396495996
240.85823787240034,0,0.9896631396495996
231.11533743743678,0,0.9896631396495996
220.455208407209,0,0.9896631396495996
208.8452750413939,0,0.9896631396495996
197.37709487299847,0,0.9896631396495996
187.34624437226134,0,0.9896631396495996
178.6668471962282,0,0.9896631396495996
170.61869120243878,0,0.9896631396495996
163.17487739186188,0,0.9896631396495996
156.73333632177167,0,0.9896631396495996
151.42362238653735,0,0.9896631396495996
146.81221990651218,0,0.9896631396495996
141.89208836718714,0,0.9896631396495996
136.17151271633534,0,0.9896631396495996
130.09259911758957,0,0.9896631396495996
123.81228813777513,0,0.9896631396495996
117.10663979002777,0,0.9896631396495996
110.50434432312068,0,0.9896631396495996
104.50809757654471,0,0.9896631396495996
98.29671482432303,0,0.9896631396495996
91.17105216473782,0,0.9896631396495996
83.47345448342777,0,0.9896631396495996
75.77472176781332,0,0.9896631396495996
68.37203141069733,0,0.9896631396495996
60.98008366639513,0,0.9896631396495996
53.167741757295765,0,0.9896631396495996
44.27878164977767,0,0.9896631396495996
33.23713244623077,0,0.9896631396495996
19.217522784781913,0,0.9896631396495996
1.7430715131900585,0,0.9896631396495996
-19.04309863041258,0,0.9896631396495996
-42.32737719164174,0,0.9896631396495996
-68.08885831750605,0,0.9896631396495996
-97.59838359389191,0,0.9896631396495996
-131.94538809303214,0,0.9896631396495996
-171.2377532838624,0,0.9896631396495996
-215.10280697577792,0,0.9896631396495996
-262.99345893797556,0,0.9896631396495996
-313.984320834823,0,0.9896631396495996
-367.13709797748186,0,0.9896631396495996
-421.35828907730263,0,0.9896631396495996
-474.4326761874726,0,0.9896631396495996
-523.8962015357953,0,0.9896631396495996
-568.4869722845841,0,0.9896631396495996
-607.2986865855949,0,0.9896631396495996
-638.8008064372167,0,0.9896631396495996
-661.6013380970085,0,0.9896631396495996
-675.0395483052012,0,0.9896631396495996
-679.0463457490705,0,0.9896631396495996
-673.4566470909223,0,0.9896631396495996
-657.6950217603378,0,0.9896631396495996
-631.7849458123197,0,0.9896631396495996
-596.4733469761509,0,0.9896631396495996
-552.5955662878827,0,0.9896631396495996
-501.08450931194915,0,0.9896631396495996
-443.23276728776244,0,0.9896631396495996
-381.17373226838873,0,0.9896631396495996
-317.15349099497877,0,0.9896631396495996
-252.55233643171687,0,0.9896631396495996
-188.76407409091868,0,0.9896631396495996
-127.70612593466979,0,0.9896631396495996
-70.75233498371428,0,0.9896631396495996
-18.355320484535593,0,0.9896631396495996
29.036169133796136,0,0.9896631396495996
70.5893648217932,0,0.9896631396495996
105.77839961941488,0,0.9896631396495996
134.5703542691226,0,0.9896631396495996
156.6999827428089,0,0.9896631396495996
172.1845786033609,0,0.9896631396495996
182.320418976374,0,0.9896631396495996
188.89616391278938,0,0.9896631396495996
192.88174102952937,0,0.9896631396495996
194.00889397546854,0,0.9896631396495996
191.88608174648922,0,0.9896631396495996
187.17061006685148,0,0.9896631396495996
180.59480273948859,0,0.9896631396495996
172.45378648019098,0,0.9896631396495996
163.40728434072753,0,0.9896631396495996
154.33863832650437,0,0.9896631396495996
146.16174545434808,0,0.9896631396495996
139.83715422365322,0,0.9896631396495996
135.98068863745542,0,0.9896631396495996
134.60948402095238,0,0.9896631396495996
135.34271221167396,0,0.9896631396495996
137.73884078285738,0,0.9896631396495996
141.4844683818581,0,0.9896631396495996
146.56949873768576,0,0.9896631396495996
152.9485732547979,0,0.9896631396495996
160.32300753589686,0,0.9896631396495996
168.55296432556443,0,0.9896631396495996
177.721039436429,0,0.9896631396495996
187.73935608311925,0,0.9896631396495996
198.48080542674086,0,0.9896631396495996
209.78283616176873,0,0.9896631396495996
220.7485911686371,0,0.9896631396495996
230.69586968113626,0,0.9896631396495996
239.7263991033658,0,0.9896631396495996
247.37443465945378,0,0.9896631396495996
252.87235979797404,0,0.9896631396495996
255.98161541591776,0,0.9896631396495996
256.78355949682054,0,0.9896631396495996
255.5780684936967,1,0.9895865157418878
252.6381560047091,0,0.9895865157418878
248.77877663104175,0,0.9895865157418878
245.75294248557822,0,0.9895865157418878
244.3629770483642,0,0.9895865157418878
243.82341694602528,0,0.9895865157418878
242.72702287476727,0,0.9895865157418878
239.7471370878027,0,0.9895865157418878
234.84734021243437,0,0.9895865157418878
229.09791796042268,0,0.9895865157418878
223.4182947687624,0,0.9895865157418878
217.8898543201743,0,0.9895865157418878
211.83946819969586,0,0.9895865157418878
205.01061202648023,0,0.9895865157418878
197.68244167899383,0,0.9895865157418878
189.66499988622175,0,0.9895865157418878
180.9605169549055,0,0.9895865157418878
172.2126254857151,0,0.9895865157418878
163.71239445345992,0,0.9895865157418878
155.25440526770163,0,0.9895865157418878
146.67006582443736,0,0.9895865157418878
138.5901233241916,0,0.9895865157418878
131.79361223544032,0,0.9895865157418878
125.41743397737397,0,0.9895865157418878
118.20852802672535,0,0.9895865157418878
110.55182471108883,0,0.9895865157418878
103.015284733697,0,0.9895865157418878
95.15601624245973,0,0.9895865157418878
86.71971988086888,0,0.9895865157418878
78.00876328204939,0,0.9895865157418878
69.32793975743279,0,0.9895865157418878
60.41059576897102,0,0.9895865157418878
50.50137469952473,0,0.9895865157418878
39.26481743992753,0,0.9895865157418878
26.469841366951375,0,0.9895865157418878
11.17403482785812,0,0.9895865157418878
-7.663180503588313,0,0.9895865157418878
-30.57583000193133,0,0.9895865157418878
-58.22343698239878,0,0.9895865157418878
-91.50305827294743,0,0.9895865157418878
-130.38917251658148,0,0.9895865157418878
-173.83935100095167,0,0.9895865157418878
-221.40652668565508,0,0.9895865157418878
-273.06954621028905,0,0.9895865157418878
-327.576311089853,0,0.9895865157418878
-382.88118115662223,0,0.9895865157418878
-437.0176631218137,0,0.9895865157418878
-488.3017646116029,0,0.9895865157418878
-535.8090158356617,0,0.9895865157418878
-578.924556740891,0,0.9895865157418878
-616.6040618061718,0,0.9895865157418878
-646.8552280111837,0,0.9895865157418878
-666.8671994205615,0,0.9895865157418878
-675.0831028231479,0,0.9895865157418878
-672.1272829212332,0,0.9895865157418878
-658.933313993198,0,0.9895865157418878
-635.799634746808,0,0.9895865157418878
-602.9674631714048,0,0.9895865157418878
-560.6656569669925,0,0.9895865157418878
-509.4616686037758,0,0.9895865157418878
-450.96516884767794,0,0.9895865157418878
-388.2258794464343,0,0.9895865157418878
-324.87214691128827,0,0.9895865157418878
-262.6071141777503,0,0.9895865157418878
-201.35812989424133,0,0.9895865157418878
-141.78561324845072,0,0.9895865157418878
-85.42577726004033,0,0.9895865157418878
-33.428723419031215,0,0.9895865157418878
13.510079934629745,0,0.9895865157418878
54.64844598914028,0,0.9895865157418878
89.44292110324147,0,0.9895865157418878
117.83738882748646,0,0.9895865157418878
139.89469983962283,0,0.9895865157418878
155.6601017057517,0,0.9895865157418878
165.69671492169343,0,0.9895865157418878
171.0754785877459,0,0.9895865157418878
172.95379507248495,0,0.9895865157418878
172.32862895110785,0,0.9895865157418878
169.57936103058512,0,0.9895865157418878
164.82306946390423,0,0.9895865157418878
158.51534189442427,0,0.9895865157418878
151.1909785440209,0,0.9895865157418878
143.4109221472919,0,0.9895865157418878
136.03548431252844,0,0.9895865157418878
130.03885152592534,0,0.9895865157418878
126.10088591358874,0,0.9895865157418878
124.43022208708305,0,0.9895865157418878
124.97763018064076,0,0.9895865157418878
127.65191671618867,0,0.9895865157418878
132.17440965283973,0,0.9895865157418878
138.3192348203049,0,0.9895865157418878
146.38630872179056,0,0.9895865157418878
156.14075442110206,0,0.9895865157418878
166.08708587043782,0,0.9895865157418878
175.3658529199793,0,0.9895865157418878
184.03053980805464,0,0.9895865157418878
191.90957182951655,0,0.9895865157418878
199.42721432356808,0,0.9895865157418878
206.74749725240235,0,0.9895865157418878
213.0375260716847,0,0.9895865157418878
218.80093511690006,0,0.9895865157418878
225.2766641226142,0,0.9895865157418878
231.6366980843854,0,0.9895865157418878
236.30958828815315,0,0.9895865157418878
239.33422501406557,0,0.9895865157418878
241.0960879700148,0,0.9895865157418878
241.55752170249264,0,0.9895865157418878
241.4795022421509,1,0.9894028138204248
241.6705938896319,0,0.9894028138204248
241.74266120993448,0,0.9894028138204248
240.69674805396434,0,0.9894028138204248
238.29023070151428,0,0.9894028138204248
235.3162479330936,0,0.9894028138204248
232.01433368495452,0,0.9894028138204248
227.94546269096156,0,0.9894028138204248
223.17515701365883,0,0.9894028138204248
217.6345227313852,0,0.9894028138204248
210.88844279038773,0,0.9894028138204248
202.66017727407686,0,0.9894028138204248
192.7949189185757,0,0.9894028138204248
181.68400618010583,0,0.9894028138204248
170.33073379227764,0,0.9894028138204248
159.611946515309,0,0.9894028138204248
149.88160743423,0,0.9894028138204248
141.2541043906338,0,0.9894028138204248
134.13251004432863,0,0.9894028138204248
128.60966540734,0,0.9894028138204248
123.5085066782697,0,0.9894028138204248
118.0248917642551,0,0.9894028138204248
112.750281081765,0,0.9894028138204248
107.8901159806983,0,0.9894028138204248
102.8698628242787,0,0.9894028138204248
96.91864629815835,0,0.9894028138204248
89.47736995413892,0,0.9894028138204248
80.79519636812414,0,0.9894028138204248
71.13273163028146,0,0.9894028138204248
60.22244332832034,0,0.9894028138204248
48.39726124586206,0,0.9894028138204248
36.89275050133175,0,0.9894028138204248
26.22562981492956,0,0.9894028138204248
15.135722439033046,0,0.9894028138204248
2.0567864806029417,0,0.9894028138204248
-13.193923430004837,0,0.9894028138204248
-30.499946065388727,0,0.9894028138204248
-50.744220502347446,0,0.9894028138204248
-74.97452286732018,0,0.9894028138204248
-104.34363663730554,0,0.9894028138204248
-139.88395698703297,0,0.9894028138204248
-181.04068255067847,0,0.9894028138204248
-226.4400943251748,0,0.9894028138204248
-275.2676116810655,0,0.9894028138204248
-326.5159489714253,0,0.9894028138204248
-378.69370410702794,0,0.9894028138204248
-430.4206565809727,0,0.9894028138204248
-480.16763501855985,0,0.9894028138204248
-526.1405804588436,0,0.9894028138204248
-566.4106962364293,0,0.9894028138204248
-599.3100187660377,0,0.9894028138204248
-623.8846297017113,0,0.9894028138204248
-639.193342563038,0,0.9894028138204248
-644.4411129207155,0,0.9894028138204248
-639.4902799085484,0,0.9894028138204248
-623.8576258280531,0,0.9894028138204248
-597.363413136925,0,0.9894028138204248
-561.7090031648,0,0.9894028138204248
-519.0197265062938,0,0.9894028138204248
-469.84204487379304,0,0.9894028138204248
-414.47111762872146,0,0.9894028138204248
-354.98535320112984,0,0.9894028138204248
-294.1633932420086,0,0.9894028138204248
-233.93063978234986,0,0.9894028138204248
-175.44831878563798,0,0.9894028138204248
-119.67370531169585,0,0.9894028138204248
-67.70170154429357,0,0.9894028138204248
-20.413409951036964,0,0.9894028138204248
21.52183547069139,0,0.9894028138204248
57.30347145009186,0,0.9894028138204248
86.71783092039553,0,0.9894028138204248
110.35623365734754,0,0.9894028138204248
128.28676734574177,0,0.9894028138204248
140.41410353844364,0,0.9894028138204248
147.8689788346166,0,0.9894028138204248
152.1026049433742,0,0.9894028138204248
153.69192857710547,0,0.9894028138204248
153.05601565113275,0,0.9894028138204248
151.4507225467969,0,0.9894028138204248
150.05903779115664,0,0.9894028138204248
148.88851400389947,0,0.9894028138204248
147.68614014032488,0,0.9894028138204248
146.4071324882198,0,0.9894028138204248
144.7999314528258,0,0.9894028138204248
142.98159992521244,0,0.9894028138204248
141.6887194310956,0,0.9894028138204248
141.8351901817675,0,0.9894028138204248
144.26771340199534,0,0.9894028138204248
148.83799250306436,0,0.9894028138204248
154.21794718340925,0,0.9894028138204248
160.0356598276501,0,0.9894028138204248
167.31076289579823,0,0.9894028138204248
176.067840336479,0,0.9894028138204248
185.1901964651074,0,0.9894028138204248
194.2060672421442,0,0.9894028138204248
203.0110443823337,0,0.9894028138204248
211.4705597852335,0,0.9894028138204248
219.98218920325832,0,0.9894028138204248
228.68396719797656,0,0.9894028138204248
236.65969984292212,0,0.9894028138204248
242.73980543676186,0,0.9894028138204248
246.75739362525158,0,0.9894028138204248
249.69469602543558,0,0.9894028138204248
252.5150056388537,0,0.9894028138204248
255.0797772479969,0,0.9894028138204248
256.85056843515366,0,0.9894028138204248
258.24423947255036,0,0.9894028138204248
259.642950402262,0,0.9894028138204248
260.31249256203,0,0.9894028138204248
259.7232596222915,1,0.9894906712358049
257.90013557721903,0,0.9894906712358049
254.27847264496052,0,0.9894906712358049
248.00903459571504,0,0.9894906712358049
239.51127177777147,0,0.9894906712358049
230.64108933308327,0,0.9894906712358049
222.63320124492768,0,0.9894906712358049
215.33950714243582,0,0.9894906712358049
208.7217444182588,0,0.9894906712358049
202.81613864379167,0,0.9894906712358049
196.6943953615417,0,0.9894906712358049
189.49065910637475,0,0.9894906712358049
181.5692717557671,0,0.9894906712358049
173.85791858420689,0,0.9894906712358049
166.86714526552691,0,0.9894906712358049
160.45630187006392,0,0.9894906712358049
154.0525525046301,0,0.9894906712358049
147.0126058869199,0,0.9894906712358049
139.14293563300018,0,0.9894906712358049
130.5167426356696,0,0.9894906712358049
121.23860427694797,0,0.9894906712358049
111.57137062320619,0,0.9894906712358049
101.86312366862137,0,0.9894906712358049
92.77674091706885,0,0.9894906712358049
84.74803296721215,0,0.9894906712358049
77.19648477591262,0,0.9894906712358049
69.38560686584411,0,0.9894906712358049
61.485021768779326,0,0.9894906712358049
53.81025599960644,0,0.9894906712358049
45.97948424265352,0,0.9894906712358049
37.91583583876554,0,0.9894906712358049
29.980198809450282,0,0.9894906712358049
21.920042018134286,0,0.9894906712358049
13.67732065503281,0,0.9894906712358049
5.8462786116751815,0,0.9894906712358049
-1.2893605859079047,0,0.9894906712358049
-8.156175179430406,0,0.9894906712358049
-15.534277503625232,0,0.9894906712358049
-23.42180867990265,0,0.9894906712358049
-31.6401886560042,0,0.9894906712358049
-41.07998845352132,0,0.9894906712358049
-52.916381376704166,0,0.9894906712358049
-67.8405430463876,0,0.9894906712358049
-85.63809516873607,0,0.9894906712358049
-106.20237660849982,0,0.9894906712358049
-130.43912862654832,0,0.9894906712358049
-158.63903773665018,0,0.9894906712358049
-190.1487833470866,0,0.9894906712358049
-225.0432533767668,0,0.9894906712358049
-263.8152352687116,0,0.9894906712358049
-305.74120825221723,0,0.9894906712358049
-349.8761002435005,0,0.9894906712358049
-396.0440261673841,0,0.9894906712358049
-443.67052937414996,0,0.9894906712358049
-491.4229387971083,0,0.9894906712358049
-537.7695422469496,0,0.9894906712358049
-581.0321652120475,0,0.9894906712358049
-619.0461811095319,0,0.9894906712358049
-649.4526967184578,0,0.9894906712358049
-670.5005675999641,0,0.9894906712358049
-681.4330500868422,0,0.9894906712358049
-682.0555015598018,0,0.9894906712358049
-671.8552013866247,0,0.9894906712358049
-650.1339663497633,0,0.9894906712358049
-617.4566256554974,0,0.9894906712358049
-575.7978951378482,0,0.9894906712358049
-527.1418102256039,0,0.9894906712358049
-472.86227947307214,0,0.9894906712358049
-414.16359691159465,0,0.9894906712358049
-352.5738172058582,0,0.9894906712358049
-289.5279651481745,0,0.9894906712358049
-225.9775985518191,0,0.9894906712358049
-163.1525452168835,0,0.9894906712358049
-103.21164490834823,0,0.9894906712358049
-48.55482308899775,0,0.9894906712358049
-0.3104846762088662,0,0.9894906712358049
41.78664688875923,0,0.9894906712358049
77.74987941008744,0,0.9894906712358049
107.26004963065085,0,0.9894906712358049
130.79564236746836,0,0.9894906712358049
149.0403225916327,0,0.9894906712358049
161.93808360909298,0,0.9894906712358049
169.29125071345143,0,0.9894906712358049
171.72856519902885,0,0.9894906712358049
170.77891958946387,0,0.9894906712358049
167.77625336209317,0,0.9894906712358049
162.97139861472502,0,0.9894906712358049
156.89995338987146,0,0.9894906712358049
150.87896350454196,0,0.9894906712358049
145.0265764364149,0,0.9894906712358049
138.72357193942582,0,0.9894906712358049
132.40752042304928,0,0.9894906712358049
126.94460148810106,0,0.9894906712358049
123.03555478360042,0,0.9894906712358049
121.22970004951014,0,0.9894906712358049
121.93205416028046,0,0.9894906712358049
125.66648972879572,0,0.9894906712358049
132.48830349914815,0,0.9894906712358049
141.53939731892928,0,0.9894906712358049
151.75151231499171,0,0.9894906712358049
162.90170821443903,0,0.9894906712358049
175.53691330687633,0,0.9894906712358049
189.5961650070094,0,0.9894906712358049
204.29013402632742,0,0.9894906712358049
218.85451741700874,0,0.9894906712358049
232.53704779693746,0,0.9894906712358049
245.15864304286399,0,0.9894906712358049
257.14786977662584,0,0.9894906712358049
268.440170779193,0,0.9894906712358049
278.4492733633066,0,0.9894906712358049
286.4363287777327,0,0.9894906712358049
291.8023278572639,0,0.9894906712358049
294.6414077167762,0,0.9894906712358049
295.427606308632,0,0.9894906712358049
294.2882755048703,1,0.9896504971450604
291.14815962800844,0,0.9896504971450604
286.1284024267887,0,0.9896504971450604
279.3211984727052,0,0.9896504971450604
270.94215937712283,0,0.9896504971450604
261.61985821903914,0,0.9896504971450604
252.1987069553908,0,0.9896504971450604
243.3613086785898,0,0.9896504971450604
235.15919436413355,0,0.9896504971450604
227.12897172027786,0,0.9896504971450604
218.93507899936466,0,0.9896504971450604
210.87518041795838,0,0.9896504971450604
203.1801316945373,0,0.9896504971450604
195.15770232592027,0,0.9896504971450604
186.44918080252145,0,0.9896504971450604
177.78213018369544,0,0.9896504971450604
169.18042231738076,0,0.9896504971450604
160.00677240279023,0,0.9896504971450604
150.02903659976795,0,0.9896504971450604
138.96214229965386,0,0.9896504971450604
127.39201339182097,0,0.9896504971450604
116.4282975240962,0,0.9896504971450604
106.354733465873,0,0.9896504971450604
97.65144464453203,0,0.9896504971450604
90.70018944624347,0,0.9896504971450604
84.88891043506244,0,0.9896504971450604
79.51007965785622,0,0.9896504971450604
73.8543697438042,0,0.9896504971450604
67.42462913447216,0,0.9896504971450604
60.61907626686921,0,0.9896504971450604
54.00268777180204,0,0.9896504971450604
47.88782671406488,0,0.9896504971450604
42.33072106452261,0,0.9896504971450604
36.764947565334005,0,0.9896504971450604
31.035183238476925,0,0.9896504971450604
25.931419290331537,0,0.9896504971450604
21.87565837226937,0,0.9896504971450604
18.860372960115924,0,0.9896504971450604
16.632383029655575,0,0.9896504971450604
14.216615856845134,0,0.9896504971450604
11.079222812059617,0,0.9896504971450604
8.142698582273223,0,0.9896504971450604
6.202999687528495,0,0.9896504971450604
4.5250567214251705,0,0.9896504971450604
2.2372944586859242,0,0.9896504971450604
-0.7813672469695971,0,0.9896504971450604
-4.890576299293788,0,0.9896504971450604
-9.919598397910173,0,0.9896504971450604
-14.632098662511781,0,0.9896504971450604
-18.736081021256837,0,0.9896504971450604
-23.131025848801176,0,0.9896504971450604
-28.727027041758806,0,0.9896504971450604
-36.208532267567556,0,0.9896504971450604
-45.952252308329825,0,0.9896504971450604
-58.64204725852408,0,0.9896504971450604
-75.52676752452442,0,0.9896504971450604
-97.68323055896677,0,0.9896504971450604
-125.58335615590404,0,0.9896504971450604
-158.8851497476847,0,0.9896504971450604
-196.58048054711742,0,0.9896504971450604
-237.68940673592596,0,0.9896504971450604
-281.61298594331674,0,0.9896504971450604
-327.81675569168044,0,0.9896504971450604
-375.97057975250016,0,0.9896504971450604
-426.1615180266069,0,0.9896504971450604
-477.51165272131357,0,0.9896504971450604
-527.7116577897305,0,0.9896504971450604
-574.3764754653488,0,0.9896504971450604
-615.4280070665119,0,0.9896504971450604
-648.962862954955,0,0.9896504971450604
-673.1592585469843,0,0.9896504971450604
-686.2685367336385,0,0.9896504971450604
-687.6516757767171,0,0.9896504971450604
-678.2365976408203,0,0.9896504971450604
-659.302413680149,0,0.9896504971450604
-631.4142629048433,0,0.9896504971450604
-594.5676594822318,0,0.9896504971450604
-549.4096300202104,0,0.9896504971450604
-497.2499102882275,0,0.9896504971450604
-439.56856098111183,0,0.9896504971450604
-378.63818787822015,0,0.9896504971450604
-316.2632239960343,0,0.9896504971450604
-252.95109823871167,0,0.9896504971450604
-189.52764581590347,0,0.9896504971450604
-127.67618845730046,0,0.9896504971450604
-69.43598775384032,0,0.9896504971450604
-16.531289808983573,0,0.9896504971450604
30.13214015381526,0,0.9896504971450604
69.82957131597495,0,0.9896504971450604
102.22595423689764,0,0.9896504971450604
128.06476640074652,0,0.9896504971450604
148.08659908367724,0,0.9896504971450604
162.49099613185328,0,0.9896504971450604
171.44355163278595,0,0.9896504971450604
175.3893557476461,0,0.9896504971450604
175.24715557132865,0,0.9896504971450604
171.847103713675,0,0.9896504971450604
165.60382892074267,0,0.9896504971450604
157.0161184970448,0,0.9896504971450604
146.9155567283355,0,0.9896504971450604
136.16317625150373,0,0.9896504971450604
125.52427181851776,0,0.9896504971450604
116.05405975665026,0,0.9896504971450604
108.84511883822395,0,0.9896504971450604
104.36745978080818,0,0.9896504971450604
102.98225516031893,0,0.9896504971450604
105.00658267377057,0,0.9896504971450604
109.88029662366566,0,0.9896504971450604
116.83493770749101,0,0.9896504971450604
125.59565571700732,0,0.9896504971450604
135.88838215984168,0,0.9896504971450604
147.46977146155805,0,0.9896504971450604
160.13963996963264,0,0.9896504971450604
173.44121792672286,0,0.9896504971450604
187.35778095381028,0,0.9896504971450604
202.06200562667908,0,0.9896504971450604
216.53726267600766,0,0.9896504971450604
229.28859080494544,0,0.9896504971450604
239.96998142027934,0,0.9896504971450604
249.2602098726814,0,0.9896504971450604
257.63984483260225,0,0.9896504971450604
265.0512259175691,0,0.9896504971450604
271.43066683404817,0,0.9896504971450604
276.51545437020866,0,0.9896504971450604
279.57128244083316,0,0.9896504971450604
280.3636183293416,0,0.9896504971450604
279.4944682858095,1,0.9875965265410791
277.4689851144578,0,0.9875965265410791
274.670639537421,0,0.9875965265410791
271.3470374052999,0,0.9875965265410791
267.0429955633946,0,0.9875965265410791
261.37014504168155,0,0.9875965265410791
254.61873150076622,0,0.9875965265410791
247.2707234853587,0,0.9875965265410791
239.69566346429022,0,0.9875965265410791
231.72459988441244,0,0.9875965265410791
223.08585310404894,0,0.9875965265410791
214.26505129289276,0,0.9875965265410791
205.77715395336193,0,0.9875965265410791
197.4609422505038,0,0.9875965265410791
189.26742412156082,0,0.9875965265410791
181.92522162903649,0,0.9875965265410791
176.3651032857693,0,0.9875965265410791
172.53990962405058,0,0.9875965265410791
169.156793843264,0,0.9875965265410791
164.93176398263887,0,0.9875965265410791
159.71650734613507,0,0.9875965265410791
154.25460585842578,0,0.9875965265410791
148.87046848129748,0,0.9875965265410791
143.2276888645084,0,0.9875965265410791
137.3197665804327,0,0.9875965265410791
131.21631561838365,0,0.9875965265410791
124.82878449911686,0,0.9875965265410791
118.23312015504035,0,0.9875965265410791
111.37239802412836,0,0.9875965265410791
104.32160122298147,0,0.9875965265410791
97.53320596906455,0,0.9875965265410791
91.7070308322748,0,0.9875965265410791
87.26723030153919,0,0.9875965265410791
83.59179982515663,0,0.9875965265410791
79.62608681426866,0,0.9875965265410791
74.73677306730399,0,0.9875965265410791
69.3268293629555,0,0.9875965265410791
64.21057298242594,0,0.9875965265410791
58.819544189545596,0,0.9875965265410791
51.92635196474914,0,0.9875965265410791
43.57767003239418,0,0.9875965265410791
34.74283552147364,0,0.9875965265410791
25.60359285076665,0,0.9875965265410791
15.982034973116006,0,0.9875965265410791
6.15241778809408,0,0.9875965265410791
-4.295690346006957,0,0.9875965265410791
-15.825437468693437,0,0.9875965265410791
-28.276796665594382,0,0.9875965265410791
-41.68822226562556,0,0.9875965265410791
-55.9461146432861,0,0.9875965265410791
-71.00071994953811,0,0.9875965265410791
-87.73488324236365,0,0.9875965265410791
-107.89665487936615,0,0.9875965265410791
-132.317796358082,0,0.9875965265410791
-159.91327367747235,0,0.9875965265410791
-189.96974729417693,0,0.9875965265410791
-222.98178515281043,0,0.9875965265410791
-259.41054700840306,0,0.9875965265410791
-299.3329883442723,0,0.9875965265410791
-342.0623955842768,0,0.9875965265410791
-386.3973381943769,0,0.9875965265410791
-431.08576299480086,0,0.9875965265410791
-474.68960139113653,0,0.9875965265410791
-516.5536599318748,0,0.9875965265410791
-556.5117610356608,0,0.9875965265410791
-593.0010802471603,0,0.9875965265410791
-623.984802978475,0,0.9875965265410791
-648.5154287108021,0,0.9875965265410791
-665.7119701126553,0,0.9875965265410791
-674.2132516438209,0,0.9875965265410791
-673.197557383044,0,0.9875965265410791
-662.4440767761339,0,0.9875965265410791
-641.6654380757933,0,0.9875965265410791
-610.5353663138197,0,0.9875965265410791
-569.4827435081021,0,0.9875965265410791
-519.8984382885258,0,0.9875965265410791
-463.5479484744303,0,0.9875965265410791
-402.7560748379728,0,0.9875965265410791
-339.5748637953043,0,0.9875965265410791
-274.7702828593931,0,0.9875965265410791
-209.58007291248143,0,0.9875965265410791
-146.46275218806596,0,0.9875965265410791
-87.11943904762995,0,0.9875965265410791
-32.03042417669102,0,0.9875965265410791
18.019469813644776,0,0.9875965265410791
61.84589833473713,0,0.9875965265410791
98.95356559835307,0,0.9875965265410791
129.23728586716857,0,0.9875965265410791
152.5036284208606,0,0.9875965265410791
169.0198693254182,0,0.9875965265410791
179.75812725474685,0,0.9875965265410791
186.12616512072648,0,0.9875965265410791
189.36989986847587,0,0.9875965265410791
189.9729405802868,0,0.9875965265410791
187.86498954899648,0,0.9875965265410791
183.18714716403815,0,0.9875965265410791
176.44188351287366,0,0.9875965265410791
168.41159078096288,0,0.9875965265410791
160.41728580285638,0,0.9875965265410791
153.8666724808461,0,0.9875965265410791
149.26325773068658,0,0.9875965265410791
146.09659746444515,0,0.9875965265410791
143.89373781897942,0,0.9875965265410791
143.14991426248062,0,0.9875965265410791
144.5268961449094,0,0.9875965265410791
147.4693003741439,0,0.9875965265410791
151.31976822114586,0,0.9875965265410791
156.67313084731984,0,0.9875965265410791
164.04557782322465,0,0.9875965265410791
172.95315286437713,0,0.9875965265410791
182.61134320656146,0,0.9875965265410791
192.42591494014317,0,0.9875965265410791
202.5257679681333,0,0.9875965265410791
213.33817788862103,0,0.9875965265410791
224.2145678633355,0,0.9875965265410791
234.14233704825935,0,0.9875965265410791
242.53951076102751,0,0.9875965265410791
248.84914053192267,0,0.9875965265410791
253.64593791264875,0,0.9875965265410791
258.62679283249514,0,0.9875965265410791
263.9296377660722,0,0.9875965265410791
268.06007254974224,0,0.9875965265410791
270.87450432413823,0,0.9875965265410791
273.23958168523745,0,0.9875965265410791
274.5858402729081,0,0.9875965265410791
273.9716546889336,1,0.9863530128601525
271.4773268891995,0,0.9863530128601525
267.43828480981813,0,0.9863530128601525
262.48494688298894,0,0.9863530128601525
257.4290597923782,0,0.9863530128601525
252.0857277818435,0,0.9863530128601525
245.58646704549543,0,0.9863530128601525
237.73687791938104,0,0.9863530128601525
228.87505631005072,0,0.9863530128601525
219.04406659343712,0,0.9863530128601525
208.54765412859962,0,0.9863530128601525
198.42268229455655,0,0.9863530128601525
189.18586996186173,0,0.9863530128601525
179.95114056192855,0,0.9863530128601525
169.5587265259939,0,0.9863530128601525
158.01762828734908,0,0.9863530128601525
146.56502313007175,0,0.9863530128601525
136.54301952710634,0,0.9863530128601525
128.20209240640423,0,0.9863530128601525
120.6021578510401,0,0.9863530128601525
112.74688797862285,0,0.9863530128601525
104.76816297187327,0,0.9863530128601525
97.71177780473717,0,0.9863530128601525
92.16242774455381,0,0.9863530128601525
87.36367914092554,0,0.9863530128601525
82.04255991302142,0,0.9863530128601525
75.82955639329747,0,0.9863530128601525
69.06921921307838,0,0.9863530128601525
62.12331917780543,0,0.9863530128601525
55.73394734560397,0,0.9863530128601525
50.81676161649002,0,0.9863530128601525
47.52175411811442,0,0.9863530128601525
44.89732282027195,0,0.9863530128601525
41.52325036276923,0,0.9863530128601525
36.94830404358192,0,0.9863530128601525
31.956277621992275,0,0.9863530128601525
27.28959859120678,0,0.9863530128601525
22.477553442649633,0,0.9863530128601525
16.14216761678105,0,0.9863530128601525
7.860870621447777,0,0.9863530128601525
-1.620241238144387,0,0.9863530128601525
-11.795272128502864,0,0.9863530128601525
-22.34111992644262,0,0.9863530128601525
-33.07200009331445,0,0.9863530128601525
-44.67485876598892,0,0.9863530128601525
-58.09044472722429,0,0.9863530128601525
-73.55364792272786,0,0.9863530128601525
-91.21801072499122,0,0.9863530128601525
-111.8790013452852,0,0.9863530128601525
-136.0535926018318,0,0.9863530128601525
-163.64821093256148,0,0.9863530128601525
-194.90623304705971,0,0.9863530128601525
-230.036871685607,0,0.9863530128601525
-268.91945173143375,0,0.9863530128601525
-311.77029063823187,0,0.9863530128601525
-358.48866978302027,0,0.9863530128601525
-407.55878909699356,0,0.9863530128601525
-456.6146331063441,0,0.9863530128601525
-503.806101105103,0,0.9863530128601525
-547.8183952871912,0,0.9863530128601525
-587.5537942687433,0,0.9863530128601525
-621.9792141860769,0,0.9863530128601525
-649.1953307099457,0,0.9863530128601525
-666.9286043907964,0,0.9863530128601525
-673.8024571471695,0,0.9863530128601525
-669.4397440728596,0,0.9863530128601525
-654.0159829927596,0,0.9863530128601525
-627.7911234583197,0,0.9863530128601525
-591.732892557529,0,0.9863530128601525
-548.0177703117577,0,0.9863530128601525
-498.7969119037642,0,0.9863530128601525
-445.1165940472642,0,0.9863530128601525
-387.4588435163976,0,0.9863530128601525
-326.57584921590507,0,0.9863530128601525
-264.05597583269025,0,0.9863530128601525
-202.09615636961203,0,0.9863530128601525
-142.17435703991407,0,0.9863530128601525
-85.44728738172624,0,0.9863530128601525
-33.604063396270305,0,0.9863530128601525
12.457406514081669,0,0.9863530128601525
53.53904783501898,0,0.9863530128601525
90.79093598603656,0,0.9863530128601525
123.60256320923563,0,0.9863530128601525
149.82365590100264,0,0.9863530128601525
168.17990102932964,0,0.9863530128601525
179.44399374359884,0,0.9863530128601525
185.3650850815033,0,0.9863530128601525
186.92386539108278,0,0.9863530128601525
184.57670480068808,0,0.9863530128601525
179.53110722828185,0,0.9863530128601525
172.8630628785035,0,0.9863530128601525
164.8328653892654,0,0.9863530128601525
155.71466233176287,0,0.9863530128601525
146.1855289102983,0,0.9863530128601525
137.14453806260101,0,0.9863530128601525
129.37274504281643,0,0.9863530128601525
123.62811609231123,0,0.9863530128601525
120.43036129181486,0,0.9863530128601525
119.34393956662775,0,0.9863530128601525
119.69344068613478,0,0.9863530128601525
122.13103877421115,0,0.9863530128601525
127.59263376331242,0,0.9863530128601525
135.5693165761797,0,0.9863530128601525
145.23666708335264,0,0.9863530128601525
155.88948623032013,0,0.9863530128601525
166.79948112453255,0,0.9863530128601525
177.97344931076597,0,0.9863530128601525
189.47252182150874,0,0.9863530128601525
201.00166872103856,0,0.9863530128601525
212.08994024930612,0,0.9863530128601525
222.1340614221266,0,0.9863530128601525
231.16705468729273,0,0.9863530128601525
239.18303023110244,0,0.9863530128601525
245.39506339691965,0,0.9863530128601525
250.21980747510335,0,0.9863530128601525
254.96507901982602,0,0.9863530128601525
259.41400558040414,0,0.9863530128601525
262.81119542500113,0,0.9863530128601525
265.21096070438824,0,0.9863530128601525
266.9557687771995,0,0.9863530128601525
268.1781222118357,0,0.9863530128601525
268.563261085392,0,0.9863530128601525
267.9673813527359,1,0.9859184217625967
266.8299073808829,0,0.9859184217625967
265.2780997448706,0,0.9859184217625967
262.9407801845251,0,0.9859184217625967
259.47116673441315,0,0.9859184217625967
254.1732131319901,0,0.9859184217625967
246.17589068353476,0,0.9859184217625967
236.10034010041375,0,0.9859184217625967
225.7079860481694,0,0.9859184217625967
215.76626307414972,0,0.9859184217625967
206.2780060104222,0,0.9859184217625967
197.22591365498863,0,0.9859184217625967
188.32858007313513,0,0.9859184217625967
179.31000702583506,0,0.9859184217625967
170.06432147365518,0,0.9859184217625967
160.54739419537657,0,0.9859184217625967
150.85555208345286,0,0.9859184217625967
141.3189224018094,0,0.9859184217625967
132.4305398662058,0,0.9859184217625967
124.34531854228484,0,0.9859184217625967
116.87577633967216,0,0.9859184217625967
109.899104249634,0,0.9859184217625967
102.81923532340059,0,0.9859184217625967
94.84637258678714,0,0.9859184217625967
86.33628418448515,0,0.9859184217625967
78.40954245548495,0,0.9859184217625967
71.40208046670074,0,0.9859184217625967
64.8690469627261,0,0.9859184217625967
58.291479902057254,0,0.9859184217625967
50.90777925390093,0,0.9859184217625967
42.031787387548306,0,0.9859184217625967
31.624020882223085,0,0.9859184217625967
20.185554951344027,0,0.9859184217625967
8.278597606040451,0,0.9859184217625967
-4.512728448516862,0,0.9859184217625967
-19.92704583870967,0,0.9859184217625967
-39.37976453105238,0,0.9859184217625967
-62.691232649018005,0,0.9859184217625967
-88.99555035024773,0,0.9859184217625967
-118.23602864784327,0,0.9859184217625967
-151.49820944294342,0,0.9859184217625967
-189.5905617616047,0,0.9859184217625967
-232.12133376574525,0,0.9859184217625967
-278.176564325879,0,0.9859184217625967
-326.33443549004994,0,0.9859184217625967
-374.92694972305225,0,0.9859184217625967
-423.2552835960481,0,0.9859184217625967
-470.91805748154025,0,0.9859184217625967
-516.5494646104368,0,0.9859184217625967
-558.927258705357,0,0.9859184217625967
-597.177659375086,0,0.9859184217625967
-629.0118662148177,0,0.9859184217625967
-651.4119131203638,0,0.9859184217625967
-663.0048229898107,0,0.9859184217625967
-663.9146343182033,0,0.9859184217625967
-653.8828784987116,0,0.9859184217625967
-632.7214422989192,0,0.9859184217625967
-601.6266523170736,0,0.9859184217625967
-562.3710492456775,0,0.9859184217625967
-516.5337263723997,0,0.9859184217625967
-465.19410148408144,0,0.9859184217625967
-409.1701421758917,0,0.9859184217625967
-349.9066215265394,0,0.9859184217625967
-288.90800712764195,0,0.9859184217625967
-227.56958179755776,0,0.9859184217625967
-167.96382212148805,0,0.9859184217625967
-111.6920566470856,0,0.9859184217625967
-59.22244113945431,0,0.9859184217625967
-11.220867611029917,0,0.9859184217625967
31.32147810732616,0,0.9859184217625967
67.973511956018,0,0.9859184217625967
98.89873799918176,0,0.9859184217625967
124.56643244036398,0,0.9859184217625967
145.67357047063638,0,0.9859184217625967
162.22261785837054,0,0.9859184217625967
173.55317178390558,0,0.9859184217625967
179.79866111418565,0,0.9859184217625967
181.51114379054113,0,0.9859184217625967
179.10248453357738,0,0.9859184217625967
173.5311454111133,0,0.9859184217625967
166.4772505484109,0,0.9859184217625967
159.50271203121045,0,0.9859184217625967
153.22245264944317,0,0.9859184217625967
147.8576293262583,0,0.9859184217625967
143.8775703074137,0,0.9859184217625967
141.62674707899006,0,0.9859184217625967
141.17885774695065,0,0.9859184217625967
142.37275561905543,0,0.9859184217625967
144.98876409797415,0,0.9859184217625967
149.25574406265807,0,0.9859184217625967
155.86795172315092,0,0.9859184217625967
165.2933821502985,0,0.9859184217625967
176.5964555897103,0,0.9859184217625967
188.18465000083768,0,0.9859184217625967
199.76488147463053,0,0.9859184217625967
211.33290856079938,0,0.9859184217625967
221.7861463577966,0,0.9859184217625967
230.63118947649795,0,0.9859184217625967
238.60085465675684,0,0.9859184217625967
245.75653147391475,0,0.9859184217625967
251.52972382593597,0,0.9859184217625967
255.6956943098717,0,0.9859184217625967
258.28571322410255,0,0.9859184217625967
259.7718432772811,0,0.9859184217625967
260.5388216792099,0,0.9859184217625967
260.497915717954,1,0.9855593262538824
260.0825697781935,0,0.9855593262538824
259.79390650800565,0,0.9855593262538824
259.32686716170855,0,0.9855593262538824
258.58451862052726,0,0.9855593262538824
257.77217021817074,0,0.9855593262538824
256.61195425295597,0,0.9855593262538824
254.56638892431846,0,0.9855593262538824
250.65740715066295,0,0.9855593262538824
243.97501259580596,0,0.9855593262538824
235.37877216096217,0,0.9855593262538824
226.40996909384276,0,0.9855593262538824
217.28244424589005,0,0.9855593262538824
207.57973767055034,0,0.9855593262538824
197.0961706468691,0,0.9855593262538824
186.10324216751238,0,0.9855593262538824
175.17110511304475,0,0.9855593262538824
164.50962675559575,0,0.9855593262538824
154.49875031482281,0,0.9855593262538824
145.76524298841977,0,0.9855593262538824
138.46181001492147,0,0.9855593262538824
132.44006306990354,0,0.9855593262538824
127.2591103909465,0,0.9855593262538824
122.03214414965639,0,0.9855593262538824
116.31152393596915,0,0.9855593262538824
110.56238081690799,0,0.9855593262538824
104.8766454942258,0,0.9855593262538824
98.64569981952461,0,0.9855593262538824
91.98933593580284,0,0.9855593262538824
85.48427386566264,0,0.9855593262538824
79.018723630991,0,0.9855593262538824
72.65989984349689,0,0.9855593262538824
66.83527604997215,0,0.9855593262538824
61.213046269765385,0,0.9855593262538824
55.09211544683586,0,0.9855593262538824
48.11522356806712,0,0.9855593262538824
40.29782518361343,0,0.9855593262538824
31.782097425074603,0,0.9855593262538824
22.156954076576415,0,0.9855593262538824
10.503037923206252,0,0.9855593262538824
-3.697123715131201,0,0.9855593262538824
-20.439868266968805,0,0.9855593262538824
-39.71699852933681,0,0.9855593262538824
-61.86979617344007,0,0.9855593262538824
-87.72572712377922,0,0.9855593262538824
-117.9968809900487,0,0.9855593262538824
-152.65920550212496,0,0.9855593262538824
-191.45138931474023,0,0.9855593262538824
-234.35662346555105,0,0.9855593262538824
-280.75362585545287,0,0.9855593262538824
-329.30393264508933,0,0.9855593262538824
-379.42881470689446,0,0.9855593262538824
-430.8775206023708,0,0.9855593262538824
-481.9015686245557,0,0.9855593262538824
-530.0227135665106,0,0.9855593262538824
-573.3106101856139,0,0.9855593262538824
-609.8893114943861,0,0.9855593262538824
-638.3813740558162,0,0.9855593262538824
-658.1092802024893,0,0.9855593262538824
-668.4160456724916,0,0.9855593262538824
-669.1195864680511,0,0.9855593262538824
-660.4300053463909,0,0.9855593262538824
-642.086685942861,0,0.9855593262538824
-613.3529591269036,0,0.9855593262538824
-574.2057874788156,0,0.9855593262538824
-526.2864832892526,0,0.9855593262538824
-472.0260907490369,0,0.9855593262538824
-413.15181515198475,0,0.9855593262538824
-350.8230450558989,0,0.9855593262538824
-286.5508659511296,0,0.9855593262538824
-222.15315232513336,0,0.9855593262538824
-159.7506079484617,0,0.9855593262538824
-101.51432058093432,0,0.9855593262538824
-48.48049309544391,0,0.9855593262538824
-0.7436526751586618,0,0.9855593262538824
41.33804373097809,0,0.9855593262538824
77.56828210275339,0,0.9855593262538824
107.86892843058938,0,0.9855593262538824
131.57326084094328,0,0.9855593262538824
148.80926802740535,0,0.9855593262538824
160.82839873595722,0,0.9855593262538824
168.20674409567792,0,0.9855593262538824
170.8417180837815,0,0.9855593262538824
169.50341045264216,0,0.9855593262538824
165.86812661657316,0,0.9855593262538824
161.16460369261867,0,0.9855593262538824
155.65582902510107,0,0.9855593262538824
149.34437417464054,0,0.9855593262538824
142.92962023491663,0,0.9855593262538824
137.45783826929346,0,0.9855593262538824
132.8267564119409,0,0.9855593262538824
128.50022126105463,0,0.9855593262538824
125.08756377936494,0,0.9855593262538824
123.33365656518521,0,0.9855593262538824
123.76942315111724,0,0.9855593262538824
127.06608555937297,0,0.9855593262538824
133.17149936219192,0,0.9855593262538824
141.45926474616297,0,0.9855593262538824
151.1579251395345,0,0.9855593262538824
161.34829709188196,0,0.9855593262538824
171.17252390920828,0,0.9855593262538824
180.49597015074943,0,0.9855593262538824
190.03947283826082,0,0.9855593262538824
199.8601791807501,0,0.9855593262538824
209.1861370217855,0,0.9855593262538824
218.22354281171033,0,0.9855593262538824
227.7598045376012,0,0.9855593262538824
237.14401593798345,0,0.9855593262538824
245.05837958931764,0,0.9855593262538824
251.3495350353326,0,0.9855593262538824
256.2563239745183,0,0.9855593262538824
259.56175215938464,0,0.9855593262538824
261.20082273456126,0,0.9855593262538824
261.3940602411381,0,0.9855593262538824
260.4448285870815,1,0.9857982374297283
258.4782452683613,0,0.9857982374297283
256.01672275834864,0,0.9857982374297283
253.67502629933648,0,0.9857982374297283
250.7760202989007,0,0.9857982374297283
246.9472279238701,0,0.9857982374297283
242.6583384018598,0,0.9857982374297283
237.83406298559575,0,0.9857982374297283
232.37176862740483,0,0.9857982374297283
226.27502033235365,0,0.9857982374297283
219.41112882926126,0,0.9857982374297283
211.6099414129727,0,0.9857982374297283
202.7177447810398,0,0.9857982374297283
192.72685420371704,0,0.9857982374297283
182.05399801859403,0,0.9857982374297283
171.77277600098327,0,0.9857982374297283
162.5257220352044,0,0.9857982374297283
154.25405996561685,0,0.9857982374297283
147.07185533383347,0,0.9857982374297283
140.66134407781627,0,0.9857982374297283
133.80554012113154,0,0.9857982374297283
125.54288585402288,0,0.9857982374297283
116.11171346564024,0,0.9857982374297283
106.58496540041111,0,0.9857982374297283
97.7969996486436,0,0.9857982374297283
89.72956540888521,0,0.9857982374297283
82.45753671431851,0,0.9857982374297283
76.64001039240259,0,0.9857982374297283
72.56690798046004,0,0.9857982374297283
69.47327513608197,0,0.9857982374297283
66.17972175819595,0,0.9857982374297283
62.60291203794698,0,0.9857982374297283
58.924962857693636,0,0.9857982374297283
54.484112670857094,0,0.9857982374297283
49.21087417745318,0,0.9857982374297283
43.670091088322984,0,0.9857982374297283
38.05233174693665,0,0.9857982374297283
32.57911115097823,0,0.9857982374297283
27.506299524723648,0,0.9857982374297283
22.253332238933275,0,0.9857982374297283
15.711662685942482,0,0.9857982374297283
7.563419036841087,0,0.9857982374297283
-2.045018776138601,0,0.9857982374297283
-13.299818114350957,0,0.9857982374297283
-26.134266558078373,0,0.9857982374297283
-39.97918505323591,0,0.9857982374297283
-54.183354411206366,0,0.9857982374297283
-68.93855522117777,0,0.9857982374297283
-85.68132581974922,0,0.9857982374297283
-105.64184256792365,0,0.9857982374297283
-129.32647889562207,0,0.9857982374297283
-157.63658548803912,0,0.9857982374297283
-191.64992445933922,0,0.9857982374297283
-231.41487631536893,0,0.9857982374297283
-275.83578740748004,0,0.9857982374297283
-323.36612824822686,0,0.9857982374297283
-372.8841295211835,0,0.9857982374297283
-423.93288297083905,0,0.9857982374297283
-475.29212632300295,0,0.9857982374297283
-524.6278241302658,0,0.9857982374297283
-570.2211690676121,0,0.9857982374297283
-610.8782822809736,0,0.9857982374297283
-644.7709573556718,0,0.9857982374297283
-669.7872786873786,0,0.9857982374297283
-684.2646256688656,0,0.9857982374297283
-687.6314959552677,0,0.9857982374297283
-680.1353261601473,0,0.9857982374297283
-661.9818086965568,0,0.9857982374297283
-633.4269787962004,0,0.9857982374297283
-595.3493739172445,0,0.9857982374297283
-549.2361107136452,0,0.9857982374297283
-496.217746124122,0,0.9857982374297283
-437.0679147813216,0,0.9857982374297283
-373.4335689474133,0,0.9857982374297283
-307.68107413028423,0,0.9857982374297283
-241.95572673213044,0,0.9857982374297283
-178.0728990220948,0,0.9857982374297283
-117.33231095947836,0,0.9857982374297283
-60.34654495750774,0,0.9857982374297283
-7.761878684928018,0,0.9857982374297283
38.92284269680829,0,0.9857982374297283
78.6505487989454,0,0.9857982374297283
112.27416015116265,0,0.9857982374297283
140.39493372888776,0,0.9857982374297283
161.96438479347242,0,0.9857982374297283
176.22828480141942,0,0.9857982374297283
183.4094506549601,0,0.9857982374297283
184.26492817614812,0,0.9857982374297283
180.19847270843476,0,0.9857982374297283
172.74478282750002,0,0.9857982374297283
163.12783776198998,0,0.9857982374297283
152.29238334643722,0,0.9857982374297283
141.09901431815567,0,0.9857982374297283
130.44625393697598,0,0.9857982374297283
120.84277783074754,0,0.9857982374297283
112.71558534429506,0,0.9857982374297283
106.76814096463916,0,0.9857982374297283
103.5225630670768,0,0.9857982374297283
103.34048125680154,0,0.9857982374297283
106.29867716469771,0,0.9857982374297283
112.22472806962308,0,0.9857982374297283
120.36589535231043,0,0.9857982374297283
129.1998278675192,0,0.9857982374297283
138.09826378146514,0,0.9857982374297283
147.33387598262212,0,0.9857982374297283
156.49379439568045,0,0.9857982374297283
165.30974018628655,0,0.9857982374297283
175.17712345996546,0,0.9857982374297283
187.240699100157,0,0.9857982374297283
200.25300606824965,0,0.9857982374297283
212.5498952690344,0,0.9857982374297283
223.66805249755265,0,0.9857982374297283
233.06719342788844,0,0.9857982374297283
240.30038073318534,0,0.9857982374297283
246.11170829500412,0,0.9857982374297283
251.02002291062587,0,0.9857982374297283
254.54694751370582,0,0.9857982374297283
256.9550961687833,0,0.9857982374297283
259.7045532915346,0,0.9857982374297283
263.6938373021127,0,0.9857982374297283
268.17013223158784,0,0.9857982374297283
271.4819081307038,0,0.9857982374297283
272.4772598645219,0,0.9857982374297283
271.1289070143189,1,0.9853099243058139
268.15442237582744,0,0.9853099243058139
264.19215973794985,0,0.9853099243058139
259.2231129630354,0,0.9853099243058139
253.03275839065196,0,0.9853099243058139
245.55191100953303,0,0.9853099243058139
236.85707348294858,0,0.9853099243058139
227.39085064606613,0,0.9853099243058139
217.63692786431153,0,0.9853099243058139
208.0459316151753,0,0.9853099243058139
198.57327841230446,0,0.9853099243058139
188.25288897565125,0,0.9853099243058139
176.52333651234306,0,0.9853099243058139
163.81481637525255,0,0.9853099243058139
151.15265552360685,0,0.9853099243058139
139.7656682059744,0,0.9853099243058139
129.95440087794128,0,0.9853099243058139
121.14800105894005,0,0.9853099243058139
112.97674901702067,0,0.9853099243058139
105.10279883368916,0,0.9853099243058139
97.10670468281278,0,0.9853099243058139
89.25846750474882,0,0.9853099243058139
82.1603180573852,0,0.9853099243058139
75.78865788618828,0,0.9853099243058139
69.85205816357288,0,0.9853099243058139
64.4501745038392,0,0.9853099243058139
60.06591435841151,0,0.9853099243058139
57.141951119839035,0,0.9853099243058139
55.14298144825382,0,0.9853099243058139
52.50123670264656,0,0.9853099243058139
48.0822461223547,0,0.9853099243058139
41.9199830433638,0,0.9853099243058139
34.56844178848841,0,0.9853099243058139
26.471114231348874,0,0.9853099243058139
17.767525316048967,0,0.9853099243058139
8.587757871255747,0,0.9853099243058139
-0.9547988776563402,0,0.9853099243058139
-11.700942274379608,0,0.9853099243058139
-24.83552083551955,0,0.9853099243058139
-40.936971640089986,0,0.9853099243058139
-60.83486210145013,0,0.9853099243058139
-85.34325280548593,0,0.9853099243058139
-114.54320821832177,0,0.9853099243058139
-147.98471778802775,0,0.9853099243058139
-185.265980054464,0,0.9853099243058139
-226.74731952798314,0,0.9853099243058139
-272.9391585702232,0,0.9853099243058139
-323.64926042717155,0,0.9853099243058139
-377.52454445254534,0,0.9853099243058139
-431.86724753173615,0,0.9853099243058139
-483.9039512758441,0,0.9853099243058139
-531.9262352315584,0,0.9853099243058139
-574.9307502463147,0,0.9853099243058139
-612.2077291939419,0,0.9853099243058139
-642.692444439225,0,0.9853099243058139
-664.5351170618287,0,0.9853099243058139
-676.7673100141711,0,0.9853099243058139
-679.5504391484703,0,0.9853099243058139
-672.3990359460155,0,0.9853099243058139
-654.8003135244536,0,0.9853099243058139
-627.2674637944741,0,0.9853099243058139
-590.3186862149732,0,0.9853099243058139
-544.3747903128959,0,0.9853099243058139
-490.749066991144,0,0.9853099243058139
-431.53661360619213,0,0.9853099243058139
-368.9917609128031,0,0.9853099243058139
-304.8889021588838,0,0.9853099243058139
-240.3260784319531,0,0.9853099243058139
-175.75887953524787,0,0.9853099243058139
-112.57925019135841,0,0.9853099243058139
-54.17580966449575,0,0.9853099243058139
-2.818305479932712,0,0.9853099243058139
41.77663018017843,0,0.9853099243058139
80.60316233512715,0,0.9853099243058139
114.1101452643966,0,0.9853099243058139
141.87827644699422,0,0.9853099243058139
163.566924873308,0,0.9853099243058139
179.73335703293787,0,0.9853099243058139
191.0459363125025,0,0.9853099243058139
197.70129625489932,0,0.9853099243058139
200.09304318774772,0,0.9853099243058139
198.7224203254848,0,0.9853099243058139
194.1820594689739,0,0.9853099243058139
187.69030240354195,0,0.9853099243058139
180.12382232534236,0,0.9853099243058139
171.69823855664725,0,0.9853099243058139
162.9200627406178,0,0.9853099243058139
154.64241417483927,0,0.9853099243058139
147.52129932356138,0,0.9853099243058139
141.56232249507644,0,0.9853099243058139
136.89098792515205,0,0.9853099243058139
134.34882421893025,0,0.9853099243058139
134.23028028519394,0,0.9853099243058139
136.02809528882153,0,0.9853099243058139
139.3978587452975,0,0.9853099243058139
144.42385574562041,0,0.9853099243058139
151.25817005513133,0,0.9853099243058139
159.65778593849373,0,0.9853099243058139
169.37790802594387,0,0.9853099243058139
180.69546572214574,0,0.9853099243058139
193.47380162396632,0,0.9853099243058139
206.45404023994257,0,0.9853099243058139
218.74039519422632,0,0.9853099243058139
230.54808663793173,0,0.9853099243058139
241.70179180963498,0,0.9853099243058139
251.4616397581194,0,0.9853099243058139
259.92740682316463,0,0.9853099243058139
267.51392500829786,0,0.9853099243058139
273.72855472101065,0,0.9853099243058139
278.25360074460787,0,0.9853099243058139
281.38758866902765,0,0.9853099243058139
282.59213071520503,0,0.9853099243058139
280.823693822188,1,0.9855224175094394
276.21834112495657,0,0.9855224175094394
270.06480011753257,0,0.9855224175094394
263.13596087011973,0,0.9855224175094394
255.3645742963778,0,0.9855224175094394
247.2233130381303,0,0.9855224175094394
239.73648188359,0,0.9855224175094394
233.2946027285078,0,0.9855224175094394
227.36984272961698,0,0.9855224175094394
221.517047548584,0,0.9855224175094394
215.39762095867582,0,0.9855224175094394
208.03868547709595,0,0.9855224175094394
199.21390107256084,0,0.9855224175094394
190.2602170880919,0,0.9855224175094394
182.38266753250548,0,0.9855224175094394
175.5222271752266,0,0.9855224175094394
168.64505640866284,0,0.9855224175094394
160.9625777091479,0,0.9855224175094394
153.0749137226636,0,0.9855224175094394
145.58755984920668,0,0.9855224175094394
137.83054459213054,0,0.9855224175094394
129.2277871132666,0,0.9855224175094394
120.26101776227377,0,0.9855224175094394
111.95595553645407,0,0.9855224175094394
104.7188624138151,0,0.9855224175094394
97.98408174877767,0,0.9855224175094394
91.3278849224682,0,0.9855224175094394
84.63266614440408,0,0.9855224175094394
77.63895348172298,0,0.9855224175094394
70.36467954717345,0,0.9855224175094394
63.450081816520566,0,0.9855224175094394
57.36372285093877,0,0.9855224175094394
50.93225343142685,0,0.9855224175094394
42.215079725297414,0,0.9855224175094394
30.730795482344508,0,0.9855224175094394
16.82519650088562,0,0.9855224175094394
0.19802535956587786,0,0.9855224175094394
-19.31766619481419,0,0.9855224175094394
-41.723448354048685,0,0.9855224175094394
-68.12578156348452,0,0.9855224175094394
-99.78191048220141,0,0.9855224175094394
-136.63840605210848,0,0.9855224175094394
-177.68359384850478,0,0.9855224175094394
-222.1536848650117,0,0.9855224175094394
-270.20564870759637,0,0.9855224175094394
-321.63604967393667,0,0.9855224175094394
-374.5321035163525,0,0.9855224175094394
-426.4619468035045,0,0.9855224175094394
-476.2885316883488,0,0.9855224175094394
-523.3199067725374,0,0.9855224175094394
-566.1637347160054,0,0.9855224175094394
-603.7057998918145,0,0.9855224175094394
-634.6291476663345,0,0.9855224175094394
-656.6012798759434,0,0.9855224175094394
-667.8583001191641,0,0.9855224175094394
-667.7811195133468,0,0.9855224175094394
-656.2287724010007,0,0.9855224175094394
-633.5800196688997,0,0.9855224175094394
-601.0621654927089,0,0.9855224175094394
-560.5200541357128,0,0.9855224175094394
-513.4449531117809,0,0.9855224175094394
-460.80511041892316,0,0.9855224175094394
-403.9380202610743,0,0.9855224175094394
-344.72609069968263,0,0.9855224175094394
-284.89253731573433,0,0.9855224175094394
-226.1267226126721,0,0.9855224175094394
-169.70592706299408,0,0.9855224175094394
-116.0420785073901,0,0.9855224175094394
-66.10390399291776,0,0.9855224175094394
-21.12348775609246,0,0.9855224175094394
18.677005454692384,0,0.9855224175094394
53.44035646823085,0,0.9855224175094394
83.18446344268393,0,0.9855224175094394
107.55743055323933,0,0.9855224175094394
126.29474756469979,0,0.9855224175094394
140.27454091285935,0,0.9855224175094394
150.0574976981525,0,0.9855224175094394
154.7710271644283,0,0.9855224175094394
154.11711776879454,0,0.9855224175094394
149.41423682725576,0,0.9855224175094394
142.44540513759824,0,0.9855224175094394
134.4087642306302,0,0.9855224175094394
126.32053610277264,0,0.9855224175094394
119.45921769210784,0,0.9855224175094394
114.06633359581694,0,0.9855224175094394
109.60360115177369,0,0.9855224175094394
106.21997429604494,0,0.9855224175094394
104.21063193818269,0,0.9855224175094394
103.87560537858357,0,0.9855224175094394
105.53929693959851,0,0.9855224175094394
109.34111072616881,0,0.9855224175094394
115.70935721807167,0,0.9855224175094394
124.49676328694271,0,0.9855224175094394
134.9005663383117,0,0.9855224175094394
146.55212229966264,0,0.9855224175094394
158.9539220972255,0,0.9855224175094394
171.17636584296142,0,0.9855224175094394
182.65152848489268,0,0.9855224175094394
193.59998334931802,0,0.9855224175094394
204.47304028357664,0,0.9855224175094394
215.2930484752625,0,0.9855224175094394
225.99846132385986,0,0.9855224175094394
236.2435350291702,0,0.9855224175094394
245.49264515916028,0,0.9855224175094394
254.15977505899204,0,0.9855224175094394
262.7426451968167,0,0.9855224175094394
270.6315978085864,0,0.9855224175094394
276.98293046159364,0,0.9855224175094394
281.262152004255,0,0.9855224175094394
283.34563200935446,0,0.9855224175094394
283.6719002577739,0,0.9855224175094394
282.67747592125426,1,0.9856960381652391
280.64917376076596,0,0.9856960381652391
277.51470442768317,0,0.9856960381652391
272.77494856719034,0,0.9856960381652391
266.5321666613832,0,0.9856960381652391
259.4233619244878,0,0.9856960381652391
251.8445382979871,0,0.9856960381652391
243.8545275475541,0,0.9856960381652391
235.5470513472316,0,0.9856960381652391
227.29764415734135,0,0.9856960381652391
219.32964274728448,0,0.9856960381652391
211.6960890226261,0,0.9856960381652391
203.8727832960653,0,0.9856960381652391
194.35606877678896,0,0.9856960381652391
182.3711743020079,0,0.9856960381652391
168.82650827791815,0,0.9856960381652391
154.8088048285627,0,0.9856960381652391
140.81147169710295,0,0.9856960381652391
127.30131681995682,0,0.9856960381652391
114.79534294418615,0,0.9856960381652391
103.5678410521979,0,0.9856960381652391
93.77334394231792,0,0.9856960381652391
85.19664071238817,0,0.9856960381652391
76.80813441427864,0,0.9856960381652391
67.63853790223797,0,0.9856960381652391
57.735769233240326,0,0.9856960381652391
48.14146614771428,0,0.9856960381652391
40.21235097205603,0,0.9856960381652391
33.709431624718974,0,0.9856960381652391
26.801414131165554,0,0.9856960381652391
19.084347078373494,0,0.9856960381652391
11.869484509163177,0,0.9856960381652391
5.955256569166324,0,0.9856960381652391
0.49320639847237335,0,0.9856960381652391
-6.697533639441433,0,0.9856960381652391
-16.97355475600029,0,0.9856960381652391
-30.334893735565302,0,0.9856960381652391
-47.2163900719283,0,0.9856960381652391
-68.44090383311793,0,0.9856960381652391
-94.34578810839308,0,0.9856960381652391
-124.61823006181278,0,0.9856960381652391
-158.776899177699,0,0.9856960381652391
-197.21523654206283,0,0.9856960381652391
-240.45673297318297,0,0.9856960381652391
-287.4376089138234,0,0.9856960381652391
-336.3826386130587,0,0.9856960381652391
-386.1509995695548,0,0.9856960381652391
-435.45126573079585,0,0.9856960381652391
-483.22992586302956,0,0.9856960381652391
-528.6812725205641,0,0.9856960381652391
-569.7108167565551,0,0.9856960381652391
-604.6031388963429,0,0.9856960381652391
-632.9848794524494,0,0.9856960381652391
-653.4585036117865,0,0.9856960381652391
-663.8983371293565,0,0.9856960381652391
-663.418178063652,0,0.9856960381652391
-652.243898770891,0,0.9856960381652391
-630.7679661255798,0,0.9856960381652391
-599.4951325636418,0,0.9856960381652391
-559.5609838304591,0,0.9856960381652391
-512.6202586812869,0,0.9856960381652391
-460.3650219296971,0,0.9856960381652391
-403.8966751439066,0,0.9856960381652391
-344.0069931246342,0,0.9856960381652391
-282.2259449704434,0,0.9856960381652391
-220.57049427745272,0,0.9856960381652391
-161.1410478844199,0,0.9856960381652391
-105.68218972489784,0,0.9856960381652391
-54.45337451484545,0,0.9856960381652391
-6.880831441537698,0,0.9856960381652391
36.38074101521341,0,0.9856960381652391
73.89057314511865,0,0.9856960381652391
105.22323383481721,0,0.9856960381652391
130.24399464311344,0,0.9856960381652391
148.52482329692026,0,0.9856960381652391
160.30808047791496,0,0.9856960381652391
166.55255995292566,0,0.9856960381652391
169.01533046911553,0,0.9856960381652391
169.8005211603347,0,0.9856960381652391
169.502464124995,0,0.9856960381652391
167.25612034506534,0,0.9856960381652391
162.9271425069748,0,0.9856960381652391
157.68653655953077,0,0.9856960381652391
152.8734251804528,0,0.9856960381652391
149.10981244848418,0,0.9856960381652391
146.47353231390068,0,0.9856960381652391
144.97987786137702,0,0.9856960381652391
144.56083987394956,0,0.9856960381652391
145.6179155484067,0,0.9856960381652391
148.68606758530595,0,0.9856960381652391
153.24713896813185,0,0.9856960381652391
158.72571112995533,0,0.9856960381652391
165.26680697499665,0,0.9856960381652391
172.50594815776802,0,0.9856960381652391
179.77829522407706,0,0.9856960381652391
187.32759066185562,0,0.9856960381652391
195.87432483657167,0,0.9856960381652391
205.71931450820117,0,0.9856960381652391
216.57090851973973,0,0.9856960381652391
227.84338178587058,0,0.9856960381652391
238.83791051440528,0,0.9856960381652391
248.96927355368055,0,0.9856960381652391
258.2445321437772,0,0.9856960381652391
266.769377112816,0,0.9856960381652391
274.1826877690025,0,0.9856960381652391
280.2323012910283,0,0.9856960381652391
285.0877845655456,0,0.9856960381652391
288.65554776146075,0,0.9856960381652391
290.22747591108873,0,0.9856960381652391
289.2852438062395,1,0.9857649114264956
285.9664893479423,0,0.9857649114264956
280.7950628002385,0,0.9857649114264956
274.86631121797484,0,0.9857649114264956
269.4312413606508,0,0.9857649114264956
264.4388505898743,0,0.9857649114264956
258.6652622339785,0,0.9857649114264956
251.4604621469322,0,0.9857649114264956
243.0925297022824,0,0.9857649114264956
233.63769826996017,0,0.9857649114264956
222.8917403836895,0,0.9857649114264956
211.05554144812362,0,0.9857649114264956
198.91751245632574,0,0.9857649114264956
187.50445359940736,0,0.9857649114264956
176.9583308200532,0,0.9857649114264956
166.71108841611846,0,0.9857649114264956
156.84120690137243,0,0.9857649114264956
147.7619827918455,0,0.9857649114264956
139.32641773014856,0,0.9857649114264956
131.1809687871344,0,0.9857649114264956
123.39263543842273,0,0.9857649114264956
115.69923622511052,0,0.9857649114264956
107.11576843912313,0,0.9857649114264956
97.0568970642487,0,0.9857649114264956
85.62686472603812,0,0.9857649114264956
72.51321994825112,0,0.9857649114264956
56.76377179650973,0,0.9857649114264956
37.610243394259776,0,0.9857649114264956
14.728959149331867,0,0.9857649114264956
-11.3394542921536,0,0.9857649114264956
-39.981044609893615,0,0.9857649114264956
-71.84419273471103,0,0.9857649114264956
-107.72277705273115,0,0.9857649114264956
-147.47099746036469,0,0.9857649114264956
-190.6622611727319,0,0.9857649114264956
-237.2700164207948,0,0.9857649114264956
-287.1206052912143,0,0.9857649114264956
-339.2621566319502,0,0.9857649114264956
-392.10799323660746,0,0.9857649114264956
-443.76496410243647,0,0.9857649114264956
-492.28372589413345,0,0.9857649114264956
-535.7934305510474,0,0.9857649114264956
-572.916911463861,0,0.9857649114264956
-603.0174332028628,0,0.9857649114264956
-625.5207225941353,0,0.9857649114264956
-638.9257910466872,0,0.9857649114264956
-641.779518203569,0,0.9857649114264956
-633.8742611901083,0,0.9857649114264956
-615.0356561870291,0,0.9857649114264956
-585.3654850032008,0,0.9857649114264956
-546.3591193599221,0,0.9857649114264956
-499.5782174653907,0,0.9857649114264956
-446.3756371429812,0,0.9857649114264956
-388.5703266095611,0,0.9857649114264956
-327.67477800068724,0,0.9857649114264956
-265.2577768768037,0,0.9857649114264956
-203.6784052174036,0,0.9857649114264956
-144.79697328471156,0,0.9857649114264956
-89.21204949910604,0,0.9857649114264956
-37.49725952415385,0,0.9857649114264956
9.288970905269345,0,0.9857649114264956
50.42494217002901,0,0.9857649114264956
85.53445435829232,0,0.9857649114264956
114.61594008242957,0,0.9857649114264956
138.29406236001378,0,0.9857649114264956
156.82409405340934,0,0.9857649114264956
169.9065024364968,0,0.9857649114264956
177.87945143125663,0,0.9857649114264956
181.68464313705,0,0.9857649114264956
181.85607946587066,0,0.9857649114264956
178.74960807641602,0,0.9857649114264956
173.21305909613457,0,0.9857649114264956
166.2989582762868,0,0.9857649114264956
158.81455184469857,0,0.9857649114264956
151.03272491647513,0,0.9857649114264956
143.5099552019495,0,0.9857649114264956
137.58426267613655,0,0.9857649114264956
133.69273853587276,0,0.9857649114264956
130.87940708242243,0,0.9857649114264956
128.6251134967742,0,0.9857649114264956
127.56447057442561,0,0.9857649114264956
128.00582736723732,0,0.9857649114264956
129.69773564231448,0,0.9857649114264956
132.78169874564037,0,0.9857649114264956
137.17887562843876,0,0.9857649114264956
142.70938777300705,0,0.9857649114264956
149.69311903837826,0,0.9857649114264956
158.18713690885264,0,0.9857649114264956
167.85033474462733,0,0.9857649114264956
177.79848909771516,0,0.9857649114264956
186.92429473706528,0,0.9857649114264956
195.3907593138043,0,0.9857649114264956
203.97917120191497,0,0.9857649114264956
212.8682350304862,0,0.9857649114264956
221.79521765309022,0,0.9857649114264956
230.29415919354594,0,0.9857649114264956
237.8518032558096,0,0.9857649114264956
243.94588422590152,0,0.9857649114264956
248.64347765430162,0,0.9857649114264956
252.18854101825988,0,0.9857649114264956
254.2980561853596,0,0.9857649114264956
255.40020621973218,0,0.9857649114264956
256.4752839933581,0,0.9857649114264956
257.32956798403967,0,0.9857649114264956
256.8079266448486,1,0.9853691473569498
254.3297718499282,0,0.9853691473569498
250.17827237757666,0,0.9853691473569498
244.22552786674996,0,0.9853691473569498
236.10578091244335,0,0.9853691473569498
226.23222860009105,0,0.9853691473569498
215.14442933716657,0,0.9853691473569498
203.672199651547,0,0.9853691473569498
192.66877800615273,0,0.9853691473569498
181.91440039024695,0,0.9853691473569498
171.24644632918427,0,0.9853691473569498
160.981718721905,0,0.9853691473569498
150.75964932443205,0,0.9853691473569498
140.15419197720792,0,0.9853691473569498
129.9799857969831,0,0.9853691473569498
120.89896617083758,0,0.9853691473569498
112.13542431246728,0,0.9853691473569498
103.2894042833358,0,0.9853691473569498
95.14000751977547,0,0.9853691473569498
88.0276884828944,0,0.9853691473569498
81.43106489600522,0,0.9853691473569498
74.86412943429383,0,0.9853691473569498
67.44882748025111,0,0.9853691473569498
58.25764568512842,0,0.9853691473569498
47.728164223559915,0,0.9853691473569498
36.0511969992629,0,0.9853691473569498
21.970760768788814,0,0.9853691473569498
4.606546973789802,0,0.9853691473569498
-15.662079039282643,0,0.9853691473569498
-37.7071493754786,0,0.9853691473569498
-61.04527570945754,0,0.9853691473569498
-86.69131647515067,0,0.9853691473569498
-116.39401420348977,0,0.9853691473569498
-151.68058873873963,0,0.9853691473569498
-192.55899912630773,0,0.9853691473569498
-238.00343926745575,0,0.9853691473569498
-287.20861727975085,0,0.9853691473569498
-338.6545117939962,0,0.9853691473569498
-390.8707821170768,0,0.9853691473569498
-443.5320706492413,0,0.9853691473569498
-495.7503138819199,0,0.9853691473569498
-545.3379226505843,0,0.9853691473569498
-589.3834153526346,0,0.9853691473569498
-625.2076535423985,0,0.9853691473569498
-651.6251152710138,0,0.9853691473569498
-668.5086232000571,0,0.9853691473569498
-675.6950094340584,0,0.9853691473569498
-672.9612955080365,0,0.9853691473569498
-660.0764046182725,0,0.9853691473569498
-636.7301375223796,0,0.9853691473569498
-602.9564476610958,0,0.9853691473569498
-559.5840973126601,0,0.9853691473569498
-507.91822978984374,0,0.9853691473569498
-449.5502179589995,0,0.9853691473569498
-386.8460447386398,0,0.9853691473569498
-322.48834836086866,0,0.9853691473569498
-258.39506436686935,0,0.9853691473569498
-195.56610198399767,0,0.9853691473569498
-134.8976016215789,0,0.9853691473569498
-77.77775079179457,0,0.9853691473569498
-25.422908307798423,0,0.9853691473569498
21.524815775606147,0,0.9853691473569498
62.43863785768829,0,0.9853691473569498
96.93902684584786,0,0.9853691473569498
125.4862408549548,0,0.9853691473569498
149.05571487714337,0,0.9853691473569498
168.01480701958806,0,0.9853691473569498
181.63592250001258,0,0.9853691473569498
189.36321574378647,0,0.9853691473569498
191.62654531753648,0,0.9853691473569498
189.62656530535804,0,0.9853691473569498
184.91513237752346,0,0.9853691473569498
178.5266792022323,0,0.9853691473569498
170.96776251492446,0,0.9853691473569498
162.81515715228147,0,0.9853691473569498
154.93317696305851,0,0.9853691473569498
148.11926676040218,0,0.9853691473569498
142.39672178646205,0,0.9853691473569498
137.3901625416269,0,0.9853691473569498
133.2333710379851,0,0.9853691473569498
129.99186725415723,0,0.9853691473569498
127.33621719287882,0,0.9853691473569498
125.66700680493861,0,0.9853691473569498
125.84568337034725,0,0.9853691473569498
127.91492063921825,0,0.9853691473569498
131.17669137378905,0,0.9853691473569498
135.40324739728214,0,0.9853691473569498
141.36824317792454,0,0.9853691473569498
149.72963699542402,0,0.9853691473569498
160.2531464710237,0,0.9853691473569498
172.3466757061049,0,0.9853691473569498
185.3794982513417,0,0.9853691473569498
198.73765498462978,0,0.9853691473569498
211.91405561191715,0,0.9853691473569498
224.3388950090057,0,0.9853691473569498
235.32780122817903,0,0.9853691473569498
244.427149363363,0,0.9853691473569498
251.9004314807903,0,0.9853691473569498
258.2604509822064,0,0.9853691473569498
263.5575261951007,0,0.9853691473569498
267.55177176378766,0,0.9853691473569498
269.75397763116297,0,0.9853691473569498
269.71720589266295,1,0.9847734516202347
267.1985423991686,0,0.9847734516202347
262.3388964226565,0,0.9847734516202347
256.386984039685,0,0.9847734516202347
250.67016857045087,0,0.9847734516202347
245.50350062805686,0,0.9847734516202347
240.35077531424082,0,0.9847734516202347
234.03818687946207,0,0.9847734516202347
225.4749326473598,0,0.9847734516202347
214.44855427397158,0,0.9847734516202347
202.4993904798754,0,0.9847734516202347
191.85428662831976,0,0.9847734516202347
182.66583569608503,0,0.9847734516202347
173.67812909181123,0,0.9847734516202347
164.30158586535543,0,0.9847734516202347
154.37006716015958,0,0.9847734516202347
144.2583661126824,0,0.9847734516202347
135.22675719120912,0,0.9847734516202347
128.24659254986747,0,0.9847734516202347
122.97825384477481,0,0.9847734516202347
118.33403534001148,0,0.9847734516202347
113.58284255403895,0,0.9847734516202347
108.56270040234419,0,0.9847734516202347
103.56629311643424,0,0.9847734516202347
98.66002511731567,0,0.9847734516202347
92.6126661422435,0,0.9847734516202347
84.31570614895446,0,0.9847734516202347
74.43073471953527,0,0.9847734516202347
64.15694355632708,0,0.9847734516202347
54.587544782284525,0,0.9847734516202347
46.80277859104497,0,0.9847734516202347
40.35919454048944,0,0.9847734516202347
33.32405028503508,0,0.9847734516202347
24.902873738000334,0,0.9847734516202347
15.787646906297836,0,0.9847734516202347
5.8621153838872875,0,0.9847734516202347
-6.245151788169108,0,0.9847734516202347
-21.538090725246644,0,0.9847734516202347
-39.96058165971488,0,0.9847734516202347
-61.03627686868121,0,0.9847734516202347
-85.06643951260942,0,0.9847734516202347
-113.70174677635619,0,0.9847734516202347
-148.36107112336208,0,0.9847734516202347
-188.78366945665428,0,0.9847734516202347
-233.73013350234808,0,0.9847734516202347
-282.0549583771648,0,0.9847734516202347
-332.60506459277417,0,0.9847734516202347
-384.2848347972866,0,0.9847734516202347
-436.545274769961,0,0.9847734516202347
-488.6475837724499,0,0.9847734516202347
-538.6039628516744,0,0.9847734516202347
-583.6001890206373,0,0.9847734516202347
-621.5161747465434,0,0.9847734516202347
-651.0210279014782,0,0.9847734516202347
-671.0253730656013,0,0.9847734516202347
-680.7520162109039,0,0.9847734516202347
-679.4829035505779,0,0.9847734516202347
-667.335000144239,0,0.9847734516202347
-645.6007557892143,0,0.9847734516202347
-615.0091723953312,0,0.9847734516202347
-575.4587779597208,0,0.9847734516202347
-527.7822922518008,0,0.9847734516202347
-474.033024276902,0,0.9847734516202347
-416.1150188065329,0,0.9847734516202347
-355.2095069951356,0,0.9847734516202347
-292.56393956089534,0,0.9847734516202347
-229.95920199230952,0,0.9847734516202347
-169.21304711780556,0,0.9847734516202347
-111.79971564404428,0,0.9847734516202347
-58.802390728691755,0,0.9847734516202347
-10.807691427082142,0,0.9847734516202347
31.59526206521132,0,0.9847734516202347
67.55175689426324,0,0.9847734516202347
97.19530094221743,0,0.9847734516202347
120.99272112573223,0,0.9847734516202347
138.34513151904656,0,0.9847734516202347
149.7241544828152,0,0.9847734516202347
156.98587273585778,0,0.9847734516202347
160.88907820735963,0,0.9847734516202347
161.79626955001774,0,0.9847734516202347
160.88774283835738,0,0.9847734516202347
158.95722342005647,0,0.9847734516202347
155.8706013283346,0,0.9847734516202347
151.39587209142007,0,0.9847734516202347
146.1482042239535,0,0.9847734516202347
141.51069863377032,0,0.9847734516202347
138.57660029146362,0,0.9847734516202347
137.89412627385684,0,0.9847734516202347
139.36514497698377,0,0.9847734516202347
141.73492320574454,0,0.9847734516202347
143.52721396839297,0,0.9847734516202347
144.9677131747463,0,0.9847734516202347
147.8555006597901,0,0.9847734516202347
153.71971486479913,0,0.9847734516202347
162.80684337495626,0,0.9847734516202347
173.70644100549816,0,0.9847734516202347
184.67039217257468,0,0.9847734516202347
195.4094218126153,0,0.9847734516202347
206.33996252665952,0,0.9847734516202347
217.36115188153167,0,0.9847734516202347
228.04381713355525,0,0.9847734516202347
238.0606524000186,0,0.9847734516202347
247.18837044665125,0,0.9847734516202347
255.40355742019128,0,0.9847734516202347
262.5944475858708,0,0.9847734516202347
268.4349410390569,0,0.9847734516202347
272.8796523877498,0,0.9847734516202347
275.9349511273531,0,0.9847734516202347
277.1589736619934,0,0.9847734516202347
275.86974761954326,1,0.9848893075105719
272.1913957899415,0,0.9848893075105719
267.37225820045006,0,0.9848893075105719
262.10585943509597,0,0.9848893075105719
255.99754688616216,0,0.9848893075105719
248.76514846011682,0,0.9848893075105719
240.65763196517216,0,0.9848893075105719
232.42892508549883,0,0.9848893075105719
224.77434957383522,0,0.9848893075105719
217.39449542444402,0,0.9848893075105719
209.83024560867054,0,0.9848893075105719
202.45281982466474,0,0.9848893075105719
195.48480517670498,0,0.9848893075105719
189.26355951698173,0,0.9848893075105719
184.893561016084,0,0.9848893075105719
182.52451828161298,0,0.9848893075105719
180.63004817631608,0,0.9848893075105719
177.86479058580562,0,0.9848893075105719
173.97047760321243,0,0.9848893075105719
168.6041399350814,0,0.9848893075105719
161.38976609271734,0,0.9848893075105719
152.70119767301776,0,0.9848893075105719
143.2452831694178,0,0.9848893075105719
133.61740095705537,0,0.9848893075105719
123.80614456481987,0,0.9848893075105719
113.58191533047797,0,0.9848893075105719
103.36480918985727,0,0.9848893075105719
93.51685641795457,0,0.9848893075105719
83.67849101890562,0,0.9848893075105719
73.47163720447897,0,0.9848893075105719
62.967146462954126,0,0.9848893075105719
52.205710095162324,0,0.9848893075105719
40.972495345086244,0,0.9848893075105719
28.59639051390353,0,0.9848893075105719
14.467053542806278,0,0.9848893075105719
-1.3518474676362793,0,0.9848893075105719
-19.55887896808339,0,0.9848893075105719
-41.36346369294127,0,0.9848893075105719
-66.65392665927389,0,0.9848893075105719
-94.9868376047513,0,0.9848893075105719
-126.63086208947462,0,0.9848893075105719
-162.18432340107924,0,0.9848893075105719
-202.84999474081266,0,0.9848893075105719
-249.11425221106745,0,0.9848893075105719
-299.0725773257925,0,0.9848893075105719
-350.1747493053704,0,0.9848893075105719
-400.63311868951894,0,0.9848893075105719
-449.06697112433386,0,0.9848893075105719
-494.93779441250143,0,0.9848893075105719
-537.4133935449688,0,0.9848893075105719
-574.2215606131454,0,0.9848893075105719
-603.7057732501469,0,0.9848893075105719
-625.608155249319,0,0.9848893075105719
-639.3897955461053,0,0.9848893075105719
-643.9653702291786,0,0.9848893075105719
-638.863520415644,0,0.9848893075105719
-624.18307348814,0,0.9848893075105719
-599.6642637445741,0,0.9848893075105719
-565.4624602695436,0,0.9848893075105719
-523.2538344735701,0,0.9848893075105719
-474.7456190012211,0,0.9848893075105719
-420.5745529682708,0,0.9848893075105719
-362.26178878963907,0,0.9848893075105719
-302.3220498494409,0,0.9848893075105719
-242.14050442683043,0,0.9848893075105719
-182.38573069993367,0,0.9848893075105719
-124.31468389355815,0,0.9848893075105719
-69.59203742580087,0,0.9848893075105719
-19.64162516983013,0,0.9848893075105719
24.677003782822034,0,0.9848893075105719
62.89123048958903,0,0.9848893075105719
94.75473931932689,0,0.9848893075105719
120.42085951713753,0,0.9848893075105719
140.31572800634538,0,0.9848893075105719
154.99049297328347,0,0.9848893075105719
164.89724849409023,0,0.9848893075105719
170.06298869838528,0,0.9848893075105719
170.91734685413874,0,0.9848893075105719
168.7363985295106,0,0.9848893075105719
164.48073398951107,0,0.9848893075105719
158.33191227234693,0,0.9848893075105719
150.45063073564273,0,0.9848893075105719
141.5477555744831,0,0.9848893075105719
132.50006507106383,0,0.9848893075105719
124.14351905920647,0,0.9848893075105719
117.80870845560054,0,0.9848893075105719
114.66795857189344,0,0.9848893075105719
114.74478633153912,0,0.9848893075105719
117.39734972137904,0,0.9848893075105719
122.05916618017721,0,0.9848893075105719
128.2295418590655,0,0.9848893075105719
135.5352470268767,0,0.9848893075105719
143.85325202830546,0,0.9848893075105719
153.48531435131306,0,0.9848893075105719
164.983200647204,0,0.9848893075105719
178.18767388951292,0,0.9848893075105719
192.26627088404052,0,0.9848893075105719
206.516265567061,0,0.9848893075105719
220.47216004027482,0,0.9848893075105719
233.6000283499358,0,0.9848893075105719
245.529273844979,0,0.9848893075105719
256.3383527678589,0,0.9848893075105719
265.8984993228189,0,0.9848893075105719
273.4862138082662,0,0.9848893075105719
278.22351172881986,0,0.9848893075105719
279.53433288146465,0,0.9848893075105719
277.4668211917418,1,0.9848135236839176
272.6068799167318,0,0.9848135236839176
265.84622472208673,0,0.9848135236839176
258.2541325835329,0,0.9848135236839176
250.953614350752,0,0.9848135236839176
244.8082286228061,0,0.9848135236839176
239.53401624514876,0,0.9848135236839176
233.69879818237945,0,0.9848135236839176
226.70824984834837,0,0.9848135236839176
219.38284115802767,0,0.9848135236839176
212.00635635662474,0,0.9848135236839176
204.00467394636317,0,0.9848135236839176
195.30456515972273,0,0.9848135236839176
186.72344599023035,0,0.9848135236839176
178.6558844385705,0,0.9848135236839176
170.30641067515342,0,0.9848135236839176
160.98559405192358,0,0.9848135236839176
150.85979175474498,0,0.9848135236839176
140.76836952262525,0,0.9848135236839176
131.65479745794988,0,0.9848135236839176
123.89553298471397,0,0.9848135236839176
117.34947377856807,0,0.9848135236839176
111.3781598301182,0,0.9848135236839176
105.43145517002299,0,0.9848135236839176
99.6396183175547,0,0.9848135236839176
94.01951833180452,0,0.9848135236839176
88.06672014209671,0,0.9848135236839176
81.42606106564772,0,0.9848135236839176
74.4107469303538,0,0.9848135236839176
67.71276582188855,0,0.9848135236839176
61.69773034322772,0,0.9848135236839176
56.15500467228413,0,0.9848135236839176
50.80429344863586,0,0.9848135236839176
45.68866503010179,0,0.9848135236839176
40.87700030583645,0,0.9848135236839176
36.2334522926427,0,0.9848135236839176
31.15482067716716,0,0.9848135236839176
25.11946201250088,0,0.9848135236839176
18.799412056716587,0,0.9848135236839176
13.191236440487993,0,0.9848135236839176
8.175737799180745,0,0.9848135236839176
2.613371933203301,0,0.9848135236839176
-4.238901523781829,0,0.9848135236839176
-11.83386919070388,0,0.9848135236839176
-19.258103101937227,0,0.9848135236839176
-26.345354297865832,0,0.9848135236839176
-33.88097910232846,0,0.9848135236839176
-42.950025268393674,0,0.9848135236839176
-54.43762789692986,0,0.9848135236839176
-68.50916139637741,0,0.9848135236839176
-84.54645423215477,0,0.9848135236839176
-102.61417385714942,0,0.9848135236839176
-123.62927662139539,0,0.9848135236839176
-148.21853601052928,0,0.9848135236839176
-176.42192117708868,0,0.9848135236839176
-207.74593614124302,0,0.9848135236839176
-241.95977025291108,0,0.9848135236839176
-279.792626597627,0,0.9848135236839176
-322.14794597696294,0,0.9848135236839176
-368.7526831169385,0,0.9848135236839176
-417.91340632817844,0,0.9848135236839176
-467.7034129051567,0,0.9848135236839176
-516.4428807256971,0,0.9848135236839176
-562.3154795135341,0,0.9848135236839176
-603.040640031391,0,0.9848135236839176
-636.2348766662293,0,0.9848135236839176
-660.4861470446623,0,0.9848135236839176
-674.8868277852775,0,0.9848135236839176
-679.1942883445615,0,0.9848135236839176
-674.1444641017401,0,0.9848135236839176
-659.1773022910019,0,0.9848135236839176
-633.329583286933,0,0.9848135236839176
-597.6108274040268,0,0.9848135236839176
-553.8299968478417,0,0.9848135236839176
-503.4308325630309,0,0.9848135236839176
-447.1889941020246,0,0.9848135236839176
-385.44167860833977,0,0.9848135236839176
-319.2391125460353,0,0.9848135236839176
-251.11263641021912,0,0.9848135236839176
-184.31497113821743,0,0.9848135236839176
-121.36781082208996,0,0.9848135236839176
-63.62576749326526,0,0.9848135236839176
-11.565897577683467,0,0.9848135236839176
34.751210635837765,0,0.9848135236839176
75.31599962442468,0,0.9848135236839176
110.00752020256975,0,0.9848135236839176
138.43313422724796,0,0.9848135236839176
160.021933708145,0,0.9848135236839176
174.75088018298507,0,0.9848135236839176
183.53848766677908,0,0.9848135236839176
187.27794574279915,0,0.9848135236839176
186.53081941098228,0,0.9848135236839176
182.4379979137234,0,0.9848135236839176
176.4117610262642,0,0.9848135236839176
169.31395116241077,0,0.9848135236839176
161.62084280687972,0,0.9848135236839176
154.221067641518,0,0.9848135236839176
148.26099011293113,0,0.9848135236839176
143.7137699334155,0,0.9848135236839176
139.92665559683985,0,0.9848135236839176
137.1524314745233,0,0.9848135236839176
136.01676746076998,0,0.9848135236839176
136.56050497565576,0,0.9848135236839176
138.72465954572834,0,0.9848135236839176
142.8473705683295,0,0.9848135236839176
148.43727707757404,0,0.9848135236839176
154.47489618873215,0,0.9848135236839176
161.1315907071084,0,0.9848135236839176
169.13898934287505,0,0.9848135236839176
178.81320131742896,0,0.9848135236839176
189.75814245372405,0,0.9848135236839176
201.21643139570529,0,0.9848135236839176
213.28189709821186,0,0.9848135236839176
226.24451550360394,0,0.9848135236839176
239.25049789656185,0,0.9848135236839176
251.19384569126044,0,0.9848135236839176
261.4886987067235,0,0.9848135236839176
269.75966204510763,0,0.9848135236839176
276.25244282849036,0,0.9848135236839176
281.45498665221936,0,0.9848135236839176
285.03483178169455,0,0.9848135236839176
286.3312873489128,0,0.9848135236839176
285.31887522804755,1,0.9844931237881901
282.5790196143563,0,0.9844931237881901
278.31007598569977,0,0.9844931237881901
272.2423278787936,0,0.9844931237881901
265.02687613528747,0,0.9844931237881901
257.79607249670124,0,0.9844931237881901
250.67125766481553,0,0.9844931237881901
242.92554157100582,0,0.9844931237881901
233.86170891696813,0,0.9844931237881901
223.6099335216831,0,0.9844931237881901
213.0216220063577,0,0.9844931237881901
203.08601120666128,0,0.9844931237881901
194.30003612027548,0,0.9844931237881901
186.4387896513235,0,0.9844931237881901
178.9526654947406,0,0.9844931237881901
170.92754457425758,0,0.9844931237881901
162.0384330642648,0,0.9844931237881901
152.8063106951354,0,0.9844931237881901
143.6339596008724,0,0.9844931237881901
134.96870624392398,0,0.9844931237881901
126.69816096498144,0,0.9844931237881901
118.00882526542749,0,0.9844931237881901
108.75682380045207,0,0.9844931237881901
99.30168742663204,0,0.9844931237881901
89.64747664684583,0,0.9844931237881901
80.39622621769938,0,0.9844931237881901
72.73618757651018,0,0.9844931237881901
67.0352338241699,0,0.9844931237881901
63.41977002929854,0,0.9844931237881901
61.92208232798896,0,0.9844931237881901
61.88814261344654,0,0.9844931237881901
62.42375461111956,0,0.9844931237881901
62.55048089057809,0,0.9844931237881901
61.67386556420314,0,0.9844931237881901
59.879780508525265,0,0.9844931237881901
57.2685036007475,0,0.9844931237881901
53.913070495740584,0,0.9844931237881901
49.7719224666397,0,0.9844931237881901
44.39967622404032,0,0.9844931237881901
37.964567453016095,0,0.9844931237881901
31.00996934930338,0,0.9844931237881901
23.45152154434067,0,0.9844931237881901
15.29090768249,0,0.9844931237881901
6.7442435854223595,0,0.9844931237881901
-2.3629035518500485,0,0.9844931237881901
-13.025753806966174,0,0.9844931237881901
-26.60652552222008,0,0.9844931237881901
-43.22120627585282,0,0.9844931237881901
-62.09584315276721,0,0.9844931237881901
-83.46036413508506,0,0.9844931237881901
-108.04192066734961,0,0.9844931237881901
-136.10410090642566,0,0.9844931237881901
-168.57294953151177,0,0.9844931237881901
-206.52026324319507,0,0.9844931237881901
-249.51502736355042,0,0.9844931237881901
-296.7356584062714,0,0.9844931237881901
-347.7248808739849,0,0.9844931237881901
-400.90975303950177,0,0.9844931237881901
-453.98586054365705,0,0.9844931237881901
-505.82705923710074,0,0.9844931237881901
-555.4221045655237,0,0.9844931237881901
-600.4907236559908,0,0.9844931237881901
-639.1013627096818,0,0.9844931237881901
-669.9010964803562,0,0.9844931237881901
-691.111442988878,0,0.9844931237881901
-701.6957326515942,0,0.9844931237881901
-701.6027376903664,0,0.9844931237881901
-690.8849936184314,0,0.9844931237881901
-670.3972506464171,0,0.9844931237881901
-640.8427654038275,0,0.9844931237881901
-601.7682303058759,0,0.9844931237881901
-553.4699578747524,0,0.9844931237881901
-497.57646342422123,0,0.9844931237881901
-436.2692816828261,0,0.9844931237881901
-371.9201454470141,0,0.9844931237881901
-306.6841827613435,0,0.9844931237881901
-242.40389991432772,0,0.9844931237881901
-180.33713053979724,0,0.9844931237881901
-120.91631344286083,0,0.9844931237881901
-64.50597920588952,0,0.9844931237881901
-11.979795113955728,0,0.9844931237881901
36.114505521452394,0,0.9844931237881901
79.8166479564045,0,0.9844931237881901
118.00824339359689,0,0.9844931237881901
148.60517400720116,0,0.9844931237881901
171.35592721386158,0,0.9844931237881901
187.6535422170659,0,0.9844931237881901
198.16199817101105,0,0.9844931237881901
202.77092265770546,0,0.9844931237881901
202.22629435253404,0,0.9844931237881901
198.49039623277423,0,0.9844931237881901
193.46036303932237,0,0.9844931237881901
188.0516759267761,0,0.9844931237881901
182.03565027823768,0,0.9844931237881901
174.89548760423608,0,0.9844931237881901
167.23261925011374,0,0.9844931237881901
160.31041718165616,0,0.9844931237881901
155.1349887848474,0,0.9844931237881901
152.29531597180764,0,0.9844931237881901
151.65177184085002,0,0.9844931237881901
152.58706041968662,0,0.9844931237881901
154.23511017113194,0,0.9844931237881901
156.06448670217,0,0.9844931237881901
158.64644441864863,0,0.9844931237881901
162.92870070774794,0,0.9844931237881901
169.04661188550082,0,0.9844931237881901
176.69020167009114,0,0.9844931237881901
185.8057182274831,0,0.9844931237881901
195.88473880893292,0,0.9844931237881901
206.40695951322,0,0.9844931237881901
217.46466944153292,0,0.9844931237881901
228.6613598785229,0,0.9844931237881901
239.14295760593552,0,0.9844931237881901
248.72339811714642,0,0.9844931237881901
257.62050188264436,0,0.9844931237881901
265.91969320320044,0,0.9844931237881901
273.8698352501,0,0.9844931237881901
281.2620140889742,0,0.9844931237881901
287.58980663871114,0,0.9844931237881901
292.91251053308423,0,0.9844931237881901
297.0156359948112,0,0.9844931237881901
298.82320373591364,0,0.9844931237881901
297.4629738364924,1,0.9842231021501112
293.04292857012376,0,0.9842231021501112
286.187484343875,0,0.9842231021501112
277.7282082106854,0,0.9842231021501112
268.29595560729234,0,0.9842231021501112
258.01456689659625,0,0.9842231021501112
246.70861882970462,0,0.9842231021501112
234.55031151741426,0,0.9842231021501112
222.65132085778882,0,0.9842231021501112
211.63103744066967,0,0.9842231021501112
200.89697508961999,0,0.9842231021501112
190.45329876699833,0,0.9842231021501112
180.8831989646159,0,0.9842231021501112
171.90865101742983,0,0.9842231021501112
163.2272171418802,0,0.9842231021501112
155.62184226119203,0,0.9842231021501112
149.82596644867377,0,0.9842231021501112
144.99199802615522,0,0.9842231021501112
139.28810617773647,0,0.9842231021501112
131.8739082621043,0,0.9842231021501112
123.48526860137167,0,0.9842231021501112
115.33832035142046,0,0.9842231021501112
108.07116306134901,0,0.9842231021501112
101.39190236775742,0,0.9842231021501112
94.52749353736158,0,0.9842231021501112
87.03943550431453,0,0.9842231021501112
79.10996601257187,0,0.9842231021501112
71.20916642510994,0,0.9842231021501112
63.49744225739422,0,0.9842231021501112
55.910868979416975,0,0.9842231021501112
48.69752709508697,0,0.9842231021501112
42.17737036123397,0,0.9842231021501112
36.51254404394819,0,0.9842231021501112
31.77357309001836,0,0.9842231021501112
27.670270948311146,0,0.9842231021501112
23.567995375957352,0,0.9842231021501112
19.105901471373137,0,0.9842231021501112
14.325641143708438,0,0.9842231021501112
8.920954647649447,0,0.9842231021501112
2.2119772725792313,0,0.9842231021501112
-6.361138288919334,0,0.9842231021501112
-17.440496865514554,0,0.9842231021501112
-31.783098826659575,0,0.9842231021501112
-49.85582748359056,0,0.9842231021501112
-71.63446204783122,0,0.9842231021501112
-96.939606708224,0,0.9842231021501112
-126.10666263425533,0,0.9842231021501112
-159.80568709931725,0,0.9842231021501112
-197.99318825606974,0,0.9842231021501112
-239.83584411865186,0,0.9842231021501112
-284.80761235028575,0,0.9842231021501112
-332.43077915069006,0,0.9842231021501112
-381.22680303555086,0,0.9842231021501112
-429.64822184541947,0,0.9842231021501112
-476.8302704310541,0,0.9842231021501112
-521.6644465916452,0,0.9842231021501112
-562.4255882544644,0,0.9842231021501112
-597.5099363277662,0,0.9842231021501112
-625.8869552200673,0,0.9842231021501112
-646.3201516226334,0,0.9842231021501112
-657.5465232243948,0,0.9842231021501112
-659.5939120943921,0,0.9842231021501112
-652.7582582109212,0,0.9842231021501112
-636.6151070412811,0,0.9842231021501112
-611.2250659133271,0,0.9842231021501112
-577.3932364324796,0,0.9842231021501112
-536.2213667569499,0,0.9842231021501112
-488.6592411834392,0,0.9842231021501112
-435.262745030302,0,0.9842231021501112
-377.3307900031563,0,0.9842231021501112
-316.73408193952497,0,0.9842231021501112
-254.70558218012908,0,0.9842231021501112
-192.92849198978067,0,0.9842231021501112
-133.25073827137305,0,0.9842231021501112
-76.52813311673285,0,0.9842231021501112
-24.29669453863914,0,0.9842231021501112
21.642009208275876,0,0.9842231021501112
61.00407013947302,0,0.9842231021501112
93.85346304243673,0,0.9842231021501112
119.88961121991119,0,0.9842231021501112
139.2293669247596,0,0.9842231021501112
152.29014301271687,0,0.9842231021501112
159.51281181007556,0,0.9842231021501112
161.61402527966857,0,0.9842231021501112
159.8615349485157,0,0.9842231021501112
155.85487374178317,0,0.9842231021501112
151.09435753426726,0,0.9842231021501112
146.62298869060405,0,0.9842231021501112
142.13918875802284,0,0.9842231021501112
136.81163197893957,0,0.9842231021501112
130.97191311949157,0,0.9842231021501112
125.11177889803882,0,0.9842231021501112
119.42215922107246,0,0.9842231021501112
114.80968865576111,0,0.9842231021501112
112.18005842811107,0,0.9842231021501112
111.6763221992697,0,0.9842231021501112
113.28332174028323,0,0.9842231021501112
117.21501221281264,0,0.9842231021501112
123.30882329805976,0,0.9842231021501112
130.70796066799358,0,0.9842231021501112
138.50766857726165,0,0.9842231021501112
146.49932072771503,0,0.9842231021501112
155.21210895325316,0,0.9842231021501112
165.0662426762354,0,0.9842231021501112
175.86867221315126,0,0.9842231021501112
187.13158424956623,0,0.9842231021501112
198.77787554007915,0,0.9842231021501112
211.29800503814033,0,0.9842231021501112
224.58627721110693,0,0.9842231021501112
237.52583723806688,0,0.9842231021501112
249.42494519012553,0,0.9842231021501112
260.09104074196443,0,0.9842231021501112
268.83345471239204,0,0.9842231021501112
275.32700794195836,0,0.9842231021501112
279.8008862178256,0,0.9842231021501112
282.0568598742244,0,0.9842231021501112
281.9997468246208,1,0.984371500030652
280.28070173116515,0,0.984371500030652
277.5530324588675,0,0.984371500030652
273.8765470739886,0,0.984371500030652
269.1496868914049,0,0.984371500030652
263.3634005776565,0,0.984371500030652
256.3342998593637,0,0.984371500030652
247.78711060413053,0,0.984371500030652
237.8113476457913,0,0.984371500030652
226.79139010662809,0,0.984371500030652
215.61756397456003,0,0.984371500030652
205.65940094074233,0,0.984371500030652
197.03434450403554,0,0.984371500030652
188.96988637938355,0,0.984371500030652
181.13545115319948,0,0.984371500030652
173.11661422945159,0,0.984371500030652
164.9510265132331,0,0.984371500030652
156.885009459791,0,0.984371500030652
148.46314438882928,0,0.984371500030652
139.56715794154522,0,0.984371500030652
130.97796723841753,0,0.984371500030652
123.41702476364374,0,0.984371500030652
116.75224799272135,0,0.984371500030652
110.42048295578111,0,0.984371500030652
104.33100032542659,0,0.984371500030652
98.66791288047408,0,0.984371500030652
93.34827642525342,0,0.984371500030652
88.1916957433655,0,0.984371500030652
82.4077543977091,0,0.984371500030652
75.35779024068177,0,0.984371500030652
68.2283156845671,0,0.984371500030652
61.962218307010566,0,0.984371500030652
55.54675741421822,0,0.984371500030652
48.39187518294703,0,0.984371500030652
41.367999641322136,0,0.984371500030652
34.92121424798579,0,0.984371500030652
28.513332102966547,0,0.984371500030652
21.653954483533,0,0.984371500030652
14.412938461953305,0,0.984371500030652
6.832034457975822,0,0.984371500030652
-1.6726018553591295,0,0.984371500030652
-11.506451084150175,0,0.984371500030652
-22.859380876509636,0,0.984371500030652
-36.63696558659822,0,0.984371500030652
-53.8565484471755,0,0.984371500030652
-74.39072995746601,0,0.984371500030652
-97.7519360176829,0,0.984371500030652
-124.48898658162594,0,0.984371500030652
-155.22282709191037,0,0.984371500030652
-189.87974600360772,0,0.984371500030652
-228.39459996328523,0,0.984371500030652
-270.853260974583,0,0.984371500030652
-316.893977170957,0,0.984371500030652
-365.0530491930846,0,0.984371500030652
-413.38418260102674,0,0.984371500030652
-460.3763679831646,0,0.984371500030652
-505.1828847780566,0,0.984371500030652
-547.4394032144236,0,0.984371500030652
-585.7816267745344,0,0.984371500030652
-617.6379470356211,0,0.984371500030652
-640.7989312440229,0,0.984371500030652
-654.0573741225796,0,0.984371500030652
-657.2698331688634,0,0.984371500030652
-650.8631744377718,0,0.984371500030652
-634.7542560839345,0,0.984371500030652
-608.8536267650079,0,0.984371500030652
-574.2451341872883,0,0.984371500030652
-532.1729001771197,0,0.984371500030652
-483.3115745910379,0,0.984371500030652
-428.40344066892663,0,0.984371500030652
-368.8726715979349,0,0.984371500030652
-307.194289109144,0,0.984371500030652
-245.616179835971,0,0.984371500030652
-185.43541705288033,0,0.984371500030652
-128.00647376342812,0,0.984371500030652
-75.04446510291255,0,0.984371500030652
-27.904697180108965,0,0.984371500030652
12.947469667437307,0,0.984371500030652
47.86997431447383,0,0.984371500030652
77.72559969750914,0,0.984371500030652
103.1469661608733,0,0.984371500030652
124.32898122774516,0,0.984371500030652
141.29899864692464,0,0.984371500030652
154.04682681261505,0,0.984371500030652
162.65972521385459,0,0.984371500030652
166.85838277012328,0,0.984371500030652
166.82432304126402,0,0.984371500030652
164.17007833506156,0,0.984371500030652
159.82358622759378,0,0.984371500030652
153.4926239892622,0,0.984371500030652
145.5600831348443,0,0.984371500030652
136.9912296780555,0,0.984371500030652
128.33747423957766,0,0.984371500030652
120.14786555129743,0,0.984371500030652
113.67819532191162,0,0.984371500030652
109.69463557392676,0,0.984371500030652
108.16321946470669,0,0.984371500030652
109.46363617064601,0,0.984371500030652
113.81660171592871,0,0.984371500030652
120.57127686034092,0,0.984371500030652
128.8472342432376,0,0.984371500030652
138.07595635779208,0,0.984371500030652
148.1796970872165,0,0.984371500030652
159.2634964790238,0,0.984371500030652
171.27322561051287,0,0.984371500030652
184.39950799839087,0,0.984371500030652
198.9674272408172,0,0.984371500030652
214.92953866787332,0,0.984371500030652
231.03086468792273,0,0.984371500030652
244.92734501093122,0,0.984371500030652
255.45815296955374,0,0.984371500030652
262.80167982667734,0,0.984371500030652
266.99209344554305,0,0.984371500030652
268.4508060651307,0,0.984371500030652
268.38051680695935,1,0.9845554224069294
267.4790957906721,0,0.9845554224069294
265.349965981825,0,0.9845554224069294
261.95827618343526,0,0.9845554224069294
258.2092574984946,0,0.9845554224069294
254.4413736845284,0,0.9845554224069294
250.28172830690184,0,0.9845554224069294
245.50456892823547,0,0.9845554224069294
239.9550775131351,0,0.9845554224069294
233.68674564537855,0,0.9845554224069294
227.0222394247135,0,0.9845554224069294
220.25091370370583,0,0.9845554224069294
213.39625554827035,0,0.9845554224069294
206.45340358503915,0,0.9845554224069294
199.74040701916843,0,0.9845554224069294
192.93426591385472,0,0.9845554224069294
185.1407461655584,0,0.9845554224069294
176.5581986041417,0,0.9845554224069294
168.01607078952182,0,0.9845554224069294
159.95376773922368,0,0.9845554224069294
152.5001994113415,0,0.9845554224069294
145.4809853517359,0,0.9845554224069294
138.72949616885185,0,0.9845554224069294
132.23762856663492,0,0.9845554224069294
126.45605866522345,0,0.9845554224069294
121.66282195695908,0,0.9845554224069294
116.92847668517445,0,0.9845554224069294
111.54362842931455,0,0.9845554224069294
105.79940020446617,0,0.9845554224069294
100.0754882915263,0,0.9845554224069294
94.52238689329374,0,0.9845554224069294
88.91265291896224,0,0.9845554224069294
82.90995040058775,0,0.9845554224069294
76.0680808839324,0,0.9845554224069294
68.1229933685506,0,0.9845554224069294
59.85619078585201,0,0.9845554224069294
52.440714532272416,0,0.9845554224069294
46.51794774236748,0,0.9845554224069294
41.875221916265346,0,0.9845554224069294
37.34600684144392,0,0.9845554224069294
31.699425103289062,0,0.9845554224069294
24.882831216818925,0,0.9845554224069294
17.605618884514985,0,0.9845554224069294
9.699294833860673,0,0.9845554224069294
0.434647969860429,0,0.9845554224069294
-10.386258412923882,0,0.9845554224069294
-23.12962547435383,0,0.9845554224069294
-38.62647126841319,0,0.9845554224069294
-57.37387692174993,0,0.9845554224069294
-79.43137031107516,0,0.9845554224069294
-105.31241573550015,0,0.9845554224069294
-136.17688600727817,0,0.9845554224069294
-172.4914439238201,0,0.9845554224069294
-213.8491620171935,0,0.9845554224069294
-259.38003019086403,0,0.9845554224069294
-307.5136480232324,0,0.9845554224069294
-357.18612453769373,0,0.9845554224069294
-408.2845574961511,0,0.9845554224069294
-459.8142507280719,0,0.9845554224069294
-509.3320835971453,0,0.9845554224069294
-554.5782453368298,0,0.9845554224069294
-594.2384147963106,0,0.9845554224069294
-627.5286249086544,0,0.9845554224069294
-653.6877729360342,0,0.9845554224069294
-671.3059345619278,0,0.9845554224069294
-678.8948053699987,0,0.9845554224069294
-675.5957885097088,0,0.9845554224069294
-661.0194975723273,0,0.9845554224069294
-635.5294337168624,0,0.9845554224069294
-600.2646532474031,0,0.9845554224069294
-556.3506421612738,0,0.9845554224069294
-504.88394259159344,0,0.9845554224069294
-447.4877101289596,0,0.9845554224069294
-385.87488913885466,0,0.9845554224069294
-322.00359881850585,0,0.9845554224069294
-258.2599647683292,0,0.9845554224069294
-196.66501176452155,0,0.9845554224069294
-138.32111305057163,0,0.9845554224069294
-83.25458749775497,0,0.9845554224069294
-31.74340940167357,0,0.9845554224069294
14.936233408419302,0,0.9845554224069294
55.846052206683815,0,0.9845554224069294
90.48816864924378,0,0.9845554224069294
117.98229966287215,0,0.9845554224069294
138.29530448680393,0,0.9845554224069294
152.71902858896584,0,0.9845554224069294
162.05975061153507,0,0.9845554224069294
166.41664246995822,0,0.9845554224069294
166.181518596616,0,0.9845554224069294
162.54888427068252,0,0.9845554224069294
156.99249994452893,0,0.9845554224069294
150.30160403126214,0,0.9845554224069294
143.05617531203262,0,0.9845554224069294
135.75290291334966,0,0.9845554224069294
128.65010536723338,0,0.9845554224069294
122.25086686434213,0,0.9845554224069294
116.93271808189415,0,0.9845554224069294
113.29867328719394,0,0.9845554224069294
112.33193402279345,0,0.9845554224069294
113.90302282692669,0,0.9845554224069294
117.20592237337837,0,0.9845554224069294
122.03948326270947,0,0.9845554224069294
128.4385815368433,0,0.9845554224069294
136.62515102536122,0,0.9845554224069294
147.0946637181445,0,0.9845554224069294
159.58913259654108,0,0.9845554224069294
172.65680781697918,0,0.9845554224069294
185.13157105871903,0,0.9845554224069294
196.84931702997375,0,0.9845554224069294
208.1074081423815,0,0.9845554224069294
219.6606107045377,0,0.9845554224069294
231.68653041238326,0,0.9845554224069294
242.80010482847442,0,0.9845554224069294
251.66361626633227,0,0.9845554224069294
258.40462674080646,0,0.9845554224069294
263.7954313780366,0,0.9845554224069294
268.28951177424625,0,0.9845554224069294
271.97544915607983,0,0.9845554224069294
275.02291521997904,0,0.9845554224069294
277.51315702458015,0,0.9845554224069294
278.74458012924356,0,0.9845554224069294
278.0897117794039,1,0.9844195335890548
276.02498709266456,0,0.9844195335890548
273.0277972051456,0,0.9844195335890548
268.95737914191255,0,0.9844195335890548
263.40095680928226,0,0.9844195335890548
255.94158337340824,0,0.9844195335890548
247.2293000005321,0,0.9844195335890548
238.43112171579503,0,0.9844195335890548
229.65564289628907,0,0.9844195335890548
220.35519514885317,0,0.9844195335890548
210.2824339480119,0,0.9844195335890548
199.61503537808008,0,0.9844195335890548
188.970684493389,0,0.9844195335890548
179.23956169076394,0,0.9844195335890548
170.77202443457287,0,0.9844195335890548
162.88379326494064,0,0.9844195335890548
154.483233214378,0,0.9844195335890548
145.73786018550055,0,0.9844195335890548
138.02084112699015,0,0.9844195335890548
131.18170675309267,0,0.9844195335890548
123.65437489808251,0,0.9844195335890548
115.49451989883256,0,0.9844195335890548
108.15704074575405,0,0.9844195335890548
102.44063630027335,0,0.9844195335890548
98.4570598094123,0,0.9844195335890548
96.02546860281527,0,0.9844195335890548
94.10611532694573,0,0.9844195335890548
90.97738914208476,0,0.9844195335890548
85.79356023079974,0,0.9844195335890548
79.12528909348016,0,0.9844195335890548
72.01628785116742,0,0.9844195335890548
64.76512247054931,0,0.9844195335890548
57.07726557350526,0,0.9844195335890548
48.721281504004935,0,0.9844195335890548
38.62866545663417,0,0.9844195335890548
26.258696276956943,0,0.9844195335890548
13.200725189953305,0,0.9844195335890548
0.006498856800779329,0,0.9844195335890548
-15.286210950494102,0,0.9844195335890548
-34.07125613796955,0,0.9844195335890548
-55.761286680848364,0,0.9844195335890548
-79.79497659948593,0,0.9844195335890548
-107.05960612359023,0,0.9844195335890548
-138.55149127840974,0,0.9844195335890548
-174.1018880633761,0,0.9844195335890548
-213.39734722496692,0,0.9844195335890548
-256.71708010624087,0,0.9844195335890548
-304.0404772070809,0,0.9844195335890548
-354.950596516622,0,0.9844195335890548
-408.3244785527646,0,0.9844195335890548
-461.5897271409032,0,0.9844195335890548
-512.102753714415,0,0.9844195335890548
-558.0709684445653,0,0.9844195335890548
-597.9354223060319,0,0.9844195335890548
-630.45474277443,0,0.9844195335890548
-654.5593752602089,0,0.9844195335890548
-669.2629443512857,0,0.9844195335890548
-674.2808447422806,0,0.9844195335890548
-669.4698481780334,0,0.9844195335890548
-653.7637496389799,0,0.9844195335890548
-625.9141143067187,0,0.9844195335890548
-586.6044955260728,0,0.9844195335890548
-538.4432298358703,0,0.9844195335890548
-483.6145230471581,0,0.9844195335890548
-423.6331377709638,0,0.9844195335890548
-360.35749573730243,0,0.9844195335890548
-295.7138507714254,0,0.9844195335890548
-231.59323915426359,0,0.9844195335890548
-169.52553534064734,0,0.9844195335890548
-110.75484071230976,0,0.9844195335890548
-56.85372010077456,0,0.9844195335890548
-8.81504420964962,0,0.9844195335890548
33.49470108600402,0,0.9844195335890548
70.29630298655725,0,0.9844195335890548
101.12579117599883,0,0.9844195335890548
125.74593491883506,0,0.9844195335890548
144.73424366865103,0,0.9844195335890548
158.2789106703912,0,0.9844195335890548
166.44642655696632,0,0.9844195335890548
170.2661774309912,0,0.9844195335890548
170.95443151100065,0,0.9844195335890548
168.73866109080484,0,0.9844195335890548
163.23294724522898,0,0.9844195335890548
154.81641820802048,0,0.9844195335890548
144.53725279184286,0,0.9844195335890548
133.60115237718662,0,0.9844195335890548
123.47464971430735,0,0.9844195335890548
115.21587234648042,0,0.9844195335890548
109.55610839617476,0,0.9844195335890548
107.09474129370798,0,0.9844195335890548
107.56007931444188,0,0.9844195335890548
110.39108059008487,0,0.9844195335890548
115.6230853318291,0,0.9844195335890548
123.27010451685904,0,0.9844195335890548
132.5483353669488,0,0.9844195335890548
142.99865450476852,0,0.9844195335890548
155.47974572160118,0,0.9844195335890548
169.98695887453133,0,0.9844195335890548
184.79482732240058,0,0.9844195335890548
198.47385145669747,0,0.9844195335890548
210.4336301415642,0,0.9844195335890548
220.6627904087792,0,0.9844195335890548
229.51669359132555,0,0.9844195335890548
237.11313665361843,0,0.9844195335890548
243.2578457223468,0,0.9844195335890548
248.09794590409487,0,0.9844195335890548
252.3714759396693,0,0.9844195335890548
256.46424799876974,0,0.9844195335890548
260.3340397135974,0,0.9844195335890548
264.2979063845742,0,0.9844195335890548
268.2120024448499,0,0.9844195335890548
270.6790371236263,0,0.9844195335890548
270.4645048371702,1,0.9845884805129943
267.69898997128615,0,0.9845884805129943
263.4759352368478,0,0.9845884805129943
258.67631836276945,0,0.9845884805129943
253.24621054081334,0,0.9845884805129943
247.1243653303017,0,0.9845884805129943
241.0168193091706,0,0.9845884805129943
235.47097011941344,0,0.9845884805129943
230.1518693844823,0,0.9845884805129943
224.8742753954464,0,0.9845884805129943
219.71036673747201,0,0.9845884805129943
213.77793645499796,0,0.9845884805129943
206.1768102417508,0,0.9845884805129943
197.37992966470807,0,0.9845884805129943
187.9647551391059,0,0.9845884805129943
177.81202702401362,0,0.9845884805129943
167.07073340835765,0,0.9845884805129943
156.17614526526287,0,0.9845884805129943
145.6276771097755,0,0.9845884805129943
135.70557971472576,0,0.9845884805129943
126.32198424628689,0,0.9845884805129943
117.52112624826017,0,0.9845884805129943
109.39151090584491,0,0.9845884805129943
101.4540941932231,0,0.9845884805129943
92.83629583827398,0,0.9845884805129943
83.74929055289942,0,0.9845884805129943
75.15976157110224,0,0.9845884805129943
67.38766651455032,0,0.9845884805129943
60.39613174092076,0,0.9845884805129943
53.925311307340976,0,0.9845884805129943
47.814309475421354,0,0.9845884805129943
42.031819700311175,0,0.9845884805129943
35.97590339812298,0,0.9845884805129943
29.043949078842264,0,0.9845884805129943
20.87260203080118,0,0.9845884805129943
10.824893725878649,0,0.9845884805129943
-1.6847086985315973,0,0.9845884805129943
-16.503254060432692,0,0.9845884805129943
-32.9221771208632,0,0.9845884805129943
-50.703351893789005,0,0.9845884805129943
-70.52851986002621,0,0.9845884805129943
-93.90015475719004,0,0.9845884805129943
-122.39535419221404,0,0.9845884805129943
-156.832151558703,0,0.9845884805129943
-197.19706698454988,0,0.9845884805129943
-242.49258922261447,0,0.9845884805129943
-291.0729988394708,0,0.9845884805129943
-341.28764923201373,0,0.9845884805129943
-391.8011883196575,0,0.9845884805129943
-441.83587674503985,0,0.9845884805129943
-490.6574286028016,0,0.9845884805129943
-536.8414850455242,0,0.9845884805129943
-578.5502979947305,0,0.9845884805129943
-614.165496819336,0,0.9845884805129943
-642.1595818275626,0,0.9845884805129943
-661.1223812802402,0,0.9845884805129943
-670.2531702209706,0,0.9845884805129943
-669.1458581877798,0,0.9845884805129943
-657.3507168702625,0,0.9845884805129943
-634.4113775853449,0,0.9845884805129943
-600.4860651316067,0,0.9845884805129943
-556.7518370064405,0,0.9845884805129943
-504.99092231984076,0,0.9845884805129943
-446.9347812054965,0,0.9845884805129943
-384.02921557944853,0,0.9845884805129943
-318.0786224408322,0,0.9845884805129943
-251.3364414653767,0,0.9845884805129943
-185.77080294374224,0,0.9845884805129943
-122.85832168339503,0,0.9845884805129943
-63.82685684842919,0,0.9845884805129943
-9.763688975730295,0,0.9845884805129943
38.387145241638315,0,0.9845884805129943
79.54355216078123,0,0.9845884805129943
112.96627640245913,0,0.9845884805129943
138.79559481921288,0,0.9845884805129943
157.50212674407777,0,0.9845884805129943
169.69619084106114,0,0.9845884805129943
175.94788988331584,0,0.9845884805129943
176.65259144849435,0,0.9845884805129943
172.71519756144218,0,0.9845884805129943
165.80362039821233,0,0.9845884805129943
157.59840339051829,0,0.9845884805129943
149.27006434552035,0,0.9845884805129943
141.38878341540953,0,0.9845884805129943
134.11585547762274,0,0.9845884805129943
127.65507185389048,0,0.9845884805129943
122.3386787803913,0,0.9845884805129943
118.73491854869452,0,0.9845884805129943
117.16789982116295,0,0.9845884805129943
117.37778051573342,0,0.9845884805129943
119.16869172670222,0,0.9845884805129943
122.09717068304916,0,0.9845884805129943
125.5823684891706,0,0.9845884805129943
130.45798051349487,0,0.9845884805129943
138.0650586287329,0,0.9845884805129943
147.74250246443498,0,0.9845884805129943
157.70484312294752,0,0.9845884805129943
167.2845336016277,0,0.9845884805129943
176.50262869911785,0,0.9845884805129943
185.21591517157296,0,0.9845884805129943
193.92404892998536,0,0.9845884805129943
203.50478810779666,0,0.9845884805129943
213.83631616842104,0,0.9845884805129943
223.71154995565104,0,0.9845884805129943
231.59033631686526,0,0.9845884805129943
236.76848588587245,0,0.9845884805129943
239.95406438715247,0,0.9845884805129943
242.40768072360615,0,0.9845884805129943
245.1686413114036,0,0.9845884805129943
248.8724243427006,0,0.9845884805129943
253.17372248647226,0,0.9845884805129943
256.65643721420275,0,0.9845884805129943
258.16617786499205,0,0.9845884805129943
257.375392937822,1,0.98476053512278
254.66167394385204,0,0.98476053512278
251.22736639025035,0,0.98476053512278
247.67297425696137,0,0.98476053512278
243.5989380846182,0,0.98476053512278
238.97467781240704,0,0.98476053512278
233.86835957497408,0,0.98476053512278
227.72514048861413,0,0.98476053512278
220.04839804632107,0,0.98476053512278
211.43079573161629,0,0.98476053512278
202.8773502404461,0,0.98476053512278
194.66352685381864,0,0.98476053512278
186.66273471903213,0,0.98476053512278
179.0818186496179,0,0.98476053512278
172.29255670681292,0,0.98476053512278
165.7457323017714,0,0.98476053512278
158.43281525239044,0,0.98476053512278
150.4955105349596,0,0.98476053512278
142.63700452410308,0,0.98476053512278
134.38468457823393,0,0.98476053512278
124.77996248547814,0,0.98476053512278
114.55008996423179,0,0.98476053512278
105.25214514339235,0,0.98476053512278
97.03685473974566,0,0.98476053512278
89.30361163912522,0,0.98476053512278
81.99209324395912,0,0.98476053512278
75.52929413526047,0,0.98476053512278
70.3380080190577,0,0.98476053512278
66.06822980975006,0,0.98476053512278
61.52762919559732,0,0.98476053512278
55.691392840286454,0,0.98476053512278
48.489268165577165,0,0.98476053512278
40.463885211362005,0,0.98476053512278
31.464899867923226,0,0.98476053512278
20.447387060990735,0,0.98476053512278
6.925583070642183,0,0.98476053512278
-9.066640354154945,0,0.98476053512278
-27.869042860259412,0,0.98476053512278
-49.887517449323035,0,0.98476053512278
-75.57154968767915,0,0.98476053512278
-105.34705250014214,0,0.98476053512278
-139.1506159743964,0,0.98476053512278
-176.76747716460298,0,0.98476053512278
-218.18736440783977,0,0.98476053512278
-263.25173701034214,0,0.98476053512278
-311.55912104942513,0,0.98476053512278
-362.6489301456964,0,0.98476053512278
-415.81342915119706,0,0.98476053512278
-469.107607963743,0,0.98476053512278
-519.6273603237236,0,0.98476053512278
-565.435659598104,0,0.98476053512278
-605.1392588488123,0,0.98476053512278
-637.2595787845287,0,0.98476053512278
-661.4622629414143,0,0.98476053512278
-677.5240754562354,0,0.98476053512278
-683.9391709872568,0,0.98476053512278
-679.5110139088497,0,0.98476053512278
-664.3402805436666,0,0.98476053512278
-639.1688394194501,0,0.98476053512278
-604.5561586353384,0,0.98476053512278
-560.8322972527297,0,0.98476053512278
-509.24817092129564,0,0.98476053512278
-451.68657480737136,0,0.98476053512278
-389.9149223676723,0,0.98476053512278
-325.71113447338547,0,0.98476053512278
-260.63150703283316,0,0.98476053512278
-196.06496393382523,0,0.98476053512278
-133.7460768413417,0,0.98476053512278
-75.70629522919397,0,0.98476053512278
-23.45370961149102,0,0.98476053512278
22.294821458386703,0,0.98476053512278
61.612848607629914,0,0.98476053512278
95.09360943756356,0,0.98476053512278
122.90221463919103,0,0.98476053512278
144.94328652958114,0,0.98476053512278
161.19967955554893,0,0.98476053512278
171.43328650484247,0,0.98476053512278
176.3974116218581,0,0.98476053512278
177.75401466631027,0,0.98476053512278
176.15409301744924,0,0.98476053512278
171.86220474900585,0,0.98476053512278
165.51174130628755,0,0.98476053512278
157.91775090042432,0,0.98476053512278
150.48660823748824,0,0.98476053512278
144.32916052631464,0,0.98476053512278
138.95584682341308,0,0.98476053512278
133.09435114248177,0,0.98476053512278
126.94023776848638,0,0.98476053512278
122.46295965455424,0,0.98476053512278
121.05812600471961,0,0.98476053512278
121.87717143548964,0,0.98476053512278
123.76195515416616,0,0.98476053512278
127.40902391214848,0,0.98476053512278
133.6897498206432,0,0.98476053512278
142.52490378794315,0,0.98476053512278
153.83750331517118,0,0.98476053512278
167.35215661315746,0,0.98476053512278
181.93322070662782,0,0.98476053512278
196.03620734498637,0,0.98476053512278
208.7789316774875,0,0.98476053512278
220.1682843916054,0,0.98476053512278
230.5758286686624,0,0.98476053512278
239.7193865252496,0,0.98476053512278
246.8641140033801,0,0.98476053512278
252.29799169984562,0,0.98476053512278
256.651924824622,0,0.98476053512278
259.98606495710595,0,0.98476053512278
262.95557249820035,0,0.98476053512278
266.45439583212607,0,0.98476053512278
269.846363762101,0,0.98476053512278
271.97654177663077,0,0.98476053512278
272.6523492930168,0,0.98476053512278
271.96280357901094,1,0.9849186436750313
269.96189280156483,0,0.9849186436750313
266.6291834986732,0,0.9849186436750313
261.8228127814012,0,0.9849186436750313
255.76295066305696,0,0.9849186436750313
248.8466873825329,0,0.9849186436750313
241.30946580752783,0,0.9849186436750313
232.78549023589824,0,0.9849186436750313
222.7700864810447,0,0.9849186436750313
212.06566631165532,0,0.9849186436750313
201.6947137433816,0,0.9849186436750313
191.40221769997723,0,0.9849186436750313
180.67983195055385,0,0.9849186436750313
169.5240412869999,0,0.9849186436750313
158.25642939516257,0,0.9849186436750313
147.66161491683306,0,0.9849186436750313
138.25353739843476,0,0.9849186436750313
129.926251920344,0,0.9849186436750313
122.6911842183032,0,0.9849186436750313
116.31424462442023,0,0.9849186436750313
110.45498148281087,0,0.9849186436750313
104.82474698456448,0,0.9849186436750313
98.87367800351426,0,0.9849186436750313
92.57210290553995,0,0.9849186436750313
85.97110830873267,0,0.9849186436750313
79.0974160797889,0,0.9849186436750313
72.74515246705248,0,0.9849186436750313
66.83945805281789,0,0.9849186436750313
59.62690915886108,0,0.9849186436750313
49.91204043742272,0,0.9849186436750313
38.44501200529388,0,0.9849186436750313
26.863020318540077,0,0.9849186436750313
15.699615694538329,0,0.9849186436750313
3.5918045448551332,0,0.9849186436750313
-11.386243618215214,0,0.9849186436750313
-30.258819698945793,0,0.9849186436750313
-52.70551123533694,0,0.9849186436750313
-78.1173758026918,0,0.9849186436750313
-106.60066966204081,0,0.9849186436750313
-138.05972031177765,0,0.9849186436750313
-172.59249272916304,0,0.9849186436750313
-211.21319555315108,0,0.9849186436750313
-254.4049799527916,0,0.9849186436750313
-301.2772791603548,0,0.9849186436750313
-350.0306536689391,0,0.9849186436750313
-399.05628179755126,0,0.9849186436750313
-447.54377598611086,0,0.9849186436750313
-494.6270219213997,0,0.9849186436750313
-538.5721434188281,0,0.9849186436750313
-577.1622674251416,0,0.9849186436750313
-608.7752025728058,0,0.9849186436750313
-632.9128307882983,0,0.9849186436750313
-649.3025176206165,0,0.9849186436750313
-656.3987551406025,0,0.9849186436750313
-652.1507944948194,0,0.9849186436750313
-636.3605609890826,0,0.9849186436750313
-610.5278937305154,0,0.9849186436750313
-575.916212003683,0,0.9849186436750313
-533.3404927141563,0,0.9849186436750313
-483.94647051249933,0,0.9849186436750313
-429.0894876215314,0,0.9849186436750313
-370.1830493859882,0,0.9849186436750313
-309.00214307126663,0,0.9849186436750313
-247.68009946523878,0,0.9849186436750313
-187.90946096757136,0,0.9849186436750313
-130.65286127040568,0,0.9849186436750313
-76.75965686125978,0,0.9849186436750313
-27.188888775054423,0,0.9849186436750313
17.267138715143567,0,0.9849186436750313
56.09386942190312,0,0.9849186436750313
88.72154324113502,0,0.9849186436750313
114.8067740263261,0,0.9849186436750313
134.5809346136946,0,0.9849186436750313
148.75382560601648,0,0.9849186436750313
157.95857987057158,0,0.9849186436750313
162.14222565337116,0,0.9849186436750313
161.6928665240225,0,0.9849186436750313
157.90232522649794,0,0.9849186436750313
152.02827782653134,0,0.9849186436750313
145.32918498338114,0,0.9849186436750313
138.72847245742943,0,0.9849186436750313
132.29494261003856,0,0.9849186436750313
125.95027379464264,0,0.9849186436750313
120.01165790311643,0,0.9849186436750313
115.1109720740507,0,0.9849186436750313
111.98923645653066,0,0.9849186436750313
111.02213575959355,0,0.9849186436750313
112.11964108731064,0,0.9849186436750313
115.41568827655982,0,0.9849186436750313
121.4144070244549,0,0.9849186436750313
130.15673372733946,0,0.9849186436750313
141.02508675360008,0,0.9849186436750313
153.45353940892358,0,0.9849186436750313
167.11509484140075,0,0.9849186436750313
181.3427335667499,0,0.9849186436750313
195.18065143902018,0,0.9849186436750313
208.18401396211428,0,0.9849186436750313
220.322657598301,0,0.9849186436750313
231.74962718702304,0,0.9849186436750313
242.6575371171231,0,0.9849186436750313
252.669567214873,0,0.9849186436750313
261.7731896707104,0,0.9849186436750313
270.63594162072195,0,0.9849186436750313
279.0849806184239,0,0.9849186436750313
286.2559616328084,0,0.9849186436750313
291.53960379100215,0,0.9849186436750313
294.3160473174521,0,0.9849186436750313
293.9629264121098,1,0.9848855763063891
290.34161729054205,0,0.9848855763063891
283.8170111599486,0,0.9848855763063891
275.4686745642698,0,0.9848855763063891
266.6448375147816,0,0.9848855763063891
257.9320720506464,0,0.9848855763063891
249.2143252538183,0,0.9848855763063891
239.93778965981704,0,0.9848855763063891
229.61794800278255,0,0.9848855763063891
218.71101220977084,0,0.9848855763063891
208.02042540177084,0,0.9848855763063891
197.54322132329588,0,0.9848855763063891
186.93429544603512,0,0.9848855763063891
176.28962003722575,0,0.9848855763063891
166.01525985533453,0,0.9848855763063891
156.70342637392667,0,0.9848855763063891
148.36572544313907,0,0.9848855763063891
139.88275338082846,0,0.9848855763063891
130.40639450192225,0,0.9848855763063891
120.53950364710592,0,0.9848855763063891
111.6274930368071,0,0.9848855763063891
104.57094260117415,0,0.9848855763063891
99.42483095829265,0,0.9848855763063891
95.5968509836482,0,0.9848855763063891
91.97515735628534,0,0.9848855763063891
87.60542258609225,0,0.9848855763063891
82.96326847688995,0,0.9848855763063891
79.08412957004482,0,0.9848855763063891
75.63773409797024,0,0.9848855763063891
71.88932444599476,0,0.9848855763063891
67.8863203970208,0,0.9848855763063891
63.23548469232726,0,0.9848855763063891
56.9062697997714,0,0.9848855763063891
48.21888045213439,0,0.9848855763063891
36.76318276761352,0,0.9848855763063891
22.514331205370286,0,0.9848855763063891
5.955371356225733,0,0.9848855763063891
-12.89443133846941,0,0.9848855763063891
-34.51635583224916,0,0.9848855763063891
-58.741251411657146,0,0.9848855763063891
-85.39108962214391,0,0.9848855763063891
-115.3380441964183,0,0.9848855763063891
-149.2552079180475,0,0.9848855763063891
-187.03388655348783,0,0.9848855763063891
-228.44092144807664,0,0.9848855763063891
-272.988086989484,0,0.9848855763063891
-319.4764448209366,0,0.9848855763063891
-365.9141799143242,0,0.9848855763063891
-411.01010388660353,0,0.9848855763063891
-454.91017857742145,0,0.9848855763063891
-497.4391501353342,0,0.9848855763063891
-537.5412321636633,0,0.9848855763063891
-573.5493458122687,0,0.9848855763063891
-602.9659782590535,0,0.9848855763063891
-623.8831614936978,0,0.9848855763063891
-635.6405600201894,0,0.9848855763063891
-637.619177000043,0,0.9848855763063891
-629.1740437151155,0,0.9848855763063891
-610.3607916024496,0,0.9848855763063891
-581.9916541699464,0,0.9848855763063891
-545.0628281580499,0,0.9848855763063891
-500.7375186525493,0,0.9848855763063891
-450.50426120827984,0,0.9848855763063891
-395.75018376406865,0,0.9848855763063891
-337.97814462228797,0,0.9848855763063891
-278.8564845288325,0,0.9848855763063891
-219.5602495794583,0,0.9848855763063891
-161.13908360479763,0,0.9848855763063891
-105.21490155282548,0,0.9848855763063891
-53.46087324892317,0,0.9848855763063891
-6.95667988449625,0,0.9848855763063891
33.822476549922335,0,0.9848855763063891
68.8952815983679,0,0.9848855763063891
98.24785259407084,0,0.9848855763063891
121.68187702836971,0,0.9848855763063891
139.78409474054405,0,0.9848855763063891
153.52847418599384,0,0.9848855763063891
162.6642201135913,0,0.9848855763063891
166.70737487635478,0,0.9848855763063891
166.98575590196722,0,0.9848855763063891
165.29108288802158,0,0.9848855763063891
161.4011118149517,0,0.9848855763063891
154.65580717409975,0,0.9848855763063891
146.44769500697052,0,0.9848855763063891
138.45910705451934,0,0.9848855763063891
131.15733751000053,0,0.9848855763063891
125.31221227226663,0,0.9848855763063891
121.71156914078335,0,0.9848855763063891
119.85607440742896,0,0.9848855763063891
119.15284001772832,0,0.9848855763063891
120.00098248537878,0,0.9848855763063891
123.15218264666238,0,0.9848855763063891
128.64871069402582,0,0.9848855763063891
135.74088448342374,0,0.9848855763063891
144.22406237689057,0,0.9848855763063891
154.47715842975822,0,0.9848855763063891
166.16578151246227,0,0.9848855763063891
178.40210148085714,0,0.9848855763063891
190.54254562122355,0,0.9848855763063891
201.99627012599157,0,0.9848855763063891
212.19175670478677,0,0.9848855763063891
220.93757960456693,0,0.9848855763063891
228.0887647985173,0,0.9848855763063891
233.53282491274956,0,0.9848855763063891
237.4270266541884,0,0.9848855763063891
240.01394216931996,0,0.9848855763063891
241.72693931489576,0,0.9848855763063891
242.81826724868546,0,0.9848855763063891
243.21770080698835,0,0.9848855763063891
243.15028374574527,1,0.9849602088539937
243.0289832203245,0,0.9849602088539937
243.22219613346547,0,0.9849602088539937
243.4010805252511,0,0.9849602088539937
242.3280937887626,0,0.9849602088539937
239.68303035324882,0,0.9849602088539937
236.12446111013102,0,0.9849602088539937
231.4948712784813,0,0.9849602088539937
225.05540065752675,0,0.9849602088539937
216.56852874691754,0,0.9849602088539937
206.75674889943505,0,0.9849602088539937
196.5718717881959,0,0.9849602088539937
186.28213063422353,0,0.9849602088539937
176.09141153219065,0,0.9849602088539937
166.24556035086138,0,0.9849602088539937
156.6983857916411,0,0.9849602088539937
147.16263862104515,0,0.9849602088539937
136.5242684297631,0,0.9849602088539937
123.31772833750398,0,0.9849602088539937
107.13229281746673,0,0.9849602088539937
88.11728791195313,0,0.9849602088539937
66.09160821866305,0,0.9849602088539937
40.81622723818114,0,0.9849602088539937
11.857416211715446,0,0.9849602088539937
-21.264293627814876,0,0.9849602088539937
-58.96718660663634,0,0.9849602088539937
-101.29627066594274,0,0.9849602088539937
-147.1087919012941,0,0.9849602088539937
-195.66727220608078,0,0.9849602088539937
-247.04372361971943,0,0.9849602088539937
-300.2390556368867,0,0.9849602088539937
-353.82132626613424,0,0.9849602088539937
-406.72762367611483,0,0.9849602088539937
-457.4586586958041,0,0.9849602088539937
-503.7770350465652,0,0.9849602088539937
-543.2056194764248,0,0.9849602088539937
-573.5711470010491,0,0.9849602088539937
-593.5333997103461,0,0.9849602088539937
-602.8641773899616,0,0.9849602088539937
-601.7564907393973,0,0.9849602088539937
-590.3668322096921,0,0.9849602088539937
-568.9734220158108,0,0.9849602088539937
-538.1475688956172,0,0.9849602088539937
-498.78611765436114,0,0.9849602088539937
-451.65615443333826,0,0.9849602088539937
-397.9323827432381,0,0.9849602088539937
-339.79144027239096,0,0.9849602088539937
-278.77705652926096,0,0.9849602088539937
-215.6759268969803,0,0.9849602088539937
-152.53685165512198,0,0.9849602088539937
-92.16794957089925,0,0.9849602088539937
-36.51669568913724,0,0.9849602088539937
13.668223208020494,0,0.9849602088539937
58.26889695479483,0,0.9849602088539937
96.94468256609254,0,0.9849602088539937
129.49527881394755,0,0.9849602088539937
155.98050259626672,0,0.9849602088539937
176.463160469339,0,0.9849602088539937
191.18992330080522,0,0.9849602088539937
199.93212004604473,0,0.9849602088539937
202.34803301610017,0,0.9849602088539937
199.30243285239735,0,0.9849602088539937
192.36293838579647,0,0.9849602088539937
182.45993607255468,0,0.9849602088539937
170.23434578472205,0,0.9849602088539937
157.14843918470007,0,0.9849602088539937
144.92087790972312,0,0.9849602088539937
134.30527670393658,0,0.9849602088539937
125.54886778970983,0,0.9849602088539937
119.39025905382128,0,0.9849602088539937
116.23827753653894,0,0.9849602088539937
115.53963853266009,0,0.9849602088539937
116.89584076710143,0,0.9849602088539937
120.35649287397679,0,0.9849602088539937
125.86904395697096,0,0.9849602088539937
132.99061794763838,0,0.9849602088539937
140.836125137451,0,0.9849602088539937
148.93752399653997,0,0.9849602088539937
157.9506056938123,0,0.9849602088539937
168.59157718684898,0,0.9849602088539937
180.27294780658403,0,0.9849602088539937
192.13476685614287,0,0.9849602088539937
204.07776153451286,0,0.9849602088539937
215.98570864795454,0,0.9849602088539937
227.8432289987208,0,0.9849602088539937
239.47688680365212,0,0.9849602088539937
249.87264341086438,0,0.9849602088539937
258.2086326008887,0,0.9849602088539937
264.52613151166906,0,0.9849602088539937
269.2702013371818,0,0.9849602088539937
273.03864120557944,0,0.9849602088539937
276.0216214035681,0,0.9849602088539937
277.3464298901256,0,0.9849602088539937
276.459305895634,1,0.9832945756583674
274.60763878744194,0,0.9832945756583674
272.8443322340821,0,0.9832945756583674
270.26298042062695,0,0.9832945756583674
266.02017276378797,0,0.9832945756583674
260.69387039691026,0,0.9832945756583674
255.24632596151446,0,0.9832945756583674
250.5537300281175,0,0.9832945756583674
246.65330562901653,0,0.9832945756583674
242.03565960043855,0,0.9832945756583674
235.37589905286302,0,0.9832945756583674
226.68769126590522,0,0.9832945756583674
216.07823770227546,0,0.9832945756583674
203.64633947500243,0,0.9832945756583674
190.4544896139376,0,0.9832945756583674
177.5037904582011,0,0.9832945756583674
164.4164332385743,0,0.9832945756583674
150.55786016285074,0,0.9832945756583674
136.09732167342742,0,0.9832945756583674
121.12964437986581,0,0.9832945756583674
105.61626723941409,0,0.9832945756583674
90.60544690220866,0,0.9832945756583674
77.25712126239709,0,0.9832945756583674
65.01381272851275,0,0.9832945756583674
52.486324923531576,0,0.9832945756583674
38.92407315441558,0,0.9832945756583674
24.213365004846718,0,0.9832945756583674
8.119028420060559,0,0.9832945756583674
-10.05740943507014,0,0.9832945756583674
-30.754599951023263,0,0.9832945756583674
-53.96841340749771,0,0.9832945756583674
-80.10429084172176,0,0.9832945756583674
-110.0930466492499,0,0.9832945756583674
-144.6208940454149,0,0.9832945756583674
-183.2620427929986,0,0.9832945756583674
-224.53389432052123,0,0.9832945756583674
-267.5328570783559,0,0.9832945756583674
-312.54027975550565,0,0.9832945756583674
-359.6005117008745,0,0.9832945756583674
-407.58976021117957,0,0.9832945756583674
-454.6273106230021,0,0.9832945756583674
-498.9674326085178,0,0.9832945756583674
-539.3920778010372,0,0.9832945756583674
-575.1192650610303,0,0.9832945756583674
-605.2724174819678,0,0.9832945756583674
-628.3845329010974,0,0.9832945756583674
-642.841407348404,0,0.9832945756583674
-647.5698985065958,0,0.9832945756583674
-642.290430213632,0,0.9832945756583674
-627.1867635464346,0,0.9832945756583674
-602.4275510543288,0,0.9832945756583674
-567.8690341535201,0,0.9832945756583674
-523.789885428676,0,0.9832945756583674
-472.16962152813625,0,0.9832945756583674
-415.32967560837864,0,0.9832945756583674
-354.62870824424203,0,0.9832945756583674
-291.7554767006296,0,0.9832945756583674
-228.55670369496008,0,0.9832945756583674
-166.540457594503,0,0.9832945756583674
-107.53254358706492,0,0.9832945756583674
-53.023417691241306,0,0.9832945756583674
-3.955408440194281,0,0.9832945756583674
38.825063684449425,0,0.9832945756583674
74.8635304136215,0,0.9832945756583674
104.20095263119133,0,0.9832945756583674
127.37202803279135,0,0.9832945756583674
144.57754393479894,0,0.9832945756583674
155.45806131598215,0,0.9832945756583674
160.57009641936975,0,0.9832945756583674
161.0220016211093,0,0.9832945756583674
157.31809667620337,0,0.9832945756583674
149.99663655134378,0,0.9832945756583674
140.58856171837257,0,0.9832945756583674
131.1087989073448,0,0.9832945756583674
122.58838411833489,0,0.9832945756583674
115.39705662125971,0,0.9832945756583674
109.89726564620854,0,0.9832945756583674
105.87187379512882,0,0.9832945756583674
103.05814897775204,0,0.9832945756583674
101.74501589574051,0,0.9832945756583674
102.16609065967359,0,0.9832945756583674
104.16737297788767,0,0.9832945756583674
107.42940187887685,0,0.9832945756583674
111.74011249534851,0,0.9832945756583674
117.4297540459784,0,0.9832945756583674
125.28730024133779,0,0.9832945756583674
135.33490633140568,0,0.9832945756583674
146.67528079193093,0,0.9832945756583674
158.9990432780281,0,0.9832945756583674
172.6589318443348,0,0.9832945756583674
187.12750698958783,0,0.9832945756583674
201.0970354684681,0,0.9832945756583674
213.59730882059662,0,0.9832945756583674
224.30611186172186,0,0.9832945756583674
233.81525460341686,0,0.9832945756583674
242.44819931385098,0,0.9832945756583674
249.3807793424977,0,0.9832945756583674
254.2548812727564,0,0.9832945756583674
257.44921594457486,0,0.9832945756583674
259.1220113415009,0,0.9832945756583674
259.52365397874354,0,0.9832945756583674
258.8177577327357,1,0.9828872405687188
256.70463178304897,0,0.9828872405687188
253.17751323942957,0,0.9828872405687188
248.55169293133255,0,0.9828872405687188
242.95843557744374,0,0.9828872405687188
236.57446228537424,0,0.9828872405687188
229.6375282363232,0,0.9828872405687188
222.14638328018623,0,0.9828872405687188
213.52292161710884,0,0.9828872405687188
203.3173678169947,0,0.9828872405687188
192.46543889853703,0,0.9828872405687188
182.1536229241019,0,0.9828872405687188
172.4570013476539,0,0.9828872405687188
163.05016555863614,0,0.9828872405687188
154.0396948993779,0,0.9828872405687188
145.90922742798435,0,0.9828872405687188
139.08662250568474,0,0.9828872405687188
133.80808777976657,0,0.9828872405687188
129.84149969293478,0,0.9828872405687188
126.53376350132838,0,0.9828872405687188
123.63675383245723,0,0.9828872405687188
121.21479207214068,0,0.9828872405687188
118.60054175981702,0,0.9828872405687188
114.97581614511695,0,0.9828872405687188
110.5630696902749,0,0.9828872405687188
105.90003259414623,0,0.9828872405687188
101.1629707141413,0,0.9828872405687188
96.53890022251352,0,0.9828872405687188
92.02874961351165,0,0.9828872405687188
87.13698363989693,0,0.9828872405687188
81.25467541010006,0,0.9828872405687188
73.9841450176154,0,0.9828872405687188
65.80331910249686,0,0.9828872405687188
57.631232693037404,0,0.9828872405687188
49.05297362024002,0,0.9828872405687188
39.064419684432515,0,0.9828872405687188
27.32527712634598,0,0.9828872405687188
13.273208567934484,0,0.9828872405687188
-3.4878405313114467,0,0.9828872405687188
-22.323170308271713,0,0.9828872405687188
-42.870437719285114,0,0.9828872405687188
-65.8174888980356,0,0.9828872405687188
-92.22474650342474,0,0.9828872405687188
-123.04174997347995,0,0.9828872405687188
-158.55330331164433,0,0.9828872405687188
-198.29218884784083,0,0.9828872405687188
-241.95763875258706,0,0.9828872405687188
-289.45019175848836,0,0.9828872405687188
-340.2092949402227,0,0.9828872405687188
-393.0723426999081,0,0.9828872405687188
-446.41221523197424,0,0.9828872405687188
-498.5541658940752,0,0.9828872405687188
-547.2171285293791,0,0.9828872405687188
-589.8331922338086,0,0.9828872405687188
-625.2682972843975,0,0.9828872405687188
-652.8575359678233,0,0.9828872405687188
-671.5626164111411,0,0.9828872405687188
-680.7217569778904,0,0.9828872405687188
-679.5208345174912,0,0.9828872405687188
-667.3750909759035,0,0.9828872405687188
-644.5627406882153,0,0.9828872405687188
-611.8209626716379,0,0.9828872405687188
-570.3954579134871,0,0.9828872405687188
-521.3972200242433,0,0.9828872405687188
-465.70562680001905,0,0.9828872405687188
-404.8811355247825,0,0.9828872405687188
-340.58368704776575,0,0.9828872405687188
-274.26803272473506,0,0.9828872405687188
-207.6941997266376,0,0.9828872405687188
-142.47695840268943,0,0.9828872405687188
-80.18277200029283,0,0.9828872405687188
-23.023346697794086,0,0.9828872405687188
26.975751093556973,0,0.9828872405687188
69.4387052224856,0,0.9828872405687188
104.57879427569885,0,0.9828872405687188
131.4893886369229,0,0.9828872405687188
150.11226458267726,0,0.9828872405687188
162.80871035795172,0,0.9828872405687188
171.73931624617558,0,0.9828872405687188
176.9362367701755,0,0.9828872405687188
177.94251985502154,0,0.9828872405687188
175.0670933934054,0,0.9828872405687188
168.47669965646568,0,0.9828872405687188
158.59270774164057,0,0.9828872405687188
146.88097321374894,0,0.9828872405687188
134.7704600766372,0,0.9828872405687188
123.21028332262021,0,0.9828872405687188
113.08508062049825,0,0.9828872405687188
105.15943968864478,0,0.9828872405687188
99.88940123227684,0,0.9828872405687188
97.436050630786,0,0.9828872405687188
97.870889905731,0,0.9828872405687188
101.13831647200844,0,0.9828872405687188
107.37502384736283,0,0.9828872405687188
116.77442019108955,0,0.9828872405687188
128.51531722267717,0,0.9828872405687188
141.32653643795845,0,0.9828872405687188
154.61140117952846,0,0.9828872405687188
167.93258015164432,0,0.9828872405687188
180.81135210400984,0,0.9828872405687188
193.49222133314026,0,0.9828872405687188
206.430285099566,0,0.9828872405687188
219.04238469642578,0,0.9828872405687188
230.29849345059063,0,0.9828872405687188
239.6232636298134,0,0.9828872405687188
246.8483059790114,0,0.9828872405687188
252.68167202738113,0,0.9828872405687188
258.0222543058575,0,0.9828872405687188
262.48140900394526,0,0.9828872405687188
265.32453621426015,0,0.9828872405687188
266.55184017710735,0,0.9828872405687188
266.4621562113595,1,0.983046698809875
265.4180368123363,0,0.983046698809875
263.5852731935421,0,0.983046698809875
260.6280222027851,0,0.983046698809875
255.74501813121842,0,0.983046698809875
248.82917064645147,0,0.983046698809875
240.91491841004478,0,0.983046698809875
232.69380073586245,0,0.983046698809875
224.26315822305756,0,0.983046698809875
215.8696254896428,0,0.983046698809875
207.91899257828726,0,0.983046698809875
200.66737576091091,0,0.983046698809875
194.34357235735928,0,0.983046698809875
188.89088784253073,0,0.983046698809875
183.50225786826212,0,0.983046698809875
178.07401555651808,0,0.983046698809875
173.37716627409458,0,0.983046698809875
168.96838703143533,0,0.983046698809875
163.85214463888607,0,0.983046698809875
157.93538932611,0,0.983046698809875
151.50153106542297,0,0.983046698809875
144.83790379921714,0,0.983046698809875
138.1830659322296,0,0.983046698809875
131.5582389381093,0,0.983046698809875
124.88353812563247,0,0.983046698809875
118.62460421348428,0,0.983046698809875
113.3845708644421,0,0.983046698809875
108.60234043815656,0,0.983046698809875
103.27114796345177,0,0.983046698809875
97.16877362745791,0,0.983046698809875
90.24372594305994,0,0.983046698809875
82.05684409376536,0,0.983046698809875
72.14361258904536,0,0.983046698809875
60.81313325130781,0,0.983046698809875
49.5839829250314,0,0.983046698809875
39.593086758864565,0,0.983046698809875
30.426139264571816,0,0.983046698809875
21.55652464493831,0,0.983046698809875
12.943624721340825,0,0.983046698809875
4.423497659928477,0,0.983046698809875
-3.780517743315653,0,0.983046698809875
-10.875320180589547,0,0.983046698809875
-16.49865494077418,0,0.983046698809875
-21.524706593574688,0,0.983046698809875
-27.224794746937455,0,0.983046698809875
-33.813692397336304,0,0.983046698809875
-40.64268516731958,0,0.983046698809875
-46.80593521994822,0,0.983046698809875
-51.76034827791517,0,0.983046698809875
-56.45962581001086,0,0.983046698809875
-62.48715796033368,0,0.983046698809875
-70.37846000515844,0,0.983046698809875
-80.07638056448815,0,0.983046698809875
-91.68866930178692,0,0.983046698809875
-105.55792907298516,0,0.983046698809875
-122.93970847620795,0,0.983046698809875
-145.5589093240079,0,0.983046698809875
-173.6979266418508,0,0.983046698809875
-206.44611201006472,0,0.983046698809875
-243.3807641007491,0,0.983046698809875
-284.5572458957225,0,0.983046698809875
-329.4352393701477,0,0.983046698809875
-377.1503850116069,0,0.983046698809875
-427.0102301923093,0,0.983046698809875
-477.53876759164945,0,0.983046698809875
-526.7641416768892,0,0.983046698809875
-572.9640100586674,0,0.983046698809875
-613.8765743529658,0,0.983046698809875
-647.3261266862211,0,0.983046698809875
-672.4636787012984,0,0.983046698809875
-688.606994604872,0,0.983046698809875
-694.4196391696362,0,0.983046698809875
-689.1458026517914,0,0.983046698809875
-673.1862452814287,0,0.983046698809875
-646.9030870565065,0,0.983046698809875
-610.5242520737651,0,0.983046698809875
-565.2025062041179,0,0.983046698809875
-512.4309011182183,0,0.983046698809875
-453.38779354393324,0,0.983046698809875
-389.7404994994682,0,0.983046698809875
-324.37899082858155,0,0.983046698809875
-260.1217728631474,0,0.983046698809875
-198.24668613076045,0,0.983046698809875
-139.45778981272656,0,0.983046698809875
-84.32521842031882,0,0.983046698809875
-32.31690835605589,0,0.983046698809875
16.808239549488082,0,0.983046698809875
61.03221141211532,0,0.983046698809875
97.90901745328843,0,0.983046698809875
127.01432500697267,0,0.983046698809875
149.31252216476366,0,0.983046698809875
165.5794706337868,0,0.983046698809875
176.0410143532315,0,0.983046698809875
180.9315992791799,0,0.983046698809875
181.0277967317261,0,0.983046698809875
177.51898436382186,0,0.983046698809875
171.57156781623354,0,0.983046698809875
164.1718805120411,0,0.983046698809875
156.21052431590275,0,0.983046698809875
148.45105552995437,0,0.983046698809875
141.27955984545093,0,0.983046698809875
134.75179376394829,0,0.983046698809875
128.52224343851358,0,0.983046698809875
122.1431951950859,0,0.983046698809875
115.90612978271761,0,0.983046698809875
110.6820442676272,0,0.983046698809875
107.6633065130507,0,0.983046698809875
107.88658863894891,0,0.983046698809875
111.18621273604808,0,0.983046698809875
116.67394898885412,0,0.983046698809875
123.96344734182233,0,0.983046698809875
133.29883292008233,0,0.983046698809875
144.91430189028438,0,0.983046698809875
158.1896026853027,0,0.983046698809875
172.0786456173384,0,0.983046698809875
186.41360119073755,0,0.983046698809875
201.62863805780742,0,0.983046698809875
218.00129094655267,0,0.983046698809875
235.406087857124,0,0.983046698809875
252.93753719374757,0,0.983046698809875
269.0016986528106,0,0.983046698809875
281.9337377957982,0,0.983046698809875
290.8941286326433,0,0.983046698809875
295.97625203604065,0,0.983046698809875
297.596256207864,0,0.983046698809875
296.8460685218797,1,0.982598545119905
295.0156980772125,0,0.982598545119905
292.5926226888912,0,0.982598545119905
289.61020038449874,0,0.982598545119905
285.3431603260404,0,0.982598545119905
278.8481333796757,0,0.982598545119905
270.8711670713697,0,0.982598545119905
263.09261040239073,0,0.982598545119905
255.89787650564037,0,0.982598545119905
248.67961646173984,0,0.982598545119905
241.26795430857877,0,0.982598545119905
233.55914728100427,0,0.982598545119905
225.33139832011935,0,0.982598545119905
216.7252695490578,0,0.982598545119905
207.79692866436295,0,0.982598545119905
198.699564955666,0,0.982598545119905
189.7260650250396,0,0.982598545119905
180.73732481564608,0,0.982598545119905
171.74532788226855,0,0.982598545119905
163.22418348316066,0,0.982598545119905
155.01832834031478,0,0.982598545119905
146.32301828910562,0,0.982598545119905
136.80655223432834,0,0.982598545119905
126.45219232671367,0,0.982598545119905
115.44532398910096,0,0.982598545119905
104.1587471163359,0,0.982598545119905
92.89916131254779,0,0.982598545119905
82.25692103240983,0,0.982598545119905
72.6079361242469,0,0.982598545119905
64.04642581295629,0,0.982598545119905
57.0332033851536,0,0.982598545119905
51.905882723161284,0,0.982598545119905
48.21659583350325,0,0.982598545119905
44.96301949661868,0,0.982598545119905
41.33547159592765,0,0.982598545119905
37.36088648535,0,0.982598545119905
33.816561985036586,0,0.982598545119905
31.026913259810353,0,0.982598545119905
28.269593303227428,0,0.982598545119905
24.838731534915905,0,0.982598545119905
20.815456761226752,0,0.982598545119905
16.33539562510058,0,0.982598545119905
11.101851552521405,0,0.982598545119905
4.928087213802456,0,0.982598545119905
-2.4341172154151005,0,0.982598545119905
-11.56562894314554,0,0.982598545119905
-22.973001756841775,0,0.982598545119905
-37.0256730611305,0,0.982598545119905
-54.42627321446513,0,0.982598545119905
-76.14358451249556,0,0.982598545119905
-102.62808876742005,0,0.982598545119905
-133.86796938497815,0,0.982598545119905
-169.68430989855366,0,0.982598545119905
-209.59282672831827,0,0.982598545119905
-253.28549258919693,0,0.982598545119905
-300.75675356084037,0,0.982598545119905
-351.4076449050521,0,0.982598545119905
-404.10384942826244,0,0.982598545119905
-457.4119306666516,0,0.982598545119905
-508.5730759941496,0,0.982598545119905
-554.4928770967186,0,0.982598545119905
-594.0083488942645,0,0.982598545119905
-626.753053270532,0,0.982598545119905
-651.6379635830593,0,0.982598545119905
-667.884485149161,0,0.982598545119905
-674.8426684080986,0,0.982598545119905
-671.4499445162159,0,0.982598545119905
-656.9948613969636,0,0.982598545119905
-631.2418800181947,0,0.982598545119905
-594.8208493966757,0,0.982598545119905
-549.7788648249343,0,0.982598545119905
-498.6992102317578,0,0.982598545119905
-443.1968218962511,0,0.982598545119905
-384.1095199887677,0,0.982598545119905
-322.80208467100607,0,0.982598545119905
-261.15191905348195,0,0.982598545119905
-200.84785223529335,0,0.982598545119905
-142.72056810426847,0,0.982598545119905
-86.7505423995506,0,0.982598545119905
-33.70366712123367,0,0.982598545119905
14.196504257581436,0,0.982598545119905
55.528884799101505,0,0.982598545119905
90.50193553771456,0,0.982598545119905
119.05976561788756,0,0.982598545119905
140.9949342042479,0,0.982598545119905
156.57004109159203,0,0.982598545119905
166.12859466457473,0,0.982598545119905
170.73364803628502,0,0.982598545119905
171.73806009423902,0,0.982598545119905
169.3466555051692,0,0.982598545119905
163.21660423136848,0,0.982598545119905
154.3587239908669,0,0.982598545119905
145.08159589398272,0,0.982598545119905
137.38668783942495,0,0.982598545119905
131.8959957289104,0,0.982598545119905
127.59934449970457,0,0.982598545119905
123.62437297988242,0,0.982598545119905
120.94397540201983,0,0.982598545119905
121.0018747257449,0,0.982598545119905
123.84310712589135,0,0.982598545119905
128.51499448758577,0,0.982598545119905
134.69667677624847,0,0.982598545119905
142.3510257925957,0,0.982598545119905
150.84345784037566,0,0.982598545119905
160.14914089363216,0,0.982598545119905
170.39562590676871,0,0.982598545119905
180.76811606460546,0,0.982598545119905
191.01915227406002,0,0.982598545119905
201.80355271305342,0,0.982598545119905
213.26685294057822,0,0.982598545119905
224.92911620759853,0,0.982598545119905
236.2795886446098,0,0.982598545119905
246.9041931405523,0,0.982598545119905
256.3587649848025,0,0.982598545119905
264.23601536112886,0,0.982598545119905
270.281262586055,0,0.982598545119905
274.43672238768676,0,0.982598545119905
277.06557539219295,0,0.982598545119905
278.15267113679107,0,0.982598545119905
277.2462855960077,1,0.9826171031385493
274.63982772102963,0,0.9826171031385493
270.3947558424563,0,0.9826171031385493
264.2609572714233,0,0.9826171031385493
257.0885092656918,0,0.9826171031385493
250.15354432245334,0,0.9826171031385493
244.2444880820236,0,0.9826171031385493
239.3776079156487,0,0.9826171031385493
234.71798950799482,0,0.9826171031385493
229.37960170327736,0,0.9826171031385493
223.86670609556913,0,0.9826171031385493
219.65791293079374,0,0.9826171031385493
216.5960007013895,0,0.9826171031385493
213.22304163494726,0,0.9826171031385493
209.32837364158468,0,0.9826171031385493
205.1851748025136,0,0.9826171031385493
199.76686976564005,0,0.9826171031385493
192.19194248648344,0,0.9826171031385493
183.0456057894234,0,0.9826171031385493
173.13563363010454,0,0.9826171031385493
163.12698795838975,0,0.9826171031385493
153.96782656975225,0,0.9826171031385493
145.8789744098633,0,0.9826171031385493
137.93620004168002,0,0.9826171031385493
129.67818889731177,0,0.9826171031385493
121.73435460471812,0,0.9826171031385493
114.11190641255484,0,0.9826171031385493
105.71621332443054,0,0.9826171031385493
95.88107576337327,0,0.9826171031385493
84.74651453877806,0,0.9826171031385493
72.3767276973253,0,0.9826171031385493
58.71604465262255,0,0.9826171031385493
43.77988399115582,0,0.9826171031385493
27.314716179546366,0,0.9826171031385493
9.204335144404867,0,0.9826171031385493
-10.746854841022795,0,0.9826171031385493
-32.85762198605578,0,0.9826171031385493
-56.94501583750812,0,0.9826171031385493
-83.7193465371441,0,0.9826171031385493
-114.30083944731301,0,0.9826171031385493
-148.4404220198468,0,0.9826171031385493
-185.7143724061062,0,0.9826171031385493
-226.37468298349816,0,0.9826171031385493
-270.54739221764333,0,0.9826171031385493
-317.8100760001574,0,0.9826171031385493
-367.21366097251615,0,0.9826171031385493
-417.1437700541358,0,0.9826171031385493
-465.8447729500267,0,0.9826171031385493
-511.86623099317023,0,0.9826171031385493
-553.5470944867851,0,0.9826171031385493
-588.953420827754,0,0.9826171031385493
-616.5999601440383,0,0.9826171031385493
-635.7307732889651,0,0.9826171031385493
-645.5197029487705,0,0.9826171031385493
-645.1732895272932,0,0.9826171031385493
-634.867201619806,0,0.9826171031385493
-615.2923048295918,0,0.9826171031385493
-587.0727416864876,0,0.9826171031385493
-550.9944058574064,0,0.9826171031385493
-508.0745589418263,0,0.9826171031385493
-459.34065012014923,0,0.9826171031385493
-405.31857650917544,0,0.9826171031385493
-346.94139241926854,0,0.9826171031385493
-286.4116868471576,0,0.9826171031385493
-225.30873435809966,0,0.9826171031385493
-164.52029526480763,0,0.9826171031385493
-106.1005230644127,0,0.9826171031385493
-52.39298976498623,0,0.9826171031385493
-4.466376074279296,0,0.9826171031385493
37.38499347836145,0,0.9826171031385493
72.6523118771439,0,0.9826171031385493
101.30672786883724,0,0.9826171031385493
124.59515789149168,0,0.9826171031385493
143.45491970243276,0,0.9826171031385493
157.54413306954825,0,0.9826171031385493
166.59101724713085,0,0.9826171031385493
171.0963031438126,0,0.9826171031385493
171.7910077146097,0,0.9826171031385493
168.80328611010978,0,0.9826171031385493
162.2923065700821,0,0.9826171031385493
153.44482677996427,0,0.9826171031385493
143.3258489592132,0,0.9826171031385493
132.9214895062524,0,0.9826171031385493
123.84651946742382,0,0.9826171031385493
117.1411033221598,0,0.9826171031385493
113.3585210795728,0,0.9826171031385493
113.17434387207899,0,0.9826171031385493
116.4694845227933,0,0.9826171031385493
122.00503727243141,0,0.9826171031385493
128.76873322863898,0,0.9826171031385493
136.83743459003162,0,0.9826171031385493
146.09196821227854,0,0.9826171031385493
155.58537962966147,0,0.9826171031385493
165.1355729141912,0,0.9826171031385493
175.64568203405912,0,0.9826171031385493
187.05300857004798,0,0.9826171031385493
198.34134270035992,0,0.9826171031385493
209.44575490125996,0,0.9826171031385493
220.45803146171457,0,0.9826171031385493
230.5995776365335,0,0.9826171031385493
239.60234124533912,0,0.9826171031385493
248.0010536087425,0,0.9826171031385493
255.8680797492474,0,0.9826171031385493
262.67423316950857,0,0.9826171031385493
267.96905696057104,0,0.9826171031385493
271.2377491843894,0,0.9826171031385493
272.2961943214609,0,0.9826171031385493
271.95193195374696,1,0.9826487713882008
270.73558972801203,0,0.9826487713882008
268.0820361870948,0,0.9826487713882008
263.79978804076643,0,0.9826487713882008
259.01712626270626,0,0.9826487713882008
254.72948069247263,0,0.9826487713882008
250.45527185200106,0,0.9826487713882008
245.40009066222527,0,0.9826487713882008
239.62900052179367,0,0.9826487713882008
232.81682202558306,0,0.9826487713882008
224.09215959881595,0,0.9826487713882008
213.5721813155795,0,0.9826487713882008
202.09408744742538,0,0.9826487713882008
190.25696112906576,0,0.9826487713882008
178.4327404973163,0,0.9826487713882008
167.1030768813069,0,0.9826487713882008
156.9318379328249,0,0.9826487713882008
148.66014806768672,0,0.9826487713882008
142.07326507563033,0,0.9826487713882008
135.99903416331358,0,0.9826487713882008
130.05290113209765,0,0.9826487713882008
124.35462171779163,0,0.9826487713882008
119.03320411167347,0,0.9826487713882008
114.40256886820069,0,0.9826487713882008
110.06898613613588,0,0.9826487713882008
105.1921702479325,0,0.9826487713882008
99.45177628164792,0,0.9826487713882008
93.04459967428382,0,0.9826487713882008
86.39876936150361,0,0.9826487713882008
79.86623211840329,0,0.9826487713882008
73.55058726914469,0,0.9826487713882008
67.51321992892446,0,0.9826487713882008
61.839004341675455,0,0.9826487713882008
56.57592716330395,0,0.9826487713882008
51.82293924515631,0,0.9826487713882008
46.8864049659255,0,0.9826487713882008
40.57932884312666,0,0.9826487713882008
32.994785205859955,0,0.9826487713882008
25.044673504066605,0,0.9826487713882008
17.12440972323211,0,0.9826487713882008
9.178396151632473,0,0.9826487713882008
1.5787549357364234,0,0.9826487713882008
-5.654816425218387,0,0.9826487713882008
-13.767870725162142,0,0.9826487713882008
-23.286622805569863,0,0.9826487713882008
-33.70566503916005,0,0.9826487713882008
-45.4139072614617,0,0.9826487713882008
-59.52965230760552,0,0.9826487713882008
-76.5951812762505,0,0.9826487713882008
-96.72815019710967,0,0.9826487713882008
-120.70692172002632,0,0.9826487713882008
-149.09651767653975,0,0.9826487713882008
-181.35599426272432,0,0.9826487713882008
-217.22870680525472,0,0.9826487713882008
-257.14978003083155,0,0.9826487713882008
-301.4074024547085,0,0.9826487713882008
-349.47248250851504,0,0.9826487713882008
-399.52456201438395,0,0.9826487713882008
-449.2797667882747,0,0.9826487713882008
-497.490445239133,0,0.9826487713882008
-543.5657130886435,0,0.9826487713882008
-586.5484967170977,0,0.9826487713882008
-625.0564844620783,0,0.9826487713882008
-656.9058162154429,0,0.9826487713882008
-679.7216058578236,0,0.9826487713882008
-691.9907302606023,0,0.9826487713882008
-693.0671082815791,0,0.9826487713882008
-683.2190062573892,0,0.9826487713882008
-662.9672702294788,0,0.9826487713882008
-632.7317089518946,0,0.9826487713882008
-593.468745873712,0,0.9826487713882008
-546.0746555190046,0,0.9826487713882008
-491.253839351095,0,0.9826487713882008
-431.0484679218824,0,0.9826487713882008
-368.48543991579254,0,0.9826487713882008
-305.4632048650812,0,0.9826487713882008
-242.51847975593034,0,0.9826487713882008
-180.4484432210012,0,0.9826487713882008
-120.88474331542787,0,0.9826487713882008
-65.31266987417652,0,0.9826487713882008
-14.819494283464662,0,0.9826487713882008
29.627264978220662,0,0.9826487713882008
67.9146982345813,0,0.9826487713882008
100.50297687125006,0,0.9826487713882008
126.83909465698153,0,0.9826487713882008
146.1776950285325,0,0.9826487713882008
159.28137038592203,0,0.9826487713882008
167.5411556732898,0,0.9826487713882008
172.0693037738244,0,0.9826487713882008
173.89335678065862,0,0.9826487713882008
173.6449873755186,0,0.9826487713882008
171.55355311833307,0,0.9826487713882008
168.05314906707576,0,0.9826487713882008
163.6981611697332,0,0.9826487713882008
158.50371528822234,0,0.9826487713882008
152.6170649954729,0,0.9826487713882008
147.06013678247626,0,0.9826487713882008
142.79263525247634,0,0.9826487713882008
140.36557566570255,0,0.9826487713882008
139.84801867466348,0,0.9826487713882008
140.52699197644606,0,0.9826487713882008
141.56392444532807,0,0.9826487713882008
142.86098689696414,0,0.9826487713882008
145.47595069305677,0,0.9826487713882008
150.31725363128677,0,0.9826487713882008
156.52608410453365,0,0.9826487713882008
162.99723771888634,0,0.9826487713882008
170.28680935283987,0,0.9826487713882008
178.8589591657393,0,0.9826487713882008
187.8450088449457,0,0.9826487713882008
196.78761187941566,0,0.9826487713882008
206.2967597787336,0,0.9826487713882008
216.66882613401773,0,0.9826487713882008
227.21475780850975,0,0.9826487713882008
237.4274642335499,0,0.9826487713882008
247.22877458350234,0,0.9826487713882008
256.0259622642385,0,0.9826487713882008
263.0241391966064,0,0.9826487713882008
268.0745873857343,0,0.9826487713882008
271.20796515237816,0,0.9826487713882008
272.12897554330124,0,0.9826487713882008
271.10303158999704,1,0.9825617736344054
269.03281630930195,0,0.9825617736344054
266.5996786146943,0,0.9825617736344054
263.9832706192989,0,0.9825617736344054
260.53015264590306,0,0.9825617736344054
255.354726343521,0,0.9825617736344054
248.63861057184775,0,0.9825617736344054
240.96520975660812,0,0.9825617736344054
232.83768705391887,0,0.9825617736344054
224.69285169674907,0,0.9825617736344054
216.14551302701474,0,0.9825617736344054
207.2536868527912,0,0.9825617736344054
198.69383232760677,0,0.9825617736344054
190.13807542026706,0,0.9825617736344054
181.33705531381983,0,0.9825617736344054
172.6685190545141,0,0.9825617736344054
163.9630915155382,0,0.9825617736344054
155.47710328070693,0,0.9825617736344054
148.32075777751828,0,0.9825617736344054
142.45411233134683,0,0.9825617736344054
137.0077296895429,0,0.9825617736344054
131.73079070855326,0,0.9825617736344054
126.18282793456609,0,0.9825617736344054
119.86309326679452,0,0.9825617736344054
113.06338675360595,0,0.9825617736344054
106.45669014271358,0,0.9825617736344054
100.42182344177644,0,0.9825617736344054
94.57501739905574,0,0.9825617736344054
88.21419037645622,0,0.9825617736344054
80.73889207404362,0,0.9825617736344054
71.52196152578892,0,0.9825617736344054
60.34760356510223,0,0.9825617736344054
47.56947242018066,0,0.9825617736344054
33.48692077325427,0,0.9825617736344054
17.923665791003994,0,0.9825617736344054
0.36810069493687614,0,0.9825617736344054
-20.08802340196107,0,0.9825617736344054
-44.56500703294939,0,0.9825617736344054
-73.35646799545879,0,0.9825617736344054
-106.39647488034011,0,0.9825617736344054
-144.4365574797409,0,0.9825617736344054
-187.89873103872267,0,0.9825617736344054
-235.88821990002452,0,0.9825617736344054
-286.8172276685343,0,0.9825617736344054
-338.84235911884065,0,0.9825617736344054
-390.38256054221824,0,0.9825617736344054
-440.40783996647673,0,0.9825617736344054
-487.98276705804835,0,0.9825617736344054
-531.925983451483,0,0.9825617736344054
-571.0156581404794,0,0.9825617736344054
-603.9127719324368,0,0.9825617736344054
-629.0187482200539,0,0.9825617736344054
-645.2874157761993,0,0.9825617736344054
-652.0467867941385,0,0.9825617736344054
-648.1100087843683,0,0.9825617736344054
-632.8813710553885,0,0.9825617736344054
-607.110346522174,0,0.9825617736344054
-572.1105895262677,0,0.9825617736344054
-529.756568149809,0,0.9825617736344054
-481.6798564627635,0,0.9825617736344054
-428.4525365259167,0,0.9825617736344054
-371.085082657262,0,0.9825617736344054
-311.7777676172366,0,0.9825617736344054
-252.68174915324312,0,0.9825617736344054
-194.78388420158464,0,0.9825617736344054
-138.50365210859866,0,0.9825617736344054
-84.65976585338119,0,0.9825617736344054
-34.05479762438928,0,0.9825617736344054
12.35516673346183,0,0.9825617736344054
53.295379265127465,0,0.9825617736344054
88.22375504316871,0,0.9825617736344054
116.84704757914885,0,0.9825617736344054
138.6684313457975,0,0.9825617736344054
154.40333965417403,0,0.9825617736344054
165.43098813281338,0,0.9825617736344054
171.91003031523695,0,0.9825617736344054
173.7925804936586,0,0.9825617736344054
172.61659886268922,0,0.9825617736344054
170.04126994369528,0,0.9825617736344054
166.10895686647456,0,0.9825617736344054
160.90185469339588,0,0.9825617736344054
155.28002984407462,0,0.9825617736344054
149.09305519248446,0,0.9825617736344054
141.90272603881104,0,0.9825617736344054
134.49148595208015,0,0.9825617736344054
127.66669980373769,0,0.9825617736344054
121.98500771364392,0,0.9825617736344054
118.58380879528389,0,0.9825617736344054
118.4024722250844,0,0.9825617736344054
121.53833098802278,0,0.9825617736344054
127.27956006678238,0,0.9825617736344054
135.1375736677373,0,0.9825617736344054
145.3861410007679,0,0.9825617736344054
157.3048569851657,0,0.9825617736344054
169.76223493219786,0,0.9825617736344054
182.82588222914413,0,0.9825617736344054
196.54823624845181,0,0.9825617736344054
210.06921580370138,0,0.9825617736344054
222.4880694119674,0,0.9825617736344054
233.6587571170948,0,0.9825617736344054
243.4586757363667,0,0.9825617736344054
251.37791952380832,0,0.9825617736344054
257.2359097593393,0,0.9825617736344054
261.2416054482023,0,0.9825617736344054
263.47249072406555,0,0.9825617736344054
263.5110386020875,0,0.9825617736344054
261.1894518239826,1,0.9825445627116146
257.12065853626507,0,0.9825445627116146
252.3293320946804,0,0.9825445627116146
247.65975624077007,0,0.9825445627116146
243.03885961924726,0,0.9825445627116146
238.21602772448497,0,0.9825445627116146
233.36090132735436,0,0.9825445627116146
228.34058153330818,0,0.9825445627116146
222.4714516040257,0,0.9825445627116146
215.33125010407454,0,0.9825445627116146
207.30945491178508,0,0.9825445627116146
198.93642161465948,0,0.9825445627116146
190.66889269286978,0,0.9825445627116146
183.03760006400393,0,0.9825445627116146
176.2312783520119,0,0.9825445627116146
169.8173732753323,0,0.9825445627116146
163.2442809657725,0,0.9825445627116146
156.31362299049707,0,0.9825445627116146
149.15554382295548,0,0.9825445627116146
142.07944866902048,0,0.9825445627116146
135.29959474116563,0,0.9825445627116146
129.34190246174458,0,0.9825445627116146
124.7875404995475,0,0.9825445627116146
121.03369599686528,0,0.9825445627116146
116.70359435679968,0,0.9825445627116146
111.17334024429941,0,0.9825445627116146
104.52612225407172,0,0.9825445627116146
96.59862246808427,0,0.9825445627116146
87.68256515598064,0,0.9825445627116146
78.92920867912171,0,0.9825445627116146
70.44567338473065,0,0.9825445627116146
61.10928049529273,0,0.9825445627116146
50.77105196656454,0,0.9825445627116146
40.10076485616953,0,0.9825445627116146
28.80912752242934,0,0.9825445627116146
16.1581071215764,0,0.9825445627116146
1.8449936512748826,0,0.9825445627116146
-14.744364182721105,0,0.9825445627116146
-34.034582352144696,0,0.9825445627116146
-55.9447476618544,0,0.9825445627116146
-81.31896482634903,0,0.9825445627116146
-111.07902732964531,0,0.9825445627116146
-144.94593484457283,0,0.9825445627116146
-182.72032543720914,0,0.9825445627116146
-224.46677679668613,0,0.9825445627116146
-269.72044388110396,0,0.9825445627116146
-317.6512062951876,0,0.9825445627116146
-367.16800045646073,0,0.9825445627116146
-417.22579010044905,0,0.9825445627116146
-466.7100488780396,0,0.9825445627116146
-514.2195212315494,0,0.9825445627116146
-558.3151098309376,0,0.9825445627116146
-597.0577748301163,0,0.9825445627116146
-628.1723847993362,0,0.9825445627116146
-650.0971116837242,0,0.9825445627116146
-662.0344541292451,0,0.9825445627116146
-663.1432722043406,0,0.9825445627116146
-652.5994199202626,0,0.9825445627116146
-631.1523075788491,0,0.9825445627116146
-600.9560536955979,0,0.9825445627116146
-563.0843968351805,0,0.9825445627116146
-517.5466776049972,0,0.9825445627116146
-464.89738163036117,0,0.9825445627116146
-406.16144223636223,0,0.9825445627116146
-342.8823041964699,0,0.9825445627116146
-277.23838591038884,0,0.9825445627116146
-211.89438503113934,0,0.9825445627116146
-149.61073510152627,0,0.9825445627116146
-91.64499415418823,0,0.9825445627116146
-37.82155877336338,0,0.9825445627116146
11.352545652727377,0,0.9825445627116146
54.2547949409865,0,0.9825445627116146
90.13996353150445,0,0.9825445627116146
119.87437576273608,0,0.9825445627116146
144.21915625997966,0,0.9825445627116146
163.53622643770615,0,0.9825445627116146
178.24248063999676,0,0.9825445627116146
188.44737494214607,0,0.9825445627116146
194.36612737959214,0,0.9825445627116146
196.22643349296862,0,0.9825445627116146
194.04246131056,0,0.9825445627116146
188.41755845856804,0,0.9825445627116146
180.4630413230558,0,0.9825445627116146
171.45238093147486,0,0.9825445627116146
162.52493124961495,0,0.9825445627116146
154.06443003480658,0,0.9825445627116146
146.14453745073084,0,0.9825445627116146
139.23967550233624,0,0.9825445627116146
133.83953331656267,0,0.9825445627116146
130.0210399312592,0,0.9825445627116146
128.23162114958515,0,0.9825445627116146
128.82813415347508,0,0.9825445627116146
130.99110402855362,0,0.9825445627116146
134.05111603263595,0,0.9825445627116146
138.4646325363744,0,0.9825445627116146
144.75133770748857,0,0.9825445627116146
152.58964246185732,0,0.9825445627116146
161.1761651384021,0,0.9825445627116146
170.31368269986316,0,0.9825445627116146
180.3614844246213,0,0.9825445627116146
191.13734277114412,0,0.9825445627116146
202.06299103905786,0,0.9825445627116146
212.8745330919882,0,0.9825445627116146
223.55973247901488,0,0.9825445627116146
233.78245080868558,0,0.9825445627116146
242.5330780992533,0,0.9825445627116146
248.8625458238907,0,0.9825445627116146
253.16881070342947,0,0.9825445627116146
256.4647275732197,0,0.9825445627116146
258.66767476712204,0,0.9825445627116146
259.35640403136586,0,0.9825445627116146
258.8629042264389,1,0.9826868055613072
257.33585062952517,0,0.9826868055613072
254.0432395794531,0,0.9826868055613072
248.58604735250344,0,0.9826868055613072
241.48256738161186,0,0.9826868055613072
233.71031706192812,0,0.9826868055613072
226.44695682221442,0,0.9826868055613072
219.9716722158797,0,0.9826868055613072
213.46871324685713,0,0.9826868055613072
206.1938055233191,0,0.9826868055613072
197.97621280597755,0,0.9826868055613072
189.45987726127996,0,0.9826868055613072
181.5390065366991,0,0.9826868055613072
173.9823089111204,0,0.9826868055613072
166.4284188924954,0,0.9826868055613072
159.55009216830302,0,0.9826868055613072
153.3313819348198,0,0.9826868055613072
146.73646739199012,0,0.9826868055613072
139.11425785326836,0,0.9826868055613072
130.5168316244232,0,0.9826868055613072
121.68692253738742,0,0.9826868055613072
113.39403860596076,0,0.9826868055613072
105.5122336831393,0,0.9826868055613072
97.79531378533123,0,0.9826868055613072
90.802777125189,0,0.9826868055613072
84.57831395448886,0,0.9826868055613072
78.15143497475523,0,0.9826868055613072
71.82792334475151,0,0.9826868055613072
67.44649886931893,0,0.9826868055613072
66.15337020661741,0,0.9826868055613072
67.01709348161852,0,0.9826868055613072
67.74071210999097,0,0.9826868055613072
67.3690698687931,0,0.9826868055613072
66.18151747240175,0,0.9826868055613072
63.70153735784696,0,0.9826868055613072
59.19068281905353,0,0.9826868055613072
52.732131338368156,0,0.9826868055613072
45.41767691850806,0,0.9826868055613072
37.63427243009092,0,0.9826868055613072
28.806501670671867,0,0.9826868055613072
19.388157474855166,0,0.9826868055613072
9.791081955211991,0,0.9826868055613072
-0.3614911541754704,0,0.9826868055613072
-10.488016177544573,0,0.9826868055613072
-19.655095711311965,0,0.9826868055613072
-28.33890972038723,0,0.9826868055613072
-37.787788631248866,0,0.9826868055613072
-48.9362519180742,0,0.9826868055613072
-62.448219866699446,0,0.9826868055613072
-78.36339215474334,0,0.9826868055613072
-96.33663381440503,0,0.9826868055613072
-116.59001466979535,0,0.9826868055613072
-139.83227825992734,0,0.9826868055613072
-166.91960586124844,0,0.9826868055613072
-198.5889283286894,0,0.9826868055613072
-235.2515679467034,0,0.9826868055613072
-277.1071980722488,0,0.9826868055613072
-324.0469367903666,0,0.9826868055613072
-374.9607983933768,0,0.9826868055613072
-427.30474328408,0,0.9826868055613072
-478.487584310065,0,0.9826868055613072
-527.2242357361836,0,0.9826868055613072
-572.2938262152352,0,0.9826868055613072
-611.8817882374595,0,0.9826868055613072
-644.8975237626782,0,0.9826868055613072
-670.5842942589683,0,0.9826868055613072
-687.7005768099372,0,0.9826868055613072
-694.9602063787804,0,0.9826868055613072
-691.4866758730083,0,0.9826868055613072
-677.3641224868571,0,0.9826868055613072
-653.0282211805163,0,0.9826868055613072
-618.5684650610544,0,0.9826868055613072
-574.525912387024,0,0.9826868055613072
-522.3728904316893,0,0.9826868055613072
-464.1192256429719,0,0.9826868055613072
-401.86217338285985,0,0.9826868055613072
-337.2753396859001,0,0.9826868055613072
-271.4815974729722,0,0.9826868055613072
-206.1939968630388,0,0.9826868055613072
-143.7993060286965,0,0.9826868055613072
-85.92921376507604,0,0.9826868055613072
-33.55713095949022,0,0.9826868055613072
12.521130876356272,0,0.9826868055613072
52.28413224353474,0,0.9826868055613072
86.38602344069066,0,0.9826868055613072
115.18301903212154,0,0.9826868055613072
138.43173300093733,0,0.9826868055613072
156.01542326355676,0,0.9826868055613072
168.21813993036994,0,0.9826868055613072
174.8992642612917,0,0.9826868055613072
176.01447802671981,0,0.9826868055613072
172.5678872096021,0,0.9826868055613072
165.78235202333846,0,0.9826868055613072
156.78206636193443,0,0.9826868055613072
146.90067594074856,0,0.9826868055613072
137.27301601919393,0,0.9826868055613072
128.33913563942141,0,0.9826868055613072
120.3557511808084,0,0.9826868055613072
113.87892948915632,0,0.9826868055613072
109.21667769503914,0,0.9826868055613072
106.26091786549576,0,0.9826868055613072
104.87701961222263,0,0.9826868055613072
104.99652669973052,0,0.9826868055613072
106.46403326174477,0,0.9826868055613072
109.44038408988975,0,0.9826868055613072
114.20758336448111,0,0.9826868055613072
121.0113463431355,0,0.9826868055613072
130.54067701866668,0,0.9826868055613072
142.78253542579338,0,0.9826868055613072
156.54973916308882,0,0.9826868055613072
170.45367286698982,0,0.9826868055613072
183.37095498179414,0,0.9826868055613072
195.10208875944934,0,0.9826868055613072
206.15641237335632,0,0.9826868055613072
216.73523741541263,0,0.9826868055613072
226.80721912166044,0,0.9826868055613072
236.62735275678884,0,0.9826868055613072
245.84448908621133,0,0.9826868055613072
252.76202671609687,0,0.9826868055613072
256.87191557495913,0,0.9826868055613072
259.8990012769548,0,0.9826868055613072
262.74056665946614,0,0.9826868055613072
264.7280617952753,0,0.9826868055613072
265.62855278841135,0,0.9826868055613072
266.0146071504737,0,0.9826868055613072
266.04629741549115,0,0.9826868055613072
265.03771581243467,1,0.9822391067644966
262.48960648661597,0,0.9822391067644966
258.46188401365316,0,0.9822391067644966
252.87667062707425,0,0.9822391067644966
245.7970047806054,0,0.9822391067644966
237.89123451035752,0,0.9822391067644966
230.0611254511377,0,0.9822391067644966
222.96976076273623,0,0.9822391067644966
216.6768737846901,0,0.9822391067644966
210.56475133310246,0,0.9822391067644966
203.68005315782537,0,0.9822391067644966
195.81948901322187,0,0.9822391067644966
187.5992766619162,0,0.9822391067644966
179.3033848003959,0,0.9822391067644966
170.99473568033355,0,0.9822391067644966
162.52805865117455,0,0.9822391067644966
153.31276626292092,0,0.9822391067644966
143.3740080063127,0,0.9822391067644966
133.68901685574406,0,0.9822391067644966
124.83141545771022,0,0.9822391067644966
116.51087362366499,0,0.9822391067644966
108.56722673072125,0,0.9822391067644966
101.02590624490759,0,0.9822391067644966
93.64431047098834,0,0.9822391067644966
85.88044877320951,0,0.9822391067644966
77.07254590879711,0,0.9822391067644966
67.35672481916993,0,0.9822391067644966
57.44984331591939,0,0.9822391067644966
47.84469196723376,0,0.9822391067644966
39.24834993298928,0,0.9822391067644966
32.56791731646372,0,0.9822391067644966
27.920149473388957,0,0.9822391067644966
23.771485389490596,0,0.9822391067644966
18.66307666293148,0,0.9822391067644966
12.873033991401854,0,0.9822391067644966
6.488559194526499,0,0.9822391067644966
-1.316239264936483,0,0.9822391067644966
-11.02073129541142,0,0.9822391067644966
-22.895768194449147,0,0.9822391067644966
-37.5529889892272,0,0.9822391067644966
-55.64789221790263,0,0.9822391067644966
-77.13958732070012,0,0.9822391067644966
-101.42312566329404,0,0.9822391067644966
-128.67149426126545,0,0.9822391067644966
-159.92628787037387,0,0.9822391067644966
-195.78009187774978,0,0.9822391067644966
-236.23743244354964,0,0.9822391067644966
-280.78240411280217,0,0.9822391067644966
-328.3967334683929,0,0.9822391067644966
-378.1619548082291,0,0.9822391067644966
-428.9782832650417,0,0.9822391067644966
-479.2243309170076,0,0.9822391067644966
-526.9186755039678,0,0.9822391067644966
-570.0918314885474,0,0.9822391067644966
-607.1687866069892,0,0.9822391067644966
-636.8115451515486,0,0.9822391067644966
-657.7570597896596,0,0.9822391067644966
-668.9830295382384,0,0.9822391067644966
-670.1342685860402,0,0.9822391067644966
-661.249544173069,0,0.9822391067644966
-642.0657339988062,0,0.9822391067644966
-612.1356044327047,0,0.9822391067644966
-571.7735705596023,0,0.9822391067644966
-523.1879310100096,0,0.9822391067644966
-469.1404487889846,0,0.9822391067644966
-411.04327544775316,0,0.9822391067644966
-349.6642402319785,0,0.9822391067644966
-286.1452665362943,0,0.9822391067644966
-222.38482491363538,0,0.9822391067644966
-160.39963114654674,0,0.9822391067644966
-101.3581843356962,0,0.9822391067644966
-46.03904887267434,0,0.9822391067644966
4.905960327603519,0,0.9822391067644966
51.029479300726194,0,0.9822391067644966
91.21665284998065,0,0.9822391067644966
124.58321087678982,0,0.9822391067644966
151.94665258261236,0,0.9822391067644966
174.05705064843158,0,0.9822391067644966
190.43376493181347,0,0.9822391067644966
200.49473429298314,0,0.9822391067644966
204.39461077181844,0,0.9822391067644966
203.7550724350839,1,0.9822391067644966
200.90713413049983,0,0.9822391067644966
196.4810895239145,0,0.9822391067644966
189.73244778593485,0,0.9822391067644966
181.22139044241655,0,0.9822391067644966
172.69893739829797,0,0.9822391067644966
165.3823733656525,0,0.9822391067644966
159.79240514423918,0,0.9822391067644966
155.46403419151935,0,0.9822391067644966
151.20967755062924,0,0.9822391067644966
146.98532110877764,0,0.9822391067644966
144.02292725221508,0,0.9822391067644966
143.4323382625278,0,0.9822391067644966
145.28707786711126,0,0.9822391067644966
149.26244815374235,0,0.9822391067644966
156.12926417213473,0,0.9822391067644966
166.25798602320324,0,0.9822391067644966
178.15285975547084,0,0.9822391067644966
190.4795210301327,0,0.9822391067644966
203.03444861292613,0,0.9822391067644966
215.6292613767954,0,0.9822391067644966
227.8350140685239,0,0.9822391067644966
239.13857334747198,0,0.9822391067644966
248.95414551124338,0,0.9822391067644966
256.76352247479736,0,0.9822391067644966
262.36334760148895,0,0.9822391067644966
266.3544000445714,0,0.9822391067644966
269.8779898758642,0,0.9822391067644966
273.49377190127,0,0.9822391067644966
276.8530655713833,0,0.9822391067644966
278.8475746200655,0,0.9822391067644966
277.94909283355133,0,0.9822391067644966
273.8290038023039,0,0.9822391067644966
267.52428156301613,0,0.9822391067644966
259.97226159963043,0,0.9822391067644966
251.8572437641047,0,0.9822391067644966
243.2622218512044,0,0.9822391067644966
233.74885978657832,0,0.9822391067644966
223.95396198674877,0,0.9822391067644966
214.70762927896973,0,0.9822391067644966
205.94357007158027,0,0.9822391067644966
198.08662046947882,0,0.9822391067644966
191.071574877467,0,0.9822391067644966
183.83501263424273,0,0.9822391067644966
176.4074157325979,0,0.9822391067644966
169.27040425559107,0,0.9822391067644966
162.2489981901109,0,0.9822391067644966
155.4657892968197,0,0.9822391067644966
148.9601957204806,0,0.9822391067644966
141.85230418681692,0,0.9822391067644966
133.20225864530784,0,0.9822391067644966
123.32475642089234,0,0.9822391067644966
113.65161663229588,0,0.9822391067644966
104.90570279505332,0,0.9822391067644966
96.71691972082769,0,0.9822391067644966
88.78038845536744,0,0.9822391067644966
80.87810332294556,0,0.9822391067644966
72.70796036516668,0,0.9822391067644966
64.2772554444078,0,0.9822391067644966
56.10816840013927,0,0.9822391067644966
48.8187803405328,0,0.9822391067644966
42.299245908742506,0,0.9822391067644966
35.56391510073555,0,0.9822391067644966
27.435908819588303,0,0.9822391067644966
17.976019594764118,0,0.9822391067644966
8.200973123664776,0,0.9822391067644966
-2.178540120602733,0,0.9822391067644966
-14.237898007845356,0,0.9822391067644966
-28.69306029102518,0,0.9822391067644966
-46.63278269110195,0,0.9822391067644966
-68.96983818460065,0,0.9822391067644966
-95.55061077056212,0,0.9822391067644966
-125.74766009239322,0,0.9822391067644966
-159.49805528900623,0,0.9822391067644966
-197.27684991680863,0,0.9822391067644966
-239.29072233708933,0,0.9822391067644966
-285.0750777334979,0,0.9822391067644966
-333.36311928926904,0,0.9822391067644966
-382.8648861612611,0,0.9822391067644966
-432.8866461493832,0,0.9822391067644966
-482.11513203300603,0,0.9822391067644966
-528.1231260187665,0,0.9822391067644966
-568.8326575424825,0,0.9822391067644966
-603.2072214068679,0,0.9822391067644966
-630.4360962616744,0,0.9822391067644966
-649.4396365593328,0,0.9822391067644966
-659.1508604382352,0,0.9822391067644966
-658.9911569470975,0,0.9822391067644966
-648.8525574265702,0,0.9822391067644966
-628.221707906716,0,0.9822391067644966
-596.1422896564756,0,0.9822391067644966
-553.2775961450791,0,0.9822391067644966
-502.79804357769524,0,0.9822391067644966
-447.75197384959745,0,0.9822391067644966
-389.60218774827,0,0.9822391067644966
-329.80225629714295,0,0.9822391067644966
-269.8568550236752,0,0.9822391067644966
-210.30624118265644,0,0.9822391067644966
-151.66706880584235,0,0.9822391067644966
-95.163334280837,0,0.9822391067644966
-42.037417842151925,0,0.9822391067644966
6.645234044578967,0,0.9822391067644966
49.94546945170649,0,0.9822391067644966
86.87241239777065,0,0.9822391067644966
116.37513566877307,0,0.9822391067644966
138.70336223163963,0,0.9822391067644966
155.38616517714752,0,0.9822391067644966
167.07263541581116,0,0.9822391067644966
173.64848120589423,0,0.9822391067644966
176.0878755360504,0,0.9822391067644966
175.6275541128902,0,0.9822391067644966
172.52106111631159,0,0.9822391067644966
167.05380380260502,0,0.9822391067644966
160.0916171828507,0,0.9822391067644966
152.63458477364162,0,0.9822391067644966
145.2005397225741,0,0.9822391067644966
137.74990675075887,0,0.9822391067644966
130.83068202989324,0,0.9822391067644966
125.88430445702987,0,0.9822391067644966
123.9029502440944,0,0.9822391067644966
124.54955131224858,0,0.9822391067644966
126.8333993935029,0,0.9822391067644966
130.11228227960154,0,0.9822391067644966
134.23988806433047,0,0.9822391067644966
139.7982208863119,0,0.9822391067644966
148.18871720020599,0,0.9822391067644966
159.9674854780234,0,0.9822391067644966
173.87307662119355,0,0.9822391067644966
188.23829997529054,0,0.9822391067644966
201.96949024715113,0,0.9822391067644966
214.89127398728988,0,0.9822391067644966
227.9876005032306,0,0.9822391067644966
241.51114085594267,0,0.9822391067644966
253.87665404409427,0,0.9822391067644966
263.9971200023192,0,0.9822391067644966
272.1485002280622,0,0.9822391067644966
278.6305653975219,0,0.9822391067644966
283.5079236817915,0,0.9822391067644966
286.85707092584,0,0.9822391067644966
288.60663136580496,0,0.9822391067644966
288.36877970853857,1,0.9801238527465024
286.206987091789,0,0.9801238527465024
282.92762835906063,0,0.9801238527465024
278.8686074744999,0,0.9801238527465024
273.76899150809675,0,0.9801238527465024
267.88401701530705,0,0.9801238527465024
262.0513791224426,0,0.9801238527465024
256.37592866174697,0,0.9801238527465024
250.01382569533308,0,0.9801238527465024
242.56170890084087,0,0.9801238527465024
233.9202844381066,0,0.9801238527465024
223.8069710985702,0,0.9801238527465024
212.47566980864045,0,0.9801238527465024
200.20428224597205,0,0.9801238527465024
187.20331387593578,0,0.9801238527465024
174.65502540964587,0,0.9801238527465024
163.8384809276947,0,0.9801238527465024
154.8271737793993,0,0.9801238527465024
146.80077343583602,0,0.9801238527465024
139.05607948632846,0,0.9801238527465024
131.38006875381964,0,0.9801238527465024
123.29974637252643,0,0.9801238527465024
114.44413851784938,0,0.9801238527465024
105.44387351932548,0,0.9801238527465024
96.87639281108746,0,0.9801238527465024
88.74316628115082,0,0.9801238527465024
81.33911782659402,0,0.9801238527465024
75.28515445419876,0,0.9801238527465024
70.64517288147682,0,0.9801238527465024
66.536696753212,0,0.9801238527465024
61.86380844176749,0,0.9801238527465024
55.97019141746214,0,0.9801238527465024
48.8801656206987,0,0.9801238527465024
41.22767591710893,0,0.9801238527465024
33.94533837446389,0,0.9801238527465024
27.571647499200445,0,0.9801238527465024
21.217876267104224,0,0.9801238527465024
13.3261725218046,0,0.9801238527465024
2.923661947909661,0,0.9801238527465024
-10.418957935133312,0,0.9801238527465024
-26.269597840190336,0,0.9801238527465024
-43.83252706183896,0,0.9801238527465024
-63.66360741199662,0,0.9801238527465024
-87.07035883314992,0,0.9801238527465024
-114.36088227196731,0,0.9801238527465024
-145.4032535183222,0,0.9801238527465024
-180.2618476931329,0,0.9801238527465024
-218.86492437495144,0,0.9801238527465024
-260.67947084971166,0,0.9801238527465024
-304.6373982938979,0,0.9801238527465024
-350.0589168545192,0,0.9801238527465024
-396.5438658241262,0,0.9801238527465024
-442.9817104877333,0,0.9801238527465024
-488.2465295336722,0,0.9801238527465024
-531.799805380015,0,0.9801238527465024
-572.3119453390568,0,0.9801238527465024
-607.340107929465,0,0.9801238527465024
-635.1120648741526,0,0.9801238527465024
-654.8540223779488,0,0.9801238527465024
-665.632219547947,0,0.9801238527465024
-666.437137154716,0,0.9801238527465024
-657.0746552662829,0,0.9801238527465024
-637.7187275952466,0,0.9801238527465024
-608.6546085521101,0,0.9801238527465024
-570.9340051196343,0,0.9801238527465024
-525.8403009680089,0,0.9801238527465024
-474.15557931952407,0,0.9801238527465024
-416.47253010301836,0,0.9801238527465024
-354.4897628311147,0,0.9801238527465024
-291.15906538962645,0,0.9801238527465024
-228.8347216309047,0,0.9801238527465024
-168.8425171170662,0,0.9801238527465024
-112.05629157222366,0,0.9801238527465024
-59.16112601899185,0,0.9801238527465024
-10.975381765453218,0,0.9801238527465024
32.09070562560768,0,0.9801238527465024
69.76799133236236,0,0.9801238527465024
101.37791350211363,0,0.9801238527465024
126.8826697546342,0,0.9801238527465024
146.98127608999607,0,0.9801238527465024
162.0134926845533,0,0.9801238527465024
172.13791317664814,0,0.9801238527465024
177.72393537662433,0,0.9801238527465024
179.52748558101723,0,0.9801238527465024
178.78244701218716,0,0.9801238527465024
175.99329625335469,0,0.9801238527465024
171.21351209096792,0,0.9801238527465024
165.08842093332083,0,0.9801238527465024
157.89175634783405,0,0.9801238527465024
149.7488766529675,0,0.9801238527465024
141.94140232048014,0,0.9801238527465024
136.4159514196011,0,0.9801238527465024
134.10420319218466,0,0.9801238527465024
134.7630111870475,0,0.9801238527465024
138.3114707796919,0,0.9801238527465024
144.3206415763628,0,0.9801238527465024
151.7981605687515,0,0.9801238527465024
160.7918302705217,0,0.9801238527465024
171.6548031487956,0,0.9801238527465024
184.0046073532419,0,0.9801238527465024
197.4570266168198,0,0.9801238527465024
210.92846982138278,0,0.9801238527465024
222.80356983146834,0,0.9801238527465024
232.84325583868377,0,0.9801238527465024
241.9929322461304,0,0.9801238527465024
250.70426943636085,0,0.9801238527465024
258.16978346098153,0,0.9801238527465024
263.8385508057635,0,0.9801238527465024
268.3194716030513,0,0.9801238527465024
271.6637594188206,0,0.9801238527465024
273.577791290474,0,0.9801238527465024
274.48341761899314,0,0.9801238527465024
274.56664035951417,0,0.9801238527465024
273.67431560090284,1,0.9802897358023697
272.18860873151215,0,0.9802897358023697
270.69271738092993,0,0.9802897358023697
268.84388398259784,0,0.9802897358023697
265.50989025590644,0,0.9802897358023697
260.19873499629716,0,0.9802897358023697
253.3342055370117,0,0.9802897358023697
244.98571811909875,0,0.9802897358023697
235.72103708855136,0,0.9802897358023697
227.40941604096963,0,0.9802897358023697
220.40479198791954,0,0.9802897358023697
213.3834537500113,0,0.9802897358023697
205.91152579303898,0,0.9802897358023697
197.9303039156328,0,0.9802897358023697
188.7454840802883,0,0.9802897358023697
177.96562058865777,0,0.9802897358023697
166.07917516229261,0,0.9802897358023697
154.18133293031255,0,0.9802897358023697
143.34334462040573,0,0.9802897358023697
133.29526046467805,0,0.9802897358023697
122.51378577685628,0,0.9802897358023697
110.51520884952225,0,0.9802897358023697
98.34410504833659,0,0.9802897358023697
86.89323543920625,0,0.9802897358023697
76.41516017858908,0,0.9802897358023697
66.93793963008916,0,0.9802897358023697
58.53131902728842,0,0.9802897358023697
51.078541033737736,0,0.9802897358023697
44.31023360518193,0,0.9802897358023697
38.351753487036504,0,0.9802897358023697
33.174367872094855,0,0.9802897358023697
28.044811514155686,0,0.9802897358023697
22.234993361412034,0,0.9802897358023697
15.361885542026338,0,0.9802897358023697
6.993973150440387,0,0.9802897358023697
-2.861380546411924,0,0.9802897358023697
-13.526319364644282,0,0.9802897358023697
-25.271512935714338,0,0.9802897358023697
-39.90640219487796,0,0.9802897358023697
-58.67270678837839,0,0.9802897358023697
-81.48704031387064,0,0.9802897358023697
-108.44402206966369,0,0.9802897358023697
-140.2505340429773,0,0.9802897358023697
-177.3803354289207,0,0.9802897358023697
-219.35658448283937,0,0.9802897358023697
-265.146097390459,0,0.9802897358023697
-313.77948861238735,0,0.9802897358023697
-363.9412178233684,0,0.9802897358023697
-413.7261276320629,0,0.9802897358023697
-461.4421938219988,0,0.9802897358023697
-505.9995115935983,0,0.9802897358023697
-546.1773748100569,0,0.9802897358023697
-580.4994893359909,0,0.9802897358023697
-608.0829446114594,0,0.9802897358023697
-628.3076284222184,0,0.9802897358023697
-639.4230203497276,0,0.9802897358023697
-639.4517992963243,0,0.9802897358023697
-628.3940140121571,0,0.9802897358023697
-607.7811188676567,0,0.9802897358023697
-578.6960696022402,0,0.9802897358023697
-541.4717237084205,0,0.9802897358023697
-497.1357039822009,0,0.9802897358023697
-447.2423647752885,0,0.9802897358023697
-392.7060516444099,0,0.9802897358023697
-334.6675245979819,0,0.9802897358023697
-274.7952235950287,0,0.9802897358023697
-214.93232044609337,0,0.9802897358023697
-157.18367093485756,0,0.9802897358023697
-103.30015311288517,0,0.9802897358023697
-54.31611768029657,0,0.9802897358023697
-10.191092379764092,0,0.9802897358023697
29.756345707589176,0,0.9802897358023697
65.47344107033618,0,0.9802897358023697
96.3824248346963,0,0.9802897358023697
122.35484344895599,0,0.9802897358023697
143.38394494811115,0,0.9802897358023697
159.19938269439436,0,0.9802897358023697
169.97049572455822,0,0.9802897358023697
176.4510322134063,0,0.9802897358023697
178.93085874461096,0,0.9802897358023697
177.337123361754,0,0.9802897358023697
172.7780619093035,0,0.9802897358023697
167.07786120280778,0,0.9802897358023697
161.1081975796592,0,0.9802897358023697
154.61741540017266,0,0.9802897358023697
146.75934017568844,0,0.9802897358023697
137.6120739939153,0,0.9802897358023697
128.97002656725445,0,0.9802897358023697
122.52162102591568,0,0.9802897358023697
118.77822521390904,0,0.9802897358023697
117.7188780927688,0,0.9802897358023697
118.87545428330043,0,0.9802897358023697
121.6005566965301,0,0.9802897358023697
125.67631907745636,0,0.9802897358023697
131.0204812534678,0,0.9802897358023697
137.87706897225044,0,0.9802897358023697
146.95556607285255,0,0.9802897358023697
157.97289590341188,0,0.9802897358023697
170.11154548282735,0,0.9802897358023697
183.83751649126077,0,0.9802897358023697
199.11455296834498,0,0.9802897358023697
213.84567977301694,0,0.9802897358023697
226.36459934184643,0,0.9802897358023697
236.85612762766286,0,0.9802897358023697
245.6844229274012,0,0.9802897358023697
252.8929694003948,0,0.9802897358023697
259.2073185113749,0,0.9802897358023697
265.2442823607205,0,0.9802897358023697
270.3884831067242,0,0.9802897358023697
273.6077785137886,0,0.9802897358023697
274.4664620649141,0,0.9802897358023697
273.0757504482576,1,0.9802897358023697
269.80355217095143,0,0.9802897358023697
265.62843151545593,0,0.9802897358023697
261.5875907278946,0,0.9802897358023697
257.40634853485983,0,0.9802897358023697
252.37033500893702,0,0.9802897358023697
246.48017308738343,0,0.9802897358023697
239.59609200764194,0,0.9802897358023697
231.1395003389022,0,0.9802897358023697
221.00569941038367,0,0.9802897358023697
209.79258117677176,0,0.9802897358023697
198.2821945594115,0,0.9802897358023697
187.45326825524418,0,0.9802897358023697
178.19218585665914,0,0.9802897358023697
170.45149161986075,0,0.9802897358023697
163.36339861563786,0,0.9802897358023697
156.37888146440994,0,0.9802897358023697
149.62891521052407,0,0.9802897358023697
142.4138527532227,0,0.9802897358023697
133.5157877828894,0,0.9802897358023697
123.46524026991801,0,0.9802897358023697
113.6234103405113,0,0.9802897358023697
104.07274638852414,0,0.9802897358023697
94.28468756090246,0,0.9802897358023697
84.6021682910875,0,0.9802897358023697
75.87232057238334,0,0.9802897358023697
68.46729998426153,0,0.9802897358023697
62.04169030153099,0,0.9802897358023697
55.691517660343045,0,0.9802897358023697
49.11075824271298,0,0.9802897358023697
42.62034801671804,0,0.9802897358023697
36.05954355493978,0,0.9802897358023697
29.321545957809878,0,0.9802897358023697
22.180638443782968,0,0.9802897358023697
13.635654936343126,0,0.9802897358023697
3.163447485153615,0,0.9802897358023697
-9.272462337824011,0,0.9802897358023697
-24.378978640503917,0,0.9802897358023697
-43.170807589290106,0,0.9802897358023697
-66.48144983518488,0,0.9802897358023697
-94.87191926946103,0,0.9802897358023697
-128.28684474944666,0,0.9802897358023697
-165.5945909743989,0,0.9802897358023697
-205.72641324457354,0,0.9802897358023697
-249.04270880199624,0,0.9802897358023697
-295.9878773214216,0,0.9802897358023697
-346.23776573906827,0,0.9802897358023697
-398.83679714681926,0,0.9802897358023697
-451.9132949153294,0,0.9802897358023697
-503.0717353250765,0,0.9802897358023697
-549.5933181249321,0,0.9802897358023697
-589.036587418446,0,0.9802897358023697
-620.0842342882858,0,0.9802897358023697
-642.5014032010262,0,0.9802897358023697
-656.4505171394873,0,0.9802897358023697
-661.5469518563697,0,0.9802897358023697
-656.8525859588634,0,0.9802897358023697
-641.5653042091535,0,0.9802897358023697
-615.5680756870108,0,0.9802897358023697
-579.5799639500262,0,0.9802897358023697
-535.036917925936,0,0.9802897358023697
-483.70263553289413,0,0.9802897358023697
-426.7714409733685,0,0.9802897358023697
-365.3460646443441,0,0.9802897358023697
-301.71811861135575,0,0.9802897358023697
-238.42073311738702,0,0.9802897358023697
-177.1677950891525,0,0.9802897358023697
-119.10862731990697,0,0.9802897358023697
-64.85184417878642,0,0.9802897358023697
-15.442030855435924,0,0.9802897358023697
27.300175312232238,0,0.9802897358023697
62.88857123244807,0,0.9802897358023697
92.11892512725969,0,0.9802897358023697
115.12133738524045,0,0.9802897358023697
132.26261601263172,0,0.9802897358023697
144.94062901327695,0,0.9802897358023697
154.08242448686428,0,0.9802897358023697
159.67886689424586,0,0.9802897358023697
161.9198545029323,0,0.9802897358023697
161.45476400764295,0,0.9802897358023697
158.54972310404858,0,0.9802897358023697
153.0661364928891,0,0.9802897358023697
145.4900313063012,0,0.9802897358023697
137.13335946567904,0,0.9802897358023697
129.08569171350598,0,0.9802897358023697
122.32733080036826,0,0.9802897358023697
117.81162743873782,0,0.9802897358023697
115.51755833339503,0,0.9802897358023697
115.35739959236842,0,0.9802897358023697
117.88071183376434,0,0.9802897358023697
122.89048757236549,0,0.9802897358023697
129.28816163073006,0,0.9802897358023697
136.6170652565266,0,0.9802897358023697
145.23481075259912,0,0.9802897358023697
155.14590355256803,0,0.9802897358023697
165.90038373277167,0,0.9802897358023697
177.11468257064462,0,0.9802897358023697
188.33971231305088,0,0.9802897358023697
199.18092327564838,0,0.9802897358023697
210.01799210288894,0,0.9802897358023697
221.0422574272523,0,0.9802897358023697
231.05253933988675,0,0.9802897358023697
239.41518702568115,0,0.9802897358023697
247.198494886483,0,0.9802897358023697
254.88545335860977,0,0.9802897358023697
261.4403234943213,0,0.9802897358023697
266.0679006650342,0,0.9802897358023697
268.60534674032016,0,0.9802897358023697
268.7526640485296,0,0.9802897358023697
266.884759826187,1,0.9802897358023697
263.7885602126224,0,0.9802897358023697
259.36036393674283,0,0.9802897358023697
253.50828809251723,0,0.9802897358023697
246.95899054188004,0,0.9802897358023697
240.59467112950722,0,0.9802897358023697
234.87546099891276,0,0.9802897358023697
229.60643251685988,0,0.9802897358023697
224.2930361412704,0,0.9802897358023697
218.82564565579017,0,0.9802897358023697
213.1920152174114,0,0.9802897358023697
206.9051566518284,0,0.9802897358023697
199.76335199051354,0,0.9802897358023697
192.5551559774955,0,0.9802897358023697
185.9467847023641,0,0.9802897358023697
179.28495482690366,0,0.9802897358023697
171.70770324997346,0,0.9802897358023697
163.35158317811818,0,0.9802897358023697
154.8413830885155,0,0.9802897358023697
146.66710471925623,0,0.9802897358023697
138.8947664310762,0,0.9802897358023697
131.4667980724527,0,0.9802897358023697
123.88837110447197,0,0.9802897358023697
114.79022850213106,0,0.9802897358023697
103.78940832039788,0,0.9802897358023697
92.26261432421065,0,0.9802897358023697
81.71422328473115,0,0.9802897358023697
72.7012842530148,0,0.9802897358023697
64.74811731139644,0,0.9802897358023697
56.73026619316267,0,0.9802897358023697
47.4807393257301,0,0.9802897358023697
36.50400502558466,0,0.9802897358023697
23.262386978324486,0,0.9802897358023697
6.721109401935106,0,0.9802897358023697
-12.994213676202122,0,0.9802897358023697
-34.69927904544346,0,0.9802897358023697
-58.205702203105,0,0.9802897358023697
-84.8173429389795,0,0.9802897358023697
-115.65021484587355,0,0.9802897358023697
-150.51887633830472,0,0.9802897358023697
-189.12729021266156,0,0.9802897358023697
-231.67247434676253,0,0.9802897358023697
-277.81366926352337,0,0.9802897358023697
-326.48915349448635,0,0.9802897358023697
-376.4454233382457,0,0.9802897358023697
-426.15154921088225,0,0.9802897358023697
-473.8200435491727,0,0.9802897358023697
-517.8669764515416,0,0.9802897358023697
-557.1885459924137,0,0.9802897358023697
-590.3871376904806,0,0.9802897358023697
-615.4506580128877,0,0.9802897358023697
-631.3789419152114,0,0.9802897358023697
-638.3112693089857,0,0.9802897358023697
-636.2559013177381,0,0.9802897358023697
-625.0670767601241,0,0.9802897358023697
-604.1957365356542,0,0.9802897358023697
-573.1762770956749,0,0.9802897358023697
-533.189715746942,0,0.9802897358023697
-486.22163868027894,0,0.9802897358023697
-433.5801439085447,0,0.9802897358023697
-376.69206476223144,0,0.9802897358023697
-317.36185239693293,0,0.9802897358023697
-256.7572426108214,0,0.9802897358023697
-195.2789239176251,0,0.9802897358023697
-133.86532249076663,0,0.9802897358023697
-75.36383928301392,0,0.9802897358023697
-22.903154048879156,0,0.9802897358023697
22.670856949454045,0,0.9802897358023697
61.586200095518095,0,0.9802897358023697
93.82648480890958,0,0.9802897358023697
119.91891492825202,0,0.9802897358023697
140.27838974999457,0,0.9802897358023697
154.9045209197255,0,0.9802897358023697
164.29419234166315,0,0.9802897358023697
169.12326833129674,0,0.9802897358023697
170.15854203539536,0,0.9802897358023697
168.60453957371283,0,0.9802897358023697
165.03087005821214,0,0.9802897358023697
159.37527662536078,0,0.9802897358023697
152.24526868987553,0,0.9802897358023697
144.29008851555554,0,0.9802897358023697
135.76010704897004,0,0.9802897358023697
127.4376938297688,0,0.9802897358023697
120.64525273816216,0,0.9802897358023697
116.74918047228762,0,0.9802897358023697
116.39992606216259,0,0.9802897358023697
118.90750877811618,0,0.9802897358023697
122.93258107824104,0,0.9802897358023697
127.54601247673497,0,0.9802897358023697
132.84853299194856,0,0.9802897358023697
139.37860734585547,0,0.9802897358023697
147.4301827994724,0,0.9802897358023697
157.19442499302392,0,0.9802897358023697
168.22266777603164,0,0.9802897358023697
179.62911301642015,0,0.9802897358023697
190.5456980931665,0,0.9802897358023697
200.1294385007798,0,0.9802897358023697
208.49606606483104,0,0.9802897358023697
216.0722222729915,0,0.9802897358023697
222.4330106366745,0,0.9802897358023697
227.21208521487256,0,0.9802897358023697
230.60507657998298,0,0.9802897358023697
233.0666478442086,0,0.9802897358023697
235.23213989872272,0,0.9802897358023697
237.33852249664466,0,0.9802897358023697
238.9899476811735,0,0.9802897358023697
240.0698623032184,0,0.9802897358023697
240.6212844332193,0,0.9802897358023697
240.2804686245782,1,0.9803262075047512
239.13503812808062,0,0.9803262075047512
237.4462155446141,0,0.9803262075047512
235.03824234558246,0,0.9803262075047512
232.13411368235828,0,0.9803262075047512
228.8459991185526,0,0.9803262075047512
224.88413325446672,0,0.9803262075047512
220.96267347260402,0,0.9803262075047512
217.9772941213389,0,0.9803262075047512
215.15079183425652,0,0.9803262075047512
211.3662952608507,0,0.9803262075047512
207.12120250673047,0,0.9803262075047512
203.04298364053943,0,0.9803262075047512
198.25091357490857,0,0.9803262075047512
191.78310974166845,0,0.9803262075047512
183.42980432652803,0,0.9803262075047512
173.20718600485407,0,0.9803262075047512
161.89481409481132,0,0.9803262075047512
150.86576497627823,0,0.9803262075047512
140.71934041949783,0,0.9803262075047512
131.1192777842734,0,0.9803262075047512
121.49761582520274,0,0.9803262075047512
111.67889042254093,0,0.9803262075047512
101.72990073169274,0,0.9803262075047512
91.30345681669809,0,0.9803262075047512
80.45858088655096,0,0.9803262075047512
70.10016105552351,0,0.9803262075047512
60.778918678868656,0,0.9803262075047512
52.34833175563439,0,0.9803262075047512
44.6303258554693,0,0.9803262075047512
37.864126446377774,0,0.9803262075047512
31.728575063257487,0,0.9803262075047512
25.14632371343558,0,0.9803262075047512
18.352674722752866,0,0.9803262075047512
12.638751887252823,0,0.9803262075047512
8.486998689266235,0,0.9803262075047512
4.918928928739909,0,0.9803262075047512
-0.04217922557736764,0,0.9803262075047512
-8.070918559182946,0,0.9803262075047512
-20.11586369860339,0,0.9803262075047512
-36.3246743487308,0,0.9803262075047512
-56.214935248718,0,0.9803262075047512
-78.99643455287304,0,0.9803262075047512
-103.94618972769304,0,0.9803262075047512
-131.60539683471194,0,0.9803262075047512
-163.29093943406028,0,0.9803262075047512
-199.3467646570509,0,0.9803262075047512
-239.19363360129395,0,0.9803262075047512
-281.81555492425287,0,0.9803262075047512
-326.2645812161356,0,0.9803262075047512
-372.6669188551401,0,0.9803262075047512
-421.4169854409292,0,0.9803262075047512
-471.5423586057558,0,0.9803262075047512
-520.6261188788349,0,0.9803262075047512
-565.9609484765837,0,0.9803262075047512
-605.6747258645488,0,0.9803262075047512
-638.5143019736561,0,0.9803262075047512
-662.9232168425864,0,0.9803262075047512
-677.0613783390654,0,0.9803262075047512
-679.5870863169629,0,0.9803262075047512
-670.2131030391078,0,0.9803262075047512
-649.6356624785417,0,0.9803262075047512
-618.6968708922373,0,0.9803262075047512
-578.2050108719155,0,0.9803262075047512
-529.8957045529538,0,0.9803262075047512
-476.04848077916955,0,0.9803262075047512
-417.8675011244316,0,0.9803262075047512
-355.9419448703759,0,0.9803262075047512
-292.19416523747356,0,0.9803262075047512
-229.28774401244513,0,0.9803262075047512
-168.8045647738764,0,0.9803262075047512
-111.51093966226266,0,0.9803262075047512
-57.7425308801477,0,0.9803262075047512
-8.179130303667094,0,0.9803262075047512
35.46362333954876,0,0.9803262075047512
72.41061176963595,0,0.9803262075047512
102.8709850912523,0,0.9803262075047512
126.54168259316529,0,0.9803262075047512
143.45118162723617,0,0.9803262075047512
154.46948486214785,0,0.9803262075047512
160.62685425263638,0,0.9803262075047512
162.6527218223344,0,0.9803262075047512
161.89476001576776,0,0.9803262075047512
160.06395040410692,0,0.9803262075047512
157.4143469637282,0,0.9803262075047512
153.72185196789326,0,0.9803262075047512
149.20927226897402,0,0.9803262075047512
144.1154721177974,0,0.9803262075047512
139.05338679419967,0,0.9803262075047512
134.7326860294345,0,0.9803262075047512
132.05122268328108,0,0.9803262075047512
131.70906984874796,0,0.9803262075047512
133.2488745102896,0,0.9803262075047512
135.82691930841028,0,0.9803262075047512
138.94472256233016,0,0.9803262075047512
142.86663490996636,0,0.9803262075047512
148.3815906449992,0,0.9803262075047512
155.71603850094684,0,0.9803262075047512
164.77102787530663,0,0.9803262075047512
175.45436446600453,0,0.9803262075047512
187.12976421763244,0,0.9803262075047512
198.62819851396182,0,0.9803262075047512
209.30069021654393,0,0.9803262075047512
219.25227166450236,0,0.9803262075047512
228.41354279695352,0,0.9803262075047512
236.5181758568185,0,0.9803262075047512
243.74161461076483,0,0.9803262075047512
251.08225002993032,0,0.9803262075047512
259.1978032222248,0,0.9803262075047512
266.9647463533995,0,0.9803262075047512
272.7091587216038,0,0.9803262075047512
275.65028608508266,0,0.9803262075047512
276.0304373009986,0,0.9803262075047512
274.76238358195,1,0.9804581516865909
272.1368955462446,0,0.9804581516865909
267.92020197920107,0,0.9804581516865909
262.5163660806257,0,0.9804581516865909
256.59510891280104,0,0.9804581516865909
250.63384925489697,0,0.9804581516865909
244.78406697920784,0,0.9804581516865909
238.7498184853403,0,0.9804581516865909
232.20241502719082,0,0.9804581516865909
225.41884593217367,0,0.9804581516865909
219.22346682136558,0,0.9804581516865909
213.94915681897288,0,0.9804581516865909
209.23474988604906,0,0.9804581516865909
204.4733306170018,0,0.9804581516865909
198.66876825936453,0,0.9804581516865909
190.97074922256337,0,0.9804581516865909
181.8401608277702,0,0.9804581516865909
172.36972599894392,0,0.9804581516865909
162.69096081081912,0,0.9804581516865909
152.67900228760712,0,0.9804581516865909
142.95218291742543,0,0.9804581516865909
134.0432092369091,0,0.9804581516865909
125.7629723004624,0,0.9804581516865909
117.55225878462657,0,0.9804581516865909
109.08309950615954,0,0.9804581516865909
100.4318038501679,0,0.9804581516865909
92.01075415327739,0,0.9804581516865909
84.42914766128612,0,0.9804581516865909
77.68052018732836,0,0.9804581516865909
71.24578371317472,0,0.9804581516865909
65.23002584009052,0,0.9804581516865909
59.783262025185145,0,0.9804581516865909
54.37645671146552,0,0.9804581516865909
48.780449378416165,0,0.9804581516865909
43.04991002493387,0,0.9804581516865909
36.29516058502697,0,0.9804581516865909
27.296972263292982,0,0.9804581516865909
15.696965016584434,0,0.9804581516865909
1.3577197227176732,0,0.9804581516865909
-15.777777606015125,0,0.9804581516865909
-35.31817769789773,0,0.9804581516865909
-57.063260544497275,0,0.9804581516865909
-81.40390977124572,0,0.9804581516865909
-109.14276142271825,0,0.9804581516865909
-141.02897518614486,0,0.9804581516865909
-177.15282073562992,0,0.9804581516865909
-216.82583378720184,0,0.9804581516865909
-259.3713434700816,0,0.9804581516865909
-304.531736266756,0,0.9804581516865909
-351.8811350524833,0,0.9804581516865909
-400.5894802052592,0,0.9804581516865909
-449.69110752016076,0,0.9804581516865909
-497.9007756983946,0,0.9804581516865909
-543.2638228212313,0,0.9804581516865909
-583.5583150287376,0,0.9804581516865909
-616.735712668537,0,0.9804581516865909
-641.3888640661044,0,0.9804581516865909
-656.6969291754273,0,0.9804581516865909
-661.8344795663112,0,0.9804581516865909
-656.9234450296232,0,0.9804581516865909
-642.8965660727346,0,0.9804581516865909
-619.7465949808357,0,0.9804581516865909
-586.8578706648589,0,0.9804581516865909
-544.3004720523811,0,0.9804581516865909
-493.41181484012486,0,0.9804581516865909
-436.62103362778157,0,0.9804581516865909
-376.52414070368116,0,0.9804581516865909
-315.0907443491658,0,0.9804581516865909
-253.30963101422643,0,0.9804581516865909
-192.0767899791353,0,0.9804581516865909
-133.03708501378412,0,0.9804581516865909
-77.7343771930307,0,0.9804581516865909
-27.18079549514431,0,0.9804581516865909
18.03224067361119,0,0.9804581516865909
57.4930887845667,0,0.9804581516865909
90.45483521710484,0,0.9804581516865909
116.23221622752055,0,0.9804581516865909
135.02877320589,0,0.9804581516865909
147.93690444719445,0,0.9804581516865909
156.4222595643354,0,0.9804581516865909
161.6485415493332,0,0.9804581516865909
163.766166930164,0,0.9804581516865909
162.68434556550827,0,0.9804581516865909
158.71625752732845,0,0.9804581516865909
152.3667606069346,0,0.9804581516865909
144.78752124484274,0,0.9804581516865909
137.03487718211164,0,0.9804581516865909
129.6326952093752,0,0.9804581516865909
123.47369795458917,0,0.9804581516865909
119.43980075940404,0,0.9804581516865909
117.79581076148335,0,0.9804581516865909
118.52131913357744,0,0.9804581516865909
121.31990981902447,0,0.9804581516865909
125.3763705775552,0,0.9804581516865909
130.22972135705152,0,0.9804581516865909
136.31434199968191,0,0.9804581516865909
143.80271757049235,0,0.9804581516865909
151.93333176052292,0,0.9804581516865909
159.62283563010425,0,0.9804581516865909
166.90376661388947,0,0.9804581516865909
175.5703366949042,0,0.9804581516865909
186.79132961023532,0,0.9804581516865909
199.31105846276333,0,0.9804581516865909
211.38995842108375,0,0.9804581516865909
222.23184032571237,0,0.9804581516865909
231.41537180390725,0,0.9804581516865909
238.99014181349906,0,0.9804581516865909
245.13977628957198,0,0.9804581516865909
249.22826470286776,0,0.9804581516865909
250.50846848183198,0,0.9804581516865909
249.35121256123887,1,0.9804175197804075
247.0371931908661,0,0.9804175197804075
244.58941827005887,0,0.9804175197804075
242.21804613557634,0,0.9804175197804075
240.25643230064262,0,0.9804175197804075
239.0428071805246,0,0.9804175197804075
237.69473611047934,0,0.9804175197804075
235.29724370309833,0,0.9804175197804075
232.2943484748405,0,0.9804175197804075
229.22628332139263,0,0.9804175197804075
225.5062116952125,0,0.9804175197804075
220.69702573191992,0,0.9804175197804075
215.52795499545275,0,0.9804175197804075
210.38903176174958,0,0.9804175197804075
204.59020780171466,0,0.9804175197804075
197.86557880247585,0,0.9804175197804075
190.67037660984556,0,0.9804175197804075
182.7948983964266,0,0.9804175197804075
173.94111431174645,0,0.9804175197804075
164.90538666240946,0,0.9804175197804075
156.40355577784078,0,0.9804175197804075
148.166988268774,0,0.9804175197804075
139.5688674528,0,0.9804175197804075
130.64566681607684,0,0.9804175197804075
122.2520998810861,0,0.9804175197804075
114.52284842655551,0,0.9804175197804075
106.86178276871998,0,0.9804175197804075
99.33839668328203,0,0.9804175197804075
92.1534941205673,0,0.9804175197804075
84.79206090310346,0,0.9804175197804075
76.97006532135705,0,0.9804175197804075
69.37588513684133,0,0.9804175197804075
62.55503210428301,0,0.9804175197804075
56.29991534627722,0,0.9804175197804075
50.34859602366432,0,0.9804175197804075
44.726114916731355,0,0.9804175197804075
39.641354320710704,0,0.9804175197804075
34.986929679977244,0,0.9804175197804075
30.019409314344234,0,0.9804175197804075
24.0182277622153,0,0.9804175197804075
16.774622943277244,0,0.9804175197804075
8.082955454069443,0,0.9804175197804075
-2.8518405559809077,0,0.9804175197804075
-16.745205416243905,0,0.9804175197804075
-33.36845711760176,0,0.9804175197804075
-52.084470199929385,0,0.9804175197804075
-72.60461836163648,0,0.9804175197804075
-95.53085405539896,0,0.9804175197804075
-122.21896940667632,0,0.9804175197804075
-154.02433329666067,0,0.9804175197804075
-191.3683707615578,0,0.9804175197804075
-232.67257280863538,0,0.9804175197804075
-276.31220358104065,0,0.9804175197804075
-322.4999665907469,0,0.9804175197804075
-371.01466180131837,0,0.9804175197804075
-420.5827337105042,0,0.9804175197804075
-469.9740085566548,0,0.9804175197804075
-517.5917691645797,0,0.9804175197804075
-561.8096066554791,0,0.9804175197804075
-601.1189177359759,0,0.9804175197804075
-634.0927988675496,0,0.9804175197804075
-659.7063275507974,0,0.9804175197804075
-676.6007263408632,0,0.9804175197804075
-683.6473388315394,0,0.9804175197804075
-680.778617076406,0,0.9804175197804075
-667.5357005029766,0,0.9804175197804075
-642.7747539947427,0,0.9804175197804075
-606.3964089195441,0,0.9804175197804075
-560.1916644080692,0,0.9804175197804075
-506.4728001388794,0,0.9804175197804075
-446.96576044180813,0,0.9804175197804075
-383.7775968029267,0,0.9804175197804075
-319.03047851376317,0,0.9804175197804075
-254.10236795960174,0,0.9804175197804075
-190.7457738849402,0,0.9804175197804075
-130.87845392395099,0,0.9804175197804075
-75.57700231114046,0,0.9804175197804075
-25.355767687892182,0,0.9804175197804075
19.74890572436221,0,0.9804175197804075
59.84353783057284,0,0.9804175197804075
94.75507788456629,0,0.9804175197804075
124.02141397905878,0,0.9804175197804075
146.62515677290995,0,0.9804175197804075
162.34922161509476,0,0.9804175197804075
172.85476236750696,0,0.9804175197804075
179.98139593757205,0,0.9804175197804075
184.25830378977332,0,0.9804175197804075
185.16218501302274,0,0.9804175197804075
182.27959906851385,0,0.9804175197804075
176.34497083341378,0,0.9804175197804075
168.89324117208068,0,0.9804175197804075
161.31677248283304,0,0.9804175197804075
154.5900101127498,0,0.9804175197804075
148.98818858704655,0,0.9804175197804075
144.32037273390185,0,0.9804175197804075
140.8174969500025,0,0.9804175197804075
139.00693707178314,0,0.9804175197804075
139.04836476355217,0,0.9804175197804075
140.55204022564976,0,0.9804175197804075
143.05487404424073,0,0.9804175197804075
146.89180807112444,0,0.9804175197804075
152.79129237743936,0,0.9804175197804075
160.74571220329855,0,0.9804175197804075
170.0788441122956,0,0.9804175197804075
180.1745322258002,0,0.9804175197804075
190.81745122290394,0,0.9804175197804075
201.90953808519117,0,0.9804175197804075
213.31565806886252,0,0.9804175197804075
224.73793079244982,0,0.9804175197804075
235.6300229950999,0,0.9804175197804075
245.4724230928708,0,0.9804175197804075
253.85766506631848,0,0.9804175197804075
260.79051707636233,0,0.9804175197804075
266.67585740829463,0,0.9804175197804075
271.6652756035117,0,0.9804175197804075
275.59546651323814,0,0.9804175197804075
278.3743841448876,0,0.9804175197804075
279.8329378345844,0,0.9804175197804075
279.9171294819576,0,0.9804175197804075
278.88892352031644,1,0.980349366449696
276.6086758271155,0,0.980349366449696
272.657726339633,0,0.980349366449696
267.17543136691955,0,0.980349366449696
260.69474943468543,0,0.980349366449696
253.40828315738867,0,0.980349366449696
245.13226727857887,0,0.980349366449696
235.76461425695885,0,0.980349366449696
225.66986379314113,0,0.980349366449696
215.6925620063735,0,0.980349366449696
206.2606942765674,0,0.980349366449696
196.8199263456812,0,0.980349366449696
186.93715480332853,0,0.980349366449696
177.17599707195353,0,0.980349366449696
168.33210253927277,0,0.980349366449696
160.55123632993968,0,0.980349366449696
153.91619017179931,0,0.980349366449696
148.68453016064603,0,0.980349366449696
143.76015677625944,0,0.980349366449696
137.4074127716812,0,0.980349366449696
129.41322524266815,0,0.980349366449696
120.52872111575651,0,0.980349366449696
111.15391191070468,0,0.980349366449696
101.59537221929939,0,0.980349366449696
92.85217405971326,0,0.980349366449696
85.93517570402521,0,0.980349366449696
80.2057701903256,0,0.980349366449696
73.4840973836337,0,0.980349366449696
64.71287103157987,0,0.980349366449696
54.810205696134176,0,0.980349366449696
44.343344143873296,0,0.980349366449696
33.20331934889012,0,0.980349366449696
21.419882608654888,0,0.980349366449696
8.456534326160329,0,0.980349366449696
-6.851813816298605,0,0.980349366449696
-25.354630667656178,0,0.980349366449696
-46.81780674786792,0,0.980349366449696
-71.01383134738447,0,0.980349366449696
-99.00658910319439,0,0.980349366449696
-131.86716531648278,0,0.980349366449696
-169.44317675441846,0,0.980349366449696
-210.95145709713324,0,0.980349366449696
-255.78573310720031,0,0.980349366449696
-303.17082472362785,0,0.980349366449696
-351.8410453522414,0,0.980349366449696
-401.3818915404212,0,0.980349366449696
-452.11759587211645,0,0.980349366449696
-502.7180849840483,0,0.980349366449696
-550.4022301537025,0,0.980349366449696
-592.6201605889996,0,0.980349366449696
-627.4864899455879,0,0.980349366449696
-653.6243269386024,0,0.980349366449696
-669.3885207483728,0,0.980349366449696
-673.6438383000478,0,0.980349366449696
-666.5863803340061,0,0.980349366449696
-648.3471409622549,0,0.980349366449696
-619.0515794014228,0,0.980349366449696
-579.7530633866484,0,0.980349366449696
-531.909289098402,0,0.980349366449696
-477.29519067187454,0,0.980349366449696
-417.98848555254244,0,0.980349366449696
-355.5494492268958,0,0.980349366449696
-290.72622459205326,0,0.980349366449696
-224.82697902893145,0,0.980349366449696
-160.7655789185748,0,0.980349366449696
-100.7784655754404,0,0.980349366449696
-45.24596847540142,0,0.980349366449696
4.938056149322154,0,0.980349366449696
48.32504193474343,0,0.980349366449696
84.48725643254524,0,0.980349366449696
113.77869797821658,0,0.980349366449696
136.68720682924717,0,0.980349366449696
153.15230107197345,0,0.980349366449696
163.04654202224836,0,0.980349366449696
167.53644502777843,0,0.980349366449696
168.58258976590525,0,0.980349366449696
167.96656782799352,0,0.980349366449696
166.4404824771941,0,0.980349366449696
162.84229766325075,0,0.980349366449696
156.30379520305152,0,0.980349366449696
148.23255179968808,0,0.980349366449696
140.23894489634634,0,0.980349366449696
132.72802851320222,0,0.980349366449696
126.08725500886324,0,0.980349366449696
121.05677902170058,0,0.980349366449696
118.00509001152201,0,0.980349366449696
117.08548591824274,0,0.980349366449696
118.59352348722729,0,0.980349366449696
122.61233769404343,0,0.980349366449696
128.8163148341975,0,0.980349366449696
137.00918299025867,0,0.980349366449696
147.01009925554996,0,0.980349366449696
158.35583234966367,0,0.980349366449696
170.46403500781756,0,0.980349366449696
182.08775749850489,0,0.980349366449696
192.33815437168846,0,0.980349366449696
201.90649532722153,0,0.980349366449696
211.80654575626878,0,0.980349366449696
222.41775825923875,0,0.980349366449696
233.4948090336627,0,0.980349366449696
244.4630823880331,0,0.980349366449696
254.91330796027802,0,0.980349366449696
264.3098688900813,0,0.980349366449696
271.6746149020723,0,0.980349366449696
276.0241382999387,0,0.980349366449696
276.8677422436774,0,0.980349366449696
274.3456111533637,1,0.9802142742173907
269.2396484759686,0,0.9802142742173907
262.78105620012184,0,0.9802142742173907
255.91630075345458,0,0.9802142742173907
249.43447914582308,0,0.9802142742173907
243.91883787042676,0,0.9802142742173907
238.92053732322148,0,0.9802142742173907
233.7970808835715,0,0.9802142742173907
228.62943993745543,0,0.9802142742173907
223.28561592044642,0,0.9802142742173907
216.5762814796134,0,0.9802142742173907
207.51632388155943,0,0.9802142742173907
196.8439772702527,0,0.9802142742173907
186.2796519991328,0,0.9802142742173907
176.71537596534537,0,0.9802142742173907
167.8018357202581,0,0.9802142742173907
159.27332989454217,0,0.9802142742173907
151.28925750886197,0,0.9802142742173907
143.45350740250788,0,0.9802142742173907
135.13315217145043,0,0.9802142742173907
126.29935211229477,0,0.9802142742173907
117.26708743800774,0,0.9802142742173907
108.30489882178144,0,0.9802142742173907
99.66675687046632,0,0.9802142742173907
91.62526532309252,0,0.9802142742173907
84.57139711191415,0,0.9802142742173907
78.94290237340854,0,0.9802142742173907
74.90818741354398,0,0.9802142742173907
72.53390529479735,0,0.9802142742173907
71.45355663411087,0,0.9802142742173907
69.86270411252313,0,0.9802142742173907
66.13224372675064,0,0.9802142742173907
60.669611530207696,0,0.9802142742173907
53.95966133862518,0,0.9802142742173907
45.474325012057385,0,0.9802142742173907
35.02786821979111,0,0.9802142742173907
22.608248755441974,0,0.9802142742173907
7.632555891615408,0,0.9802142742173907
-10.721437932142155,0,0.9802142742173907
-32.9338909747049,0,0.9802142742173907
-59.15402430488865,0,0.9802142742173907
-89.90208477173407,0,0.9802142742173907
-125.69564712890825,0,0.9802142742173907
-165.9848837788784,0,0.9802142742173907
-209.899914734992,0,0.9802142742173907
-256.8098830655317,0,0.9802142742173907
-305.32042670882566,0,0.9802142742173907
-354.57158868474716,0,0.9802142742173907
-404.8877966853335,0,0.9802142742173907
-455.28929596560914,0,0.9802142742173907
-503.5503369360982,0,0.9802142742173907
-547.6032249341719,0,0.9802142742173907
-586.1466863934257,0,0.9802142742173907
-618.8968691192883,0,0.9802142742173907
-644.9042339797163,0,0.9802142742173907
-661.858259819471,0,0.9802142742173907
-667.8916126988311,0,0.9802142742173907
-662.7192835302208,0,0.9802142742173907
-646.723767603782,0,0.9802142742173907
-619.9158136064888,0,0.9802142742173907
-582.5849300056607,0,0.9802142742173907
-536.313682563499,0,0.9802142742173907
-483.6849741342292,0,0.9802142742173907
-427.173140577477,0,0.9802142742173907
-367.9197868078645,0,0.9802142742173907
-305.9017331645116,0,0.9802142742173907
-242.05398572473956,0,0.9802142742173907
-178.6501084064499,0,0.9802142742173907
-118.03107723055855,0,0.9802142742173907
-62.326506997182804,0,0.9802142742173907
-12.854135861357445,0,0.9802142742173907
30.34321334905885,0,0.9802142742173907
67.75664143901328,0,0.9802142742173907
99.63849402047111,0,0.9802142742173907
125.72484092254642,0,0.9802142742173907
145.41865989881939,0,0.9802142742173907
158.4234592553231,0,0.9802142742173907
165.4403314971584,0,0.9802142742173907
167.88313560078177,0,0.9802142742173907
166.74763336760358,0,0.9802142742173907
162.3129985379122,0,0.9802142742173907
154.8792271318425,0,0.9802142742173907
145.4632829994909,0,0.9802142742173907
135.30282189655546,0,0.9802142742173907
125.2405826675657,0,0.9802142742173907
116.12710705211646,0,0.9802142742173907
108.63510958528562,0,0.9802142742173907
103.002402578799,0,0.9802142742173907
99.22962953906422,0,0.9802142742173907
97.45671730153205,0,0.9802142742173907
98.03373192295899,0,0.9802142742173907
100.92630084066782,0,0.9802142742173907
106.28465182623907,0,0.9802142742173907
114.44743942128792,0,0.9802142742173907
124.80626101184706,0,0.9802142742173907
136.38577546676157,0,0.9802142742173907
148.81893009669568,0,0.9802142742173907
161.76882083264377,0,0.9802142742173907
174.48089355138808,0,0.9802142742173907
186.46831766370607,0,0.9802142742173907
197.92950756870476,0,0.9802142742173907
209.36936990227562,0,0.9802142742173907
220.93677599603063,0,0.9802142742173907
232.30054635608607,0,0.9802142742173907
242.98637834932637,0,0.9802142742173907
252.442119127498,0,0.9802142742173907
260.3317472796548,0,0.9802142742173907
267.0361676290731,0,0.9802142742173907
272.93576820993314,0,0.9802142742173907
277.72729424017945,0,0.9802142742173907
280.9359948967466,0,0.9802142742173907
282.1395649691469,0,0.9802142742173907
281.3567942728216,1,0.9804312219127657
278.74200823751727,0,0.9804312219127657
273.9986063215895,0,0.9804312219127657
267.55222122965716,0,0.9804312219127657
260.7473983274958,0,0.9804312219127657
254.1113381155809,0,0.9804312219127657
246.82745475655378,0,0.9804312219127657
238.15942171950846,0,0.9804312219127657
228.43061737392634,0,0.9804312219127657
218.24311967023203,0,0.9804312219127657
207.57296076866297,0,0.9804312219127657
196.4565568203082,0,0.9804312219127657
185.3976602902287,0,0.9804312219127657
174.28367735942632,0,0.9804312219127657
162.84502531145733,0,0.9804312219127657
151.76990616019444,0,0.9804312219127657
141.54734440558698,0,0.9804312219127657
132.10161092707833,0,0.9804312219127657
123.5571131260655,0,0.9804312219127657
116.06195524556622,0,0.9804312219127657
110.01429233770484,0,0.9804312219127657
105.69698496163612,0,0.9804312219127657
102.7502675630081,0,0.9804312219127657
100.26243893295786,0,0.9804312219127657
96.76084402878652,0,0.9804312219127657
91.67191004963578,0,0.9804312219127657
85.7732373919329,0,0.9804312219127657
79.42392159083056,0,0.9804312219127657
71.57053581475476,0,0.9804312219127657
60.81630421494556,0,0.9804312219127657
47.27718669359598,0,0.9804312219127657
31.498001885801287,0,0.9804312219127657
12.820127479309503,0,0.9804312219127657
-9.646254673641396,0,0.9804312219127657
-36.16899057359579,0,0.9804312219127657
-66.77511775944522,0,0.9804312219127657
-102.124841384578,0,0.9804312219127657
-143.07700238518382,0,0.9804312219127657
-189.02756667536374,0,0.9804312219127657
-237.71907319470563,0,0.9804312219127657
-287.16599261445157,0,0.9804312219127657
-337.3329747223745,0,0.9804312219127657
-388.8592303808286,0,0.9804312219127657
-441.1788890905252,0,0.9804312219127657
-492.62899826101517,0,0.9804312219127657
-540.7912325969621,0,0.9804312219127657
-583.4232891155127,0,0.9804312219127657
-619.1223492627599,0,0.9804312219127657
-646.8662109776258,0,0.9804312219127657
-665.5519663753536,0,0.9804312219127657
-672.7876648948377,0,0.9804312219127657
-666.2975736282833,0,0.9804312219127657
-647.1447720774688,0,0.9804312219127657
-618.0687734783293,0,0.9804312219127657
-580.6906617687594,0,0.9804312219127657
-536.2314241751288,0,0.9804312219127657
-485.9631517275829,0,0.9804312219127657
-430.84524415231294,0,0.9804312219127657
-371.8069211788193,0,0.9804312219127657
-310.16723681905984,0,0.9804312219127657
-247.50753852072847,0,0.9804312219127657
-185.18864914708305,0,0.9804312219127657
-124.64555319804694,0,0.9804312219127657
-67.36159302421356,0,0.9804312219127657
-14.874550044011633,0,0.9804312219127657
31.30183150949859,0,0.9804312219127657
70.89866795939527,0,0.9804312219127657
104.52150266829744,0,0.9804312219127657
132.10034328801882,0,0.9804312219127657
153.17933860767366,0,0.9804312219127657
167.85835157442042,0,0.9804312219127657
177.21560139501975,0,0.9804312219127657
182.9924208571837,0,0.9804312219127657
185.8944611078789,0,0.9804312219127657
185.2342204151451,0,0.9804312219127657
180.39947549015005,0,0.9804312219127657
171.97545981604972,0,0.9804312219127657
161.87660014553157,0,0.9804312219127657
151.8683041849801,0,0.9804312219127657
142.25391168289747,0,0.9804312219127657
132.73910547809015,0,0.9804312219127657
123.4863383047771,0,0.9804312219127657
115.28612418880796,0,0.9804312219127657
109.5661363389433,0,0.9804312219127657
107.15272535595165,0,0.9804312219127657
107.82076146687794,0,0.9804312219127657
111.39615717738633,0,0.9804312219127657
117.59265424851748,0,0.9804312219127657
125.90036202405757,0,0.9804312219127657
135.87991408857232,0,0.9804312219127657
146.63615003868523,0,0.9804312219127657
157.67212004832763,0,0.9804312219127657
169.44405991698554,0,0.9804312219127657
182.0441811148807,0,0.9804312219127657
195.31610543351545,0,0.9804312219127657
209.10159494095612,0,0.9804312219127657
222.5691153781541,0,0.9804312219127657
234.41124638906066,0,0.9804312219127657
243.54486881889838,0,0.9804312219127657
250.1744336569805,0,0.9804312219127657
255.76098866427785,0,0.9804312219127657
260.9357459417877,0,0.9804312219127657
264.7299872867909,0,0.9804312219127657
266.3737191254283,0,0.9804312219127657
266.3249648828395,1,0.9801601634801069
265.37148989858235,0,0.9801601634801069
263.80000346850454,0,0.9801601634801069
261.687767690321,0,0.9801601634801069
259.1430101516471,0,0.9801601634801069
256.0545045136566,0,0.9801601634801069
252.16218726110978,0,0.9801601634801069
247.6120788435483,0,0.9801601634801069
243.04902454979984,0,0.9801601634801069
238.61021111577853,0,0.9801601634801069
233.55303822797416,0,0.9801601634801069
227.14404247828145,0,0.9801601634801069
219.4146400783034,0,0.9801601634801069
211.04268875944985,0,0.9801601634801069
202.3813017176214,0,0.9801601634801069
193.0124044917968,0,0.9801601634801069
182.6598673388566,0,0.9801601634801069
171.65868614025388,0,0.9801601634801069
160.37410405636442,0,0.9801601634801069
149.05177042277967,0,0.9801601634801069
138.09436899679545,0,0.9801601634801069
127.6406444993876,0,0.9801601634801069
117.24607214902427,0,0.9801601634801069
106.93060687368536,0,0.9801601634801069
97.36941504108069,0,0.9801601634801069
88.60448667058755,0,0.9801601634801069
80.17697282901244,0,0.9801601634801069
71.90795153455001,0,0.9801601634801069
63.57443937156622,0,0.9801601634801069
55.057009899882004,0,0.9801601634801069
46.43383730004085,0,0.9801601634801069
37.39140344872583,0,0.9801601634801069
27.759425724903256,0,0.9801601634801069
17.675004227960063,0,0.9801601634801069
7.163080874916002,0,0.9801601634801069
-3.7309666693254666,0,0.9801601634801069
-15.655106618248835,0,0.9801601634801069
-29.920641265871637,0,0.9801601634801069
-47.50394467040533,0,0.9801601634801069
-69.10425728155221,0,0.9801601634801069
-95.2742838808155,0,0.9801601634801069
-126.40637326865051,0,0.9801601634801069
-162.83987594804339,0,0.9801601634801069
-204.29553946538883,0,0.9801601634801069
-249.9028108942055,0,0.9801601634801069
-299.2222960078911,0,0.9801601634801069
-351.63387999838415,0,0.9801601634801069
-405.1187457777825,0,0.9801601634801069
-457.5030010336068,0,0.9801601634801069
-507.72193855329175,0,0.9801601634801069
-554.4968078029609,0,0.9801601634801069
-595.3778127309547,0,0.9801601634801069
-628.2759763665739,0,0.9801601634801069
-652.0111612989434,0,0.9801601634801069
-665.4560522384189,0,0.9801601634801069
-668.0486234406183,0,0.9801601634801069
-659.5572201537891,0,0.9801601634801069
-639.962754552277,0,0.9801601634801069
-610.7312030393704,0,0.9801601634801069
-573.8140312844051,0,0.9801601634801069
-530.0048918125717,0,0.9801601634801069
-479.6921324033052,0,0.9801601634801069
-424.13581439750607,0,0.9801601634801069
-364.8714442307193,0,0.9801601634801069
-302.8435289965455,0,0.9801601634801069
-239.84544807828544,0,0.9801601634801069
-178.5774176661315,0,0.9801601634801069
-120.64819025381011,0,0.9801601634801069
-66.75851316539212,0,0.9801601634801069
-17.381523897438782,0,0.9801601634801069
27.440543613871437,0,0.9801601634801069
67.21952646170357,0,0.9801601634801069
100.63557353834634,0,0.9801601634801069
127.0669319443569,0,0.9801601634801069
147.0332424557357,0,0.9801601634801069
161.35733584870158,0,0.9801601634801069
170.66149044814543,0,0.9801601634801069
174.7995597833245,0,0.9801601634801069
174.30244357796747,0,0.9801601634801069
171.07363954721808,0,0.9801601634801069
165.75084892988446,0,0.9801601634801069
158.139080727519,0,0.9801601634801069
149.22919654309632,0,0.9801601634801069
140.03641995059198,0,0.9801601634801069
131.23019229952172,0,0.9801601634801069
123.91345596442692,0,0.9801601634801069
119.37294695677434,0,0.9801601634801069
118.28638012977457,0,0.9801601634801069
120.01311100497303,0,0.9801601634801069
123.52088096183304,0,0.9801601634801069
128.87457335627232,0,0.9801601634801069
136.57052208006894,0,0.9801601634801069
146.1233343571983,0,0.9801601634801069
156.80535170283017,0,0.9801601634801069
168.47396519287796,0,0.9801601634801069
180.96757036000196,0,0.9801601634801069
194.3011716127563,0,0.9801601634801069
208.2939536858371,0,0.9801601634801069
221.66545012789638,0,0.9801601634801069
233.3602713998644,0,0.9801601634801069
243.43327908953054,0,0.9801601634801069
251.7490076846474,0,0.9801601634801069
257.67241426073076,0,0.9801601634801069
261.25574906477374,0,0.9801601634801069
263.2499959217862,0,0.9801601634801069
263.88596119587106,0,0.9801601634801069
263.12790821260614,1,0.979991451952137
261.40864546004775,0,0.979991451952137
259.2463228542348,0,0.979991451952137
257.331110455551,0,0.979991451952137
255.80573579147958,0,0.979991451952137
253.46780859161038,0,0.979991451952137
249.5141637132072,0,0.979991451952137
244.67446212757324,0,0.979991451952137
239.8594222705661,0,0.979991451952137
234.82892223666047,0,0.979991451952137
228.82630301584842,0,0.979991451952137
221.5090100750095,0,0.979991451952137
212.43032662675554,0,0.979991451952137
201.6180841920898,0,0.979991451952137
190.57803408951264,0,0.979991451952137
180.93696779714668,0,0.979991451952137
172.77641301570605,0,0.979991451952137
165.0454706424342,0,0.979991451952137
157.5193455007428,0,0.979991451952137
150.96841143706715,0,0.979991451952137
145.1772763029027,0,0.979991451952137
139.18042823236618,0,0.979991451952137
132.60929174479102,0,0.979991451952137
125.4491173972163,0,0.979991451952137
118.23713720763872,0,0.979991451952137
111.8230479876395,0,0.979991451952137
105.84756912458154,0,0.979991451952137
99.46502438748696,0,0.979991451952137
92.89642408175138,0,0.979991451952137
86.418272229391,0,0.979991451952137
79.92579223262189,0,0.979991451952137
73.78468164931331,0,0.979991451952137
68.27078774168344,0,0.979991451952137
62.62351945325587,0,0.979991451952137
56.137667433927554,0,0.979991451952137
49.18814850238561,0,0.979991451952137
41.79007604812149,0,0.979991451952137
33.29346536155483,0,0.979991451952137
23.40664960374583,0,0.979991451952137
12.277687810941714,0,0.979991451952137
-0.19345099686370326,0,0.979991451952137
-14.819220807142031,0,0.979991451952137
-32.17834642269475,0,0.979991451952137
-52.17994624886334,0,0.979991451952137
-74.8147875843451,0,0.979991451952137
-100.4080531428523,0,0.979991451952137
-129.3025407702124,0,0.979991451952137
-161.99149606997716,0,0.979991451952137
-199.05435753893994,0,0.979991451952137
-240.5023209932699,0,0.979991451952137
-285.77919612043166,0,0.979991451952137
-334.18537065619864,0,0.979991451952137
-384.9683026265122,0,0.979991451952137
-436.933606401576,0,0.979991451952137
-488.4487838047162,0,0.979991451952137
-537.6079683542531,0,0.979991451952137
-581.8141225820241,0,0.979991451952137
-617.8079169988918,0,0.979991451952137
-643.428484530621,0,0.979991451952137
-658.9526463786046,0,0.979991451952137
-664.959697989847,0,0.979991451952137
-661.0444289289526,0,0.979991451952137
-647.1125851956589,0,0.979991451952137
-623.36916550386,0,0.979991451952137
-590.2182916747126,0,0.979991451952137
-548.746030424929,0,0.979991451952137
-500.41666247850816,0,0.979991451952137
-446.6401815707821,0,0.979991451952137
-388.87885902682984,0,0.979991451952137
-328.984160184812,0,0.979991451952137
-268.92492425873496,0,0.979991451952137
-210.20483568121426,0,0.979991451952137
-153.35150288589796,0,0.979991451952137
-98.2217157174797,0,0.979991451952137
-45.35153084028448,0,0.979991451952137
3.1803753715203174,0,0.979991451952137
44.782383652029004,0,0.979991451952137
78.56423153204481,0,0.979991451952137
105.6620108393566,0,0.979991451952137
127.41147135235137,0,0.979991451952137
143.9475785884739,0,0.979991451952137
154.59494902902637,0,0.979991451952137
159.64417638646344,0,0.979991451952137
160.63246297969056,0,0.979991451952137
158.61139759304513,0,0.979991451952137
153.94719309699053,0,0.979991451952137
147.52155348260467,0,0.979991451952137
140.57135807105377,0,0.979991451952137
133.7136376998055,0,0.979991451952137
126.7679605861233,0,0.979991451952137
119.24755438878469,0,0.979991451952137
111.50398593819003,0,0.979991451952137
105.46807113849184,0,0.979991451952137
102.90625025528114,0,0.979991451952137
103.41657113065752,0,0.979991451952137
106.10605531138442,0,0.979991451952137
111.34986607848744,0,0.979991451952137
119.10334744989832,0,0.979991451952137
128.56236547311588,0,0.979991451952137
139.20702087111394,0,0.979991451952137
150.71767924397957,0,0.979991451952137
163.0365685435493,0,0.979991451952137
175.92343248787287,0,0.979991451952137
188.86834426415007,0,0.979991451952137
201.46437630468697,0,0.979991451952137
213.08233666644833,0,0.979991451952137
223.0982301920499,0,0.979991451952137
231.90097053658312,0,0.979991451952137
240.6114394913447,0,0.979991451952137
249.24089814088268,0,0.979991451952137
256.8058234234433,0,0.979991451952137
262.6806278917778,0,0.979991451952137
266.6325208092391,0,0.979991451952137
268.76529539266323,0,0.979991451952137
269.5137927409012,0,0.979991451952137
269.2245464710049,1,0.9799922348978617
267.44601538294995,0,0.9799922348978617
263.3147995488788,0,0.9799922348978617
257.3154530397004,0,0.9799922348978617
250.9869481867683,0,0.9799922348978617
244.6352362525263,0,0.9799922348978617
237.71135702453032,0,0.9799922348978617
230.32201153614773,0,0.9799922348978617
222.5539260993541,0,0.9799922348978617
214.6546285020493,0,0.9799922348978617
207.27321050252195,0,0.9799922348978617
200.12264505195577,0,0.9799922348978617
192.49080387134288,0,0.9799922348978617
184.3451831648542,0,0.9799922348978617
175.8613721567356,0,0.9799922348978617
167.30603712353215,0,0.9799922348978617
158.99660512894187,0,0.9799922348978617
150.99761856370216,0,0.9799922348978617
143.33028651847152,0,0.9799922348978617
135.54625898954944,0,0.9799922348978617
126.9217953712376,0,0.9799922348978617
117.75245323158552,0,0.9799922348978617
108.51996802840333,0,0.9799922348978617
98.80687912132863,0,0.9799922348978617
88.80464278296091,0,0.9799922348978617
80.15735030629946,0,0.9799922348978617
73.95148477300954,0,0.9799922348978617
69.25031330427994,0,0.9799922348978617
64.77440646946732,0,0.9799922348978617
60.008258576212995,0,0.9799922348978617
54.70897491331474,0,0.9799922348978617
49.51075113142741,0,0.9799922348978617
45.46493249159073,0,0.9799922348978617
42.50360750467398,0,0.9799922348978617
39.53186746111274,0,0.9799922348978617
35.55803018088427,0,0.9799922348978617
30.55971727287703,0,0.9799922348978617
25.437989013970714,0,0.9799922348978617
21.3087538842824,0,0.9799922348978617
18.012529030351477,0,0.9799922348978617
13.70976765542929,0,0.9799922348978617
6.94711155627885,0,0.9799922348978617
-2.5966535249231972,0,0.9799922348978617
-15.190489875444744,0,0.9799922348978617
-30.92916758733437,0,0.9799922348978617
-48.827310225626555,0,0.9799922348978617
-67.86813302970403,0,0.9799922348978617
-89.27852244025776,0,0.9799922348978617
-115.37295041323057,0,0.9799922348978617
-146.88512080185086,0,0.9799922348978617
-183.1400010730546,0,0.9799922348978617
-223.42028172876275,0,0.9799922348978617
-267.64464593827654,0,0.9799922348978617
-315.14043247888753,0,0.9799922348978617
-363.94794704023064,0,0.9799922348978617
-412.5021586612886,0,0.9799922348978617
-460.1444852808301,0,0.9799922348978617
-506.33812626106374,0,0.9799922348978617
-550.0247342120912,0,0.9799922348978617
-589.2853495680225,0,0.9799922348978617
-621.8486125111584,0,0.9799922348978617
-646.0689555621511,0,0.9799922348978617
-661.345082827065,0,0.9799922348978617
-667.4880366733271,0,0.9799922348978617
-664.1386429677531,0,0.9799922348978617
-650.8428244030589,0,0.9799922348978617
-627.779091990851,0,0.9799922348978617
-595.8668048892642,0,0.9799922348978617
-555.4294792901028,0,0.9799922348978617
-506.558252693531,0,0.9799922348978617
-450.9437040792677,0,0.9799922348978617
-391.35809378274394,0,0.9799922348978617
-329.7371104200704,0,0.9799922348978617
-266.9872654225722,0,0.9799922348978617
-203.9524282800891,0,0.9799922348978617
-142.04967781186772,0,0.9799922348978617
-83.63365664001734,0,0.9799922348978617
-30.921664035668556,0,0.9799922348978617
15.703514330042514,0,0.9799922348978617
56.7996023628822,0,0.9799922348978617
91.84583673656907,0,0.9799922348978617
119.69958522758506,0,0.9799922348978617
140.33476923332648,0,0.9799922348978617
154.8145794689701,0,0.9799922348978617
163.97074361711358,0,0.9799922348978617
168.21961626453412,0,0.9799922348978617
168.36381274629025,0,0.9799922348978617
165.74157921621006,0,0.9799922348978617
161.72024841622513,0,0.9799922348978617
157.23742594328695,0,0.9799922348978617
152.72004268963624,0,0.9799922348978617
148.2949777221784,0,0.9799922348978617
143.9762332572695,0,0.9799922348978617
139.872025014566,0,0.9799922348978617
136.6949003190947,0,0.9799922348978617
135.00942769377886,0,0.9799922348978617
134.22402112464147,0,0.9799922348978617
134.11876241931674,0,0.9799922348978617
135.4141613621993,0,0.9799922348978617
138.89922888412318,0,0.9799922348978617
145.55191714505375,0,0.9799922348978617
155.49278699889817,0,0.9799922348978617
167.23021825483102,0,0.9799922348978617
179.03105841936642,0,0.9799922348978617
189.9801816019728,0,0.9799922348978617
199.90539508427852,0,0.9799922348978617
208.97315166231502,0,0.9799922348978617
217.4335920607022,0,0.9799922348978617
225.49110203454015,0,0.9799922348978617
233.196627988037,0,0.9799922348978617
240.68794013145575,0,0.9799922348978617
248.19145698381882,0,0.9799922348978617
255.76237592488297,0,0.9799922348978617
263.50461700509,0,0.9799922348978617
271.09268876946345,0,0.9799922348978617
277.5988663915463,0,0.9799922348978617
282.61000903406534,0,0.9799922348978617
285.760111602019,0,0.9799922348978617
286.235501973036,0,0.9799922348978617
284.0577067850514,1,0.9800026316366701
279.8379221750232,0,0.9800026316366701
273.8460898865386,0,0.9800026316366701
266.3505799694717,0,0.9800026316366701
257.67878788712466,0,0.9800026316366701
248.69932644084167,0,0.9800026316366701
240.71748502944487,0,0.9800026316366701
233.51998524433125,0,0.9800026316366701
225.6693251256529,0,0.9800026316366701
216.82128005688995,0,0.9800026316366701
207.58414422461584,0,0.9800026316366701
197.93569889528078,0,0.9800026316366701
187.9505143495801,0,0.9800026316366701
178.84564848508344,0,0.9800026316366701
171.39296222344376,0,0.9800026316366701
165.12840068777706,0,0.9800026316366701
159.28418184059043,0,0.9800026316366701
153.35833785008828,0,0.9800026316366701
147.42031894687108,0,0.9800026316366701
141.6835066738773,0,0.9800026316366701
136.00588007683015,0,0.9800026316366701
130.13451262510648,0,0.9800026316366701
123.80462056221442,0,0.9800026316366701
116.42074489579073,0,0.9800026316366701
107.72370411566783,0,0.9800026316366701
98.9220082925671,0,0.9800026316366701
91.2996537261409,0,0.9800026316366701
84.31388894159522,0,0.9800026316366701
76.65236007879282,0,0.9800026316366701
67.77391957072979,0,0.9800026316366701
58.32880214194059,0,0.9800026316366701
49.77362351057097,0,0.9800026316366701
42.607537893200394,0,0.9800026316366701
36.05874279848103,0,0.9800026316366701
29.917175281876194,0,0.9800026316366701
24.628554820464004,0,0.9800026316366701
19.798538708598333,0,0.9800026316366701
14.238197271791254,0,0.9800026316366701
7.309476195502621,0,0.9800026316366701
-0.9056991522714899,0,0.9800026316366701
-10.33082494949924,0,0.9800026316366701
-20.869358342265283,0,0.9800026316366701
-32.493902415179676,0,0.9800026316366701
-45.358202875673705,0,0.9800026316366701
-59.143232880672,0,0.9800026316366701
-73.53726001233215,0,0.9800026316366701
-89.2308981132166,0,0.9800026316366701
-106.99180660747206,0,0.9800026316366701
-127.1410510732193,0,0.9800026316366701
-150.36390723632593,0,0.9800026316366701
-177.61394875611694,0,0.9800026316366701
-209.76489016168557,0,0.9800026316366701
-246.6563010120464,0,0.9800026316366701
-286.8402677780734,0,0.9800026316366701
-329.9433321901436,0,0.9800026316366701
-376.3960914021226,0,0.9800026316366701
-425.0206302577842,0,0.9800026316366701
-473.61769829196703,0,0.9800026316366701
-520.1663730347998,0,0.9800026316366701
-563.0132626114851,0,0.9800026316366701
-600.8689768074153,0,0.9800026316366701
-632.7699426684067,0,0.9800026316366701
-657.6548319104855,0,0.9800026316366701
-673.7880644257476,0,0.9800026316366701
-679.562191160947,0,0.9800026316366701
-674.495249356951,0,0.9800026316366701
-659.1711652386916,0,0.9800026316366701
-634.1251968218648,0,0.9800026316366701
-599.1926492567915,0,0.9800026316366701
-554.9673532372414,0,0.9800026316366701
-503.18623280271856,0,0.9800026316366701
-445.8168684036965,0,0.9800026316366701
-384.7209843521508,0,0.9800026316366701
-321.10105026315824,0,0.9800026316366701
-256.3292484609998,0,0.9800026316366701
-192.3940884559634,0,0.9800026316366701
-130.55612553570654,0,0.9800026316366701
-71.61177804419793,0,0.9800026316366701
-16.785043994558542,0,0.9800026316366701
32.24298972825652,0,0.9800026316366701
73.54729240450054,0,0.9800026316366701
106.22233290662932,0,0.9800026316366701
131.51177706268965,0,0.9800026316366701
151.41920408684945,0,0.9800026316366701
166.68166044046816,0,0.9800026316366701
177.09360746405807,0,0.9800026316366701
182.54026034049255,0,0.9800026316366701
183.26322250455314,0,0.9800026316366701
179.75772538836966,0,0.9800026316366701
172.878445324845,0,0.9800026316366701
164.022668977385,0,0.9800026316366701
154.29202990494895,0,0.9800026316366701
144.1120501895978,0,0.9800026316366701
133.92491843833872,0,0.9800026316366701
124.50111412401131,0,0.9800026316366701
116.57130384467516,0,0.9800026316366701
110.48112950661779,0,0.9800026316366701
106.70578338229687,0,0.9800026316366701
106.16102520313494,0,0.9800026316366701
109.20562166639834,0,0.9800026316366701
115.12305016700296,0,0.9800026316366701
122.9813992918116,0,0.9800026316366701
132.19800921224387,0,0.9800026316366701
142.67931248859165,0,0.9800026316366701
154.51289435300995,0,0.9800026316366701
167.16030200056846,0,0.9800026316366701
179.91984371414486,0,0.9800026316366701
192.48006953092224,0,0.9800026316366701
204.63563671037198,0,0.9800026316366701
216.26595885091592,0,0.9800026316366701
227.02545708924657,0,0.9800026316366701
236.80706691292704,0,0.9800026316366701
246.0214721956268,0,0.9800026316366701
254.49040018758575,0,0.9800026316366701
261.5363745153127,0,0.9800026316366701
266.7757659847994,0,0.9800026316366701
270.4844206416817,0,0.9800026316366701
273.01093990722046,0,0.9800026316366701
273.639145358986,0,0.9800026316366701
271.7094902712067,1,0.9799532430313703
267.77156045347493,0,0.9799532430313703
263.10028345032947,0,0.9799532430313703
259.07038752309916,0,0.9799532430313703
255.85160400339214,0,0.9799532430313703
252.4403917087187,0,0.9799532430313703
247.9866965329332,0,0.9799532430313703
242.26460634569756,0,0.9799532430313703
235.71376722063476,0,0.9799532430313703
228.9180783318868,0,0.9799532430313703
222.24668501899976,0,0.9799532430313703
215.7484399254395,0,0.9799532430313703
209.00924150886755,0,0.9799532430313703
201.65798200710825,0,0.9799532430313703
193.7955905731723,0,0.9799532430313703
185.6179805265005,0,0.9799532430313703
176.89329534473583,0,0.9799532430313703
167.66969668722672,0,0.9799532430313703
158.5131839654593,0,0.9799532430313703
149.16521749130916,0,0.9799532430313703
139.05215879348404,0,0.9799532430313703
128.6436089975927,0,0.9799532430313703
119.05221994042823,0,0.9799532430313703
110.98079133611208,0,0.9799532430313703
104.09130571854266,0,0.9799532430313703
97.8203236006397,0,0.9799532430313703
92.09410574058477,0,0.9799532430313703
86.73916162954852,0,0.9799532430313703
81.13369340908152,0,0.9799532430313703
74.89678608598871,0,0.9799532430313703
68.3539867119694,0,0.9799532430313703
61.24383757130561,0,0.9799532430313703
52.1085863271347,0,0.9799532430313703
40.15478895127017,0,0.9799532430313703
26.000721906869877,0,0.9799532430313703
9.822078238255429,0,0.9799532430313703
-9.289388076532907,0,0.9799532430313703
-31.803963242234154,0,0.9799532430313703
-57.71210407383268,0,0.9799532430313703
-87.40114285023598,0,0.9799532430313703
-121.1581448055756,0,0.9799532430313703
-159.51759519905625,0,0.9799532430313703
-203.39149358580676,0,0.9799532430313703
-252.24658762968804,0,0.9799532430313703
-304.3342575976321,0,0.9799532430313703
-358.3583456788706,0,0.9799532430313703
-413.1505696682131,0,0.9799532430313703
-467.04031172344895,0,0.9799532430313703
-518.001041875117,0,0.9799532430313703
-564.2586477816119,0,0.9799532430313703
-604.5721623857709,0,0.9799532430313703
-637.6366388109926,0,0.9799532430313703
-661.7013359169204,0,0.9799532430313703
-675.2721763829062,0,0.9799532430313703
-677.9919083428638,0,0.9799532430313703
-670.1986796104069,0,0.9799532430313703
-652.2819151094623,0,0.9799532430313703
-624.494554693074,0,0.9799532430313703
-587.2233059636039,0,0.9799532430313703
-541.4310566828083,0,0.9799532430313703
-488.1643441887678,0,0.9799532430313703
-428.5176477280238,0,0.9799532430313703
-364.6131442090277,0,0.9799532430313703
-298.9536119148494,0,0.9799532430313703
-233.5919555549774,0,0.9799532430313703
-170.80255171792552,0,0.9799532430313703
-111.86320224379088,0,0.9799532430313703
-56.52165252366381,0,0.9799532430313703
-5.288217314305153,0,0.9799532430313703
40.25925396728151,0,0.9799532430313703
79.25312494685556,0,0.9799532430313703
112.06533087588933,0,0.9799532430313703
139.4290262925788,0,0.9799532430313703
161.31808171363488,0,0.9799532430313703
177.02892932012668,0,0.9799532430313703
186.56418983120875,0,0.9799532430313703
190.51521968704262,0,0.9799532430313703
189.57967584843985,0,0.9799532430313703
185.25550152144947,0,0.9799532430313703
179.1805946706029,0,0.9799532430313703
172.25383270912212,0,0.9799532430313703
164.88223354616952,0,0.9799532430313703
157.7918092336613,0,0.9799532430313703
152.37214678462786,0,0.9799532430313703
149.30743490300873,0,0.9799532430313703
147.81800624923898,0,0.9799532430313703
146.541109138052,0,0.9799532430313703
144.98737551003154,0,0.9799532430313703
144.12420507048103,0,0.9799532430313703
144.87428763150004,0,0.9799532430313703
147.28192687497364,0,0.9799532430313703
151.16404203192099,0,0.9799532430313703
156.41509051537042,0,0.9799532430313703
162.7971245230488,0,0.9799532430313703
169.81682012345158,0,0.9799532430313703
177.17463556543046,0,0.9799532430313703
184.67999493994301,0,0.9799532430313703
192.11623366390853,0,0.9799532430313703
199.85757302680764,0,0.9799532430313703
208.8058352487772,0,0.9799532430313703
219.23558853629876,0,0.9799532430313703
230.0568206449513,0,0.9799532430313703
239.85997814377055,0,0.9799532430313703
247.97987969939558,0,0.9799532430313703
254.26060836512215,0,0.9799532430313703
259.1169274277092,0,0.9799532430313703
263.3157915684403,0,0.9799532430313703
266.95196292513873,0,0.9799532430313703
269.6224639801533,0,0.9799532430313703
270.80848001554756,0,0.9799532430313703
270.05973825390276,1,0.9799532430313703
267.3412848297303,0,0.9799532430313703
262.3625612773839,0,0.9799532430313703
254.7938739360858,0,0.9799532430313703
245.56718779416468,0,0.9799532430313703
236.56875696792642,0,0.9799532430313703
228.91935087902547,0,0.9799532430313703
222.38850323039904,0,0.9799532430313703
216.18112190058076,0,0.9799532430313703
209.8783876706705,0,0.9799532430313703
203.4918430398976,0,0.9799532430313703
196.54983620833963,0,0.9799532430313703
188.61755255934173,0,0.9799532430313703
180.45952192773998,0,0.9799532430313703
173.2342298102368,0,0.9799532430313703
166.98543267622233,0,0.9799532430313703
160.9728906262112,0,0.9799532430313703
154.69189340071017,0,0.9799532430313703
147.76122280820053,0,0.9799532430313703
140.13992976580496,0,0.9799532430313703
132.00845470208344,0,0.9799532430313703
123.2861715826993,0,0.9799532430313703
114.24059595915122,0,0.9799532430313703
105.56943434881835,0,0.9799532430313703
97.81312087333208,0,0.9799532430313703
91.1415907570474,0,0.9799532430313703
85.2390987040408,0,0.9799532430313703
79.44418650856902,0,0.9799532430313703
73.44152190081515,0,0.9799532430313703
67.2384512520792,0,0.9799532430313703
60.21605060568664,0,0.9799532430313703
51.90785339585959,0,0.9799532430313703
42.98308352668981,0,0.9799532430313703
34.102226714843894,0,0.9799532430313703
25.43083304194783,0,0.9799532430313703
17.090519429492083,0,0.9799532430313703
9.150913463178288,0,0.9799532430313703
1.4309338547568515,0,0.9799532430313703
-6.559472276860498,0,0.9799532430313703
-15.186049429787023,0,0.9799532430313703
-24.640625901223522,0,0.9799532430313703
-35.04911320760398,0,0.9799532430313703
-46.5888834012303,0,0.9799532430313703
-60.08600179036751,0,0.9799532430313703
-76.64860140440973,0,0.9799532430313703
-97.01184529076873,0,0.9799532430313703
-121.69483107075759,0,0.9799532430313703
-150.85998662552754,0,0.9799532430313703
-184.00880297260207,0,0.9799532430313703
-220.38391823753673,0,0.9799532430313703
-259.2753319706808,0,0.9799532430313703
-299.6667705347611,0,0.9799532430313703
-340.6891066686117,0,0.9799532430313703
-382.57240115830524,0,0.9799532430313703
-426.209624871109,0,0.9799532430313703
-471.63251787597073,0,0.9799532430313703
-517.2172416804667,0,0.9799532430313703
-560.4585615805128,0,0.9799532430313703
-599.0838232159089,0,0.9799532430313703
-631.0368859467753,0,0.9799532430313703
-654.3852074392644,0,0.9799532430313703
-668.3716063128268,0,0.9799532430313703
-673.1135417759458,0,0.9799532430313703
-668.2090731182369,0,0.9799532430313703
-653.0498226661279,0,0.9799532430313703
-627.5807575008279,0,0.9799532430313703
-592.469886047869,0,0.9799532430313703
-549.1619685528484,0,0.9799532430313703
-499.31951835551627,0,0.9799532430313703
-443.98409222776877,0,0.9799532430313703
-383.9238547101888,0,0.9799532430313703
-320.1505447342528,0,0.9799532430313703
-254.41381462723052,0,0.9799532430313703
-189.72429877804487,0,0.9799532430313703
-128.94857602387577,0,0.9799532430313703
-73.53039754515115,0,0.9799532430313703
-23.53330779714136,0,0.9799532430313703
21.67977683216171,0,0.9799532430313703
62.14750870137795,0,0.9799532430313703
97.46179927440079,0,0.9799532430313703
127.29468539631421,0,0.9799532430313703
151.41402432441126,0,0.9799532430313703
169.97577575701033,0,0.9799532430313703
182.68043241167513,0,0.9799532430313703
188.99382065246513,0,0.9799532430313703
189.56049957355256,0,0.9799532430313703
186.04844388582083,0,0.9799532430313703
180.71470779652918,0,0.9799532430313703
175.09426815945955,0,0.9799532430313703
169.20451641558424,0,0.9799532430313703
163.0073488343665,0,0.9799532430313703
156.58679778900427,0,0.9799532430313703
150.05205288193685,0,0.9799532430313703
144.00505813606804,0,0.9799532430313703
138.87960318726803,0,0.9799532430313703
135.02766668019,0,0.9799532430313703
133.3491224506605,0,0.9799532430313703
134.1604401200698,0,0.9799532430313703
136.5394587106682,0,0.9799532430313703
140.0925769652195,0,0.9799532430313703
145.41653433912225,0,0.9799532430313703
152.76916842385592,0,0.9799532430313703
161.61912241465149,0,0.9799532430313703
171.23295131541312,0,0.9799532430313703
181.00618447757807,0,0.9799532430313703
190.5461973458416,0,0.9799532430313703
200.39508823039256,0,0.9799532430313703
210.81855621897822,0,0.9799532430313703
220.65699607855274,0,0.9799532430313703
229.65127745656477,0,0.9799532430313703
238.59919565302582,0,0.9799532430313703
247.07220192135185,0,0.9799532430313703
254.06408465049438,0,0.9799532430313703
259.12107421532926,0,0.9799532430313703
261.9306794176289,0,0.9799532430313703
262.4120794384603,0,0.9799532430313703
260.86475628227197,1,0.9800924861893947
257.68328332527255,0,0.9800924861893947
253.13823363959003,0,0.9800924861893947
247.3168600625504,0,0.9800924861893947
240.92353933357856,0,0.9800924861893947
235.076165313715,0,0.9800924861893947
229.39390191853215,0,0.9800924861893947
222.4353002913673,0,0.9800924861893947
213.41886342774902,0,0.9800924861893947
202.29557920654523,0,0.9800924861893947
190.14311348519516,0,0.9800924861893947
179.03499303308791,0,0.9800924861893947
170.01093764434245,0,0.9800924861893947
162.61092173222772,0,0.9800924861893947
156.0584689993745,0,0.9800924861893947
149.60496822645473,0,0.9800924861893947
142.52761203165807,0,0.9800924861893947
134.35534478565697,0,0.9800924861893947
126.0566132995739,0,0.9800924861893947
119.41673921073998,0,0.9800924861893947
114.3225580055255,0,0.9800924861893947
109.83233207997036,0,0.9800924861893947
106.37918257074388,0,0.9800924861893947
104.20705890174179,0,0.9800924861893947
102.16781964059727,0,0.9800924861893947
99.2127690675834,0,0.9800924861893947
95.46097900404476,0,0.9800924861893947
91.86509283454868,0,0.9800924861893947
89.34992073617937,0,0.9800924861893947
87.6969846597576,0,0.9800924861893947
85.35764561087191,0,0.9800924861893947
81.41216372784446,0,0.9800924861893947
76.86150088389883,0,0.9800924861893947
72.4306366454096,0,0.9800924861893947
67.59958123648562,0,0.9800924861893947
62.10835989054087,0,0.9800924861893947
55.76005093678843,0,0.9800924861893947
48.447594686855304,0,0.9800924861893947
40.38992772331978,0,0.9800924861893947
30.75132936710002,0,0.9800924861893947
17.906540981888366,0,0.9800924861893947
1.1240387837659014,0,0.9800924861893947
-19.347394831788538,0,0.9800924861893947
-43.180656359277584,0,0.9800924861893947
-70.54298358581775,0,0.9800924861893947
-102.02155502942217,0,0.9800924861893947
-138.3407220824015,0,0.9800924861893947
-179.98543126030066,0,0.9800924861893947
-226.04363187253173,0,0.9800924861893947
-274.52498010241965,0,0.9800924861893947
-324.42132284993403,0,0.9800924861893947
-375.5644890032417,0,0.9800924861893947
-427.17242425734247,0,0.9800924861893947
-477.9524807767236,0,0.9800924861893947
-526.6848346193732,0,0.9800924861893947
-572.1364043235695,0,0.9800924861893947
-612.6358642795761,0,0.9800924861893947
-645.8819349522643,0,0.9800924861893947
-669.7189415156022,0,0.9800924861893947
-682.8140139064852,0,0.9800924861893947
-684.4752247102705,0,0.9800924861893947
-674.751215527819,0,0.9800924861893947
-654.2239941038597,0,0.9800924861893947
-623.6005651443207,0,0.9800924861893947
-584.1773870805607,0,0.9800924861893947
-537.7119427259546,0,0.9800924861893947
-485.792288172178,0,0.9800924861893947
-429.75830505278043,0,0.9800924861893947
-370.3689303325094,0,0.9800924861893947
-308.2403708419464,0,0.9800924861893947
-244.7971041178079,0,0.9800924861893947
-181.92219570097316,0,0.9800924861893947
-121.5262241988967,0,0.9800924861893947
-65.14435971698414,0,0.9800924861893947
-13.578079046884152,0,0.9800924861893947
32.64379335260788,0,0.9800924861893947
72.92730820847837,0,0.9800924861893947
106.63050254816649,0,0.9800924861893947
133.7957743867375,0,0.9800924861893947
155.04551527718533,0,0.9800924861893947
170.46224279494245,0,0.9800924861893947
180.0584850347549,0,0.9800924861893947
184.56535916486268,0,0.9800924861893947
185.21741807230285,0,0.9800924861893947
183.1945858508636,0,0.9800924861893947
179.03646154566056,0,0.9800924861893947
172.79838877608557,0,0.9800924861893947
164.71572425526972,0,0.9800924861893947
155.479461430078,0,0.9800924861893947
146.06580134414997,0,0.9800924861893947
137.30670408487688,0,0.9800924861893947
129.92254686671927,0,0.9800924861893947
124.360382900975,0,0.9800924861893947
120.67615260137666,0,0.9800924861893947
119.47204862957561,0,0.9800924861893947
121.40012552900335,0,0.9800924861893947
126.39506803178617,0,0.9800924861893947
134.42729059924525,0,0.9800924861893947
145.1770344255397,0,0.9800924861893947
157.8027945508903,0,0.9800924861893947
171.49486537197254,0,0.9800924861893947
185.4752632452501,0,0.9800924861893947
199.310474071328,0,0.9800924861893947
212.85191212463948,0,0.9800924861893947
225.5744980100552,0,0.9800924861893947
236.9087417468183,0,0.9800924861893947
247.02393799050247,0,0.9800924861893947
256.2179197619985,0,0.9800924861893947
264.0511225301996,0,0.9800924861893947
270.12258979789004,0,0.9800924861893947
274.88008189416246,0,0.9800924861893947
278.9584343969132,0,0.9800924861893947
282.29825538730364,0,0.9800924861893947
284.2803308243698,0,0.9800924861893947
284.2512875351081,1,0.9800937020920584
282.01319530251254,0,0.9800937020920584
278.09483848906694,0,0.9800937020920584
273.21097433506566,0,0.9800937020920584
267.62166126691534,0,0.9800937020920584
261.09916510478945,0,0.9800937020920584
253.57943336753394,0,0.9800937020920584
245.1213780000295,0,0.9800937020920584
235.419472498813,0,0.9800937020920584
224.6970701712918,0,0.9800937020920584
214.1211258935705,0,0.9800937020920584
204.35553099244692,0,0.9800937020920584
194.86207471964676,0,0.9800937020920584
185.5530755612349,0,0.9800937020920584
177.35796793272684,0,0.9800937020920584
170.39758351571547,0,0.9800937020920584
163.52897316439842,0,0.9800937020920584
155.59614013913665,0,0.9800937020920584
146.29508377739586,0,0.9800937020920584
136.3853332680262,0,0.9800937020920584
126.86531034649997,0,0.9800937020920584
117.91998337982287,0,0.9800937020920584
108.95000027748267,0,0.9800937020920584
99.69872999112391,0,0.9800937020920584
90.85950669226874,0,0.9800937020920584
82.7864320430888,0,0.9800937020920584
74.85657787210911,0,0.9800937020920584
66.0676553338197,0,0.9800937020920584
55.31193479922017,0,0.9800937020920584
42.31180403551593,0,0.9800937020920584
27.74048630096633,0,0.9800937020920584
11.420613608860965,0,0.9800937020920584
-7.8360569117427,0,0.9800937020920584
-30.25108784078049,0,0.9800937020920584
-54.74829272475273,0,0.9800937020920584
-81.09158425079714,0,0.9800937020920584
-110.6725992788565,0,0.9800937020920584
-144.4628644087157,0,0.9800937020920584
-182.22402443989262,0,0.9800937020920584
-223.60912733350267,0,0.9800937020920584
-268.0134138153009,0,0.9800937020920584
-314.1000065082546,0,0.9800937020920584
-360.60924030113244,0,0.9800937020920584
-407.0553712108688,0,0.9800937020920584
-453.1354165457411,0,0.9800937020920584
-497.6025891473557,0,0.9800937020920584
-538.3100947619556,0,0.9800937020920584
-573.2663587244203,0,0.9800937020920584
-600.6530267251238,0,0.9800937020920584
-618.7619200459327,0,0.9800937020920584
-627.0245627252702,0,0.9800937020920584
-625.7347952254967,0,0.9800937020920584
-614.7426864104391,0,0.9800937020920584
-593.5315895002055,0,0.9800937020920584
-562.034183737658,0,0.9800937020920584
-521.0762422264291,0,0.9800937020920584
-472.046785001613,0,0.9800937020920584
-416.04515920972483,0,0.9800937020920584
-354.6492070085082,0,0.9800937020920584
-290.77496821202715,0,0.9800937020920584
-226.87051061309705,0,0.9800937020920584
-164.20795265886738,0,0.9800937020920584
-104.44304294139907,0,0.9800937020920584
-49.10280104362893,0,0.9800937020920584
1.7513714801404192,0,0.9800937020920584
48.15493598022297,0,0.9800937020920584
89.04333491837056,0,0.9800937020920584
123.09148026584126,0,0.9800937020920584
149.72678609772814,0,0.9800937020920584
169.44639942433633,0,0.9800937020920584
182.91343174772513,0,0.9800937020920584
190.2991834206192,0,0.9800937020920584
191.8369703335571,0,0.9800937020920584
188.5303735297342,0,0.9800937020920584
182.21956647486834,0,0.9800937020920584
174.42670314348885,0,0.9800937020920584
165.5601389005636,0,0.9800937020920584
155.4615386463097,0,0.9800937020920584
144.37944061280197,0,0.9800937020920584
133.9977486602293,0,0.9800937020920584
126.36697671144388,0,0.9800937020920584
121.5825725195339,0,0.9800937020920584
118.77859290779581,0,0.9800937020920584
117.70642584436442,0,0.9800937020920584
117.71327291548397,0,0.9800937020920584
118.42509848737568,0,0.9800937020920584
120.75928370190181,0,0.9800937020920584
125.14881037806019,0,0.9800937020920584
130.95081124758048,0,0.9800937020920584
137.38648136042218,0,0.9800937020920584
143.8833394893239,0,0.9800937020920584
150.70960873205075,0,0.9800937020920584
159.15734176344736,0,0.9800937020920584
169.70727863149835,0,0.9800937020920584
181.21622200714916,0,0.9800937020920584
192.6706237697779,0,0.9800937020920584
203.18401325360605,0,0.9800937020920584
211.7721913768088,0,0.9800937020920584
218.6403337507567,0,0.9800937020920584
224.26005025603345,0,0.9800937020920584
228.76728608646994,0,0.9800937020920584
232.78988870391302,0,0.9800937020920584
237.26494193627036,0,0.9800937020920584
242.99891911888804,0,0.9800937020920584
249.85775279939585,0,0.9800937020920584
256.47606888159436,0,0.9800937020920584
261.1951555558372,0,0.9800937020920584
263.20659306661526,0,0.9800937020920584
262.7006846247045,1,0.9800161568511933
259.6786360760474,0,0.9800161568511933
253.7990489623364,0,0.9800161568511933
245.4346819645537,0,0.9800161568511933
235.5827745244026,0,0.9800161568511933
224.96755434832534,0,0.9800161568511933
214.0183781550197,0,0.9800161568511933
203.1417447418959,0,0.9800161568511933
192.36205858149899,0,0.9800161568511933
181.2044535658133,0,0.9800161568511933
169.39729154674674,0,0.9800161568511933
157.51716727915593,0,0.9800161568511933
146.48054175489023,0,0.9800161568511933
136.67318306370626,0,0.9800161568511933
127.77708115517339,0,0.9800161568511933
119.42610288453899,0,0.9800161568511933
111.76558823550576,0,0.9800161568511933
104.70937747882839,0,0.9800161568511933
97.90985944285671,0,0.9800161568511933
91.49439668725877,0,0.9800161568511933
85.59331683811337,0,0.9800161568511933
80.32750425124678,0,0.9800161568511933
76.26759245725094,0,0.9800161568511933
73.52258848722592,0,0.9800161568511933
70.98216998272774,0,0.9800161568511933
67.69012268720725,0,0.9800161568511933
63.805493469443704,0,0.9800161568511933
59.49046079321782,0,0.9800161568511933
54.26980959575046,0,0.9800161568511933
47.147081774360245,0,0.9800161568511933
37.15636946703497,0,0.9800161568511933
24.370793536236775,0,0.9800161568511933
9.314869856205046,0,0.9800161568511933
-8.103589847398567,0,0.9800161568511933
-28.10060170393599,0,0.9800161568511933
-50.21684594568553,0,0.9800161568511933
-73.75200449050712,0,0.9800161568511933
-98.9217671527865,0,0.9800161568511933
-126.66908855672044,0,0.9800161568511933
-158.12624993429066,0,0.9800161568511933
-194.57210100484843,0,0.9800161568511933
-236.53378459256328,0,0.9800161568511933
-283.17054774887936,0,0.9800161568511933
-332.6742396023303,0,0.9800161568511933
-382.8874698920781,0,0.9800161568511933
-432.06088390471933,0,0.9800161568511933
-479.4105390160167,0,0.9800161568511933
-524.3843686540603,0,0.9800161568511933
-565.6457577745892,0,0.9800161568511933
-601.5423619721232,0,0.9800161568511933
-630.4625625908064,0,0.9800161568511933
-650.3887882126196,0,0.9800161568511933
-659.6213899379471,0,0.9800161568511933
-658.1010989502339,0,0.9800161568511933
-646.5669519466013,0,0.9800161568511933
-625.0307719454682,0,0.9800161568511933
-593.886512204457,0,0.9800161568511933
-554.6858493552572,0,0.9800161568511933
-508.5895980856214,0,0.9800161568511933
-456.4992282042446,0,0.9800161568511933
-400.23081961155793,0,0.9800161568511933
-341.4266176139837,0,0.9800161568511933
-281.298127415391,0,0.9800161568511933
-221.89781935701077,0,0.9800161568511933
-165.0283526169499,0,0.9800161568511933
-110.88930110020434,0,0.9800161568511933
-59.49707828189529,0,0.9800161568511933
-11.907353313029965,0,0.9800161568511933
30.894271689600203,0,0.9800161568511933
68.61114367304275,0,0.9800161568511933
100.63908093959486,0,0.9800161568511933
126.27943094604055,0,0.9800161568511933
145.70867708078362,0,0.9800161568511933
159.4276735521366,0,0.9800161568511933
167.65330578474942,0,0.9800161568511933
170.59540787544915,0,0.9800161568511933
168.99865380785826,0,0.9800161568511933
164.21312806280596,0,0.9800161568511933
157.34811762306788,0,0.9800161568511933
149.25781533590973,0,0.9800161568511933
140.88664010755832,0,0.9800161568511933
132.57999690174367,0,0.9800161568511933
124.4124657897644,0,0.9800161568511933
117.40442265381769,0,0.9800161568511933
112.81389221417042,0,0.9800161568511933
111.1713725989102,0,0.9800161568511933
112.88052568875953,0,0.9800161568511933
117.90526534096266,0,0.9800161568511933
125.49350780787002,0,0.9800161568511933
135.03807712252362,0,0.9800161568511933
146.3457428684593,0,0.9800161568511933
159.1660797785624,0,0.9800161568511933
172.478063782177,0,0.9800161568511933
185.51356222026024,0,0.9800161568511933
198.61057926242762,0,0.9800161568511933
212.15639800572845,0,0.9800161568511933
226.36418390184744,0,0.9800161568511933
240.88129032521294,0,0.9800161568511933
254.6763748653426,0,0.9800161568511933
267.06859645764865,0,0.9800161568511933
277.8825697447693,0,0.9800161568511933
286.7629477544408,0,0.9800161568511933
292.8809861490275,0,0.9800161568511933
296.059518393099,0,0.9800161568511933
297.2344986625604,0,0.9800161568511933
297.05534924369516,1,0.9798046141795279
295.40512125815377,0,0.9798046141795279
292.18819394822106,0,0.9798046141795279
287.8715739411359,0,0.9798046141795279
283.30037467117376,0,0.9798046141795279
278.73052708001836,0,0.9798046141795279
273.44932894163185,0,0.9798046141795279
266.8841744129348,0,0.9798046141795279
259.0707026335206,0,0.9798046141795279
249.81758072364332,0,0.9798046141795279
238.79960751616306,0,0.9798046141795279
226.7480812464063,0,0.9798046141795279
215.24203502883844,0,0.9798046141795279
204.72931173499458,0,0.9798046141795279
194.588941165412,0,0.9798046141795279
184.8042518016175,0,0.9798046141795279
175.62710074554602,0,0.9798046141795279
166.42166925568202,0,0.9798046141795279
156.04075133175007,0,0.9798046141795279
144.59448497514134,0,0.9798046141795279
133.5063250060616,0,0.9798046141795279
123.55780940049891,0,0.9798046141795279
114.25752144588873,0,0.9798046141795279
104.95565056239714,0,0.9798046141795279
95.8118589968329,0,0.9798046141795279
87.22292260148463,0,0.9798046141795279
78.96484125954892,0,0.9798046141795279
70.63324080854868,0,0.9798046141795279
62.3388344030509,0,0.9798046141795279
53.993244525344124,0,0.9798046141795279
45.202224122982415,0,0.9798046141795279
36.660994803601525,0,0.9798046141795279
28.653189513504497,0,0.9798046141795279
19.828226175965295,0,0.9798046141795279
9.822537176921305,0,0.9798046141795279
-0.5342971153085742,0,0.9798046141795279
-11.287863173129399,0,0.9798046141795279
-23.077375204316603,0,0.9798046141795279
-36.111994341254146,0,0.9798046141795279
-50.58599403309472,0,0.9798046141795279
-67.38407662886735,0,0.9798046141795279
-87.65103575253173,0,0.9798046141795279
-112.34043238418006,0,0.9798046141795279
-142.18247683645643,0,0.9798046141795279
-177.33845088309192,0,0.9798046141795279
-217.1959876406696,0,0.9798046141795279
-260.61549764929424,0,0.9798046141795279
-306.6960529316211,0,0.9798046141795279
-354.85484414538155,0,0.9798046141795279
-404.4802499114589,0,0.9798046141795279
-455.0972736903918,0,0.9798046141795279
-505.24355801056544,0,0.9798046141795279
-551.8036029422543,0,0.9798046141795279
-592.0720644909367,0,0.9798046141795279
-624.9004181606297,0,0.9798046141795279
-649.379438203011,0,0.9798046141795279
-664.2534527614033,0,0.9798046141795279
-668.6874375337352,0,0.9798046141795279
-662.6232615779223,0,0.9798046141795279
-646.1322933933352,0,0.9798046141795279
-619.0316334439248,0,0.9798046141795279
-582.0341915419503,0,0.9798046141795279
-536.9326538767004,0,0.9798046141795279
-485.01242501171174,0,0.9798046141795279
-427.46534790173916,0,0.9798046141795279
-366.22853351793293,0,0.9798046141795279
-303.0117863581789,0,0.9798046141795279
-239.120582693687,0,0.9798046141795279
-175.49210723438233,0,0.9798046141795279
-113.16168668062532,0,0.9798046141795279
-54.43425654442425,0,0.9798046141795279
-1.5688655875780753,0,0.9798046141795279
44.862384532088484,0,0.9798046141795279
85.34892569119565,0,0.9798046141795279
120.15673717623866,0,0.9798046141795279
148.2418470478846,0,0.9798046141795279
168.64985027505244,0,0.9798046141795279
181.98519917865423,0,0.9798046141795279
188.81381073608534,0,0.9798046141795279
189.74880797178747,0,0.9798046141795279
186.4202639928582,0,0.9798046141795279
180.05232170041975,0,0.9798046141795279
171.4119826499921,0,0.9798046141795279
161.54660916274068,0,0.9798046141795279
151.10672505649492,0,0.9798046141795279
140.62064361108685,0,0.9798046141795279
130.47778309375488,0,0.9798046141795279
120.8386802740971,0,0.9798046141795279
112.48085981508258,0,0.9798046141795279
106.00476814578377,0,0.9798046141795279
101.50168062059757,0,0.9798046141795279
99.28228344836594,0,0.9798046141795279
99.67740794713578,0,0.9798046141795279
103.1265159734581,0,0.9798046141795279
109.7673104446735,0,0.9798046141795279
119.23580418397457,0,0.9798046141795279
131.13611469297678,0,0.9798046141795279
144.40042452377574,0,0.9798046141795279
158.17607182273002,0,0.9798046141795279
172.7828578522198,0,0.9798046141795279
188.03376235798098,0,0.9798046141795279
202.94299554849366,0,0.9798046141795279
216.77482932397433,0,0.9798046141795279
229.4041091854211,0,0.9798046141795279
241.3043021454961,0,0.9798046141795279
252.32169740030898,0,0.9798046141795279
261.5660708058534,0,0.9798046141795279
268.6239890024559,0,0.9798046141795279
273.1763379700452,0,0.9798046141795279
275.4397974838536,0,0.9798046141795279
276.51902653984604,0,0.9798046141795279
276.72861817055536,0,0.9798046141795279
275.498696064466,1,0.9798057200214605
272.51736908287427,0,0.9798057200214605
267.95102591095525,0,0.9798057200214605
261.9617025442488,0,0.9798057200214605
254.49312183160202,0,0.9798057200214605
245.79280470431723,0,0.9798057200214605
236.39558591680472,0,0.9798057200214605
226.72427220063173,0,0.9798057200214605
216.89591393984537,0,0.9798057200214605
206.96963578388548,0,0.9798057200214605
197.49879486128722,0,0.9798057200214605
188.88509803356683,0,0.9798057200214605
180.9380626440751,0,0.9798057200214605
173.49272027879536,0,0.9798057200214605
166.61484078446134,0,0.9798057200214605
160.50024010458648,0,0.9798057200214605
155.0342737723541,0,0.9798057200214605
149.4168249971586,0,0.9798057200214605
142.96163288154625,0,0.9798057200214605
135.84833944189202,0,0.9798057200214605
128.36938846129348,0,0.9798057200214605
120.43845231869858,0,0.9798057200214605
112.17005646063129,0,0.9798057200214605
104.05153429673483,0,0.9798057200214605
96.54538681714082,0,0.9798057200214605
89.8136963923104,0,0.9798057200214605
83.66809695310171,0,0.9798057200214605
77.7309203450009,0,0.9798057200214605
71.82775939789794,0,0.9798057200214605
65.88520262850784,0,0.9798057200214605
59.69392006411812,0,0.9798057200214605
53.47083023833045,0,0.9798057200214605
47.80228904310051,0,0.9798057200214605
42.39859848799284,0,0.9798057200214605
36.28411324933746,0,0.9798057200214605
29.32218445563679,0,0.9798057200214605
21.919306348111192,0,0.9798057200214605
14.45278978661044,0,0.9798057200214605
7.596454554197142,0,0.9798057200214605
1.6434364449867505,0,0.9798057200214605
-3.699403366745014,0,0.9798057200214605
-8.782706996706413,0,0.9798057200214605
-13.670582537377259,0,0.9798057200214605
-18.30623352704613,0,0.9798057200214605
-23.51616561008992,0,0.9798057200214605
-30.748175011285554,0,0.9798057200214605
-41.09181153689446,0,0.9798057200214605
-55.32252033872046,0,0.9798057200214605
-73.56062287569551,0,0.9798057200214605
-94.86446063900136,0,0.9798057200214605
-118.55177716214456,0,0.9798057200214605
-145.31160775586957,0,0.9798057200214605
-175.5979665431805,0,0.9798057200214605
-208.6323274691847,0,0.9798057200214605
-244.18834256960514,0,0.9798057200214605
-282.8838064062185,0,0.9798057200214605
-324.7950497375637,0,0.9798057200214605
-369.21112088386377,0,0.9798057200214605
-414.7522784150469,0,0.9798057200214605
-459.9855370793945,0,0.9798057200214605
-504.2921142523019,0,0.9798057200214605
-546.8979395940086,0,0.9798057200214605
-585.7678614827469,0,0.9798057200214605
-619.2011259179235,0,0.9798057200214605
-646.6618357728793,0,0.9798057200214605
-667.114908981976,0,0.9798057200214605
-678.8758511480033,0,0.9798057200214605
-680.6258944352035,0,0.9798057200214605
-671.5552643939076,0,0.9798057200214605
-651.6518430495428,0,0.9798057200214605
-621.4613317690381,0,0.9798057200214605
-581.4449462882694,0,0.9798057200214605
-532.6260989693161,0,0.9798057200214605
-476.7814802153852,0,0.9798057200214605
-415.8773711289982,0,0.9798057200214605
-351.8304955385635,0,0.9798057200214605
-286.09466563222276,0,0.9798057200214605
-220.42402573203978,0,0.9798057200214605
-157.32801777220493,0,0.9798057200214605
-98.68176590159712,0,0.9798057200214605
-45.13771931046893,0,0.9798057200214605
3.237512263378898,0,0.9798057200214605
46.2763685990253,0,0.9798057200214605
83.29224500623347,0,0.9798057200214605
113.16067081038436,0,0.9798057200214605
135.53997265193223,0,0.9798057200214605
151.867554438276,0,0.9798057200214605
163.75472524336823,0,0.9798057200214605
171.2869042910131,0,0.9798057200214605
174.2893410024775,0,0.9798057200214605
173.4692372750084,0,0.9798057200214605
169.59901672159873,0,0.9798057200214605
163.2993344951169,0,0.9798057200214605
155.3933512158684,0,0.9798057200214605
147.06874049566397,0,0.9798057200214605
139.62903854782775,0,0.9798057200214605
133.73723862270597,0,0.9798057200214605
129.48643344075566,0,0.9798057200214605
126.83357298524426,0,0.9798057200214605
125.74694787779273,0,0.9798057200214605
126.610045037739,0,0.9798057200214605
130.38283615196664,0,0.9798057200214605
137.54000482628484,0,0.9798057200214605
146.90733000669815,0,0.9798057200214605
156.97102767655434,0,0.9798057200214605
167.65281055876358,0,0.9798057200214605
179.65353768537972,0,0.9798057200214605
193.09279046046814,0,0.9798057200214605
207.0811109937117,0,0.9798057200214605
219.82614735272048,0,0.9798057200214605
229.90998469929497,0,0.9798057200214605
238.0888532327283,0,0.9798057200214605
246.06739600757578,0,0.9798057200214605
254.10852427523588,0,0.9798057200214605
261.74077942333815,0,0.9798057200214605
268.7619388734388,0,0.9798057200214605
274.7482170239262,0,0.9798057200214605
279.5456995729235,0,0.9798057200214605
283.73114446877884,0,0.9798057200214605
287.8876004073913,0,0.9798057200214605
291.72786830538786,0,0.9798057200214605
294.0837685019996,0,0.9798057200214605
294.7930935223051,0,0.9798057200214605
295.102623799932,0,0.9798057200214605
295.1097481003779,0,0.9798057200214605
293.71589186873655,1,0.9794588807972888
290.54640854973417,0,0.9794588807972888
285.73262060700876,0,0.9794588807972888
279.1422583301204,0,0.9794588807972888
270.71306242473383,0,0.9794588807972888
260.932678647281,0,0.9794588807972888
250.45142867678763,0,0.9794588807972888
239.60210426613133,0,0.9794588807972888
228.24763930016934,0,0.9794588807972888
216.16126823098298,0,0.9794588807972888
203.58557767329944,0,0.9794588807972888
190.424512052224,0,0.9794588807972888
175.93792705503628,0,0.9794588807972888
160.15962176929386,0,0.9794588807972888
144.72741626599534,0,0.9794588807972888
131.4524353046608,0,0.9794588807972888
120.42053213939235,0,0.9794588807972888
110.70202131607496,0,0.9794588807972888
101.71095240621663,0,0.9794588807972888
93.47532310626403,0,0.9794588807972888
86.80290800913683,0,0.9794588807972888
81.84566829708389,0,0.9794588807972888
77.0773881174265,0,0.9794588807972888
70.90213671033624,0,0.9794588807972888
62.80227010145519,0,0.9794588807972888
53.618596307805504,0,0.9794588807972888
45.07452386332069,0,0.9794588807972888
37.81281518199926,0,0.9794588807972888
30.872254539845308,0,0.9794588807972888
23.355708062730876,0,0.9794588807972888
15.297867920668565,0,0.9794588807972888
6.829160783335444,0,0.9794588807972888
-2.515373941845859,0,0.9794588807972888
-12.844421261901951,0,0.9794588807972888
-23.639949244195556,0,0.9794588807972888
-35.4081472682319,0,0.9794588807972888
-49.17647090132646,0,0.9794588807972888
-64.76074174261785,0,0.9794588807972888
-82.27472144606716,0,0.9794588807972888
-102.83458740855224,0,0.9794588807972888
-126.55051543158775,0,0.9794588807972888
-153.1972714594432,0,0.9794588807972888
-183.49518721369168,0,0.9794588807972888
-217.9019776023082,0,0.9794588807972888
-256.43218155506514,0,0.9794588807972888
-298.9137153082742,0,0.9794588807972888
-344.21687667246,0,0.9794588807972888
-391.00343356734413,0,0.9794588807972888
-438.4913084708986,0,0.9794588807972888
-485.5560726723509,0,0.9794588807972888
-530.5226112518238,0,0.9794588807972888
-571.2920925037994,0,0.9794588807972888
-605.4804258973383,0,0.9794588807972888
-631.550124880701,0,0.9794588807972888
-649.2111616484465,0,0.9794588807972888
-657.8954615783781,0,0.9794588807972888
-656.0691793151063,0,0.9794588807972888
-643.0702781167134,0,0.9794588807972888
-619.7987167612677,0,0.9794588807972888
-587.0024013166836,0,0.9794588807972888
-544.9759222987014,0,0.9794588807972888
-495.2155063159759,0,0.9794588807972888
-440.13831365831754,0,0.9794588807972888
-381.03919964559555,0,0.9794588807972888
-318.8271958501513,0,0.9794588807972888
-255.5184911388955,0,0.9794588807972888
-192.92493599287297,0,0.9794588807972888
-132.21840460555993,0,0.9794588807972888
-75.01469296417832,0,0.9794588807972888
-23.197430745098554,0,0.9794588807972888
22.086101612734918,0,0.9794588807972888
61.05853592542221,0,0.9794588807972888
94.53504120191461,0,0.9794588807972888
122.8206261242461,0,0.9794588807972888
145.81478008694535,0,0.9794588807972888
163.42512056012217,0,0.9794588807972888
175.5949744301178,0,0.9794588807972888
182.6255655200063,0,0.9794588807972888
185.60755368704486,0,0.9794588807972888
185.36091021349074,0,0.9794588807972888
181.6907667302985,0,0.9794588807972888
174.6269593287616,0,0.9794588807972888
165.52604650882034,0,0.9794588807972888
156.85103253012753,0,0.9794588807972888
150.14750795963187,0,0.9794588807972888
144.64352758338086,0,0.9794588807972888
139.25960513846988,0,0.9794588807972888
134.46883987864308,0,0.9794588807972888
131.13969259448638,0,0.9794588807972888
129.29184096095062,0,0.9794588807972888
128.9711704763744,0,0.9794588807972888
130.9741529059406,0,0.9794588807972888
135.70394526379332,0,0.9794588807972888
142.92215987578052,0,0.9794588807972888
152.59683851725518,0,0.9794588807972888
164.56223999591828,0,0.9794588807972888
178.1067811891035,0,0.9794588807972888
191.79936042895474,0,0.9794588807972888
203.9457094651693,0,0.9794588807972888
214.0617451080461,0,0.9794588807972888
223.00669785627431,0,0.9794588807972888
231.64970741301204,0,0.9794588807972888
240.541271262203,0,0.9794588807972888
249.64819658042333,0,0.9794588807972888
257.7790885433247,0,0.9794588807972888
263.9746724276018,0,0.9794588807972888
267.92229323493723,0,0.9794588807972888
269.300222555312,0,0.9794588807972888
268.2916416814387,1,0.9793727297625587
265.35255595112403,0,0.9793727297625587
261.37058040175964,0,0.9793727297625587
257.519992050089,0,0.9793727297625587
253.97281712049235,0,0.9793727297625587
250.0764884814855,0,0.9793727297625587
245.4310215872085,0,0.9793727297625587
240.16815973807843,0,0.9793727297625587
234.43760601328552,0,0.9793727297625587
228.39450362262028,0,0.9793727297625587
222.29518081215286,0,0.9793727297625587
215.93535186411756,0,0.9793727297625587
208.75039547056804,0,0.9793727297625587
200.43383423877336,0,0.9793727297625587
191.3616054974347,0,0.9793727297625587
182.46667451017183,0,0.9793727297625587
174.25273109181921,0,0.9793727297625587
166.61640608662773,0,0.9793727297625587
159.68764333713713,0,0.9793727297625587
153.7456940602125,0,0.9793727297625587
148.97240820642088,0,0.9793727297625587
145.36993494205453,0,0.9793727297625587
142.40890361198043,0,0.9793727297625587
139.06247256124377,0,0.9793727297625587
134.11597915161698,0,0.9793727297625587
127.06120140655803,0,0.9793727297625587
118.59011076502006,0,0.9793727297625587
109.73773875277583,0,0.9793727297625587
101.225145031513,0,0.9793727297625587
93.26910098583356,0,0.9793727297625587
85.54462660716179,0,0.9793727297625587
77.66330665195154,0,0.9793727297625587
69.44772902584202,0,0.9793727297625587
61.038590219953754,0,0.9793727297625587
52.45299044157982,0,0.9793727297625587
43.52755548512694,0,0.9793727297625587
34.597566502273146,0,0.9793727297625587
25.6955650811414,0,0.9793727297625587
16.56982741586878,0,0.9793727297625587
7.71155678316848,0,0.9793727297625587
-0.5231130071945839,0,0.9793727297625587
-8.37301489027347,0,0.9793727297625587
-16.155528994790263,0,0.9793727297625587
-24.659088611573306,0,0.9793727297625587
-34.838410902369795,0,0.9793727297625587
-47.01656809153142,0,0.9793727297625587
-61.19700320498286,0,0.9793727297625587
-77.67863211333305,0,0.9793727297625587
-96.84842363443286,0,0.9793727297625587
-118.97926316821523,0,0.9793727297625587
-144.94544576588214,0,0.9793727297625587
-175.74917448125083,0,0.9793727297625587
-211.30196385960429,0,0.9793727297625587
-250.91865338826315,0,0.9793727297625587
-294.16520032806625,0,0.9793727297625587
-340.0772249094255,0,0.9793727297625587
-387.0737782670495,0,0.9793727297625587
-434.3797162882847,0,0.9793727297625587
-481.6405932019872,0,0.9793727297625587
-527.5175211423609,0,0.9793727297625587
-569.3658503588752,0,0.9793727297625587
-604.3355435490986,0,0.9793727297625587
-631.4538132323669,0,0.9793727297625587
-651.2621941130001,0,0.9793727297625587
-663.0148764906128,0,0.9793727297625587
-664.7389895063624,0,0.9793727297625587
-655.5430774261229,0,0.9793727297625587
-635.7034700006816,0,0.9793727297625587
-605.6718929642102,0,0.9793727297625587
-566.2575887808785,0,0.9793727297625587
-518.760578944039,0,0.9793727297625587
-464.6311431658523,0,0.9793727297625587
-405.7936569361755,0,0.9793727297625587
-344.74716094757804,0,0.9793727297625587
-283.79024790088914,0,0.9793727297625587
-224.0763039455278,0,0.9793727297625587
-166.0948482829992,0,0.9793727297625587
-111.30905203275275,0,0.9793727297625587
-61.51230878345004,0,0.9793727297625587
-17.219924533404097,0,0.9793727297625587
21.732698223962483,0,0.9793727297625587
55.43998795593034,0,0.9793727297625587
83.97452803049751,0,0.9793727297625587
107.33861145177195,0,0.9793727297625587
125.78140827085667,0,0.9793727297625587
139.62758799468736,0,0.9793727297625587
149.04202374907322,0,0.9793727297625587
154.41870692347456,0,0.9793727297625587
156.10581019555167,0,0.9793727297625587
154.64212742598798,0,0.9793727297625587
151.33981218447104,0,0.9793727297625587
147.33689612962945,0,0.9793727297625587
143.03059094028865,0,0.9793727297625587
138.6774571896247,0,0.9793727297625587
134.44196029197525,0,0.9793727297625587
130.42515487772974,0,0.9793727297625587
127.09479883658584,0,0.9793727297625587
124.92790732755181,0,0.9793727297625587
124.11330296341674,0,0.9793727297625587
124.82005434180928,0,0.9793727297625587
127.08056156453675,0,0.9793727297625587
130.8050790685299,0,0.9793727297625587
135.9486119696519,0,0.9793727297625587
142.24242970126284,0,0.9793727297625587
149.50928107177143,0,0.9793727297625587
158.3950554965828,0,0.9793727297625587
169.41096915061812,0,0.9793727297625587
181.86998305956118,0,0.9793727297625587
194.98165224019039,0,0.9793727297625587
208.79013200565038,0,0.9793727297625587
222.8407854796779,0,0.9793727297625587
235.38222571685193,0,0.9793727297625587
245.72504098436292,0,0.9793727297625587
254.9388045599644,0,0.9793727297625587
263.2319210523068,0,0.9793727297625587
269.68580566345014,0,0.9793727297625587
273.90435249896547,0,0.9793727297625587
275.86250448192754,0,0.9793727297625587
275.4918774044336,1,0.9794040754718258
273.38068607983473,0,0.9794040754718258
270.4218852449853,0,0.9794040754718258
266.83255306127825,0,0.9794040754718258
262.34050818344804,0,0.9794040754718258
256.69399207206067,0,0.9794040754718258
250.3923064083412,0,0.9794040754718258
244.5391186523924,0,0.9794040754718258
239.16812774264773,0,0.9794040754718258
233.64112867723483,0,0.9794040754718258
228.10624697266732,0,0.9794040754718258
222.72491785921778,0,0.9794040754718258
217.5712121710675,0,0.9794040754718258
213.00032591823137,0,0.9794040754718258
208.6444790529186,0,0.9794040754718258
203.48880130305014,0,0.9794040754718258
196.74908931966283,0,0.9794040754718258
188.37256207194562,0,0.9794040754718258
179.17583127034217,0,0.9794040754718258
170.05849365181433,0,0.9794040754718258
161.55283512663908,0,0.9794040754718258
153.6066255887549,0,0.9794040754718258
145.45174777616543,0,0.9794040754718258
136.81502664848293,0,0.9794040754718258
127.84251870042229,0,0.9794040754718258
118.03828470734005,0,0.9794040754718258
107.20710917056209,0,0.9794040754718258
96.21746901952358,0,0.9794040754718258
86.0732297510483,0,0.9794040754718258
77.2762624388538,0,0.9794040754718258
69.94767567251738,0,0.9794040754718258
63.581984316381075,0,0.9794040754718258
57.50859407805066,0,0.9794040754718258
51.76960378276485,0,0.9794040754718258
46.81589092275574,0,0.9794040754718258
43.08640190979868,0,0.9794040754718258
40.61868429764456,0,0.9794040754718258
38.872893272000574,0,0.9794040754718258
37.14800272670982,0,0.9794040754718258
34.63998774718806,0,0.9794040754718258
30.649896469096426,0,0.9794040754718258
24.965440256094997,0,0.9794040754718258
17.323222904939872,0,0.9794040754718258
7.298574880013266,0,0.9794040754718258
-5.087705788400195,0,0.9794040754718258
-19.65265462268664,0,0.9794040754718258
-36.474192011621966,0,0.9794040754718258
-56.215664613357745,0,0.9794040754718258
-79.97867837737766,0,0.9794040754718258
-108.3354716319375,0,0.9794040754718258
-141.18370842410303,0,0.9794040754718258
-177.98127496044535,0,0.9794040754718258
-217.78944864231786,0,0.9794040754718258
-260.4693270610155,0,0.9794040754718258
-306.6036996730789,0,0.9794040754718258
-355.34926783492017,0,0.9794040754718258
-405.0885760411431,0,0.9794040754718258
-454.9291113313653,0,0.9794040754718258
-503.5897195932293,0,0.9794040754718258
-549.2112410468771,0,0.9794040754718258
-590.572670876228,0,0.9794040754718258
-626.3145464492394,0,0.9794040754718258
-654.1661124735291,0,0.9794040754718258
-672.5918351474551,0,0.9794040754718258
-680.8382261762035,0,0.9794040754718258
-678.213435208281,0,0.9794040754718258
-664.8141928132115,0,0.9794040754718258
-641.1199189478996,0,0.9794040754718258
-607.8565694508976,0,0.9794040754718258
-566.3123976002629,0,0.9794040754718258
-517.6896977254147,0,0.9794040754718258
-463.72519594682376,0,0.9794040754718258
-406.6886472735078,0,0.9794040754718258
-347.1371337315464,0,0.9794040754718258
-284.97981534709646,0,0.9794040754718258
-222.67196009873976,0,0.9794040754718258
-163.73705736762182,0,0.9794040754718258
-109.67253750353738,0,0.9794040754718258
-60.25384250207968,0,0.9794040754718258
-15.395228291811993,0,0.9794040754718258
24.231644796446197,0,0.9794040754718258
58.1296837753911,0,0.9794040754718258
86.36845605589123,0,0.9794040754718258
109.57732634828686,0,0.9794040754718258
128.9437939393729,0,0.9794040754718258
144.77595586147427,0,0.9794040754718258
156.21527062744295,0,0.9794040754718258
162.94662313828948,0,0.9794040754718258
165.54436202512338,0,0.9794040754718258
164.26961911516977,0,0.9794040754718258
159.07696428656803,0,0.9794040754718258
151.0973840119029,0,0.9794040754718258
142.43094054508364,0,0.9794040754718258
134.2826887336415,0,0.9794040754718258
127.20349048647614,0,0.9794040754718258
122.33363806900664,0,0.9794040754718258
120.41441885740169,0,0.9794040754718258
120.68799742027862,0,0.9794040754718258
122.28747871897848,0,0.9794040754718258
125.51113808764713,0,0.9794040754718258
130.5696743074161,0,0.9794040754718258
137.24041200815017,0,0.9794040754718258
145.73025570450415,0,0.9794040754718258
155.6493028754546,0,0.9794040754718258
166.2032132090667,0,0.9794040754718258
177.47241771619824,0,0.9794040754718258
189.19663573161293,0,0.9794040754718258
200.41652725501572,0,0.9794040754718258
211.24450488110037,0,0.9794040754718258
222.85321588028566,0,0.9794040754718258
235.74962913726588,0,0.9794040754718258
249.28864115828546,0,0.9794040754718258
262.104943058833,0,0.9794040754718258
272.62210233543595,0,0.9794040754718258
280.10095959917624,0,0.9794040754718258
284.9378470685998,0,0.9794040754718258
287.9973146244401,0,0.9794040754718258
290.0627074505352,0,0.9794040754718258
291.3294580753729,0,0.9794040754718258
291.1407915080854,1,0.9794540768918979
288.503457949649,0,0.9794540768918979
283.1741423876396,0,0.9794540768918979
276.2916740632685,0,0.9794540768918979
268.8074973896393,0,0.9794540768918979
260.17042678123926,0,0.9794540768918979
250.11068999992543,0,0.9794540768918979
239.49807846834813,0,0.9794540768918979
228.95830329819333,0,0.9794540768918979
218.3567963353416,0,0.9794540768918979
207.73823566625057,0,0.9794540768918979
197.90054657146203,0,0.9794540768918979
189.41199841608838,0,0.9794540768918979
182.0801782685203,0,0.9794540768918979
175.45234415456827,0,0.9794540768918979
168.9094172136636,0,0.9794540768918979
161.51097101741095,0,0.9794540768918979
152.59236007650213,0,0.9794540768918979
143.03061901509835,0,0.9794540768918979
133.9949232974226,0,0.9794540768918979
125.0361934187243,0,0.9794540768918979
115.98192149573528,0,0.9794540768918979
107.31940731987889,0,0.9794540768918979
98.47730324616369,0,0.9794540768918979
89.47828039244035,0,0.9794540768918979
81.28106219803885,0,0.9794540768918979
73.89651549895275,0,0.9794540768918979
66.7296026363377,0,0.9794540768918979
59.660996588302766,0,0.9794540768918979
53.237608114762594,0,0.9794540768918979
47.924771743711744,0,0.9794540768918979
43.78536173829476,0,0.9794540768918979
40.36142374343234,0,0.9794540768918979
36.773356751278136,0,0.9794540768918979
32.664005963686755,0,0.9794540768918979
28.291190947525052,0,0.9794540768918979
24.2548230223146,0,0.9794540768918979
20.97473204938806,0,0.9794540768918979
18.045216708842307,0,0.9794540768918979
14.89632548239821,0,0.9794540768918979
11.77253791880992,0,0.9794540768918979
9.020467533234063,0,0.9794540768918979
6.113894650768219,0,0.9794540768918979
2.7821159921059464,0,0.9794540768918979
-0.5946083483922181,0,0.9794540768918979
-4.481620201029534,0,0.9794540768918979
-10.056782710861329,0,0.9794540768918979
-17.924724812568734,0,0.9794540768918979
-28.241501070873426,0,0.9794540768918979
-41.20748331150189,0,0.9794540768918979
-57.08228366606097,0,0.9794540768918979
-76.3053345351671,0,0.9794540768918979
-99.1196840037382,0,0.9794540768918979
-125.43133815279533,0,0.9794540768918979
-155.6917388421721,0,0.9794540768918979
-190.51680455837675,0,0.9794540768918979
-229.24012611220866,0,0.9794540768918979
-270.56740672982613,0,0.9794540768918979
-314.09244786046474,0,0.9794540768918979
-359.6747442423881,0,0.9794540768918979
-406.699605017573,0,0.9794540768918979
-454.52165696960486,0,0.9794540768918979
-502.0959787322056,0,0.9794540768918979
-547.2037009561832,0,0.9794540768918979
-586.8703990817224,0,0.9794540768918979
-619.2797163473444,0,0.9794540768918979
-643.9604593764045,0,0.9794540768918979
-659.9768597258935,0,0.9794540768918979
-666.2614929690374,0,0.9794540768918979
-661.9578025096141,0,0.9794540768918979
-646.4065609369909,0,0.9794540768918979
-620.4047039570739,0,0.9794540768918979
-585.4988956883491,0,0.9794540768918979
-543.112406336983,0,0.9794540768918979
-494.82517357316755,0,0.9794540768918979
-441.87107833977996,0,0.9794540768918979
-385.3354721850176,0,0.9794540768918979
-326.35994674725606,0,0.9794540768918979
-265.92412626221954,0,0.9794540768918979
-205.0271310469821,0,0.9794540768918979
-144.9175602562419,0,0.9794540768918979
-87.60467085716309,0,0.9794540768918979
-34.92772555574139,0,0.9794540768918979
12.472982219805536,0,0.9794540768918979
54.1340495048662,0,0.9794540768918979
89.24346556454408,0,0.9794540768918979
117.07542646711596,0,0.9794540768918979
137.9531627884204,0,0.9794540768918979
153.0789020555708,0,0.9794540768918979
162.6500343077694,0,0.9794540768918979
166.42530175918847,0,0.9794540768918979
165.38719403542842,0,0.9794540768918979
161.26781808342824,0,0.9794540768918979
155.5596841351984,0,0.9794540768918979
149.03691422599402,0,0.9794540768918979
141.90846169624305,0,0.9794540768918979
134.49036125005213,0,0.9794540768918979
127.99921380069696,0,0.9794540768918979
123.94395579722989,0,0.9794540768918979
122.29941057305398,0,0.9794540768918979
121.79033536130108,0,0.9794540768918979
121.71250776756537,0,0.9794540768918979
122.29074113711067,0,0.9794540768918979
123.97344810834511,0,0.9794540768918979
127.2370873476847,0,0.9794540768918979
132.25047226489718,0,0.9794540768918979
138.91808815811865,0,0.9794540768918979
147.33513206918047,0,0.9794540768918979
157.11533040493157,0,0.9794540768918979
167.66343847008045,0,0.9794540768918979
179.20974027789404,0,0.9794540768918979
192.1527119847189,0,0.9794540768918979
206.09188764967536,0,0.9794540768918979
220.2184314285434,0,0.9794540768918979
233.5222276368111,0,0.9794540768918979
244.99749451860788,0,0.9794540768918979
254.7124722373539,0,0.9794540768918979
263.5277751233011,0,0.9794540768918979
271.70569716457936,0,0.9794540768918979
278.64458387420547,0,0.9794540768918979
283.85965146738846,0,0.9794540768918979
286.8788121399463,0,0.9794540768918979
287.18838280966565,0,0.9794540768918979
285.26099433038877,1,0.9792920523602314
281.6021142902376,0,0.9792920523602314
276.2636416017773,0,0.9792920523602314
270.02343787540036,0,0.9792920523602314
263.5143266536879,0,0.9792920523602314
256.5087442862148,0,0.9792920523602314
248.99621209808208,0,0.9792920523602314
241.52261629084785,0,0.9792920523602314
234.709152354795,0,0.9792920523602314
228.8929873226173,0,0.9792920523602314
223.84480249375497,0,0.9792920523602314
218.46122306778216,0,0.9792920523602314
212.0794252772876,0,0.9792920523602314
205.39261353996994,0,0.9792920523602314
198.54176127621852,0,0.9792920523602314
190.50433861380426,0,0.9792920523602314
180.97621283064473,0,0.9792920523602314
170.77566606036052,0,0.9792920523602314
160.17782414130136,0,0.9792920523602314
148.83816429318043,0,0.9792920523602314
136.9878187442315,0,0.9792920523602314
125.1973382289679,0,0.9792920523602314
113.76117774189656,0,0.9792920523602314
102.94100643576213,0,0.9792920523602314
93.51772977390718,0,0.9792920523602314
85.84101115041831,0,0.9792920523602314
79.22456960613967,0,0.9792920523602314
73.5807700304688,0,0.9792920523602314
69.6436118945894,0,0.9792920523602314
67.2550809437368,0,0.9792920523602314
64.78476031851694,0,0.9792920523602314
60.72409693922766,0,0.9792920523602314
55.337790305449076,0,0.9792920523602314
49.986859992204415,0,0.9792920523602314
45.567456089454424,0,0.9792920523602314
42.15387258676598,0,0.9792920523602314
39.19466364146787,0,0.9792920523602314
35.81229797946493,0,0.9792920523602314
31.48575343834764,0,0.9792920523602314
26.474098609999796,0,0.9792920523602314
21.043048661497362,0,0.9792920523602314
14.651319536000866,0,0.9792920523602314
7.1985311928430065,0,0.9792920523602314
-0.37036875883570225,0,0.9792920523602314
-7.859058115905942,0,0.9792920523602314
-16.406160538880837,0,0.9792920523602314
-27.329268559161846,0,0.9792920523602314
-41.73632962444099,0,0.9792920523602314
-60.59145926986955,0,0.9792920523602314
-83.623307328854,0,0.9792920523602314
-109.47721695403887,0,0.9792920523602314
-138.04282929645078,0,0.9792920523602314
-170.41736236489697,0,0.9792920523602314
-207.00701441893005,0,0.9792920523602314
-247.23068656828508,0,0.9792920523602314
-290.13320047890755,0,0.9792920523602314
-335.0867964448514,0,0.9792920523602314
-381.8775274507448,0,0.9792920523602314
-429.628097044111,0,0.9792920523602314
-476.5491275439272,0,0.9792920523602314
-521.3993647638296,0,0.9792920523602314
-563.6558939807014,0,0.9792920523602314
-601.7896390699361,0,0.9792920523602314
-633.695122362256,0,0.9792920523602314
-658.1716492357533,0,0.9792920523602314
-673.4745293178593,0,0.9792920523602314
-677.0986808352224,0,0.9792920523602314
-668.379083776705,0,0.9792920523602314
-648.3624009040898,0,0.9792920523602314
-618.1139062357893,0,0.9792920523602314
-578.7433588726533,0,0.9792920523602314
-531.5799057660888,0,0.9792920523602314
-477.93902841189214,0,0.9792920523602314
-419.14934532898513,0,0.9792920523602314
-356.74551717702434,0,0.9792920523602314
-292.5124445354793,0,0.9792920523602314
-228.13843905367142,0,0.9792920523602314
-164.82044658476133,0,0.9792920523602314
-103.4111215846183,0,0.9792920523602314
-45.20930112865629,0,0.9792920523602314
7.598674421119231,0,0.9792920523602314
53.154266945965006,0,0.9792920523602314
90.76536515021189,0,0.9792920523602314
120.259257836547,0,0.9792920523602314
141.8711467773248,0,0.9792920523602314
156.70741596990467,0,0.9792920523602314
166.71420188529132,0,0.9792920523602314
173.23543500586052,0,0.9792920523602314
176.3349077831218,0,0.9792920523602314
176.04669525835342,0,0.9792920523602314
172.75494725572878,0,0.9792920523602314
167.07710583323524,0,0.9792920523602314
159.975211424057,0,0.9792920523602314
152.27126532420033,0,0.9792920523602314
144.5005424112424,0,0.9792920523602314
136.91692489853753,0,0.9792920523602314
130.0672445551802,0,0.9792920523602314
125.27126997637713,0,0.9792920523602314
123.01225910103496,0,0.9792920523602314
122.77551138153227,0,0.9792920523602314
124.28444666875393,0,0.9792920523602314
127.67318473714636,0,0.9792920523602314
132.99594980332932,0,0.9792920523602314
139.35771094399806,0,0.9792920523602314
145.98643383729274,0,0.9792920523602314
153.34350546217166,0,0.9792920523602314
162.15772064290036,0,0.9792920523602314
172.51509847343303,0,0.9792920523602314
183.94397938764573,0,0.9792920523602314
195.82545504184858,0,0.9792920523602314
207.42064197929946,0,0.9792920523602314
217.73775385202626,0,0.9792920523602314
226.1235965733375,0,0.9792920523602314
233.3498634064755,0,0.9792920523602314
240.42700772906505,0,0.9792920523602314
246.92356801412254,0,0.9792920523602314
252.55190592658866,0,0.9792920523602314
257.90724317056396,0,0.9792920523602314
263.16154487009766,0,0.9792920523602314
267.9013600469403,0,0.9792920523602314
271.2909149194201,0,0.9792920523602314
272.7024822872741,0,0.9792920523602314
272.2205468209882,1,0.9791196991732298
270.4360853308741,0,0.9791196991732298
268.38529696112107,0,0.9791196991732298
266.6132138187533,0,0.9791196991732298
264.3172249646692,0,0.9791196991732298
260.2686061789085,0,0.9791196991732298
254.0841608414772,0,0.9791196991732298
246.09942278695846,0,0.9791196991732298
236.89883188165535,0,0.9791196991732298
227.37135579490186,0,0.9791196991732298
218.2303101186676,0,0.9791196991732298
209.19151187897882,0,0.9791196991732298
199.4084983363679,0,0.9791196991732298
188.8051521342346,0,0.9791196991732298
178.0929761490075,0,0.9791196991732298
167.36754507584004,0,0.9791196991732298
155.824359664556,0,0.9791196991732298
143.41810755891132,0,0.9791196991732298
131.2659352692858,0,0.9791196991732298
120.17610468426366,0,0.9791196991732298
110.36920374783925,0,0.9791196991732298
101.95920369196685,0,0.9791196991732298
94.61442218786277,0,0.9791196991732298
87.98374526855861,0,0.9791196991732298
82.36104463209372,0,0.9791196991732298
77.63936306430371,0,0.9791196991732298
73.12482673193198,0,0.9791196991732298
68.26482583847024,0,0.9791196991732298
62.9914059288903,0,0.9791196991732298
58.316950539175174,0,0.9791196991732298
54.88269292795123,0,0.9791196991732298
51.706292538062314,0,0.9791196991732298
47.55884382783809,0,0.9791196991732298
41.874065172960485,0,0.9791196991732298
34.637295277734204,0,0.9791196991732298
26.180845232408146,0,0.9791196991732298
17.049810856261438,0,0.9791196991732298
7.710668226250009,0,0.9791196991732298
-1.810861191210193,0,0.9791196991732298
-11.86145238274287,0,0.9791196991732298
-22.869333425306696,0,0.9791196991732298
-35.224698337092185,0,0.9791196991732298
-49.32937615623088,0,0.9791196991732298
-65.90724825285649,0,0.9791196991732298
-86.32568041142078,0,0.9791196991732298
-111.64997160599901,0,0.9791196991732298
-141.93444880247216,0,0.9791196991732298
-177.0187055511257,0,0.9791196991732298
-216.41962105936386,0,0.9791196991732298
-259.1076681560349,0,0.9791196991732298
-304.44020904230257,0,0.9791196991732298
-352.102094711121,0,0.9791196991732298
-401.3351151708148,0,0.9791196991732298
-451.0585750920584,0,0.9791196991732298
-499.99500953762094,0,0.9791196991732298
-546.2538536177813,0,0.9791196991732298
-587.8420349483268,0,0.9791196991732298
-623.4059540621533,0,0.9791196991732298
-651.8027799836,0,0.9791196991732298
-671.9988227432676,0,0.9791196991732298
-683.4464261215085,0,0.9791196991732298
-685.4684573464328,0,0.9791196991732298
-676.8928256369381,0,0.9791196991732298
-657.2091384989976,0,0.9791196991732298
-626.8528052868027,0,0.9791196991732298
-586.5505023750101,0,0.9791196991732298
-537.6712152549582,0,0.9791196991732298
-481.9139278398402,0,0.9791196991732298
-420.86419432993483,0,0.9791196991732298
-356.70956339457325,0,0.9791196991732298
-291.21021230009006,0,0.9791196991732298
-225.1250162085074,0,0.9791196991732298
-159.93813353957793,0,0.9791196991732298
-97.39245843050227,0,0.9791196991732298
-38.67563333402024,0,0.9791196991732298
14.668826295730685,0,0.9791196991732298
61.31101244167401,0,0.9791196991732298
100.82661962118759,0,0.9791196991732298
133.13059940466272,0,0.9791196991732298
158.50102562699442,0,0.9791196991732298
177.58216930977719,0,0.9791196991732298
190.9091788753468,0,0.9791196991732298
198.88073596505228,0,0.9791196991732298
202.16022996452725,0,0.9791196991732298
201.46030052692697,0,0.9791196991732298
197.24531496476888,0,0.9791196991732298
190.38571285928163,0,0.9791196991732298
182.3487644757912,0,0.9791196991732298
174.36230486305908,0,0.9791196991732298
166.17856132082613,0,0.9791196991732298
157.04106555707023,0,0.9791196991732298
148.2386696787499,0,0.9791196991732298
141.5531480401908,0,0.9791196991732298
136.9968862247949,0,0.9791196991732298
134.26168356340537,0,0.9791196991732298
133.39514443977504,0,0.9791196991732298
134.1577175242144,0,0.9791196991732298
135.9619087695684,0,0.9791196991732298
138.69164285698378,0,0.9791196991732298
143.81876883191217,0,0.9791196991732298
152.6851338313547,0,0.9791196991732298
163.9688789327879,0,0.9791196991732298
175.1781356251655,0,0.9791196991732298
185.67226300782863,0,0.9791196991732298
196.14849225885087,0,0.9791196991732298
206.64840856187885,0,0.9791196991732298
217.20176167947074,0,0.9791196991732298
228.10973448506766,0,0.9791196991732298
238.72630546900012,0,0.9791196991732298
248.1183381157107,0,0.9791196991732298
255.9657853390669,0,0.9791196991732298
262.3176667613132,0,0.9791196991732298
267.5898732962435,0,0.9791196991732298
272.04860133541405,0,0.9791196991732298
275.5608139072097,0,0.9791196991732298
278.0282355071053,0,0.9791196991732298
279.04675669018934,0,0.9791196991732298
278.1013999246494,1,0.9794922044701568
275.27313601151246,0,0.9794922044701568
270.91200800824146,0,0.9794922044701568
265.0684137454817,0,0.9794922044701568
258.1377765618411,0,0.9794922044701568
251.3465281396263,0,0.9794922044701568
244.817262057932,0,0.9794922044701568
237.1268207728177,0,0.9794922044701568
227.77399821000148,0,0.9794922044701568
217.8105207304208,0,0.9794922044701568
208.55676825639713,0,0.9794922044701568
200.29814171583166,0,0.9794922044701568
192.07176439905064,0,0.9794922044701568
182.96719958902204,0,0.9794922044701568
172.83880920574495,0,0.9794922044701568
161.9179249106052,0,0.9794922044701568
150.64003898472387,0,0.9794922044701568
139.22878296547722,0,0.9794922044701568
127.80697014832607,0,0.9794922044701568
117.40109637503545,0,0.9794922044701568
109.00412928439128,0,0.9794922044701568
102.5764634635114,0,0.9794922044701568
98.0029588218745,0,0.9794922044701568
95.25147683699139,0,0.9794922044701568
93.6438200324832,0,0.9794922044701568
91.80737111374847,0,0.9794922044701568
88.72159929435568,0,0.9794922044701568
84.62938101921772,0,0.9794922044701568
80.21233486179915,0,0.9794922044701568
75.45876658599099,0,0.9794922044701568
69.91056563312588,0,0.9794922044701568
63.455879172837825,0,0.9794922044701568
56.57771933067027,0,0.9794922044701568
49.979351037322736,0,0.9794922044701568
44.04842551107933,0,0.9794922044701568
38.76661627392296,0,0.9794922044701568
34.157960788219675,0,0.9794922044701568
30.03094612201903,0,0.9794922044701568
25.710646985453025,0,0.9794922044701568
20.870405924466198,0,0.9794922044701568
15.6597455022681,0,0.9794922044701568
10.278470365470117,0,0.9794922044701568
4.668832118063729,0,0.9794922044701568
-1.9327028310685261,0,0.9794922044701568
-10.475088283204622,0,0.9794922044701568
-21.406909187132126,0,0.9794922044701568
-34.95690601388727,0,0.9794922044701568
-51.199666584139315,0,0.9794922044701568
-69.77754214572738,0,0.9794922044701568
-89.99042088785777,0,0.9794922044701568
-111.2645350914879,0,0.9794922044701568
-134.0663041533115,0,0.9794922044701568
-159.94192485341483,0,0.9794922044701568
-189.92840893478743,0,0.9794922044701568
-224.00415919037198,0,0.9794922044701568
-262.196126738866,0,0.9794922044701568
-304.6930457664499,0,0.9794922044701568
-350.70878800785806,0,0.9794922044701568
-398.3501101683072,0,0.9794922044701568
-446.0854235315142,0,0.9794922044701568
-493.0706923863275,0,0.9794922044701568
-537.9058940923575,0,0.9794922044701568
-578.9056755413351,0,0.9794922044701568
-615.0648601863911,0,0.9794922044701568
-645.8056432515469,0,0.9794922044701568
-670.186886865229,0,0.9794922044701568
-686.2996153647885,0,0.9794922044701568
-692.1268162066198,0,0.9794922044701568
-687.0257224600407,0,0.9794922044701568
-671.3025179233459,0,0.9794922044701568
-645.0066647904413,0,0.9794922044701568
-608.5385167457209,0,0.9794922044701568
-563.4056481124728,0,0.9794922044701568
-511.46011992477185,0,0.9794922044701568
-454.5139348849807,0,0.9794922044701568
-394.4307861812834,0,0.9794922044701568
-332.8107378955306,0,0.9794922044701568
-271.15195777792593,0,0.9794922044701568
-210.92260435200328,0,0.9794922044701568
-153.25460218888526,0,0.9794922044701568
-98.95735216431277,0,0.9794922044701568
-47.89778077522003,0,0.9794922044701568
0.3198921854842638,0,0.9794922044701568
44.509025373244484,0,0.9794922044701568
82.68787217794295,0,0.9794922044701568
113.68712425449625,0,0.9794922044701568
137.3921169321797,0,0.9794922044701568
154.50328373706677,0,0.9794922044701568
166.20517606088526,0,0.9794922044701568
173.3807077791114,0,0.9794922044701568
176.1294578656615,0,0.9794922044701568
174.99570992847447,0,0.9794922044701568
171.21442462907797,0,0.9794922044701568
165.56435328661757,0,0.9794922044701568
158.660273029086,0,0.9794922044701568
150.935848138316,0,0.9794922044701568
142.16450930387845,0,0.9794922044701568
132.30612119184724,0,0.9794922044701568
122.78228484830485,0,0.9794922044701568
115.90537565364768,0,0.9794922044701568
112.64000734315209,0,0.9794922044701568
112.25085307460299,0,0.9794922044701568
113.79770865259292,0,0.9794922044701568
117.3905379322114,0,0.9794922044701568
123.76655733490834,0,0.9794922044701568
132.83714527528085,0,0.9794922044701568
144.2133640149997,0,0.9794922044701568
157.7968822199274,0,0.9794922044701568
172.4951965006595,0,0.9794922044701568
186.84204669794204,0,0.9794922044701568
201.09701422140486,0,0.9794922044701568
216.3399640683428,0,0.9794922044701568
232.5535507689796,0,0.9794922044701568
248.8786723893805,0,0.9794922044701568
264.3572458720815,0,0.9794922044701568
278.40782446111876,0,0.9794922044701568
290.4461629944419,0,0.9794922044701568
299.3525368655421,0,0.9794922044701568
304.72187089894095,0,0.9794922044701568
307.1807589818881,0,0.9794922044701568
307.10439796607216,1,0.9797350834545027
304.38996359057114,0,0.9797350834545027
299.3172934259863,0,0.9797350834545027
292.60867876035365,0,0.9797350834545027
284.7698214232773,0,0.9797350834545027
276.209261549776,0,0.9797350834545027
267.4455937502552,0,0.9797350834545027
259.0418587256575,0,0.9797350834545027
251.14923561424615,0,0.9797350834545027
243.55227300879886,0,0.9797350834545027
236.42243978114405,0,0.9797350834545027
230.12764474524047,0,0.9797350834545027
224.4060531339917,0,0.9797350834545027
218.10641753177606,0,0.9797350834545027
210.3490857671,0,0.9797350834545027
200.9853200594383,0,0.9797350834545027
190.10088207902876,0,0.9797350834545027
178.8140912279102,0,0.9797350834545027
168.53247388113041,0,0.9797350834545027
159.47245392428198,0,0.9797350834545027
151.97371144039528,0,0.9797350834545027
146.0893922125555,0,0.9797350834545027
140.16541474284423,0,0.9797350834545027
133.27336692927307,0,0.9797350834545027
126.08983613298741,0,0.9797350834545027
118.65098784381469,0,0.9797350834545027
110.5333009041746,0,0.9797350834545027
102.48182628913429,0,0.9797350834545027
95.5323578238319,0,0.9797350834545027
89.47135575340978,0,0.9797350834545027
83.51188007682661,0,0.9797350834545027
77.26601773461566,0,0.9797350834545027
70.60113091405498,0,0.9797350834545027
63.445588459454704,0,0.9797350834545027
56.1822993501808,0,0.9797350834545027
49.60009984603972,0,0.9797350834545027
43.78590435634861,0,0.9797350834545027
38.2536529953581,0,0.9797350834545027
33.040265464949364,0,0.9797350834545027
28.184537818001612,0,0.9797350834545027
23.166002521270265,0,0.9797350834545027
17.389753857325562,0,0.9797350834545027
10.932702085926012,0,0.9797350834545027
4.368848513574369,0,0.9797350834545027
-2.6186796450511665,0,0.9797350834545027
-10.872912121629366,0,0.9797350834545027
-20.53146471615819,0,0.9797350834545027
-31.461022518791765,0,0.9797350834545027
-44.07036431832188,0,0.9797350834545027
-59.3424392787924,0,0.9797350834545027
-77.85275607768475,0,0.9797350834545027
-99.66743134999854,0,0.9797350834545027
-125.79768526788322,0,0.9797350834545027
-157.2806108801434,0,0.9797350834545027
-193.1494265861481,0,0.9797350834545027
-231.7890826548883,0,0.9797350834545027
-272.4762814496938,0,0.9797350834545027
-314.9028529672612,0,0.9797350834545027
-359.01821914812143,0,0.9797350834545027
-404.7577928639033,0,0.9797350834545027
-451.1900644602552,0,0.9797350834545027
-496.4599406611925,0,0.9797350834545027
-538.7764302579511,0,0.9797350834545027
-576.764688170688,0,0.9797350834545027
-609.3580471671088,0,0.9797350834545027
-635.4648502305341,0,0.9797350834545027
-653.0038925413593,0,0.9797350834545027
-660.2960743304383,0,0.9797350834545027
-657.8525498586137,0,0.9797350834545027
-646.7787420923153,0,0.9797350834545027
-627.3074717533494,0,0.9797350834545027
-599.1696265271794,0,0.9797350834545027
-562.1380434630978,0,0.9797350834545027
-516.5152584825853,0,0.9797350834545027
-463.23443600131776,0,0.9797350834545027
-404.0635435181848,0,0.9797350834545027
-341.7681804997308,0,0.9797350834545027
-278.9587429283416,0,0.9797350834545027
-216.98013349287103,0,0.9797350834545027
-156.70585884413006,0,0.9797350834545027
-99.59707454851254,0,0.9797350834545027
-46.76756648427973,0,0.9797350834545027
1.685171209821011,0,0.9797350834545027
45.396866985494206,0,0.9797350834545027
83.33638740024617,0,0.9797350834545027
114.75063875341203,0,0.9797350834545027
139.57407666720528,0,0.9797350834545027
158.30574824301726,0,0.9797350834545027
171.51982686693216,0,0.9797350834545027
179.7513974927789,0,0.9797350834545027
183.71144802912627,0,0.9797350834545027
183.870764513513,0,0.9797350834545027
180.9037900848059,0,0.9797350834545027
176.04264461692668,0,0.9797350834545027
169.8049407207808,0,0.9797350834545027
161.95447765378498,0,0.9797350834545027
153.1212163152036,0,0.9797350834545027
144.91127973721166,0,0.9797350834545027
138.2761256417048,0,0.9797350834545027
133.00878066421873,0,0.9797350834545027
129.2397180343756,0,0.9797350834545027
127.53642290433436,0,0.9797350834545027
127.628816512189,0,0.9797350834545027
129.40190021658438,0,0.9797350834545027
133.28910260684052,0,0.9797350834545027
139.2464905718315,0,0.9797350834545027
147.28551930517983,0,0.9797350834545027
157.26283535896403,0,0.9797350834545027
168.2856982443759,0,0.9797350834545027
179.56309460468478,0,0.9797350834545027
190.5297001824617,0,0.9797350834545027
200.6836736087561,0,0.9797350834545027
210.01442200575457,0,0.9797350834545027
218.78787635262617,0,0.9797350834545027
227.0509681230212,0,0.9797350834545027
234.52184887296593,0,0.9797350834545027
240.95042520318694,0,0.9797350834545027
246.16711157524233,0,0.9797350834545027
249.94696399578658,0,0.9797350834545027
252.73600138170733,0,0.9797350834545027
255.57552552369563,0,0.9797350834545027
258.7387538463637,0,0.9797350834545027
261.7211593904371,0,0.9797350834545027
264.25646156166505,0,0.9797350834545027
266.3726508678683,0,0.9797350834545027
267.5025842170922,0,0.9797350834545027
266.01190631456234,1,0.9795061836930893
261.2332918458661,0,0.9795061836930893
254.70865421808327,0,0.9795061836930893
247.72816067857354,0,0.9795061836930893
240.27569114233924,0,0.9795061836930893
232.5797097328404,0,0.9795061836930893
225.33520470324672,0,0.9795061836930893
218.74388156885036,0,0.9795061836930893
212.19993642797775,0,0.9795061836930893
205.06443231401252,0,0.9795061836930893
197.63985472177995,0,0.9795061836930893
190.27714979307547,0,0.9795061836930893
182.3765560387318,0,0.9795061836930893
173.50091092427334,0,0.9795061836930893
164.01284084201444,0,0.9795061836930893
154.3233177970637,0,0.9795061836930893
144.36174664424675,0,0.9795061836930893
133.84212227350324,0,0.9795061836930893
122.62200885847149,0,0.9795061836930893
110.82817365180301,0,0.9795061836930893
99.11518503272659,0,0.9795061836930893
88.51177625840864,0,0.9795061836930893
79.70597743016128,0,0.9795061836930893
72.62712703235324,0,0.9795061836930893
66.57225885097701,0,0.9795061836930893
60.562059594686374,0,0.9795061836930893
54.343184673585924,0,0.9795061836930893
48.498723098539436,0,0.9795061836930893
43.61009279129985,0,0.9795061836930893
40.2281792926544,0,0.9795061836930893
38.026106054381884,0,0.9795061836930893
35.860961205222694,0,0.9795061836930893
33.56491617568549,0,0.9795061836930893
31.272666016477814,0,0.9795061836930893
28.367190111827487,0,0.9795061836930893
24.567894626536766,0,0.9795061836930893
20.23449834411482,0,0.9795061836930893
15.777064671941387,0,0.9795061836930893
11.544511369657888,0,0.9795061836930893
7.669637272721872,0,0.9795061836930893
3.4878395558808983,0,0.9795061836930893
-1.6790311862650382,0,0.9795061836930893
-7.180485403905221,0,0.9795061836930893
-12.46095158771642,0,0.9795061836930893
-18.563952961265997,0,0.9795061836930893
-27.061920153022545,0,0.9795061836930893
-38.781233723118945,0,0.9795061836930893
-53.63804751865403,0,0.9795061836930893
-71.2411616812621,0,0.9795061836930893
-91.63518492184069,0,0.9795061836930893
-115.04060730942707,0,0.9795061836930893
-141.29527437621644,0,0.9795061836930893
-170.46902222660026,0,0.9795061836930893
-203.16706129506622,0,0.9795061836930893
-239.75805825907582,0,0.9795061836930893
-279.97068205725594,0,0.9795061836930893
-323.37259094317454,0,0.9795061836930893
-369.65353138790175,0,0.9795061836930893
-417.89977597589615,0,0.9795061836930893
-466.45265961772884,0,0.9795061836930893
-513.1632582336601,0,0.9795061836930893
-555.8089968272028,0,0.9795061836930893
-593.365182573539,0,0.9795061836930893
-625.3495308058971,0,0.9795061836930893
-650.6120451800853,0,0.9795061836930893
-668.0651194437002,0,0.9795061836930893
-676.706361700073,0,0.9795061836930893
-675.4988736544682,0,0.9795061836930893
-663.7245535425802,0,0.9795061836930893
-640.5918327369337,0,0.9795061836930893
-606.4527247464455,0,0.9795061836930893
-563.5843636421615,0,0.9795061836930893
-514.0063940372684,0,0.9795061836930893
-458.5942650190727,0,0.9795061836930893
-398.2559148378286,0,0.9795061836930893
-334.598889831644,0,0.9795061836930893
-269.7179981432545,0,0.9795061836930893
-206.03260247968066,0,0.9795061836930893
-145.78567899041153,0,0.9795061836930893
-89.7933265800131,0,0.9795061836930893
-37.58829613757877,0,0.9795061836930893
10.793973521175795,0,0.9795061836930893
54.567256159649396,0,0.9795061836930893
93.09854809482364,0,0.9795061836930893
125.10662002393356,0,0.9795061836930893
149.37944175354758,0,0.9795061836930893
166.49383184917485,0,0.9795061836930893
177.2899010142741,0,0.9795061836930893
182.02363569205855,0,0.9795061836930893
181.71490681970056,0,0.9795061836930893
178.09782153990128,0,0.9795061836930893
172.4588562464519,0,0.9795061836930893
165.488697212537,0,0.9795061836930893
157.48822627451875,0,0.9795061836930893
148.6769717654614,0,0.9795061836930893
140.0937798854901,0,0.9795061836930893
132.78859930065184,0,0.9795061836930893
126.90505773406363,0,0.9795061836930893
122.78838717407733,0,0.9795061836930893
121.22811058078172,0,0.9795061836930893
122.7943163522206,0,0.9795061836930893
127.39190751995763,0,0.9795061836930893
133.74856609027552,0,0.9795061836930893
140.61801542447017,0,0.9795061836930893
148.47341347543616,0,0.9795061836930893
158.29018880828565,0,0.9795061836930893
169.89454886348358,0,0.9795061836930893
182.22885931139612,0,0.9795061836930893
194.48678517624865,0,0.9795061836930893
206.78491684663933,0,0.9795061836930893
219.2194615428088,0,0.9795061836930893
231.3218736998536,0,0.9795061836930893
242.4261242190373,0,0.9795061836930893
251.88211738667388,0,0.9795061836930893
259.712011407199,0,0.9795061836930893
266.2971449402452,0,0.9795061836930893
271.2937362109203,0,0.9795061836930893
274.60309182006534,0,0.9795061836930893
277.1939941891824,0,0.9795061836930893
279.3152058590894,0,0.9795061836930893
280.2363739979002,0,0.9795061836930893
279.89072889220864,1,0.9796117410719677
278.74477416501736,0,0.9796117410719677
276.50090982651216,0,0.9796117410719677
272.4526342208097,0,0.9796117410719677
266.8557759848539,0,0.9796117410719677
260.56759812714074,0,0.9796117410719677
254.18066422523188,0,0.9796117410719677
247.5595980633694,0,0.9796117410719677
240.02089186988397,0,0.9796117410719677
231.37527137016752,0,0.9796117410719677
221.9084934545654,0,0.9796117410719677
212.10654896605828,0,0.9796117410719677
202.83784678495257,0,0.9796117410719677
194.5613538791922,0,0.9796117410719677
186.80244327485948,0,0.9796117410719677
178.86667525708665,0,0.9796117410719677
170.6246827106025,0,0.9796117410719677
162.17884563342227,0,0.9796117410719677
152.96776347150612,0,0.9796117410719677
142.6284331002558,0,0.9796117410719677
132.01355056105302,0,0.9796117410719677
122.4457966819596,0,0.9796117410719677
114.77527378142098,0,0.9796117410719677
108.76964982768811,0,0.9796117410719677
103.52592237112586,0,0.9796117410719677
98.57569785930374,0,0.9796117410719677
93.58790342837278,0,0.9796117410719677
87.81710783222674,0,0.9796117410719677
81.18879794258808,0,0.9796117410719677
74.3455722075047,0,0.9796117410719677
67.26746874801572,0,0.9796117410719677
59.901693072880164,0,0.9796117410719677
52.82701842936598,0,0.9796117410719677
46.30278469032177,0,0.9796117410719677
40.24826738482517,0,0.9796117410719677
35.062476767700794,0,0.9796117410719677
30.735715447020475,0,0.9796117410719677
25.987230256696236,0,0.9796117410719677
20.354496487613616,0,0.9796117410719677
14.590248232829248,0,0.9796117410719677
8.949790315542261,0,0.9796117410719677
3.4919245538476087,0,0.9796117410719677
-1.9109020891962674,0,0.9796117410719677
-7.7616674222984114,0,0.9796117410719677
-14.365085898009898,0,0.9796117410719677
-22.235776631558302,0,0.9796117410719677
-32.106364246491985,0,0.9796117410719677
-44.624281919312494,0,0.9796117410719677
-60.455638306680264,0,0.9796117410719677
-80.11288629803008,0,0.9796117410719677
-104.32881391022025,0,0.9796117410719677
-133.78333921102825,0,0.9796117410719677
-167.8393183276921,0,0.9796117410719677
-205.11188203432837,0,0.9796117410719677
-245.17360753935898,0,0.9796117410719677
-288.5051965999503,0,0.9796117410719677
-335.5689444561762,0,0.9796117410719677
-385.99824125461737,0,0.9796117410719677
-438.10418635859395,0,0.9796117410719677
-489.8729643394533,0,0.9796117410719677
-539.8448767415543,0,0.9796117410719677
-586.2078935268837,0,0.9796117410719677
-626.1456741125173,0,0.9796117410719677
-657.5311189021214,0,0.9796117410719677
-680.1091731590586,0,0.9796117410719677
-693.5973845699438,0,0.9796117410719677
-696.9193276740657,0,0.9796117410719677
-689.8315203602676,0,0.9796117410719677
-672.4882546318537,0,0.9796117410719677
-644.3617809552724,0,0.9796117410719677
-605.5228162600166,0,0.9796117410719677
-557.4623855073863,0,0.9796117410719677
-502.28357173753267,0,0.9796117410719677
-441.85689607479287,0,0.9796117410719677
-377.50171812533716,0,0.9796117410719677
-311.13381333841687,0,0.9796117410719677
-245.64905575482854,0,0.9796117410719677
-182.76197799917753,0,0.9796117410719677
-122.66644783413328,0,0.9796117410719677
-66.03199629563744,0,0.9796117410719677
-14.456102661007764,0,0.9796117410719677
30.849713903925718,0,0.9796117410719677
69.65615267531985,0,0.9796117410719677
102.28938484466714,0,0.9796117410719677
129.03370420785063,0,0.9796117410719677
149.79648404298464,0,0.9796117410719677
164.90663977075266,0,0.9796117410719677
175.18170413531476,0,0.9796117410719677
180.89710105293864,0,0.9796117410719677
182.14825308772006,0,0.9796117410719677
179.70453233917982,0,0.9796117410719677
174.87713872454074,0,0.9796117410719677
169.11899854656102,0,0.9796117410719677
163.237482790534,0,0.9796117410719677
157.26492052744834,0,0.9796117410719677
151.65210884429402,0,0.9796117410719677
147.09765835108735,0,0.9796117410719677
143.6050978353599,0,0.9796117410719677
140.99198087302702,0,0.9796117410719677
139.46580917597248,0,0.9796117410719677
139.2410030147088,0,0.9796117410719677
140.58315997409437,0,0.9796117410719677
144.12365628890828,0,0.9796117410719677
149.92301922976014,0,0.9796117410719677
157.32695853194804,0,0.9796117410719677
166.0476089803835,0,0.9796117410719677
176.1211439444022,0,0.9796117410719677
187.5098499786952,0,0.9796117410719677
199.7280360873299,0,0.9796117410719677
211.78232500599344,0,0.9796117410719677
223.45011157840503,0,0.9796117410719677
235.68555558322305,0,0.9796117410719677
248.70123047514463,0,0.9796117410719677
260.895105747873,0,0.9796117410719677
270.7406974874702,0,0.9796117410719677
278.2812562166504,0,0.9796117410719677
284.0411110107863,0,0.9796117410719677
287.91469694841896,0,0.9796117410719677
289.80416380832537,0,0.9796117410719677
289.93730193088874,0,0.9796117410719677
288.22499326822276,1,0.979521457954424
284.8167020937415,0,0.979521457954424
280.1637485180982,0,0.979521457954424
274.70503551957523,0,0.979521457954424
268.8378610275452,0,0.979521457954424
262.16962199198616,0,0.979521457954424
254.21091637287827,0,0.979521457954424
245.0080413179432,0,0.979521457954424
234.98318255058172,0,0.979521457954424
224.91927241233932,0,0.979521457954424
215.436259003446,0,0.979521457954424
207.03772820662786,0,0.979521457954424
199.86375933712742,0,0.979521457954424
193.22446585605823,0,0.979521457954424
186.35168806022824,0,0.979521457954424
178.5337686240828,0,0.979521457954424
169.28482664066405,0,0.979521457954424
159.58788048206554,0,0.979521457954424
150.4053531000584,0,0.979521457954424
140.94455459236013,0,0.979521457954424
130.72904670998057,0,0.979521457954424
120.42343724506256,0,0.979521457954424
110.2196076461717,0,0.979521457954424
100.0008512941218,0,0.979521457954424
90.15046581751032,0,0.979521457954424
80.77096317509377,0,0.979521457954424
71.50380125808113,0,0.979521457954424
62.989969252408784,0,0.979521457954424
56.67474944825656,0,0.979521457954424
52.66217813295198,0,0.979521457954424
49.656078291191974,0,0.979521457954424
46.59958590827906,0,0.979521457954424
43.20179730315931,0,0.979521457954424
39.5045930788917,0,0.979521457954424
35.22697756198604,0,0.979521457954424
30.329067111831556,0,0.979521457954424
25.44546172766497,0,0.979521457954424
20.667830958566082,0,0.979521457954424
15.366629760722919,0,0.979521457954424
8.576270823864963,0,0.979521457954424
-0.38139152974898505,0,0.979521457954424
-11.201135958746674,0,0.979521457954424
-23.39379676140875,0,0.979521457954424
-36.8886700660986,0,0.979521457954424
-51.9396482526937,0,0.979521457954424
-69.01431699107816,0,0.979521457954424
-88.96391191129828,0,0.979521457954424
-112.68522608948979,0,0.979521457954424
-140.48501254484276,0,0.979521457954424
-172.33884082220212,0,0.979521457954424
-207.9470261723333,0,0.979521457954424
-247.02463221509012,0,0.979521457954424
-289.36429632211417,0,0.979521457954424
-334.2303206501711,0,0.979521457954424
-380.8903820592468,0,0.979521457954424
-428.7029306757357,0,0.979521457954424
-476.5219289065482,0,0.979521457954424
-522.98923203407,0,0.979521457954424
-566.0571104761598,0,0.979521457954424
-602.8465846080907,0,0.979521457954424
-631.1097137420609,0,0.979521457954424
-650.1411540945024,0,0.979521457954424
-660.0553377842716,0,0.979521457954424
-660.1138153312519,0,0.979521457954424
-649.169430914863,0,0.979521457954424
-627.2989359971859,0,0.979521457954424
-595.3868405398107,0,0.979521457954424
-554.5695618853977,0,0.979521457954424
-506.3721318838551,0,0.979521457954424
-452.48884194992974,0,0.979521457954424
-394.1973919483423,0,0.979521457954424
-332.36996192689526,0,0.979521457954424
-268.4373267885254,0,0.979521457954424
-204.43950903464483,0,0.979521457954424
-142.36413632273502,0,0.979521457954424
-83.93729804164421,0,0.979521457954424
-30.49724828545924,0,0.979521457954424
16.99293791034932,0,0.979521457954424
58.6606770831603,0,0.979521457954424
95.72427484909684,0,0.979521457954424
128.0305380818646,0,0.979521457954424
153.93194112499438,0,0.979521457954424
172.77326164822713,0,0.979521457954424
184.70084523576097,0,0.979521457954424
190.11379217342503,0,0.979521457954424
190.46235273563914,0,0.979521457954424
187.58820799159656,0,0.979521457954424
182.64445491139267,0,0.979521457954424
175.9847961151433,0,0.979521457954424
167.85929053956156,0,0.979521457954424
158.86950979717957,0,0.979521457954424
149.64749214115042,0,0.979521457954424
140.88020410003912,0,0.979521457954424
133.13317568933647,0,0.979521457954424
126.84555382276902,0,0.979521457954424
122.81771175399612,0,0.979521457954424
121.66842744069714,0,0.979521457954424
123.40604248009683,0,0.979521457954424
127.74526141103239,0,0.979521457954424
134.22349943570006,0,0.979521457954424
142.26997648521902,0,0.979521457954424
151.24493598537413,0,0.979521457954424
160.93030625417393,0,0.979521457954424
171.61122244106124,0,0.979521457954424
183.15746397000825,0,0.979521457954424
195.09244800166474,0,0.979521457954424
207.0869320319195,0,0.979521457954424
218.87647065447553,0,0.979521457954424
230.42120112164136,0,0.979521457954424
241.64244309174876,0,0.979521457954424
252.32283389687743,0,0.979521457954424
262.1328864052769,0,0.979521457954424
269.98931794297476,0,0.979521457954424
274.72330381774657,0,0.979521457954424
276.3444821000424,0,0.979521457954424
275.863597796456,1,0.979734104859904
274.2407562947493,0,0.979734104859904
271.75908986099273,0,0.979734104859904
268.57348797237637,0,0.979734104859904
265.03347502118675,0,0.979734104859904
260.94447172932064,0,0.979734104859904
255.7873137975337,0,0.979734104859904
249.80182347389524,0,0.979734104859904
243.31575025629047,0,0.979734104859904
235.88534502709012,0,0.979734104859904
227.18393259546662,0,0.979734104859904
217.447341615472,0,0.979734104859904
207.03456680888797,0,0.979734104859904
196.15977669187316,0,0.979734104859904
185.14707592607877,0,0.979734104859904
175.1031523727794,0,0.979734104859904
167.24110330591293,0,0.979734104859904
161.568570518638,0,0.979734104859904
157.312665762533,0,0.979734104859904
153.63621058975303,0,0.979734104859904
149.56201873876776,0,0.979734104859904
144.58116653472675,0,0.979734104859904
139.0800598976003,0,0.979734104859904
133.39556437282351,0,0.979734104859904
127.45939889901071,0,0.979734104859904
121.57298429068956,0,0.979734104859904
116.09950203736696,0,0.979734104859904
110.53937713531543,0,0.979734104859904
104.14529050848857,0,0.979734104859904
96.83686185855629,0,0.979734104859904
89.02470733997134,0,0.979734104859904
81.14028427038068,0,0.979734104859904
73.27772169590266,0,0.979734104859904
64.92018837575816,0,0.979734104859904
55.563890140439405,0,0.979734104859904
45.84385133650509,0,0.979734104859904
36.66294047034189,0,0.979734104859904
27.818190608656476,0,0.979734104859904
18.62132173107125,0,0.979734104859904
8.644605754903356,0,0.979734104859904
-2.4913794023969773,0,0.979734104859904
-15.130176071503055,0,0.979734104859904
-29.101264769506187,0,0.979734104859904
-44.014699432156675,0,0.979734104859904
-59.89930869356456,0,0.979734104859904
-77.20106163643545,0,0.979734104859904
-96.57068351286956,0,0.979734104859904
-118.91362923496098,0,0.979734104859904
-145.95983844455046,0,0.979734104859904
-179.06656305909794,0,0.979734104859904
-217.5201752470088,0,0.979734104859904
-259.8627257601463,0,0.979734104859904
-305.23661307693123,0,0.979734104859904
-353.220293712943,0,0.979734104859904
-403.43720692369385,0,0.979734104859904
-455.2138206426264,0,0.979734104859904
-507.30726842821593,0,0.979734104859904
-557.2638116246974,0,0.979734104859904
-602.2015697524174,0,0.979734104859904
-640.4728875399705,0,0.979734104859904
-670.9322164444385,0,0.979734104859904
-691.6679267270634,0,0.979734104859904
-701.1262726787363,0,0.979734104859904
-698.9625434901732,0,0.979734104859904
-685.3342085699138,0,0.979734104859904
-660.874559926744,0,0.979734104859904
-626.7616884056346,0,0.979734104859904
-583.976499653379,0,0.979734104859904
-533.046630173214,0,0.979734104859904
-474.8866394099096,0,0.979734104859904
-411.2501388744844,0,0.979734104859904
-344.3435344374316,0,0.979734104859904
-276.77322318889907,0,0.979734104859904
-210.7642786954518,0,0.979734104859904
-147.2462350375543,0,0.979734104859904
-87.19075012193196,0,0.979734104859904
-31.70583817053747,0,0.979734104859904
19.68355582002353,0,0.979734104859904
66.63935186665114,0,0.979734104859904
106.39676759510867,0,0.979734104859904
137.62514646563682,0,0.979734104859904
161.35336997109292,0,0.979734104859904
178.7814893700897,0,0.979734104859904
191.012547878355,0,0.979734104859904
198.65102188499594,0,0.979734104859904
201.50115942651064,0,0.979734104859904
199.29390335454113,0,0.979734104859904
192.4175900427272,0,0.979734104859904
181.93549059881914,0,0.979734104859904
169.11417820677227,0,0.979734104859904
155.30345281370472,0,0.979734104859904
141.61269805666268,0,0.979734104859904
128.9704098069288,0,0.979734104859904
118.50765674708518,0,0.979734104859904
111.5657651552881,0,0.979734104859904
109.39565592996026,0,0.979734104859904
111.94882728662098,0,0.979734104859904
117.69031817937757,0,0.979734104859904
125.29997004707663,0,0.979734104859904
134.34376298273853,0,0.979734104859904
144.7039857463003,0,0.979734104859904
156.0510270795973,0,0.979734104859904
167.75229283276278,0,0.979734104859904
179.96803186144254,0,0.979734104859904
193.37317084573408,0,0.979734104859904
207.5366995474873,0,0.979734104859904
221.87728165887242,0,0.979734104859904
236.0531500721982,0,0.979734104859904
249.07358487410843,0,0.979734104859904
260.5103984434099,0,0.979734104859904
270.5248037802773,0,0.979734104859904
279.0215874141975,0,0.979734104859904
286.0674230347109,0,0.979734104859904
291.7732775273243,0,0.979734104859904
296.0521264288336,0,0.979734104859904
298.59185074941655,0,0.979734104859904
299.08568727644837,0,0.979734104859904
297.4573879824726,1,0.9797282264072601
293.5329054486209,0,0.9797282264072601
287.270832079906,0,0.9797282264072601
279.29203891130425,0,0.9797282264072601
270.73124143828727,0,0.9797282264072601
262.6449648149961,0,0.9797282264072601
255.14488881123768,0,0.9797282264072601
247.32944487545575,0,0.9797282264072601
238.62434784881629,0,0.9797282264072601
229.50297201389444,0,0.9797282264072601
220.29247293678355,0,0.9797282264072601
210.59021608412442,0,0.9797282264072601
200.31177856357368,0,0.9797282264072601
189.96410559894792,0,0.9797282264072601
179.8388348857755,0,0.9797282264072601
169.5861212667737,0,0.9797282264072601
158.8726814945408,0,0.9797282264072601
147.97974445913465,0,0.9797282264072601
137.67954688142342,0,0.9797282264072601
128.79172218714262,0,0.9797282264072601
121.2267248208975,0,0.9797282264072601
114.06745244207976,0,0.9797282264072601
106.6876288175471,0,0.9797282264072601
98.88167584657276,0,0.9797282264072601
90.84145418289151,0,0.9797282264072601
83.10487983912002,0,0.9797282264072601
75.94124674498705,0,0.9797282264072601
69.69018088539646,0,0.9797282264072601
65.01362305075986,0,0.9797282264072601
62.1701496238917,0,0.9797282264072601
60.93185864927675,0,0.9797282264072601
60.34076911745518,0,0.9797282264072601
58.56972790980899,0,0.9797282264072601
54.39347019870085,0,0.9797282264072601
48.23537090827572,0,0.9797282264072601
41.00134693138943,0,0.9797282264072601
32.47773990108645,0,0.9797282264072601
21.44602140858873,0,0.9797282264072601
6.914650382377041,0,0.9797282264072601
-11.230158223381476,0,0.9797282264072601
-32.86042882691659,0,0.9797282264072601
-58.22429230427006,0,0.9797282264072601
-87.50940370588845,0,0.9797282264072601
-120.72817912483804,0,0.9797282264072601
-157.99680354896222,0,0.9797282264072601
-199.0435061947492,0,0.9797282264072601
-243.17169252145032,0,0.9797282264072601
-290.09188930488295,0,0.9797282264072601
-339.18128768083494,0,0.9797282264072601
-388.883064734012,0,0.9797282264072601
-438.3549278137585,0,0.9797282264072601
-487.2326532251861,0,0.9797282264072601
-533.8182752787127,0,0.9797282264072601
-575.9330102935897,0,0.9797282264072601
-612.071493610456,0,0.9797282264072601
-640.9071218701029,0,0.9797282264072601
-661.6349743828729,0,0.9797282264072601
-673.8125490821548,0,0.9797282264072601
-676.4878844787656,0,0.9797282264072601
-669.3248172937944,0,0.9797282264072601
-652.7608203450256,0,0.9797282264072601
-626.8719446961705,0,0.9797282264072601
-592.1382505338573,0,0.9797282264072601
-549.6836200983055,0,0.9797282264072601
-500.21022123607764,0,0.9797282264072601
-444.269365222997,0,0.9797282264072601
-383.2929003161848,0,0.9797282264072601
-319.3149585176605,0,0.9797282264072601
-253.94289906066788,0,0.9797282264072601
-188.92560452415321,0,0.9797282264072601
-126.89791690640725,0,0.9797282264072601
-70.1152388940785,0,0.9797282264072601
-19.009968069511523,0,0.9797282264072601
27.353759073243893,0,0.9797282264072601
69.18996675402782,0,0.9797282264072601
105.27158524513742,0,0.9797282264072601
134.16850969319378,0,0.9797282264072601
155.3382178572965,0,0.9797282264072601
169.60205927129488,0,0.9797282264072601
177.9305879439443,0,0.9797282264072601
180.7667145979073,0,0.9797282264072601
179.57274215340556,0,0.9797282264072601
176.18871676651332,0,0.9797282264072601
171.32098513815552,0,0.9797282264072601
165.58698667073637,0,0.9797282264072601
160.2256005913495,0,0.9797282264072601
156.0893618256138,0,0.9797282264072601
153.32124906764398,0,0.9797282264072601
151.67760281332403,0,0.9797282264072601
150.1818997510646,0,0.9797282264072601
148.02700955324806,0,0.9797282264072601
145.80511470326996,0,0.9797282264072601
144.80782144627673,0,0.9797282264072601
145.76471195790973,0,0.9797282264072601
148.22836701659674,0,0.9797282264072601
151.33402780452676,0,0.9797282264072601
154.98532763906886,0,0.9797282264072601
159.79893819004542,0,0.9797282264072601
166.4312179054258,0,0.9797282264072601
174.63106189677333,0,0.9797282264072601
183.36053838399275,0,0.9797282264072601
192.09386654216127,0,0.9797282264072601
200.65600312280654,0,0.9797282264072601
208.88960746236165,0,0.9797282264072601
217.18679176665594,0,0.9797282264072601
226.1825896852254,0,0.9797282264072601
235.94393400631856,0,0.9797282264072601
245.95233725583708,0,0.9797282264072601
255.52689897520244,0,0.9797282264072601
263.8074111748115,0,0.9797282264072601
270.0362628502702,0,0.9797282264072601
274.0167873137709,0,0.9797282264072601
275.9240683790565,0,0.9797282264072601
276.3288763512997,0,0.9797282264072601
275.89931563746035,1,0.9797601216762348
274.46690030637274,0,0.9797601216762348
271.7689002583369,0,0.9797601216762348
268.11673066856196,0,0.9797601216762348
263.1797638995702,0,0.9797601216762348
256.26416537476774,0,0.9797601216762348
247.61443638491247,0,0.9797601216762348
237.85333332924586,0,0.9797601216762348
227.13601972918596,0,0.9797601216762348
215.5101614639578,0,0.9797601216762348
203.47292558132656,0,0.9797601216762348
191.7628194989103,0,0.9797601216762348
180.59674085804633,0,0.9797601216762348
169.80185371929593,0,0.9797601216762348
159.28919934240784,0,0.9797601216762348
148.88857343516415,0,0.9797601216762348
138.7140530474854,0,0.9797601216762348
128.9209245562606,0,0.9797601216762348
119.04520570134626,0,0.9797601216762348
109.31888822142704,0,0.9797601216762348
100.99085480443127,0,0.9797601216762348
93.8935660632532,0,0.9797601216762348
86.28014883122633,0,0.9797601216762348
77.68885786258762,0,0.9797601216762348
69.384248549885,0,0.9797601216762348
62.17299452632369,0,0.9797601216762348
55.789899180213474,0,0.9797601216762348
49.46136591603143,0,0.9797601216762348
42.6707719120922,0,0.9797601216762348
36.52102073356207,0,0.9797601216762348
32.78773435499422,0,0.9797601216762348
31.381889795209876,0,0.9797601216762348
30.652117208096875,0,0.9797601216762348
29.48202207037658,0,0.9797601216762348
27.901486401529187,0,0.9797601216762348
26.309085351941558,0,0.9797601216762348
24.83485460299004,0,0.9797601216762348
23.270649398848406,0,0.9797601216762348
21.024079909036956,0,0.9797601216762348
17.724147263242646,0,0.9797601216762348
13.554704631512177,0,0.9797601216762348
8.375035985411174,0,0.9797601216762348
2.240315888355475,0,0.9797601216762348
-4.251681458822257,0,0.9797601216762348
-11.266005104389116,0,0.9797601216762348
-19.800321489122933,0,0.9797601216762348
-30.554620830376773,0,0.9797601216762348
-43.384233231032056,0,0.9797601216762348
-58.177501437124235,0,0.9797601216762348
-75.45411852292229,0,0.9797601216762348
-95.60431334052375,0,0.9797601216762348
-118.76868661719733,0,0.9797601216762348
-145.31695588099393,0,0.9797601216762348
-175.89765415992505,0,0.9797601216762348
-211.07738788697282,0,0.9797601216762348
-250.56248702978957,0,0.9797601216762348
-293.31708522175484,0,0.9797601216762348
-338.71304833224366,0,0.9797601216762348
-386.50176975999756,0,0.9797601216762348
-435.9025403637874,0,0.9797601216762348
-485.4001270123568,0,0.9797601216762348
-532.8919248529004,0,0.9797601216762348
-576.7933533424846,0,0.9797601216762348
-616.312614245731,0,0.9797601216762348
-649.8077428346322,0,0.9797601216762348
-675.1735389650919,0,0.9797601216762348
-690.5625732020741,0,0.9797601216762348
-694.3187345486089,0,0.9797601216762348
-686.2688670889264,0,0.9797601216762348
-667.8007300172255,0,0.9797601216762348
-640.5716190372799,0,0.9797601216762348
-605.1771900229078,0,0.9797601216762348
-560.9909137793919,0,0.9797601216762348
-508.20792243732035,0,0.9797601216762348
-449.0086908124326,0,0.9797601216762348
-386.2401644896984,0,0.9797601216762348
-322.0004388406278,0,0.9797601216762348
-258.15599937760743,0,0.9797601216762348
-196.4710459764167,0,0.9797601216762348
-137.49446768275388,0,0.9797601216762348
-81.40460248955578,0,0.9797601216762348
-28.898939338924308,0,0.9797601216762348
19.397993434421704,0,0.9797601216762348
62.95955792709259,0,0.9797601216762348
100.89300575435026,0,0.9797601216762348
131.74232982439648,0,0.9797601216762348
154.76668772253916,0,0.9797601216762348
171.22490985603022,0,0.9797601216762348
183.20922005839162,0,0.9797601216762348
191.9923722114868,0,0.9797601216762348
197.5415824727928,0,0.9797601216762348
199.17394663460516,0,0.9797601216762348
197.13225808078377,0,0.9797601216762348
192.61048345326145,0,0.9797601216762348
186.4033020170684,0,0.9797601216762348
178.84602624396004,0,0.9797601216762348
170.31591723426044,0,0.9797601216762348
161.4978685512105,0,0.9797601216762348
153.39012170909825,0,0.9797601216762348
146.747966064584,0,0.9797601216762348
141.7238891296411,0,0.9797601216762348
137.92110084515755,0,0.9797601216762348
135.2470575212549,0,0.9797601216762348
134.29430235538723,0,0.9797601216762348
135.11553848138058,0,0.9797601216762348
137.2894201851023,0,0.9797601216762348
141.29577395701648,0,0.9797601216762348
148.0609376652572,0,0.9797601216762348
157.40922570964972,0,0.9797601216762348
168.28236525092888,0,0.9797601216762348
179.87923458372077,0,0.9797601216762348
191.5651454375795,0,0.9797601216762348
202.71330759557952,0,0.9797601216762348
213.10317059167198,0,0.9797601216762348
223.00118829834193,0,0.9797601216762348
232.59060290050286,0,0.9797601216762348
241.31486575030064,0,0.9797601216762348
248.6421318949009,0,0.9797601216762348
254.7999650495198,0,0.9797601216762348
259.9692060354954,0,0.9797601216762348
264.1963720438311,0,0.9797601216762348
268.22101236705004,0,0.9797601216762348
272.80422002512057,0,0.9797601216762348
277.28844460493866,0,0.9797601216762348
279.897468034075,0,0.9797601216762348
279.39179346274017,1,0.9795355160113473
275.83270958632477,0,0.9795355160113473
269.8586174631891,0,0.9795355160113473
262.279047733983,0,0.9795355160113473
253.8095706038663,0,0.9795355160113473
244.39858931471068,0,0.9795355160113473
234.07526850465257,0,0.9795355160113473
223.84866066579025,0,0.9795355160113473
214.6584124164145,0,0.9795355160113473
206.42815777751244,0,0.9795355160113473
198.6265698722918,0,0.9795355160113473
191.04274008149983,0,0.9795355160113473
183.58699082844146,0,0.9795355160113473
176.23634463808688,0,0.9795355160113473
168.96527793161468,0,0.9795355160113473
161.02091951604282,0,0.9795355160113473
151.84078358121582,0,0.9795355160113473
141.92038611515184,0,0.9795355160113473
131.66603454929918,0,0.9795355160113473
121.5451087208306,0,0.9795355160113473
112.42822249779582,0,0.9795355160113473
104.44609555688118,0,0.9795355160113473
97.26883072003108,0,0.9795355160113473
91.10388558132948,0,0.9795355160113473
86.35736579093502,0,0.9795355160113473
82.6391765847639,0,0.9795355160113473
78.85879391219248,0,0.9795355160113473
74.64636519433633,0,0.9795355160113473
70.4237051278028,0,0.9795355160113473
66.04672854014032,0,0.9795355160113473
60.729032867762605,0,0.9795355160113473
54.22051973408104,0,0.9795355160113473
47.06942145065135,0,0.9795355160113473
40.41547161506535,0,0.9795355160113473
35.47437127205575,0,0.9795355160113473
31.961880163409422,0,0.9795355160113473
28.78180246548637,0,0.9795355160113473
25.729008524084573,0,0.9795355160113473
22.491610072092143,0,0.9795355160113473
18.146251666956612,0,0.9795355160113473
12.459008654292498,0,0.9795355160113473
6.141311610502212,0,0.9795355160113473
-0.2276972786058994,0,0.9795355160113473
-7.004512108604921,0,0.9795355160113473
-14.737276683047245,0,0.9795355160113473
-23.261310660737422,0,0.9795355160113473
-32.83673371482357,0,0.9795355160113473
-44.58688823343096,0,0.9795355160113473
-59.48166644802445,0,0.9795355160113473
-78.6521120629947,0,0.9795355160113473
-102.81851619653733,0,0.9795355160113473
-130.9950138760427,0,0.9795355160113473
-162.4344343517398,0,0.9795355160113473
-197.9677156032768,0,0.9795355160113473
-237.98729641698824,0,0.9795355160113473
-281.96281802087407,0,0.9795355160113473
-329.2281620187769,0,0.9795355160113473
-378.73613138843996,0,0.9795355160113473
-429.5238301752022,0,0.9795355160113473
-480.7079130055222,0,0.9795355160113473
-530.1953549371565,0,0.9795355160113473
-575.0847396149036,0,0.9795355160113473
-613.6496391937677,0,0.9795355160113473
-645.5160545893486,0,0.9795355160113473
-670.1086787731105,0,0.9795355160113473
-686.4154477311287,0,0.9795355160113473
-693.5096684356963,0,0.9795355160113473
-690.5589634549565,0,0.9795355160113473
-676.8179247324915,0,0.9795355160113473
-651.8987950529443,0,0.9795355160113473
-616.7452313875194,0,0.9795355160113473
-573.0520885137723,0,0.9795355160113473
-521.6508088752445,0,0.9795355160113473
-463.3808766742183,0,0.9795355160113473
-400.32936365787424,0,0.9795355160113473
-334.9874594768955,0,0.9795355160113473
-269.0540796659767,0,0.9795355160113473
-203.70109952501966,0,0.9795355160113473
-140.5803229691756,0,0.9795355160113473
-81.35516742776454,0,0.9795355160113473
-26.866174894368783,0,0.9795355160113473
21.844156725195905,0,0.9795355160113473
63.365499886160976,0,0.9795355160113473
97.34447988052803,0,0.9795355160113473
124.38968622773076,0,0.9795355160113473
145.24118224279445,0,0.9795355160113473
160.3148330758479,0,0.9795355160113473
169.65209780916047,0,0.9795355160113473
173.79366047555226,0,0.9795355160113473
173.90328335799552,0,0.9795355160113473
171.02841009034478,0,0.9795355160113473
166.17378801932122,0,0.9795355160113473
160.55841766067238,0,0.9795355160113473
155.01880710401812,0,0.9795355160113473
149.65147226673957,0,0.9795355160113473
144.4462024017103,0,0.9795355160113473
140.09096234280244,0,0.9795355160113473
137.53227936356518,0,0.9795355160113473
136.3440492530463,0,0.9795355160113473
135.42203490057844,0,0.9795355160113473
135.21823028132746,0,0.9795355160113473
137.07358902066122,0,0.9795355160113473
141.11613198202687,0,0.9795355160113473
146.48537053330162,0,0.9795355160113473
153.0579346776217,0,0.9795355160113473
161.42669515084776,0,0.9795355160113473
171.38345555067858,0,0.9795355160113473
181.87901510439852,0,0.9795355160113473
192.6157823946979,0,0.9795355160113473
203.85985663644593,0,0.9795355160113473
215.2504008859201,0,0.9795355160113473
226.62548968368287,0,0.9795355160113473
238.0484504036608,0,0.9795355160113473
248.91293150363532,0,0.9795355160113473
258.19468452900503,0,0.9795355160113473
264.82324251590455,0,0.9795355160113473
268.88316587411464,0,0.9795355160113473
271.81857847055176,0,0.9795355160113473
274.43267627395903,0,0.9795355160113473
276.5125860282912,0,0.9795355160113473
278.18519854445424,0,0.9795355160113473
279.94560945804164,0,0.9795355160113473
281.6767957563074,0,0.9795355160113473
282.32942326901474,0,0.9795355160113473
280.674695043143,1,0.9796288003413839
276.4104231933095,0,0.9796288003413839
269.94334622577026,0,0.9796288003413839
261.6405857440431,0,0.9796288003413839
252.4053278342492,0,0.9796288003413839
243.35372442306274,0,0.9796288003413839
234.6157204423814,0,0.9796288003413839
226.0485134460666,0,0.9796288003413839
217.8240864350248,0,0.9796288003413839
209.87944384258716,0,0.9796288003413839
201.8097628681981,0,0.9796288003413839
193.08439447769788,0,0.9796288003413839
183.35992179342975,0,0.9796288003413839
172.85660551135211,0,0.9796288003413839
162.54612461558003,0,0.9796288003413839
153.31368444937277,0,0.9796288003413839
145.2614334926552,0,0.9796288003413839
138.49718758574903,0,0.9796288003413839
132.6722949997087,0,0.9796288003413839
126.43396706413397,0,0.9796288003413839
119.43626641439782,0,0.9796288003413839
112.77510379520076,0,0.9796288003413839
107.17232736072867,0,0.9796288003413839
102.52827708541687,0,0.9796288003413839
98.26192226560615,0,0.9796288003413839
93.56623960644606,0,0.9796288003413839
87.76618385387498,0,0.9796288003413839
80.61593908917509,0,0.9796288003413839
73.00267680784607,0,0.9796288003413839
66.32677205341429,0,0.9796288003413839
60.48332105753097,0,0.9796288003413839
54.336520983284174,0,0.9796288003413839
47.75528325441669,0,0.9796288003413839
41.21690032091818,0,0.9796288003413839
34.68318919689424,0,0.9796288003413839
27.889431295936152,0,0.9796288003413839
20.637389768358332,0,0.9796288003413839
12.795733254843947,0,0.9796288003413839
4.319718813486007,0,0.9796288003413839
-4.760484927068679,0,0.9796288003413839
-14.537342448923763,0,0.9796288003413839
-25.543791734180584,0,0.9796288003413839
-38.43481182698573,0,0.9796288003413839
-53.45001466691533,0,0.9796288003413839
-70.55283000537017,0,0.9796288003413839
-90.00011444002018,0,0.9796288003413839
-112.82003562230052,0,0.9796288003413839
-140.15443644765833,0,0.9796288003413839
-171.96310165541823,0,0.9796288003413839
-207.95951078506408,0,0.9796288003413839
-248.46711406730148,0,0.9796288003413839
-292.8502070451471,0,0.9796288003413839
-339.82650439223505,0,0.9796288003413839
-388.80793646995323,0,0.9796288003413839
-439.3447729213758,0,0.9796288003413839
-490.40367241073346,0,0.9796288003413839
-539.5561348348876,0,0.9796288003413839
-584.0421823763696,0,0.9796288003413839
-622.7752362584289,0,0.9796288003413839
-654.4725862244934,0,0.9796288003413839
-677.0694959729607,0,0.9796288003413839
-689.8756068907786,0,0.9796288003413839
-692.4047030591873,0,0.9796288003413839
-683.4908365748547,0,0.9796288003413839
-663.0201253317706,0,0.9796288003413839
-632.13138687691,0,0.9796288003413839
-592.2970603922158,0,0.9796288003413839
-544.9152996053056,0,0.9796288003413839
-490.8996969520955,0,0.9796288003413839
-430.9710249799052,0,0.9796288003413839
-366.813328481741,0,0.9796288003413839
-301.010059233429,0,0.9796288003413839
-235.510339695558,0,0.9796288003413839
-171.75362826493023,0,0.9796288003413839
-111.6577062324536,0,0.9796288003413839
-56.84915522900814,0,0.9796288003413839
-8.280856202356702,0,0.9796288003413839
33.62548623670745,0,0.9796288003413839
69.14566912727811,0,0.9796288003413839
99.01038856782591,0,0.9796288003413839
123.76798270044554,0,0.9796288003413839
143.06606487916292,0,0.9796288003413839
155.99690445429965,0,0.9796288003413839
162.03013116188285,0,0.9796288003413839
162.07606930906368,0,0.9796288003413839
158.0485923710707,0,0.9796288003413839
151.50691162154087,0,0.9796288003413839
144.25682781955916,0,0.9796288003413839
137.98020710214274,0,0.9796288003413839
132.9705436379386,0,0.9796288003413839
128.4332303107481,0,0.9796288003413839
123.63947518545555,0,0.9796288003413839
118.97786501395782,0,0.9796288003413839
115.2830398269079,0,0.9796288003413839
113.0667094605599,0,0.9796288003413839
113.02391504106674,0,0.9796288003413839
115.78529471216018,0,0.9796288003413839
120.73904578105306,0,0.9796288003413839
126.41801423078478,0,0.9796288003413839
132.80528936496316,0,0.9796288003413839
141.22834926325783,0,0.9796288003413839
151.75014811864693,0,0.9796288003413839
163.29537872471053,0,0.9796288003413839
175.68169342850788,0,0.9796288003413839
188.97980870522062,0,0.9796288003413839
202.33934887595575,0,0.9796288003413839
215.47358187448077,0,0.9796288003413839
228.7425157805891,0,0.9796288003413839
241.42576020571337,0,0.9796288003413839
252.61190761545203,0,0.9796288003413839
262.2802916815337,0,0.9796288003413839
270.58853594010947,0,0.9796288003413839
277.6314649356198,0,0.9796288003413839
283.2560862606091,0,0.9796288003413839
286.8764068769037,0,0.9796288003413839
288.00424445523703,0,0.9796288003413839
287.17521277272084,1,0.9801134557224722
285.7639237227656,0,0.9801134557224722
283.91806994659294,0,0.9801134557224722
280.3562541508908,0,0.9801134557224722
275.0678300252235,0,0.9801134557224722
269.966514401554,0,0.9801134557224722
265.92696696144753,0,0.9801134557224722
261.58474812185204,0,0.9801134557224722
255.74016043798923,0,0.9801134557224722
248.29182092986275,0,0.9801134557224722
239.19686523754027,0,0.9801134557224722
228.5344377926656,0,0.9801134557224722
217.02379515203282,0,0.9801134557224722
205.48316456337798,0,0.9801134557224722
193.98491315853192,0,0.9801134557224722
182.36475998022644,0,0.9801134557224722
171.0747575849872,0,0.9801134557224722
160.374355617969,0,0.9801134557224722
150.05422475972802,0,0.9801134557224722
140.80673939189592,0,0.9801134557224722
133.65721551751912,0,0.9801134557224722
128.45629106671976,0,0.9801134557224722
124.37574089665458,0,0.9801134557224722
120.36865824535013,0,0.9801134557224722
115.48145245774842,0,0.9801134557224722
109.80182321372268,0,0.9801134557224722
104.14332252693816,0,0.9801134557224722
98.79219045360122,0,0.9801134557224722
93.31463363083967,0,0.9801134557224722
87.31043811381194,0,0.9801134557224722
80.74422508788149,0,0.9801134557224722
73.80523862104202,0,0.9801134557224722
66.73544556804286,0,0.9801134557224722
59.703416776513606,0,0.9801134557224722
53.13740230615198,0,0.9801134557224722
47.754597299686814,0,0.9801134557224722
43.5727693224369,0,0.9801134557224722
39.27216775605514,0,0.9801134557224722
33.80431069205156,0,0.9801134557224722
28.007068153225607,0,0.9801134557224722
22.88304124614532,0,0.9801134557224722
18.222820289264195,0,0.9801134557224722
13.419485847973599,0,0.9801134557224722
7.950548767530435,0,0.9801134557224722
1.7844358293441824,0,0.9801134557224722
-4.754767494872663,0,0.9801134557224722
-11.515176416178651,0,0.9801134557224722
-18.899675785814484,0,0.9801134557224722
-27.517781070610493,0,0.9801134557224722
-37.12308439475456,0,0.9801134557224722
-47.59794892371396,0,0.9801134557224722
-59.65224883427275,0,0.9801134557224722
-74.07438948510006,0,0.9801134557224722
-92.01343915523519,0,0.9801134557224722
-114.18414176414275,0,0.9801134557224722
-140.31949433508464,0,0.9801134557224722
-170.73226963977467,0,0.9801134557224722
-206.30654544369514,0,0.9801134557224722
-246.5796505801148,0,0.9801134557224722
-289.7197277272679,0,0.9801134557224722
-334.7024659552566,0,0.9801134557224722
-382.0959385222214,0,0.9801134557224722
-432.4866065505498,0,0.9801134557224722
-484.683360707481,0,0.9801134557224722
-535.631727854767,0,0.9801134557224722
-581.8750734687078,0,0.9801134557224722
-621.1546252358088,0,0.9801134557224722
-652.8032867803919,0,0.9801134557224722
-676.3194796799302,0,0.9801134557224722
-690.7181035371273,0,0.9801134557224722
-695.4081014646516,0,0.9801134557224722
-690.0767562824033,0,0.9801134557224722
-674.1117732108269,0,0.9801134557224722
-647.0750146346077,0,0.9801134557224722
-609.2428149940719,0,0.9801134557224722
-561.5598940841032,0,0.9801134557224722
-505.8853067387572,0,0.9801134557224722
-444.8648359619775,0,0.9801134557224722
-380.7462070716329,0,0.9801134557224722
-315.205086216226,0,0.9801134557224722
-250.15919888285762,0,0.9801134557224722
-187.61359867019067,0,0.9801134557224722
-128.992949824562,0,0.9801134557224722
-74.86701177369349,0,0.9801134557224722
-25.120699975734848,0,0.9801134557224722
20.472470938203465,0,0.9801134557224722
61.52073624954278,0,0.9801134557224722
97.05869524849761,0,0.9801134557224722
126.02872230170273,0,0.9801134557224722
147.9350953638875,0,0.9801134557224722
163.49318067142414,0,0.9801134557224722
173.80418290870392,0,0.9801134557224722
179.155305758153,0,0.9801134557224722
179.32596838883077,0,0.9801134557224722
175.09925468937712,0,0.9801134557224722
168.27529995058092,0,0.9801134557224722
160.24037159141074,0,0.9801134557224722
151.76348177787827,0,0.9801134557224722
143.14044494838453,0,0.9801134557224722
134.63386367446142,0,0.9801134557224722
127.22717710235989,0,0.9801134557224722
122.26027582014156,0,0.9801134557224722
120.42024245192901,0,0.9801134557224722
121.25067358854847,0,0.9801134557224722
123.94205467187781,0,0.9801134557224722
128.21289561599855,0,0.9801134557224722
133.97741124847997,0,0.9801134557224722
141.0033966382578,0,0.9801134557224722
149.3605332166975,0,0.9801134557224722
159.47184439464792,0,0.9801134557224722
171.27398033486307,0,0.9801134557224722
183.66949789333634,0,0.9801134557224722
195.53905855271915,0,0.9801134557224722
206.70679502381367,0,0.9801134557224722
216.74648709212673,0,0.9801134557224722
224.6903827953871,0,0.9801134557224722
230.6304609007734,0,0.9801134557224722
235.47006382160274,0,0.9801134557224722
239.69240661584232,0,0.9801134557224722
243.49754462239218,0,0.9801134557224722
247.10826981382777,0,0.9801134557224722
250.8728633475511,0,0.9801134557224722
255.0138667233659,0,0.9801134557224722
259.21443325372485,0,0.9801134557224722
262.99892275491703,0,0.9801134557224722
265.59833226928197,0,0.9801134557224722
265.9665583611289,0,0.9801134557224722
264.1063503029111,1,0.9798437108465233
260.9668232138499,0,0.9798437108465233
256.9214155122073,0,0.9798437108465233
251.9942207937331,0,0.9798437108465233
246.745972117149,0,0.9798437108465233
241.81769492080872,0,0.9798437108465233
237.15637910316914,0,0.9798437108465233
231.5965774405136,0,0.9798437108465233
223.93628320071468,0,0.9798437108465233
214.84205218699555,0,0.9798437108465233
206.07888211251685,0,0.9798437108465233
198.03544688065568,0,0.9798437108465233
189.68237950048655,0,0.9798437108465233
180.67172027404038,0,0.9798437108465233
171.77031828850681,0,0.9798437108465233
163.47125374080545,0,0.9798437108465233
155.7356965709657,0,0.9798437108465233
148.4695269331061,0,0.9798437108465233
141.26287137420087,0,0.9798437108465233
133.65696065027743,0,0.9798437108465233
125.9150714351874,0,0.9798437108465233
118.48208743959763,0,0.9798437108465233
111.70967564102037,0,0.9798437108465233
105.98723884521964,0,0.9798437108465233
101.35866077376619,0,0.9798437108465233
97.63578106804293,0,0.9798437108465233
93.95133064813609,0,0.9798437108465233
89.38928353963175,0,0.9798437108465233
83.9281223478601,0,0.9798437108465233
77.32784668933729,0,0.9798437108465233
69.47061129519746,0,0.9798437108465233
61.03042759959993,0,0.9798437108465233
52.28924178467184,0,0.9798437108465233
43.472805674951076,0,0.9798437108465233
35.68309814315524,0,0.9798437108465233
29.696265688419544,0,0.9798437108465233
24.748220763983394,0,0.9798437108465233
19.48943904103099,0,0.9798437108465233
13.253906436771794,0,0.9798437108465233
5.581427038060241,0,0.9798437108465233
-4.15455542632758,0,0.9798437108465233
-16.224427448420208,0,0.9798437108465233
-30.866225586932778,0,0.9798437108465233
-48.25941052391553,0,0.9798437108465233
-67.814728396785,0,0.9798437108465233
-89.12049130532398,0,0.9798437108465233
-113.08045530018937,0,0.9798437108465233
-140.7000495948154,0,0.9798437108465233
-171.95003258391893,0,0.9798437108465233
-207.01620627995715,0,0.9798437108465233
-246.77277841214453,0,0.9798437108465233
-291.4425404704906,0,0.9798437108465233
-340.1960094845077,0,0.9798437108465233
-391.542419187243,0,0.9798437108465233
-443.7273857828057,0,0.9798437108465233
-495.2286031778844,0,0.9798437108465233
-544.2046046482563,0,0.9798437108465233
-588.333119443607,0,0.9798437108465233
-626.3584172049283,0,0.9798437108465233
-657.4539895977697,0,0.9798437108465233
-679.7903613928105,0,0.9798437108465233
-692.1064805760241,0,0.9798437108465233
-693.9681515793498,0,0.9798437108465233
-684.4593443435125,0,0.9798437108465233
-663.2805580375156,0,0.9798437108465233
-631.3835692994091,0,0.9798437108465233
-590.0428126111084,0,0.9798437108465233
-540.9663771367187,0,0.9798437108465233
-485.9781957959126,0,0.9798437108465233
-426.6915581159471,0,0.9798437108465233
-364.7773769196605,0,0.9798437108465233
-301.23057496907893,0,0.9798437108465233
-237.1494802956735,0,0.9798437108465233
-174.24557312262792,0,0.9798437108465233
-113.32956224688597,0,0.9798437108465233
-55.4082910665871,0,0.9798437108465233
-2.9449992165967753,0,0.9798437108465233
42.47630207768869,0,0.9798437108465233
81.38393253776492,0,0.9798437108465233
114.37143804345273,0,0.9798437108465233
141.14348145091702,0,0.9798437108465233
161.66056109657114,0,0.9798437108465233
176.79067078596967,0,0.9798437108465233
187.75216121958613,0,0.9798437108465233
194.76670496754772,0,0.9798437108465233
197.25245265170108,0,0.9798437108465233
195.3925207453326,0,0.9798437108465233
190.03706787582445,0,0.9798437108465233
182.17397624127327,0,0.9798437108465233
172.82147953606528,0,0.9798437108465233
162.33230380998918,0,0.9798437108465233
150.80675892894192,0,0.9798437108465233
139.59471355517795,0,0.9798437108465233
130.61054834241875,0,0.9798437108465233
124.65914284848908,0,0.9798437108465233
122.15475526388806,0,0.9798437108465233
123.59166636293172,0,0.9798437108465233
128.51873244517577,0,0.9798437108465233
135.8624369946135,0,0.9798437108465233
144.75153326235647,0,0.9798437108465233
154.51149569656147,0,0.9798437108465233
164.8343349729956,0,0.9798437108465233
175.85819248685857,0,0.9798437108465233
187.75185887107023,0,0.9798437108465233
200.35146094476858,0,0.9798437108465233
213.16785596228664,0,0.9798437108465233
225.6235292567068,0,0.9798437108465233
236.87852563651464,0,0.9798437108465233
245.78705986560914,0,0.9798437108465233
251.7684383421003,0,0.9798437108465233
255.46942135398467,0,0.9798437108465233
258.3087379152394,0,0.9798437108465233
261.22364965513356,0,0.9798437108465233
264.1954718067553,0,0.9798437108465233
267.2428140445643,0,0.9798437108465233
270.440737011693,0,0.9798437108465233
273.0169910249234,0,0.9798437108465233
274.3161545168249,0,0.9798437108465233
274.88501364413844,0,0.9798437108465233
275.48384914113393,0,0.9798437108465233
275.97608638083005,0,0.9798437108465233
275.6206943291178,1,0.9800247658289022
273.94365082157907,0,0.9800247658289022
270.79761336363237,0,0.9800247658289022
266.067528683634,0,0.9800247658289022
259.980037991244,0,0.9800247658289022
252.7370177738524,0,0.9800247658289022
243.81284809661503,0,0.9800247658289022
233.12248822541204,0,0.9800247658289022
221.73940346397487,0,0.9800247658289022
210.38354409267427,0,0.9800247658289022
199.34012537491418,0,0.9800247658289022
189.53557132307216,0,0.9800247658289022
181.1893781843887,0,0.9800247658289022
173.4958961885006,0,0.9800247658289022
166.38307702046905,0,0.9800247658289022
159.66792053129646,0,0.9800247658289022
152.23469912459333,0,0.9800247658289022
143.29410908468725,0,0.9800247658289022
133.11784346467965,0,0.9800247658289022
123.0015083770711,0,0.9800247658289022
114.06009149430767,0,0.9800247658289022
106.00149302927528,0,0.9800247658289022
98.00264971484644,0,0.9800247658289022
89.91684528812965,0,0.9800247658289022
81.85909346286999,0,0.9800247658289022
73.63087416367208,0,0.9800247658289022
65.29637133066254,0,0.9800247658289022
57.42881198628415,0,0.9800247658289022
49.985882647779384,0,0.9800247658289022
42.51733660520746,0,0.9800247658289022
35.099535567970925,0,0.9800247658289022
27.19975275435761,0,0.9800247658289022
18.179019201193633,0,0.9800247658289022
8.985582650134177,0,0.9800247658289022
0.42179480928979984,0,0.9800247658289022
-8.283680171795565,0,0.9800247658289022
-17.33907903656216,0,0.9800247658289022
-25.58658521125666,0,0.9800247658289022
-32.676166811482304,0,0.9800247658289022
-39.57477648544711,0,0.9800247658289022
-46.91328700205254,0,0.9800247658289022
-55.019869549732995,0,0.9800247658289022
-65.10629870279692,0,0.9800247658289022
-77.96158814494457,0,0.9800247658289022
-92.9917807068849,0,0.9800247658289022
-110.09895135671042,0,0.9800247658289022
-130.33752752160214,0,0.9800247658289022
-154.96293395588387,0,0.9800247658289022
-184.8175317183883,0,0.9800247658289022
-219.2779298356893,0,0.9800247658289022
-256.7282934461509,0,0.9800247658289022
-296.72748460658596,0,0.9800247658289022
-339.09836651492384,0,0.9800247658289022
-382.6787045835491,0,0.9800247658289022
-426.768897469435,0,0.9800247658289022
-471.1590642640214,0,0.9800247658289022
-514.8984277264904,0,0.9800247658289022
-556.2228344530191,0,0.9800247658289022
-593.3145699067604,0,0.9800247658289022
-624.5159276532787,0,0.9800247658289022
-648.5315678526432,0,0.9800247658289022
-664.2824576679066,0,0.9800247658289022
-670.2076188946659,0,0.9800247658289022
-665.3315232083133,0,0.9800247658289022
-650.05618365119,0,0.9800247658289022
-625.1372765921864,0,0.9800247658289022
-591.2156597583814,0,0.9800247658289022
-549.223278050582,0,0.9800247658289022
-500.23230271061095,0,0.9800247658289022
-445.7023309804286,0,0.9800247658289022
-387.80508039129796,0,0.9800247658289022
-328.34537650711286,0,0.9800247658289022
-268.6486601755479,0,0.9800247658289022
-210.15083840223267,0,0.9800247658289022
-153.9394544531393,0,0.9800247658289022
-100.6575778402714,0,0.9800247658289022
-50.94051424426387,0,0.9800247658289022
-5.314737959452614,0,0.9800247658289022
35.60911619974165,0,0.9800247658289022
71.10625713071748,0,0.9800247658289022
100.88583469686725,0,0.9800247658289022
124.73764537846111,0,0.9800247658289022
142.4292761233531,0,0.9800247658289022
153.99871401599552,0,0.9800247658289022
160.1739031549191,0,0.9800247658289022
162.3458155098888,0,0.9800247658289022
161.54090993056195,0,0.9800247658289022
158.82832657459875,0,0.9800247658289022
155.55259261005924,0,0.9800247658289022
152.36463687563074,0,0.9800247658289022
149.29151601136246,0,0.9800247658289022
146.34706508906552,0,0.9800247658289022
143.73732828076214,0,0.9800247658289022
141.76724689469188,0,0.9800247658289022
140.75866185457267,0,0.9800247658289022
140.68819398777717,0,0.9800247658289022
140.97460032101918,0,0.9800247658289022
141.13329110556455,0,0.9800247658289022
141.64845223802087,0,0.9800247658289022
143.64246476262036,0,0.9800247658289022
147.67633795270896,0,0.9800247658289022
153.64259442236212,0,0.9800247658289022
161.39443114774394,0,0.9800247658289022
170.8050366804453,0,0.9800247658289022
181.59189367348554,0,0.9800247658289022
193.48339478414908,0,0.9800247658289022
206.19239307029912,0,0.9800247658289022
219.27319307405733,0,0.9800247658289022
232.56899907065966,0,0.9800247658289022
246.3217054652698,0,0.9800247658289022
260.08596536309796,0,0.9800247658289022
272.3562561040482,0,0.9800247658289022
282.20964621351817,0,0.9800247658289022
289.7043594670827,0,0.9800247658289022
294.9912891121266,0,0.9800247658289022
298.32248921210794,0,0.9800247658289022
299.5985416082205,0,0.9800247658289022
298.2671022144131,1,0.9801320853811536
294.30989184042,0,0.9801320853811536
288.58283194815465,0,0.9801320853811536
281.74432687924127,0,0.9801320853811536
274.11651469432826,0,0.9801320853811536
266.5375525651357,0,0.9801320853811536
259.7129071060743,0,0.9801320853811536
253.42370100488043,0,0.9801320853811536
246.89179720427967,0,0.9801320853811536
239.7347504108177,0,0.9801320853811536
232.23226219138044,0,0.9801320853811536
224.23706066723966,0,0.9801320853811536
215.16033434239543,0,0.9801320853811536
205.19355336712619,0,0.9801320853811536
194.68731022768233,0,0.9801320853811536
183.56782896184694,0,0.9801320853811536
172.34562987918622,0,0.9801320853811536
161.78277683952118,0,0.9801320853811536
152.07932112390927,0,0.9801320853811536
143.26563701125784,0,0.9801320853811536
135.17552292587857,0,0.9801320853811536
127.13313223987508,0,0.9801320853811536
118.60443174274056,0,0.9801320853811536
109.98798463364625,0,0.9801320853811536
102.24245984768159,0,0.9801320853811536
95.67831535753503,0,0.9801320853811536
89.64803986791016,0,0.9801320853811536
83.8180166202839,0,0.9801320853811536
78.61678605620642,0,0.9801320853811536
73.97285999662286,0,0.9801320853811536
68.81196479545352,0,0.9801320853811536
62.50653022897253,0,0.9801320853811536
55.27390904966462,0,0.9801320853811536
46.17376274755197,0,0.9801320853811536
33.759871352498735,0,0.9801320853811536
18.514110382309138,0,0.9801320853811536
2.260130442187755,0,0.9801320853811536
-14.245539070543538,0,0.9801320853811536
-31.787005009212287,0,0.9801320853811536
-50.785220743891166,0,0.9801320853811536
-71.10195052978625,0,0.9801320853811536
-93.02674220528907,0,0.9801320853811536
-116.99455876776462,0,0.9801320853811536
-143.60005260792153,0,0.9801320853811536
-173.88797895046446,0,0.9801320853811536
-208.66893111354943,0,0.9801320853811536
-247.9391105842323,0,0.9801320853811536
-291.29629787229044,0,0.9801320853811536
-337.8635344494475,0,0.9801320853811536
-385.823097363584,0,0.9801320853811536
-433.07900535642125,0,0.9801320853811536
-477.9328232363891,0,0.9801320853811536
-519.1783240433244,0,0.9801320853811536
-556.2241844086235,0,0.9801320853811536
-588.3584374645391,0,0.9801320853811536
-614.1125799839243,0,0.9801320853811536
-632.1898581367956,0,0.9801320853811536
-641.9096486427671,0,0.9801320853811536
-642.5617937352722,0,0.9801320853811536
-633.6529117253189,0,0.9801320853811536
-615.3341336275445,0,0.9801320853811536
-588.078732084017,0,0.9801320853811536
-552.0307580285776,0,0.9801320853811536
-506.8985914441334,0,0.9801320853811536
-453.48484981504987,0,0.9801320853811536
-394.3969700925635,0,0.9801320853811536
-332.7192516471542,0,0.9801320853811536
-271.14679785810455,0,0.9801320853811536
-211.31068807975652,0,0.9801320853811536
-153.71099797373938,0,0.9801320853811536
-99.20995666774516,0,0.9801320853811536
-48.96068584841553,0,0.9801320853811536
-3.6457351477156084,0,0.9801320853811536
36.156159385384974,0,0.9801320853811536
70.14810508660895,0,0.9801320853811536
98.38134366072005,0,0.9801320853811536
120.83494428566752,0,0.9801320853811536
137.2958244954874,0,0.9801320853811536
148.29253358374538,0,0.9801320853811536
154.94775952633947,0,0.9801320853811536
157.6225384375158,0,0.9801320853811536
156.9098156530239,0,0.9801320853811536
154.19430316747497,0,0.9801320853811536
150.3113682669081,0,0.9801320853811536
145.35176531471873,0,0.9801320853811536
139.2584925802487,0,0.9801320853811536
132.43252138727502,0,0.9801320853811536
125.78907183568687,0,0.9801320853811536
120.08541429321217,0,0.9801320853811536
116.01296387662657,0,0.9801320853811536
114.18201148483494,0,0.9801320853811536
114.62060121611225,0,0.9801320853811536
117.26642898153783,0,0.9801320853811536
122.04729137267131,0,0.9801320853811536
128.6381933885809,0,0.9801320853811536
137.0249859559561,0,0.9801320853811536
146.82116024465824,0,0.9801320853811536
156.8538861341535,0,0.9801320853811536
166.69191727990236,0,0.9801320853811536
176.85662727152513,0,0.9801320853811536
187.58316225844538,0,0.9801320853811536
198.87668682629925,0,0.9801320853811536
210.77340819963072,0,0.9801320853811536
222.49643065603973,0,0.9801320853811536
233.43153008856189,0,0.9801320853811536
244.54209179087601,0,0.9801320853811536
256.8239208955264,0,0.9801320853811536
269.89242196391035,0,0.9801320853811536
282.21771331946326,0,0.9801320853811536
291.96822198364123,0,0.9801320853811536
298.6375586643742,0,0.9801320853811536
302.62546390447216,0,0.9801320853811536
303.71774117418204,0,0.9801320853811536
302.0448197594051,1,0.9802301012882604
297.8097213873066,0,0.9802301012882604
290.70339535231767,0,0.9802301012882604
281.5557497225069,0,0.9802301012882604
271.70662871960246,0,0.9802301012882604
261.5996800175169,0,0.9802301012882604
251.3603818489853,0,0.9802301012882604
240.94889617373943,0,0.9802301012882604
230.36708383559963,0,0.9802301012882604
220.15186496040067,0,0.9802301012882604
210.35181557417027,0,0.9802301012882604
200.17496307693352,0,0.9802301012882604
189.62708719071384,0,0.9802301012882604
179.46002865238233,0,0.9802301012882604
169.29696108772958,0,0.9802301012882604
158.10415394390608,0,0.9802301012882604
146.2215868023623,0,0.9802301012882604
134.97808908343998,0,0.9802301012882604
124.97377958976504,0,0.9802301012882604
115.7208650959815,0,0.9802301012882604
106.78230071304345,0,0.9802301012882604
98.96614899922275,0,0.9802301012882604
93.25092104913065,0,0.9802301012882604
89.1389966857264,0,0.9802301012882604
85.04313476150337,0,0.9802301012882604
79.74687574391945,0,0.9802301012882604
73.0976882179187,0,0.9802301012882604
65.47763059397612,0,0.9802301012882604
57.6154774998906,0,0.9802301012882604
50.20483504245822,0,0.9802301012882604
43.1431483432672,0,0.9802301012882604
35.748485802521834,0,0.9802301012882604
27.418509203376622,0,0.9802301012882604
18.25082941134485,0,0.9802301012882604
8.728334899216692,0,0.9802301012882604
-1.1034763571320174,0,0.9802301012882604
-11.76369809598101,0,0.9802301012882604
-23.93533702783398,0,0.9802301012882604
-37.98605318789129,0,0.9802301012882604
-54.20243749988667,0,0.9802301012882604
-73.11518728031686,0,0.9802301012882604
-95.69598242709556,0,0.9802301012882604
-123.03233994609407,0,0.9802301012882604
-155.37816250555477,0,0.9802301012882604
-192.4096348659201,0,0.9802301012882604
-233.68174128713136,0,0.9802301012882604
-278.4265106798198,0,0.9802301012882604
-326.0563031807395,0,0.9802301012882604
-376.06905048975744,0,0.9802301012882604
-426.9221299104246,0,0.9802301012882604
-476.2080142785293,0,0.9802301012882604
-522.2084165935274,0,0.9802301012882604
-564.1557905215509,0,0.9802301012882604
-600.5560727021566,0,0.9802301012882604
-629.4031550955497,0,0.9802301012882604
-649.5697797290729,0,0.9802301012882604
-660.2047679687714,0,0.9802301012882604
-660.7704867388924,0,0.9802301012882604
-651.5492108603939,0,0.9802301012882604
-632.3596607637769,0,0.9802301012882604
-602.2507564204814,0,0.9802301012882604
-561.4291002658764,0,0.9802301012882604
-511.91235700622514,0,0.9802301012882604
-456.1304673139692,0,0.9802301012882604
-396.0014649968673,0,0.9802301012882604
-333.1950066878567,0,0.9802301012882604
-269.48342333469185,0,0.9802301012882604
-206.1907691665124,0,0.9802301012882604
-144.2650838910771,0,0.9802301012882604
-85.47363813111164,0,0.9802301012882604
-31.72971202774698,0,0.9802301012882604
16.17822726269653,0,0.9802301012882604
58.28254378941588,0,0.9802301012882604
94.93244218360859,0,0.9802301012882604
125.88708777329201,0,0.9802301012882604
150.32089704435728,0,0.9802301012882604
168.01120242436173,0,0.9802301012882604
179.16964363047782,0,0.9802301012882604
184.30437100590711,0,0.9802301012882604
185.26048608058915,0,0.9802301012882604
184.44312646078131,0,0.9802301012882604
182.33326055617542,0,0.9802301012882604
177.9796575095387,0,0.9802301012882604
171.36457819672617,0,0.9802301012882604
163.5497059792239,0,0.9802301012882604
155.87577548656895,0,0.9802301012882604
149.1992354330426,0,0.9802301012882604
143.54827169578584,0,0.9802301012882604
139.01680598521793,0,0.9802301012882604
135.9162540614718,0,0.9802301012882604
133.8325219222339,0,0.9802301012882604
132.47517498618583,0,0.9802301012882604
132.59813585550813,0,0.9802301012882604
134.94970417327897,0,0.9802301012882604
139.87217875644185,0,0.9802301012882604
146.97904909846392,0,0.9802301012882604
155.56321388876518,0,0.9802301012882604
165.45969982919738,0,0.9802301012882604
175.66992533516637,0,0.9802301012882604
185.03391725808842,0,0.9802301012882604
194.3542093336047,0,0.9802301012882604
204.5869450001126,0,0.9802301012882604
214.6018663676109,0,0.9802301012882604
222.80452010811487,0,0.9802301012882604
229.42237810913335,0,0.9802301012882604
235.46295610945148,0,0.9802301012882604
241.02760535152953,0,0.9802301012882604
245.76519870009855,0,0.9802301012882604
249.46186574483434,0,0.9802301012882604
252.1305579144379,0,0.9802301012882604
254.1690767069834,0,0.9802301012882604
255.85685272510065,0,0.9802301012882604
256.923935493717,0,0.9802301012882604
257.5012045853547,0,0.9802301012882604
257.9603934982719,0,0.9802301012882604
257.89041263407273,1,0.9802300566104576
256.60041918865363,0,0.9802300566104576
253.37097945160585,0,0.9802300566104576
247.77708581199116,0,0.9802300566104576
240.09298437792202,0,0.9802300566104576
231.06368492280993,0,0.9802300566104576
221.47345069041742,0,0.9802300566104576
211.42334068202058,0,0.9802300566104576
200.62375216298346,0,0.9802300566104576
188.88036366192614,0,0.9802300566104576
176.16996975708437,0,0.9802300566104576
162.9935812373835,0,0.9802300566104576
150.08100576296354,0,0.9802300566104576
138.0673464678449,0,0.9802300566104576
127.28582094953951,0,0.9802300566104576
117.0514037210199,0,0.9802300566104576
106.3389715519382,0,0.9802300566104576
95.44466010854754,0,0.9802300566104576
85.53062759843226,0,0.9802300566104576
76.36458656300209,0,0.9802300566104576
66.05720457385914,0,0.9802300566104576
53.63907903050162,0,0.9802300566104576
39.33085411564922,0,0.9802300566104576
22.522572204153864,0,0.9802300566104576
2.1858781511576346,0,0.9802300566104576
-22.51034744719403,0,0.9802300566104576
-52.42775863413364,0,0.9802300566104576
-87.62692869474077,0,0.9802300566104576
-127.09839147525538,0,0.9802300566104576
-169.91212467143777,0,0.9802300566104576
-216.1458465030467,0,0.9802300566104576
-266.176912522961,0,0.9802300566104576
-319.2030176839048,0,0.9802300566104576
-372.9656328380272,0,0.9802300566104576
-425.1139042489082,0,0.9802300566104576
-474.235692131807,0,0.9802300566104576
-519.8481475515446,0,0.9802300566104576
-561.0798351504149,0,0.9802300566104576
-595.1259294167122,0,0.9802300566104576
-619.1846788893935,0,0.9802300566104576
-632.6209766046373,0,0.9802300566104576
-635.5044879110528,0,0.9802300566104576
-627.6873938095754,0,0.9802300566104576
-609.365359399268,0,0.9802300566104576
-580.9698481961093,0,0.9802300566104576
-543.6427106531048,0,0.9802300566104576
-498.96443715814326,0,0.9802300566104576
-447.8726476580943,0,0.9802300566104576
-391.49514405394814,0,0.9802300566104576
-331.67026466158364,0,0.9802300566104576
-270.0326172665571,0,0.9802300566104576
-208.04013238445353,0,0.9802300566104576
-147.62817492705574,0,0.9802300566104576
-90.88543632070514,0,0.9802300566104576
-39.33526403104508,0,0.9802300566104576
6.461947841578031,0,0.9802300566104576
46.597515088612504,0,0.9802300566104576
81.12730375229822,0,0.9802300566104576
109.99020448632866,0,0.9802300566104576
132.9998828393132,0,0.9802300566104576
150.0823139793159,0,0.9802300566104576
161.56443510136398,0,0.9802300566104576
168.16319088000145,0,0.9802300566104576
170.8561657834361,0,0.9802300566104576
170.36133866895128,0,0.9802300566104576
166.9829342251271,0,0.9802300566104576
160.9840664827223,0,0.9802300566104576
153.1085745087112,0,0.9802300566104576
144.51234473154855,0,0.9802300566104576
135.7453558389673,0,0.9802300566104576
126.69792987669892,0,0.9802300566104576
118.04448788457634,0,0.9802300566104576
111.53487186177003,0,0.9802300566104576
108.45445243549007,0,0.9802300566104576
108.66577026934529,0,0.9802300566104576
111.18183145290966,0,0.9802300566104576
115.4431211995723,0,0.9802300566104576
121.83790615563387,0,0.9802300566104576
130.61753946731943,0,0.9802300566104576
141.10336921608027,0,0.9802300566104576
152.35849915958218,0,0.9802300566104576
163.89921732940851,0,0.9802300566104576
175.60197455603532,0,0.9802300566104576
187.13367611469766,0,0.9802300566104576
197.9165164620595,0,0.9802300566104576
208.00906054005804,0,0.9802300566104576
218.41318736889454,0,0.9802300566104576
229.6643796163116,0,0.9802300566104576
241.20873023193903,0,0.9802300566104576
251.9113399919857,0,0.9802300566104576
259.9341659751198,0,0.9802300566104576
264.6327161672564,0,0.9802300566104576
267.5652530823057,0,0.9802300566104576
269.59711316267874,0,0.9802300566104576
270.74880288383724,0,0.9802300566104576
271.96666847129825,0,0.9802300566104576
272.9633566253901,0,0.9802300566104576
271.73804369528557,1,0.9792864520473284
267.81444387643296,0,0.9792864520473284
261.9604262627247,0,0.9792864520473284
254.2956162783924,0,0.9792864520473284
245.22156743818107,0,0.9792864520473284
236.05036718671818,0,0.9792864520473284
227.5197440342446,0,0.9792864520473284
218.88059656283212,0,0.9792864520473284
208.9362607439122,0,0.9792864520473284
197.97714829430765,0,0.9792864520473284
188.24052918583686,0,0.9792864520473284
180.8194571009114,0,0.9792864520473284
174.236899235299,0,0.9792864520473284
167.2171199726108,0,0.9792864520473284
159.71815132638548,0,0.9792864520473284
152.3669169091642,0,0.9792864520473284
145.84360530603414,0,0.9792864520473284
139.6304786343035,0,0.9792864520473284
133.038025470199,0,0.9792864520473284
126.37682123258799,0,0.9792864520473284
119.65473775107041,0,0.9792864520473284
112.3955178301771,0,0.9792864520473284
104.57630378165324,0,0.9792864520473284
96.36392253271363,0,0.9792864520473284
87.53482599397807,0,0.9792864520473284
77.75463582922242,0,0.9792864520473284
67.49673785431246,0,0.9792864520473284
57.7532325600954,0,0.9792864520473284
48.6704845225105,0,0.9792864520473284
39.46508460261251,0,0.9792864520473284
29.437900118063503,0,0.9792864520473284
18.755936204508032,0,0.9792864520473284
8.294700556810138,0,0.9792864520473284
-1.5502353121438572,0,0.9792864520473284
-11.393610091187792,0,0.9792864520473284
-21.944022242733052,0,0.9792864520473284
-33.76942993632005,0,0.9792864520473284
-47.42414127992452,0,0.9792864520473284
-62.851768566498514,0,0.9792864520473284
-80.28823206146451,0,0.9792864520473284
-101.15177338992356,0,0.9792864520473284
-126.40396989851209,0,0.9792864520473284
-155.68533543409663,0,0.9792864520473284
-188.60217435343304,0,0.9792864520473284
-225.17047841951066,0,0.9792864520473284
-265.0760515147249,0,0.9792864520473284
-307.74386362226653,0,0.9792864520473284
-352.90750823388316,0,0.9792864520473284
-400.0309183666425,0,0.9792864520473284
-447.5417893581495,0,0.9792864520473284
-493.57620236152957,0,0.9792864520473284
-536.7153753419274,0,0.9792864520473284
-575.5827581313489,0,0.9792864520473284
-608.8832205824946,0,0.9792864520473284
-635.4768564961468,0,0.9792864520473284
-654.013780644151,0,0.9792864520473284
-663.2841635433614,0,0.9792864520473284
-661.9707135174974,0,0.9792864520473284
-648.7534596213799,0,0.9792864520473284
-624.369465349619,0,0.9792864520473284
-591.2485578276221,0,0.9792864520473284
-550.8319656660091,0,0.9792864520473284
-503.35793184297216,0,0.9792864520473284
-449.17751758337175,0,0.9792864520473284
-389.5463322907296,0,0.9792864520473284
-326.3400773199097,0,0.9792864520473284
-261.011196151746,0,0.9792864520473284
-195.3290392278499,0,0.9792864520473284
-132.3861246768442,0,0.9792864520473284
-74.61592088123247,0,0.9792864520473284
-22.49281530150655,0,0.9792864520473284
23.78858193020418,0,0.9792864520473284
63.585905111955846,0,0.9792864520473284
96.70462486784128,0,0.9792864520473284
123.29354639676318,0,0.9792864520473284
143.51459751163694,0,0.9792864520473284
157.9845743978308,0,0.9792864520473284
167.4838532197937,0,0.9792864520473284
172.28971479165332,0,0.9792864520473284
172.50412967637354,0,0.9792864520473284
168.97013867279426,0,0.9792864520473284
163.26496492118338,0,0.9792864520473284
156.4494338912016,0,0.9792864520473284
148.8131084061223,0,0.9792864520473284
140.63528891006638,0,0.9792864520473284
132.2666432828537,0,0.9792864520473284
124.23958526778578,0,0.9792864520473284
117.41238584850764,0,0.9792864520473284
112.52841887179292,0,0.9792864520473284
109.74808186950726,0,0.9792864520473284
108.88963964915519,0,0.9792864520473284
109.95754346462328,0,0.9792864520473284
113.16600701393166,0,0.9792864520473284
119.07004302844848,0,0.9792864520473284
128.35459542910485,0,0.9792864520473284
140.61354420284465,0,0.9792864520473284
154.23948126731216,0,0.9792864520473284
167.8789926306687,0,0.9792864520473284
181.24881696646034,0,0.9792864520473284
194.62768514963778,0,0.9792864520473284
207.90910603223745,0,0.9792864520473284
220.5979484237856,0,0.9792864520473284
232.4302830579954,0,0.9792864520473284
243.4073224762448,0,0.9792864520473284
253.23649677211856,0,0.9792864520473284
261.4394076837287,0,0.9792864520473284
268.30046927659447,0,0.9792864520473284
274.1907286267251,0,0.9792864520473284
278.54738931331093,0,0.9792864520473284
280.59379990543994,0,0.9792864520473284
280.04938189764385,1,0.9793064131296448
277.4024915333908,0,0.9793064131296448
273.78691651951897,0,0.9793064131296448
270.2424210451166,0,0.9793064131296448
266.86960481461625,0,0.9793064131296448
262.63960447815964,0,0.9793064131296448
256.6892179316839,0,0.9793064131296448
249.26447383148354,0,0.9793064131296448
240.6794446308344,0,0.9793064131296448
230.85279153399563,0,0.9793064131296448
220.0534024885414,0,0.9793064131296448
209.12145324107115,0,0.9793064131296448
198.94050451864933,0,0.9793064131296448
189.67696972634076,0,0.9793064131296448
180.9701680600327,0,0.9793064131296448
172.23739466667735,0,0.9793064131296448
162.701183911462,0,0.9793064131296448
152.3344607592297,0,0.9793064131296448
142.2587465690684,0,0.9793064131296448
133.49846658992195,0,0.9793064131296448
126.08515669388026,0,0.9793064131296448
119.70934123275192,0,0.9793064131296448
114.11891229820748,0,0.9793064131296448
108.61129422358147,0,0.9793064131296448
102.35750345364195,0,0.9793064131296448
95.4549709532618,0,0.9793064131296448
88.51402733570099,0,0.9793064131296448
81.12906105541339,0,0.9793064131296448
72.83489119617654,0,0.9793064131296448
64.61210945427979,0,0.9793064131296448
56.86307081000209,0,0.9793064131296448
48.88934685923632,0,0.9793064131296448
41.15143844547489,0,0.9793064131296448
34.29048986425673,0,0.9793064131296448
27.19368783220657,0,0.9793064131296448
18.49992800605541,0,0.9793064131296448
7.752588837351052,0,0.9793064131296448
-5.648466221340682,0,0.9793064131296448
-21.983147078368944,0,0.9793064131296448
-40.50542421915136,0,0.9793064131296448
-61.038741889430774,0,0.9793064131296448
-84.46075869104172,0,0.9793064131296448
-111.3321862288105,0,0.9793064131296448
-141.76600017400344,0,0.9793064131296448
-175.72939203469357,0,0.9793064131296448
-212.90570488227692,0,0.9793064131296448
-253.00775411889973,0,0.9793064131296448
-296.0876154681116,0,0.9793064131296448
-342.37616253469287,0,0.9793064131296448
-391.062872978493,0,0.9793064131296448
-439.79867930533135,0,0.9793064131296448
-486.4967186291677,0,0.9793064131296448
-530.325800137649,0,0.9793064131296448
-570.4271074830145,0,0.9793064131296448
-604.7642527939403,0,0.9793064131296448
-631.0311535403249,0,0.9793064131296448
-647.8186255799317,0,0.9793064131296448
-654.7746324069346,0,0.9793064131296448
-652.6614257205988,0,0.9793064131296448
-641.7094172156596,0,0.9793064131296448
-620.8917476682783,0,0.9793064131296448
-590.0909841145937,0,0.9793064131296448
-550.4235594934686,0,0.9793064131296448
-503.2523205648555,0,0.9793064131296448
-449.9419878194488,0,0.9793064131296448
-391.55728034455296,0,0.9793064131296448
-329.55135800643325,0,0.9793064131296448
-266.5291620173902,0,0.9793064131296448
-205.12430831655215,0,0.9793064131296448
-146.35876200291185,0,0.9793064131296448
-90.22662419461601,0,0.9793064131296448
-37.71128301437456,0,0.9793064131296448
9.23798715612347,0,0.9793064131296448
49.54043302324594,0,0.9793064131296448
83.60058577926485,0,0.9793064131296448
112.07076037595107,0,0.9793064131296448
134.96237293781334,0,0.9793064131296448
152.41285651071664,0,0.9793064131296448
164.81353268331037,0,0.9793064131296448
172.3335107400134,0,0.9793064131296448
175.69656983533196,0,0.9793064131296448
175.89435291806078,0,0.9793064131296448
172.94975835795847,0,0.9793064131296448
166.71245305148244,0,0.9793064131296448
158.38568198005348,0,0.9793064131296448
149.48756993515477,0,0.9793064131296448
140.42655531353006,0,0.9793064131296448
131.7674865659783,0,0.9793064131296448
124.78520403136847,0,0.9793064131296448
120.31168161469049,0,0.9793064131296448
118.44430184090702,0,0.9793064131296448
119.1426456691402,0,0.9793064131296448
122.21412305147312,0,0.9793064131296448
126.58419538306353,0,0.9793064131296448
131.59833723025935,0,0.9793064131296448
137.88929416366443,0,0.9793064131296448
145.49465877167373,0,0.9793064131296448
154.23965958847938,0,0.9793064131296448
164.64633600065747,0,0.9793064131296448
176.8477845087717,0,0.9793064131296448
190.64621705460922,0,0.9793064131296448
205.4508368438921,0,0.9793064131296448
220.01971481069535,0,0.9793064131296448
233.39902833626596,0,0.9793064131296448
245.04829114093158,0,0.9793064131296448
254.25478445369987,0,0.9793064131296448
261.0332982670974,0,0.9793064131296448
266.29818209369796,0,0.9793064131296448
270.40006889932874,0,0.9793064131296448
273.45121661088154,0,0.9793064131296448
275.7178137040237,0,0.9793064131296448
276.95549734374015,0,0.9793064131296448
277.00803057597494,0,0.9793064131296448
276.05812094735063,1,0.9793207071681769
273.9020403384484,0,0.9793207071681769
270.0996582528865,0,0.9793207071681769
264.61230337664324,0,0.9793207071681769
257.7184547467753,0,0.9793207071681769
249.2770283297286,0,0.9793207071681769
238.93041650210571,0,0.9793207071681769
227.47591874041257,0,0.9793207071681769
216.49748357001772,0,0.9793207071681769
206.40183893188703,0,0.9793207071681769
196.27937071626545,0,0.9793207071681769
185.7121907749283,0,0.9793207071681769
175.67615446780462,0,0.9793207071681769
167.24584858954117,0,0.9793207071681769
160.41725932479022,0,0.9793207071681769
154.4292979671936,0,0.9793207071681769
148.73784592030643,0,0.9793207071681769
143.55509513352908,0,0.9793207071681769
138.66749037620878,0,0.9793207071681769
132.87102173119564,0,0.9793207071681769
125.48896709511436,0,0.9793207071681769
116.58324660140548,0,0.9793207071681769
106.46073440609258,0,0.9793207071681769
95.94199451445543,0,0.9793207071681769
85.81985304801925,0,0.9793207071681769
76.76424557921021,0,0.9793207071681769
69.48404894761052,0,0.9793207071681769
63.81858600305274,0,0.9793207071681769
58.88795618795817,0,0.9793207071681769
54.237731679724504,0,0.9793207071681769
49.49446448420156,0,0.9793207071681769
44.23334833065236,0,0.9793207071681769
39.182063494153404,0,0.9793207071681769
35.473000078378,0,0.9793207071681769
32.77180083093732,0,0.9793207071681769
29.821496942420218,0,0.9793207071681769
26.18279572613507,0,0.9793207071681769
22.449143636045857,0,0.9793207071681769
18.96645696747234,0,0.9793207071681769
15.23479297445391,0,0.9793207071681769
10.85070071128544,0,0.9793207071681769
5.963181854441117,0,0.9793207071681769
0.5338481677393687,0,0.9793207071681769
-5.710295172257607,0,0.9793207071681769
-12.615610051892304,0,0.9793207071681769
-20.13720323794203,0,0.9793207071681769
-28.64869084779789,0,0.9793207071681769
-38.80859936320053,0,0.9793207071681769
-52.181875693962546,0,0.9793207071681769
-70.07418848372744,0,0.9793207071681769
-92.53066086867429,0,0.9793207071681769
-119.29493031656405,0,0.9793207071681769
-150.12534776183287,0,0.9793207071681769
-185.1024530242191,0,0.9793207071681769
-224.6205493647023,0,0.9793207071681769
-268.5091527305597,0,0.9793207071681769
-315.9837832018607,0,0.9793207071681769
-366.09529521391613,0,0.9793207071681769
-417.770201895767,0,0.9793207071681769
-469.55346032496317,0,0.9793207071681769
-519.7178513077403,0,0.9793207071681769
-566.6067265237677,0,0.9793207071681769
-608.7875199357034,0,0.9793207071681769
-644.7922787297821,0,0.9793207071681769
-672.4935520404385,0,0.9793207071681769
-690.372605171235,0,0.9793207071681769
-698.2739758180421,0,0.9793207071681769
-695.7352936955909,0,0.9793207071681769
-682.0459884796267,0,0.9793207071681769
-657.2937121432514,0,0.9793207071681769
-622.706746231598,0,0.9793207071681769
-579.8597223490749,0,0.9793207071681769
-529.2818519781054,0,0.9793207071681769
-471.5758960231259,0,0.9793207071681769
-408.98221560755053,0,0.9793207071681769
-344.7126677645134,0,0.9793207071681769
-281.0933918105226,0,0.9793207071681769
-218.63668379841766,0,0.9793207071681769
-157.60455414054823,0,0.9793207071681769
-99.22201320596814,0,0.9793207071681769
-45.13091899316224,0,0.9793207071681769
3.0091000499011065,0,0.9793207071681769
44.067068446792916,0,0.9793207071681769
77.83784805205684,0,0.9793207071681769
104.94247567760362,0,0.9793207071681769
126.45269551683757,0,0.9793207071681769
143.31428998886372,0,0.9793207071681769
156.3326212363212,0,0.9793207071681769
166.09947132597335,0,0.9793207071681769
172.71615535572676,0,0.9793207071681769
175.53507311334147,0,0.9793207071681769
173.57699658023392,0,0.9793207071681769
167.22233555501808,0,0.9793207071681769
158.69908863037827,0,0.9793207071681769
150.14079139954896,0,0.9793207071681769
142.2713454226004,0,0.9793207071681769
135.24388100966473,0,0.9793207071681769
129.37489403242316,0,0.9793207071681769
125.04994779927007,0,0.9793207071681769
122.21649396298031,0,0.9793207071681769
120.38859929237012,0,0.9793207071681769
119.862367236013,0,0.9793207071681769
121.57040882494444,0,0.9793207071681769
125.88269135983722,0,0.9793207071681769
132.54191331012208,0,0.9793207071681769
140.88459207631345,0,0.9793207071681769
150.31629012390917,0,0.9793207071681769
160.61905016270867,0,0.9793207071681769
171.5967379595372,0,0.9793207071681769
183.23214758556836,0,0.9793207071681769
196.01644136947144,0,0.9793207071681769
209.93761141169966,0,0.9793207071681769
223.6051265152662,0,0.9793207071681769
235.91026736932693,0,0.9793207071681769
246.92325659838755,0,0.9793207071681769
256.3359377732053,0,0.9793207071681769
263.6380898158151,0,0.9793207071681769
269.39228077944244,0,0.9793207071681769
274.30213592418966,0,0.9793207071681769
278.1376681997377,0,0.9793207071681769
280.23592547332885,0,0.9793207071681769
280.2577934485083,0,0.9793207071681769
278.69157160704293,1,0.9792053922821612
276.1515241649631,0,0.9792053922821612
272.4752392086687,0,0.9792053922821612
267.7855441812891,0,0.9792053922821612
262.7314304228348,0,0.9792053922821612
257.24586218447337,0,0.9792053922821612
251.03827034811314,0,0.9792053922821612
244.07859709694077,0,0.9792053922821612
236.35333893542855,0,0.9792053922821612
228.13098276006065,0,0.9792053922821612
219.18342990747846,0,0.9792053922821612
209.14408339118404,0,0.9792053922821612
198.62919932766673,0,0.9792053922821612
187.95267781693332,0,0.9792053922821612
176.8642313093952,0,0.9792053922821612
165.66739556347864,0,0.9792053922821612
155.006004555458,0,0.9792053922821612
145.63040588165074,0,0.9792053922821612
138.02011739571557,0,0.9792053922821612
131.58237321151097,0,0.9792053922821612
125.2505089594191,0,0.9792053922821612
119.13964201940279,0,0.9792053922821612
114.13088999680407,0,0.9792053922821612
109.83317460207857,0,0.9792053922821612
105.50560169385135,0,0.9792053922821612
101.77687728428849,0,0.9792053922821612
98.99878672833701,0,0.9792053922821612
96.46064345878224,0,0.9792053922821612
93.70691625887358,0,0.9792053922821612
90.2252326896535,0,0.9792053922821612
85.27619034093483,0,0.9792053922821612
78.8445721035291,0,0.9792053922821612
71.10719986592883,0,0.9792053922821612
61.78897251760451,0,0.9792053922821612
51.06290681861828,0,0.9792053922821612
39.994451191134864,0,0.9792053922821612
29.52928791770468,0,0.9792053922821612
19.65289231270142,0,0.9792053922821612
10.205811157515402,0,0.9792053922821612
1.8840044384519843,0,0.9792053922821612
-4.538883726924353,0,0.9792053922821612
-9.314118626807254,0,0.9792053922821612
-12.910762839514426,0,0.9792053922821612
-15.024592550324455,0,0.9792053922821612
-15.439128685615142,0,0.9792053922821612
-14.88051565050348,0,0.9792053922821612
-14.610402399782538,0,0.9792053922821612
-14.867239046266818,0,0.9792053922821612
-14.653737221101338,0,0.9792053922821612
-13.935679624748365,0,0.9792053922821612
-13.668389292680011,0,0.9792053922821612
-14.144270574030656,0,0.9792053922821612
-15.24949351873721,0,0.9792053922821612
-16.925095041778526,0,0.9792053922821612
-19.008558256512394,0,0.9792053922821612
-21.928755172535627,0,0.9792053922821612
-26.74403993676022,0,0.9792053922821612
-33.86501243645934,0,0.9792053922821612
-43.219133137252285,0,0.9792053922821612
-55.35715139025902,0,0.9792053922821612
-70.86867514167548,0,0.9792053922821612
-89.33609635160505,0,0.9792053922821612
-110.20844210495767,0,0.9792053922821612
-133.98356784127841,0,0.9792053922821612
-161.33809548932197,0,0.9792053922821612
-192.16016965704836,0,0.9792053922821612
-226.1966927597199,0,0.9792053922821612
-263.4081003178822,0,0.9792053922821612
-303.49807049055255,0,0.9792053922821612
-346.14154486198447,0,0.9792053922821612
-391.3824097531225,0,0.9792053922821612
-438.70899528839874,0,0.9792053922821612
-486.32844038668173,0,0.9792053922821612
-531.9163885341584,0,0.9792053922821612
-573.3104874360062,0,0.9792053922821612
-608.9440592920664,0,0.9792053922821612
-637.8985308446162,0,0.9792053922821612
-659.0756557113389,0,0.9792053922821612
-671.1366498019354,0,0.9792053922821612
-673.4041611497838,0,0.9792053922821612
-666.0237626877511,0,0.9792053922821612
-649.3421718626058,0,0.9792053922821612
-623.5327279361401,0,0.9792053922821612
-588.99690809388,0,0.9792053922821612
-546.4738028570059,0,0.9792053922821612
-496.7982870228756,0,0.9792053922821612
-441.5695164989527,0,0.9792053922821612
-382.8086517860923,0,0.9792053922821612
-321.8832629444403,0,0.9792053922821612
-260.4386669904434,0,0.9792053922821612
-200.45278789896705,0,0.9792053922821612
-142.57704668973255,0,0.9792053922821612
-86.97897186807776,0,0.9792053922821612
-35.03789415533054,0,0.9792053922821612
11.60273347051396,0,0.9792053922821612
52.227167571060065,0,0.9792053922821612
86.73629059704986,0,0.9792053922821612
115.09030595384426,0,0.9792053922821612
137.1141645710133,0,0.9792053922821612
153.2324268964721,0,0.9792053922821612
164.49133708889306,0,0.9792053922821612
171.47348150355302,0,0.9792053922821612
174.48190037635712,0,0.9792053922821612
173.38252899395715,0,0.9792053922821612
168.26556500119852,0,0.9792053922821612
161.2030700842208,0,0.9792053922821612
154.4153466932353,0,0.9792053922821612
148.82709473871,0,0.9792053922821612
144.86289040787292,0,0.9792053922821612
141.9163282622852,0,0.9792053922821612
139.90061907496386,0,0.9792053922821612
140.24020981148132,0,0.9792053922821612
142.98163569375356,0,0.9792053922821612
146.8230778316328,0,0.9792053922821612
151.4411079923757,0,0.9792053922821612
157.28244389851218,0,0.9792053922821612
164.75074751584202,0,0.9792053922821612
173.82047441353532,0,0.9792053922821612
183.92750063518767,0,0.9792053922821612
194.50692004857768,0,0.9792053922821612
205.7523891942638,0,0.9792053922821612
218.3383147605299,0,0.9792053922821612
231.45112661436283,0,0.9792053922821612
242.97258019063722,0,0.9792053922821612
252.31309632070685,0,0.9792053922821612
260.58913660349896,0,0.9792053922821612
268.45058334941996,0,0.9792053922821612
275.3148597082853,0,0.9792053922821612
280.2813211681185,0,0.9792053922821612
283.116072113558,0,0.9792053922821612
284.29790867978846,0,0.9792053922821612
284.6581573918999,0,0.9792053922821612
284.6459462421012,1,0.9784998254507976
283.7284145714909,0,0.9784998254507976
281.2308278899871,0,0.9784998254507976
277.3399404835914,0,0.9784998254507976
272.8916969074084,0,0.9784998254507976
268.48668075237265,0,0.9784998254507976
264.17316670733925,0,0.9784998254507976
260.0551187999261,0,0.9784998254507976
256.31999759496193,0,0.9784998254507976
252.72607461534605,0,0.9784998254507976
248.76732662118698,0,0.9784998254507976
244.07318500571142,0,0.9784998254507976
238.14494438213885,0,0.9784998254507976
230.386111645377,0,0.9784998254507976
220.7563023576691,0,0.9784998254507976
209.58838851876868,0,0.9784998254507976
197.33331482706356,0,0.9784998254507976
184.7159405834655,0,0.9784998254507976
172.61484261603886,0,0.9784998254507976
161.3943677005303,0,0.9784998254507976
150.54848169391948,0,0.9784998254507976
139.8506284945213,0,0.9784998254507976
130.02788197998765,0,0.9784998254507976
121.57910807266694,0,0.9784998254507976
113.58475895146144,0,0.9784998254507976
104.91514371338212,0,0.9784998254507976
96.29178229658939,0,0.9784998254507976
88.87271448025025,0,0.9784998254507976
82.21209519315723,0,0.9784998254507976
75.8426315167201,0,0.9784998254507976
70.8460923536303,0,0.9784998254507976
68.21602586195046,0,0.9784998254507976
66.86305888429325,0,0.9784998254507976
64.92155411920831,0,0.9784998254507976
61.4595856813023,0,0.9784998254507976
56.44791417212801,0,0.9784998254507976
50.91723618181977,0,0.9784998254507976
45.5353640653195,0,0.9784998254507976
39.77505420235663,0,0.9784998254507976
33.61461895531472,0,0.9784998254507976
27.77521731109954,0,0.9784998254507976
22.72316134518203,0,0.9784998254507976
18.279404370805835,0,0.9784998254507976
13.885412424430823,0,0.9784998254507976
9.34146139646684,0,0.9784998254507976
5.212841045159446,0,0.9784998254507976
2.023405733330918,0,0.9784998254507976
-0.3376393272232879,0,0.9784998254507976
-1.7438941834650987,0,0.9784998254507976
-2.3816444692541534,0,0.9784998254507976
-3.3280374469600114,0,0.9784998254507976
-5.1294811603557635,0,0.9784998254507976
-7.828447568409485,0,0.9784998254507976
-11.63638682126254,0,0.9784998254507976
-16.818652774722786,0,0.9784998254507976
-23.4968425413567,0,0.9784998254507976
-31.38856406038054,0,0.9784998254507976
-40.68263395096325,0,0.9784998254507976
-52.186601791673674,0,0.9784998254507976
-66.17744195888773,0,0.9784998254507976
-82.77317393061318,0,0.9784998254507976
-102.26380097196405,0,0.9784998254507976
-124.18241556897102,0,0.9784998254507976
-147.8821445556279,0,0.9784998254507976
-173.73621088249556,0,0.9784998254507976
-202.69747400538841,0,0.9784998254507976
-235.44652496771857,0,0.9784998254507976
-271.6778170931797,0,0.9784998254507976
-310.2598136514298,0,0.9784998254507976
-350.63669729555306,0,0.9784998254507976
-393.2529459161787,0,0.9784998254507976
-438.22576452563607,0,0.9784998254507976
-484.2366311822655,0,0.9784998254507976
-529.3876432617237,0,0.9784998254507976
-572.4179814934824,0,0.9784998254507976
-612.0943166845375,0,0.9784998254507976
-645.9168468285043,0,0.9784998254507976
-670.7718559752478,0,0.9784998254507976
-685.2008430376726,0,0.9784998254507976
-689.0557911926239,0,0.9784998254507976
-681.410574850641,0,0.9784998254507976
-661.7804375326843,0,0.9784998254507976
-631.4953644950103,0,0.9784998254507976
-592.1502938135401,0,0.9784998254507976
-544.9453870225673,0,0.9784998254507976
-491.0143698686876,0,0.9784998254507976
-431.60919262608,0,0.9784998254507976
-368.75855871287496,0,0.9784998254507976
-305.0257400760469,0,0.9784998254507976
-242.4482977220351,0,0.9784998254507976
-182.1707086315382,0,0.9784998254507976
-125.07885622711261,0,0.9784998254507976
-71.87200947702571,0,0.9784998254507976
-22.481749115646597,0,0.9784998254507976
22.864719385550316,0,0.9784998254507976
62.68866254847594,0,0.9784998254507976
95.63624477821244,0,0.9784998254507976
121.88073529763639,0,0.9784998254507976
142.09356111568215,0,0.9784998254507976
156.3720651522847,0,0.9784998254507976
165.54156386740465,0,0.9784998254507976
171.1920056891044,0,0.9784998254507976
174.17501811812141,0,0.9784998254507976
174.72928435262273,0,0.9784998254507976
173.18174547594703,0,0.9784998254507976
169.92994321690463,0,0.9784998254507976
165.26915337415195,0,0.9784998254507976
159.37752270515716,0,0.9784998254507976
153.07581737038942,0,0.9784998254507976
148.37488402545426,0,0.9784998254507976
146.74517881795842,0,0.9784998254507976
148.08593809518524,0,0.9784998254507976
151.60943274040235,0,0.9784998254507976
156.17498291135115,0,0.9784998254507976
160.87888340727636,0,0.9784998254507976
165.7636891960336,0,0.9784998254507976
171.4981402057362,0,0.9784998254507976
178.3295325780731,0,0.9784998254507976
185.68238835190965,0,0.9784998254507976
193.04152282205342,0,0.9784998254507976
200.40922028008413,0,0.9784998254507976
208.14670971648061,0,0.9784998254507976
216.6177647848989,0,0.9784998254507976
225.46949828136272,0,0.9784998254507976
234.01241335757007,0,0.9784998254507976
242.32368047251737,0,0.9784998254507976
250.6868455557356,0,0.9784998254507976
258.45929094392807,0,0.9784998254507976
264.47728276004705,0,0.9784998254507976
268.11691904724273,0,0.9784998254507976
269.7968904505227,0,0.9784998254507976
270.37851932159776,0,0.9784998254507976
270.523157412254,0,0.9784998254507976
270.31047879978615,1,0.9779413611880807
268.94141203322937,0,0.9779413611880807
266.09963289784037,0,0.9779413611880807
262.27521674311527,0,0.9779413611880807
257.5063009757798,0,0.9779413611880807
251.9295740161219,0,0.9779413611880807
245.9262795931892,0,0.9779413611880807
239.30560867624942,0,0.9779413611880807
231.85897267013016,0,0.9779413611880807
223.91157422629377,0,0.9779413611880807
215.76172623466798,0,0.9779413611880807
207.31404617777437,0,0.9779413611880807
198.86116440281447,0,0.9779413611880807
191.02788745841497,0,0.9779413611880807
183.39289773792538,0,0.9779413611880807
175.28701521144393,0,0.9779413611880807
167.32120060908684,0,0.9779413611880807
160.30304654571222,0,0.9779413611880807
153.8988288413968,0,0.9779413611880807
147.4301242033678,0,0.9779413611880807
141.0712607926497,0,0.9779413611880807
135.2030451566235,0,0.9779413611880807
129.83590799694022,0,0.9779413611880807
125.15636167623006,0,0.9779413611880807
120.99799727408038,0,0.9779413611880807
116.54548021225877,0,0.9779413611880807
111.82017437027866,0,0.9779413611880807
107.53235117010578,0,0.9779413611880807
103.35900775508456,0,0.9779413611880807
98.51793587491002,0,0.9779413611880807
93.08004322313633,0,0.9779413611880807
87.55372394366239,0,0.9779413611880807
82.02858823204537,0,0.9779413611880807
76.39190307497714,0,0.9779413611880807
70.77735106501113,0,0.9779413611880807
64.903673418053,0,0.9779413611880807
57.9707611733201,0,0.9779413611880807
49.901695017729494,0,0.9779413611880807
41.510176979288104,0,0.9779413611880807
33.35397711694365,0,0.9779413611880807
25.564760927864793,0,0.9779413611880807
18.20848596552394,0,0.9779413611880807
11.16421573891634,0,0.9779413611880807
4.396402692096488,0,0.9779413611880807
-1.8327076019376574,0,0.9779413611880807
-7.032751990304786,0,0.9779413611880807
-11.26310017258846,0,0.9779413611880807
-15.476039144450363,0,0.9779413611880807
-20.272949237452746,0,0.9779413611880807
-25.669291710270883,0,0.9779413611880807
-31.43645443148857,0,0.9779413611880807
-37.44727040664107,0,0.9779413611880807
-44.37445528828744,0,0.9779413611880807
-53.75238614534193,0,0.9779413611880807
-67.57533444126841,0,0.9779413611880807
-87.07793542016832,0,0.9779413611880807
-112.16480928665436,0,0.9779413611880807
-142.16182724110013,0,0.9779413611880807
-176.9001530754525,0,0.9779413611880807
-216.88113410358034,0,0.9779413611880807
-261.68919256611787,0,0.9779413611880807
-309.78513945478664,0,0.9779413611880807
-359.8795825623618,0,0.9779413611880807
-411.2398672732853,0,0.9779413611880807
-463.09618455966864,0,0.9779413611880807
-513.8212360976943,0,0.9779413611880807
-561.0865378125072,0,0.9779413611880807
-603.0529266094069,0,0.9779413611880807
-638.4003883149499,0,0.9779413611880807
-665.7812747574603,0,0.9779413611880807
-684.2363011364296,0,0.9779413611880807
-693.2925221347969,0,0.9779413611880807
-692.0214908882975,0,0.9779413611880807
-679.4123186872628,0,0.9779413611880807
-656.2433932351503,0,0.9779413611880807
-624.262867177509,0,0.9779413611880807
-584.2415912380868,0,0.9779413611880807
-536.6528280930398,0,0.9779413611880807
-482.63170405572396,0,0.9779413611880807
-423.75848143777273,0,0.9779413611880807
-362.05247191711896,0,0.9779413611880807
-299.39176089869255,0,0.9779413611880807
-236.68052816660867,0,0.9779413611880807
-174.67899762272762,0,0.9779413611880807
-114.62973644166848,0,0.9779413611880807
-58.19271926570352,0,0.9779413611880807
-7.133708491768857,0,0.9779413611880807
37.764121417762745,0,0.9779413611880807
76.25613574094785,0,0.9779413611880807
107.76406708832398,0,0.9779413611880807
131.99204900792697,0,0.9779413611880807
149.4338576028491,0,0.9779413611880807
161.46725388061148,0,0.9779413611880807
169.22704178828036,0,0.9779413611880807
172.76223084658017,0,0.9779413611880807
172.40092654706834,0,0.9779413611880807
169.49428738559308,0,0.9779413611880807
165.40547405211825,0,0.9779413611880807
160.34498479706664,0,0.9779413611880807
153.5251823150974,0,0.9779413611880807
145.20308511855873,0,0.9779413611880807
137.4687026289511,0,0.9779413611880807
131.85675944673426,0,0.9779413611880807
128.13044445857065,0,0.9779413611880807
125.98146452998805,0,0.9779413611880807
125.65378531333943,0,0.9779413611880807
127.21884869140042,0,0.9779413611880807
130.84253631454825,0,0.9779413611880807
136.77540181724302,0,0.9779413611880807
145.06292392418644,0,0.9779413611880807
155.84416604542082,0,0.9779413611880807
168.6623336253536,0,0.9779413611880807
181.6845715502085,0,0.9779413611880807
193.29458463834501,0,0.9779413611880807
203.57425834331198,0,0.9779413611880807
213.0647745243842,0,0.9779413611880807
221.65272717432666,0,0.9779413611880807
229.35108311258324,0,0.9779413611880807
236.78373988514096,0,0.9779413611880807
243.9632530261363,0,0.9779413611880807
250.3319709833228,0,0.9779413611880807
256.33425760130245,0,0.9779413611880807
262.6303711364396,0,0.9779413611880807
268.70145857416634,0,0.9779413611880807
273.81889023906746,0,0.9779413611880807
277.61503295976235,0,0.9779413611880807
279.37394477781146,0,0.9779413611880807
278.84603094380145,1,0.9777813584908518
276.76537211540375,0,0.9777813584908518
273.8399415366508,0,0.9777813584908518
270.4662844425802,0,0.9777813584908518
266.87346914909966,0,0.9777813584908518
262.83552709217633,0,0.9777813584908518
257.7473594827602,0,0.9777813584908518
251.465251784332,0,0.9777813584908518
244.2856258159219,0,0.9777813584908518
236.5037844339942,0,0.9777813584908518
228.34154095077093,0,0.9777813584908518
219.72246124839447,0,0.9777813584908518
210.45312573739125,0,0.9777813584908518
200.59419496620316,0,0.9777813584908518
190.6150901488949,0,0.9777813584908518
181.1987791701707,0,0.9777813584908518
172.898868114208,0,0.9777813584908518
165.59972025362612,0,0.9777813584908518
158.77771218412505,0,0.9777813584908518
152.5445236141932,0,0.9777813584908518
146.93131703051904,0,0.9777813584908518
141.23756117618692,0,0.9777813584908518
134.9752293852627,0,0.9777813584908518
127.96302846277754,0,0.9777813584908518
120.3493615211823,0,0.9777813584908518
112.87674447957905,0,0.9777813584908518
106.18401423072123,0,0.9777813584908518
100.18442208841715,0,0.9777813584908518
94.1953363600706,0,0.9777813584908518
87.88933353035151,0,0.9777813584908518
81.3463384266654,0,0.9777813584908518
74.30488362654557,0,0.9777813584908518
67.0755960961285,0,0.9777813584908518
60.33053398397104,0,0.9777813584908518
53.69238501654036,0,0.9777813584908518
46.43947610968296,0,0.9777813584908518
37.97470008400816,0,0.9777813584908518
27.942152040844668,0,0.9777813584908518
16.490753041199742,0,0.9777813584908518
3.0393602445801196,0,0.9777813584908518
-13.514534245340485,0,0.9777813584908518
-33.392612020744146,0,0.9777813584908518
-56.26434779969873,0,0.9777813584908518
-81.75985887432944,0,0.9777813584908518
-109.78815622631073,0,0.9777813584908518
-140.6801255493439,0,0.9777813584908518
-174.56241420631974,0,0.9777813584908518
-211.58091342081892,0,0.9777813584908518
-252.28930120742447,0,0.9777813584908518
-296.56652746965636,0,0.9777813584908518
-343.308890200291,0,0.9777813584908518
-391.8937629977049,0,0.9777813584908518
-442.1470195333413,0,0.9777813584908518
-492.61511775216627,0,0.9777813584908518
-540.7114289354769,0,0.9777813584908518
-584.0154574304537,0,0.9777813584908518
-620.6913989300729,0,0.9777813584908518
-649.2110842362665,0,0.9777813584908518
-668.1050450590332,0,0.9777813584908518
-676.5613594863721,0,0.9777813584908518
-674.773213145417,0,0.9777813584908518
-663.3937439480009,0,0.9777813584908518
-642.14040062014,0,0.9777813584908518
-610.1087465871955,0,0.9777813584908518
-568.3689678120423,0,0.9777813584908518
-519.2781169667303,0,0.9777813584908518
-463.85692202340823,0,0.9777813584908518
-402.7175368023799,0,0.9777813584908518
-337.7822442119577,0,0.9777813584908518
-271.45656979354897,0,0.9777813584908518
-205.90971963347005,0,0.9777813584908518
-143.27127481960147,0,0.9777813584908518
-85.02337986772599,0,0.9777813584908518
-31.669840447679654,0,0.9777813584908518
16.490726806690304,0,0.9777813584908518
58.89709474557397,0,0.9777813584908518
94.95224175820996,0,0.9777813584908518
124.52017327064974,0,0.9777813584908518
147.48849789925808,0,0.9777813584908518
163.33971808170327,0,0.9777813584908518
172.75500859509305,0,0.9777813584908518
177.64464161997682,0,0.9777813584908518
179.0734638993945,0,0.9777813584908518
177.06559416609005,0,0.9777813584908518
171.98574258121167,0,0.9777813584908518
165.1651223136321,0,0.9777813584908518
157.97232856665048,0,0.9777813584908518
150.79096680970173,0,0.9777813584908518
143.5509676635505,0,0.9777813584908518
136.88844596884658,0,0.9777813584908518
131.84487469206704,0,0.9777813584908518
128.88643600607554,0,0.9777813584908518
127.95382521725182,0,0.9777813584908518
129.0945990561796,0,0.9777813584908518
132.56700020001114,0,0.9777813584908518
138.11015397424924,0,0.9777813584908518
144.8784940955245,0,0.9777813584908518
152.32434488819345,0,0.9777813584908518
160.64508820932826,0,0.9777813584908518
170.28767694894128,0,0.9777813584908518
181.4271898746962,0,0.9777813584908518
194.14574042692328,0,0.9777813584908518
208.02848693326916,0,0.9777813584908518
222.10319757287212,0,0.9777813584908518
235.6491453440163,0,0.9777813584908518
248.01224405283935,0,0.9777813584908518
258.444040431625,0,0.9777813584908518
266.85908993005773,0,0.9777813584908518
273.7801471505638,0,0.9777813584908518
278.90804745824585,0,0.9777813584908518
281.5327946606986,0,0.9777813584908518
282.3046524306979,0,0.9777813584908518
282.40974956068146,0,0.9777813584908518
282.6821253160093,0,0.9777813584908518
283.6876209719045,0,0.9777813584908518
284.97697204369695,0,0.9777813584908518
285.3197389116943,0,0.9777813584908518
283.5179640707866,1,0.979221109824049
279.0700481959833,0,0.979221109824049
272.73792735565814,0,0.979221109824049
265.6075784794383,0,0.979221109824049
258.0044302394261,0,0.979221109824049
249.99314352902923,0,0.979221109824049
241.60880302420298,0,0.979221109824049
232.26971160448306,0,0.979221109824049
221.6690414023616,0,0.979221109824049
210.72470557371597,0,0.979221109824049
200.1799515147344,0,0.979221109824049
189.6703751130049,0,0.979221109824049
178.85856767643264,0,0.979221109824049
167.9331515912349,0,0.979221109824049
156.84997272032368,0,0.979221109824049
145.30787053516593,0,0.979221109824049
133.6314969946117,0,0.979221109824049
122.83353313946682,0,0.979221109824049
113.40515973157471,0,0.979221109824049
104.79356288146447,0,0.979221109824049
96.64245536044012,0,0.979221109824049
89.45308806344708,0,0.979221109824049
83.02279801544819,0,0.979221109824049
76.06346954918311,0,0.979221109824049
68.32262512062756,0,0.979221109824049
60.19114174208067,0,0.979221109824049
50.99177405557863,0,0.979221109824049
39.83413027705373,0,0.979221109824049
26.529352301813606,0,0.979221109824049
11.317293696308388,0,0.979221109824049
-6.275494987862029,0,0.979221109824049
-27.512033318166917,0,0.979221109824049
-52.821563739979126,0,0.979221109824049
-81.67258661591535,0,0.979221109824049
-114.22818896227491,0,0.979221109824049
-151.65075602183634,0,0.979221109824049
-194.13364058135724,0,0.979221109824049
-240.28821745782412,0,0.979221109824049
-288.49964904111664,0,0.979221109824049
-337.7739523020576,0,0.979221109824049
-387.8983291025034,0,0.979221109824049
-438.1868833891283,0,0.979221109824049
-486.6195000296031,0,0.979221109824049
-531.5592594126756,0,0.979221109824049
-572.1047841630761,0,0.979221109824049
-606.1918161603236,0,0.979221109824049
-631.0677710799359,0,0.979221109824049
-645.9804100760182,0,0.979221109824049
-651.9419052953483,0,0.979221109824049
-648.7413954138457,0,0.979221109824049
-635.0624512728197,0,0.979221109824049
-611.1248239763573,0,0.979221109824049
-578.7440265990003,0,0.979221109824049
-539.2803004834261,0,0.979221109824049
-492.9685918795048,0,0.979221109824049
-440.21074088951224,0,0.979221109824049
-382.4834373934385,0,0.979221109824049
-321.92407266397106,0,0.979221109824049
-260.5815802566502,0,0.979221109824049
-199.71097600126006,0,0.979221109824049
-140.32297008765707,0,0.979221109824049
-84.69600760286433,0,0.979221109824049
-35.24529906278431,0,0.979221109824049
7.991472564844768,0,0.979221109824049
46.14707360971474,0,0.979221109824049
79.06982164831852,0,0.979221109824049
105.94814988261135,0,0.979221109824049
126.82828559748945,0,0.979221109824049
142.5848277394027,0,0.979221109824049
153.80234298160985,0,0.979221109824049
160.55563543360904,0,0.979221109824049
163.0693341829993,0,0.979221109824049
161.91934614527062,0,0.979221109824049
158.2829407707126,0,0.979221109824049
153.6271548623898,0,0.979221109824049
148.51406059911028,0,0.979221109824049
142.75010212570174,0,0.979221109824049
136.98239641410578,0,0.979221109824049
132.34089774029115,0,0.979221109824049
128.54226253471307,0,0.979221109824049
124.47392574436616,0,0.979221109824049
120.2790457823484,0,0.979221109824049
117.51244789610054,0,0.979221109824049
117.8577426898127,0,0.979221109824049
121.48356601341854,0,0.979221109824049
126.64593949995566,0,0.979221109824049
131.98319850761163,0,0.979221109824049
137.93431718187043,0,0.979221109824049
145.40048079349953,0,0.979221109824049
154.50557488342355,0,0.979221109824049
164.8200339313454,0,0.979221109824049
175.99459403394263,0,0.979221109824049
188.02702670240032,0,0.979221109824049
201.22218563837708,0,0.979221109824049
215.08341397364413,0,0.979221109824049
227.7672525410078,0,0.979221109824049
238.27718530632703,0,0.979221109824049
247.54131054816915,0,0.979221109824049
256.51053435232467,0,0.979221109824049
264.8565508222602,0,0.979221109824049
271.36788040199417,0,0.979221109824049
274.94074695183514,0,0.979221109824049
275.6624625197325,0,0.979221109824049
274.98841436634353,1,0.9793793298908455
274.1828673834147,0,0.9793793298908455
273.1135580762098,0,0.9793793298908455
270.9320288722183,0,0.9793793298908455
266.9866823638084,0,0.9793793298908455
261.28002406039985,0,0.9793793298908455
254.3886498310109,0,0.9793793298908455
246.4902795595112,0,0.9793793298908455
237.18766050218346,0,0.9793793298908455
226.51346787754008,0,0.9793793298908455
215.1906217121045,0,0.9793793298908455
204.08358244902075,0,0.9793793298908455
193.5214003423014,0,0.9793793298908455
183.24825289811255,0,0.9793793298908455
173.44973273992912,0,0.9793793298908455
164.55757923958242,0,0.9793793298908455
156.02596322696732,0,0.9793793298908455
147.2881884865476,0,0.9793793298908455
138.90468096369804,0,0.9793793298908455
131.65433922183308,0,0.9793793298908455
125.44225875195237,0,0.9793793298908455
119.40266214598523,0,0.9793793298908455
113.16442978209182,0,0.9793793298908455
107.00157657352534,0,0.9793793298908455
100.87740228604575,0,0.9793793298908455
94.74994440190216,0,0.9793793298908455
89.14550159149461,0,0.9793793298908455
84.5325731721106,0,0.9793793298908455
80.27832773550655,0,0.9793793298908455
75.39332042673578,0,0.9793793298908455
70.1610230962268,0,0.9793793298908455
65.21062406989755,0,0.9793793298908455
59.852337711421356,0,0.9793793298908455
52.96398094044533,0,0.9793793298908455
44.39721083511235,0,0.9793793298908455
34.866642168110374,0,0.9793793298908455
25.301291058237346,0,0.9793793298908455
16.30784486443926,0,0.9793793298908455
7.86170628620437,0,0.9793793298908455
-0.6747502657126186,0,0.9793793298908455
-9.772776437844524,0,0.9793793298908455
-19.14046766277909,0,0.9793793298908455
-28.89396948566071,0,0.9793793298908455
-40.358425684962604,0,0.9793793298908455
-54.97336556892129,0,0.9793793298908455
-73.50976913557174,0,0.9793793298908455
-96.15715225136533,0,0.9793793298908455
-122.93089223793537,0,0.9793793298908455
-154.47635272559447,0,0.9793793298908455
-191.5828144351986,0,0.9793793298908455
-233.83820234790866,0,0.9793793298908455
-279.9242940801336,0,0.9793793298908455
-328.6083454804415,0,0.9793793298908455
-378.66311045110984,0,0.9793793298908455
-428.47954668430833,0,0.9793793298908455
-476.66999842844155,0,0.9793793298908455
-522.3906355527248,0,0.9793793298908455
-564.5194771028057,0,0.9793793298908455
-601.3200752463888,0,0.9793793298908455
-630.9579454474014,0,0.9793793298908455
-652.3460386829162,0,0.9793793298908455
-665.4202810623982,0,0.9793793298908455
-669.797726131002,0,0.9793793298908455
-664.1806494035116,0,0.9793793298908455
-648.0097423199342,0,0.9793793298908455
-622.3802522858762,0,0.9793793298908455
-588.9377628236583,0,0.9793793298908455
-548.5380290601411,0,0.9793793298908455
-501.7699822277466,0,0.9793793298908455
-449.7806306446378,0,0.9793793298908455
-393.4675667440349,0,0.9793793298908455
-333.675864737977,0,0.9793793298908455
-271.84097082769347,0,0.9793793298908455
-209.742052842732,0,0.9793793298908455
-149.74812954126878,0,0.9793793298908455
-94.16185333884131,0,0.9793793298908455
-44.1844841920359,0,0.9793793298908455
0.07961682171411577,0,0.9793793298908455
39.057690244051734,0,0.9793793298908455
72.71203851109377,0,0.9793793298908455
100.4665590107427,0,0.9793793298908455
121.90132984362914,0,0.9793793298908455
137.4053878151527,0,0.9793793298908455
148.18327173744152,0,0.9793793298908455
155.33297862839538,0,0.9793793298908455
159.0211021172948,0,0.9793793298908455
158.81770452177435,0,0.9793793298908455
155.11121284759312,0,0.9793793298908455
149.07352579601894,0,0.9793793298908455
142.1233254303981,0,0.9793793298908455
136.04682823981315,0,0.9793793298908455
131.61750678279446,0,0.9793793298908455
128.00469095293224,0,0.9793793298908455
125.02690812276019,0,0.9793793298908455
123.9097587230474,0,0.9793793298908455
125.20647439201241,0,0.9793793298908455
128.42214054978848,0,0.9793793298908455
133.28353115625163,0,0.9793793298908455
139.39859703286598,0,0.9793793298908455
145.78800193429063,0,0.9793793298908455
152.1223168127199,0,0.9793793298908455
158.82590953303466,0,0.9793793298908455
165.67173273000134,0,0.9793793298908455
172.55819847086025,0,0.9793793298908455
180.54767898600758,0,0.9793793298908455
190.09701370773374,0,0.9793793298908455
200.2821805035497,0,0.9793793298908455
210.7117171474456,0,0.9793793298908455
221.8439076000781,0,0.9793793298908455
233.3079301881954,0,0.9793793298908455
244.07349437497075,0,0.9793793298908455
253.3373020520476,0,0.9793793298908455
260.4322657321942,0,0.9793793298908455
265.35031475771444,0,0.9793793298908455
269.0107268890977,0,0.9793793298908455
272.32979180955016,0,0.9793793298908455
275.23104268707755,0,0.9793793298908455
276.63379557579003,0,0.9793793298908455
275.94823262392873,1,0.9794663624099893
273.9828848935379,0,0.9794663624099893
271.6942327909297,0,0.9794663624099893
269.0558623073001,0,0.9794663624099893
265.215765777087,0,0.9794663624099893
259.2771063819147,0,0.9794663624099893
251.0658575640577,0,0.9794663624099893
241.4456577572029,0,0.9794663624099893
231.6507192126069,0,0.9794663624099893
222.28953466214156,0,0.9794663624099893
213.38140588597426,0,0.9794663624099893
204.73743836666284,0,0.9794663624099893
195.99882995633638,0,0.9794663624099893
187.20560861068586,0,0.9794663624099893
179.0293026251068,0,0.9794663624099893
171.69194764410224,0,0.9794663624099893
164.7989787253471,0,0.9794663624099893
157.84618752026267,0,0.9794663624099893
150.24659836130832,0,0.9794663624099893
141.81730638501506,0,0.9794663624099893
132.94662124839286,0,0.9794663624099893
124.30689735615466,0,0.9794663624099893
116.50116705837797,0,0.9794663624099893
109.36032767553301,0,0.9794663624099893
102.33284794858463,0,0.9794663624099893
95.48570428865625,0,0.9794663624099893
88.83050287413982,0,0.9794663624099893
81.84073272627194,0,0.9794663624099893
74.33917267835974,0,0.9794663624099893
66.48159368285661,0,0.9794663624099893
58.15327786674937,0,0.9794663624099893
49.11027931087111,0,0.9794663624099893
39.031424655769946,0,0.9794663624099893
28.167840811994854,0,0.9794663624099893
17.860630599287756,0,0.9794663624099893
8.87783909918014,0,0.9794663624099893
1.106510465792747,0,0.9794663624099893
-5.329556606828517,0,0.9794663624099893
-10.83094580893729,0,0.9794663624099893
-16.856297007243022,0,0.9794663624099893
-24.397883830286975,0,0.9794663624099893
-33.28736261393169,0,0.9794663624099893
-43.733623662469896,0,0.9794663624099893
-56.46810872200105,0,0.9794663624099893
-72.01976017458814,0,0.9794663624099893
-90.97421085409333,0,0.9794663624099893
-114.04862851201426,0,0.9794663624099893
-142.16829325405968,0,0.9794663624099893
-175.473140694808,0,0.9794663624099893
-212.7923624015576,0,0.9794663624099893
-253.4880489221402,0,0.9794663624099893
-297.9628982724374,0,0.9794663624099893
-346.3670325716305,0,0.9794663624099893
-397.64114861135926,0,0.9794663624099893
-449.4429073993345,0,0.9794663624099893
-499.5522805125277,0,0.9794663624099893
-546.6115193575079,0,0.9794663624099893
-589.5372978310086,0,0.9794663624099893
-627.0635921899619,0,0.9794663624099893
-657.1895773208163,0,0.9794663624099893
-677.3346387674213,0,0.9794663624099893
-685.6616171454317,0,0.9794663624099893
-681.7269735801648,0,0.9794663624099893
-666.281525627272,0,0.9794663624099893
-640.8143191663262,0,0.9794663624099893
-606.7292586649298,0,0.9794663624099893
-565.2747049545546,0,0.9794663624099893
-517.2983708067276,0,0.9794663624099893
-463.0266612435649,0,0.9794663624099893
-403.4025402578844,0,0.9794663624099893
-340.60121160942384,0,0.9794663624099893
-277.4118340972575,0,0.9794663624099893
-216.17430841504088,0,0.9794663624099893
-157.6349019646792,0,0.9794663624099893
-102.07788148110028,0,0.9794663624099893
-50.428087120447415,0,0.9794663624099893
-3.4943492686405673,0,0.9794663624099893
38.13223822463105,0,0.9794663624099893
73.92309401146443,0,0.9794663624099893
103.97409513643147,0,0.9794663624099893
128.8804825717366,0,0.9794663624099893
148.91810186193408,0,0.9794663624099893
164.0431981069563,0,0.9794663624099893
174.45411999523654,0,0.9794663624099893
180.3396998759148,0,0.9794663624099893
181.81336303962905,0,0.9794663624099893
179.56050402467005,0,0.9794663624099893
174.292553191085,0,0.9794663624099893
167.04052530091093,0,0.9794663624099893
159.85462778447305,0,0.9794663624099893
153.47938589965233,0,0.9794663624099893
147.2236960772521,0,0.9794663624099893
141.56033450573898,0,0.9794663624099893
137.46591253086316,0,0.9794663624099893
135.16490360612767,0,0.9794663624099893
134.28659594023765,0,0.9794663624099893
134.31455868177403,0,0.9794663624099893
135.5680604130576,0,0.9794663624099893
139.33361238534496,0,0.9794663624099893
146.31636642339433,0,0.9794663624099893
155.20472130737127,0,0.9794663624099893
164.66070118351914,0,0.9794663624099893
174.85731537616846,0,0.9794663624099893
185.85986455273311,0,0.9794663624099893
197.3898378837296,0,0.9794663624099893
209.09491856376854,0,0.9794663624099893
220.57239875733444,0,0.9794663624099893
231.86810715532323,0,0.9794663624099893
242.9274911864784,0,0.9794663624099893
253.35024908264378,0,0.9794663624099893
262.7717124598137,0,0.9794663624099893
271.1936481132756,0,0.9794663624099893
278.9084122907963,0,0.9794663624099893
285.1460312232422,0,0.9794663624099893
288.8131354804188,0,0.9794663624099893
290.256912583714,0,0.9794663624099893
289.8820849142105,1,0.9796481003522881
287.42231149534865,0,0.9796481003522881
282.84309412169745,0,0.9796481003522881
276.3138239109287,0,0.9796481003522881
268.10897832417953,0,0.9796481003522881
258.50413697374836,0,0.9796481003522881
247.60362261065754,0,0.9796481003522881
235.9905515387119,0,0.9796481003522881
224.76999268992887,0,0.9796481003522881
214.70661764117955,0,0.9796481003522881
206.34745463284668,0,0.9796481003522881
199.51450931793556,0,0.9796481003522881
192.73332374865015,0,0.9796481003522881
184.93915589643294,0,0.9796481003522881
176.02749122241838,0,0.9796481003522881
165.75040778634516,0,0.9796481003522881
154.754734263197,0,0.9796481003522881
144.9036161318253,0,0.9796481003522881
136.83003762928405,0,0.9796481003522881
129.4827384717637,0,0.9796481003522881
122.07533560196516,0,0.9796481003522881
115.0244160234344,0,0.9796481003522881
109.11506363983328,0,0.9796481003522881
104.49278909506549,0,0.9796481003522881
100.31512929040508,0,0.9796481003522881
95.1239120523882,0,0.9796481003522881
88.45937231472658,0,0.9796481003522881
81.30768234297062,0,0.9796481003522881
74.77121822829702,0,0.9796481003522881
69.46373425820993,0,0.9796481003522881
65.3745812136603,0,0.9796481003522881
62.11229226328705,0,0.9796481003522881
59.30978947637797,0,0.9796481003522881
56.5432525917235,0,0.9796481003522881
53.320954660761565,0,0.9796481003522881
49.32093030792856,0,0.9796481003522881
44.94721308423589,0,0.9796481003522881
41.02997261062576,0,0.9796481003522881
37.428578215796726,0,0.9796481003522881
32.73326778032917,0,0.9796481003522881
26.27702401351592,0,0.9796481003522881
18.821519744617166,0,0.9796481003522881
10.409437176123063,0,0.9796481003522881
0.541048268393382,0,0.9796481003522881
-10.51602522006518,0,0.9796481003522881
-22.785002871600234,0,0.9796481003522881
-36.97419280781417,0,0.9796481003522881
-53.78565410914624,0,0.9796481003522881
-73.87992995347926,0,0.9796481003522881
-97.80498283481062,0,0.9796481003522881
-126.08074351909121,0,0.9796481003522881
-159.69771331885272,0,0.9796481003522881
-199.21983236956734,0,0.9796481003522881
-243.76294009580948,0,0.9796481003522881
-292.0799171643018,0,0.9796481003522881
-343.1225675500562,0,0.9796481003522881
-395.68629087503757,0,0.9796481003522881
-448.35816199718636,0,0.9796481003522881
-499.51298515132174,0,0.9796481003522881
-547.9824437299945,0,0.9796481003522881
-592.538208778943,0,0.9796481003522881
-630.7043369506877,0,0.9796481003522881
-660.2753585992244,0,0.9796481003522881
-680.7156173949809,0,0.9796481003522881
-691.8782288678067,0,0.9796481003522881
-693.3240802721305,0,0.9796481003522881
-684.7087543538888,0,0.9796481003522881
-665.9714581397027,0,0.9796481003522881
-637.7779916086874,0,0.9796481003522881
-601.4096779852367,0,0.9796481003522881
-558.1730127315539,0,0.9796481003522881
-508.7155620473764,0,0.9796481003522881
-452.8620824232245,0,0.9796481003522881
-391.1567887365321,0,0.9796481003522881
-325.7807051342998,0,0.9796481003522881
-259.54265563306086,0,0.9796481003522881
-195.2172176450525,0,0.9796481003522881
-134.92589875102038,0,0.9796481003522881
-79.41340383497716,0,0.9796481003522881
-28.87989314572995,0,0.9796481003522881
16.248402673739726,0,0.9796481003522881
55.83763796313024,0,0.9796481003522881
90.0412322206294,0,0.9796481003522881
118.72444968966221,0,0.9796481003522881
141.44463648884516,0,0.9796481003522881
157.74808548638381,0,0.9796481003522881
167.7783809748376,0,0.9796481003522881
172.64366383272898,0,0.9796481003522881
173.87439962548854,0,0.9796481003522881
172.58309164817624,0,0.9796481003522881
169.34050684267456,0,0.9796481003522881
164.90377067247343,0,0.9796481003522881
160.01552576695317,0,0.9796481003522881
154.8624367071158,0,0.9796481003522881
149.7431332673154,0,0.9796481003522881
145.19623997476555,0,0.9796481003522881
141.36847231367378,0,0.9796481003522881
138.44078706307639,0,0.9796481003522881
136.85364610577201,0,0.9796481003522881
136.61006014338912,0,0.9796481003522881
137.78815966718628,0,0.9796481003522881
140.97604170339923,0,0.9796481003522881
146.37162266619157,0,0.9796481003522881
153.78486714814554,0,0.9796481003522881
162.98376374426323,0,0.9796481003522881
173.31594797303288,0,0.9796481003522881
184.23541468677797,0,0.9796481003522881
195.50201296542636,0,0.9796481003522881
206.47187615533724,0,0.9796481003522881
216.3855916180663,0,0.9796481003522881
224.97608280556312,0,0.9796481003522881
232.8138613952415,0,0.9796481003522881
240.90366844699767,0,0.9796481003522881
249.20652959143615,0,0.9796481003522881
256.7481350987622,0,0.9796481003522881
263.0972199354768,0,0.9796481003522881
268.3137534560824,0,0.9796481003522881
272.32666679386523,0,0.9796481003522881
274.6559567542534,0,0.9796481003522881
274.9296417412288,0,0.9796481003522881
273.643702213789,1,0.9796328705998225
271.41347678324706,0,0.9796328705998225
268.34312555030783,0,0.9796328705998225
264.82879977612646,0,0.9796328705998225
261.37842284368406,0,0.9796328705998225
257.4394483305797,0,0.9796328705998225
252.46082172568453,0,0.9796328705998225
246.70414883491856,0,0.9796328705998225
240.390997068079,0,0.9796328705998225
233.57903057453194,0,0.9796328705998225
226.37200821883403,0,0.9796328705998225
219.27310036087474,0,0.9796328705998225
212.71853217131624,0,0.9796328705998225
206.56172717324728,0,0.9796328705998225
200.6854444730649,0,0.9796328705998225
195.16705705747975,0,0.9796328705998225
189.7228089004637,0,0.9796328705998225
183.38362515737623,0,0.9796328705998225
175.5940175325557,0,0.9796328705998225
166.8887808155334,0,0.9796328705998225
157.79745491808768,0,0.9796328705998225
148.7041021905165,0,0.9796328705998225
139.91039757270238,0,0.9796328705998225
130.99340494041718,0,0.9796328705998225
121.70524720017617,0,0.9796328705998225
112.63738539263173,0,0.9796328705998225
104.11475828150104,0,0.9796328705998225
95.8788475427464,0,0.9796328705998225
87.92955996367614,0,0.9796328705998225
80.51373517739921,0,0.9796328705998225
73.50487974147343,0,0.9796328705998225
66.85814761244373,0,0.9796328705998225
61.29673199626969,0,0.9796328705998225
57.586402488730876,0,0.9796328705998225
55.2126876720826,0,0.9796328705998225
52.657051158780384,0,0.9796328705998225
48.78182543108216,0,0.9796328705998225
43.28647913075455,0,0.9796328705998225
36.151704757048655,0,0.9796328705998225
26.873569258749033,0,0.9796328705998225
14.74559634760599,0,0.9796328705998225
-0.7399330087409335,0,0.9796328705998225
-20.064119062427658,0,0.9796328705998225
-43.169945881496076,0,0.9796328705998225
-69.53154232307816,0,0.9796328705998225
-98.79604644582696,0,0.9796328705998225
-131.10181572179758,0,0.9796328705998225
-167.18758473801444,0,0.9796328705998225
-207.37641044687317,0,0.9796328705998225
-251.1668654156035,0,0.9796328705998225
-298.0393449448176,0,0.9796328705998225
-347.0936781361622,0,0.9796328705998225
-396.9109696093779,0,0.9796328705998225
-446.72242145784804,0,0.9796328705998225
-496.04062964560256,0,0.9796328705998225
-543.5121259303726,0,0.9796328705998225
-587.4398777011376,0,0.9796328705998225
-626.1548621841773,0,0.9796328705998225
-657.5797972613511,0,0.9796328705998225
-679.9443014444391,0,0.9796328705998225
-692.3408508297393,0,0.9796328705998225
-694.1022681394651,0,0.9796328705998225
-685.4000945862981,0,0.9796328705998225
-667.0824102812876,0,0.9796328705998225
-638.7800319283349,0,0.9796328705998225
-599.7089578855642,0,0.9796328705998225
-551.1050459405245,0,0.9796328705998225
-495.80567392074954,0,0.9796328705998225
-435.83311749608293,0,0.9796328705998225
-371.9737268808604,0,0.9796328705998225
-305.79076479940977,0,0.9796328705998225
-240.0959338640249,0,0.9796328705998225
-177.01817482193536,0,0.9796328705998225
-117.41378196143353,0,0.9796328705998225
-61.95233932447817,0,0.9796328705998225
-11.817272920590037,0,0.9796328705998225
31.49781874570211,0,0.9796328705998225
67.18283824456508,0,0.9796328705998225
95.58228790817289,0,0.9796328705998225
117.3753417587285,0,0.9796328705998225
133.01610396994585,0,0.9796328705998225
143.4325647699896,0,0.9796328705998225
150.01603406469647,0,0.9796328705998225
153.267456963449,0,0.9796328705998225
152.97602932399693,0,0.9796328705998225
150.0868505413576,0,0.9796328705998225
146.47340956513298,0,0.9796328705998225
143.1491677119372,0,0.9796328705998225
140.12728950062382,0,0.9796328705998225
137.02168451824795,0,0.9796328705998225
133.83192149287848,0,0.9796328705998225
131.12540604397068,0,0.9796328705998225
129.1707517274661,0,0.9796328705998225
128.17866339886237,0,0.9796328705998225
128.49907210744706,0,0.9796328705998225
129.97150841051007,0,0.9796328705998225
132.37769375874967,0,0.9796328705998225
136.32437811425436,0,0.9796328705998225
142.75219099115662,0,0.9796328705998225
151.8964816984786,0,0.9796328705998225
163.05703779215605,0,0.9796328705998225
174.8359703788865,0,0.9796328705998225
185.79153908615868,0,0.9796328705998225
195.4197953101673,0,0.9796328705998225
204.2833335436986,0,0.9796328705998225
213.03798555710884,0,0.9796328705998225
221.8372843812068,0,0.9796328705998225
230.78439782459452,0,0.9796328705998225
239.89595272752322,0,0.9796328705998225
248.33431946744287,0,0.9796328705998225
254.85481200959526,0,0.9796328705998225
259.3735596263778,0,0.9796328705998225
262.75394834875624,0,0.9796328705998225
265.13733614430305,0,0.9796328705998225
266.38502117794053,0,0.9796328705998225
267.18404363317063,0,0.9796328705998225
268.1235172206449,0,0.9796328705998225
268.7767418544215,0,0.9796328705998225
268.347759166226,1,0.9798924340655705
266.3182946399084,0,0.9798924340655705
262.377416396504,0,0.9798924340655705
256.64741817673206,0,0.9798924340655705
249.90199325812276,0,0.9798924340655705
242.86028278615882,0,0.9798924340655705
235.6482175152847,0,0.9798924340655705
228.29915825350795,0,0.9798924340655705
220.85180338274685,0,0.9798924340655705
213.1637020474606,0,0.9798924340655705
204.97982821468574,0,0.9798924340655705
195.56010443764202,0,0.9798924340655705
184.72557281362222,0,0.9798924340655705
174.0648984827332,0,0.9798924340655705
164.7385556331686,0,0.9798924340655705
156.134434071538,0,0.9798924340655705
147.68405168804833,0,0.9798924340655705
139.31704392116097,0,0.9798924340655705
130.8779228433873,0,0.9798924340655705
122.88886659996969,0,0.9798924340655705
116.29999253195712,0,0.9798924340655705
110.96466496181638,0,0.9798924340655705
106.12595004730018,0,0.9798924340655705
101.41724761315115,0,0.9798924340655705
96.67528543028388,0,0.9798924340655705
91.90561463197868,0,0.9798924340655705
86.81111521745805,0,0.9798924340655705
80.73189849197033,0,0.9798924340655705
73.3311505355782,0,0.9798924340655705
64.20205101092883,0,0.9798924340655705
52.654659799511684,0,0.9798924340655705
38.64519804235221,0,0.9798924340655705
23.09667403090145,0,0.9798924340655705
6.991954755417621,0,0.9798924340655705
-9.309013239612998,0,0.9798924340655705
-25.897094446361752,0,0.9798924340655705
-43.429619044269415,0,0.9798924340655705
-63.37046310802166,0,0.9798924340655705
-87.55839113280145,0,0.9798924340655705
-117.40996521058494,0,0.9798924340655705
-152.8196193542663,0,0.9798924340655705
-191.84188177345257,0,0.9798924340655705
-233.01309838614918,0,0.9798924340655705
-276.40209281226987,0,0.9798924340655705
-321.382996659848,0,0.9798924340655705
-366.94239711586647,0,0.9798924340655705
-413.1451633814184,0,0.9798924340655705
-460.0459776685052,0,0.9798924340655705
-506.44244052174577,0,0.9798924340655705
-549.9314034396966,0,0.9798924340655705
-588.1339129487068,0,0.9798924340655705
-618.9620579484983,0,0.9798924340655705
-640.1958458995086,0,0.9798924340655705
-650.9084133481464,0,0.9798924340655705
-651.8943319937867,0,0.9798924340655705
-643.7286861666474,0,0.9798924340655705
-626.616742503383,0,0.9798924340655705
-600.9929236550319,0,0.9798924340655705
-566.6390489595286,0,0.9798924340655705
-523.3305382604129,0,0.9798924340655705
-472.08258119947135,0,0.9798924340655705
-414.798005650178,0,0.9798924340655705
-353.6350189542653,0,0.9798924340655705
-290.42435483403756,0,0.9798924340655705
-226.54829351613859,0,0.9798924340655705
-163.8375768077683,0,0.9798924340655705
-104.56380202982488,0,0.9798924340655705
-49.86452141402769,0,0.9798924340655705
0.042221904241177555,0,0.9798924340655705
44.404566502125704,0,0.9798924340655705
82.18690728446457,0,0.9798924340655705
112.61477044792284,0,0.9798924340655705
135.5971802455264,0,0.9798924340655705
151.88644658830958,0,0.9798924340655705
162.10285015285572,0,0.9798924340655705
166.5088306264445,0,0.9798924340655705
166.47840856915124,0,0.9798924340655705
164.13581205214476,0,0.9798924340655705
160.16360206525775,0,0.9798924340655705
154.55137781784327,0,0.9798924340655705
147.73920019259037,0,0.9798924340655705
139.92236228158055,0,0.9798924340655705
131.85342634593806,0,0.9798924340655705
124.85991253517042,0,0.9798924340655705
119.02466353230838,0,0.9798924340655705
113.73336864164717,0,0.9798924340655705
109.54606125201072,0,0.9798924340655705
108.04658854630853,0,0.9798924340655705
110.1010273486337,0,0.9798924340655705
114.7050116677021,0,0.9798924340655705
120.47697546330083,0,0.9798924340655705
127.42074867562316,0,0.9798924340655705
136.02191861287312,0,0.9798924340655705
145.9716318730686,0,0.9798924340655705
156.3386490449835,0,0.9798924340655705
166.42887234650203,0,0.9798924340655705
175.87766219172977,0,0.9798924340655705
184.46551773282738,0,0.9798924340655705
192.72492955860454,0,0.9798924340655705
201.66403265195896,0,0.9798924340655705
211.47445527798567,0,0.9798924340655705
221.2167507608171,0,0.9798924340655705
230.1003413196552,0,0.9798924340655705
238.11502079465532,0,0.9798924340655705
245.32877669138094,0,0.9798924340655705
252.0958932491539,0,0.9798924340655705
258.49399449189247,0,0.9798924340655705
263.48407566382957,0,0.9798924340655705
266.1893856954441,0,0.9798924340655705
266.2027606914136,0,0.9798924340655705
263.7118997747415,1,0.9798137212904987
259.69184591747614,0,0.9798137212904987
254.4370910839169,0,0.9798137212904987
247.96400614868756,0,0.9798137212904987
241.1635420007371,0,0.9798137212904987
234.84544141268344,0,0.9798137212904987
228.55234965053214,0,0.9798137212904987
221.47150202912601,0,0.9798137212904987
214.04716640697447,0,0.9798137212904987
206.91059223921644,0,0.9798137212904987
199.70835734068964,0,0.9798137212904987
191.84541561226428,0,0.9798137212904987
182.91703324169194,0,0.9798137212904987
173.3179635290535,0,0.9798137212904987
163.86665817634417,0,0.9798137212904987
154.25222552965712,0,0.9798137212904987
144.13698275687426,0,0.9798137212904987
134.4296095422992,0,0.9798137212904987
125.80006498820718,0,0.9798137212904987
118.3046961823391,0,0.9798137212904987
111.79492819376702,0,0.9798137212904987
105.8284880659986,0,0.9798137212904987
100.37593682630325,0,0.9798137212904987
95.74383378664105,0,0.9798137212904987
92.21727249039776,0,0.9798137212904987
89.96297368022623,0,0.9798137212904987
88.4697637714658,0,0.9798137212904987
86.62841328441614,0,0.9798137212904987
83.75844644707443,0,0.9798137212904987
80.17786255681536,0,0.9798137212904987
76.52720983021223,0,0.9798137212904987
72.95900615328652,0,0.9798137212904987
69.16421647468565,0,0.9798137212904987
64.49542618609937,0,0.9798137212904987
58.1097200741276,0,0.9798137212904987
49.82659757508752,0,0.9798137212904987
40.09083319043537,0,0.9798137212904987
28.896166631815067,0,0.9798137212904987
15.875573090890342,0,0.9798137212904987
1.259182487452381,0,0.9798137212904987
-14.482007979235508,0,0.9798137212904987
-31.39279716484903,0,0.9798137212904987
-49.65823803722263,0,0.9798137212904987
-69.98270546255182,0,0.9798137212904987
-94.2043029638539,0,0.9798137212904987
-123.91377049474204,0,0.9798137212904987
-158.8016845300565,0,0.9798137212904987
-197.78223445757683,0,0.9798137212904987
-240.64850887106385,0,0.9798137212904987
-287.0672346082075,0,0.9798137212904987
-335.9987809156633,0,0.9798137212904987
-386.6730793398874,0,0.9798137212904987
-438.19141293428066,0,0.9798137212904987
-488.5156514957775,0,0.9798137212904987
-535.2394171037525,0,0.9798137212904987
-576.7370478134263,0,0.9798137212904987
-611.8582878599321,0,0.9798137212904987
-639.2945954582312,0,0.9798137212904987
-658.0497043907745,0,0.9798137212904987
-667.9513288177106,0,0.9798137212904987
-668.5739213244434,0,0.9798137212904987
-658.973980141907,0,0.9798137212904987
-638.7167147237867,0,0.9798137212904987
-608.0756516149861,0,0.9798137212904987
-568.3135191458165,0,0.9798137212904987
-521.3984082192061,0,0.9798137212904987
-468.8886748400949,0,0.9798137212904987
-411.82647646497577,0,0.9798137212904987
-351.3561393042486,0,0.9798137212904987
-289.30557320586576,0,0.9798137212904987
-227.93914366113373,0,0.9798137212904987
-169.05680421116443,0,0.9798137212904987
-114.0918296479884,0,0.9798137212904987
-63.71363935623014,0,0.9798137212904987
-17.463698617412437,0,0.9798137212904987
24.44109608933805,0,0.9798137212904987
60.92582762463441,0,0.9798137212904987
91.56985075460202,0,0.9798137212904987
116.25312874734907,0,0.9798137212904987
134.49329424792322,0,0.9798137212904987
146.1756532158895,0,0.9798137212904987
152.45013697390561,0,0.9798137212904987
155.10255708602114,0,0.9798137212904987
155.18170302622983,0,0.9798137212904987
152.57101420305221,0,0.9798137212904987
146.81324313064977,0,0.9798137212904987
139.0089559933175,0,0.9798137212904987
131.4170507944469,0,0.9798137212904987
124.85383420927705,0,0.9798137212904987
119.23348753570119,0,0.9798137212904987
115.16380459400524,0,0.9798137212904987
112.70874889306037,0,0.9798137212904987
110.88858799679993,0,0.9798137212904987
109.43739025849197,0,0.9798137212904987
109.54815418928095,0,0.9798137212904987
112.87255682784344,0,0.9798137212904987
120.07155027208518,0,0.9798137212904987
130.10572418358112,0,0.9798137212904987
141.4108996700511,0,0.9798137212904987
153.34144963820407,0,0.9798137212904987
165.4888901196606,0,0.9798137212904987
177.31536669445586,0,0.9798137212904987
189.09131917364627,0,0.9798137212904987
201.2372005166898,0,0.9798137212904987
213.4994859100487,0,0.9798137212904987
225.4842062408825,0,0.9798137212904987
236.80844465088293,0,0.9798137212904987
247.1041160777692,0,0.9798137212904987
256.3706273415616,0,0.9798137212904987
264.90087519318007,0,0.9798137212904987
272.53603455615144,0,0.9798137212904987
278.65033102583476,0,0.9798137212904987
283.3496150867429,0,0.9798137212904987
286.9689092660554,0,0.9798137212904987
288.9567085736937,0,0.9798137212904987
288.95401062407853,1,0.9801267140028134
287.3883884718358,0,0.9801267140028134
284.8092671447333,0,0.9801267140028134
281.27488507778446,0,0.9801267140028134
276.4207743780693,0,0.9801267140028134
270.35063904557234,0,0.9801267140028134
263.2102440114827,0,0.9801267140028134
254.63713176580862,0,0.9801267140028134
244.46211727883608,0,0.9801267140028134
233.09974013833465,0,0.9801267140028134
221.79065072792707,0,0.9801267140028134
211.45182284030275,0,0.9801267140028134
201.2920821725977,0,0.9801267140028134
190.54473607567743,0,0.9801267140028134
179.916314419885,0,0.9801267140028134
170.10491535204082,0,0.9801267140028134
160.75296718030162,0,0.9801267140028134
151.74274367728583,0,0.9801267140028134
143.94711709719166,0,0.9801267140028134
137.2637702626126,0,0.9801267140028134
130.09725195455928,0,0.9801267140028134
121.56805250158789,0,0.9801267140028134
111.675845282576,0,0.9801267140028134
100.56995919234112,0,0.9801267140028134
89.10198267623758,0,0.9801267140028134
77.79296959317712,0,0.9801267140028134
66.32509797682275,0,0.9801267140028134
54.88522919553723,0,0.9801267140028134
43.45244587019489,0,0.9801267140028134
30.945195297755173,0,0.9801267140028134
16.568950834345237,0,0.9801267140028134
0.2903741419849828,0,0.9801267140028134
-18.336484024127962,0,0.9801267140028134
-40.27449630184294,0,0.9801267140028134
-65.90363793631175,0,0.9801267140028134
-95.1422953376142,0,0.9801267140028134
-128.1882759807697,0,0.9801267140028134
-165.07618839095952,0,0.9801267140028134
-205.48070428463072,0,0.9801267140028134
-249.1949438554412,0,0.9801267140028134
-295.8852355686215,0,0.9801267140028134
-344.7778709439637,0,0.9801267140028134
-394.7945386204244,0,0.9801267140028134
-444.6962557213658,0,0.9801267140028134
-493.0256563904901,0,0.9801267140028134
-537.7752760080616,0,0.9801267140028134
-576.417809884255,0,0.9801267140028134
-607.1270550629484,0,0.9801267140028134
-629.4353334693213,0,0.9801267140028134
-643.1883845552061,0,0.9801267140028134
-647.7936606492539,0,0.9801267140028134
-642.3043552435688,0,0.9801267140028134
-625.9118804549153,0,0.9801267140028134
-598.8149673193894,0,0.9801267140028134
-562.179677177402,0,0.9801267140028134
-517.0104793972151,0,0.9801267140028134
-464.4338144711255,0,0.9801267140028134
-406.67108809468573,0,0.9801267140028134
-346.00852446921397,0,0.9801267140028134
-283.68690698742193,0,0.9801267140028134
-220.76656174638723,0,0.9801267140028134
-158.80697220401447,0,0.9801267140028134
-99.14097897286858,0,0.9801267140028134
-42.77377449277108,0,0.9801267140028134
8.86565470746756,0,0.9801267140028134
54.36339782468176,0,0.9801267140028134
93.01074858731155,0,0.9801267140028134
124.3139366300064,0,0.9801267140028134
148.33364192296006,0,0.9801267140028134
165.5635063100188,0,0.9801267140028134
176.29907482831322,0,0.9801267140028134
181.8472963943337,0,0.9801267140028134
183.75569164585423,0,0.9801267140028134
182.46399424504042,0,0.9801267140028134
178.1781225724698,0,0.9801267140028134
170.75268137910584,0,0.9801267140028134
160.34299712036324,0,0.9801267140028134
148.9496073739013,0,0.9801267140028134
138.94762769821548,0,0.9801267140028134
130.84587216224702,0,0.9801267140028134
124.18160053755244,0,0.9801267140028134
119.43840878105445,0,0.9801267140028134
117.23952137192798,0,0.9801267140028134
117.06446992398,0,0.9801267140028134
118.44374285186241,0,0.9801267140028134
121.69658131040738,0,0.9801267140028134
127.04030845038339,0,0.9801267140028134
134.25201025457568,0,0.9801267140028134
143.25123357412886,0,0.9801267140028134
154.02073394531658,0,0.9801267140028134
165.88860436810796,0,0.9801267140028134
177.941595868315,0,0.9801267140028134
189.7782450481596,0,0.9801267140028134
201.54508154024214,0,0.9801267140028134
213.44800233809195,0,0.9801267140028134
225.35742525563077,0,0.9801267140028134
236.929163944029,0,0.9801267140028134
247.53470180179278,0,0.9801267140028134
256.10816256964506,0,0.9801267140028134
262.31623835692585,0,0.9801267140028134
266.94675085912723,0,0.9801267140028134
270.29119545669477,0,0.9801267140028134
272.3330668871697,0,0.9801267140028134
273.40974167784304,0,0.9801267140028134
273.59448573917166,0,0.9801267140028134
273.02292826211766,1,0.979834101019537
271.9121111584043,0,0.979834101019537
269.8027889411534,0,0.979834101019537
266.01214016044315,0,0.979834101019537
260.4298816232812,0,0.979834101019537
253.45664059785494,0,0.979834101019537
245.81311842514467,0,0.979834101019537
238.28037342599677,0,0.979834101019537
231.18478327604296,0,0.979834101019537
224.2193164832281,0,0.979834101019537
216.64515043586073,0,0.979834101019537
208.16212183871633,0,0.979834101019537
199.72476448684176,0,0.979834101019537
191.9192516373915,0,0.979834101019537
184.273753987997,0,0.979834101019537
176.60298785718214,0,0.979834101019537
168.40897092349692,0,0.979834101019537
158.63219023996024,0,0.979834101019537
146.8760128493946,0,0.979834101019537
133.68169348719275,0,0.979834101019537
119.38631060080385,0,0.979834101019537
104.40448577172806,0,0.979834101019537
90.40098469256581,0,0.979834101019537
78.43024745762666,0,0.979834101019537
68.31566023127505,0,0.979834101019537
59.968100096732506,0,0.979834101019537
52.592815565691104,0,0.979834101019537
45.35189435547163,0,0.979834101019537
38.71854581127628,0,0.979834101019537
32.99838857954837,0,0.979834101019537
27.99308366325603,0,0.979834101019537
23.629513827402377,0,0.979834101019537
19.29177129130264,0,0.979834101019537
14.397752921331762,0,0.979834101019537
8.761714863035591,0,0.979834101019537
2.2366329787979735,0,0.979834101019537
-4.818604475544077,0,0.979834101019537
-12.213181339154236,0,0.979834101019537
-20.29251109398372,0,0.979834101019537
-29.059886243134958,0,0.979834101019537
-38.7260679063969,0,0.979834101019537
-50.52300526275871,0,0.979834101019537
-65.6049627454921,0,0.979834101019537
-84.35945611972595,0,0.979834101019537
-107.47522955110227,0,0.979834101019537
-135.65021939335188,0,0.979834101019537
-168.23143008733828,0,0.979834101019537
-204.1107231835146,0,0.979834101019537
-243.49975008530083,0,0.979834101019537
-286.9960910573458,0,0.979834101019537
-333.70515360095817,0,0.979834101019537
-382.2154312917618,0,0.979834101019537
-431.8582881282257,0,0.979834101019537
-481.52497798751267,0,0.979834101019537
-529.1067172349966,0,0.979834101019537
-572.540270408904,0,0.979834101019537
-610.1578553745067,0,0.979834101019537
-640.6476004104153,0,0.979834101019537
-663.2441388021537,0,0.979834101019537
-677.18034307127,0,0.979834101019537
-681.018468920993,0,0.979834101019537
-673.7335663433763,0,0.979834101019537
-655.9211817343624,0,0.979834101019537
-628.6270618979671,0,0.979834101019537
-592.4747364582432,0,0.979834101019537
-547.9595263214184,0,0.979834101019537
-495.635074264958,0,0.979834101019537
-436.79863905428664,0,0.979834101019537
-373.60169558548824,0,0.979834101019537
-308.6561529321867,0,0.979834101019537
-244.6757904929959,0,0.979834101019537
-183.49173985856916,0,0.979834101019537
-125.77095602329273,0,0.979834101019537
-71.94967650612921,0,0.979834101019537
-22.537666880117325,0,0.979834101019537
21.55007362169321,0,0.979834101019537
59.077440642152574,0,0.979834101019537
89.76403250389662,0,0.979834101019537
113.7784248100867,0,0.979834101019537
131.43750834106473,0,0.979834101019537
144.1207252955038,0,0.979834101019537
152.6971048498764,0,0.979834101019537
156.74840940469596,0,0.979834101019537
156.8811866277798,0,0.979834101019537
154.96506112087746,0,0.979834101019537
152.06366415173386,0,0.979834101019537
147.77785262043963,0,0.979834101019537
141.26826028260407,0,0.979834101019537
133.05990774013623,0,0.979834101019537
125.04599074402473,0,0.979834101019537
118.335421118092,0,0.979834101019537
112.88508197643694,0,0.979834101019537
108.93959837986672,0,0.979834101019537
107.33246159705502,0,0.979834101019537
108.7538729160264,0,0.979834101019537
112.98049407906073,0,0.979834101019537
118.78661853754552,0,0.979834101019537
125.77607320282333,0,0.979834101019537
135.3853917928187,0,0.979834101019537
148.3419649855559,0,0.979834101019537
163.16470788863344,0,0.979834101019537
178.1086541860585,0,0.979834101019537
192.44034641356242,0,0.979834101019537
205.9065265242517,0,0.979834101019537
218.4911294301551,0,0.979834101019537
230.624244996998,0,0.979834101019537
242.68769910362684,0,0.979834101019537
254.16595676756432,0,0.979834101019537
264.13776900226657,0,0.979834101019537
272.4895233681019,0,0.979834101019537
279.4786404293217,0,0.979834101019537
284.966205870988,0,0.979834101019537
288.8082365183704,0,0.979834101019537
290.9066242060791,0,0.979834101019537
291.50232713550787,0,0.979834101019537
291.19969340068525,1,0.9800683658171987
289.9877667494226,0,0.9800683658171987
287.71580902227464,0,0.9800683658171987
284.5362066012649,0,0.9800683658171987
279.6812591336376,0,0.9800683658171987
272.27680307145357,0,0.9800683658171987
263.52167729143736,0,0.9800683658171987
255.54000634193028,0,0.9800683658171987
248.8701348527703,0,0.9800683658171987
242.70129338384007,0,0.9800683658171987
236.488311541886,0,0.9800683658171987
230.23691628947535,0,0.9800683658171987
223.58311083497662,0,0.9800683658171987
216.016238517169,0,0.9800683658171987
207.92113064946614,0,0.9800683658171987
199.70107037502547,0,0.9800683658171987
190.75883656854487,0,0.9800683658171987
180.57981363890693,0,0.9800683658171987
169.56725603478753,0,0.9800683658171987
158.27345625348963,0,0.9800683658171987
146.65906442707254,0,0.9800683658171987
134.54400230517072,0,0.9800683658171987
122.23864343691254,0,0.9800683658171987
110.00780359992838,0,0.9800683658171987
97.73208683792674,0,0.9800683658171987
85.94602341870853,0,0.9800683658171987
75.76987302922588,0,0.9800683658171987
67.46058636357927,0,0.9800683658171987
60.36055516379091,0,0.9800683658171987
53.9960249754366,0,0.9800683658171987
48.500464733905496,0,0.9800683658171987
43.89430279900546,0,0.9800683658171987
39.49882881130253,0,0.9800683658171987
34.63252166385706,0,0.9800683658171987
29.435190654737433,0,0.9800683658171987
24.099107483866373,0,0.9800683658171987
17.815697726912138,0,0.9800683658171987
9.500211841454357,0,0.9800683658171987
-1.2686003288881995,0,0.9800683658171987
-14.480916173157048,0,0.9800683658171987
-30.02603770223371,0,0.9800683658171987
-47.781503692146224,0,0.9800683658171987
-68.08147636595491,0,0.9800683658171987
-91.40285145904939,0,0.9800683658171987
-118.09296578433633,0,0.9800683658171987
-149.13381250697302,0,0.9800683658171987
-184.7982184824451,0,0.9800683658171987
-224.04534661401766,0,0.9800683658171987
-266.4731029915174,0,0.9800683658171987
-311.8252044063652,0,0.9800683658171987
-359.2615987487536,0,0.9800683658171987
-408.03136891212546,0,0.9800683658171987
-456.91101480146745,0,0.9800683658171987
-504.25340053023547,0,0.9800683658171987
-548.9015997602337,0,0.9800683658171987
-589.9005180137515,0,0.9800683658171987
-625.6315184636697,0,0.9800683658171987
-654.0314173997018,0,0.9800683658171987
-672.8136813521033,0,0.9800683658171987
-679.8503485731328,0,0.9800683658171987
-674.8218403538673,0,0.9800683658171987
-658.7381833384693,0,0.9800683658171987
-632.5736375408236,0,0.9800683658171987
-597.5530455738981,0,0.9800683658171987
-554.0932311925516,0,0.9800683658171987
-502.28559805625105,0,0.9800683658171987
-444.256800155313,0,0.9800683658171987
-382.8907136758979,0,0.9800683658171987
-319.827440087467,0,0.9800683658171987
-256.02195090453984,0,0.9800683658171987
-192.8456582796988,0,0.9800683658171987
-131.83504889113797,0,0.9800683658171987
-74.64857162656355,0,0.9800683658171987
-23.54125519538145,0,0.9800683658171987
20.39722114031655,0,0.9800683658171987
57.55480762314184,0,0.9800683658171987
88.29051816047439,0,0.9800683658171987
113.01711875361167,0,0.9800683658171987
131.71337599247371,0,0.9800683658171987
144.43303386521237,0,0.9800683658171987
152.51893297621749,0,0.9800683658171987
157.30356878104422,0,0.9800683658171987
159.13316995871406,0,0.9800683658171987
157.7853205365448,0,0.9800683658171987
153.3278596999841,0,0.9800683658171987
146.8402161143466,0,0.9800683658171987
140.03447087200104,0,0.9800683658171987
134.48807872356406,0,0.9800683658171987
130.39720730861782,0,0.9800683658171987
126.90702182832672,0,0.9800683658171987
124.56786051793796,0,0.9800683658171987
124.84587324053922,0,0.9800683658171987
127.54640925818039,0,0.9800683658171987
131.4236496053897,0,0.9800683658171987
135.86667692231538,0,0.9800683658171987
140.65186444279408,0,0.9800683658171987
146.21759847734003,0,0.9800683658171987
153.68760399138873,0,0.9800683658171987
163.22170659319573,0,0.9800683658171987
173.8471041149811,0,0.9800683658171987
184.9328560577024,0,0.9800683658171987
196.63504993634223,0,0.9800683658171987
208.360570230908,0,0.9800683658171987
218.35842047241178,0,0.9800683658171987
226.45013304556124,0,0.9800683658171987
233.88988939785412,0,0.9800683658171987
240.4275493774371,0,0.9800683658171987
245.6606123601575,0,0.9800683658171987
250.3616803714196,0,0.9800683658171987
254.50107888207066,0,0.9800683658171987
257.7360112871912,0,0.9800683658171987
260.8292175298406,0,0.9800683658171987
264.30290545132215,0,0.9800683658171987
267.2185209851697,0,0.9800683658171987
268.69720093452503,0,0.9800683658171987
268.6121614023278,1,0.98170395826008
266.4833543342668,0,0.98170395826008
262.5356182089667,0,0.98170395826008
257.6253867326245,0,0.98170395826008
251.79853638170025,0,0.98170395826008
245.15228328552254,0,0.98170395826008
238.082038963779,0,0.98170395826008
230.73581117299338,0,0.98170395826008
223.1556678391062,0,0.98170395826008
215.28728954350848,0,0.98170395826008
206.72047741011244,0,0.98170395826008
197.12544199574265,0,0.98170395826008
187.2463986139713,0,0.98170395826008
178.2341662478429,0,0.98170395826008
170.5548628879685,0,0.98170395826008
163.8382301179487,0,0.98170395826008
156.35389183920356,0,0.98170395826008
146.44306379855323,0,0.98170395826008
134.8196124932887,0,0.98170395826008
122.89623652280693,0,0.98170395826008
110.99660224732334,0,0.98170395826008
99.41789605350353,0,0.98170395826008
88.88468397278623,0,0.98170395826008
79.82856223359438,0,0.98170395826008
71.90311747945908,0,0.98170395826008
64.57029291773387,0,0.98170395826008
57.315835367420156,0,0.98170395826008
49.346449886981894,0,0.98170395826008
40.63743554105783,0,0.98170395826008
32.070708147885675,0,0.98170395826008
24.00789776905351,0,0.98170395826008
16.716680716229504,0,0.98170395826008
10.589871787235579,0,0.98170395826008
5.139937516178995,0,0.98170395826008
0.3403188274838258,0,0.98170395826008
-3.356035245305357,0,0.98170395826008
-6.378082607767089,0,0.98170395826008
-8.952345403469595,0,0.98170395826008
-11.722348944253028,0,0.98170395826008
-16.439082782391562,0,0.98170395826008
-23.660770700493895,0,0.98170395826008
-32.65861097211289,0,0.98170395826008
-43.659759758908145,0,0.98170395826008
-57.95107204994451,0,0.98170395826008
-76.25969552264178,0,0.98170395826008
-98.87194580648416,0,0.98170395826008
-126.58830208881783,0,0.98170395826008
-159.96700104285645,0,0.98170395826008
-198.31170453548066,0,0.98170395826008
-240.16981056646372,0,0.98170395826008
-285.2903976693185,0,0.98170395826008
-334.1855804881635,0,0.98170395826008
-385.5492303402281,0,0.98170395826008
-437.10772675522634,0,0.98170395826008
-487.0968099689655,0,0.98170395826008
-533.6125607127001,0,0.98170395826008
-575.0422689373564,0,0.98170395826008
-610.4363730314321,0,0.98170395826008
-638.2519871812506,0,0.98170395826008
-656.4914530573774,0,0.98170395826008
-664.226133398227,0,0.98170395826008
-661.44801295291,0,0.98170395826008
-647.9169419217322,0,0.98170395826008
-623.1765170295661,0,0.98170395826008
-587.8006389050666,0,0.98170395826008
-543.3657376241815,0,0.98170395826008
-491.4311912246587,0,0.98170395826008
-433.6741499168961,0,0.98170395826008
-371.97814908235114,0,0.98170395826008
-308.346616047716,0,0.98170395826008
-244.41547762699872,0,0.98170395826008
-181.53340100108454,0,0.98170395826008
-121.45817949592694,0,0.98170395826008
-65.14973963168774,0,0.98170395826008
-13.130500656261116,0,0.98170395826008
33.061991184145654,0,0.98170395826008
72.36335642274963,0,0.98170395826008
104.686385952102,0,0.98170395826008
129.78249772683358,0,0.98170395826008
148.01222262183842,0,0.98170395826008
161.00637244700823,0,0.98170395826008
170.146899159464,0,0.98170395826008
175.33924139399426,0,0.98170395826008
176.36149774848514,0,0.98170395826008
174.60380739930923,0,0.98170395826008
171.63425480415847,0,0.98170395826008
167.627646561476,0,0.98170395826008
162.42986293650887,0,0.98170395826008
156.3449646627702,0,0.98170395826008
150.14653771540085,0,0.98170395826008
144.7012517779714,0,0.98170395826008
140.47361419152085,0,0.98170395826008
137.33688785520235,0,0.98170395826008
134.81593294057066,0,0.98170395826008
132.82066791321822,0,0.98170395826008
131.3410409752351,0,0.98170395826008
130.452821958913,0,0.98170395826008
131.22021721001994,0,0.98170395826008
134.76430131613748,0,0.98170395826008
140.9927936038972,0,0.98170395826008
149.15210134005838,0,0.98170395826008
158.655088854866,0,0.98170395826008
169.2877421525254,0,0.98170395826008
180.77544322439832,0,0.98170395826008
192.27968798563077,0,0.98170395826008
202.9915456074166,0,0.98170395826008
212.73152493663684,0,0.98170395826008
221.5898406706326,0,0.98170395826008
229.71893494811147,0,0.98170395826008
237.3821008925277,0,0.98170395826008
245.02457618989592,0,0.98170395826008
252.89041679132984,0,0.98170395826008
260.64292531739534,0,0.98170395826008
267.7590277813241,0,0.98170395826008
273.4906175586734,0,0.98170395826008
277.2535172251369,0,0.98170395826008
279.1781124214842,0,0.98170395826008
279.24856494206966,0,0.98170395826008
277.11951851647655,1,0.9817224961518254
272.87145486508723,0,0.9817224961518254
266.9165293107672,0,0.9817224961518254
259.5820182492215,0,0.9817224961518254
251.10093949547107,0,0.9817224961518254
241.61366432197752,0,0.9817224961518254
231.1167279684903,0,0.9817224961518254
219.80313322943184,0,0.9817224961518254
208.48233838262684,0,0.9817224961518254
198.09047757550033,0,0.9817224961518254
188.73748982056887,0,0.9817224961518254
179.8066165045825,0,0.9817224961518254
170.48762641968673,0,0.9817224961518254
160.54379694828077,0,0.9817224961518254
151.1267890975516,0,0.9817224961518254
143.21088268532833,0,0.9817224961518254
136.51615539683658,0,0.9817224961518254
131.1126991797219,0,0.9817224961518254
127.17855906690437,0,0.9817224961518254
123.62296076182314,0,0.9817224961518254
119.29677866822925,0,0.9817224961518254
114.42392745998235,0,0.9817224961518254
109.62530523711582,0,0.9817224961518254
104.89939343513372,0,0.9817224961518254
99.92793356259767,0,0.9817224961518254
94.35457052197883,0,0.9817224961518254
87.63211662457908,0,0.9817224961518254
79.42858841366319,0,0.9817224961518254
70.30350097981204,0,0.9817224961518254
60.92068183019415,0,0.9817224961518254
51.15817031735204,0,0.9817224961518254
40.278377552704406,0,0.9817224961518254
27.80124784338781,0,0.9817224961518254
13.998588895474528,0,0.9817224961518254
-0.8431280136336308,0,0.9817224961518254
-16.655176973976562,0,0.9817224961518254
-34.08304582436856,0,0.9817224961518254
-54.25505499625959,0,0.9817224961518254
-77.11161190285561,0,0.9817224961518254
-102.33753756801453,0,0.9817224961518254
-130.4585533047422,0,0.9817224961518254
-161.42778523411747,0,0.9817224961518254
-194.84564933774064,0,0.9817224961518254
-231.36039001388238,0,0.9817224961518254
-272.2041304096884,0,0.9817224961518254
-317.5693382691887,0,0.9817224961518254
-366.01054304799925,0,0.9817224961518254
-416.1853213995924,0,0.9817224961518254
-467.1413761071763,0,0.9817224961518254
-516.5517091055018,0,0.9817224961518254
-561.3847932049847,0,0.9817224961518254
-599.3921113627742,0,0.9817224961518254
-629.4968728533705,0,0.9817224961518254
-651.4037442643189,0,0.9817224961518254
-664.1636444986377,0,0.9817224961518254
-666.2640100736083,0,0.9817224961518254
-657.0058545591696,0,0.9817224961518254
-636.4035360676943,0,0.9817224961518254
-605.373951515627,0,0.9817224961518254
-566.2230781803808,0,0.9817224961518254
-521.0567524973462,0,0.9817224961518254
-470.4442878849049,0,0.9817224961518254
-414.5137952426741,0,0.9817224961518254
-354.31796660545086,0,0.9817224961518254
-291.5184928700523,0,0.9817224961518254
-228.27913282691102,0,0.9817224961518254
-167.83471974880823,0,0.9817224961518254
-112.80132438182399,0,0.9817224961518254
-63.050743911074726,0,0.9817224961518254
-17.50374507314414,0,0.9817224961518254
23.455088289442315,0,0.9817224961518254
58.97290127776225,0,0.9817224961518254
88.81218360043496,0,0.9817224961518254
113.31572437911993,0,0.9817224961518254
133.28807124382735,0,0.9817224961518254
148.7401690547203,0,0.9817224961518254
158.9066880642455,0,0.9817224961518254
163.92299501923748,0,0.9817224961518254
164.63601419078105,0,0.9817224961518254
161.72850089475503,0,0.9817224961518254
155.9611329960946,0,0.9817224961518254
148.85438803514654,0,0.9817224961518254
141.8312036397221,0,0.9817224961518254
135.11886866557913,0,0.9817224961518254
129.16310618699706,0,0.9817224961518254
124.89884029745015,0,0.9817224961518254
122.58243870559875,0,0.9817224961518254
121.76056684839544,0,0.9817224961518254
121.74510698654419,0,0.9817224961518254
122.65114116982224,0,0.9817224961518254
125.04823614490634,0,0.9817224961518254
128.7818758442418,0,0.9817224961518254
133.95194244380514,0,0.9817224961518254
141.1437214655359,0,0.9817224961518254
150.3188921879333,0,0.9817224961518254
161.13688744939435,0,0.9817224961518254
173.42415619667543,0,0.9817224961518254
186.93882383123855,0,0.9817224961518254
201.1187018698011,0,0.9817224961518254
215.1993297349269,0,0.9817224961518254
228.37372693433906,0,0.9817224961518254
239.5641955480993,0,0.9817224961518254
248.23480381879853,0,0.9817224961518254
255.20375275692874,0,0.9817224961518254
261.2145439396086,0,0.9817224961518254
265.58818413118206,0,0.9817224961518254
267.0606863902775,0,0.9817224961518254
265.72667212612527,1,0.9815487479648297
262.9563593400589,0,0.9815487479648297
259.31297423908865,0,0.9815487479648297
254.43943138877512,0,0.9815487479648297
248.51320878615013,0,0.9815487479648297
242.5523099662895,0,0.9815487479648297
237.4740037081236,0,0.9815487479648297
233.35870727779502,0,0.9815487479648297
229.41109960678855,0,0.9815487479648297
224.90533255921156,0,0.9815487479648297
219.90857749740047,0,0.9815487479648297
214.42590612663463,0,0.9815487479648297
208.18862549936298,0,0.9815487479648297
201.2680545918613,0,0.9815487479648297
194.12700288984047,0,0.9815487479648297
187.3561314733555,0,0.9815487479648297
181.04159665644315,0,0.9815487479648297
174.41546682643533,0,0.9815487479648297
166.79362114035737,0,0.9815487479648297
158.34044701784683,0,0.9815487479648297
149.62230078201145,0,0.9815487479648297
141.07112945099544,0,0.9815487479648297
132.52818789977354,0,0.9815487479648297
123.4092999261073,0,0.9815487479648297
113.33104603633777,0,0.9815487479648297
102.46532880498609,0,0.9815487479648297
91.87103479314585,0,0.9815487479648297
82.5696952507604,0,0.9815487479648297
74.51445896184704,0,0.9815487479648297
67.46004498001639,0,0.9815487479648297
61.89181423136612,0,0.9815487479648297
58.0344236480796,0,0.9815487479648297
54.453791493736134,0,0.9815487479648297
49.76925249568034,0,0.9815487479648297
44.51597434823897,0,0.9815487479648297
39.240590889579245,0,0.9815487479648297
33.127426017828235,0,0.9815487479648297
25.292146866650093,0,0.9815487479648297
15.65493937869028,0,0.9815487479648297
4.50583445105318,0,0.9815487479648297
-7.9563742196775635,0,0.9815487479648297
-22.05238325985533,0,0.9815487479648297
-39.023204091698936,0,0.9815487479648297
-60.01772980691855,0,0.9815487479648297
-84.87095922313375,0,0.9815487479648297
-113.0382637042929,0,0.9815487479648297
-144.75270360595496,0,0.9815487479648297
-180.80545929811387,0,0.9815487479648297
-221.98203220143995,0,0.9815487479648297
-268.30601172984575,0,0.9815487479648297
-318.53046439686284,0,0.9815487479648297
-370.65636375202064,0,0.9815487479648297
-422.80629267064535,0,0.9815487479648297
-473.4596587791661,0,0.9815487479648297
-521.3004530978591,0,0.9815487479648297
-564.7470536428386,0,0.9815487479648297
-601.4816462329695,0,0.9815487479648297
-629.4647127135984,0,0.9815487479648297
-648.3239687270038,0,0.9815487479648297
-658.179461143999,0,0.9815487479648297
-658.1070064342933,0,0.9815487479648297
-647.200605880098,0,0.9815487479648297
-625.8248689960957,0,0.9815487479648297
-594.9949627801312,0,0.9815487479648297
-555.4980781064484,0,0.9815487479648297
-508.4477569312736,0,0.9815487479648297
-455.8210616366674,0,0.9815487479648297
-399.8800537120917,0,0.9815487479648297
-342.2553361588681,0,0.9815487479648297
-283.62363189333377,0,0.9815487479648297
-224.27347342720785,0,0.9815487479648297
-165.12148634889246,0,0.9815487479648297
-108.27372832584413,0,0.9815487479648297
-55.87413051919998,0,0.9815487479648297
-8.978727437548864,0,0.9815487479648297
32.17798613973737,0,0.9815487479648297
67.69248263506648,0,0.9815487479648297
97.382382813741,0,0.9815487479648297
120.69180850375741,0,0.9815487479648297
137.53825760995252,0,0.9815487479648297
148.608897841901,0,0.9815487479648297
154.91340678369295,0,0.9815487479648297
157.33828122551284,0,0.9815487479648297
156.48127609284117,0,0.9815487479648297
153.28403675271855,0,0.9815487479648297
149.02701148128534,0,0.9815487479648297
144.30861303402637,0,0.9815487479648297
139.04071023729864,0,0.9815487479648297
133.24056444556692,0,0.9815487479648297
127.5339933491951,0,0.9815487479648297
123.02017244691585,0,0.9815487479648297
120.138507724754,0,0.9815487479648297
118.32821621626809,0,0.9815487479648297
117.22608966315988,0,0.9815487479648297
117.44838325874069,0,0.9815487479648297
120.60690566240126,0,0.9815487479648297
128.18879095979975,0,0.9815487479648297
139.84216696268834,0,0.9815487479648297
153.72513647908198,0,0.9815487479648297
168.07194983390676,0,0.9815487479648297
181.94803475955356,0,0.9815487479648297
195.70371048416,0,0.9815487479648297
209.9549703986888,0,0.9815487479648297
224.1560221679613,0,0.9815487479648297
237.36751982885468,0,0.9815487479648297
249.03267706593175,0,0.9815487479648297
258.67340924725744,0,0.9815487479648297
265.77803874019895,0,0.9815487479648297
270.23839737451914,0,0.9815487479648297
272.801250422154,0,0.9815487479648297
274.8436140970715,0,0.9815487479648297
277.3986234627577,0,0.9815487479648297
280.3424223271065,0,0.9815487479648297
282.7735742633202,0,0.9815487479648297
283.4762787541035,0,0.9815487479648297
281.42008385144,1,0.9817000043857277
276.7036413486405,0,0.9817000043857277
270.35924293558674,0,0.9817000043857277
263.41739416384377,0,0.9817000043857277
256.3740845078765,0,0.9817000043857277
249.22693944369422,0,0.9817000043857277
242.1729686674807,0,0.9817000043857277
235.65659025946655,0,0.9817000043857277
229.25319117399002,0,0.9817000043857277
221.8075078097838,0,0.9817000043857277
213.17838515392216,0,0.9817000043857277
204.6107316578179,0,0.9817000043857277
197.13566965059073,0,0.9817000043857277
190.2838898039325,0,0.9817000043857277
183.18055517763318,0,0.9817000043857277
175.9172174508493,0,0.9817000043857277
168.34822865142027,0,0.9817000043857277
159.75847939307585,0,0.9817000043857277
150.53594686791973,0,0.9817000043857277
141.35320814977362,0,0.9817000043857277
132.07696537898806,0,0.9817000043857277
122.83798031740315,0,0.9817000043857277
113.41229301012483,0,0.9817000043857277
103.12314681000807,0,0.9817000043857277
92.42836579253157,0,0.9817000043857277
82.10201840369102,0,0.9817000043857277
71.68044930880355,0,0.9817000043857277
59.849572043976444,0,0.9817000043857277
46.271892086055225,0,0.9817000043857277
31.982973921346023,0,0.9817000043857277
16.847607506059326,0,0.9817000043857277
-0.7240607482626424,0,0.9817000043857277
-21.3910647165655,0,0.9817000043857277
-44.97836039452055,0,0.9817000043857277
-71.47070173394481,0,0.9817000043857277
-101.36057248500117,0,0.9817000043857277
-135.86373325543454,0,0.9817000043857277
-175.8568591045653,0,0.9817000043857277
-220.48901054827147,0,0.9817000043857277
-267.5050036314776,0,0.9817000043857277
-315.4806372714301,0,0.9817000043857277
-364.3249253409946,0,0.9817000043857277
-413.3641431903518,0,0.9817000043857277
-461.2284629452495,0,0.9817000043857277
-506.6623563515245,0,0.9817000043857277
-548.4663715319189,0,0.9817000043857277
-585.347508331633,0,0.9817000043857277
-615.3625044457376,0,0.9817000043857277
-636.9488839447497,0,0.9817000043857277
-649.8474507833506,0,0.9817000043857277
-653.4786092744097,0,0.9817000043857277
-647.095679103597,0,0.9817000043857277
-630.718761147678,0,0.9817000043857277
-604.4465975927342,0,0.9817000043857277
-568.9118766644151,0,0.9817000043857277
-525.4114910100215,0,0.9817000043857277
-474.74163080588903,0,0.9817000043857277
-417.7012251596662,0,0.9817000043857277
-356.23113991235385,0,0.9817000043857277
-292.55687944691755,0,0.9817000043857277
-228.45156555840578,0,0.9817000043857277
-165.92532538601068,0,0.9817000043857277
-107.01000346859644,0,0.9817000043857277
-53.09022066898557,0,0.9817000043857277
-5.050565829696364,0,0.9817000043857277
36.826949777769734,0,0.9817000043857277
72.84063959721514,0,0.9817000043857277
103.30169125385754,0,0.9817000043857277
128.31206919463156,0,0.9817000043857277
147.66820563911804,0,0.9817000043857277
161.0511316989984,0,0.9817000043857277
168.51494007653133,0,0.9817000043857277
170.9092498381622,0,0.9817000043857277
169.8493844559756,0,0.9817000043857277
166.88431941139356,0,0.9817000043857277
162.65797209799703,0,0.9817000043857277
156.76384921907953,0,0.9817000043857277
149.1354600486768,0,0.9817000043857277
141.36173595702806,0,0.9817000043857277
134.92256440825105,0,0.9817000043857277
129.48565803395866,0,0.9817000043857277
124.79883980113355,0,0.9817000043857277
121.67679352504379,0,0.9817000043857277
120.59698407557735,0,0.9817000043857277
121.73401244730809,0,0.9817000043857277
125.01530236377171,0,0.9817000043857277
129.97557016668665,0,0.9817000043857277
136.25917877100642,0,0.9817000043857277
143.21913274527145,0,0.9817000043857277
150.38415575484296,0,0.9817000043857277
158.04828159090923,0,0.9817000043857277
166.64313656308858,0,0.9817000043857277
176.70829189551725,0,0.9817000043857277
188.99897117622402,0,0.9817000043857277
203.1038525845574,0,0.9817000043857277
216.5003737369551,0,0.9817000043857277
227.49673483066198,0,0.9817000043857277
236.87376714769874,0,0.9817000043857277
245.2095722537045,0,0.9817000043857277
252.36085440957007,0,0.9817000043857277
258.5163832117643,0,0.9817000043857277
263.8656574079612,0,0.9817000043857277
268.2653862571381,0,0.9817000043857277
271.2162778959646,0,0.9817000043857277
272.1957123192453,0,0.9817000043857277
270.9349564937812,1,0.9815234879559053
267.904290991879,0,0.9815234879559053
264.3997806428905,0,0.9815234879559053
261.1082750098191,0,0.9815234879559053
257.0096251749252,0,0.9815234879559053
250.69152060871852,0,0.9815234879559053
