filtered,peak,sqi_after
0.0,0,0.0
683.982513158481,0,0.0
3044.7194427408103,0,0.0
6757.498176644135,0,0.0
10768.510198505579,0,0.0
14407.955820517196,0,0.0
17305.49905595211,0,0.0
19310.056650045644,0,0.0
20419.67855357297,0,0.0
20724.222864331754,0,0.0
20361.424408988314,0,0.0
19485.33827054815,0,0.0
18245.41823179223,0,0.0
16774.08519322975,0,0.0
15180.63568637319,0,0.0
13549.719658371883,0,0.0
11942.741480045728,0,0.0
10400.808118836805,0,0.0
8948.481666280155,0,0.0
7597.762449899479,0,0.0
6351.642461308743,0,0.0
5207.0720317570185,0,0.0
4157.475999814142,0,0.0
3194.5728798625155,0,0.0
2309.608867132835,0,0.0
1494.3341526957327,0,0.0
741.4291073314635,0,0.0
44.55566232828735,0,0.0
-601.5392765952388,0,0.0
-1201.047541835253,0,0.0
-1757.2604096879138,0,0.0
-2272.7757088578533,0,0.0
-2749.7185515600327,0,0.0
-3189.805272014782,0,0.0
-3594.435492881524,0,0.0
-3964.9259511025966,0,0.0
-4302.552409415487,0,0.0
-4608.458227506888,0,0.0
-4883.736626256737,0,0.0
-5129.588080903718,0,0.0
-5347.284249524684,0,0.0
-5538.044816107188,0,0.0
-5703.116289417194,0,0.0
-5843.830613343124,0,0.0
-5961.474991437442,0,0.0
-6057.264554689419,0,0.0
-6132.462449361439,0,0.0
-6188.373617708119,0,0.0
-6226.210600577384,0,0.0
-6247.105297682502,0,0.0
-6252.191698781542,0,0.0
-6242.582420495913,0,0.0
-6219.346925832218,0,0.0
-6183.534330881555,0,0.0
-6136.153666664851,0,0.0
-6078.086964811467,0,0.0
-6010.044177737334,0,0.0
-5932.665665101352,0,0.0
-5846.594967752312,0,0.0
-5752.371562441893,0,0.0
-5650.427539196426,0,0.0
-5541.297682404596,0,0.0
-5425.721035291261,0,0.0
-5304.521707654647,0,0.0
-5178.495250678257,0,0.0
-5048.452191435797,0,0.0
-4915.250045496024,0,0.0
-4779.666032407217,0,0.0
-4642.317229806845,0,0.0
-4503.738269603446,0,0.0
-4364.408711085113,0,0.0
-4224.688574260997,0,0.0
-4084.850298421577,0,0.0
-3945.123168630452,0,0.0
-3805.6488785305874,0,0.0
-3666.5784729966877,0,0.0
-3528.208343959772,0,0.0
-3390.867576989342,0,0.0
-3254.7832073677337,0,0.0
-3120.138249533395,0,0.0
-2987.0980151344424,0,0.0
-2855.7911510545146,0,0.0
-2726.408771830792,0,0.0
-2599.222388361872,0,0.0
-2474.4928864747426,0,0.0
-2352.4397675629343,0,0.0
-2233.2324844758177,0,0.0
-2117.0004299545985,0,0.0
-2003.8147538683504,0,0.0
-1893.6753559209124,0,0.0
-1786.5754621405104,0,0.0
-1682.5216431354274,0,0.0
-1581.5409679537197,0,0.0
-1483.6883640807855,0,0.0
-1389.0028124073574,0,0.0
-1297.4916082610366,0,0.0
-1209.1481443467003,0,0.0
-1123.9769444241713,0,0.0
-1041.9741045992682,0,0.0
-963.1378829014797,0,0.0
-887.5042880447273,0,0.0
-815.1262868741519,0,0.0
-746.0816004813202,0,0.0
-680.4066756438879,0,0.0
-618.037454508144,0,0.0
-558.8629159723952,0,0.0
-502.67143960966695,0,0.0
-449.12158110435985,0,0.0
-397.87644945214834,0,0.0
-348.6803582943154,0,0.0
-301.3012135938121,0,0.0
-255.49661075773875,0,0.0
-211.20705466415475,0,0.0
-168.65946809604705,0,0.0
-128.0944549910997,0,0.0
-89.6404200243079,0,0.0
-53.425623213761256,0,0.0
-19.561706697748136,0,0.0
11.87736586354663,0,0.0
40.80951392580142,0,0.0
67.20916923325865,0,0.0
91.21617215611205,0,0.0
113.05961707664734,0,0.0
132.9457783342091,0,0.0
151.10025163598624,0,0.0
167.73793948179815,0,0.0
182.9648515011373,0,0.0
196.84646366100188,0,0.0
209.47497725601178,0,0.0
220.91329159112487,0,0.0
231.20465934961706,0,0.0
240.37497337381586,0,0.0
248.42016465593267,0,0.0
255.37200846315653,0,0.0
261.2862905695279,0,0.0
266.1977144372867,0,0.0
270.1261851667627,0,0.0
273.0785280106688,0,0.0
275.049601481356,0,0.0
276.06411456925565,0,0.0
276.23630189323694,0,0.0
275.6767254847901,0,0.0
274.4329022858511,0,0.0
272.6285931827681,0,0.0
270.3515272049888,0,0.0
267.5045742877581,0,0.0
264.0473432113754,0,0.0
260.06349745770905,0,0.0
255.55320551482808,0,0.0
250.4428194368561,0,0.0
244.68912614623193,0,0.0
238.2383611578652,0,0.0
231.0890513448766,0,0.0
223.4876767065168,0,0.0
215.8487023020181,0,0.0
208.51101088886514,0,0.0
201.70598642292933,0,0.0
195.58081538523746,0,0.0
190.19145504766132,0,0.0
185.5652809860285,0,0.0
181.6418762911636,0,0.0
178.16482089431554,0,0.0
174.7920578642527,0,0.0
171.2733283831888,0,0.0
167.4298311520692,0,0.0
163.12826056685546,0,0.0
158.38945516982332,0,0.0
153.27379431690062,0,0.0
147.75487109798652,0,0.0
141.9059997505018,0,0.0
135.9429646086613,0,0.0
129.99607582773862,0,0.0
124.08177040353992,0,0.0
118.27450116191818,0,0.0
112.70212867558689,0,0.0
107.42117791925949,0,0.0
102.40084052326159,0,0.0
97.62651541136518,0,0.0
93.11800891787901,0,0.0
88.82480148528207,0,0.0
84.64456143077999,0,0.0
80.52646294343452,0,0.0
76.44327746190153,0,0.0
72.32482736259665,0,0.0
68.1297893961909,0,0.0
63.921908490308205,0,0.0
59.8077037428759,0,0.0
55.82480551322702,0,0.0
51.93219159062764,0,0.0
48.11905447740562,0,0.0
44.41152978526991,0,0.0
40.794164925503495,0,0.0
37.23729970202224,0,0.0
33.71601636755511,0,0.0
30.20342796322831,0,0.0
26.684992213515617,0,0.0
23.107079735358056,0,0.0
19.353832413243328,0,0.0
15.380991142396892,0,0.0
11.288569257538732,0,0.0
7.150657459642392,0,0.0
2.9808784429603077,0,0.0
-1.089609832533602,0,0.0
-4.822465637059204,0,0.0
-7.95095886990622,0,0.0
-10.21216697668428,0,0.0
-11.467372276070627,0,0.0
-11.711199857351332,0,0.0
-11.044416008917082,0,0.0
-9.730215597732482,0,0.0
-8.07017133009292,0,0.0
-6.303658391825472,0,0.0
-4.697012042005689,0,0.0
-3.4815728567775426,0,0.0
-2.754114467546938,0,0.0
-2.5075981316904614,0,0.0
-2.6341593964037266,0,0.0
-3.043701540648703,0,0.0
-3.7522425180063186,0,0.0
-4.701657110307582,0,0.0
-5.685939066311267,0,0.0
-6.521002403883233,0,0.0
-7.137098891848701,0,0.0
-7.50373676846533,0,0.0
-7.609986882826994,0,0.0
-7.509275571977811,0,0.0
-7.288056854113256,0,0.0
-7.0245692609781045,0,0.0
-6.792437917527057,0,0.0
-6.624135800317789,0,0.0
-6.482523485517594,0,0.0
-6.357711187852454,0,0.0
-6.284816776717539,0,0.0
-6.275876015922416,0,0.0
-6.362565942605946,0,0.0
-6.576275515728001,0,0.0
-6.86678567295283,0,0.0
-7.1374032788527115,0,0.0
-7.330767225489546,0,0.0
-7.484617172886657,0,0.0
-7.658522157031304,0,0.0
-7.875983820067194,0,0.0
-8.242641682804702,0,0.0
-8.91429545027612,0,0.0
-9.9640068795979,0,0.0
-11.384293554754574,0,0.0
-13.118138938374965,0,0.0
-15.122911174516458,0,0.0
-17.312856737987484,0,0.0
-19.413288446221404,0,0.0
-21.064582963464414,0,0.0
-22.001951134641192,0,0.0
-22.05221008630734,0,0.0
-21.117664771210475,0,0.0
-19.26281550773359,0,0.0
-16.752461432256354,0,0.0
-13.897512519990517,0,0.0
-10.931106813160843,0,0.0
-8.103677151710485,0,0.0
-5.694832664566537,0,0.0
-3.828951882915422,0,0.0
-2.4517721129364762,0,0.0
-1.507541265187601,0,0.0
-0.9663095026449935,0,0.0
-0.7410286692531258,0,0.0
-0.713715301810781,0,0.0
-0.7851235778441781,0,0.0
-0.839707316427635,0,0.0
-0.7695905222080642,0,0.0
-0.5605408300938021,0,0.0
-0.21867942524784173,0,0.0
0.2650014662920023,0,0.0
0.8124328654430739,0,0.0
1.334496734406459,0,0.0
1.8216856444330087,0,0.0
2.269935868752653,0,0.0
2.6861425826627943,0,0.0
3.082369150780952,0,0.0
3.4272451963232715,0,0.0
3.7037102233084447,0,0.0
3.9234305526360935,0,0.0
4.063634571239704,0,0.0
4.0850894834500195,0,0.0
3.9975287248767057,0,0.0
3.7974385622743907,0,0.0
3.4414798177004853,0,0.0
2.944160743533791,0,0.0
2.3431510291099507,0,0.0
1.6362641084239755,0,0.0
0.7990610499649746,0,0.0
-0.25565701259801454,0,0.0
-1.6233997983523885,0,0.0
-3.2891949709266086,0,0.0
-5.191543499373281,0,0.0
-7.275372905361655,0,0.0
-9.4102707859758,0,0.0
-11.35516058500087,0,0.0
-12.810713634019747,0,0.0
-13.514073191749436,0,0.0
-13.357356450012782,0,0.0
-12.409796237100137,0,0.0
-10.79875741582064,0,0.0
-8.653869995673514,0,0.0
-6.163918237329262,0,0.0
-3.593418167735722,0,0.0
-1.2207704939454123,0,0.0
0.7536582260880358,0,0.0
2.243112002758735,0,0.0
3.2557230884513038,0,0.0
3.8542843980814165,0,0.0
4.097380400597132,0,0.0
4.091108442493941,0,0.0
3.9974732146779846,0,0.0
3.8966163895988704,0,0.0
3.779525563310252,0,0.0
3.6404312913530106,0,0.0
3.5205411632760653,0,0.0
3.4599496998956383,0,0.0
3.473006054896012,0,0.0
3.6304401672332363,0,0.0
4.006086347635853,0,0.0
4.535073968190761,0,0.0
5.041678816580625,0,0.0
5.433750828038991,0,0.0
5.768503174992574,0,0.0
6.070643372900661,0,0.0
6.245890551978086,0,0.0
6.187391804535018,0,0.0
5.881809882210919,0,0.0
5.432397179163944,0,0.0
4.981193158116451,0,0.0
4.598440524445162,0,0.0
4.266434743379903,0,0.0
3.9474177719717205,0,0.0
3.613957025067645,0,0.0
3.2401130058768772,0,0.0
2.7514919384597585,0,0.0
1.9863497947687048,0,0.0
0.8285322542384523,0,0.0
-0.6717841243055499,0,0.0
-2.4244862842734576,0,0.0
-4.401769995113612,0,0.0
-6.534396824786095,0,0.0
-8.660840463872486,0,0.0
-10.604009039778854,0,0.0
-12.186320217812577,0,0.0
-13.186559391048913,0,0.0
-13.388635178429684,0,0.0
-12.688570105798314,0,0.0
-11.14601969944965,0,0.0
-8.953858844513741,0,0.0
-6.366612873946968,0,0.4
-3.6790367613983475,0,0.4
-1.1872538570988735,0,0.4
0.9032679753602157,0,0.4
2.4620703702732563,0,0.4
3.4226607612731375,0,0.4
3.847711087090473,0,0.4
3.905874571841646,0,0.4
3.7872388116360294,0,0.4
3.599717945914606,0,0.4
3.3444845230231492,0,0.4
3.0449825326309177,0,0.4
2.8218064956642883,0,0.4
2.77401124236034,0,0.4
2.903095728166408,0,0.4
3.178695219332789,0,0.4
3.5646267517708488,0,0.4
4.042330419987948,0,0.4
4.580106548987495,0,0.4
5.0470061545663345,0,0.4
5.303336827728078,0,0.4
5.355750927511308,0,0.4
5.334053145326799,0,0.4
5.328121821956881,0,0.4
5.337524008301353,0,0.4
5.330556058307886,0,0.4
5.262455856160298,0,0.4
5.120156382564203,0,0.4
4.916867903173948,0,0.4
4.635772982566843,0,0.4
4.278883607777057,0,0.4
3.898787842219555,0,0.4
3.486549509529165,0,0.4
2.949407143120218,0,0.4
2.257554190729894,0,0.4
1.4584449739609977,0,0.4
0.5575768884616281,0,0.4
-0.49666722680391295,0,0.4
-1.7740523648535782,0,0.4
-3.3672550622446833,0,0.4
-5.336134975783035,0,0.4
-7.593795562951114,0,0.4
-9.92225552315919,0,0.4
-12.044005418218962,0,0.4
-13.630597736835478,0,0.4
-14.407685521897925,0,0.4
-14.286128548354208,0,0.4
-13.339120886982519,0,0.4
-11.670219037306579,0,0.4
-9.387657633111067,0,0.4
-6.718066845523185,0,0.4
-3.995499406108284,0,0.4
-1.5372012353025388,0,0.4
0.5060956656273075,0,0.4
2.1514364665714685,0,0.4
3.363666039690834,0,0.4
4.040462354287815,0,0.4
4.221650460715317,0,0.4
4.102303361457649,0,0.4
3.838610835213563,0,0.4
3.535765551766929,0,0.4
3.3297750153591834,0,0.4
3.287714046236335,0,0.4
3.375291156530355,0,0.4
3.5388095563981716,0,0.4
3.746855268405392,0,0.4
3.9419842839826673,0,0.4
4.06406184869408,0,0.4
4.1761115047563,0,0.4
4.3436964467210135,0,0.4
4.541606586415663,0,0.4
4.780986991017995,0,0.4
5.062302748754597,0,0.4
5.295695883711207,0,0.4
5.398646950600838,0,0.4
5.357190483162757,0,0.4
5.1818976483833525,0,0.4
4.866254529601107,0,0.4
4.419760999689688,0,0.4
3.927053262990794,0,0.4
3.4750504934971946,0,0.4
3.095260136191849,0,0.4
2.78765696388664,0,0.4
2.514924047452023,0,0.4
2.263521585542431,0,0.4
1.9956000083695953,0,0.4
1.5884599520443925,0,0.4
0.9211802139839714,0,0.4
-0.06424576047939812,0,0.4
-1.3302925666927627,0,0.4
-2.8462565941480196,0,0.4
-4.645821000096371,0,0.4
-6.71469803495253,0,0.4
-8.947482415169908,0,0.4
-11.143282779055077,0,0.4
-13.035665836098037,0,0.4
-14.369372455736883,0,0.4
-14.93172003146204,0,0.4
-14.59066361144074,0,0.4
-13.381860816608546,0,0.4
-11.455188366645846,0,0.4
-8.948517569544821,0,0.4
-6.10857524042116,0,0.4
-3.2910338072469267,0,0.4
-0.737521367565358,0,0.4
1.3782291046334558,0,0.4
2.880007641638555,0,0.4
3.7390999278591845,0,0.4
4.128988432750502,0,0.4
4.251700443614607,0,0.4
4.165560151570351,1,0.4
3.87485277225185,0,0.4
3.477244019344551,0,0.4
3.1086581847633132,0,0.4
2.8618155352209778,0,0.4
2.7994255233557097,0,0.4
2.9416372528252968,0,0.4
3.2177684498330072,0,0.4
3.5643466841300304,0,0.4
4.018629976642128,0,0.4
4.57994083354912,0,0.4
5.160772256118013,0,0.4
5.693064022073482,0,0.4
6.107501967299395,0,0.4
6.324771996828116,0,0.4
6.337986387614173,0,0.4
6.177443678786268,0,0.4
5.863736109943567,0,0.4
5.484071516831881,0,0.4
5.110433419681273,0,0.4
4.695174310255086,0,0.4
4.25401109138268,0,0.4
3.870193207730217,0,0.4
3.514936240312886,0,0.4
3.1050174757515334,0,0.4
2.5871360035716315,0,0.4
1.9165103295975983,0,0.4
1.0411989723069122,0,0.4
-0.10241637831766606,0,0.4
-1.5861290651572206,0,0.4
-3.421617003695836,0,0.4
-5.535078961399769,0,0.4
-7.818999035051459,0,0.4
-10.079892698274517,0,0.4
-12.029219960689684,0,0.4
-13.438809518936162,0,0.4
-14.169618497644413,0,0.4
-14.066662955305757,0,0.4
-13.011500553038987,0,0.4
-11.09558393474256,0,0.4
-8.612695720960469,0,0.4
-5.86037898171191,0,0.4
-3.0865746536929843,0,0.4
-0.5455779122929727,0,0.4
1.5432376368702125,0,0.4
3.058755874248364,0,0.4
3.97949398604708,0,0.4
4.3454772320778075,0,0.4
4.281747006941247,0,0.4
3.9973385358755302,0,0.4
3.657946495216062,0,0.4
3.326702714407562,0,0.4
3.0465829472511543,0,0.4
2.9128579439712423,0,0.4
3.021019339537459,0,0.4
3.341442877544077,0,0.4
3.7479774083130826,0,0.4
4.145810380761034,0,0.4
4.488785086526788,0,0.4
4.723725017439449,0,0.4
4.833697712730058,0,0.4
4.927487003742739,0,0.4
5.094238958417712,0,0.4
5.282444317757607,0,0.4
5.413129894196294,0,0.4
5.450224673005375,0,0.4
5.402521020362314,1,0.4
5.307258577697461,0,0.4
5.173042250587608,0,0.4
4.957490842474754,0,0.4
4.632580386170816,0,0.4
4.216564631454887,0,0.4
3.7503402230247884,0,0.4
3.2592967694405353,0,0.4
2.7065686614256355,0,0.4
2.0864820522970056,0,0.4
1.4494377287469666,0,0.4
0.7134005019051773,0,0.4
-0.31942532968657467,0,0.4
-1.7492120120121113,0,0.4
-3.5634227885221934,0,0.4
-5.7278203622177175,0,0.4
-8.1423617053771,0,0.4
-10.586738691586955,0,0.4
-12.766938409249859,0,0.4
-14.367264902143564,0,0.4
-15.130944791706597,0,0.4
-14.955498412982724,0,0.4
-13.89756175459893,0,0.4
-12.107561643009554,0,0.4
-9.764171306241257,0,0.4
-7.092483804576434,0,0.4
-4.36462485496623,0,0.4
-1.8261326026934273,0,0.4
0.35274754431211497,0,0.4
2.0740752715547344,0,0.4
3.2747917610244297,0,0.4
3.975300699233506,0,0.4
4.2826408791726465,0,0.4
4.259473227530763,0,0.4
3.958914591554633,0,0.4
3.5288412724777234,0,0.4
3.1374466948613335,0,0.4
2.894397985874085,0,0.4
2.8583458325250093,0,0.4
3.063518116544456,0,0.4
3.4914101368134185,0,0.4
4.058044008018176,0,0.4
4.713064494935235,0,0.4
5.422512191931386,0,0.4
6.041730829739393,0,0.4
6.390705708848596,0,0.4
6.46201627131205,0,0.4
6.3794833358756655,1,0.4
6.182966334873598,0,0.4
5.8552315360982865,0,0.4
5.44626557781847,0,0.4
5.029465485289456,0,0.4
4.65133198052307,0,0.4
4.334687369095387,0,0.4
4.065026995323788,0,0.4
3.7910321060688674,0,0.4
3.4628332420333314,0,0.4
3.038405835356611,0,0.4
2.487267955299846,0,0.4
1.829854135848352,0,0.4
1.0777002659337909,0,0.4
0.15921924558114106,0,0.4
-1.0274466122091048,0,0.4
-2.544725721691612,0,0.4
-4.39574795512961,0,0.4
-6.507770106201633,0,0.4
-8.731814079793933,0,0.4
-10.895210803047537,0,0.4
-12.803946981472068,0,0.4
-14.1847834711656,0,0.4
-14.759871019993364,0,0.4
-14.369939373865488,0,0.4
-13.020834746944798,0,0.4
-10.897837070499866,0,0.4
-8.301315437655022,0,0.4
-5.52380082891204,0,0.4
-2.7810248856488733,0,0.4
-0.2713680655289793,0,0.4
1.8201192687011398,0,0.4
3.360983793046017,0,0.4
4.246599694306294,0,0.4
4.5018866826843125,0,0.4
4.336947975001988,0,0.4
3.979565642201137,0,0.4
3.583344168196471,0,0.4
3.288792999320507,0,0.4
3.1606992441484216,0,0.4
3.158585897709179,0,0.4
3.2921022065784555,0,0.4
3.615403796830025,0,0.4
4.087505758332262,0,0.4
4.578827163859637,0,0.4
5.0050323895278925,0,0.4
5.375443361795502,0,0.4
5.6845398254783035,0,0.4
5.865739960906615,0,0.4
5.857680852730145,1,0.9526418079535391
5.667213775829134,0,0.9526418079535391
5.370193605255553,0,0.9526418079535391
5.053319520528372,0,0.9526418079535391
4.790186638262013,0,0.9526418079535391
4.626751555596525,0,0.9526418079535391
4.533710192436481,0,0.9526418079535391
4.375486369858011,0,0.9526418079535391
4.0129315374398,0,0.9526418079535391
3.4636286924479425,0,0.9526418079535391
2.801248931500124,0,0.9526418079535391
2.0115460036854684,0,0.9526418079535391
1.0497833713021076,0,0.9526418079535391
-0.1787174864341275,0,0.9526418079535391
-1.787727419203929,0,0.9526418079535391
-3.792364344895421,0,0.9526418079535391
-6.146787247165276,0,0.9526418079535391
-8.695015147682767,0,0.9526418079535391
-11.110269945868618,0,0.9526418079535391
-13.013927734574725,0,0.9526418079535391
-14.110100416143805,0,0.9526418079535391
-14.270023447499735,0,0.9526418079535391
-13.491749701263906,0,0.9526418079535391
-11.893318318467903,0,0.9526418079535391
-9.722138959354664,0,0.9526418079535391
-7.209824165420834,0,0.9526418079535391
-4.526712463493519,0,0.9526418079535391
-1.8885434285658498,0,0.9526418079535391
0.4137511267274082,0,0.9526418079535391
2.152708165736236,0,0.9526418079535391
3.3004371858445256,0,0.9526418079535391
3.949755484683692,0,0.9526418079535391
4.193835495040321,0,0.9526418079535391
4.150086283713868,0,0.9526418079535391
3.931440787720728,0,0.9526418079535391
3.6026441058945595,0,0.9526418079535391
3.260488562885711,0,0.9526418079535391
3.0175786399297335,0,0.9526418079535391
2.9271606020165777,0,0.9526418079535391
2.9987790849373996,0,0.9526418079535391
3.241351340879599,0,0.9526418079535391
3.626241172261998,0,0.9526418079535391
4.0327861720761105,0,0.9526418079535391
4.374651959145215,0,0.9526418079535391
4.690179573273741,0,0.9526418079535391
5.017460993529622,0,0.9526418079535391
5.311613564545594,0,0.9526418079535391
5.517127025145746,0,0.9526418079535391
5.64374344144387,0,0.9526418079535391
5.75362538560984,0,0.9526418079535391
5.876873188318238,0,0.9526418079535391
5.9170192859198565,0,0.9526418079535391
5.725075292955657,1,0.9583194334187332
5.278150023685407,0,0.9583194334187332
4.692833179600883,0,0.9583194334187332
4.091946164792519,0,0.9583194334187332
3.511668145243167,0,0.9583194334187332
2.9285376189239405,0,0.9583194334187332
2.2982431802803487,0,0.9583194334187332
1.5608315570083109,0,0.9583194334187332
0.6277369147270631,0,0.9583194334187332
-0.602395189927561,0,0.9583194334187332
-2.1399064847402367,0,0.9583194334187332
-3.918597864687064,0,0.9583194334187332
-5.923186789686871,0,0.9583194334187332
-8.122696735694356,0,0.9583194334187332
-10.31996964230151,0,0.9583194334187332
-12.209382047217751,0,0.9583194334187332
-13.532188513219353,0,0.9583194334187332
-14.113991788154117,0,0.9583194334187332
-13.859594216801938,0,0.9583194334187332
-12.75396918198137,0,0.9583194334187332
-10.834028316421993,0,0.9583194334187332
-8.27827908413909,0,0.9583194334187332
-5.457333186959396,0,0.9583194334187332
-2.727893164916416,0,0.9583194334187332
-0.31226146734235777,0,0.9583194334187332
1.6737699425094457,0,0.9583194334187332
3.210854828642657,0,0.9583194334187332
4.2515511232179515,0,0.9583194334187332
4.683265818798753,0,0.9583194334187332
4.526551713694877,0,0.9583194334187332
4.0134085438658404,0,0.9583194334187332
3.4316713671452885,0,0.9583194334187332
2.980470490540246,0,0.9583194334187332
2.7069665687282263,0,0.9583194334187332
2.5552796818809664,0,0.9583194334187332
2.4805859127252243,0,0.9583194334187332
2.5090855599044763,0,0.9583194334187332
2.7449295519303516,0,0.9583194334187332
3.218783581088177,0,0.9583194334187332
3.8245905707481,0,0.9583194334187332
4.456141650733439,0,0.9583194334187332
4.992238879802795,0,0.9583194334187332
5.323552544894193,0,0.9583194334187332
5.4864334440486395,0,0.9583194334187332
5.5650855473663245,0,0.9583194334187332
5.562970450616973,1,0.9567533095692792
5.4629980510097305,0,0.9567533095692792
5.297301891185207,0,0.9567533095692792
5.097043811065012,0,0.9567533095692792
4.817993011553554,0,0.9567533095692792
4.444661838987275,0,0.9567533095692792
4.059883672132983,0,0.9567533095692792
3.680433306881175,0,0.9567533095692792
3.253053198535114,0,0.9567533095692792
2.7236115194316324,0,0.9567533095692792
1.9584902838531777,0,0.9567533095692792
0.8139430968325079,0,0.9567533095692792
-0.7421104279611179,0,0.9567533095692792
-2.6516629344899108,0,0.9567533095692792
-4.855491465171311,0,0.9567533095692792
-7.262395783105086,0,0.9567533095692792
-9.676344565023603,0,0.9567533095692792
-11.866317501053196,0,0.9567533095692792
-13.576841265916858,0,0.9567533095692792
-14.54754175068312,0,0.9567533095692792
-14.614949937990026,0,0.9567533095692792
-13.729619710227228,0,0.9567533095692792
-11.956812508656476,0,0.9567533095692792
-9.519198809389136,0,0.9567533095692792
-6.762676519440368,0,0.9567533095692792
-3.9976823851854726,0,0.9567533095692792
-1.4259485031735575,0,0.9567533095692792
0.7935508096164995,0,0.9567533095692792
2.4940062366945863,0,0.9567533095692792
3.567129429713954,0,0.9567533095692792
4.074985581691523,0,0.9567533095692792
4.161804762535555,0,0.9567533095692792
3.9262069960329926,0,0.9567533095692792
3.503237824222528,0,0.9567533095692792
3.0735674125272916,0,0.9567533095692792
2.7240398225874256,0,0.9567533095692792
2.4690899208246844,0,0.9567533095692792
2.368896478508019,0,0.9567533095692792
2.4887036569221803,0,0.9567533095692792
2.8264542330277314,0,0.9567533095692792
3.365173803975064,0,0.9567533095692792
4.045090982542311,0,0.9567533095692792
4.722857005443191,0,0.9567533095692792
5.295861827106077,0,0.9567533095692792
5.709632617637231,0,0.9567533095692792
5.909665422442792,0,0.9567533095692792
5.913422150818467,0,0.9567533095692792
5.799361071926128,1,0.9585443637022236
5.641853124095704,0,0.9585443637022236
5.463815507687664,0,0.9585443637022236
5.242584757273267,0,0.9585443637022236
4.988458369448093,0,0.9585443637022236
4.76728653027429,0,0.9585443637022236
4.633749595550807,0,0.9585443637022236
4.530232380757114,0,0.9585443637022236
4.331926691240136,0,0.9585443637022236
3.9831993050398364,0,0.9585443637022236
3.4741562485704733,0,0.9585443637022236
2.7821125022164916,0,0.9585443637022236
1.869114939819133,0,0.9585443637022236
0.6748770393585383,0,0.9585443637022236
-0.8595916166813105,0,0.9585443637022236
-2.7525605176638606,0,0.9585443637022236
-4.9338806561286646,0,0.9585443637022236
-7.2841675092304925,0,0.9585443637022236
-9.668397974383378,0,0.9585443637022236
-11.814500025423248,0,0.9585443637022236
-13.349136894364314,0,0.9585443637022236
-14.006578916234535,0,0.9585443637022236
-13.728942091985806,0,0.9585443637022236
-12.618358524186895,0,0.9585443637022236
-10.8193380268219,0,0.9585443637022236
-8.473462375270792,0,0.9585443637022236
-5.78335278110054,0,0.9585443637022236
-3.0351345829700778,0,0.9585443637022236
-0.5116474975464114,0,0.9585443637022236
1.51980641559191,0,0.9585443637022236
2.8831166529829164,0,0.9585443637022236
3.6442827053556415,0,0.9585443637022236
3.965169100455272,0,0.9585443637022236
3.9286286697818715,0,0.9585443637022236
3.610813220935479,0,0.9585443637022236
3.140806212533078,0,0.9585443637022236
2.652843648293376,0,0.9585443637022236
2.24551894189499,0,0.9585443637022236
1.9987763600706305,0,0.9585443637022236
2.0171666709641736,0,0.9585443637022236
2.323124593714974,0,0.9585443637022236
2.745295276949315,0,0.9585443637022236
3.168604183077006,0,0.9585443637022236
3.653177849496767,0,0.9585443637022236
4.155460766485602,0,0.9585443637022236
4.564194345235079,0,0.9585443637022236
4.926316381937185,0,0.9585443637022236
5.284457255186108,0,0.9585443637022236
5.562502130944622,0,0.9585443637022236
5.717586121808965,0,0.9585443637022236
5.736789469922372,0,0.9585443637022236
5.572869331806193,1,0.9616195386666581
5.2347546254653805,0,0.9616195386666581
4.831315961819217,0,0.9616195386666581
4.44968007210004,0,0.9616195386666581
4.053874690098054,0,0.9616195386666581
3.555855576902477,0,0.9616195386666581
2.952483037415087,0,0.9616195386666581
2.3030552632371517,0,0.9616195386666581
1.5842904526889054,0,0.9616195386666581
0.692573045641911,0,0.9616195386666581
-0.4689682342340833,0,0.9616195386666581
-1.9588608571779715,0,0.9616195386666581
-3.7723702265589294,0,0.9616195386666581
-5.869267225903518,0,0.9616195386666581
-8.184852116131186,0,0.9616195386666581
-10.508129591829752,0,0.9616195386666581
-12.462762279507778,0,0.9616195386666581
-13.748011065928273,0,0.9616195386666581
-14.257310429993298,0,0.9616195386666581
-13.938977532482857,0,0.9616195386666581
-12.766497096054199,0,0.9616195386666581
-10.862844672908134,0,0.9616195386666581
-8.450867260455093,0,0.9616195386666581
-5.740316027438462,0,0.9616195386666581
-2.99906239587295,0,0.9616195386666581
-0.5207387940440305,0,0.9616195386666581
1.4836303517650766,0,0.9616195386666581
2.888184054937751,0,0.9616195386666581
3.7222370826929536,0,0.9616195386666581
4.138054626885767,0,0.9616195386666581
4.203557590509676,0,0.9616195386666581
3.9383261179407287,0,0.9616195386666581
3.5026876688405126,0,0.9616195386666581
3.1204224194695285,0,0.9616195386666581
2.8804198598904414,0,0.9616195386666581
2.7714155026937553,0,0.9616195386666581
2.818686509513584,0,0.9616195386666581
3.0278699030043676,0,0.9616195386666581
3.365464673009086,0,0.9616195386666581
3.8281365869994515,0,0.9616195386666581
4.373469675730176,0,0.9616195386666581
4.8787566896826435,0,0.9616195386666581
5.232854377547319,0,0.9616195386666581
5.41830821375908,0,0.9616195386666581
5.495186141195056,0,0.9616195386666581
5.508413823047547,0,0.9616195386666581
5.460103356058265,1,0.9623425115535233
5.354804755810266,0,0.9623425115535233
5.199281645302189,0,0.9623425115535233
5.002235033118018,0,0.9623425115535233
4.778943992540417,0,0.9623425115535233
4.5394802335535545,0,0.9623425115535233
4.2711675523668955,0,0.9623425115535233
3.9574150615417336,0,0.9623425115535233
3.6100152190745805,0,0.9623425115535233
3.1926855705296906,0,0.9623425115535233
2.6350490016725803,0,0.9623425115535233
1.9858269667416386,0,0.9623425115535233
1.2940904048498503,0,0.9623425115535233
0.414500420794405,0,0.9623425115535233
-0.8233129451285557,0,0.9623425115535233
-2.450415120595218,0,0.9623425115535233
-4.408114181647521,0,0.9623425115535233
-6.580726957447767,0,0.9623425115535233
-8.77587050425045,0,0.9623425115535233
-10.7447846922594,0,0.9623425115535233
-12.304490557808386,0,0.9623425115535233
-13.35288340773881,0,0.9623425115535233
-13.750449318908112,0,0.9623425115535233
-13.352321874945556,0,0.9623425115535233
-12.144712219726278,0,0.9623425115535233
-10.255364936997049,0,0.9623425115535233
-7.879275366660465,0,0.9623425115535233
-5.229147756772502,0,0.9623425115535233
-2.5415476093364315,0,0.9623425115535233
-0.11544944755600943,0,0.9623425115535233
1.801468148618268,0,0.9623425115535233
3.1303288817950867,0,0.9623425115535233
3.895850190748124,0,0.9623425115535233
4.182217811675866,0,0.9623425115535233
4.1147999871734084,0,0.9623425115535233
3.8237275383837654,0,0.9623425115535233
3.446204018700855,0,0.9623425115535233
3.099842150898751,0,0.9623425115535233
2.8308692321688773,0,0.9623425115535233
2.638029135164354,0,0.9623425115535233
2.5569880024163694,0,0.9623425115535233
2.6565878842321857,0,0.9623425115535233
2.9403162519245973,0,0.9623425115535233
3.359679458635521,0,0.9623425115535233
3.883395173271202,0,0.9623425115535233
4.466491240964831,0,0.9623425115535233
5.045109932510305,0,0.9623425115535233
5.559041590756864,0,0.9623425115535233
5.915489054535111,0,0.9623425115535233
6.0124362494517785,0,0.9623425115535233
5.868631263013472,1,0.9644598467152352
5.638461427316941,0,0.9644598467152352
5.4424841617716835,0,0.9644598467152352
5.239155875883485,0,0.9644598467152352
4.910699251244194,0,0.9644598467152352
4.456002890102276,0,0.9644598467152352
4.002819116777868,0,0.9644598467152352
3.6158128531191656,0,0.9644598467152352
3.2168384170910267,0,0.9644598467152352
2.6864119569194065,0,0.9644598467152352
1.9071924698840388,0,0.9644598467152352
0.808254822248239,0,0.9644598467152352
-0.6219509968697177,0,0.9644598467152352
-2.392968088944487,0,0.9644598467152352
-4.435667812800823,0,0.9644598467152352
-6.610750908003137,0,0.9644598467152352
-8.796581944135061,0,0.9644598467152352
-10.804279349943181,0,0.9644598467152352
-12.390822337719015,0,0.9644598467152352
-13.341790588905582,0,0.9644598467152352
-13.454089489692327,0,0.9644598467152352
-12.66182695994417,0,0.9644598467152352
-11.116012691533165,0,0.9644598467152352
-9.009153579810743,0,0.9644598467152352
-6.526703630083606,0,0.9644598467152352
-3.95531507699643,0,0.9644598467152352
-1.591750995290275,0,0.9644598467152352
0.39516457736035265,0,0.9644598467152352
1.9481010100972829,0,0.9644598467152352
3.0496413957843047,0,0.9644598467152352
3.6797763336381477,0,0.9644598467152352
3.8733778315859926,0,0.9644598467152352
3.713945988990335,0,0.9644598467152352
3.316342174953323,0,0.9644598467152352
2.863727420899209,0,0.9644598467152352
2.4717918805623276,0,0.9644598467152352
2.1776225292815528,0,0.9644598467152352
2.085874383759829,0,0.9644598467152352
2.2711781211126407,0,0.9644598467152352
2.668949091788263,0,0.9644598467152352
3.1631041634271075,0,0.9644598467152352
3.691235386686719,0,0.9644598467152352
4.249851694192587,0,0.9644598467152352
4.821618273486189,0,0.9644598467152352
5.340230825326477,0,0.9644598467152352
5.705080571037627,0,0.9644598467152352
5.874332933708193,0,0.9644598467152352
5.919295892738935,0,0.9644598467152352
5.8718175519019375,1,0.9658682634730539
5.6455361764320715,0,0.9658682634730539
5.224975909958353,0,0.9658682634730539
4.755764498815618,0,0.9658682634730539
4.342013205192987,0,0.9658682634730539
3.9748908813939003,0,0.9658682634730539
3.6379250365708464,0,0.9658682634730539
3.2518321529166263,0,0.9658682634730539
2.689895047678202,0,0.9658682634730539
1.930034358126777,0,0.9658682634730539
1.008263535255938,0,0.9658682634730539
-0.1089782371833164,0,0.9658682634730539
-1.4945489770834095,0,0.9658682634730539
-3.1747556494601086,0,0.9658682634730539
-5.113865206345585,0,0.9658682634730539
-7.2123934618239245,0,0.9658682634730539
-9.31850772788187,0,0.9658682634730539
-11.253029735094762,0,0.9658682634730539
-12.802240956209426,0,0.9658682634730539
-13.726038127082745,0,0.9658682634730539
-13.819081273456698,0,0.9658682634730539
-13.00605613171508,0,0.9658682634730539
-11.361783701476266,0,0.9658682634730539
-9.082625948168536,0,0.9658682634730539
-6.471723662551931,0,0.9658682634730539
-3.865052179045145,0,0.9658682634730539
-1.5392217031615258,0,0.9658682634730539
0.3566744377288785,0,0.9658682634730539
1.8135806275606623,0,0.9658682634730539
2.8804991780755422,0,0.9658682634730539
3.5861157642264248,0,0.9658682634730539
3.95071104590209,0,0.9658682634730539
4.039312523275248,0,0.9658682634730539
3.978577261946621,0,0.9658682634730539
3.8909290018993974,0,0.9658682634730539
3.807632177648491,0,0.9658682634730539
3.693208551564817,0,0.9658682634730539
3.5612484104468827,0,0.9658682634730539
3.523839733829992,0,0.9658682634730539
3.6763924662943857,0,0.9658682634730539
3.9869982392220296,0,0.9658682634730539
4.350497601509259,0,0.9658682634730539
4.712559749392357,0,0.9658682634730539
5.105776893949202,0,0.9658682634730539
5.521868052164955,0,0.9658682634730539
5.843336259845472,0,0.9658682634730539
5.979295514430689,0,0.9658682634730539
5.928633860150084,1,0.9668354790565088
5.715138967265811,0,0.9668354790565088
5.384965321058847,0,0.9668354790565088
4.989580258458879,0,0.9668354790565088
4.541855611379232,0,0.9668354790565088
4.064074083609187,0,0.9668354790565088
3.6295025291078087,0,0.9668354790565088
3.3101241694232835,0,0.9668354790565088
3.035260166143685,0,0.9668354790565088
2.5766994494514366,0,0.9668354790565088
1.830058024881134,0,0.9668354790565088
0.8921545538293308,0,0.9668354790565088
-0.22483881519537907,0,0.9668354790565088
-1.6470664006391922,0,0.9668354790565088
-3.4313224221330527,0,0.9668354790565088
-5.532546204914923,0,0.9668354790565088
-7.838345473544059,0,0.9668354790565088
-10.130407219325175,0,0.9668354790565088
-12.120479910782683,0,0.9668354790565088
-13.48732939082795,0,0.9668354790565088
-13.993223974292771,0,0.9668354790565088
-13.566351192552096,0,0.9668354790565088
-12.212764427268429,0,0.9668354790565088
-10.093322048764364,0,0.9668354790565088
-7.546610488382456,0,0.9668354790565088
-4.89312557343482,0,0.9668354790565088
-2.3504820646619695,0,0.9668354790565088
-0.06838207608916613,0,0.9668354790565088
1.8187574830796482,0,0.9668354790565088
3.2094295971723987,0,0.9668354790565088
4.059475205628393,0,0.9668354790565088
4.383434953190358,0,0.9668354790565088
4.281802458421805,0,0.9668354790565088
3.894816032561449,0,0.9668354790565088
3.358942963069224,0,0.9668354790565088
2.7845607041423737,0,0.9668354790565088
2.265487895772443,0,0.9668354790565088
1.9279114169265048,0,0.9668354790565088
1.8726202376229846,0,0.9668354790565088
2.1002474933000657,0,0.9668354790565088
2.5405589163767477,0,0.9668354790565088
3.1193508147321114,0,0.9668354790565088
3.76644182094557,0,0.9668354790565088
4.399068385570107,0,0.9668354790565088
4.967718704790272,0,0.9668354790565088
5.445528032511853,0,0.9668354790565088
5.776382400360859,0,0.9668354790565088
5.938182531418461,0,0.9668354790565088
5.986615343498433,0,0.9668354790565088
5.965120583811781,1,0.9681746451586553
5.860488833688392,0,0.9681746451586553
5.683295250838465,0,0.9681746451586553
5.463563360985184,0,0.9681746451586553
5.196778151016507,0,0.9681746451586553
4.880214905155537,0,0.9681746451586553
4.516454418988477,0,0.9681746451586553
4.0561365502471,0,0.9681746451586553
3.437527017453766,0,0.9681746451586553
2.6848111701589357,0,0.9681746451586553
1.7849753836714934,0,0.9681746451586553
0.6131416189604721,0,0.9681746451586553
-0.8967344873813841,0,0.9681746451586553
-2.7441734416684724,0,0.9681746451586553
-4.901374572335482,0,0.9681746451586553
-7.23589476612182,0,0.9681746451586553
-9.562409408828817,0,0.9681746451586553
-11.677095676264535,0,0.9681746451586553
-13.296667864081003,0,0.9681746451586553
-14.165001430483336,0,0.9681746451586553
-14.171443355271807,0,0.9681746451586553
-13.322624084576539,0,0.9681746451586553
-11.725666540863282,0,0.9681746451586553
-9.576393518502075,0,0.9681746451586553
-7.11404501135979,0,0.9681746451586553
-4.588650448385944,0,0.9681746451586553
-2.2222738148319454,0,0.9681746451586553
-0.16538699523314815,0,0.9681746451586553
1.4862083525588932,0,0.9681746451586553
2.6570027557894424,0,0.9681746451586553
3.3320843300212903,0,0.9681746451586553
3.586001245175344,0,0.9681746451586553
3.548698014455978,0,0.9681746451586553
3.3757532533135888,0,0.9681746451586553
3.1750931285149004,0,0.9681746451586553
2.979931673909712,0,0.9681746451586553
2.824871858605747,0,0.9681746451586553
2.784821768793849,0,0.9681746451586553
2.9370044228250656,0,0.9681746451586553
3.256866993338805,0,0.9681746451586553
3.6257843397998393,0,0.9681746451586553
3.965611242762237,0,0.9681746451586553
4.2665155876040615,0,0.9681746451586553
4.55292535422439,0,0.9681746451586553
4.85881154019035,0,0.9681746451586553
5.184479476262537,0,0.9681746451586553
5.4766939877623235,0,0.9681746451586553
5.666178058992097,0,0.9681746451586553
5.723278583222948,0,0.9681746451586553
5.657411854252935,1,0.9693639210480421
5.4786933062265915,0,0.9693639210480421
5.200153438459297,0,0.9693639210480421
4.853471405500986,0,0.9693639210480421
4.455592948908856,0,0.9693639210480421
4.000544669642162,0,0.9693639210480421
3.47999905076492,0,0.9693639210480421
2.855686326679038,0,0.9693639210480421
2.0302498658866726,0,0.9693639210480421
0.8660466441945973,0,0.9693639210480421
-0.7050062695333413,0,0.9693639210480421
-2.593530209281694,0,0.9693639210480421
-4.689922289102441,0,0.9693639210480421
-6.94193700471217,0,0.9693639210480421
-9.256637610900247,0,0.9693639210480421
-11.463081119588479,0,0.9693639210480421
-13.272570606407482,0,0.9693639210480421
-14.341139337551619,0,0.9693639210480421
-14.423248718464379,0,0.9693639210480421
-13.456192425142554,0,0.9693639210480421
-11.583442827981532,0,0.9693639210480421
-9.080627637139722,0,0.9693639210480421
-6.306318487629316,0,0.9693639210480421
-3.6129639657580253,0,0.9693639210480421
-1.194568137536363,0,0.9693639210480421
0.8582175040554403,0,0.9693639210480421
2.4324551984488787,0,0.9693639210480421
3.4480412182623494,0,0.9693639210480421
3.953971824470961,0,0.9693639210480421
4.0773214844662995,0,0.9693639210480421
3.9190022281279826,0,0.9693639210480421
3.5845634692360777,0,0.9693639210480421
3.22746706945245,0,0.9693639210480421
2.962849440074653,0,0.9693639210480421
2.842564632149177,0,0.9693639210480421
2.915271483345096,0,0.9693639210480421
3.1772109027182824,0,0.9693639210480421
3.5479862012337366,0,0.9693639210480421
3.9883453844348775,0,0.9693639210480421
4.5035654796494216,0,0.9693639210480421
5.070504959450761,0,0.9693639210480421
5.649259137351124,0,0.9693639210480421
6.145279352181609,0,0.9693639210480421
6.468460136049688,0,0.9693639210480421
6.622419006689361,0,0.9693639210480421
6.6054914206331645,1,0.9693837188788469
6.435098572300105,0,0.9693837188788469
6.181367352197569,0,0.9693837188788469
5.854906602839629,0,0.9693837188788469
5.433384931095703,0,0.9693837188788469
4.936021651272328,0,0.9693837188788469
4.41239869223088,0,0.9693837188788469
3.8785479356867745,0,0.9693837188788469
3.2864668572700855,0,0.9693837188788469
2.571170270031272,0,0.9693837188788469
1.6429016755827415,0,0.9693837188788469
0.42685024127035426,0,0.9693837188788469
-1.0426544000849203,0,0.9693837188788469
-2.725329259438827,0,0.9693837188788469
-4.65479965952277,0,0.9693837188788469
-6.812141281110482,0,0.9693837188788469
-9.042569548407135,0,0.9693837188788469
-11.09567634474079,0,0.9693837188788469
-12.718237461608876,0,0.9693837188788469
-13.723757208713334,0,0.9693837188788469
-13.977269549291327,0,0.9693837188788469
-13.38930208500017,0,0.9693837188788469
-12.011763213563805,0,0.9693837188788469
-10.033500318445572,0,0.9693837188788469
-7.634979285563273,0,0.9693837188788469
-5.028109988700415,0,0.9693837188788469
-2.496409454444102,0,0.9693837188788469
-0.25075437090595293,0,0.9693837188788469
1.572044218256207,0,0.9693837188788469
2.8767704020668985,0,0.9693837188788469
3.6627739911269757,0,0.9693837188788469
3.9894838913162984,0,0.9693837188788469
3.927931691706908,0,0.9693837188788469
3.587812705429035,0,0.9693837188788469
3.166806935392516,0,0.9693837188788469
2.8688716309445748,0,0.9693837188788469
2.750838161203193,0,0.9693837188788469
2.7756556067687432,0,0.9693837188788469
2.9282056909094702,0,0.9693837188788469
3.2177204601965097,0,0.9693837188788469
3.641621861898937,0,0.9693837188788469
4.094677796422976,0,0.9693837188788469
4.4435652769774805,0,0.9693837188788469
4.695705837162853,0,0.9693837188788469
4.891354234457677,0,0.9693837188788469
5.038171561287594,0,0.9693837188788469
5.208271443804097,0,0.9693837188788469
5.3924399408111565,0,0.9693837188788469
5.442266789944615,0,0.9693837188788469
5.322327206244468,1,0.9704026287863071
5.096018490061919,0,0.9704026287863071
4.775346741301374,0,0.9704026287863071
4.423274765654146,0,0.9704026287863071
4.148042218017256,0,0.9704026287863071
3.9371618417599747,0,0.9704026287863071
3.6847745381004,0,0.9704026287863071
3.324596768915396,0,0.9704026287863071
2.800855964999377,0,0.9704026287863071
2.0558069630648013,0,0.9704026287863071
1.1131982352337781,0,0.9704026287863071
0.0077887024443703545,0,0.9704026287863071
-1.2945393129348335,0,0.9704026287863071
-2.849902645687413,0,0.9704026287863071
-4.688606423393275,0,0.9704026287863071
-6.749770643222734,0,0.9704026287863071
-8.838695651578687,0,0.9704026287863071
-10.72674342768738,0,0.9704026287863071
-12.254805949642545,0,0.9704026287863071
-13.255848314651601,0,0.9704026287863071
-13.534209305083154,0,0.9704026287863071
-13.023656525900067,0,0.9704026287863071
-11.780036868570212,0,0.9704026287863071
-9.889681141201233,0,0.9704026287863071
-7.542376674642152,0,0.9704026287863071
-5.0012235341888145,0,0.9704026287863071
-2.487880868096457,0,0.9704026287863071
-0.18844273232608083,0,0.9704026287863071
1.7197486171576872,0,0.9704026287863071
3.089534390387776,0,0.9704026287863071
3.901406942639865,0,0.9704026287863071
4.238166506108053,0,0.9704026287863071
4.169467410320023,0,0.9704026287863071
3.8040297880264995,0,0.9704026287863071
3.296960494327063,0,0.9704026287863071
2.780148479828175,0,0.9704026287863071
2.378083933911594,0,0.9704026287863071
2.2348535920284727,0,0.9704026287863071
2.426264571973265,0,0.9704026287863071
2.8714049391430554,0,0.9704026287863071
3.4359156237905077,0,0.9704026287863071
4.016699412794655,0,0.9704026287863071
4.545624766148026,0,0.9704026287863071
4.983600158031358,0,0.9704026287863071
5.301819508540973,0,0.9704026287863071
5.522796063747727,0,0.9704026287863071
5.6646914968657756,0,0.9704026287863071
5.690066839256414,0,0.9704026287863071
5.623500418271882,1,0.9712267355923484
5.541805094739543,0,0.9712267355923484
5.432578685460481,0,0.9712267355923484
5.234289826475283,0,0.9712267355923484
4.960683962131526,0,0.9712267355923484
4.656191653345145,0,0.9712267355923484
4.3169730496362195,0,0.9712267355923484
3.9606524002180135,0,0.9712267355923484
3.645332391291191,0,0.9712267355923484
3.3604279526526306,0,0.9712267355923484
3.026158030545721,0,0.9712267355923484
2.5747654897600807,0,0.9712267355923484
1.9665310466326575,0,0.9712267355923484
1.1780121511585275,0,0.9712267355923484
0.2027822165277964,0,0.9712267355923484
-0.9563240272509316,0,0.9712267355923484
-2.3331613084882807,0,0.9712267355923484
-4.030865283808128,0,0.9712267355923484
-6.104028305052079,0,0.9712267355923484
-8.401978172694045,0,0.9712267355923484
-10.644364629018261,0,0.9712267355923484
-12.563228016288466,0,0.9712267355923484
-13.955045590267884,0,0.9712267355923484
-14.737454014674045,0,0.9712267355923484
-14.829365769660049,0,0.9712267355923484
-14.087221462851238,0,0.9712267355923484
-12.539133990347835,0,0.9712267355923484
-10.395117059522871,0,0.9712267355923484
-7.867483255970614,0,0.9712267355923484
-5.16513068407439,0,0.9712267355923484
-2.533712807283348,0,0.9712267355923484
-0.24933409151714397,0,0.9712267355923484
1.4889276454052274,0,0.9712267355923484
2.644638694369674,0,0.9712267355923484
3.288564992324346,0,0.9712267355923484
3.5407025878995517,0,0.9712267355923484
3.5114350321409717,0,0.9712267355923484
3.287807890802388,0,0.9712267355923484
2.992086581761496,0,0.9712267355923484
2.7566988090944697,0,0.9712267355923484
2.628193083134981,0,0.9712267355923484
2.6405342170684,0,0.9712267355923484
2.9034475851091774,0,0.9712267355923484
3.449218162472321,0,0.9712267355923484
4.172947221740745,0,0.9712267355923484
4.941067730918468,0,0.9712267355923484
5.667785190897343,0,0.9712267355923484
6.287450220167885,0,0.9712267355923484
6.695530257014432,0,0.9712267355923484
6.837093841550063,0,0.9712267355923484
6.742161629166085,1,0.9720901447586282
6.4738675357064315,0,0.9720901447586282
6.116075330112237,0,0.9720901447586282
5.736512238243576,0,0.9720901447586282
5.389661555468101,0,0.9720901447586282
5.070999628553514,0,0.9720901447586282
4.692366603367376,0,0.9720901447586282
4.220884451019374,0,0.9720901447586282
3.750956287118977,0,0.9720901447586282
3.383779575758768,0,0.9720901447586282
3.0932209947468583,0,0.9720901447586282
2.8182314961579653,0,0.9720901447586282
2.5400644931874568,0,0.9720901447586282
2.2066756988978224,0,0.9720901447586282
1.7757913386963917,0,0.9720901447586282
1.211500809302416,0,0.9720901447586282
0.3842514783466243,0,0.9720901447586282
-0.8550590566813903,0,0.9720901447586282
-2.5205944917689456,0,0.9720901447586282
-4.509504526747326,0,0.9720901447586282
-6.717056906209667,0,0.9720901447586282
-9.005186804049707,0,0.9720901447586282
-11.156719088850245,0,0.9720901447586282
-12.961003734803938,0,0.9720901447586282
-14.225210662649882,0,0.9720901447586282
-14.741602295593847,0,0.9720901447586282
-14.372249315246233,0,0.9720901447586282
-13.122577728356744,0,0.9720901447586282
-11.074229657028066,0,0.9720901447586282
-8.391779199373472,0,0.9720901447586282
-5.460983543179484,0,0.9720901447586282
-2.7276825879978754,0,0.9720901447586282
-0.4084739454192371,0,0.9720901447586282
1.437828754327693,0,0.9720901447586282
2.7849221160552315,0,0.9720901447586282
3.6338893026107972,0,0.9720901447586282
4.003790279173653,0,0.9720901447586282
4.033394133394624,0,0.9720901447586282
3.933367829350807,0,0.9720901447586282
3.7695583388623906,0,0.9720901447586282
3.5504466716337,0,0.9720901447586282
3.362438610070449,0,0.9720901447586282
3.281111801605737,0,0.9720901447586282
3.326080070595264,0,0.9720901447586282
3.4666159609785683,0,0.9720901447586282
3.680185414459442,0,0.9720901447586282
3.998312240053282,0,0.9720901447586282
4.413257126633741,0,0.9720901447586282
4.884200966529739,0,0.9720901447586282
5.411420717529798,0,0.9720901447586282
5.927992557180686,0,0.9720901447586282
6.236731387485276,0,0.9720901447586282
6.237677385517295,0,0.9720901447586282
6.111474153917446,1,0.9725037220427956
6.035894950513281,0,0.9725037220427956
5.9417587058075,0,0.9725037220427956
5.770297354371489,0,0.9725037220427956
5.563687437117439,0,0.9725037220427956
5.272779378992656,0,0.9725037220427956
4.834033336288736,0,0.9725037220427956
4.3233073309732735,0,0.9725037220427956
3.8196565907389384,0,0.9725037220427956
3.2965787835378473,0,0.9725037220427956
2.7646271935037188,0,0.9725037220427956
2.2836843272475154,0,0.9725037220427956
1.8615469848795914,0,0.9725037220427956
1.4253279126058271,0,0.9725037220427956
0.8778611926817931,0,0.9725037220427956
0.1784059956680727,0,0.9725037220427956
-0.7363913879644131,0,0.9725037220427956
-1.951106301439538,0,0.9725037220427956
-3.484116870105013,0,0.9725037220427956
-5.349154216199564,0,0.9725037220427956
-7.559079576157275,0,0.9725037220427956
-9.965443344301013,0,0.9725037220427956
-12.265710536247136,0,0.9725037220427956
-14.15129323233512,0,0.9725037220427956
-15.334740168089287,0,0.9725037220427956
-15.625728955832233,0,0.9725037220427956
-14.97595175627155,0,0.9725037220427956
-13.417337865095616,0,0.9725037220427956
-11.095256938724742,0,0.9725037220427956
-8.316939642169906,0,0.9725037220427956
-5.450328154753199,0,0.9725037220427956
-2.780915144281862,0,0.9725037220427956
-0.46514333433462474,0,0.9725037220427956
1.4573154673622044,0,0.9725037220427956
3.0094547072717024,0,0.9725037220427956
4.170523463361095,0,0.9725037220427956
4.814652382050998,0,0.9725037220427956
4.859178157386901,0,0.9725037220427956
4.460658174870168,0,0.9725037220427956
3.9165698572445806,0,0.9725037220427956
3.436687483686068,0,0.9725037220427956
3.075358225440225,0,0.9725037220427956
2.8189666000284137,0,0.9725037220427956
2.714869808714466,0,0.9725037220427956
2.8360711455671233,0,0.9725037220427956
3.1721437967154733,0,0.9725037220427956
3.6544413838412453,0,0.9725037220427956
4.178192747274659,0,0.9725037220427956
4.604004456360605,0,0.9725037220427956
4.878011692466344,0,0.9725037220427956
5.070543026319064,0,0.9725037220427956
5.264149612746552,0,0.9725037220427956
5.509758950150731,0,0.9725037220427956
5.749540751884293,0,0.9725037220427956
5.817064325599233,0,0.9725037220427956
5.6779763283710665,1,0.9723828231834115
5.426210725838511,0,0.9723828231834115
5.071762250707065,0,0.9723828231834115
4.596107017939993,0,0.9723828231834115
4.04183289524967,0,0.9723828231834115
3.4912514770034373,0,0.9723828231834115
3.0304562967984263,0,0.9723828231834115
2.63387998508385,0,0.9723828231834115
2.1781161432056746,0,0.9723828231834115
1.608682417023727,0,0.9723828231834115
0.956492249059121,0,0.9723828231834115
0.2347337346150615,0,0.9723828231834115
-0.6122835418830405,0,0.9723828231834115
-1.6762680328762156,0,0.9723828231834115
-3.0410187036023917,0,0.9723828231834115
-4.7488292059596064,0,0.9723828231834115
-6.7457248196644395,0,0.9723828231834115
-8.885727628795076,0,0.9723828231834115
-10.94764484608815,0,0.9723828231834115
-12.680137308480576,0,0.9723828231834115
-13.85442455701093,0,0.9723828231834115
-14.241601194094878,0,0.9723828231834115
-13.71362807365721,0,0.9723828231834115
-12.341142046704933,0,0.9723828231834115
-10.282191249986276,0,0.9723828231834115
-7.725167013014078,0,0.9723828231834115
-4.9426758187414155,0,0.9723828231834115
-2.268146721374558,0,0.9723828231834115
0.014327352630079018,0,0.9723828231834115
1.8052457437968945,0,0.9723828231834115
3.1578331209676183,0,0.9723828231834115
4.075035445499254,0,0.9723828231834115
4.493914234710435,0,0.9723828231834115
4.442018499625671,0,0.9723828231834115
4.073708069966131,0,0.9723828231834115
3.5839127281446364,0,0.9723828231834115
3.146742298483525,0,0.9723828231834115
2.9126506423754432,0,0.9723828231834115
2.937219589886904,0,0.9723828231834115
3.1512412441738813,0,0.9723828231834115
3.503357764757665,0,0.9723828231834115
3.9746995430733616,0,0.9723828231834115
4.50599591538873,0,0.9723828231834115
5.040278617361952,0,0.9723828231834115
5.495537403122395,0,0.9723828231834115
5.7640504914775414,0,0.9723828231834115
5.8572814031518075,0,0.9723828231834115
5.882352149515962,0,0.9723828231834115
5.867690293773261,1,0.9729310817004684
5.7869682128085955,0,0.9729310817004684
5.636020649093605,0,0.9729310817004684
5.428568061514638,0,0.9729310817004684
5.216094314291557,0,0.9729310817004684
5.013962521427227,0,0.9729310817004684
4.752250744410248,0,0.9729310817004684
4.403950436998723,0,0.9729310817004684
4.033186390505828,0,0.9729310817004684
3.652121477060899,0,0.9729310817004684
3.2090510335461295,0,0.9729310817004684
2.721768355689552,0,0.9729310817004684
2.187807450601466,0,0.9729310817004684
1.4894849301503121,0,0.9729310817004684
0.5717897079278657,0,0.9729310817004684
-0.5106413074886219,0,0.9729310817004684
-1.8152377590167459,0,0.9729310817004684
-3.5083746942190692,0,0.9729310817004684
-5.613451320522415,0,0.9729310817004684
-7.983477274706584,0,0.9729310817004684
-10.407750003525438,0,0.9729310817004684
-12.639312153694748,0,0.9729310817004684
-14.402547266300123,0,0.9729310817004684
-15.38978227248011,0,0.9729310817004684
-15.374006560692022,0,0.9729310817004684
-14.320523594419777,0,0.9729310817004684
-12.393564056048463,0,0.9729310817004684
-9.904139146117542,0,0.9729310817004684
-7.135054642299372,0,0.9729310817004684
-4.3282940373300915,0,0.9729310817004684
-1.7404624888653504,0,0.9729310817004684
0.4433524946303379,0,0.9729310817004684
2.0961633952802674,0,0.9729310817004684
3.168151906572512,0,0.9729310817004684
3.7647525625591074,0,0.9729310817004684
4.038026597584979,0,0.9729310817004684
4.051512387667852,0,0.9729310817004684
3.840782733166874,0,0.9729310817004684
3.4875570800778504,0,0.9729310817004684
3.1210778429405064,0,0.9729310817004684
2.890101238227133,0,0.9729310817004684
2.8515313707554633,0,0.9729310817004684
2.979119880927818,0,0.9729310817004684
3.2478283787723004,0,0.9729310817004684
3.5987407785040406,0,0.9729310817004684
4.008723340475243,0,0.9729310817004684
4.52057851451458,0,0.9729310817004684
5.075608188729589,0,0.9729310817004684
5.557992063679707,0,0.9729310817004684
5.93303637051422,0,0.9729310817004684
6.188098937113312,0,0.9729310817004684
6.310644014243794,0,0.9729310817004684
6.335817336535373,0,0.9729310817004684
6.278266727352448,1,0.9733293380441946
6.062113779798538,0,0.9733293380441946
5.665261795431718,0,0.9733293380441946
5.222262987821121,0,0.9733293380441946
4.868511217000296,0,0.9733293380441946
4.598594562900224,0,0.9733293380441946
4.310899143831825,0,0.9733293380441946
3.936848579198811,0,0.9733293380441946
3.4670277639728013,0,0.9733293380441946
2.921577862676098,0,0.9733293380441946
2.353933759163496,0,0.9733293380441946
1.7885627159768165,0,0.9733293380441946
1.1857678197007018,0,0.9733293380441946
0.5024549707497463,0,0.9733293380441946
-0.2545761203689762,0,0.9733293380441946
-1.077555735388458,0,0.9733293380441946
-2.0668288258497878,0,0.9733293380441946
-3.367464826104845,0,0.9733293380441946
-5.061838977017813,0,0.9733293380441946
-7.151689895841544,0,0.9733293380441946
-9.463172223876313,0,0.9733293380441946
-11.68197338310078,0,0.9733293380441946
-13.495163463205415,0,0.9733293380441946
-14.637800338225096,0,0.9733293380441946
-14.92030961576578,0,0.9733293380441946
-14.237822443259608,0,0.9733293380441946
-12.659887983066207,0,0.9733293380441946
-10.46044611629145,0,0.9733293380441946
-7.944002111606858,0,0.9733293380441946
-5.328586541705791,0,0.9733293380441946
-2.8057187087964737,0,0.9733293380441946
-0.5821176003386392,0,0.9733293380441946
1.1996319118894525,0,0.9733293380441946
2.485260889613997,0,0.9733293380441946
3.259682337213887,0,0.9733293380441946
3.5605297266753686,0,0.9733293380441946
3.5150523992889355,0,0.9733293380441946
3.281467322342941,0,0.9733293380441946
2.97745499502995,0,0.9733293380441946
2.692126694576883,0,0.9733293380441946
2.473122472726175,0,0.9733293380441946
2.3446108337409797,0,0.9733293380441946
2.3913797702053263,0,0.9733293380441946
2.6947248659699294,0,0.9733293380441946
3.2009344154624846,0,0.9733293380441946
3.7904862053726625,0,0.9733293380441946
4.430140550223983,0,0.9733293380441946
5.1112513912797946,0,0.9733293380441946
5.729001026278821,0,0.9733293380441946
6.182586265382626,0,0.9733293380441946
6.43040721571848,0,0.9733293380441946
6.438877879062354,0,0.9733293380441946
6.284087846682153,1,0.9738555651084643
6.118986491746826,0,0.9738555651084643
5.935151935274808,0,0.9738555651084643
5.616299168520023,0,0.9738555651084643
5.170853351822514,0,0.9738555651084643
4.699692119939068,0,0.9738555651084643
4.216776098126006,0,0.9738555651084643
3.6605964203201284,0,0.9738555651084643
3.076654374697655,0,0.9738555651084643
2.5912572970415195,0,0.9738555651084643
2.216876500634632,0,0.9738555651084643
1.8780588650739811,0,0.9738555651084643
1.5377936266189183,0,0.9738555651084643
1.1882598183655735,0,0.9738555651084643
0.8047023263455892,0,0.9738555651084643
0.33747137663687743,0,0.9738555651084643
-0.2942495260801359,0,0.9738555651084643
-1.1983214733956575,0,0.9738555651084643
-2.4618566872791217,0,0.9738555651084643
-4.078451615297421,0,0.9738555651084643
-5.947834759246903,0,0.9738555651084643
-7.943715344963512,0,0.9738555651084643
-9.92360083822066,0,0.9738555651084643
-11.734614838164605,0,0.9738555651084643
-13.214063469737598,0,0.9738555651084643
-14.109723883933869,0,0.9738555651084643
-14.15729832285574,0,0.9738555651084643
-13.27066320784311,0,0.9738555651084643
-11.544746725304133,0,0.9738555651084643
-9.212117015931586,0,0.9738555651084643
-6.60129996268456,0,0.9738555651084643
-4.0082817004567985,0,0.9738555651084643
-1.6063846181610422,0,0.9738555651084643
0.5255163935259188,0,0.9738555651084643
2.2875710308730666,0,0.9738555651084643
3.541036169853146,0,0.9738555651084643
4.233311628272046,0,0.9738555651084643
4.440400041493577,0,0.9738555651084643
4.268670904850799,0,0.9738555651084643
3.829881352131218,0,0.9738555651084643
3.2982756137501825,0,0.9738555651084643
2.834049580118151,0,0.9738555651084643
2.472373079487015,0,0.9738555651084643
2.2310818269450436,0,0.9738555651084643
2.221392454061158,0,0.9738555651084643
2.4861223775432446,0,0.9738555651084643
2.9373110640689055,0,0.9738555651084643
3.4793042046328866,0,0.9738555651084643
4.024172046874895,0,0.9738555651084643
4.520385518059937,0,0.9738555651084643
4.95431611667007,0,0.9738555651084643
5.312355726960432,0,0.9738555651084643
5.6010163993534885,0,0.9738555651084643
5.81435742135455,0,0.9738555651084643
5.918515109891902,0,0.9738555651084643
5.868082488540155,1,0.9738092179207843
5.670537694595144,0,0.9738092179207843
5.410886075762427,0,0.9738092179207843
5.1299634407017445,0,0.9738092179207843
4.794788011609352,0,0.9738092179207843
4.345875515829199,0,0.9738092179207843
3.783644363337362,0,0.9738092179207843
3.2081810946734723,0,0.9738092179207843
2.65484287183484,0,0.9738092179207843
2.015712041307942,0,0.9738092179207843
1.17553360540158,0,0.9738092179207843
0.12451467699828714,0,0.9738092179207843
-1.133241008722224,0,0.9738092179207843
-2.6894321848998883,0,0.9738092179207843
-4.614752387095004,0,0.9738092179207843
-6.825739663014339,0,0.9738092179207843
-9.128083521290444,0,0.9738092179207843
-11.270996855976827,0,0.9738092179207843
-13.014185003484398,0,0.9738092179207843
-14.220278894863892,0,0.9738092179207843
-14.734271890536727,0,0.9738092179207843
-14.331496756326436,0,0.9738092179207843
-12.954734551472223,0,0.9738092179207843
-10.798968538871472,0,0.9738092179207843
-8.159440754574556,0,0.9738092179207843
-5.315866932918174,0,0.9738092179207843
-2.501083724962094,0,0.9738092179207843
0.051233872900856015,0,0.9738092179207843
2.1158692176470657,0,0.9738092179207843
3.5755967196539267,0,0.9738092179207843
4.4048466451756285,0,0.9738092179207843
4.654555422056095,0,0.9738092179207843
4.491988050246432,0,0.9738092179207843
4.172712897770749,0,0.9738092179207843
3.8968662405566654,0,0.9738092179207843
3.690213928995221,0,0.9738092179207843
3.5352920497116656,0,0.9738092179207843
3.4751761721517966,0,0.9738092179207843
3.5158100583217546,0,0.9738092179207843
3.6361064028080445,0,0.9738092179207843
3.880054200981012,0,0.9738092179207843
4.288759999546821,0,0.9738092179207843
4.822261377134231,0,0.9738092179207843
5.3984513748030665,0,0.9738092179207843
5.921674522413808,0,0.9738092179207843
6.253053362484942,0,0.9738092179207843
6.284483375453582,0,0.9738092179207843
6.063508380966256,1,0.9740132435296889
5.708261162942696,0,0.9740132435296889
5.32482488605292,0,0.9740132435296889
4.9911584974266905,0,0.9740132435296889
4.674854790747251,0,0.9740132435296889
4.324391233650145,0,0.9740132435296889
3.971789297518841,0,0.9740132435296889
3.645694785178435,0,0.9740132435296889
3.333551055441003,0,0.9740132435296889
3.0365453720487214,0,0.9740132435296889
2.778997656514215,0,0.9740132435296889
2.532790449226839,0,0.9740132435296889
2.1867841199850555,0,0.9740132435296889
1.6259172905898056,0,0.9740132435296889
0.7914159268205526,0,0.9740132435296889
-0.33921158883016245,0,0.9740132435296889
-1.7942229115638215,0,0.9740132435296889
-3.6345565705719585,0,0.9740132435296889
-5.835558351386128,0,0.9740132435296889
-8.149347638750827,0,0.9740132435296889
-10.280328895569902,0,0.9740132435296889
-12.051995194975522,0,0.9740132435296889
-13.302409649692034,0,0.9740132435296889
-13.85091201560142,0,0.9740132435296889
-13.592890453430332,0,0.9740132435296889
-12.556004850892904,0,0.9740132435296889
-10.855913624253496,0,0.9740132435296889
-8.618167235902396,0,0.9740132435296889
-6.047782391776753,0,0.9740132435296889
-3.443794276452188,0,0.9740132435296889
-1.0691566096433305,0,0.9740132435296889
0.884277412744758,0,0.9740132435296889
2.3283797443196104,0,0.9740132435296889
3.251269184704246,0,0.9740132435296889
3.6560863110309474,0,0.9740132435296889
3.6222204000093265,0,0.9740132435296889
3.2821463228795262,0,0.9740132435296889
2.798203454338724,0,0.9740132435296889
2.392620695444492,0,0.9740132435296889
2.2371031379404833,0,0.9740132435296889
2.348750378052105,0,0.9740132435296889
2.6182977619330257,0,0.9740132435296889
2.939800218068065,0,0.9740132435296889
3.3232604660795984,0,0.9740132435296889
3.795846161077684,0,0.9740132435296889
4.3361671629596925,0,0.9740132435296889
4.914405475298305,0,0.9740132435296889
5.449706684981071,0,0.9740132435296889
5.850623970936058,0,0.9740132435296889
6.084169942429724,0,0.9740132435296889
6.165637808602935,0,0.9740132435296889
6.130456762040781,1,0.9745329132480771
6.023175566025688,0,0.9745329132480771
5.8798556595349885,0,0.9745329132480771
5.684247267126768,0,0.9745329132480771
5.439786899923911,0,0.9745329132480771
5.2012432379124665,0,0.9745329132480771
4.967372337986126,0,0.9745329132480771
4.679439855811276,0,0.9745329132480771
4.3166950034097065,0,0.9745329132480771
3.9353579074869547,0,0.9745329132480771
3.5530288841462143,0,0.9745329132480771
3.092873562782384,0,0.9745329132480771
2.519364930417257,0,0.9745329132480771
1.853993110912959,0,0.9745329132480771
1.1156577173954054,0,0.9745329132480771
0.27240561494890514,0,0.9745329132480771
-0.796289416338683,0,0.9745329132480771
-2.1533628338606623,0,0.9745329132480771
-3.7896357107130516,0,0.9745329132480771
-5.7588143876452875,0,0.9745329132480771
-8.045252241544315,0,0.9745329132480771
-10.436223780012888,0,0.9745329132480771
-12.610668050961955,0,0.9745329132480771
-14.250102495779016,0,0.9745329132480771
-15.130238590576338,0,0.9745329132480771
-15.122549314273979,0,0.9745329132480771
-14.206989435788781,0,0.9745329132480771
-12.506867706972686,0,0.9745329132480771
-10.154818126991328,0,0.9745329132480771
-7.293711359823599,0,0.9745329132480771
-4.257973649514086,0,0.9745329132480771
-1.4637086454170152,0,0.9745329132480771
0.8234859490922309,0,0.9745329132480771
2.4609121860427026,0,0.9745329132480771
3.399701208694844,0,0.9745329132480771
3.7471957918299807,0,0.9745329132480771
3.691679359803069,0,0.9745329132480771
3.4242347508285054,0,0.9745329132480771
3.129606588977021,0,0.9745329132480771
2.9195259966607074,0,0.9745329132480771
2.8017928530208427,0,0.9745329132480771
2.758994271467579,0,0.9745329132480771
2.802547461897631,0,0.9745329132480771
2.9489911122162513,0,0.9745329132480771
3.22424200869882,0,0.9745329132480771
3.6429058070222498,0,0.9745329132480771
4.120541876625572,0,0.9745329132480771
4.525826500040879,0,0.9745329132480771
4.8199307788542125,0,0.9745329132480771
5.059031574599403,0,0.9745329132480771
5.274538670031849,0,0.9745329132480771
5.4229458355080356,0,0.9745329132480771
5.468676192329448,0,0.9745329132480771
5.384827270264374,1,0.9748583087812991
5.167192875586317,0,0.9748583087812991
4.928329184659632,0,0.9748583087812991
4.750046435441589,0,0.9748583087812991
4.511815964421063,0,0.9748583087812991
4.090686899971346,0,0.9748583087812991
3.554660942414258,0,0.9748583087812991
3.0313052555932143,0,0.9748583087812991
2.5526345318671124,0,0.9748583087812991
2.035291412365601,0,0.9748583087812991
1.318462026747976,0,0.9748583087812991
0.24114706704850636,0,0.9748583087812991
-1.2537446384971846,0,0.9748583087812991
-3.1105595791115093,0,0.9748583087812991
-5.2694311089742865,0,0.9748583087812991
-7.646728932152958,0,0.9748583087812991
-10.01721349006158,0,0.9748583087812991
-12.059326974338381,0,0.9748583087812991
-13.465236749577503,0,0.9748583087812991
-14.017646846145773,0,0.9748583087812991
-13.675674583656994,0,0.9748583087812991
-12.517255413500754,0,0.9748583087812991
-10.656935215612638,0,0.9748583087812991
-8.311789074860233,0,0.9748583087812991
-5.758086642627253,0,0.9748583087812991
-3.224887111108621,0,0.9748583087812991
-0.8977751204078531,0,0.9748583087812991
1.1021576422347457,0,0.9748583087812991
2.7101269209132024,0,0.9748583087812991
3.8785687735260304,0,0.9748583087812991
4.611708090780198,0,0.9748583087812991
4.944431991844428,0,0.9748583087812991
4.895279352351048,0,0.9748583087812991
4.545013768757104,0,0.9748583087812991
4.068274883255192,0,0.9748583087812991
3.6315238151577054,0,0.9748583087812991
3.353087745618421,0,0.9748583087812991
3.2852964465469094,0,0.9748583087812991
3.3631028733670036,0,0.9748583087812991
3.508468237162279,0,0.9748583087812991
3.754472791486516,0,0.9748583087812991
4.156585167481856,0,0.9748583087812991
4.673307223103695,0,0.9748583087812991
5.182460131741616,0,0.9748583087812991
5.622533369453819,0,0.9748583087812991
6.022790491971029,0,0.9748583087812991
6.306712885066139,0,0.9748583087812991
6.317915486142893,0,0.9748583087812991
6.084816110824535,1,0.9751643174688321
5.769760599148562,0,0.9751643174688321
5.43978883272436,0,0.9751643174688321
5.087943714311819,0,0.9751643174688321
4.697849128987889,0,0.9751643174688321
4.22752729422235,0,0.9751643174688321
3.6882799017998935,0,0.9751643174688321
3.14454134630677,0,0.9751643174688321
2.5753411219558133,0,0.9751643174688321
1.8973811931800084,0,0.9751643174688321
1.0737199998909468,0,0.9751643174688321
0.0919108850704769,0,0.9751643174688321
-1.0819631796202998,0,0.9751643174688321
-2.518972896624579,0,0.9751643174688321
-4.277095988269679,0,0.9751643174688321
-6.310811897251462,0,0.9751643174688321
-8.487378169817006,0,0.9751643174688321
-10.613019550086786,0,0.9751643174688321
-12.405230210996425,0,0.9751643174688321
-13.568733877698444,0,0.9751643174688321
-13.946626188299186,0,0.9751643174688321
-13.526874201043983,0,0.9751643174688321
-12.351087515362773,0,0.9751643174688321
-10.524051549722321,0,0.9751643174688321
-8.224446504102218,0,0.9751643174688321
-5.657804512149383,0,0.9751643174688321
-3.0803057213052076,0,0.9751643174688321
-0.7993697377326343,0,0.9751643174688321
0.9619715261457664,0,0.9751643174688321
2.154836943367251,0,0.9751643174688321
2.838955632410567,0,0.9751643174688321
3.117414992635205,0,0.9751643174688321
3.124438412040919,0,0.9751643174688321
3.010550989972016,0,0.9751643174688321
2.9103337572775403,0,0.9751643174688321
2.851056158715305,0,0.9751643174688321
2.7879470098142876,0,0.9751643174688321
2.752419844262529,0,0.9751643174688321
2.7829080873745258,0,0.9751643174688321
2.88523548502698,0,0.9751643174688321
3.1295897661043153,0,0.9751643174688321
3.5560753971849697,0,0.9751643174688321
4.100738801239503,0,0.9751643174688321
4.680653619976602,0,0.9751643174688321
5.20054854704506,0,0.9751643174688321
5.583049561486072,0,0.9751643174688321
5.843359198964169,0,0.9751643174688321
5.990865489397006,0,0.9751643174688321
5.975174146479473,1,0.9754624035270437
5.846907768424533,0,0.9754624035270437
5.696968181934057,0,0.9754624035270437
5.469367682857195,0,0.9754624035270437
5.123207550465738,0,0.9754624035270437
4.738593790362622,0,0.9754624035270437
4.349281890873753,0,0.9754624035270437
3.9097752126044627,0,0.9754624035270437
3.428180267370452,0,0.9754624035270437
2.9733633009874256,0,0.9754624035270437
2.5499400871111018,0,0.9754624035270437
2.113308465359218,0,0.9754624035270437
1.6227173640120751,0,0.9754624035270437
0.9810673971483078,0,0.9754624035270437
0.07520493093358413,0,0.9754624035270437
-1.0946049137998874,0,0.9754624035270437
-2.4757467994248117,0,0.9754624035270437
-4.133250076194185,0,0.9754624035270437
-6.125391790602217,0,0.9754624035270437
-8.29303690372393,0,0.9754624035270437
-10.382688768240902,0,0.9754624035270437
-12.209935905462068,0,0.9754624035270437
-13.584645115669423,0,0.9754624035270437
-14.238849103399652,0,0.9754624035270437
-13.979726092608546,0,0.9754624035270437
-12.85447086830068,0,0.9754624035270437
-11.061974676850445,0,0.9754624035270437
-8.797480469804857,0,0.9754624035270437
-6.258171995905919,0,0.9754624035270437
-3.6798326284952867,0,0.9754624035270437
-1.288503947198255,0,0.9754624035270437
0.747709999205519,0,0.9754624035270437
2.3289943171357774,0,0.9754624035270437
3.4386167282322235,0,0.9754624035270437
4.1355059354824055,0,0.9754624035270437
4.471567381007691,0,0.9754624035270437
4.472849445625006,0,0.9754624035270437
4.259006321288136,0,0.9754624035270437
4.011900988677257,0,0.9754624035270437
3.8192038900764667,0,0.9754624035270437
3.704332099808023,0,0.9754624035270437
3.70717674183977,0,0.9754624035270437
3.84708910572893,0,0.9754624035270437
4.098332485520535,0,0.9754624035270437
4.438897870589188,0,0.9754624035270437
4.835883703116238,0,0.9754624035270437
5.19298048648973,0,0.9754624035270437
5.433840189912362,0,0.9754624035270437
5.563413389522158,0,0.9754624035270437
5.6021918716002075,0,0.9754624035270437
5.554687687634058,1,0.9758885517787238
5.406374627418004,0,0.9758885517787238
5.156135544157401,0,0.9758885517787238
4.847618214515427,0,0.9758885517787238
4.511269306173907,0,0.9758885517787238
4.159955551969319,0,0.9758885517787238
3.8279249270317983,0,0.9758885517787238
3.5153800826393895,0,0.9758885517787238
3.178174473793546,0,0.9758885517787238
2.8117756559919216,0,0.9758885517787238
2.4367072740198616,0,0.9758885517787238
2.0659698472128962,0,0.9758885517787238
1.7014339465219666,0,0.9758885517787238
1.2638896481396928,0,0.9758885517787238
0.6102950203817755,0,0.9758885517787238
-0.35672153345951096,0,0.9758885517787238
-1.6666318598213936,0,0.9758885517787238
-3.345784065546529,0,0.9758885517787238
-5.387283370956821,0,0.9758885517787238
-7.668231576814767,0,0.9758885517787238
-9.97092901427266,0,0.9758885517787238
-12.02663644415276,0,0.9758885517787238
-13.582174369943871,0,0.9758885517787238
-14.453280820260497,0,0.9758885517787238
-14.479096954380788,0,0.9758885517787238
-13.54614864702837,0,0.9758885517787238
-11.72566974936135,0,0.9758885517787238
-9.323157625766104,0,0.9758885517787238
-6.721405189814202,0,0.9758885517787238
-4.152655327607612,0,0.9758885517787238
-1.7366516245384827,0,0.9758885517787238
0.36068187751063624,0,0.9758885517787238
1.985597160946094,0,0.9758885517787238
3.0600114002076815,0,0.9758885517787238
3.5870466399356102,0,0.9758885517787238
3.6751974617551686,0,0.9758885517787238
3.4972825019934852,0,0.9758885517787238
3.2054512088735536,0,0.9758885517787238
2.8910550320615656,0,0.9758885517787238
2.6626710955442,0,0.9758885517787238
2.6259587778512374,0,0.9758885517787238
2.7474822941919688,0,0.9758885517787238
2.9528072065202826,0,0.9758885517787238
3.288898335489886,0,0.9758885517787238
3.8172133979749634,0,0.9758885517787238
4.446042079858098,0,0.9758885517787238
4.9819676212331,0,0.9758885517787238
5.339733031499518,0,0.9758885517787238
5.590197189323171,0,0.9758885517787238
5.7936599662063335,0,0.9758885517787238
5.950213189571893,0,0.9758885517787238
6.038118449766749,0,0.9758885517787238
5.981562154401255,1,0.9762307377318187
5.715293807443874,0,0.9762307377318187
5.3193127366607404,0,0.9762307377318187
4.910432388626869,0,0.9762307377318187
4.4841337672373465,0,0.9762307377318187
4.020745186392555,0,0.9762307377318187
3.5305303304725015,0,0.9762307377318187
3.0034984386375814,0,0.9762307377318187
2.472251535149899,0,0.9762307377318187
2.003317853337795,0,0.9762307377318187
1.5578451114609722,0,0.9762307377318187
0.9638032049302588,0,0.9762307377318187
0.055523821228029124,0,0.9762307377318187
-1.2478522122967886,0,0.9762307377318187
-2.932918216642531,0,0.9762307377318187
-4.905866394397115,0,0.9762307377318187
-7.063627282048843,0,0.9762307377318187
-9.254520431698541,0,0.9762307377318187
-11.22192104975091,0,0.9762307377318187
-12.715724104600401,0,0.9762307377318187
-13.585539558265983,0,0.9762307377318187
-13.738094632474649,0,0.9762307377318187
-13.083732648996937,0,0.9762307377318187
-11.619781437129742,0,0.9762307377318187
-9.504088596406051,0,0.9762307377318187
-6.961424264921572,0,0.9762307377318187
-4.237902077793174,0,0.9762307377318187
-1.6206861589084565,0,0.9762307377318187
0.6627190785893065,0,0.9762307377318187
2.515245811793361,0,0.9762307377318187
3.8928886685319557,0,0.9762307377318187
4.767394308393557,0,0.9762307377318187
5.180813330137058,0,0.9762307377318187
5.224298595228479,0,0.9762307377318187
4.958046193654502,1,0.9762307377318187
4.440915789470065,0,0.9762307377318187
3.8102260023613046,0,0.9762307377318187
3.2644534355096826,0,0.9762307377318187
2.9634979874709946,0,0.9762307377318187
2.9455126479648674,0,0.9762307377318187
3.125089976103598,0,0.9762307377318187
3.3956229499883888,0,0.9762307377318187
3.745449556454134,0,0.9762307377318187
4.209517821496698,0,0.9762307377318187
4.7290023314325005,0,0.9762307377318187
5.182017197507166,0,0.9762307377318187
5.517844621725242,0,0.9762307377318187
5.760618837412292,0,0.9762307377318187
5.9207553727262585,0,0.9762307377318187
5.944057738423191,0,0.9762307377318187
5.782898161628202,0,0.9762307377318187
5.476772339902814,0,0.9762307377318187
5.083504105524813,0,0.9762307377318187
4.642495756233756,0,0.9762307377318187
4.204837770665047,0,0.9762307377318187
3.745418619850829,0,0.9762307377318187
3.128884007438713,0,0.9762307377318187
2.2307148985127547,0,0.9762307377318187
1.028493450651122,0,0.9762307377318187
-0.46201408251299525,0,0.9762307377318187
-2.293095830012821,0,0.9762307377318187
-4.475615228598637,0,0.9762307377318187
-6.865918458997299,0,0.9762307377318187
-9.24072606763355,0,0.9762307377318187
-11.342593630919735,0,0.9762307377318187
-12.898672395645715,0,0.9762307377318187
-13.6989682648642,0,0.9762307377318187
-13.644827101705268,0,0.9762307377318187
-12.73180206284449,0,0.9762307377318187
-11.070112898201423,0,0.9762307377318187
-8.85720345296821,0,0.9762307377318187
-6.298859996647642,0,0.9762307377318187
-3.6398562357889586,0,0.9762307377318187
-1.1370475660640265,0,0.9762307377318187
1.0213468188283652,0,0.9762307377318187
2.688089792022277,0,0.9762307377318187
3.76940876836503,0,0.9762307377318187
4.297051028670091,0,0.9762307377318187
4.397490675395954,0,0.9762307377318187
4.188916295318176,0,0.9762307377318187
3.760284820032744,0,0.9762307377318187
3.261132318077483,0,0.9762307377318187
2.896866656002414,0,0.9762307377318187
2.767627984601899,0,0.9762307377318187
2.8668676034407596,0,0.9762307377318187
3.195062066266905,0,0.9762307377318187
3.7002161448137634,0,0.9762307377318187
4.262293811850512,0,0.9762307377318187
4.8005348875157985,0,0.9762307377318187
5.277455242818074,0,0.9762307377318187
5.663688075349195,0,0.9762307377318187
5.943629231793981,0,0.9762307377318187
6.1215179573413545,0,0.9762307377318187
6.2177999811079925,0,0.9762307377318187
6.224646377821139,0,0.9762307377318187
6.074574670032848,1,0.9741098328163418
5.724319792090724,0,0.9741098328163418
5.250256953892859,0,0.9741098328163418
4.754078071874627,0,0.9741098328163418
4.246500775393356,0,0.9741098328163418
3.720227840278742,0,0.9741098328163418
3.1829257277585885,0,0.9741098328163418
2.6284850089136476,0,0.9741098328163418
2.0744607418825813,0,0.9741098328163418
1.5128726269181776,0,0.9741098328163418
0.8755549132980868,0,0.9741098328163418
0.11178346448780874,0,0.9741098328163418
-0.8439210991599273,0,0.9741098328163418
-2.1433868119876873,0,0.9741098328163418
-3.8857366418766786,0,0.9741098328163418
-5.980785811093477,0,0.9741098328163418
-8.268877292117104,0,0.9741098328163418
-10.57395836221276,0,0.9741098328163418
-12.579803587189634,0,0.9741098328163418
-13.91048209423036,0,0.9741098328163418
-14.330725862232049,0,0.9741098328163418
-13.795326912025622,0,0.9741098328163418
-12.428471185889219,0,0.9741098328163418
-10.432968237160642,0,0.9741098328163418
-8.016355074849761,0,0.9741098328163418
-5.416825827686253,0,0.9741098328163418
-2.882452463667438,0,0.9741098328163418
-0.6334130233553665,0,0.9741098328163418
1.1604221840287916,0,0.9741098328163418
2.4145769280326967,0,0.9741098328163418
3.1654312479539883,0,0.9741098328163418
3.5220234511224167,0,0.9741098328163418
3.5657267170746407,0,0.9741098328163418
3.3725520268379903,0,0.9741098328163418
3.0472837888482913,0,0.9741098328163418
2.7108803295562884,0,0.9741098328163418
2.466441207947762,0,0.9741098328163418
2.3707660667351758,0,0.9741098328163418
2.4729563388982876,0,0.9741098328163418
2.77011398544176,0,0.9741098328163418
3.1716653426138874,0,0.9741098328163418
3.602335116805732,0,0.9741098328163418
4.0445810929422095,0,0.9741098328163418
4.4971711094098055,0,0.9741098328163418
4.951094938457078,0,0.9741098328163418
5.368471812614028,0,0.9741098328163418
5.664834729420008,0,0.9741098328163418
5.762192517759513,0,0.9741098328163418
5.669759438890347,1,0.9743527049474657
5.4386550837769025,0,0.9743527049474657
5.105311498370304,0,0.9743527049474657
4.730975863591431,0,0.9743527049474657
4.366068258323691,0,0.9743527049474657
4.002874161488705,0,0.9743527049474657
3.5674791758036206,0,0.9743527049474657
2.8965470478028355,0,0.9743527049474657
1.8875094339666243,0,0.9743527049474657
0.5714896293114615,0,0.9743527049474657
-1.0562728152971,0,0.9743527049474657
-2.994430087764519,0,0.9743527049474657
-5.133131044642931,0,0.9743527049474657
-7.351162910619213,0,0.9743527049474657
-9.507591770717545,0,0.9743527049474657
-11.362213076551823,0,0.9743527049474657
-12.636214684052273,0,0.9743527049474657
-13.127273548219234,0,0.9743527049474657
-12.751233458157472,0,0.9743527049474657
-11.536371193119981,0,0.9743527049474657
-9.638511129549174,0,0.9743527049474657
-7.279471526981359,0,0.9743527049474657
-4.678604725451296,0,0.9743527049474657
-2.099331557345543,0,0.9743527049474657
0.20083691385154734,0,0.9743527049474657
2.0695260506936344,0,0.9743527049474657
3.4456739139044146,0,0.9743527049474657
4.333599256118262,0,0.9743527049474657
4.753113950069163,0,0.9743527049474657
4.730606590616044,0,0.9743527049474657
4.394549407786457,0,0.9743527049474657
3.967547676874829,0,0.9743527049474657
3.605273537706858,0,0.9743527049474657
3.3366692484127736,0,0.9743527049474657
3.1917943036896417,0,0.9743527049474657
3.223633868100047,0,0.9743527049474657
3.3954206495757053,0,0.9743527049474657
3.647662323743961,0,0.9743527049474657
3.9843983471583453,0,0.9743527049474657
4.381904736548679,0,0.9743527049474657
4.774906904760462,0,0.9743527049474657
5.1272299200280615,0,0.9743527049474657
5.425606157903231,0,0.9743527049474657
5.675284101155805,0,0.9743527049474657
5.870217403416501,0,0.9743527049474657
5.924040733608483,0,0.9743527049474657
5.763693305795053,1,0.9742847404307771
5.433410412736444,0,0.9742847404307771
5.037108226844829,0,0.9742847404307771
4.698371439311927,0,0.9742847404307771
4.481434844491544,0,0.9742847404307771
4.315866055118502,0,0.9742847404307771
4.105540051070765,0,0.9742847404307771
3.78618308145163,0,0.9742847404307771
3.27930971795698,0,0.9742847404307771
2.540840200848023,0,0.9742847404307771
1.5722271075367873,0,0.9742847404307771
0.37759108024361143,0,0.9742847404307771
-1.033569650837627,0,0.9742847404307771
-2.666053497943552,0,0.9742847404307771
-4.524953774384193,0,0.9742847404307771
-6.591819452869294,0,0.9742847404307771
-8.807642506265342,0,0.9742847404307771
-10.987322524067201,0,0.9742847404307771
-12.834063452638494,0,0.9742847404307771
-14.073255059334288,0,0.9742847404307771
-14.533650455159027,0,0.9742847404307771
-14.132872006149887,0,0.9742847404307771
-12.843542487921283,0,0.9742847404307771
-10.778827962742882,0,0.9742847404307771
-8.232885951672296,0,0.9742847404307771
-5.512380108787241,0,0.9742847404307771
-2.851473858774014,0,0.9742847404307771
-0.49045892458444146,0,0.9742847404307771
1.349896012675958,0,0.9742847404307771
2.5976113739783746,0,0.9742847404307771
3.3609552058397427,0,0.9742847404307771
3.778603412474308,0,0.9742847404307771
3.880147254165046,0,0.9742847404307771
3.6695087713510346,0,0.9742847404307771
3.2617913158394574,0,0.9742847404307771
2.8134323321408057,0,0.9742847404307771
2.4132903517945166,0,0.9742847404307771
2.136693959358117,0,0.9742847404307771
2.0930307957834846,0,0.9742847404307771
2.3469362884169684,0,0.9742847404307771
2.7965955287800197,0,0.9742847404307771
3.2870066901207764,0,0.9742847404307771
3.8020009689289607,0,0.9742847404307771
4.382820303995531,0,0.9742847404307771
5.024234118496366,0,0.9742847404307771
5.615101788962587,0,0.9742847404307771
5.992542149553826,0,0.9742847404307771
6.136852599709187,0,0.9742847404307771
6.118690470823657,1,0.9745314884076459
5.954788703467785,0,0.9745314884076459
5.6738244242686555,0,0.9745314884076459
5.337870462899886,0,0.9745314884076459
4.949815049786901,0,0.9745314884076459
4.471555100273743,0,0.9745314884076459
3.8847877720026416,0,0.9745314884076459
3.2176922805793513,0,0.9745314884076459
2.576423602169224,0,0.9745314884076459
2.072315192452329,0,0.9745314884076459
1.6755275786472106,0,0.9745314884076459
1.2447299126316247,0,0.9745314884076459
0.6752055096078647,0,0.9745314884076459
-0.11406677804074938,0,0.9745314884076459
-1.2259466070188978,0,0.9745314884076459
-2.7071672033012697,0,0.9745314884076459
-4.535324276045363,0,0.9745314884076459
-6.671998346301379,0,0.9745314884076459
-8.971601096373918,0,0.9745314884076459
-11.146557745252817,0,0.9745314884076459
-12.941515131061122,0,0.9745314884076459
-14.162800518645053,0,0.9745314884076459
-14.640380332529691,0,0.9745314884076459
-14.269584090911268,0,0.9745314884076459
-12.99084160860947,0,0.9745314884076459
-10.85281892937216,0,0.9745314884076459
-8.109671748828443,0,0.9745314884076459
-5.182289783914526,0,0.9745314884076459
-2.471427689983082,0,0.9745314884076459
-0.18037815672729968,0,0.9745314884076459
1.618256295613162,0,0.9745314884076459
2.9136313332955153,0,0.9745314884076459
3.8052951727405984,0,0.9745314884076459
4.3666872224260365,0,0.9745314884076459
4.563673188938505,0,0.9745314884076459
4.443466979655934,0,0.9745314884076459
4.1809549957406755,0,0.9745314884076459
3.9241065831234647,0,0.9745314884076459
3.7113669703027483,0,0.9745314884076459
3.534464833479124,0,0.9745314884076459
3.4420288795703606,0,0.9745314884076459
3.489311119981979,0,0.9745314884076459
3.648413728597451,0,0.9745314884076459
3.9040100437695653,0,0.9745314884076459
4.30513204241185,0,0.9745314884076459
4.828986127812499,0,0.9745314884076459
5.356581830685515,0,0.9745314884076459
5.780239569194396,0,0.9745314884076459
6.0698366514575515,0,0.9745314884076459
6.265373350288573,0,0.9745314884076459
6.356636870613904,0,0.9745314884076459
6.254103895418315,1,0.974896333364386
5.950247427640139,0,0.974896333364386
5.555900915119199,0,0.974896333364386
5.086734615839496,0,0.974896333364386
4.414616376837425,0,0.974896333364386
3.501741872084068,0,0.974896333364386
2.3686481810088496,0,0.974896333364386
0.9248740590001664,0,0.974896333364386
-0.9003348023438278,0,0.974896333364386
-3.0685693952978674,0,0.974896333364386
-5.491968810629762,0,0.974896333364386
-8.024300874244583,0,0.974896333364386
-10.441300919771415,0,0.974896333364386
-12.445172794745543,0,0.974896333364386
-13.70364190714382,0,0.974896333364386
-13.952199718555468,0,0.974896333364386
-13.16270437758119,0,0.974896333364386
-11.569618518463432,0,0.974896333364386
-9.428179184128801,0,0.974896333364386
-6.901654151718845,0,0.974896333364386
-4.190445085209085,0,0.974896333364386
-1.579767326696451,0,0.974896333364386
0.6607548233392803,0,0.974896333364386
2.3857019080524116,0,0.974896333364386
3.56647354573618,0,0.974896333364386
4.222763438489634,0,0.974896333364386
4.406962338138239,0,0.974896333364386
4.215461074929256,0,0.974896333364386
3.818526082630901,0,0.974896333364386
3.4230549095211975,0,0.974896333364386
3.1300999922272443,0,0.974896333364386
2.921552499438993,0,0.974896333364386
2.8106338466839103,0,0.974896333364386
2.895558379532167,0,0.974896333364386
3.204048707374564,0,0.974896333364386
3.62308328586943,0,0.974896333364386
4.095751401571305,0,0.974896333364386
4.641875006926037,0,0.974896333364386
5.186949754118613,0,0.974896333364386
5.624569189694564,0,0.974896333364386
5.913587048423865,0,0.974896333364386
6.048593940560017,0,0.974896333364386
6.058569505517758,0,0.974896333364386
5.961033780002709,1,0.9741543040333598
5.747944249218296,0,0.9741543040333598
5.4398210417754935,0,0.9741543040333598
5.050702660782386,0,0.9741543040333598
4.56306367972932,0,0.9741543040333598
3.926957977445354,0,0.9741543040333598
3.089399937734156,0,0.9741543040333598
2.024568117019228,0,0.9741543040333598
0.6762887666995643,0,0.9741543040333598
-1.0219803044043938,0,0.9741543040333598
-3.0700708072476806,0,0.9741543040333598
-5.397415461163983,0,0.9741543040333598
-7.844789756216771,0,0.9741543040333598
-10.115630755459648,0,0.9741543040333598
-11.913923123076223,0,0.9741543040333598
-13.107220892537388,0,0.9741543040333598
-13.576351134147588,0,0.9741543040333598
-13.140370569979469,0,0.9741543040333598
-11.77607049202498,0,0.9741543040333598
-9.684592841540004,0,0.9741543040333598
-7.148086446430598,0,0.9741543040333598
-4.446520911655391,0,0.9741543040333598
-1.8332180941149465,0,0.9741543040333598
0.4688322773563013,0,0.9741543040333598
2.2633709119677605,0,0.9741543040333598
3.460976040751184,0,0.9741543040333598
4.1270576261809,0,0.9741543040333598
4.3563056909665105,0,0.9741543040333598
4.216729016482861,0,0.9741543040333598
3.848165240977859,0,0.9741543040333598
3.4330548847558036,0,0.9741543040333598
3.0872071927908857,0,0.9741543040333598
2.831005541598981,0,0.9741543040333598
2.664062223282403,0,0.9741543040333598
2.6530783552526898,0,0.9741543040333598
2.8516293196116287,0,0.9741543040333598
3.208780568465473,0,0.9741543040333598
3.6271836619660984,0,0.9741543040333598
4.062472915060191,0,0.9741543040333598
4.508795198825765,0,0.9741543040333598
4.94682838211414,0,0.9741543040333598
5.3626816808226545,0,0.9741543040333598
5.686072644780619,0,0.9741543040333598
5.789434639110775,0,0.9741543040333598
5.669971529235276,1,0.9737610041604401
5.468886092784798,0,0.9737610041604401
5.28678399254519,0,0.9737610041604401
5.097081381978151,0,0.9737610041604401
4.818154727267858,0,0.9737610041604401
4.414820980339432,0,0.9737610041604401
3.930785607487703,0,0.9737610041604401
3.458404655619934,0,0.9737610041604401
3.0272410976936346,0,0.9737610041604401
2.5566790062328946,0,0.9737610041604401
1.9350512162119344,0,0.9737610041604401
1.0559368574360337,0,0.9737610041604401
-0.112854359596851,0,0.9737610041604401
-1.524764177759336,0,0.9737610041604401
-3.1864005887586613,0,0.9737610041604401
-5.143594534421721,0,0.9737610041604401
-7.323009801914517,0,0.9737610041604401
-9.542371789046339,0,0.9737610041604401
-11.627630849650451,0,0.9737610041604401
-13.32688031533058,0,0.9737610041604401
-14.304660722654543,0,0.9737610041604401
-14.380048817323445,0,0.9737610041604401
-13.603512018490802,0,0.9737610041604401
-12.088019791397382,0,0.9737610041604401
-9.895370713670701,0,0.9737610041604401
-7.197017323859865,0,0.9737610041604401
-4.395531208765537,0,0.9737610041604401
-1.8961608688607903,0,0.9737610041604401
0.11630776871996375,0,0.9737610041604401
1.6185454430568034,0,0.9737610041604401
2.6143335706903863,0,0.9737610041604401
3.1353535503707444,0,0.9737610041604401
3.3145491413851222,0,0.9737610041604401
3.322229050528963,0,0.9737610041604401
3.2398466304045663,0,0.9737610041604401
3.114217855556106,0,0.9737610041604401
3.019849972859607,0,0.9737610041604401
3.009744298731634,0,0.9737610041604401
3.1019152220996227,0,0.9737610041604401
3.29619111639593,0,0.9737610041604401
3.6155794812499096,0,0.9737610041604401
4.101820638957344,0,0.9737610041604401
4.720665339940453,0,0.9737610041604401
5.325607018226975,0,0.9737610041604401
5.78468339405572,0,0.9737610041604401
6.075670960531896,0,0.9737610041604401
6.2065740882988045,0,0.9737610041604401
6.184438766352134,1,0.9739254912377504
6.061594681207552,0,0.9739254912377504
5.917142818849411,0,0.9739254912377504
5.759998393162491,0,0.9739254912377504
5.522406666471979,0,0.9739254912377504
5.170025002527308,0,0.9739254912377504
4.69945642890557,0,0.9739254912377504
4.127607824922908,0,0.9739254912377504
3.5359709006616082,0,0.9739254912377504
2.992612159860574,0,0.9739254912377504
2.4987307851148532,0,0.9739254912377504
2.0148853622315444,0,0.9739254912377504
1.4389385115023272,0,0.9739254912377504
0.6806999399296108,0,0.9739254912377504
-0.2792424324367256,0,0.9739254912377504
-1.4652970583945197,0,0.9739254912377504
-2.916004257300489,0,0.9739254912377504
-4.666139074834933,0,0.9739254912377504
-6.696459074950906,0,0.9739254912377504
-8.83828407148053,0,0.9739254912377504
-10.841789049424996,0,0.9739254912377504
-12.492320221945286,0,0.9739254912377504
-13.60917054719563,0,0.9739254912377504
-14.033395668656759,0,0.9739254912377504
-13.612294715125973,0,0.9739254912377504
-12.293616680790663,0,0.9739254912377504
-10.25932826036205,0,0.9739254912377504
-7.818528271994897,0,0.9739254912377504
-5.217964163899382,0,0.9739254912377504
-2.654027580852677,0,0.9739254912377504
-0.35483037029550596,0,0.9739254912377504
1.5197950852534303,0,0.9739254912377504
2.8945094306262678,0,0.9739254912377504
3.707913751602802,0,0.9739254912377504
4.028932125856907,0,0.9739254912377504
4.022428167018775,0,0.9739254912377504
3.7652870151824867,0,0.9739254912377504
3.3266980814049565,0,0.9739254912377504
2.8976064497729763,0,0.9739254912377504
2.6540702017754683,0,0.9739254912377504
2.6407938770558745,0,0.9739254912377504
2.8236469254197134,0,0.9739254912377504
3.143747202498269,0,0.9739254912377504
3.556698787148589,0,0.9739254912377504
4.052909246992223,0,0.9739254912377504
4.606221076478662,0,0.9739254912377504
5.119796790859764,0,0.9739254912377504
5.508398640121984,0,0.9739254912377504
5.745073011695351,0,0.9739254912377504
5.812022381446117,0,0.9739254912377504
5.751189128260632,1,0.9742641018731905
5.638294659086309,0,0.9742641018731905
5.46908965321671,0,0.9742641018731905
5.217922319135022,0,0.9742641018731905
4.916524098646963,0,0.9742641018731905
4.587252891279377,0,0.9742641018731905
4.1999503070987645,0,0.9742641018731905
3.73683604504979,0,0.9742641018731905
3.2160663504690983,0,0.9742641018731905
2.6259042575467237,0,0.9742641018731905
1.8888094576596646,0,0.9742641018731905
0.874887807891265,0,0.9742641018731905
-0.5428144340451811,0,0.9742641018731905
-2.4041631782606716,0,0.9742641018731905
-4.624252776270311,0,0.9742641018731905
-7.034464416916143,0,0.9742641018731905
-9.440932208799236,0,0.9742641018731905
-11.623888721533383,0,0.9742641018731905
-13.329574477023643,0,0.9742641018731905
-14.283984542873904,0,0.9742641018731905
-14.283509254933902,0,0.9742641018731905
-13.327870964581038,0,0.9742641018731905
-11.569247953469254,0,0.9742641018731905
-9.206033170163913,0,0.9742641018731905
-6.503127394423741,0,0.9742641018731905
-3.7530087628947983,0,0.9742641018731905
-1.1691257953223684,0,0.9742641018731905
1.1051486185129917,0,0.9742641018731905
2.9126264305355365,0,0.9742641018731905
4.124277633142359,0,0.9742641018731905
4.739646496781394,0,0.9742641018731905
4.834040059139268,0,0.9742641018731905
4.533476945533816,1,0.9742641018731905
4.045322812767675,0,0.9742641018731905
3.5735866140890296,0,0.9742641018731905
3.240898491205258,0,0.9742641018731905
3.0683896373193322,0,0.9742641018731905
3.0217326106506026,0,0.9742641018731905
3.1150962714309096,0,0.9742641018731905
3.4158741982126086,0,0.9742641018731905
3.9059809260085148,0,0.9742641018731905
4.464309350432611,0,0.9742641018731905
5.003475064740177,0,0.9742641018731905
5.468817594899971,0,0.9742641018731905
5.81694175128092,0,0.9742641018731905
6.044762924137196,0,0.9742641018731905
6.1406234137840725,0,0.9742641018731905
6.069998044318374,0,0.9742641018731905
5.845744356851931,0,0.9742641018731905
5.547033566693282,0,0.9742641018731905
5.208130298882277,0,0.9742641018731905
4.822825499385411,0,0.9742641018731905
4.43202451967012,0,0.9742641018731905
4.027432411972793,0,0.9742641018731905
3.527532552506119,0,0.9742641018731905
2.8886369072224936,0,0.9742641018731905
2.0681499119490128,0,0.9742641018731905
0.9642199369290017,0,0.9742641018731905
-0.47744627463375866,0,0.9742641018731905
-2.2175314783401037,0,0.9742641018731905
-4.216948982390189,0,0.9742641018731905
-6.425196975439771,0,0.9742641018731905
-8.687464824541586,0,0.9742641018731905
-10.76125370134263,0,0.9742641018731905
-12.375240443311922,0,0.9742641018731905
-13.272131708844524,0,0.9742641018731905
-13.3470353770409,0,0.9742641018731905
-12.668344705370373,0,0.9742641018731905
-11.300879060310859,0,0.9742641018731905
-9.327365850692692,0,0.9742641018731905
-6.975337075574521,0,0.9742641018731905
-4.497587564134436,0,0.9742641018731905
-2.073721980950834,0,0.9742641018731905
0.10443370952760749,0,0.9742641018731905
1.8386379923075402,0,0.9742641018731905
3.0265785527582647,0,0.9742641018731905
3.69490115656883,0,0.9742641018731905
3.9108158000325806,0,0.9742641018731905
3.7526788955623407,0,0.9742641018731905
3.378930637801318,0,0.9742641018731905
2.9556030585633657,0,0.9742641018731905
2.5829051386525093,0,0.9742641018731905
2.351276731607967,0,0.9742641018731905
2.346257681655787,0,0.9742641018731905
2.5822579841438,0,0.9742641018731905
2.977136580805231,0,0.9742641018731905
3.436569137657298,0,0.9742641018731905
3.9207723481704604,0,0.9742641018731905
4.403605674691127,0,0.9742641018731905
4.858384890520355,0,0.9742641018731905
5.25843328363106,0,0.9742641018731905
5.5510367044378395,0,0.9742641018731905
5.7338135976849145,0,0.9742641018731905
5.91775801706598,0,0.9742641018731905
6.141494098031776,0,0.9742641018731905
6.242254329458289,0,0.9742641018731905
6.080180853804617,1,0.9742641018731905
5.713457903502398,0,0.9742641018731905
5.269168148655746,0,0.9742641018731905
4.817934133134602,0,0.9742641018731905
4.370845686839689,0,0.9742641018731905
3.895913029298365,0,0.9742641018731905
3.3545686546341993,0,0.9742641018731905
2.7121675179035414,0,0.9742641018731905
1.9422795626682148,0,0.9742641018731905
1.0506596706689837,0,0.9742641018731905
0.00559696324342257,0,0.9742641018731905
-1.3434201717655143,0,0.9742641018731905
-3.146150592759588,0,0.9742641018731905
-5.3410740717419465,0,0.9742641018731905
-7.700995148133699,0,0.9742641018731905
-10.022420876519451,0,0.9742641018731905
-12.075201902296095,0,0.9742641018731905
-13.568603708718774,0,0.9742641018731905
-14.31028683714202,0,0.9742641018731905
-14.220499440858557,0,0.9742641018731905
-13.276467449472971,0,0.9742641018731905
-11.556800065449346,0,0.9742641018731905
-9.268438829381292,0,0.9742641018731905
-6.684337230948412,0,0.9742641018731905
-4.017787037420705,0,0.9742641018731905
-1.4432169710288913,0,0.9742641018731905
0.7904654985988996,0,0.9742641018731905
2.435200495945615,0,0.9742641018731905
3.4233298590551975,0,0.9742641018731905
3.8811736212500585,0,0.9742641018731905
3.9240440369585143,0,0.9742641018731905
3.59966065374659,0,0.9742641018731905
3.0225681544375496,0,0.9742641018731905
2.3888042708711716,0,0.9742641018731905
1.9098360477825682,0,0.9742641018731905
1.7200830339953501,0,0.9742641018731905
1.8360741784218,0,0.9742641018731905
2.1914474626885885,0,0.9742641018731905
2.656268311528182,0,0.9742641018731905
3.1464048250839283,0,0.9742641018731905
3.691285630561163,0,0.9742641018731905
4.287833685406723,0,0.9742641018731905
4.860011912403345,0,0.9742641018731905
5.3454290771166315,0,0.9742641018731905
5.711651172461096,0,0.9742641018731905
5.982704556060858,0,0.9742641018731905
6.14321218514623,0,0.9742641018731905
6.102940073596182,1,0.9744189696976856
5.86961432127192,0,0.9744189696976856
5.519608675493111,0,0.9744189696976856
5.083185271644145,0,0.9744189696976856
4.575231275588754,0,0.9744189696976856
3.9956208469117342,0,0.9744189696976856
3.307079317773722,0,0.9744189696976856
2.4614415195295765,0,0.9744189696976856
1.4013976267484605,0,0.9744189696976856
0.0313976296731075,0,0.9744189696976856
-1.7406231555472933,0,0.9744189696976856
-3.9135833796961137,0,0.9744189696976856
-6.343011760744814,0,0.9744189696976856
-8.76903036712114,0,0.9744189696976856
-10.919859123603066,0,0.9744189696976856
-12.563845896722013,0,0.9744189696976856
-13.529787768385715,0,0.9744189696976856
-13.695742672697502,0,0.9744189696976856
-12.929672330801106,0,0.9744189696976856
-11.248148031115026,0,0.9744189696976856
-8.954823627189594,0,0.9744189696976856
-6.395731185823899,0,0.9744189696976856
-3.769074646089556,0,0.9744189696976856
-1.2522226547827402,0,0.9744189696976856
0.9630103585966072,0,0.9744189696976856
2.767042454526662,0,0.9744189696976856
4.058351733493759,0,0.9744189696976856
4.768802040119398,0,0.9744189696976856
4.991761745067514,0,0.9744189696976856
4.876953175039422,1,0.9744189696976856
4.540355870993875,0,0.9744189696976856
4.095932887956924,0,0.9744189696976856
3.6700303783600847,0,0.9744189696976856
3.3474780060017424,0,0.9744189696976856
3.139534496362131,0,0.9744189696976856
3.0885379898452525,0,0.9744189696976856
3.247384612666401,0,0.9744189696976856
3.589664567584806,0,0.9744189696976856
4.068470236031226,0,0.9744189696976856
4.6170438327665995,0,0.9744189696976856
5.131916721257944,0,0.9744189696976856
5.54107477020173,0,0.9744189696976856
5.813670055489298,0,0.9744189696976856
5.932783586791285,0,0.9744189696976856
5.902716133195642,0,0.9744189696976856
5.753976376564874,0,0.9744189696976856
5.527384254222063,0,0.9744189696976856
5.218775246623121,0,0.9744189696976856
4.753656544353947,0,0.9744189696976856
4.0982462962707755,0,0.9744189696976856
3.3022166159037925,0,0.9744189696976856
2.3448555390729933,0,0.9744189696976856
1.1470712870382265,0,0.9744189696976856
-0.29859811880925496,0,0.9744189696976856
-2.0213455392067683,0,0.9744189696976856
-4.063350850149433,0,0.9744189696976856
-6.308222691818183,0,0.9744189696976856
-8.54116036968319,0,0.9744189696976856
-10.53728814040484,0,0.9744189696976856
-12.057984829255883,0,0.9744189696976856
-12.95215173267636,0,0.9744189696976856
-13.15604748498389,0,0.9744189696976856
-12.599616962284786,0,0.9744189696976856
-11.256011236313892,0,0.9744189696976856
-9.235344901783588,0,0.9744189696976856
-6.765911248781449,0,0.9744189696976856
-4.127649393853153,0,0.9744189696976856
-1.6129322327057216,0,0.9744189696976856
0.573064724212806,0,0.9744189696976856
2.3327132402445265,0,0.9744189696976856
3.5788824411584867,0,0.9744189696976856
4.277454144360983,0,0.9744189696976856
4.529005889922474,0,0.9744189696976856
4.477923342786011,0,0.9744189696976856
4.211541308471048,0,0.9744189696976856
3.819979552688335,0,0.9744189696976856
3.443631617093511,0,0.9744189696976856
3.179866594082867,0,0.9744189696976856
3.0665111075125933,0,0.9744189696976856
3.144950871088283,0,0.9744189696976856
3.3941876432490767,0,0.9744189696976856
3.7210340943398297,0,0.9744189696976856
4.053511206509863,0,0.9744189696976856
4.371942357301502,0,0.9744189696976856
4.694437554100398,0,0.9744189696976856
5.038279013792403,0,0.9744189696976856
5.406757350006121,0,0.9744189696976856
5.761048520578423,0,0.9744189696976856
6.021613368790719,0,0.9744189696976856
6.119179248995152,0,0.9744189696976856
6.020131416269245,1,0.9727805886261096
5.779734519786844,0,0.9727805886261096
5.487693798286605,0,0.9727805886261096
5.146456035540942,0,0.9727805886261096
4.714358807948407,0,0.9727805886261096
4.161718912344659,0,0.9727805886261096
3.4382727930338177,0,0.9727805886261096
2.5224192083088233,0,0.9727805886261096
1.463900291865655,0,0.9727805886261096
0.2607016273007982,0,0.9727805886261096
-1.1947411843644509,0,0.9727805886261096
-2.97354499299585,0,0.9727805886261096
-5.022475854565271,0,0.9727805886261096
-7.216894902981099,0,0.9727805886261096
-9.413952043716083,0,0.9727805886261096
-11.426944445605674,0,0.9727805886261096
-13.01288358733853,0,0.9727805886261096
-13.939396345727584,0,0.9727805886261096
-14.03563532354756,0,0.9727805886261096
-13.219683979896935,0,0.9727805886261096
-11.523484801630124,0,0.9727805886261096
-9.163289606039958,0,0.9727805886261096
-6.538997868262653,0,0.9727805886261096
-3.998246330020242,0,0.9727805886261096
-1.6688968584235897,0,0.9727805886261096
0.41333193090895093,0,0.9727805886261096
2.1144754386216618,0,0.9727805886261096
3.2907170665383965,0,0.9727805886261096
3.9670664178257526,0,0.9727805886261096
4.2471685486668065,0,0.9727805886261096
4.199365702667293,0,0.9727805886261096
3.8817183433720825,0,0.9727805886261096
3.424226794193063,0,0.9727805886261096
3.027979595330546,0,0.9727805886261096
2.820882710304471,0,0.9727805886261096
2.790009190459413,0,0.9727805886261096
2.856927237929076,0,0.9727805886261096
3.0038738180949784,0,0.9727805886261096
3.288297976743091,0,0.9727805886261096
3.7246322247872055,0,0.9727805886261096
4.224318772855525,0,0.9727805886261096
4.666516646441466,0,0.9727805886261096
4.997246688566726,0,0.9727805886261096
5.19778778047535,0,0.9727805886261096
5.276084442477881,0,0.9727805886261096
5.304858498987141,0,0.9727805886261096
5.292887714330299,1,0.9728100798798206
5.18267935056387,0,0.9728100798798206
4.975250045378604,0,0.9728100798798206
4.692443364183579,0,0.9728100798798206
4.3434490792766125,0,0.9728100798798206
3.9506711872202054,0,0.9728100798798206
3.537666349210484,0,0.9728100798798206
3.0623098789742498,0,0.9728100798798206
2.412339188380721,0,0.9728100798798206
1.4912548252799025,0,0.9728100798798206
0.2416250797831174,0,0.9728100798798206
-1.3466939074360373,0,0.9728100798798206
-3.2259929928004967,0,0.9728100798798206
-5.322794062608686,0,0.9728100798798206
-7.551293106211592,0,0.9728100798798206
-9.786793473050704,0,0.9728100798798206
-11.814105208869336,0,0.9728100798798206
-13.371955041601547,0,0.9728100798798206
-14.24814288687474,0,0.9728100798798206
-14.293010185606592,0,0.9728100798798206
-13.484865864580467,0,0.9728100798798206
-11.932699032306237,0,0.9728100798798206
-9.746623566308687,0,0.9728100798798206
-7.054558010792929,0,0.9728100798798206
-4.140899934932312,0,0.9728100798798206
-1.393950255324733,0,0.9728100798798206
0.9188327498592561,0,0.9728100798798206
2.6938588171028606,0,0.9728100798798206
3.8769935424814967,0,0.9728100798798206
4.45443400256043,0,0.9728100798798206
4.524369935541854,0,0.9728100798798206
4.25591214104219,0,0.9728100798798206
3.802276271944836,0,0.9728100798798206
3.304242841902033,0,0.9728100798798206
2.9137204240679506,0,0.9728100798798206
2.7573364002659786,0,0.9728100798798206
2.8257161325336506,0,0.9728100798798206
2.9993702631919597,0,0.9728100798798206
3.224700941487598,0,0.9728100798798206
3.5505945541340154,0,0.9728100798798206
4.023844844050253,0,0.9728100798798206
4.598893204294265,0,0.9728100798798206
5.135069587439321,0,0.9728100798798206
5.539352486660192,0,0.9728100798798206
5.861606319811797,0,0.9728100798798206
6.1247538891739985,0,0.9728100798798206
6.240229194305984,0,0.9728100798798206
6.1689729810690075,1,0.9729651967358901
5.946448663932424,0,0.9729651967358901
5.5921099112232335,0,0.9729651967358901
5.1377956406864005,0,0.9729651967358901
4.621889063836636,0,0.9729651967358901
4.036518508233203,0,0.9729651967358901
3.396604937082642,0,0.9729651967358901
2.700082994463972,0,0.9729651967358901
1.8461843651524141,0,0.9729651967358901
0.752748211494274,0,0.9729651967358901
-0.6277781545455856,0,0.9729651967358901
-2.384324062735448,0,0.9729651967358901
-4.501860119556479,0,0.9729651967358901
-6.764611234064884,0,0.9729651967358901
-8.929091569263576,0,0.9729651967358901
-10.820047259608158,0,0.9729651967358901
-12.254981491674,0,0.9729651967358901
-12.998898321570046,0,0.9729651967358901
-12.877754767575178,0,0.9729651967358901
-11.899237562318907,0,0.9729651967358901
-10.178412099720797,0,0.9729651967358901
-7.894542183960431,0,0.9729651967358901
-5.345264922663542,0,0.9729651967358901
-2.8461237848951266,0,0.9729651967358901
-0.5917912458658067,0,0.9729651967358901
1.2800435697749382,0,0.9729651967358901
2.6502539092920387,0,0.9729651967358901
3.4807184728958274,0,0.9729651967358901
3.8204576090496207,0,0.9729651967358901
3.801670761769702,0,0.9729651967358901
3.5880902505461836,0,0.9729651967358901
3.3065718383624647,0,0.9729651967358901
3.0311446167901095,0,0.9729651967358901
2.8094171524124305,0,0.9729651967358901
2.699644009203366,0,0.9729651967358901
2.7568528236214873,0,0.9729651967358901
2.9975806269759357,0,0.9729651967358901
3.3983317864277662,0,0.9729651967358901
3.9031266790333423,0,0.9729651967358901
4.4358660111532915,0,0.9729651967358901
4.946672505349647,0,0.9729651967358901
5.414774780313475,0,0.9729651967358901
5.7833345396106255,0,0.9729651967358901
5.948574401663639,0,0.9729651967358901
5.862210556980987,1,0.9726970865712686
5.63126912589388,0,0.9726970865712686
5.425703844790821,0,0.9726970865712686
5.282377539206635,0,0.9726970865712686
5.138154449668966,0,0.9726970865712686
4.92553260619734,0,0.9726970865712686
4.5878014052442895,0,0.9726970865712686
4.1457970275682685,0,0.9726970865712686
3.63642755410577,0,0.9726970865712686
3.022799128139155,0,0.9726970865712686
2.2373835723053106,0,0.9726970865712686
1.2458696303865568,0,0.9726970865712686
0.01882425367587709,0,0.9726970865712686
-1.521524850115763,0,0.9726970865712686
-3.4217006193245916,0,0.9726970865712686
-5.608277682982671,0,0.9726970865712686
-7.918117345616027,0,0.9726970865712686
-10.168606901157691,0,0.9726970865712686
-12.175919754723134,0,0.9726970865712686
-13.71560389827588,0,0.9726970865712686
-14.541539877293374,0,0.9726970865712686
-14.504826849607522,0,0.9726970865712686
-13.563636314460686,0,0.9726970865712686
-11.76601289342732,0,0.9726970865712686
-9.2944992176878,0,0.9726970865712686
-6.420003766575683,0,0.9726970865712686
-3.4655166161951794,0,0.9726970865712686
-0.7320669278611406,0,0.9726970865712686
1.5698261705432712,0,0.9726970865712686
3.305030195942345,0,0.9726970865712686
4.436961703100959,0,0.9726970865712686
4.982077198943238,0,0.9726970865712686
4.986186062571043,0,0.9726970865712686
4.5873508012754405,1,0.9689566823971166
3.990814360032727,0,0.9689566823971166
3.387507652586939,0,0.9689566823971166
2.8907646074184465,0,0.9689566823971166
2.575800533570483,0,0.9689566823971166
2.5384096075165297,0,0.9689566823971166
2.8117571164284954,0,0.9689566823971166
3.312545249865552,0,0.9689566823971166
3.8985941672178352,0,0.9689566823971166
4.417041371067958,0,0.9689566823971166
4.781627017120237,0,0.9689566823971166
5.055185621325275,0,0.9689566823971166
5.332611695182635,0,0.9689566823971166
5.597073626082657,0,0.9689566823971166
5.809770545269953,0,0.9689566823971166
5.9483917335039775,0,0.9689566823971166
5.950793253368201,0,0.9689566823971166
5.793933326704007,0,0.9689566823971166
5.543919779704603,0,0.9689566823971166
5.2351889875361195,0,0.9689566823971166
4.824620052815566,0,0.9689566823971166
4.336769400739557,0,0.9689566823971166
3.8305932670705016,0,0.9689566823971166
3.265054170209463,0,0.9689566823971166
2.604464678991234,0,0.9689566823971166
1.8495576472373152,0,0.9689566823971166
0.9469156682715326,0,0.9689566823971166
-0.16402148201839636,0,0.9689566823971166
-1.5585955709711148,0,0.9689566823971166
-3.358217071996914,0,0.9689566823971166
-5.574429957689244,0,0.9689566823971166
-8.011598041969567,0,0.9689566823971166
-10.384573757972648,0,0.9689566823971166
-12.444455158357293,0,0.9689566823971166
-13.962565813637168,0,0.9689566823971166
-14.731381109723964,0,0.9689566823971166
-14.645454523736564,0,0.9689566823971166
-13.666518911936052,0,0.9689566823971166
-11.866936621914984,0,0.9689566823971166
-9.499070808021362,0,0.9689566823971166
-6.833324560090418,0,0.9689566823971166
-4.083204958008349,0,0.9689566823971166
-1.4830625377148507,0,0.9689566823971166
0.7170567903852012,0,0.9689566823971166
2.330867480278816,0,0.9689566823971166
3.3046310658004585,0,0.9689566823971166
3.7562829506477295,0,0.9689566823971166
3.864380974617389,0,0.9689566823971166
3.730508065166676,0,0.9689566823971166
3.455461297381808,0,0.9689566823971166
3.171371586040144,0,0.9689566823971166
2.946624171495114,0,0.9689566823971166
2.8162953834524926,0,0.9689566823971166
2.829837286936933,0,0.9689566823971166
2.994647970244715,0,0.9689566823971166
3.2891505781036288,0,0.9689566823971166
3.6818752648788937,0,0.9689566823971166
4.09962137269435,0,0.9689566823971166
4.500197409801834,0,0.9689566823971166
4.895946219723836,0,0.9689566823971166
5.2706579594941365,0,0.9689566823971166
5.591198975480239,0,0.9689566823971166
5.833976704186943,0,0.9689566823971166
5.983869989412361,0,0.9689566823971166
6.029990549307352,0,0.9689566823971166
5.941944014996001,1,0.9689566823971166
5.693571946159517,0,0.9689566823971166
5.298663175384713,0,0.9689566823971166
4.823123849289124,0,0.9689566823971166
4.3627899255113896,0,0.9689566823971166
3.965879665257728,0,0.9689566823971166
3.5957060457779058,0,0.9689566823971166
3.209474849741097,0,0.9689566823971166
2.795320971301164,0,0.9689566823971166
2.3094054728504485,0,0.9689566823971166
1.6539924739518543,0,0.9689566823971166
0.7449526638394948,0,0.9689566823971166
-0.42819784181223763,0,0.9689566823971166
-1.8927647331296567,0,0.9689566823971166
-3.736017446383583,0,0.9689566823971166
-5.922854665005746,0,0.9689566823971166
-8.27544642929669,0,0.9689566823971166
-10.616030301537023,0,0.9689566823971166
-12.670368015124629,0,0.9689566823971166
-14.053136434301388,0,0.9689566823971166
-14.52010944676481,0,0.9689566823971166
-14.027997156264613,0,0.9689566823971166
-12.675513280339379,0,0.9689566823971166
-10.668216367350634,0,0.9689566823971166
-8.21718694005942,0,0.9689566823971166
-5.563298489458122,0,0.9689566823971166
-2.992619565442281,0,0.9689566823971166
-0.7541908690568543,0,0.9689566823971166
1.0131480398922839,0,0.9689566823971166
2.3084673750941143,0,0.9689566823971166
3.1426255231804476,0,0.9689566823971166
3.5284921293810485,0,0.9689566823971166
3.554600853591621,0,0.9689566823971166
3.309797545598284,0,0.9689566823971166
2.94249049204124,0,0.9689566823971166
2.655213207234005,0,0.9689566823971166
2.528654843559801,0,0.9689566823971166
2.5540915856392314,0,0.9689566823971166
2.6953123017568803,0,0.9689566823971166
2.922567890429168,0,0.9689566823971166
3.2758481592117428,0,0.9689566823971166
3.772398946563159,0,0.9689566823971166
4.32788684423183,0,0.9689566823971166
4.846466979863274,0,0.9689566823971166
5.284919098045442,0,0.9689566823971166
5.601888531220574,0,0.9689566823971166
5.759143551693646,0,0.9689566823971166
5.778448111777905,0,0.9689566823971166
5.740689471828144,1,0.969256166904465
5.717670535961821,0,0.969256166904465
5.670030431213859,0,0.969256166904465
5.524228622692896,0,0.969256166904465
5.3219842352349005,0,0.969256166904465
5.094630490091749,0,0.969256166904465
4.768332801369394,0,0.969256166904465
4.286039299405098,0,0.969256166904465
3.669595337503797,0,0.969256166904465
3.004281760329436,0,0.969256166904465
2.3839911981482174,0,0.969256166904465
1.8469822282525654,0,0.969256166904465
1.3610923594022646,0,0.969256166904465
0.8211935713762323,0,0.969256166904465
0.07484220025808022,0,0.969256166904465
-0.986106983827733,0,0.969256166904465
-2.396077532017213,0,0.969256166904465
-4.195752904911455,0,0.969256166904465
-6.365765307131387,0,0.969256166904465
-8.708852604503678,0,0.969256166904465
-10.96141278471777,0,0.969256166904465
-12.886639530048383,0,0.969256166904465
-14.254622647414545,0,0.969256166904465
-14.863654502151455,0,0.969256166904465
-14.561859682839273,0,0.969256166904465
-13.32847104397434,0,0.969256166904465
-11.356197244765914,0,0.969256166904465
-8.911937980123012,0,0.969256166904465
-6.208725662092994,0,0.969256166904465
-3.4881643235179913,0,0.969256166904465
-1.016201921912772,0,0.969256166904465
1.0237589211234266,0,0.969256166904465
2.5442652601233426,0,0.969256166904465
3.5347863314848884,0,0.969256166904465
4.044936293342761,0,0.969256166904465
4.145503913385272,0,0.969256166904465
3.9534958095720074,0,0.969256166904465
3.6683682741977193,0,0.969256166904465
3.4905481024128178,0,0.969256166904465
3.5028026959654697,0,0.969256166904465
3.6443317427632187,0,0.969256166904465
3.8178783238181335,0,0.969256166904465
4.004382211641955,0,0.969256166904465
4.2653639697193535,0,0.969256166904465
4.63695413174476,0,0.969256166904465
5.045624168241883,0,0.969256166904465
5.409891263985736,0,0.969256166904465
5.715299854132342,0,0.969256166904465
5.924677633192571,0,0.969256166904465
5.977497409053152,0,0.969256166904465
5.903248882325461,1,0.969587878777804
5.777208475454769,0,0.969587878777804
5.581295778760904,0,0.969587878777804
5.300604447456053,0,0.969587878777804
5.027262196125831,0,0.969587878777804
4.815170386371807,0,0.969587878777804
4.610021503009325,0,0.969587878777804
4.345716683633216,0,0.969587878777804
3.96031904559757,0,0.969587878777804
3.3593069210976645,0,0.969587878777804
2.466524282748126,0,0.969587878777804
1.27703888517637,0,0.969587878777804
-0.21349693214635382,0,0.969587878777804
-2.05406556258622,0,0.969587878777804
-4.248902787584145,0,0.969587878777804
-6.696616715863687,0,0.969587878777804
-9.179768825624697,0,0.969587878777804
-11.421747569270222,0,0.969587878777804
-13.143834133298949,0,0.969587878777804
-14.102999511549566,0,0.969587878777804
-14.18260621037859,0,0.969587878777804
-13.389891786767613,0,0.969587878777804
-11.815027067074553,0,0.969587878777804
-9.632767299345701,0,0.969587878777804
-7.09129120773464,0,0.969587878777804
-4.442922622389448,0,0.969587878777804
-1.9050217131754266,0,0.969587878777804
0.32002540355480485,0,0.969587878777804
2.081490789784091,0,0.969587878777804
3.305311839002404,0,0.969587878777804
4.009423691638634,0,0.969587878777804
4.295094466959083,0,0.969587878777804
4.254094846441482,0,0.969587878777804
3.9398562872698517,0,0.969587878777804
3.469189877741588,0,0.969587878777804
3.0499530400484334,0,0.969587878777804
2.8183453616084955,0,0.969587878777804
2.751009416379645,0,0.969587878777804
2.7970465792401713,0,0.969587878777804
2.951250226548652,0,0.969587878777804
3.1972464921556094,0,0.969587878777804
3.5234800692574524,0,0.969587878777804
3.950263042949795,0,0.969587878777804
4.444238794105344,0,0.969587878777804
4.875439945821503,0,0.969587878777804
5.150289551206285,0,0.969587878777804
5.33958694611629,0,0.969587878777804
5.513568526510001,0,0.969587878777804
5.595064304975858,0,0.969587878777804
5.580326246676536,1,0.9699014365919671
5.558959469510507,0,0.9699014365919671
5.504963982282259,0,0.9699014365919671
5.3273724282251305,0,0.9699014365919671
4.950744355904973,0,0.9699014365919671
4.315955754394777,0,0.9699014365919671
3.4162387171138966,0,0.9699014365919671
2.2535858672591162,0,0.9699014365919671
0.7627439462324423,0,0.9699014365919671
-1.1352458343333174,0,0.9699014365919671
-3.4322785334271213,0,0.9699014365919671
-5.977247627440895,0,0.9699014365919671
-8.490399876094678,0,0.9699014365919671
-10.70147810288889,0,0.9699014365919671
-12.448649084520586,0,0.9699014365919671
-13.560451316508493,0,0.9699014365919671
-13.798435304895117,0,0.9699014365919671
-13.046557450338772,0,0.9699014365919671
-11.395178853775414,0,0.9699014365919671
-9.063033620731442,0,0.9699014365919671
-6.38633617874342,0,0.9699014365919671
-3.7234971813943587,0,0.9699014365919671
-1.3130016806874012,0,0.9699014365919671
0.6967163549584122,0,0.9699014365919671
2.2327037562246024,0,0.9699014365919671
3.2970707951301317,0,0.9699014365919671
3.916965418036633,0,0.9699014365919671
4.159789467902317,0,0.9699014365919671
4.117728868184935,0,0.9699014365919671
3.9019299184509526,0,0.9699014365919671
3.6554429922119946,0,0.9699014365919671
3.45123591190038,0,0.9699014365919671
3.276005420968199,0,0.9699014365919671
3.170434611404771,0,0.9699014365919671
3.219183901851392,0,0.9699014365919671
3.4260407775132253,0,0.9699014365919671
3.7148763728295977,0,0.9699014365919671
4.035019046685202,0,0.9699014365919671
4.412587869022677,0,0.9699014365919671
4.845612103648389,0,0.9699014365919671
5.248049630823706,0,0.9699014365919671
5.557079057772449,0,0.9699014365919671
5.752670785060522,0,0.9699014365919671
5.810728538808198,0,0.9699014365919671
5.734326604061353,1,0.9697979463154858
5.5713959425090485,0,0.9697979463154858
5.372228238068029,0,0.9697979463154858
5.08709181869143,0,0.9697979463154858
4.626384359907222,0,0.9697979463154858
4.037557772892471,0,0.9697979463154858
3.4213894745646836,0,0.9697979463154858
2.809022257386708,0,0.9697979463154858
2.1820729051821224,0,0.9697979463154858
1.4920237053355505,0,0.9697979463154858
0.6634220194305568,0,0.9697979463154858
-0.4039962136810752,0,0.9697979463154858
-1.7908494091176974,0,0.9697979463154858
-3.5222781339469025,0,0.9697979463154858
-5.560266873063539,0,0.9697979463154858
-7.751600711853326,0,0.9697979463154858
-9.859540024810466,0,0.9697979463154858
-11.682951197087947,0,0.9697979463154858
-13.046696109271647,0,0.9697979463154858
-13.782642139430378,0,0.9697979463154858
-13.756756918779766,0,0.9697979463154858
-12.876868262655227,0,0.9697979463154858
-11.16779399604148,0,0.9697979463154858
-8.834613875674762,0,0.9697979463154858
-6.207290213872601,0,0.9697979463154858
-3.611971381491034,0,0.9697979463154858
-1.2847552220361618,0,0.9697979463154858
0.6638559701150434,0,0.9697979463154858
2.2054675481801063,0,0.9697979463154858
3.288590449347198,0,0.9697979463154858
3.856117960441737,0,0.9697979463154858
3.9590732022174517,0,0.9697979463154858
3.773103656117102,0,0.9697979463154858
3.485641496523607,0,0.9697979463154858
3.1879535785805206,0,0.9697979463154858
2.8877968498037365,0,0.9697979463154858
2.626958719575198,0,0.9697979463154858
2.536390718385876,0,0.9697979463154858
2.700643379137019,0,0.9697979463154858
3.053726335714716,0,0.9697979463154858
3.515740705499869,0,0.9697979463154858
4.0643692938580935,0,0.9697979463154858
4.640684711356125,0,0.9697979463154858
5.167675598035084,0,0.9697979463154858
5.573965329255861,0,0.9697979463154858
5.8041923589884705,0,0.9697979463154858
5.852678202732703,0,0.9697979463154858
5.709451072420822,1,0.9700167741996168
5.3983736336437325,0,0.9700167741996168
5.017701988107952,0,0.9700167741996168
4.669751599376025,0,0.9700167741996168
4.408409916003685,0,0.9700167741996168
4.202505990405304,0,0.9700167741996168
3.974193008878969,0,0.9700167741996168
3.6829420846991043,0,0.9700167741996168
3.3419884051114432,0,0.9700167741996168
2.96160881925593,0,0.9700167741996168
2.495194707433415,0,0.9700167741996168
1.8248272614742114,0,0.9700167741996168
0.7830090115451281,0,0.9700167741996168
-0.7327595429400726,0,0.9700167741996168
-2.6738847813414504,0,0.9700167741996168
-4.8935152429522475,0,0.9700167741996168
-7.210911473187342,0,0.9700167741996168
-9.470403498212471,0,0.9700167741996168
-11.519250961142166,0,0.9700167741996168
-13.12026916331008,0,0.9700167741996168
-14.025546628449366,0,0.9700167741996168
-14.08527040267012,0,0.9700167741996168
-13.270162001807343,0,0.9700167741996168
-11.640558314953115,0,0.9700167741996168
-9.371898182299507,0,0.9700167741996168
-6.779973694104049,0,0.9700167741996168
-4.1520913013448375,0,0.9700167741996168
-1.7046965913020848,0,0.9700167741996168
0.36325805134998873,0,0.9700167741996168
1.9367348829559232,0,0.9700167741996168
2.97941542014454,0,0.9700167741996168
3.526952370853361,0,0.9700167741996168
3.6955115433207415,0,0.9700167741996168
3.637241315455346,0,0.9700167741996168
3.4780694630852156,0,0.9700167741996168
3.2716236617152834,0,0.9700167741996168
3.0586767350748,0,0.9700167741996168
2.8975222477503304,0,0.9700167741996168
2.8092458984301305,0,0.9700167741996168
2.8313745455097763,0,0.9700167741996168
3.0054979166733027,0,0.9700167741996168
3.2808787115471234,0,0.9700167741996168
3.6181211376751263,0,0.9700167741996168
4.022673853175568,0,0.9700167741996168
4.448109451378547,0,0.9700167741996168
4.838159626323877,0,0.9700167741996168
5.156186025557252,0,0.9700167741996168
5.353854618556139,0,0.9700167741996168
5.403420179882505,0,0.9700167741996168
5.354172537265409,1,0.970310287583598
5.2919362311039215,0,0.970310287583598
5.250163007400558,0,0.970310287583598
5.192276714457019,0,0.970310287583598
5.0572055878417475,0,0.970310287583598
4.848129659496237,0,0.970310287583598
4.5967374279661355,0,0.970310287583598
4.283738430645195,0,0.970310287583598
3.9141150319968587,0,0.970310287583598
3.47750268990177,0,0.970310287583598
2.86334605131209,0,0.970310287583598
1.9579649698671302,0,0.970310287583598
0.6830906353886343,0,0.970310287583598
-1.0208914915446188,0,0.970310287583598
-3.1321137596928033,0,0.970310287583598
-5.512059174762398,0,0.970310287583598
-7.922799856104366,0,0.970310287583598
-10.126642834656266,0,0.970310287583598
-11.981143571617432,0,0.970310287583598
-13.338478617637241,0,0.970310287583598
-14.00185098853565,0,0.970310287583598
-13.828855396763919,0,0.970310287583598
-12.746502399487346,0,0.970310287583598
-10.808845140280997,0,0.970310287583598
-8.298040818767777,0,0.970310287583598
-5.567164302973578,0,0.970310287583598
-2.8291923274002095,0,0.970310287583598
-0.289748120417434,0,0.970310287583598
1.7797492841043039,0,0.970310287583598
3.2552367521439227,0,0.970310287583598
4.1669202018445795,0,0.970310287583598
4.539710666058259,0,0.970310287583598
4.420279276133516,0,0.970310287583598
3.9677815317176326,0,0.970310287583598
3.3724652285931542,0,0.970310287583598
2.787004879324963,0,0.970310287583598
2.354203684617278,0,0.970310287583598
2.1583298894771206,0,0.970310287583598
2.213156811285662,0,0.970310287583598
2.4909213742061365,0,0.970310287583598
2.9172970042675446,0,0.970310287583598
3.39185278309731,0,0.970310287583598
3.825988221059841,0,0.970310287583598
4.184217980327616,0,0.970310287583598
4.499029522047044,0,0.970310287583598
4.828444346564808,0,0.970310287583598
5.191873113121091,0,0.970310287583598
5.535145416984909,0,0.970310287583598
5.772910065524808,0,0.970310287583598
5.886162109981152,0,0.970310287583598
5.909559543385534,0,0.970310287583598
5.799530188325331,1,0.9705771473489088
5.445291484782786,0,0.9705771473489088
4.854117180752521,0,0.9705771473489088
4.165095110690013,0,0.9705771473489088
3.460156591242359,0,0.9705771473489088
2.7415973419458104,0,0.9705771473489088
2.055628206194825,0,0.9705771473489088
1.4377785407415968,0,0.9705771473489088
0.802612499229904,0,0.9705771473489088
0.022653054981923992,0,0.9705771473489088
-0.9698373698343905,0,0.9705771473489088
-2.2043895193575906,0,0.9705771473489088
-3.7065704915468336,0,0.9705771473489088
-5.501029091732999,0,0.9705771473489088
-7.534232403415088,0,0.9705771473489088
-9.600498502311082,0,0.9705771473489088
-11.488804128273376,0,0.9705771473489088
-13.034319207738143,0,0.9705771473489088
-13.982968496760646,0,0.9705771473489088
-14.065400555106763,0,0.9705771473489088
-13.171323404718542,0,0.9705771473489088
-11.393254076133397,0,0.9705771473489088
-8.950932970263459,0,0.9705771473489088
-6.1398330146697555,0,0.9705771473489088
-3.3220758452958172,0,0.9705771473489088
-0.8092878628205077,0,0.9705771473489088
1.2160511610267482,0,0.9705771473489088
2.6895603977531986,0,0.9705771473489088
3.6351624196616363,0,0.9705771473489088
4.112129097353011,0,0.9705771473489088
4.194721229960016,0,0.9705771473489088
3.9559378564258796,0,0.9705771473489088
3.510610804624624,0,0.9705771473489088
3.026165938341149,0,0.9705771473489088
2.6309822730181924,0,0.9705771473489088
2.416572542551993,0,0.9705771473489088
2.4318356509994423,0,0.9705771473489088
2.652133005041537,0,0.9705771473489088
3.053331383542014,0,0.9705771473489088
3.579955480935745,0,0.9705771473489088
4.131341840731661,0,0.9705771473489088
4.68362358662727,0,0.9705771473489088
5.195859297718595,0,0.9705771473489088
5.573938444948415,0,0.9705771473489088
5.816962651211425,0,0.9705771473489088
5.924482704946387,0,0.9705771473489088
5.883612021741083,1,0.9707015932162539
5.761993262956348,0,0.9707015932162539
5.604596987478754,0,0.9707015932162539
5.402377323138255,0,0.9707015932162539
5.122714015344883,0,0.9707015932162539
4.757606747666723,0,0.9707015932162539
4.371693857086466,0,0.9707015932162539
4.007905162179013,0,0.9707015932162539
3.6351348612548087,0,0.9707015932162539
3.1905923015839357,0,0.9707015932162539
2.5998176115235285,0,0.9707015932162539
1.796018259287848,0,0.9707015932162539
0.7741806816643878,0,0.9707015932162539
-0.4120096596849571,0,0.9707015932162539
-1.7424224054127588,0,0.9707015932162539
-3.261280588141535,0,0.9707015932162539
-5.0282959990465885,0,0.9707015932162539
-7.011295241375316,0,0.9707015932162539
-9.043574434963206,0,0.9707015932162539
-10.93485520666893,0,0.9707015932162539
-12.483001079676335,0,0.9707015932162539
-13.448719009929972,0,0.9707015932162539
-13.658286886071922,0,0.9707015932162539
-13.051450563078888,0,0.9707015932162539
-11.67893981406762,0,0.9707015932162539
-9.685777060241257,0,0.9707015932162539
-7.273490916690552,0,0.9707015932162539
-4.713297636152189,0,0.9707015932162539
-2.288821528007036,0,0.9707015932162539
-0.18763628196707166,0,0.9707015932162539
1.4978140936887905,0,0.9707015932162539
2.6816827248739927,0,0.9707015932162539
3.3195495813656124,0,0.9707015932162539
3.5281970178495796,0,0.9707015932162539
3.452700374146071,0,0.9707015932162539
3.166359437183929,0,0.9707015932162539
2.8131658629783343,0,0.9707015932162539
2.602620611236668,0,0.9707015932162539
2.62965075596325,0,0.9707015932162539
2.813543401238047,0,0.9707015932162539
3.0380344093288167,0,0.9707015932162539
3.2798134902125105,0,0.9707015932162539
3.617206577419342,0,0.9707015932162539
4.132475615270633,0,0.9707015932162539
4.798340726044428,0,0.9707015932162539
5.504116179346631,0,0.9707015932162539
6.100036324118138,0,0.9707015932162539
6.444737853031966,0,0.9707015932162539
6.524658672905065,0,0.9707015932162539
6.43608142327127,1,0.970972753691842
6.237534272862906,0,0.970972753691842
5.889981734256316,0,0.970972753691842
5.37222526792396,0,0.970972753691842
4.786699949020157,0,0.970972753691842
4.231387262931397,0,0.970972753691842
3.724946934810088,0,0.970972753691842
3.296771142198639,0,0.970972753691842
2.9522059720074028,0,0.970972753691842
2.61436441914193,0,0.970972753691842
2.197292045790131,0,0.970972753691842
1.6695575250433825,0,0.970972753691842
0.9947708509529354,0,0.970972753691842
0.05102658714884917,0,0.970972753691842
-1.2874732961254276,0,0.970972753691842
-3.0000783358766547,0,0.970972753691842
-4.955189560677656,0,0.970972753691842
-7.066536179394708,0,0.970972753691842
-9.258543518076133,0,0.970972753691842
-11.306463731043365,0,0.970972753691842
-12.911443599666564,0,0.970972753691842
-13.861757200936061,0,0.970972753691842
-13.9884327614382,0,0.970972753691842
-13.18005847539028,0,0.970972753691842
-11.516727263133095,0,0.970972753691842
-9.219276507729617,0,0.970972753691842
-6.528607771535861,0,0.970972753691842
-3.7337443695976633,0,0.970972753691842
-1.180657714807372,0,0.970972753691842
0.8758613699782793,0,0.970972753691842
2.3316649719549027,0,0.970972753691842
3.177444324308966,0,0.970972753691842
3.5103672496378477,0,0.970972753691842
3.501022289647073,0,0.970972753691842
3.3333419321871993,0,0.970972753691842
3.1403012962812444,0,0.970972753691842
2.94006261812386,0,0.970972753691842
2.751164299849745,0,0.970972753691842
2.648646217529242,0,0.970972753691842
2.651745208992245,0,0.970972753691842
2.771652889699034,0,0.970972753691842
3.0502698114339455,0,0.970972753691842
3.4708700962689187,0,0.970972753691842
3.9717753132416407,0,0.970972753691842
4.46326613120006,0,0.970972753691842
4.852150054188282,0,0.970972753691842
5.136667250273536,0,0.970972753691842
5.373901173814793,0,0.970972753691842
5.561988777823466,0,0.970972753691842
5.666748968757061,0,0.970972753691842
5.71198092242338,0,0.970972753691842
5.711762243347298,1,0.9712166905895575
5.593761516850286,0,0.9712166905895575
5.289699826348969,0,0.9712166905895575
4.823566485714763,0,0.9712166905895575
4.296614443613105,0,0.9712166905895575
3.7774945267737343,0,0.9712166905895575
3.240317778383556,0,0.9712166905895575
2.6439220208854533,0,0.9712166905895575
1.9484035027470135,0,0.9712166905895575
1.0828673793842567,0,0.9712166905895575
-0.023896914762430554,0,0.9712166905895575
-1.3789935625322154,0,0.9712166905895575
-2.953977419091231,0,0.9712166905895575
-4.762157018947869,0,0.9712166905895575
-6.769222028018115,0,0.9712166905895575
-8.843061397604485,0,0.9712166905895575
-10.811107774563771,0,0.9712166905895575
-12.46109550442683,0,0.9712166905895575
-13.553351049611726,0,0.9712166905895575
-13.85824974815697,0,0.9712166905895575
-13.24449275988934,0,0.9712166905895575
-11.766095571824266,0,0.9712166905895575
-9.620283812613051,0,0.9712166905895575
-7.044130357909403,0,0.9712166905895575
-4.295197888916823,0,0.9712166905895575
-1.6649402332132168,0,0.9712166905895575
0.6110632843250856,0,0.9712166905895575
2.4064525183687984,0,0.9712166905895575
3.6568421284660784,0,0.9712166905895575
4.351201534020424,0,0.9712166905895575
4.570598272729671,0,0.9712166905895575
4.471776363707585,0,0.9712166905895575
4.187144148062517,0,0.9712166905895575
3.8054362249453684,0,0.9712166905895575
3.4443337150352042,0,0.9712166905895575
3.2095653670762805,0,0.9712166905895575
3.152949668334206,0,0.9712166905895575
3.3040427051791097,0,0.9712166905895575
3.595897638018474,0,0.9712166905895575
3.9247342220203985,0,0.9712166905895575
4.295712245195296,0,0.9712166905895575
4.73287589160764,0,0.9712166905895575
5.2080941502886,0,0.9712166905895575
5.657549084014618,0,0.9712166905895575
5.995042901839858,0,0.9712166905895575
6.15902260529429,0,0.9712166905895575
6.139629556269474,1,0.9713289610583459
5.980329340836642,0,0.9713289610583459
5.729244614133555,0,0.9713289610583459
5.404834348170048,0,0.9713289610583459
5.021318800701785,0,0.9713289610583459
4.5822938399872495,0,0.9713289610583459
4.064892066813678,0,0.9713289610583459
3.4961579238629112,0,0.9713289610583459
2.996249647624546,0,0.9713289610583459
2.624629709192288,0,0.9713289610583459
2.322220935716928,0,0.9713289610583459
2.0474469374987687,0,0.9713289610583459
1.7565297401659805,0,0.9713289610583459
1.3429029493350306,0,0.9713289610583459
0.7065207499273863,0,0.9713289610583459
-0.20562105458095,0,0.9713289610583459
-1.423856128512268,0,0.9713289610583459
-3.023010160298662,0,0.9713289610583459
-5.078956075464889,0,0.9713289610583459
-7.476845147906347,0,0.9713289610583459
-9.920957615538626,0,0.9713289610583459
-12.13138346362461,0,0.9713289610583459
-13.856006571657435,0,0.9713289610583459
-14.818372003556497,0,0.9713289610583459
-14.801809833433538,0,0.9713289610583459
-13.78851050494189,0,0.9713289610583459
-11.963910603623818,0,0.9713289610583459
-9.550812369410087,0,0.9713289610583459
-6.802451887906809,0,0.9713289610583459
-4.032503039788251,0,0.9713289610583459
-1.5064918614198302,0,0.9713289610583459
0.5793758484812405,0,0.9713289610583459
2.1165920207238322,0,0.9713289610583459
3.0959849562856214,0,0.9713289610583459
3.562056292970997,0,0.9713289610583459
3.60035190191146,0,0.9713289610583459
3.3227618610436798,0,0.9713289610583459
2.8772876638435383,0,0.9713289610583459
2.4287567367485945,0,0.9713289610583459
2.1212825910712354,0,0.9713289610583459
2.0567285873123438,0,0.9713289610583459
2.2100567487413625,0,0.9713289610583459
2.4829894050417445,0,0.9713289610583459
2.8487376893769345,0,0.9713289610583459
3.3161304746083036,0,0.9713289610583459
3.884925979591865,0,0.9713289610583459
4.5061316915666545,0,0.9713289610583459
5.048365557625248,0,0.9713289610583459
5.4473777072928495,0,0.9713289610583459
5.742149424295279,0,0.9713289610583459
5.955498015627758,0,0.9713289610583459
6.06055283899719,0,0.9713289610583459
5.9981960704542345,1,0.9715154098540791
5.789160279012304,0,0.9715154098540791
5.5516248295066895,0,0.9715154098540791
5.348938016796112,0,0.9715154098540791
5.138974022239492,0,0.9715154098540791
4.836779968657482,0,0.9715154098540791
4.443671773382822,0,0.9715154098540791
4.035053123695814,0,0.9715154098540791
3.62381666578422,0,0.9715154098540791
3.212766751374006,0,0.9715154098540791
2.772624489198203,0,0.9715154098540791
2.1883172166259706,0,0.9715154098540791
1.4237423890012948,0,0.9715154098540791
0.49164793616575875,0,0.9715154098540791
-0.6799985607381072,0,0.9715154098540791
-2.1596019593387816,0,0.9715154098540791
-3.9511000534795224,0,0.9715154098540791
-5.970404604693831,0,0.9715154098540791
-8.067602866561447,0,0.9715154098540791
-10.14111689608975,0,0.9715154098540791
-12.071631439152606,0,0.9715154098540791
-13.619151113869137,0,0.9715154098540791
-14.501846890345846,0,0.9715154098540791
-14.514499829820709,0,0.9715154098540791
-13.608213162192316,0,0.9715154098540791
-11.886420845510461,0,0.9715154098540791
-9.554034642465613,0,0.9715154098540791
-6.886082892835151,0,0.9715154098540791
-4.196440545027106,0,0.9715154098540791
-1.762519059467445,0,0.9715154098540791
0.2926274374800297,0,0.9715154098540791
1.9430601507263152,0,0.9715154098540791
3.1486283110163105,0,0.9715154098540791
3.920587524037054,0,0.9715154098540791
4.311410518501547,0,0.9715154098540791
4.374849199180685,0,0.9715154098540791
4.2029401925123535,0,0.9715154098540791
3.9031902308848156,0,0.9715154098540791
3.583387732383735,0,0.9715154098540791
3.342348906281654,0,0.9715154098540791
3.207345733745322,0,0.9715154098540791
3.1089242958866805,0,0.9715154098540791
3.0289472936216244,0,0.9715154098540791
3.1105146434874986,0,0.9715154098540791
3.460402706430561,0,0.9715154098540791
4.013444712912885,0,0.9715154098540791
4.654432625672483,0,0.9715154098540791
5.276730331240862,0,0.9715154098540791
5.780857779959469,0,0.9715154098540791
6.086606815434544,0,0.9715154098540791
6.153356290211848,0,0.9715154098540791
6.042286240184584,1,0.9717418277260859
5.844388506789454,0,0.9717418277260859
5.573582192759755,0,0.9717418277260859
5.23909544213776,0,0.9717418277260859
4.902923724512349,0,0.9717418277260859
4.589647157583112,0,0.9717418277260859
4.232264133937086,0,0.9717418277260859
3.777451334204617,0,0.9717418277260859
3.2791445412254316,0,0.9717418277260859
2.8403832653842414,0,0.9717418277260859
2.4774937213594788,0,0.9717418277260859
2.1131294923938833,0,0.9717418277260859
1.7198877659702607,0,0.9717418277260859
1.3028383046969847,0,0.9717418277260859
0.7761045652411318,0,0.9717418277260859
-0.0019795012062883977,0,0.9717418277260859
-1.1075223005793318,0,0.9717418277260859
-2.5220500528759615,0,0.9717418277260859
-4.2303192177121485,0,0.9717418277260859
-6.251148411001406,0,0.9717418277260859
-8.518318421130795,0,0.9717418277260859
-10.789079725021567,0,0.9717418277260859
-12.763315096384623,0,0.9717418277260859
-14.235796101121206,0,0.9717418277260859
-15.01760854851992,0,0.9717418277260859
-14.903074648802138,0,0.9717418277260859
-13.839837275997406,0,0.9717418277260859
-11.990542498915616,0,0.9717418277260859
-9.618984522699376,0,0.9717418277260859
-6.983470900035563,0,0.9717418277260859
-4.292667603477404,0,0.9717418277260859
-1.7547393518557326,0,0.9717418277260859
0.3855832307924074,0,0.9717418277260859
1.9674368821962838,0,0.9717418277260859
2.9762274976144436,0,0.9717418277260859
3.49460325405972,0,0.9717418277260859
3.6826077037402216,0,0.9717418277260859
3.693190503602101,0,0.9717418277260859
3.5912483596863467,0,0.9717418277260859
3.410510381046886,0,0.9717418277260859
3.2018398688321623,0,0.9717418277260859
3.046732939293031,0,0.9717418277260859
3.053782530221989,0,0.9717418277260859
3.2632008163581196,0,0.9717418277260859
3.637777396616679,0,0.9717418277260859
4.131438897754536,0,0.9717418277260859
4.65684900300776,0,0.9717418277260859
5.095934090164045,0,0.9717418277260859
5.390401829074268,0,0.9717418277260859
5.548773771097688,0,0.9717418277260859
5.586839185262556,0,0.9717418277260859
5.509619249699089,1,0.9719630460992392
5.334055478787824,0,0.9719630460992392
5.069708341126338,0,0.9719630460992392
4.7377263646690935,0,0.9719630460992392
4.441170488989637,0,0.9719630460992392
4.235815039427963,0,0.9719630460992392
4.043503994487317,0,0.9719630460992392
3.8264299296483206,0,0.9719630460992392
3.617712143941816,0,0.9719630460992392
3.414289860129605,0,0.9719630460992392
3.186117193925931,0,0.9719630460992392
2.932641374513391,0,0.9719630460992392
2.6810765010822855,0,0.9719630460992392
2.4320232733480918,0,0.9719630460992392
2.096176669779282,0,0.9719630460992392
1.496532974914638,0,0.9719630460992392
0.49212692533730373,0,0.9719630460992392
-0.9256463068513668,0,0.9719630460992392
-2.685008956724729,0,0.9719630460992392
-4.750046472925064,0,0.9719630460992392
-7.094907145751481,0,0.9719630460992392
-9.521557557364693,0,0.9719630460992392
-11.686605989659096,0,0.9719630460992392
-13.32881298861215,0,0.9719630460992392
-14.279504636368978,0,0.9719630460992392
-14.359311183726343,0,0.9719630460992392
-13.47640314249384,0,0.9719630460992392
-11.742085089072948,0,0.9719630460992392
-9.38820492337344,0,0.9719630460992392
-6.675665585890637,0,0.9719630460992392
-3.9059581017128377,0,0.9719630460992392
-1.3528990675538477,0,0.9719630460992392
0.8411841021713837,0,0.9719630460992392
2.60456281966442,0,0.9719630460992392
3.8524010983540746,0,0.9719630460992392
4.5597853684889245,0,0.9719630460992392
4.818218753006357,0,0.9719630460992392
4.722132571347824,0,0.9719630460992392
4.341424284827085,0,0.9719630460992392
3.805920769450153,0,0.9719630460992392
3.2648838051249047,0,0.9719630460992392
2.84825422249627,0,0.9719630460992392
2.638059320409835,0,0.9719630460992392
2.635264008697641,0,0.9719630460992392
2.8288312707431214,0,0.9719630460992392
3.219959762233429,0,0.9719630460992392
3.7562093530051226,0,0.9719630460992392
4.3436237536011655,0,0.9719630460992392
4.928822003621792,0,0.9719630460992392
5.47646919638943,0,0.9719630460992392
5.9129478974224154,0,0.9719630460992392
6.194212955874972,0,0.9719630460992392
6.335475640836824,0,0.9719630460992392
6.322260104723569,1,0.9720760894244008
6.112923715765153,0,0.9720760894244008
5.710645975993305,0,0.9720760894244008
5.200526244082158,0,0.9720760894244008
4.698373169349535,0,0.9720760894244008
4.223191629284095,0,0.9720760894244008
3.7546346190002957,0,0.9720760894244008
3.3213407121799,0,0.9720760894244008
2.9174499164144683,0,0.9720760894244008
2.5001033646698048,0,0.9720760894244008
1.9962571758157786,0,0.9720760894244008
1.307071643939158,0,0.9720760894244008
0.3843831270238609,0,0.9720760894244008
-0.8336804198737616,0,0.9720760894244008
-2.3993352963927816,0,0.9720760894244008
-4.260521411933374,0,0.9720760894244008
-6.367339087677395,0,0.9720760894244008
-8.615139066144573,0,0.9720760894244008
-10.76805265197068,0,0.9720760894244008
-12.637448976102503,0,0.9720760894244008
-14.056173416929411,0,0.9720760894244008
-14.771824690629616,0,0.9720760894244008
-14.567120619655824,0,0.9720760894244008
-13.402173434696255,0,0.9720760894244008
-11.427796953575408,0,0.9720760894244008
-8.87697283197778,0,0.9720760894244008
-6.066264979394665,0,0.9720760894244008
-3.38402655698271,0,0.9720760894244008
-1.061351674997746,0,0.9720760894244008
0.8763744737001562,0,0.9720760894244008
2.4161223091293325,0,0.9720760894244008
3.508677744214476,0,0.9720760894244008
4.132749017204801,0,0.9720760894244008
4.338511407491646,0,0.9720760894244008
4.237443816910261,0,0.9720760894244008
3.899087020346566,0,0.9720760894244008
3.40022295935951,0,0.9720760894244008
2.9290418866812824,0,0.9720760894244008
2.64269539077118,0,0.9720760894244008
2.5478096255599634,0,0.9720760894244008
2.598310892896102,0,0.9720760894244008
2.803070590474846,0,0.9720760894244008
3.1834471806160627,0,0.9720760894244008
3.6854120848870604,0,0.9720760894244008
4.236551165403729,0,0.9720760894244008
4.802629594110367,0,0.9720760894244008
5.342882271011336,0,0.9720760894244008
5.822105660385197,0,0.9720760894244008
6.201526446660325,0,0.9720760894244008
6.428654813286549,0,0.9720760894244008
6.489806542182118,0,0.9720760894244008
6.386706887905723,1,0.9752524238177062
6.14287376931986,0,0.9752524238177062
5.8179440669153575,0,0.9752524238177062
5.42809983983383,0,0.9752524238177062
4.988918918697681,0,0.9752524238177062
4.555471078588601,0,0.9752524238177062
4.11692750122126,0,0.9752524238177062
3.5992881704831245,0,0.9752524238177062
2.9350804161754103,0,0.9752524238177062
2.1409300603493566,0,0.9752524238177062
1.347400246773956,0,0.9752524238177062
0.6022841078533756,0,0.9752524238177062
-0.22458620724825154,0,0.9752524238177062
-1.2643464296022606,0,0.9752524238177062
-2.581899463104933,0,0.9752524238177062
-4.236533631283321,0,0.9752524238177062
-6.202974753890387,0,0.9752524238177062
-8.317337120987968,0,0.9752524238177062
-10.391575886342933,0,0.9752524238177062
-12.247905694669457,0,0.9752524238177062
-13.652709982493034,0,0.9752524238177062
-14.332541931983355,0,0.9752524238177062
-14.120907306518601,0,0.9752524238177062
-13.055172268922215,0,0.9752524238177062
-11.252747885370923,0,0.9752524238177062
-8.873068520439189,0,0.9752524238177062
-6.227587659361619,0,0.9752524238177062
-3.6604794932513625,0,0.9752524238177062
-1.3437426287193732,0,0.9752524238177062
0.6472391593785263,0,0.9752524238177062
2.18251443902406,0,0.9752524238177062
3.1691463526817034,0,0.9752524238177062
3.665924092955302,0,0.9752524238177062
3.815772313202329,0,0.9752524238177062
3.733372123227478,0,0.9752524238177062
3.5044908517134403,0,0.9752524238177062
3.2263467688959855,0,0.9752524238177062
2.978939895005004,0,0.9752524238177062
2.831989899660819,0,0.9752524238177062
2.8265332675374615,0,0.9752524238177062
2.953663608515825,0,0.9752524238177062
3.207064991481152,0,0.9752524238177062
3.557328225265192,0,0.9752524238177062
3.9315362445340667,0,0.9752524238177062
4.287279358484103,0,0.9752524238177062
4.640121500337825,0,0.9752524238177062
4.9955966378326995,0,0.9752524238177062
5.331337320674251,0,0.9752524238177062
5.641442247503932,0,0.9752524238177062
5.891401362787245,0,0.9752524238177062
5.999858683613731,0,0.9752524238177062
5.919916169829606,1,0.9752910759483445
5.682147294369958,0,0.9752910759483445
5.369918964309708,0,0.9752910759483445
5.0263184449192115,0,0.9752910759483445
4.618577819331301,0,0.9752910759483445
4.146874797036146,0,0.9752910759483445
3.666486290444766,0,0.9752910759483445
3.188049869481458,0,0.9752910759483445
2.708297894241071,0,0.9752910759483445
2.2646664053642436,0,0.9752910759483445
1.8375077561164703,0,0.9752910759483445
1.3530350936537703,0,0.9752910759483445
0.7708149978103461,0,0.9752910759483445
0.04127354191419598,0,0.9752910759483445
-0.9045823280606848,0,0.9752910759483445
-2.108272139670435,0,0.9752910759483445
-3.6026706467764136,0,0.9752910759483445
-5.4238220953121,0,0.9752910759483445
-7.532335149452518,0,0.9752910759483445
-9.736825277432542,0,0.9752910759483445
-11.757272071033569,0,0.9752910759483445
-13.346738519816475,0,0.9752910759483445
-14.332954219344126,0,0.9752910759483445
-14.574244277923311,0,0.9752910759483445
-13.947117721117667,0,0.9752910759483445
-12.425558916401377,0,0.9752910759483445
-10.191665048406136,0,0.9752910759483445
-7.610440268306306,0,0.9752910759483445
-5.0235992464649355,0,0.9752910759483445
-2.6347937033411415,0,0.9752910759483445
-0.5202617449929222,0,0.9752910759483445
1.2728240687553731,0,0.9752910759483445
2.659101238880211,0,0.9752910759483445
3.597646387462962,0,0.9752910759483445
4.081593955385172,0,0.9752910759483445
4.146975475214129,0,0.9752910759483445
3.9409574009980646,0,0.9752910759483445
3.651214257205796,0,0.9752910759483445
3.3978359950152277,0,0.9752910759483445
3.2021195834565677,0,0.9752910759483445
3.0904631976859944,0,0.9752910759483445
3.136561010719059,0,0.9752910759483445
3.364446442855325,0,0.9752910759483445
3.7609821895914997,0,0.9752910759483445
4.277798576945749,0,0.9752910759483445
4.801455461161405,0,0.9752910759483445
5.271551028917726,0,0.9752910759483445
5.71380239421412,0,0.9752910759483445
6.123946798191026,0,0.9752910759483445
6.434072160759912,0,0.9752910759483445
6.559844837140133,0,0.9752910759483445
6.464796378871825,1,0.9752625603809136
6.2098651441357635,0,0.9752625603809136
5.8898603508028415,0,0.9752625603809136
5.564068617459274,0,0.9752625603809136
5.247004031361107,0,0.9752625603809136
4.915301399347038,0,0.9752625603809136
4.56329288327596,0,0.9752625603809136
4.177764646187308,0,0.9752625603809136
3.710225634045238,0,0.9752625603809136
3.166804930774251,0,0.9752625603809136
2.5745620367135396,0,0.9752625603809136
1.859728821237167,0,0.9752625603809136
0.900545514353866,0,0.9752625603809136
-0.3607189896893093,0,0.9752625603809136
-1.9132234500000804,0,0.9752625603809136
-3.7553633397654194,0,0.9752625603809136
-5.8808209108954195,0,0.9752625603809136
-8.148144872292557,0,0.9752625603809136
-10.339398633702261,0,0.9752625603809136
-12.282243378066996,0,0.9752625603809136
-13.80004052844857,0,0.9752625603809136
-14.690791164397023,0,0.9752625603809136
-14.747659205672589,0,0.9752625603809136
-13.826145655645423,0,0.9752625603809136
-11.996494109392284,0,0.9752625603809136
-9.518741974158765,0,0.9752625603809136
-6.7195116572400515,0,0.9752625603809136
-3.9540922008081996,0,0.9752625603809136
-1.4935252819443887,0,0.9752625603809136
0.559054680927076,0,0.9752625603809136
2.167464955620729,0,0.9752625603809136
3.299196143480396,0,0.9752625603809136
3.9803713725193908,0,0.9752625603809136
4.288234597448988,0,0.9752625603809136
4.304001253389225,0,0.9752625603809136
4.105720690185568,0,0.9752625603809136
3.785834282789565,0,0.9752625603809136
3.451852978352345,0,0.9752625603809136
3.2065938735535267,0,0.9752625603809136
3.1228835725366815,0,0.9752625603809136
3.1849267167011317,0,0.9752625603809136
3.3444635966854306,0,0.9752625603809136
3.604271072843594,0,0.9752625603809136
3.956778548282078,0,0.9752625603809136
4.35321143593267,0,0.9752625603809136
4.7270853717531915,0,0.9752625603809136
5.0235678055741415,0,0.9752625603809136
5.221622590036737,0,0.9752625603809136
5.337068459885478,0,0.9752625603809136
5.416629917427543,0,0.9752625603809136
5.477378568985257,0,0.9752625603809136
5.473837146731699,1,0.9753143715941529
5.345541821392833,0,0.9753143715941529
5.120064453639306,0,0.9753143715941529
4.923029868794002,0,0.9753143715941529
4.779582695078528,0,0.9753143715941529
4.540400365156529,0,0.9753143715941529
4.124500839359223,0,0.9753143715941529
3.6241425510880734,0,0.9753143715941529
3.1037764036675415,0,0.9753143715941529
2.5557338184721687,0,0.9753143715941529
2.0062648884097407,0,0.9753143715941529
1.45522659048429,0,0.9753143715941529
0.8002335676555874,0,0.9753143715941529
-0.07199843114055932,0,0.9753143715941529
-1.1914693995015575,0,0.9753143715941529
-2.5946931873395904,0,0.9753143715941529
-4.385369114276863,0,0.9753143715941529
-6.564514002094788,0,0.9753143715941529
-8.949644884742321,0,0.9753143715941529
-11.27598372751361,0,0.9753143715941529
-13.228113684801896,0,0.9753143715941529
-14.50344291186819,0,0.9753143715941529
-14.923271480493947,0,0.9753143715941529
-14.429555166821117,0,0.9753143715941529
-13.088878779630921,0,0.9753143715941529
-11.092156927444437,0,0.9753143715941529
-8.655723849090158,0,0.9753143715941529
-5.9789151439071535,0,0.9753143715941529
-3.274695073102159,0,0.9753143715941529
-0.7690635760538852,0,0.9753143715941529
1.301648702157584,0,0.9753143715941529
2.7473553518706093,0,0.9753143715941529
3.578870391371154,0,0.9753143715941529
3.984025524450795,0,0.9753143715941529
4.0954584741275,0,0.9753143715941529
3.977904172560305,0,0.9753143715941529
3.7269007016899267,0,0.9753143715941529
3.3966213562998906,0,0.9753143715941529
3.0378683613001245,0,0.9753143715941529
2.7935320324926654,0,0.9753143715941529
2.7765207907474663,0,0.9753143715941529
2.9510926139375693,0,0.9753143715941529
3.2401320333607746,0,0.9753143715941529
3.6226455458381377,0,0.9753143715941529
4.079592375635713,0,0.9753143715941529
4.572911477982919,0,0.9753143715941529
5.05756300193525,0,0.9753143715941529
5.506785338956429,0,0.9753143715941529
5.893703250000862,0,0.9753143715941529
6.1428151719830675,0,0.9753143715941529
6.199052421021562,0,0.9753143715941529
6.075227198074074,1,0.9755387213279181
5.83934509711121,0,0.9755387213279181
5.579707853902467,0,0.9755387213279181
5.320899007253491,0,0.9755387213279181
4.997084915313028,0,0.9755387213279181
4.520580440098081,0,0.9755387213279181
3.9107103956008915,0,0.9755387213279181
3.2794943701542105,0,0.9755387213279181
2.6352562960891235,0,0.9755387213279181
1.9270616088881642,0,0.9755387213279181
1.2050955569260435,0,0.9755387213279181
0.47848024418624174,0,0.9755387213279181
-0.3652922481153914,0,0.9755387213279181
-1.4535461785330115,0,0.9755387213279181
-2.9133937122504525,0,0.9755387213279181
-4.797320044056157,0,0.9755387213279181
-7.020862492373311,0,0.9755387213279181
-9.381542282594026,0,0.9755387213279181
-11.517883962761676,0,0.9755387213279181
-13.087081632269557,0,0.9755387213279181
-13.956702630238016,0,0.9755387213279181
-14.091723082203227,0,0.9755387213279181
-13.460874294886437,0,0.9755387213279181
-12.005247329164638,0,0.9755387213279181
-9.779270258107081,0,0.9755387213279181
-7.136820992582141,0,0.9755387213279181
-4.467202751911664,0,0.9755387213279181
-1.9476850485888375,0,0.9755387213279181
0.30389132738114055,0,0.9755387213279181
2.1311897481877886,0,0.9755387213279181
3.410635284860046,0,0.9755387213279181
4.109131321472501,0,0.9755387213279181
4.284308674493935,0,0.9755387213279181
4.075910388034065,0,0.9755387213279181
3.6806525723142065,0,0.9755387213279181
3.2651666455107864,0,0.9755387213279181
2.9423315698151606,0,0.9755387213279181
2.786993122108445,0,0.9755387213279181
2.7966910611111566,0,0.9755387213279181
2.9357821154745416,0,0.9755387213279181
3.197066718712873,0,0.9755387213279181
3.5671710702083153,0,0.9755387213279181
4.011874971638868,0,0.9755387213279181
4.489462801862777,0,0.9755387213279181
4.945728652712545,0,0.9755387213279181
5.319041839372756,0,0.9755387213279181
5.55049438652576,0,0.9755387213279181
5.624917966973389,0,0.9755387213279181
5.599990093866619,1,0.9755903052825364
5.510410985202092,0,0.9755903052825364
5.328431145007069,0,0.9755903052825364
5.066656086995234,0,0.9755903052825364
4.782019633106749,0,0.9755903052825364
4.449930624021785,0,0.9755903052825364
3.9687756336446447,0,0.9755903052825364
3.275773394251761,0,0.9755903052825364
2.3589018374724056,0,0.9755903052825364
1.2129421165769974,0,0.9755903052825364
-0.2058061950703328,0,0.9755903052825364
-1.9800139326913153,0,0.9755903052825364
-4.127804256146134,0,0.9755903052825364
-6.50540662438865,0,0.9755903052825364
-8.857133614947797,0,0.9755903052825364
-10.922716297353388,0,0.9755903052825364
-12.46412217311646,0,0.9755903052825364
-13.258169945412307,0,0.9755903052825364
-13.189915216412912,0,0.9755903052825364
-12.32460550223888,0,0.9755903052825364
-10.767493670926296,0,0.9755903052825364
-8.593491822645689,0,0.9755903052825364
-5.963823698131384,0,0.9755903052825364
-3.179815108527889,0,0.9755903052825364
-0.5881212148135968,0,0.9755903052825364
1.575157570242256,0,0.9755903052825364
3.2324857533597315,0,0.9755903052825364
4.361189436884703,0,0.9755903052825364
4.939440683469762,0,0.9755903052825364
4.981098766055808,0,0.9755903052825364
4.585923692498347,0,0.9755903052825364
4.027029615973424,0,0.9755903052825364
3.5738448063969694,0,0.9755903052825364
3.2278712750799934,0,0.9755903052825364
2.9461783616038923,0,0.9755903052825364
2.8531176066481083,0,0.9755903052825364
3.0268849865247405,0,0.9755903052825364
3.3873882562716853,0,0.9755903052825364
3.811229358231322,0,0.9755903052825364
4.247689475650002,0,0.9755903052825364
4.704109978647404,0,0.9755903052825364
5.131326846163071,0,0.9755903052825364
5.484696467417014,0,0.9755903052825364
5.7963931743960595,0,0.9755903052825364
6.054170631236942,0,0.9755903052825364
6.136032384780448,0,0.9755903052825364
5.937765073347944,1,0.9754632889196518
5.48746543578949,0,0.9754632889196518
4.838759242634159,0,0.9754632889196518
3.9737377182603124,0,0.9754632889196518
2.8570619747876407,0,0.9754632889196518
1.4600815842259758,0,0.9754632889196518
-0.24651051506277827,0,0.9754632889196518
-2.287936696130566,0,0.9754632889196518
-4.611100717608041,0,0.9754632889196518
-7.027041092174267,0,0.9754632889196518
-9.27183596710184,0,0.9754632889196518
-11.036632519609707,0,0.9754632889196518
-12.085709962049345,0,0.9754632889196518
-12.346784963162442,0,0.9754632889196518
-11.784389028426446,0,0.9754632889196518
-10.404981962593846,0,0.9754632889196518
-8.347498573657324,0,0.9754632889196518
-5.878970265325326,0,0.9754632889196518
-3.354391722528742,0,0.9754632889196518
-1.0546813847253922,0,0.9754632889196518
0.8834152202170472,0,0.9754632889196518
2.3615557704004013,0,0.9754632889196518
3.345592495435498,0,0.9754632889196518
3.8807315255356625,0,0.9754632889196518
3.99370259574817,0,0.9754632889196518
3.734025337816479,0,0.9754632889196518
3.2829856586527253,0,0.9754632889196518
2.889393456034624,0,0.9754632889196518
2.663973098931688,0,0.9754632889196518
2.567292292805664,0,0.9754632889196518
2.592949026193449,0,0.9754632889196518
2.8136796376995292,0,0.9754632889196518
3.255759507807983,0,0.9754632889196518
3.7955863327610353,0,0.9754632889196518
4.283849782801962,0,0.9754632889196518
4.6906045648728085,0,0.9754632889196518
5.034225690334236,0,0.9754632889196518
5.321926318320942,0,0.9754632889196518
5.551024928830573,0,0.9754632889196518
5.675618318285281,0,0.9754632889196518
5.65303913140938,1,0.9745038751238345
5.47801760394312,0,0.9745038751238345
5.1781183026817414,0,0.9745038751238345
4.897899277310186,0,0.9745038751238345
4.730417229525453,0,0.9745038751238345
4.533072258296838,0,0.9745038751238345
4.200377132106466,0,0.9745038751238345
3.738821885270224,0,0.9745038751238345
3.0481271031058297,0,0.9745038751238345
2.0160300101185737,0,0.9745038751238345
0.6526856190035352,0,0.9745038751238345
-1.0153050260574101,0,0.9745038751238345
-2.9947772756993536,0,0.9745038751238345
-5.253771938977429,0,0.9745038751238345
-7.66811550864923,0,0.9745038751238345
-10.010047154864367,0,0.9745038751238345
-11.99492090684398,0,0.9745038751238345
-13.379339678136706,0,0.9745038751238345
-14.017002553035745,0,0.9745038751238345
-13.817081194321332,0,0.9745038751238345
-12.717129380297365,0,0.9745038751238345
-10.782094956654161,0,0.9745038751238345
-8.295365172511742,0,0.9745038751238345
-5.64364043865963,0,0.9745038751238345
-3.1000461351964765,0,0.9745038751238345
-0.7843280955166718,0,0.9745038751238345
1.2245678139392637,0,0.9745038751238345
2.8134443646886913,0,0.9745038751238345
3.857758728145402,0,0.9745038751238345
4.329909993182076,0,0.9745038751238345
4.366380027173784,0,0.9745038751238345
4.1869758599567675,0,0.9745038751238345
3.9316709794029205,0,0.9745038751238345
3.6138957521427124,0,0.9745038751238345
3.2700032111362236,0,0.9745038751238345
3.0621941811516558,0,0.9745038751238345
3.1296970630341994,0,0.9745038751238345
3.420506006621571,0,0.9745038751238345
3.788431955981553,0,0.9745038751238345
4.1712079380997,0,0.9745038751238345
4.570820442284471,0,0.9745038751238345
4.961048394473783,0,0.9745038751238345
5.305147916983058,0,0.9745038751238345
5.584808270991026,0,0.9745038751238345
5.777571776503186,0,0.9745038751238345
5.851343994515616,0,0.9745038751238345
5.807844212760297,1,0.9743713370003733
5.680615130457374,0,0.9743713370003733
5.479384561180757,0,0.9743713370003733
5.227877601949533,0,0.9743713370003733
4.942484226651812,0,0.9743713370003733
4.568109076478802,0,0.9743713370003733
4.081878429570832,0,0.9743713370003733
3.501596188265909,0,0.9743713370003733
2.7843852896303796,0,0.9743713370003733
1.836518459190354,0,0.9743713370003733
0.5904428307699021,0,0.9743713370003733
-0.9450314438200181,0,0.9743713370003733
-2.7193785081813635,0,0.9743713370003733
-4.665828562844396,0,0.9743713370003733
-6.724792368437533,0,0.9743713370003733
-8.85169035702811,0,0.9743713370003733
-10.89027892164918,0,0.9743713370003733
-12.565099270359973,0,0.9743713370003733
-13.670449651528584,0,0.9743713370003733
-14.06870438226629,0,0.9743713370003733
-13.619195882755603,0,0.9743713370003733
-12.322030909345086,0,0.9743713370003733
-10.374877942551304,0,0.9743713370003733
-8.019293138190953,0,0.9743713370003733
-5.468039103592829,0,0.9743713370003733
-2.9395408260975757,0,0.9743713370003733
-0.6249433609770305,0,0.9743713370003733
1.3220905910916685,0,0.9743713370003733
2.7579058914172516,0,0.9743713370003733
3.6267743317403625,0,0.9743713370003733
3.9910907595924456,0,0.9743713370003733
3.9649776659904603,0,0.9743713370003733
3.6869981046072033,0,0.9743713370003733
3.287511104221423,0,0.9743713370003733
2.8919056342340124,0,0.9743713370003733
2.625978337435018,0,0.9743713370003733
2.548980024482464,0,0.9743713370003733
2.662250597598788,0,0.9743713370003733
2.9648860438150018,0,0.9743713370003733
3.443004887742462,0,0.9743713370003733
4.013838260000427,0,0.9743713370003733
4.541047811705824,0,0.9743713370003733
4.970031098561217,0,0.9743713370003733
5.349311832794845,0,0.9743713370003733
5.704359852728191,0,0.9743713370003733
6.017340702241929,0,0.9743713370003733
6.2675350637960285,0,0.9743713370003733
6.394789267985498,0,0.9743713370003733
6.325129000457802,1,0.9743713370003733
6.065234272491748,0,0.9743713370003733
5.669947052436782,0,0.9743713370003733
5.1588936432961106,0,0.9743713370003733
4.537204389797991,0,0.9743713370003733
3.8121670135881507,0,0.9743713370003733
2.9350440477857327,0,0.9743713370003733
1.791964949981801,0,0.9743713370003733
0.2775510338093711,0,0.9743713370003733
-1.6338722588671395,0,0.9743713370003733
-3.8556003252899145,0,0.9743713370003733
-6.247605444551956,0,0.9743713370003733
-8.691422458021249,0,0.9743713370003733
-10.994829771405112,0,0.9743713370003733
-12.790179460421669,0,0.9743713370003733
-13.719981042763647,0,0.9743713370003733
-13.668211103795478,0,0.9743713370003733
-12.708590756630938,0,0.9743713370003733
-11.006774046359505,0,0.9743713370003733
-8.778407934573892,0,0.9743713370003733
-6.233317129248539,0,0.9743713370003733
-3.6002175787269337,0,0.9743713370003733
-1.1005451987420738,0,0.9743713370003733
1.0630826489450271,0,0.9743713370003733
2.6854843913504403,0,0.9743713370003733
3.695228712804667,0,0.9743713370003733
4.171762784603278,0,0.9743713370003733
4.226584285510586,0,0.9743713370003733
4.0178375966732744,0,0.9743713370003733
3.7004006300670684,0,0.9743713370003733
3.3371392099861925,0,0.9743713370003733
2.975437723900615,0,0.9743713370003733
2.7085832652778663,0,0.9743713370003733
2.599631830556163,0,0.9743713370003733
2.620605626252369,0,0.9743713370003733
2.7631224921356017,0,0.9743713370003733
3.0872689456649383,0,0.9743713370003733
3.5760370328887325,0,0.9743713370003733
4.0971219219155515,0,0.9743713370003733
4.534123292350775,0,0.9743713370003733
4.862485468308787,0,0.9743713370003733
5.0737885365965,0,0.9743713370003733
5.175522888430035,0,0.9743713370003733
5.252962586866468,0,0.9743713370003733
5.336760066571977,0,0.9743713370003733
5.365299385034493,0,0.9743713370003733
5.304775907863802,1,0.974302653117658
5.124217030439441,0,0.974302653117658
4.817561573924333,0,0.974302653117658
4.432901903327149,0,0.974302653117658
3.9771504955431967,0,0.974302653117658
3.4270673989238345,0,0.974302653117658
2.7508473663794284,0,0.974302653117658
1.879713121240099,0,0.974302653117658
0.7197162572645655,0,0.974302653117658
-0.8209017236612135,0,0.974302653117658
-2.764935512519822,0,0.974302653117658
-5.012232702211485,0,0.974302653117658
-7.3677759217715595,0,0.974302653117658
-9.620058624831211,0,0.974302653117658
-11.577996705095284,0,0.974302653117658
-13.036123396168202,0,0.974302653117658
-13.802549600415578,0,0.974302653117658
-13.802011032355791,0,0.974302653117658
-13.050228103798888,0,0.974302653117658
-11.59235639314222,0,0.974302653117658
-9.5511919918412,0,0.974302653117658
-7.152487767022626,0,0.974302653117658
-4.662979089487667,0,0.974302653117658
-2.278701531984048,0,0.974302653117658
-0.10756379242931796,0,0.974302653117658
1.7235845750560068,0,0.974302653117658
3.07221916675079,0,0.974302653117658
3.899817110577138,0,0.974302653117658
4.261788827777364,0,0.974302653117658
4.237406369285965,0,0.974302653117658
3.9579021319973466,0,0.974302653117658
3.5993253117885344,0,0.974302653117658
3.2956412317780273,0,0.974302653117658
3.0711475911911945,0,0.974302653117658
2.896042757568124,0,0.974302653117658
2.8245683038139746,0,0.974302653117658
2.9532837333577593,0,0.974302653117658
3.2628062497366495,0,0.974302653117658
3.662610959644805,0,0.974302653117658
4.101923363375626,0,0.974302653117658
4.55738401834456,0,0.974302653117658
4.998610963612042,0,0.974302653117658
5.332211274019484,0,0.974302653117658
5.478870430826305,0,0.974302653117658
5.499214512192883,0,0.974302653117658
5.47506107768406,1,0.9740812586063538
5.380888124043972,0,0.9740812586063538
5.150087540245472,0,0.9740812586063538
4.796710358162719,0,0.9740812586063538
4.4149514424513665,0,0.9740812586063538
4.03373287654975,0,0.9740812586063538
3.553065199646196,0,0.9740812586063538
2.903493247694989,0,0.9740812586063538
2.1181029510101728,0,0.9740812586063538
1.218337345101682,0,0.9740812586063538
0.1700120226693992,0,0.9740812586063538
-1.129917124729463,0,0.9740812586063538
-2.80670338810604,0,0.9740812586063538
-4.846524706829227,0,0.9740812586063538
-7.098529322781615,0,0.9740812586063538
-9.373101137855102,0,0.9740812586063538
-11.393732977049032,0,0.9740812586063538
-12.863675029451331,0,0.9740812586063538
-13.60172398834526,0,0.9740812586063538
-13.484546437429046,0,0.9740812586063538
-12.465285602920837,0,0.9740812586063538
-10.69448998792892,0,0.9740812586063538
-8.42806321763026,0,0.9740812586063538
-5.872211802052673,0,0.9740812586063538
-3.2203375835195205,0,0.9740812586063538
-0.7198311126551867,0,0.9740812586063538
1.3643015332531183,0,0.9740812586063538
2.858908678332885,0,0.9740812586063538
3.779989199480865,0,0.9740812586063538
4.263438664905662,0,0.9740812586063538
4.434403828450367,0,0.9740812586063538
4.388157376680148,0,0.9740812586063538
4.2104319000653785,0,0.9740812586063538
3.9782067836209647,0,0.9740812586063538
3.7534085151683674,0,0.9740812586063538
3.582679640616159,0,0.9740812586063538
3.492783223091231,0,0.9740812586063538
3.4979204625737346,0,0.9740812586063538
3.6300677700254282,0,0.9740812586063538
3.9030796497262252,0,0.9740812586063538
4.251586342742059,0,0.9740812586063538
4.598434762124088,0,0.9740812586063538
4.93979133673946,0,0.9740812586063538
5.2790955270048165,0,0.9740812586063538
5.586036984104292,0,0.9740812586063538
5.834740477500477,0,0.9740812586063538
6.000906974192267,0,0.9740812586063538
6.055269902097716,0,0.9740812586063538
5.949150625007671,1,0.9740633350323249
5.643912095383268,0,0.9740633350323249
5.169277638566727,0,0.9740633350323249
4.604765386094168,0,0.9740633350323249
4.027760274925342,0,0.9740633350323249
3.4526518980502394,0,0.9740633350323249
2.816846471028173,0,0.9740633350323249
2.0575729939854743,0,0.9740633350323249
1.1348050856348837,0,0.9740633350323249
-0.031694985670627646,0,0.9740633350323249
-1.5024031954363548,0,0.9740633350323249
-3.2350382294075617,0,0.9740633350323249
-5.184707933735164,0,0.9740633350323249
-7.30809952769844,0,0.9740633350323249
-9.436415559385898,0,0.9740633350323249
-11.292930337630594,0,0.9740633350323249
-12.640716791341918,0,0.9740633350323249
-13.353670463368818,0,0.9740633350323249
-13.312417184876267,0,0.9740633350323249
-12.407891349429885,0,0.9740633350323249
-10.684791257712257,0,0.9740633350323249
-8.370710869902906,0,0.9740633350323249
-5.805979000423156,0,0.9740633350323249
-3.30153246082951,0,0.9740633350323249
-1.0375410717253004,0,0.9740633350323249
0.8869360349082066,0,0.9740633350323249
2.349381416992353,0,0.9740633350323249
3.2620013415054694,0,0.9740633350323249
3.6967540261377314,0,0.9740633350323249
3.768976988867267,0,0.9740633350323249
3.563307820640495,0,0.9740633350323249
3.2001198449721935,0,0.9740633350323249
2.7907550323700376,0,0.9740633350323249
2.3983819472211474,0,0.9740633350323249
2.1130601844212107,0,0.9740633350323249
2.078334942481553,0,0.9740633350323249
2.335794999779091,0,0.9740633350323249
2.749710964616284,0,0.9740633350323249
3.166450326151597,0,0.9740633350323249
3.5632761837571394,0,0.9740633350323249
4.00508343753061,0,0.9740633350323249
4.501405142527653,0,0.9740633350323249
4.968724699019997,0,0.9740633350323249
5.311146031980911,0,0.9740633350323249
5.492223478589817,0,0.9740633350323249
5.550997905051017,0,0.9740633350323249
5.562072076072463,0,0.9740633350323249
5.533198448018459,1,0.9742209591500398
5.381554170599519,0,0.9742209591500398
5.04924299568315,0,0.9742209591500398
4.540768742828621,0,0.9742209591500398
3.8727442766237705,0,0.9742209591500398
3.040456059760696,0,0.9742209591500398
1.9942852964302884,0,0.9742209591500398
0.6601142253710628,0,0.9742209591500398
-1.0306323692923596,0,0.9742209591500398
-3.074964438518448,0,0.9742209591500398
-5.4019499187148785,0,0.9742209591500398
-7.921011311485786,0,0.9742209591500398
-10.388948389452485,0,0.9742209591500398
-12.431656434847595,0,0.9742209591500398
-13.75460037618359,0,0.9742209591500398
-14.172450184971064,0,0.9742209591500398
-13.630981188249926,0,0.9742209591500398
-12.233445850893823,0,0.9742209591500398
-10.134342844998306,0,0.9742209591500398
-7.5503499177332065,0,0.9742209591500398
-4.806534999923185,0,0.9742209591500398
-2.185924029043359,0,0.9742209591500398
0.15008020140562964,0,0.9742209591500398
2.078981452069448,0,0.9742209591500398
3.5031343228993017,0,0.9742209591500398
4.410734512942371,0,0.9742209591500398
4.881778428330927,0,0.9742209591500398
4.97650624930215,0,0.9742209591500398
4.705333795296341,1,0.9742209591500398
4.199342906834736,0,0.9742209591500398
3.713116093623231,0,0.9742209591500398
3.390191460578903,0,0.9742209591500398
3.2368734915743613,0,0.9742209591500398
3.2696082222625664,0,0.9742209591500398
3.481398565481564,0,0.9742209591500398
3.8234879717866255,0,0.9742209591500398
4.3139388114840695,0,0.9742209591500398
4.939298379582979,0,0.9742209591500398
5.54899535680189,0,0.9742209591500398
6.030415369168364,0,0.9742209591500398
6.368808151677309,0,0.9742209591500398
6.549887995799205,0,0.9742209591500398
6.572521784766515,0,0.9742209591500398
6.44747407020267,0,0.9742209591500398
6.179500811190024,0,0.9742209591500398
5.785587159373021,0,0.9742209591500398
5.271409574769112,0,0.9742209591500398
4.624111778934214,0,0.9742209591500398
3.871774639045368,0,0.9742209591500398
3.0153032868144316,0,0.9742209591500398
1.9241150738201411,0,0.9742209591500398
0.49539193726355557,0,0.9742209591500398
-1.2486678809828289,0,0.9742209591500398
-3.280472864690808,0,0.9742209591500398
-5.539995373998062,0,0.9742209591500398
-7.869605919884492,0,0.9742209591500398
-10.09754574320212,0,0.9742209591500398
-12.026492468540287,0,0.9742209591500398
-13.398743144585012,0,0.9742209591500398
-13.977951675779739,0,0.9742209591500398
-13.612419664236612,0,0.9742209591500398
-12.311003340131993,0,0.9742209591500398
-10.240513423464657,0,0.9742209591500398
-7.645222372852799,0,0.9742209591500398
-4.79555055051263,0,0.9742209591500398
-1.9523294677891645,0,0.9742209591500398
0.5849729737369189,0,0.9742209591500398
2.509225557206849,0,0.9742209591500398
3.682351332777584,0,0.9742209591500398
4.189396217307894,0,0.9742209591500398
4.243830479377453,0,0.9742209591500398
4.033240096034696,0,0.9742209591500398
3.6416641040795246,0,0.9742209591500398
3.18772510468492,0,0.9742209591500398
2.823516521026355,0,0.9742209591500398
2.5812170864386585,0,0.9742209591500398
2.45281688583113,0,0.9742209591500398
2.491350415343702,0,0.9742209591500398
2.712714827807382,0,0.9742209591500398
3.0576248011807277,0,0.9742209591500398
3.4913312355885515,0,0.9742209591500398
3.9925729422072838,0,0.9742209591500398
4.502673844213123,0,0.9742209591500398
4.966177601033377,0,0.9742209591500398
5.343326221118291,0,0.9742209591500398
5.602479183722414,0,0.9742209591500398
5.745532703177874,0,0.9742209591500398
5.759004589591587,0,0.9742209591500398
5.577917085179976,1,0.9742209591500398
5.206653097612534,0,0.9742209591500398
4.728259747419303,0,0.9742209591500398
4.188830765887662,0,0.9742209591500398
3.5757526707166276,0,0.9742209591500398
2.8232764233334517,0,0.9742209591500398
1.8711464625056573,0,0.9742209591500398
0.7121425070833847,0,0.9742209591500398
-0.704171540665197,0,0.9742209591500398
-2.4731573304684735,0,0.9742209591500398
-4.578481196670064,0,0.9742209591500398
-6.845540943639019,0,0.9742209591500398
-9.04393954443145,0,0.9742209591500398
-10.952002814050982,0,0.9742209591500398
-12.345694990405544,0,0.9742209591500398
-13.03930624170271,0,0.9742209591500398
-12.927327894349713,0,0.9742209591500398
-11.969682147293145,0,0.9742209591500398
-10.228776269265358,0,0.9742209591500398
-7.928610061023349,0,0.9742209591500398
-5.374180872690168,0,0.9742209591500398
-2.8271279396402655,0,0.9742209591500398
-0.490061846984025,0,0.9742209591500398
1.4878772752346399,0,0.9742209591500398
3.021644143091455,0,0.9742209591500398
4.052054423831902,0,0.9742209591500398
4.521319067281016,0,0.9742209591500398
4.511171118719617,0,0.9742209591500398
4.24275309721063,0,0.9742209591500398
3.855602654784278,0,0.9742209591500398
3.4282007121229823,0,0.9742209591500398
3.091569894379717,0,0.9742209591500398
2.9480432244544073,0,0.9742209591500398
2.985307130718315,0,0.9742209591500398
3.1422281584798295,0,0.9742209591500398
3.3883796096811034,0,0.9742209591500398
3.696132066013407,0,0.9742209591500398
4.025727398682494,0,0.9742209591500398
4.35237530231418,0,0.9742209591500398
4.683960095275421,0,0.9742209591500398
5.060368879925255,0,0.9742209591500398
5.495350297874656,0,0.9742209591500398
5.889856158264989,0,0.9742209591500398
6.081808110395316,0,0.9742209591500398
6.008896546491838,1,0.9738911108264638
5.745900889367442,0,0.9738911108264638
5.3950473445285265,0,0.9738911108264638
4.978499258578658,0,0.9738911108264638
4.440247021254545,0,0.9738911108264638
3.724374832913151,0,0.9738911108264638
2.79549967685974,0,0.9738911108264638
1.604759130815526,0,0.9738911108264638
0.11425912129500043,0,0.9738911108264638
-1.6523998863118077,0,0.9738911108264638
-3.664245644302659,0,0.9738911108264638
-5.90293797928028,0,0.9738911108264638
-8.24593339476118,0,0.9738911108264638
-10.461536543884504,0,0.9738911108264638
-12.275539136245706,0,0.9738911108264638
-13.39833587781758,0,0.9738911108264638
-13.647795151104441,0,0.9738911108264638
-12.993837371169976,0,0.9738911108264638
-11.492265899955125,0,0.9738911108264638
-9.333534154400427,0,0.9738911108264638
-6.822894698624314,0,0.9738911108264638
-4.2429148662346625,0,0.9738911108264638
-1.788181716845556,0,0.9738911108264638
0.4132257750508914,0,0.9738911108264638
2.211957913901774,0,0.9738911108264638
3.466731384475409,0,0.9738911108264638
4.16399393038204,0,0.9738911108264638
4.408687405577674,0,0.9738911108264638
4.32266078169375,0,0.9738911108264638
4.000140460068172,0,0.9738911108264638
3.5626106493421688,0,0.9738911108264638
3.123050299697406,0,0.9738911108264638
2.73915264553673,0,0.9738911108264638
2.4832466527689436,0,0.9738911108264638
2.4095088906215842,0,0.9738911108264638
2.5308787008668974,0,0.9738911108264638
2.864935774771002,0,0.9738911108264638
3.388720215494864,0,0.9738911108264638
4.0047137398494,0,0.9738911108264638
4.591781408151178,0,0.9738911108264638
5.100581740986618,0,0.9738911108264638
5.507557286841807,0,0.9738911108264638
5.715841158218015,0,0.9738911108264638
5.696683844714407,1,0.973453961758474
5.5566662055488205,0,0.973453961758474
5.400995969599673,0,0.973453961758474
5.285155555801214,0,0.973453961758474
5.151704650904863,0,0.973453961758474
4.846577997682706,0,0.973453961758474
4.283444544316228,0,0.973453961758474
3.4638851463460743,0,0.973453961758474
2.4350662464192125,0,0.973453961758474
1.2425238240772813,0,0.973453961758474
-0.15364818759328797,0,0.973453961758474
-1.838544802822149,0,0.973453961758474
-3.8253356072242704,0,0.973453961758474
-6.023900543848619,0,0.973453961758474
-8.277773610841368,0,0.973453961758474
-10.37448396548652,0,0.973453961758474
-12.069997614556929,0,0.973453961758474
-13.159182802876625,0,0.973453961758474
-13.49264211309818,0,0.973453961758474
-12.957311848075824,0,0.973453961758474
-11.536391570542081,0,0.973453961758474
-9.406981769777728,0,0.973453961758474
-6.893684337093705,0,0.973453961758474
-4.291624407461784,0,0.973453961758474
-1.8185696628217396,0,0.973453961758474
0.3307763209479219,0,0.973453961758474
2.0432264561644757,0,0.973453961758474
3.3046438291697005,0,0.973453961758474
4.114312380669394,0,0.973453961758474
4.487558988609506,0,0.973453961758474
4.4850241362710035,0,0.973453961758474
4.223094671786347,0,0.973453961758474
3.8616340855811497,0,0.973453961758474
3.519234240755768,0,0.973453961758474
3.23843254274742,0,0.973453961758474
3.03486190013494,0,0.973453961758474
2.933260308020441,0,0.973453961758474
2.951267506470627,0,0.973453961758474
3.0840598976856723,0,0.973453961758474
3.3505555054852314,0,0.973453961758474
3.7859150320747625,0,0.973453961758474
4.3669999250438885,0,0.973453961758474
5.00431631589103,0,0.973453961758474
5.5443822550659805,0,0.973453961758474
5.852042830070379,0,0.973453961758474
5.935783929639071,0,0.973453961758474
5.889677921942357,1,0.9733509706791121
5.792887001640642,0,0.9733509706791121
5.61589892778473,0,0.9733509706791121
5.200637666824458,0,0.9733509706791121
4.474962736371842,0,0.9733509706791121
3.5024786805356647,0,0.9733509706791121
2.2831099248538105,0,0.9733509706791121
0.730115010058006,0,0.9733509706791121
-1.2016049857084516,0,0.9733509706791121
-3.4467478453398046,0,0.9733509706791121
-5.8746909496602875,0,0.9733509706791121
-8.330580646907391,0,0.9733509706791121
-10.601505724104939,0,0.9733509706791121
-12.44048689435921,0,0.9733509706791121
-13.607384370227505,0,0.9733509706791121
-13.876558814057931,0,0.9733509706791121
-13.111899200958725,0,0.9733509706791121
-11.391739370583222,0,0.9733509706791121
-9.033595018101348,0,0.9733509706791121
-6.407100107881234,0,0.9733509706791121
-3.730436901848308,0,0.9733509706791121
-1.142176437803816,0,0.9733509706791121
1.1799377957996606,0,0.9733509706791121
3.0798366231693093,0,0.9733509706791121
4.41791925983744,0,0.9733509706791121
5.09343566313421,0,0.9733509706791121
5.173882659995466,0,0.9733509706791121
4.841921358517162,1,0.9733509706791121
4.252044507539554,0,0.9733509706791121
3.5552314751992555,0,0.9733509706791121
2.9481701171273706,0,0.9733509706791121
2.555895874167503,0,0.9733509706791121
2.3893520587210064,0,0.9733509706791121
2.4136249583983918,0,0.9733509706791121
2.5545186949136314,0,0.9733509706791121
2.7614907042587036,0,0.9733509706791121
3.0597639616881374,0,0.9733509706791121
3.4900337398734687,0,0.9733509706791121
3.9918598457512076,0,0.9733509706791121
4.416078236520763,0,0.9733509706791121
4.70150177391698,0,0.9733509706791121
4.884932281932105,0,0.9733509706791121
5.032496832928755,0,0.9733509706791121
5.1941766336506365,0,0.9733509706791121
5.3110115189579945,0,0.9733509706791121
5.273841571352032,0,0.9733509706791121
5.042613256462775,0,0.9733509706791121
4.659132097776074,0,0.9733509706791121
4.209124753874578,0,0.9733509706791121
3.791488905478998,0,0.9733509706791121
3.4697785172935514,0,0.9733509706791121
3.133652427907439,0,0.9733509706791121
2.540514274235166,0,0.9733509706791121
1.5790082330910022,0,0.9733509706791121
0.2714415145794835,0,0.9733509706791121
-1.3700267027751543,0,0.9733509706791121
-3.3233933308505335,0,0.9733509706791121
-5.518261017012496,0,0.9733509706791121
-7.829945369579407,0,0.9733509706791121
-10.086982170813961,0,0.9733509706791121
-12.071198309566071,0,0.9733509706791121
-13.488778825063523,0,0.9733509706791121
-14.064481714969533,0,0.9733509706791121
-13.722512337364178,0,0.9733509706791121
-12.554487235096857,0,0.9733509706791121
-10.691235270707772,0,0.9733509706791121
-8.322623959644496,0,0.9733509706791121
-5.69549857883887,0,0.9733509706791121
-3.0719900885526887,0,0.9733509706791121
-0.7147402716611082,0,0.9733509706791121
1.176488470147716,0,0.9733509706791121
2.4960621964502163,0,0.9733509706791121
3.2440741398525055,0,0.9733509706791121
3.534526581978606,0,0.9733509706791121
3.5131324637468895,0,0.9733509706791121
3.300471663052037,0,0.9733509706791121
3.012987788577108,0,0.9733509706791121
2.752511234428205,0,0.9733509706791121
2.5842068698185816,0,0.9733509706791121
2.6100140192079806,0,0.9733509706791121
2.953428813241583,0,0.9733509706791121
3.554866069309051,0,0.9733509706791121
4.181753065450698,0,0.9733509706791121
4.670457864455421,0,0.9733509706791121
5.041314382159165,0,0.9733509706791121
5.38348902435514,0,0.9733509706791121
5.704967826856749,0,0.9733509706791121
5.963577028263368,0,0.9733509706791121
6.145756051669573,0,0.9733509706791121
6.253507289517406,0,0.9733509706791121
6.24245199941729,1,0.9733509706791121
6.0537967778673165,0,0.9733509706791121
5.713359235711128,0,0.9733509706791121
5.29015529039228,0,0.9733509706791121
4.826671939529392,0,0.9733509706791121
4.384242983381915,0,0.9733509706791121
4.008568770549399,0,0.9733509706791121
3.6698909384292016,0,0.9733509706791121
3.3133225989072748,0,0.9733509706791121
2.896960327233523,0,0.9733509706791121
2.4479215457074086,0,0.9733509706791121
2.0048529288700645,0,0.9733509706791121
1.4545957165656294,0,0.9733509706791121
0.6067108136025192,0,0.9733509706791121
-0.614105283470918,0,0.9733509706791121
-2.1682475825314067,0,0.9733509706791121
-4.002183616684485,0,0.9733509706791121
-6.082021613187421,0,0.9733509706791121
-8.342047299644051,0,0.9733509706791121
-10.618590023590553,0,0.9733509706791121
-12.668617380174613,0,0.9733509706791121
-14.212895774221431,0,0.9733509706791121
-15.02151454469997,0,0.9733509706791121
-14.992479906698899,0,0.9733509706791121
-14.073214022817767,0,0.9733509706791121
-12.279411379336496,0,0.9733509706791121
-9.838322905756138,0,0.9733509706791121
-7.099369251778596,0,0.9733509706791121
-4.351646146986918,0,0.9733509706791121
-1.813550291284259,0,0.9733509706791121
0.34603909333868627,0,0.9733509706791121
2.0051091562080092,0,0.9733509706791121
3.12280542434914,0,0.9733509706791121
3.7791472137071933,0,0.9733509706791121
4.0561551603232155,0,0.9733509706791121
3.9961941870704054,0,0.9733509706791121
3.710629774873186,0,0.9733509706791121
3.356680144905087,0,0.9733509706791121
3.0284234267986156,0,0.9733509706791121
2.747148033052572,0,0.9733509706791121
2.5487279567989196,0,0.9733509706791121
2.5179470775967316,0,0.9733509706791121
2.716310358332103,0,0.9733509706791121
3.1259537918094824,0,0.9733509706791121
3.665091447166389,0,0.9733509706791121
4.243214355556682,0,0.9733509706791121
4.801397961279992,0,0.9733509706791121
5.30468767991261,0,0.9733509706791121
5.7425119087425225,0,0.9733509706791121
6.1124654074552,0,0.9733509706791121
6.350773170598406,0,0.9733509706791121
6.3842629755524865,0,0.9733509706791121
6.257872154890763,1,0.9734333285039427
6.048359597645063,0,0.9734333285039427
5.741025543564426,0,0.9734333285039427
5.318240744386334,0,0.9734333285039427
4.845237621809268,0,0.9734333285039427
4.37230711536151,0,0.9734333285039427
3.8799389997995166,0,0.9734333285039427
3.349831878521878,0,0.9734333285039427
2.7639271822445166,0,0.9734333285039427
2.1195083693438836,0,0.9734333285039427
1.4487806882577778,0,0.9734333285039427
0.751962392702346,0,0.9734333285039427
0.004757634448366688,0,0.9734333285039427
-0.8519382326136152,0,0.9734333285039427
-1.978303878202375,0,0.9734333285039427
-3.522106824882916,0,0.9734333285039427
-5.469978592058645,0,0.9734333285039427
-7.652925374601775,0,0.9734333285039427
-9.83874543902696,0,0.9734333285039427
-11.793690831359491,0,0.9734333285039427
-13.271107606575645,0,0.9734333285039427
-14.034945533166706,0,0.9734333285039427
-13.92146560276127,0,0.9734333285039427
-12.91041397979606,0,0.9734333285039427
-11.157470799232048,0,0.9734333285039427
-8.938910868593156,0,0.9734333285039427
-6.518530842126969,0,0.9734333285039427
-4.099343979041588,0,0.9734333285039427
-1.8762697508543442,0,0.9734333285039427
0.03387068208725551,0,0.9734333285039427
1.5806821464880123,0,0.9734333285039427
2.6628816577781755,0,0.9734333285039427
3.2026271761530727,0,0.9734333285039427
3.283842620445991,0,0.9734333285039427
3.1309227034502913,0,0.9734333285039427
2.9226200470592083,0,0.9734333285039427
2.710449966336306,0,0.9734333285039427
2.5549250198573294,0,0.9734333285039427
2.551785338653681,0,0.9734333285039427
2.7430234452001026,0,0.9734333285039427
3.130001846383168,0,0.9734333285039427
3.6780513130994215,0,0.9734333285039427
4.279558718040939,0,0.9734333285039427
4.815907846957446,0,0.9734333285039427
5.239166037968402,0,0.9734333285039427
5.550284926138013,0,0.9734333285039427
5.782379207325433,0,0.9734333285039427
5.974692558751152,0,0.9734333285039427
6.102303974680108,0,0.9734333285039427
6.116443199498017,0,0.9734333285039427
6.018329453244032,1,0.9738568634116981
5.863759176331481,0,0.9738568634116981
5.707978790210577,0,0.9738568634116981
5.484367945775527,0,0.9738568634116981
5.084564731105334,0,0.9738568634116981
4.557325113851126,0,0.9738568634116981
4.001885580332486,0,0.9738568634116981
3.416461516054865,0,0.9738568634116981
2.797383149034966,0,0.9738568634116981
2.1917945962879486,0,0.9738568634116981
1.6256097320069824,0,0.9738568634116981
1.0998382786412344,0,0.9738568634116981
0.6030230830378723,0,0.9738568634116981
0.09132240279658305,0,0.9738568634116981
-0.5443899476271017,0,0.9738568634116981
-1.4604372073766911,0,0.9738568634116981
-2.7903892007370565,0,0.9738568634116981
-4.612642144610162,0,0.9738568634116981
-6.8572979040765185,0,0.9738568634116981
-9.282215731771915,0,0.9738568634116981
-11.591297300990739,0,0.9738568634116981
-13.470016026620952,0,0.9738568634116981
-14.629759304625187,0,0.9738568634116981
-14.899707663824925,0,0.9738568634116981
-14.233897984411424,0,0.9738568634116981
-12.700791223310686,0,0.9738568634116981
-10.459929725648216,0,0.9738568634116981
-7.759397534846725,0,0.9738568634116981
-4.954876083609016,0,0.9738568634116981
-2.349078834884948,0,0.9738568634116981
-0.05261024273506465,0,0.9738568634116981
1.8896512399064014,0,0.9738568634116981
3.380538358022396,0,0.9738568634116981
4.30596487061589,0,0.9738568634116981
4.6464444994626,0,0.9738568634116981
4.559757799916152,0,0.9738568634116981
4.255607625035401,0,0.9738568634116981
3.8391467427607284,0,0.9738568634116981
3.3951855445028074,0,0.9738568634116981
3.0590052453741956,0,0.9738568634116981
2.912989636545287,0,0.9738568634116981
2.9413576594786166,0,0.9738568634116981
3.1011084959570248,0,0.9738568634116981
3.4144127156800015,0,0.9738568634116981
3.8796422102298,0,0.9738568634116981
4.339447064569841,0,0.9738568634116981
4.66238839971733,0,0.9738568634116981
4.869123780897436,0,0.9738568634116981
5.025235359306586,0,0.9738568634116981
5.178366706961408,0,0.9738568634116981
5.327151819139838,0,0.9738568634116981
5.407176489533246,0,0.9738568634116981
5.324258146711409,1,0.9737570184881048
5.0633345682183375,0,0.9737570184881048
4.715683303093998,0,0.9737570184881048
4.353604437833046,0,0.9737570184881048
3.988313604279206,0,0.9737570184881048
3.6182670718689067,0,0.9737570184881048
3.205050149103095,0,0.9737570184881048
2.7057869770735268,0,0.9737570184881048
2.1534533722151883,0,0.9737570184881048
1.513206146192242,0,0.9737570184881048
0.6404415424870615,0,0.9737570184881048
-0.5677484922795704,0,0.9737570184881048
-2.129272709889609,0,0.9737570184881048
-4.001822054559772,0,0.9737570184881048
-6.122837632698384,0,0.9737570184881048
-8.365122669996273,0,0.9737570184881048
-10.50888262109015,0,0.9737570184881048
-12.295140290708385,0,0.9737570184881048
-13.465746243129386,0,0.9737570184881048
-13.833081021216863,0,0.9737570184881048
-13.333250235070002,0,0.9737570184881048
-12.007786957699397,0,0.9737570184881048
-9.984570897889126,0,0.9737570184881048
-7.47558327218831,0,0.9737570184881048
-4.752692483389422,0,0.9737570184881048
-2.086232067068176,0,0.9737570184881048
0.3180964570510903,0,0.9737570184881048
2.2840403582741593,0,0.9737570184881048
3.655790173285228,0,0.9737570184881048
4.424164637033109,0,0.9737570184881048
4.719176613565665,0,0.9737570184881048
4.657396057232236,0,0.9737570184881048
4.334402356711643,0,0.9737570184881048
3.889741866305994,0,0.9737570184881048
3.4726133872988747,0,0.9737570184881048
3.159161966295959,0,0.9737570184881048
2.958745286924757,0,0.9737570184881048
2.8926732201781005,0,0.9737570184881048
2.9826242800927125,0,0.9737570184881048
3.20103549668271,0,0.9737570184881048
3.491479032898839,0,0.9737570184881048
3.825089061475575,0,0.9737570184881048
4.2206399783730895,0,0.9737570184881048
4.708808178154887,0,0.9737570184881048
5.269685071438006,0,0.9737570184881048
5.794042544073273,0,0.9737570184881048
6.176144677762265,0,0.9737570184881048
6.409709995209456,0,0.9737570184881048
6.50482067462515,0,0.9737570184881048
6.432050122545175,1,0.9739543460826254
6.151078633596518,0,0.9739543460826254
5.616225458624233,0,0.9739543460826254
4.820348768316065,0,0.9739543460826254
3.795715982785214,0,0.9739543460826254
2.5366537772263817,0,0.9739543460826254
0.9811060815481901,0,0.9739543460826254
-0.9345406659362416,0,0.9739543460826254
-3.2179878967527413,0,0.9739543460826254
-5.741335293603774,0,0.9739543460826254
-8.239729245261556,0,0.9739543460826254
-10.442074043697087,0,0.9739543460826254
-12.1636728637786,0,0.9739543460826254
-13.263608427781701,0,0.9739543460826254
-13.553332220937016,0,0.9739543460826254
-12.893266092359495,0,0.9739543460826254
-11.334968417582633,0,0.9739543460826254
-9.071409326545405,0,0.9739543460826254
-6.390011279976058,0,0.9739543460826254
-3.643416123631869,0,0.9739543460826254
-1.127672164506129,0,0.9739543460826254
0.9656680852618258,0,0.9739543460826254
2.530459118453758,0,0.9739543460826254
3.583020310037005,0,0.9739543460826254
4.190227427866663,0,0.9739543460826254
4.3921885090921355,0,0.9739543460826254
4.285530212278067,0,0.9739543460826254
4.008569091641515,0,0.9739543460826254
3.682711815681612,0,0.9739543460826254
3.424079747918486,0,0.9739543460826254
3.2699344084378037,0,0.9739543460826254
3.202690203875697,0,0.9739543460826254
3.2512883940715946,0,0.9739543460826254
3.429713780610903,0,0.9739543460826254
3.720133241886555,0,0.9739543460826254
4.110511827139896,0,0.9739543460826254
4.55981505472442,0,0.9739543460826254
5.01904412405001,0,0.9739543460826254
5.455199736620251,0,0.9739543460826254
5.830636555181748,0,0.9739543460826254
6.0838991480227484,0,0.9739543460826254
6.13637261682079,0,0.9739543460826254
5.970617786847931,1,0.9735037275181324
5.66531237075288,0,0.9735037275181324
5.289391669372568,0,0.9735037275181324
4.830115806078175,0,0.9735037275181324
4.3114036174071995,0,0.9735037275181324
3.816068661894842,0,0.9735037275181324
3.347724737150186,0,0.9735037275181324
2.8422270355434653,0,0.9735037275181324
2.184467560568848,0,0.9735037275181324
1.2495413656374887,0,0.9735037275181324
0.02966298509405632,0,0.9735037275181324
-1.4215222088772081,0,0.9735037275181324
-3.0815599870652632,0,0.9735037275181324
-4.951967071723269,0,0.9735037275181324
-7.060926708855234,0,0.9735037275181324
-9.374010150164782,0,0.9735037275181324
-11.642441463289476,0,0.9735037275181324
-13.478446910524903,0,0.9735037275181324
-14.55536782259626,0,0.9735037275181324
-14.680411994895785,0,0.9735037275181324
-13.797041729676652,0,0.9735037275181324
-12.00260994384001,0,0.9735037275181324
-9.583238990586649,0,0.9735037275181324
-6.920555847594283,0,0.9735037275181324
-4.298116533288233,0,0.9735037275181324
-1.9118947569328058,0,0.9735037275181324
0.076019839993888,0,0.9735037275181324
1.6310307520389635,0,0.9735037275181324
2.7689202621708975,0,0.9735037275181324
3.458617452044178,0,0.9735037275181324
3.7346865600950583,0,0.9735037275181324
3.715883341339133,0,0.9735037275181324
3.516260749584139,0,0.9735037275181324
3.2311822040487574,0,0.9735037275181324
2.9610892737085845,0,0.9735037275181324
2.82308808441897,0,0.9735037275181324
2.8833408055157417,0,0.9735037275181324
3.0739650223802513,0,0.9735037275181324
3.3234598171778633,0,0.9735037275181324
3.667509675714607,0,0.9735037275181324
4.111778989153321,0,0.9735037275181324
4.5979335052769,0,0.9735037275181324
5.073666032666609,0,0.9735037275181324
5.464522791467855,0,0.9735037275181324
5.705557148576521,0,0.9735037275181324
5.794470548119052,0,0.9735037275181324
5.758305208669287,1,0.9739002012404604
5.616015649465467,0,0.9739002012404604
5.387888622063896,0,0.9739002012404604
5.109878741198518,0,0.9739002012404604
4.806366658419999,0,0.9739002012404604
4.498846418101247,0,0.9739002012404604
4.218446295207627,0,0.9739002012404604
3.9280991931544516,0,0.9739002012404604
3.546650463336345,0,0.9739002012404604
3.1057806652453976,0,0.9739002012404604
2.693409789783241,0,0.9739002012404604
2.2896109489612235,0,0.9739002012404604
1.812211054075087,0,0.9739002012404604
1.18323541348936,0,0.9739002012404604
0.33999696089357145,0,0.9739002012404604
-0.6988332594400396,0,0.9739002012404604
-1.8955657607486223,0,0.9739002012404604
-3.3452896797939293,0,0.9739002012404604
-5.1806035807105095,0,0.9739002012404604
-7.381741651954313,0,0.9739002012404604
-9.767203771788274,0,0.9739002012404604
-12.04782506513976,0,0.9739002012404604
-13.853971084746945,0,0.9739002012404604
-14.823419674270603,0,0.9739002012404604
-14.78941942941868,0,0.9739002012404604
-13.81349328417813,0,0.9739002012404604
-12.035054949298987,0,0.9739002012404604
-9.635584671652692,0,0.9739002012404604
-6.885454271029058,0,0.9739002012404604
-4.088194732364164,0,0.9739002012404604
-1.4771952345994241,0,0.9739002012404604
0.79103625972864,0,0.9739002012404604
2.5801616113051957,0,0.9739002012404604
3.7606900566174963,0,0.9739002012404604
4.333337675211409,0,0.9739002012404604
4.45026166937152,0,0.9739002012404604
4.222393503404873,0,0.9739002012404604
3.7491747748658315,0,0.9739002012404604
3.260104242372697,0,0.9739002012404604
2.9670293341580822,0,0.9739002012404604
2.865187924637098,0,0.9739002012404604
2.8575992829081325,0,0.9739002012404604
2.9250843206508454,0,0.9739002012404604
3.086195659765495,0,0.9739002012404604
3.399166435290011,0,0.9739002012404604
3.896202082349605,0,0.9739002012404604
4.495294344132506,0,0.9739002012404604
5.073823767995317,0,0.9739002012404604
5.529769246097739,0,0.9739002012404604
5.807810824452622,0,0.9739002012404604
5.8958078672760905,0,0.9739002012404604
5.83994130525922,1,0.973865638618116
5.717433855012785,0,0.973865638618116
5.551027750282656,0,0.973865638618116
5.3355907298577545,0,0.973865638618116
5.057592282973001,0,0.973865638618116
4.7424616534806034,0,0.973865638618116
4.517733186058606,0,0.973865638618116
4.412809038839578,0,0.973865638618116
4.285482656175726,0,0.973865638618116
4.058409674952931,0,0.973865638618116
3.7166492023171376,0,0.973865638618116
3.192983272497988,0,0.973865638618116
2.4609733149078776,0,0.973865638618116
1.549398975453507,0,0.973865638618116
0.4104360400501372,0,0.973865638618116
-1.073241670456612,0,0.973865638618116
-2.922626791402223,0,0.973865638618116
-5.014950025314048,0,0.973865638618116
-7.235662224353491,0,0.973865638618116
-9.51520771565635,0,0.973865638618116
-11.683871523330804,0,0.973865638618116
-13.470229962634347,0,0.973865638618116
-14.623355263561981,0,0.973865638618116
-14.95983742265546,0,0.973865638618116
-14.382123111733598,0,0.973865638618116
-12.954432015613216,0,0.973865638618116
-10.893728882284421,0,0.973865638618116
-8.431219802589162,0,0.973865638618116
-5.781522394919868,0,0.973865638618116
-3.1717935405430016,0,0.973865638618116
-0.834398914247568,0,0.973865638618116
1.0245796441054187,0,0.973865638618116
2.3413690408448518,0,0.973865638618116
3.2166779618528785,0,0.973865638618116
3.724248884138779,0,0.973865638618116
3.8140413310814614,0,0.973865638618116
3.5307297181726205,0,0.973865638618116
3.119521107301022,0,0.973865638618116
2.81336131938062,0,0.973865638618116
2.699444465564057,0,0.973865638618116
2.766008114077047,0,0.973865638618116
2.981358496303364,0,0.973865638618116
3.3112094305495208,0,0.973865638618116
3.7215553132897052,0,0.973865638618116
4.181283772599979,0,0.973865638618116
4.674480524752231,0,0.973865638618116
5.197377103939842,0,0.973865638618116
5.6754185873194976,0,0.973865638618116
5.992317260699937,0,0.973865638618116
6.094180978392484,0,0.973865638618116
6.06207694565549,1,0.9739105788406701
6.028707101171265,0,0.9739105788406701
5.973556224228304,0,0.9739105788406701
5.803585706347421,0,0.9739105788406701
5.534635533787768,0,0.9739105788406701
5.251238855072138,0,0.9739105788406701
5.019074730779723,0,0.9739105788406701
4.823955053674701,0,0.9739105788406701
4.545455892978108,0,0.9739105788406701
4.0888124250651705,0,0.9739105788406701
3.504962834501095,0,0.9739105788406701
2.8912791418342976,0,0.9739105788406701
2.327126481348142,0,0.9739105788406701
1.8598803809100843,0,0.9739105788406701
1.456551619638028,0,0.9739105788406701
1.0937701033989602,0,0.9739105788406701
0.7428981320884642,0,0.9739105788406701
0.333236407470928,0,0.9739105788406701
-0.15378036031946518,0,0.9739105788406701
-0.8115372441403388,0,0.9739105788406701
-1.8428597649274012,0,0.9739105788406701
-3.30646405151459,0,0.9739105788406701
-5.108248837327354,0,0.9739105788406701
-7.164615351218549,0,0.9739105788406701
-9.357646234764593,0,0.9739105788406701
-11.480970844770383,0,0.9739105788406701
-13.280745959246536,0,0.9739105788406701
-14.497516276742962,0,0.9739105788406701
-14.949559719688681,0,0.9739105788406701
-14.550400432180334,0,0.9739105788406701
-13.28871405638557,0,0.9739105788406701
-11.276807877609917,0,0.9739105788406701
-8.767848336180462,0,0.9739105788406701
-6.089637634646873,0,0.9739105788406701
-3.53311513299526,0,0.9739105788406701
-1.2812079680464379,0,0.9739105788406701
0.6088319615479134,0,0.9739105788406701
2.1179120154743996,0,0.9739105788406701
3.1518145216007074,0,0.9739105788406701
3.64717669871865,0,0.9739105788406701
3.6802789106446903,0,0.9739105788406701
3.3833047429822627,0,0.9739105788406701
2.904405987559368,0,0.9739105788406701
2.423477630831151,0,0.9739105788406701
2.056756539238199,0,0.9739105788406701
1.8550675658531561,0,0.9739105788406701
1.9077584082099266,0,0.9739105788406701
2.2335973841461256,0,0.9739105788406701
2.7164958620182054,0,0.9739105788406701
3.259390390088238,0,0.9739105788406701
3.846844847500787,0,0.9739105788406701
4.478573487439382,0,0.9739105788406701
5.122914348470805,0,0.9739105788406701
5.731553884668954,0,0.9739105788406701
6.236642279848524,0,0.9739105788406701
6.553882463472473,0,0.9739105788406701
6.665787049148015,0,0.9739105788406701
6.631296738229196,1,0.9732983040314415
6.481357714296612,0,0.9732983040314415
6.206218370603494,0,0.9732983040314415
5.826237726349245,0,0.9732983040314415
5.388261568910656,0,0.9732983040314415
4.923554108121474,0,0.9732983040314415
4.428590202144864,0,0.9732983040314415
3.9223903150714783,0,0.9732983040314415
3.4886879719350037,0,0.9732983040314415
3.1316395530017194,0,0.9732983040314415
2.7566292301459443,0,0.9732983040314415
2.327313874457664,0,0.9732983040314415
1.8663424719543784,0,0.9732983040314415
1.3954266493627956,0,0.9732983040314415
0.9023775780341496,0,0.9732983040314415
0.30414327694009496,0,0.9732983040314415
-0.5056655984895205,0,0.9732983040314415
-1.610042267467253,0,0.9732983040314415
-3.105378740628481,0,0.9732983040314415
-5.020322940958419,0,0.9732983040314415
-7.216473283546825,0,0.9732983040314415
-9.514327832563936,0,0.9732983040314415
-11.756648346859276,0,0.9732983040314415
-13.681645586646725,0,0.9732983040314415
-14.966654428369965,0,0.9732983040314415
-15.387592107755943,0,0.9732983040314415
-14.829854736490454,0,0.9732983040314415
-13.323497390034053,0,0.9732983040314415
-11.10796491660115,0,0.9732983040314415
-8.517671491666109,0,0.9732983040314415
-5.806095022124605,0,0.9732983040314415
-3.1644036542339795,0,0.9732983040314415
-0.7891305204074768,0,0.9732983040314415
1.2412442963743762,0,0.9732983040314415
2.9206625890401585,0,0.9732983040314415
4.131748991217987,0,0.9732983040314415
4.786144422451648,0,0.9732983040314415
4.953723204660117,0,0.9732983040314415
4.76091953780971,0,0.9732983040314415
4.323410148103866,0,0.9732983040314415
3.7747461726764273,0,0.9732983040314415
3.2723387268189517,0,0.9732983040314415
2.9171340723288774,0,0.9732983040314415
2.748620285321977,0,0.9732983040314415
2.7488084027119095,0,0.9732983040314415
2.854014317632768,0,0.9732983040314415
3.078294409275898,0,0.9732983040314415
3.450409138716704,0,0.9732983040314415
3.921353461758464,0,0.9732983040314415
4.450642272072127,0,0.9732983040314415
4.966058730957569,0,0.9732983040314415
5.362804832525891,0,0.9732983040314415
5.65467909214881,0,0.9732983040314415
5.939168422708884,0,0.9732983040314415
6.213797450438271,0,0.9732983040314415
6.360931971270584,0,0.9732983040314415
6.288542440335595,1,0.9726969511255543
6.006928355143594,0,0.9726969511255543
5.597523370805004,0,0.9726969511255543
5.158857473628858,0,0.9726969511255543
4.735573158657652,0,0.9726969511255543
4.266322558504719,0,0.9726969511255543
3.7119167141967475,0,0.9726969511255543
3.141115729490131,0,0.9726969511255543
2.6137363453077755,0,0.9726969511255543
2.0840996449435183,0,0.9726969511255543
1.4359650457641906,0,0.9726969511255543
0.649797409948573,0,0.9726969511255543
-0.21634254871803607,0,0.9726969511255543
-1.2261023657702843,0,0.9726969511255543
-2.485660735792304,0,0.9726969511255543
-4.03074124014549,0,0.9726969511255543
-5.896077665551679,0,0.9726969511255543
-8.035995095852558,0,0.9726969511255543
-10.23111457896014,0,0.9726969511255543
-12.178255038256887,0,0.9726969511255543
-13.621814487567635,0,0.9726969511255543
-14.393118280178292,0,0.9726969511255543
-14.364585759403969,0,0.9726969511255543
-13.479479753755761,0,0.9726969511255543
-11.817106996591304,0,0.9726969511255543
-9.562943505351395,0,0.9726969511255543
-6.922230760543095,0,0.9726969511255543
-4.1368185862038205,0,0.9726969511255543
-1.5420923025074371,0,0.9726969511255543
0.5537044407181994,0,0.9726969511255543
2.0228540367179617,0,0.9726969511255543
2.947741173568627,0,0.9726969511255543
3.5130442497434253,0,0.9726969511255543
3.8125901373393636,0,0.9726969511255543
3.8431145273002567,0,0.9726969511255543
3.6200904590824403,0,0.9726969511255543
3.2163160875270758,0,0.9726969511255543
2.7987335323193454,0,0.9726969511255543
2.561684524384441,0,0.9726969511255543
2.6060435941012536,0,0.9726969511255543
2.911411996465459,0,0.9726969511255543
3.386970808500691,0,0.9726969511255543
3.9977475766469777,0,0.9726969511255543
4.749137416255167,0,0.9726969511255543
5.528410245168975,0,0.9726969511255543
6.1411669626161665,0,0.9726969511255543
6.509987951766712,0,0.9726969511255543
6.7014930636253665,0,0.9726969511255543
6.743004495432609,0,0.9726969511255543
6.580443476517272,1,0.9727065249598056
6.249478266447487,0,0.9727065249598056
5.858904750057985,0,0.9727065249598056
5.447025526101959,0,0.9727065249598056
5.020112953591449,0,0.9727065249598056
4.604721161652996,0,0.9727065249598056
4.2100795105993765,0,0.9727065249598056
3.7960305433686354,0,0.9727065249598056
3.342784385441442,0,0.9727065249598056
2.8988252885566865,0,0.9727065249598056
2.4535517043438912,0,0.9727065249598056
1.9500097685284856,0,0.9727065249598056
1.3588290235767473,0,0.9727065249598056
0.5839543163901849,0,0.9727065249598056
-0.49880092389451947,0,0.9727065249598056
-1.9249221186387588,0,0.9727065249598056
-3.655246732561433,0,0.9727065249598056
-5.615502340207813,0,0.9727065249598056
-7.705771807149922,0,0.9727065249598056
-9.792870362295298,0,0.9727065249598056
-11.712603406443941,0,0.9727065249598056
-13.251780345679478,0,0.9727065249598056
-14.150557768564203,0,0.9727065249598056
-14.251343755698585,0,0.9727065249598056
-13.542711351980003,0,0.9727065249598056
-12.069530180011869,0,0.9727065249598056
-9.967566304848257,0,0.9727065249598056
-7.450195442476526,0,0.9727065249598056
-4.76892270059147,0,0.9727065249598056
-2.178900790253235,0,0.9727065249598056
0.15467717699353556,0,0.9727065249598056
2.0734251616284394,0,0.9727065249598056
3.3874556253776613,0,0.9727065249598056
4.049451556764547,0,0.9727065249598056
4.174232557041052,0,0.9727065249598056
3.9339712439835353,0,0.9727065249598056
3.523822965951695,0,0.9727065249598056
3.0812399717704544,0,0.9727065249598056
2.683384969492039,0,0.9727065249598056
2.464231940784329,0,0.9727065249598056
2.5360023659284203,0,0.9727065249598056
2.8720937440480334,0,0.9727065249598056
3.362296126223728,0,0.9727065249598056
3.8779540501445924,0,0.9727065249598056
4.325114412327149,0,0.9727065249598056
4.673056085198149,0,0.9727065249598056
4.933124674159768,0,0.9727065249598056
5.154673687812145,0,0.9727065249598056
5.405241208077245,0,0.9727065249598056
5.692264118472036,0,0.9727065249598056
5.9146636678948346,0,0.9727065249598056
5.966372746258635,0,0.9727065249598056
5.875287835476149,1,0.9726104013010158
5.743578171432049,0,0.9726104013010158
5.587963988068323,0,0.9726104013010158
5.351614655203964,0,0.9726104013010158
5.013818978967281,0,0.9726104013010158
4.611235093237211,0,0.9726104013010158
4.1665944660379735,0,0.9726104013010158
3.579900494473764,0,0.9726104013010158
2.7302305842588943,0,0.9726104013010158
1.6311799982606094,0,0.9726104013010158
0.32028120144915995,0,0.9726104013010158
-1.2340699473476828,0,0.9726104013010158
-3.066339897333905,0,0.9726104013010158
-5.1493700690697395,0,0.9726104013010158
-7.388327309399442,0,0.9726104013010158
-9.646085978352183,0,0.9726104013010158
-11.732987021367189,0,0.9726104013010158
-13.346328983032608,0,0.9726104013010158
-14.190106361087283,0,0.9726104013010158
-14.157835923024507,0,0.9726104013010158
-13.243981484660189,0,0.9726104013010158
-11.512285443537102,0,0.9726104013010158
-9.180884791924736,0,0.9726104013010158
-6.55198053405123,0,0.9726104013010158
-3.9082922695443743,0,0.9726104013010158
-1.487755388774247,0,0.9726104013010158
0.5369612442274849,0,0.9726104013010158
2.1172210317588798,0,0.9726104013010158
3.284203598825427,0,0.9726104013010158
4.052284505192816,0,0.9726104013010158
4.432540690474308,0,0.9726104013010158
4.448396193756805,0,0.9726104013010158
4.162905072722995,0,0.9726104013010158
3.7366275616159585,0,0.9726104013010158
3.349976106759803,0,0.9726104013010158
3.1099409768537742,0,0.9726104013010158
3.0643394838372195,0,0.9726104013010158
3.1982947463066265,0,0.9726104013010158
3.470048589857926,0,0.9726104013010158
3.8657815799383175,0,0.9726104013010158
4.322533560768823,0,0.9726104013010158
4.751264482520185,0,0.9726104013010158
5.13836726350137,0,0.9726104013010158
5.449645252322928,0,0.9726104013010158
5.630690622269406,0,0.9726104013010158
5.686076672602954,0,0.9726104013010158
5.601969359394237,1,0.9726238050910052
5.368935207997438,0,0.9726238050910052
5.05066783125221,0,0.9726238050910052
4.706879008947119,0,0.9726238050910052
4.328704198523328,0,0.9726238050910052
3.8949578921251993,0,0.9726238050910052
3.4198220517982434,0,0.9726238050910052
2.8959871225021696,0,0.9726238050910052
2.210232202405782,0,0.9726238050910052
1.1963481525420139,0,0.9726238050910052
-0.1857581368948443,0,0.9726238050910052
-1.871993384856689,0,0.9726238050910052
-3.8601130237798285,0,0.9726238050910052
-6.141914094940493,0,0.9726238050910052
-8.53663601077151,0,0.9726238050910052
-10.731650125190814,0,0.9726238050910052
-12.415096676865087,0,0.9726238050910052
-13.339216354915619,0,0.9726238050910052
-13.349072023562496,0,0.9726238050910052
-12.406838777355466,0,0.9726238050910052
-10.630046518174773,0,0.9726238050910052
-8.259764180126917,0,0.9726238050910052
-5.574810151110149,0,0.9726238050910052
-2.868974352274382,0,0.9726238050910052
-0.39241518742665615,0,0.9726238050910052
1.6556049181478303,0,0.9726238050910052
3.0816028409985647,0,0.9726238050910052
3.8451314944744657,0,0.9726238050910052
4.103249863132774,0,0.9726238050910052
4.035620900713521,0,0.9726238050910052
3.7771491955193466,0,0.9726238050910052
3.4084899135686086,0,0.9726238050910052
2.963001910412884,0,0.9726238050910052
2.512571413813208,0,0.9726238050910052
2.206629634922633,0,0.9726238050910052
2.172103314639375,0,0.9726238050910052
2.4033323204882797,0,0.9726238050910052
2.832648639348765,0,0.9726238050910052
3.41213473841038,0,0.9726238050910052
4.079338139051179,0,0.9726238050910052
4.771724641696819,0,0.9726238050910052
5.425540669626225,0,0.9726238050910052
5.957992214856225,0,0.9726238050910052
6.325950188130767,0,0.9726238050910052
6.542379039475013,0,0.9726238050910052
6.62211115801978,0,0.9726238050910052
6.55712384308929,1,0.9743677257900738
6.341264716166959,0,0.9743677257900738
5.9874025189520115,0,0.9743677257900738
5.534053538766602,0,0.9743677257900738
5.021794380153902,0,0.9743677257900738
4.4770789511245965,0,0.9743677257900738
3.9133294070499542,0,0.9743677257900738
3.321430412593521,0,0.9743677257900738
2.6907283186365962,0,0.9743677257900738
1.9831954116697872,0,0.9743677257900738
1.1208048433752742,0,0.9743677257900738
0.016358658821530814,0,0.9743677257900738
-1.4048206756865058,0,0.9743677257900738
-3.1679287114232215,0,0.9743677257900738
-5.251079976125059,0,0.9743677257900738
-7.570597336229554,0,0.9743677257900738
-9.918059816403764,0,0.9743677257900738
-12.001859490931661,0,0.9743677257900738
-13.549229348899708,0,0.9743677257900738
-14.320404621367926,0,0.9743677257900738
-14.194226643352193,0,0.9743677257900738
-13.241093532587962,0,0.9743677257900738
-11.611615391687314,0,0.9743677257900738
-9.472383047423593,0,0.9743677257900738
-7.029685130442561,0,0.9743677257900738
-4.536990994406317,0,0.9743677257900738
-2.210791188607025,0,0.9743677257900738
-0.14939987612240593,0,0.9743677257900738
1.570518284810648,0,0.9743677257900738
2.8427860171663,0,0.9743677257900738
3.613480101499865,0,0.9743677257900738
3.9534545697472994,0,0.9743677257900738
4.017010688762359,0,0.9743677257900738
3.912135624081411,0,0.9743677257900738
3.701169593349969,0,0.9743677257900738
3.4368220200192976,0,0.9743677257900738
3.16286972317768,0,0.9743677257900738
2.9531326243490277,0,0.9743677257900738
2.91365076228007,0,0.9743677257900738
3.130707992253287,0,0.9743677257900738
3.5639917019867187,0,0.9743677257900738
4.045932927159751,0,0.9743677257900738
4.481048859159322,0,0.9743677257900738
4.912650559218766,0,0.9743677257900738
5.337320713704122,0,0.9743677257900738
5.6602458743567095,0,0.9743677257900738
5.830134096183298,0,0.9743677257900738
5.856256406794391,0,0.9743677257900738
5.74977599199381,1,0.9743677257900738
5.551015245076172,0,0.9743677257900738
5.321800555824761,0,0.9743677257900738
5.042333756381406,0,0.9743677257900738
4.6580004888376605,0,0.9743677257900738
4.183042827173904,0,0.9743677257900738
3.672548646172984,0,0.9743677257900738
3.1512445829644777,0,0.9743677257900738
2.534526130867211,0,0.9743677257900738
1.6681581661972695,0,0.9743677257900738
0.48117950823546496,0,0.9743677257900738
-1.0066487560124648,0,0.9743677257900738
-2.8184058915338914,0,0.9743677257900738
-4.971447543460673,0,0.9743677257900738
-7.312525462710764,0,0.9743677257900738
-9.63232058175391,0,0.9743677257900738
-11.770876112051486,0,0.9743677257900738
-13.482233225986066,0,0.9743677257900738
-14.447771541978678,0,0.9743677257900738
-14.466091637661583,0,0.9743677257900738
-13.551573033961368,0,0.9743677257900738
-11.838041461734907,0,0.9743677257900738
-9.501216378910097,0,0.9743677257900738
-6.818000611089187,0,0.9743677257900738
-4.134630100305436,0,0.9743677257900738
-1.6954856046095936,0,0.9743677257900738
0.41953158195349527,0,0.9743677257900738
2.1496911095076476,0,0.9743677257900738
3.3968391975510945,0,0.9743677257900738
4.116336552710099,0,0.9743677257900738
4.375558245271417,0,0.9743677257900738
4.333738554722478,0,0.9743677257900738
4.143900116009916,0,0.9743677257900738
3.937943006672715,0,0.9743677257900738
3.7929766880905618,0,0.9743677257900738
3.66964375538204,0,0.9743677257900738
3.5585073110818413,0,0.9743677257900738
3.5334521396906458,0,0.9743677257900738
3.647533694481081,0,0.9743677257900738
3.9216713414048967,0,0.9743677257900738
4.356444257511012,0,0.9743677257900738
4.898587959122156,0,0.9743677257900738
5.407294904179512,0,0.9743677257900738
5.790348011984173,0,0.9743677257900738
6.093127760413533,0,0.9743677257900738
6.329335733413538,0,0.9743677257900738
6.4013286896445685,0,0.9743677257900738
6.231292004568186,1,0.974419638306563
5.877457474014612,0,0.974419638306563
5.450339902283829,0,0.974419638306563
4.994838684897656,0,0.974419638306563
4.5640246120266825,0,0.974419638306563
4.241869229640409,0,0.974419638306563
3.987489801873051,0,0.974419638306563
3.673947776998667,0,0.974419638306563
3.252167236625463,0,0.974419638306563
2.716301179465639,0,0.974419638306563
2.057868710180862,0,0.974419638306563
1.2439343514333818,0,0.974419638306563
0.1791788212269955,0,0.974419638306563
-1.2184439132783387,0,0.974419638306563
-2.9453229764726467,0,0.974419638306563
-4.950714561578333,0,0.974419638306563
-7.159516533474817,0,0.974419638306563
-9.437966867977414,0,0.974419638306563
-11.584683925137643,0,0.974419638306563
-13.343592313578974,0,0.974419638306563
-14.458279928647924,0,0.974419638306563
-14.735501032140574,0,0.974419638306563
-14.075290839949137,0,0.974419638306563
-12.522333309868449,0,0.974419638306563
-10.244361943248194,0,0.974419638306563
-7.517113635408592,0,0.974419638306563
-4.740824111822915,0,0.974419638306563
-2.215579729347435,0,0.974419638306563
-0.0665774828170221,0,0.974419638306563
1.576803080939338,0,0.974419638306563
2.67191613998565,0,0.974419638306563
3.277332287720269,0,0.974419638306563
3.4419819150531907,0,0.974419638306563
3.302559123144665,0,0.974419638306563
3.046242921935594,0,0.974419638306563
2.804879940758285,0,0.974419638306563
2.6497375217634915,0,0.974419638306563
2.595753745422128,0,0.974419638306563
2.6704137911120354,0,0.974419638306563
2.9078901979165837,0,0.974419638306563
3.2805051925597533,0,0.974419638306563
3.7059904442475062,0,0.974419638306563
4.124525708408446,0,0.974419638306563
4.5552859564466175,0,0.974419638306563
5.033787900813746,0,0.974419638306563
5.504137071360859,0,0.974419638306563
5.849199206780615,0,0.974419638306563
6.02615202473402,0,0.974419638306563
6.043557170761745,0,0.974419638306563
5.887647498252818,1,0.9744215445245744
5.586157366346267,0,0.9744215445245744
5.241787127066143,0,0.9744215445245744
4.937192979123413,0,0.9744215445245744
4.651344705987327,0,0.9744215445245744
4.316312317135515,0,0.9744215445245744
3.952889460449905,0,0.9744215445245744
3.650348795194246,0,0.9744215445245744
3.3938107711433987,0,0.9744215445245744
3.083197783111496,0,0.9744215445245744
2.674139028261318,0,0.9744215445245744
2.150527335887335,0,0.9744215445245744
1.438357924942013,0,0.9744215445245744
0.46211553360076496,0,0.9744215445245744
-0.7846611389532283,0,0.9744215445245744
-2.3496039178190076,0,0.9744215445245744
-4.334438516479958,0,0.9744215445245744
-6.682545950971826,0,0.9744215445245744
-9.129065830787344,0,0.9744215445245744
-11.340081856172489,0,0.9744215445245744
-13.010977873545116,0,0.9744215445245744
-13.936212020672345,0,0.9744215445245744
-14.018789345083938,0,0.9744215445245744
-13.227865227087655,0,0.9744215445245744
-11.63918274498807,0,0.9744215445245744
-9.470183467804466,0,0.9744215445245744
-6.98478562118853,0,0.9744215445245744
-4.430927106868101,0,0.9744215445245744
-2.0192495584013743,0,0.9744215445245744
0.09950898961613361,0,0.9744215445245744
1.7596450681946045,0,0.9744215445245744
2.838831971778183,0,0.9744215445245744
3.3916982179067126,0,0.9744215445245744
3.5315516460560983,0,0.9744215445245744
3.310639170820446,0,0.9744215445245744
2.8409027953935833,0,0.9744215445245744
2.3615478508711822,0,0.9744215445245744
2.060013898887347,0,0.9744215445245744
1.9674281688914286,0,0.9744215445245744
2.075586346246435,0,0.9744215445245744
2.380531322972627,0,0.9744215445245744
2.8279828667975884,0,0.9744215445245744
3.346020233161358,0,0.9744215445245744
3.892427478565391,0,0.9744215445245744
4.419675858304,0,0.9744215445245744
4.854051749207401,0,0.9744215445245744
5.165223343018808,0,0.9744215445245744
5.391496354329449,0,0.9744215445245744
5.543058415545182,0,0.9744215445245744
5.578282164650032,0,0.9744215445245744
5.497201730490134,1,0.9744701333863685
5.353075835980824,0,0.9744701333863685
5.177045788522365,0,0.9744701333863685
4.9650535609080455,0,0.9744701333863685
4.746421635774889,0,0.9744701333863685
4.572508176565895,0,0.9744701333863685
4.424412709369271,0,0.9744701333863685
4.24026113318431,0,0.9744701333863685
3.9942360130600725,0,0.9744701333863685
3.6653021246371673,0,0.9744701333863685
3.2160520393851963,0,0.9744701333863685
2.6520143437198134,0,0.9744701333863685
1.9806216760065238,0,0.9744701333863685
1.134734658489011,0,0.9744701333863685
0.009981256168402536,0,0.9744701333863685
-1.4661602334802746,0,0.9744701333863685
-3.29983832736563,0,0.9744701333863685
-5.455404965773843,0,0.9744701333863685
-7.844203285568643,0,0.9744701333863685
-10.255091332880601,0,0.9744701333863685
-12.386037292839651,0,0.9744701333863685
-13.969202736935989,0,0.9744701333863685
-14.821353720864405,0,0.9744701333863685
-14.796311700250602,0,0.9744701333863685
-13.835283320855059,0,0.9744701333863685
-12.074845111596835,0,0.9744701333863685
-9.762110030989962,0,0.9744701333863685
-7.139192545550316,0,0.9744701333863685
-4.478513852856156,0,0.9744701333863685
-2.061960147694648,0,0.9744701333863685
-0.03222715924482299,0,0.9744701333863685
1.5996812380315633,0,0.9744701333863685
2.7799239726716176,0,0.9744701333863685
3.4280303548857436,0,0.9744701333863685
3.589519746738663,0,0.9744701333863685
3.426603072687658,0,0.9744701333863685
3.0998704251577816,0,0.9744701333863685
2.728269082457698,0,0.9744701333863685
2.4088407386390682,0,0.9744701333863685
2.223501429640118,0,0.9744701333863685
2.2315250319529687,0,0.9744701333863685
2.455482584341874,0,0.9744701333863685
2.89365236999599,0,0.9744701333863685
3.494868986823105,0,0.9744701333863685
4.1188379324562066,0,0.9744701333863685
4.6571406115079,0,0.9744701333863685
5.1188646186940465,0,0.9744701333863685
5.538023583890392,0,0.9744701333863685
5.8835639451593575,0,0.9744701333863685
6.084092971129513,0,0.9744701333863685
6.163428927932416,0,0.9744701333863685
6.1799008367737,0,0.9744701333863685
6.092066777249061,1,0.9747294551377231
5.865880284628435,0,0.9747294551377231
5.522013476139427,0,0.9747294551377231
5.096461321509725,0,0.9747294551377231
4.650391171504816,0,0.9747294551377231
4.241437474439843,0,0.9747294551377231
3.9084205727728794,0,0.9747294551377231
3.6223564649981657,0,0.9747294551377231
3.2591099519022793,0,0.9747294551377231
2.7054822152072084,0,0.9747294551377231
1.8862881882010798,0,0.9747294551377231
0.7269868044841089,0,0.9747294551377231
-0.8068886724997435,0,0.9747294551377231
-2.6806874831185366,0,0.9747294551377231
-4.8316378517219185,0,0.9747294551377231
-7.196081377843393,0,0.9747294551377231
-9.614767179664101,0,0.9747294551377231
-11.769915527189688,0,0.9747294551377231
-13.311004306665584,0,0.9747294551377231
-14.032539667266397,0,0.9747294551377231
-13.889752244557323,0,0.9747294551377231
-12.901340135926777,0,0.9747294551377231
-11.161065148800583,0,0.9747294551377231
-8.898415133700963,0,0.9747294551377231
-6.388313844237072,0,0.9747294551377231
-3.83090510914635,0,0.9747294551377231
-1.4247726364978042,0,0.9747294551377231
0.6275046040352398,0,0.9747294551377231
2.2488320584245485,0,0.9747294551377231
3.425645807453243,0,0.9747294551377231
4.13484372429748,0,0.9747294551377231
4.417997263528999,0,0.9747294551377231
4.388694881956961,0,0.9747294551377231
4.110956290000571,0,0.9747294551377231
3.6191907218800403,0,0.9747294551377231
3.0866628188056,0,0.9747294551377231
2.716062483194246,0,0.9747294551377231
2.5673272687346693,0,0.9747294551377231
2.650229150548314,0,0.9747294551377231
2.970519682701403,0,0.9747294551377231
3.4647935130444676,0,0.9747294551377231
4.011723432650442,0,0.9747294551377231
4.522300050882649,0,0.9747294551377231
4.9638532413722105,0,0.9747294551377231
5.330143061297085,0,0.9747294551377231
5.649051115772914,0,0.9747294551377231
5.8994970861802285,0,0.9747294551377231
5.994703299015839,0,0.9747294551377231
5.912193126266177,1,0.9750086754451753
5.692947856147557,0,0.9750086754451753
5.36463818112124,0,0.9750086754451753
4.94968521942489,0,0.9750086754451753
4.489770946162175,0,0.9750086754451753
4.063574091752005,0,0.9750086754451753
3.752888348224987,0,0.9750086754451753
3.530356080360441,0,0.9750086754451753
3.263697894253851,0,0.9750086754451753
2.8559766470157313,0,0.9750086754451753
2.3424602195504316,0,0.9750086754451753
1.805435653970865,0,0.9750086754451753
1.2335796414854279,0,0.9750086754451753
0.5489355920444424,0,0.9750086754451753
-0.3766074769845168,0,0.9750086754451753
-1.6989217284522575,0,0.9750086754451753
-3.441085429623506,0,0.9750086754451753
-5.497018617332205,0,0.9750086754451753
-7.784955112724999,0,0.9750086754451753
-10.190956557689978,0,0.9750086754451753
-12.415732694747811,0,0.9750086754451753
-14.099720337007662,0,0.9750086754451753
-15.036691331719524,0,0.9750086754451753
-15.094773191554609,0,0.9750086754451753
-14.176450788398068,0,0.9750086754451753
-12.395277620649436,0,0.9750086754451753
-10.031592340474392,0,0.9750086754451753
-7.3164246337988486,0,0.9750086754451753
-4.468864200468025,0,0.9750086754451753
-1.8106786741338388,0,0.9750086754451753
0.3897457086679737,0,0.9750086754451753
2.026919639960981,0,0.9750086754451753
3.093143290011702,0,0.9750086754451753
3.684551695010854,0,0.9750086754451753
3.9424188768477317,0,0.9750086754451753
3.9449131070827623,0,0.9750086754451753
3.7443206751914735,0,0.9750086754451753
3.4305663124320476,0,0.9750086754451753
3.1260727516299185,0,0.9750086754451753
2.925777133813034,0,0.9750086754451753
2.844820449581227,0,0.9750086754451753
2.8826498066647708,0,0.9750086754451753
3.079071553848865,0,0.9750086754451753
3.467105421634858,0,0.9750086754451753
4.029428487763314,0,0.9750086754451753
4.678170274258967,0,0.9750086754451753
5.272744249257949,0,0.9750086754451753
5.692054698582725,0,0.9750086754451753
5.895368333956169,0,0.9750086754451753
5.924611547946027,0,0.9750086754451753
5.8525282786528425,1,0.9750312537267848
5.719930397034915,0,0.9750312537267848
5.511635962667547,0,0.9750312537267848
5.19688927668388,0,0.9750312537267848
4.790234786844233,0,0.9750312537267848
4.379573585859948,0,0.9750312537267848
4.042939257515854,0,0.9750312537267848
3.757965952953745,0,0.9750312537267848
3.470199949207255,0,0.9750312537267848
3.168641480412874,0,0.9750312537267848
2.858730240070688,0,0.9750312537267848
2.528392060708081,0,0.9750312537267848
2.171583706708956,0,0.9750312537267848
1.7643013066495432,0,0.9750312537267848
1.2223174421023584,0,0.9750312537267848
0.4166125555093531,0,0.9750312537267848
-0.761638935958943,0,0.9750312537267848
-2.309663725012684,0,0.9750312537267848
-4.1474069745118625,0,0.9750312537267848
-6.155972843493604,0,0.9750312537267848
-8.206486661074246,0,0.9750312537267848
-10.240256671288448,0,0.9750312537267848
-12.158992181073469,0,0.9750312537267848
-13.716375725059855,0,0.9750312537267848
-14.60759260324035,0,0.9750312537267848
-14.606530017786207,0,0.9750312537267848
-13.683652207206524,0,0.9750312537267848
-11.962320637673923,0,0.9750312537267848
-9.62686374161978,0,0.9750312537267848
-6.925546274797066,0,0.9750312537267848
-4.1340805034910275,0,0.9750312537267848
-1.497944848107731,0,0.9750312537267848
0.7697521310063564,0,0.9750312537267848
2.4803030581739023,0,0.9750312537267848
3.5510256733250447,0,0.9750312537267848
4.082703481898116,0,0.9750312537267848
4.2435639872934,0,0.9750312537267848
4.112128142937459,0,0.9750312537267848
3.744263142924649,0,0.9750312537267848
3.2698736902374375,0,0.9750312537267848
2.854953708118618,0,0.9750312537267848
2.639377752519039,0,0.9750312537267848
2.635630892245656,0,0.9750312537267848
2.753061823983411,0,0.9750312537267848
2.9576000036991528,0,0.9750312537267848
3.2785863995616595,0,0.9750312537267848
3.7337055208611583,0,0.9750312537267848
4.310123317820072,0,0.9750312537267848
4.927131769763838,0,0.9750312537267848
5.450883806064502,0,0.9750312537267848
5.807048971400674,0,0.9750312537267848
5.996938094601175,0,0.9750312537267848
5.9940474745169885,1,0.9749210364645378
5.796739986699669,0,0.9749210364645378
5.548478643874044,0,0.9749210364645378
5.372036331783897,0,0.9749210364645378
5.236314360729971,0,0.9749210364645378
5.07809567268276,0,0.9749210364645378
4.844490265621651,0,0.9749210364645378
4.523020276251341,0,0.9749210364645378
4.1472355310942,0,0.9749210364645378
3.6928048604239403,0,0.9749210364645378
3.1477356939074554,0,0.9749210364645378
2.561207322882914,0,0.9749210364645378
1.9217049247312896,0,0.9749210364645378
1.1866483744742684,0,0.9749210364645378
0.28691792184311987,0,0.9749210364645378
-0.9618763088504851,0,0.9749210364645378
-2.6850568654249383,0,0.9749210364645378
-4.780660486429218,0,0.9749210364645378
-7.058868890263557,0,0.9749210364645378
-9.354491386157028,0,0.9749210364645378
-11.467147561947328,0,0.9749210364645378
-13.118377911551798,0,0.9749210364645378
-14.051011638087324,0,0.9749210364645378
-14.148959050716947,0,0.9749210364645378
-13.398575596087515,0,0.9749210364645378
-11.849570764096569,0,0.9749210364645378
-9.629954913720473,0,0.9749210364645378
-6.946562951750224,0,0.9749210364645378
-4.109512340502746,0,0.9749210364645378
-1.4435694069236684,0,0.9749210364645378
0.8419294827248245,0,0.9749210364645378
2.6366693620559616,0,0.9749210364645378
3.8619664434086705,0,0.9749210364645378
4.489871401637634,0,0.9749210364645378
4.591709960487295,0,0.9749210364645378
4.2974427389502745,0,0.9749210364645378
3.785931326711569,0,0.9749210364645378
3.2591511686033416,0,0.9749210364645378
2.8430595151407774,0,0.9749210364645378
2.592782812005827,0,0.9749210364645378
2.507159376912716,0,0.9749210364645378
2.544975858498172,0,0.9749210364645378
2.705999174579456,0,0.9749210364645378
3.0232486560549994,0,0.9749210364645378
3.482237141329098,0,0.9749210364645378
4.020840725537238,0,0.9749210364645378
4.569928017754751,0,0.9749210364645378
5.064088414018705,0,0.9749210364645378
5.472301442091856,0,0.9749210364645378
5.792872916463611,0,0.9749210364645378
6.015472851884329,0,0.9749210364645378
6.1008765388118675,0,0.9749210364645378
6.005025348808744,1,0.9748448900626135
5.746103311044679,0,0.9748448900626135
5.398938127595601,0,0.9748448900626135
5.00448054546022,0,0.9748448900626135
4.545633815237347,0,0.9748448900626135
4.051767318111489,0,0.9748448900626135
3.582436415542783,0,0.9748448900626135
3.127599839619474,0,0.9748448900626135
2.6868592566333365,0,0.9748448900626135
2.255401927076901,0,0.9748448900626135
1.7245809216128207,0,0.9748448900626135
0.9882834762032681,0,0.9748448900626135
0.01495840593151479,0,0.9748448900626135
-1.2070384341171665,0,0.9748448900626135
-2.707790061512179,0,0.9748448900626135
-4.514983671236237,0,0.9748448900626135
-6.588798470257175,0,0.9748448900626135
-8.823375032834308,0,0.9748448900626135
-11.040488586981542,0,0.9748448900626135
-12.950380221482622,0,0.9748448900626135
-14.237564064280283,0,0.9748448900626135
-14.66843858124726,0,0.9748448900626135
-14.1380805639026,0,0.9748448900626135
-12.736440634751284,0,0.9748448900626135
-10.69441584989438,0,0.9748448900626135
-8.227744042314251,0,0.9748448900626135
-5.538239700418789,0,0.9748448900626135
-2.8962561163559246,0,0.9748448900626135
-0.5664167816849358,0,0.9748448900626135
1.282463015671149,0,0.9748448900626135
2.551028187221457,0,0.9748448900626135
3.2436634136330755,0,0.9748448900626135
3.4956702763034255,0,0.9748448900626135
3.4611853829952968,0,0.9748448900626135
3.222554683280581,0,0.9748448900626135
2.8701520143925454,0,0.9748448900626135
2.565684568709327,0,0.9748448900626135
2.4000417854190466,0,0.9748448900626135
2.370588521752113,0,0.9748448900626135
2.499310618250835,0,0.9748448900626135
2.7902893973637295,0,0.9748448900626135
3.215816571263345,0,0.9748448900626135
3.764657815870729,0,0.9748448900626135
4.392641495087352,0,0.9748448900626135
5.00373171781847,0,0.9748448900626135
5.5127036160164895,0,0.9748448900626135
5.88990737269022,0,0.9748448900626135
6.141320046485358,0,0.9748448900626135
6.256904182755641,0,0.9748448900626135
6.2224928059426,1,0.9768023874903956
6.052625929953684,0,0.9768023874903956
5.762643738166046,0,0.9768023874903956
5.378057591475706,0,0.9768023874903956
4.940557498304348,0,0.9768023874903956
4.48643216917276,0,0.9768023874903956
4.067848936172535,0,0.9768023874903956
3.6872742628852198,0,0.9768023874903956
3.2452182148110134,0,0.9768023874903956
2.6560667905360136,0,0.9768023874903956
1.903119097419229,0,0.9768023874903956
0.9817405454916504,0,0.9768023874903956
-0.09913258112159185,0,0.9768023874903956
-1.3419767635083868,0,0.9768023874903956
-2.824540170825756,0,0.9768023874903956
-4.603659313801721,0,0.9768023874903956
-6.618532575288973,0,0.9768023874903956
-8.773019682933182,0,0.9768023874903956
-10.920312993447178,0,0.9768023874903956
-12.765167906950323,0,0.9768023874903956
-13.981935905973396,0,0.9768023874903956
-14.372921402228226,0,0.9768023874903956
-13.840407514841909,0,0.9768023874903956
-12.38809631553684,0,0.9768023874903956
-10.20339740936377,0,0.9768023874903956
-7.562401383539121,0,0.9768023874903956
-4.745796225492954,0,0.9768023874903956
-2.079146162819133,0,0.9768023874903956
0.18379745017008153,0,0.9768023874903956
1.9245096716643846,0,0.9768023874903956
3.133382863836305,0,0.9768023874903956
3.8973973081270388,0,0.9768023874903956
4.24020794784447,0,0.9768023874903956
4.1783137141244575,0,0.9768023874903956
3.9002058705779654,0,0.9768023874903956
3.6220202400337036,0,0.9768023874903956
3.4422096629023664,0,0.9768023874903956
3.4064496001645623,0,0.9768023874903956
3.545400304759526,0,0.9768023874903956
3.8093060013286,0,0.9768023874903956
4.104230584832248,0,0.9768023874903956
4.394625745705302,0,0.9768023874903956
4.692713020130851,0,0.9768023874903956
5.044679593521623,0,0.9768023874903956
5.494183431365924,0,0.9768023874903956
5.970346249354936,0,0.9768023874903956
6.286322018956759,0,0.9768023874903956
6.289039563488467,0,0.9768023874903956
6.003321291123698,1,0.9768966398515684
5.614416893933776,0,0.9768966398515684
5.30290151177673,0,0.9768966398515684
5.109900482106215,0,0.9768966398515684
4.934400702182831,0,0.9768966398515684
4.666006149564702,0,0.9768966398515684
4.29421096013411,0,0.9768966398515684
3.8556511331633523,0,0.9768966398515684
3.3669734961391216,0,0.9768966398515684
2.845097840547469,0,0.9768966398515684
2.326695233389876,0,0.9768966398515684
1.8205379268582365,0,0.9768966398515684
1.2639566866502985,0,0.9768966398515684
0.5616777435511422,0,0.9768966398515684
-0.3781631622830483,0,0.9768966398515684
-1.6770179224126631,0,0.9768966398515684
-3.416904110142185,0,0.9768966398515684
-5.501015034838445,0,0.9768966398515684
-7.7354293569175345,0,0.9768966398515684
-9.937382137680586,0,0.9768966398515684
-11.903337791341254,0,0.9768966398515684
-13.409347473869344,0,0.9768966398515684
-14.222378076993268,0,0.9768966398515684
-14.191635476391006,0,0.9768966398515684
-13.314302030662992,0,0.9768966398515684
-11.642130793808079,0,0.9768966398515684
-9.305871054012083,0,0.9768966398515684
-6.585851424623965,0,0.9768966398515684
-3.789928918410725,0,0.9768966398515684
-1.168714941560007,0,0.9768966398515684
1.0120850788939173,0,0.9768966398515684
2.570263786788243,0,0.9768966398515684
3.541687919660303,0,0.9768966398515684
4.0438531657914725,0,0.9768966398515684
4.182334970827133,0,0.9768966398515684
4.059057000843032,0,0.9768966398515684
3.7715985022902494,0,0.9768966398515684
3.414970582215371,0,0.9768966398515684
3.0532104071065396,0,0.9768966398515684
2.765010357924234,0,0.9768966398515684
2.660714132585465,0,0.9768966398515684
2.7774899701394364,0,0.9768966398515684
3.054943400877208,0,0.9768966398515684
3.420636600264067,0,0.9768966398515684
3.827193781538382,0,0.9768966398515684
4.249925310239828,0,0.9768966398515684
4.668849028879191,0,0.9768966398515684
5.091123927277871,0,0.9768966398515684
5.494681272672035,0,0.9768966398515684
5.724268194260654,0,0.9768966398515684
5.710492521059002,1,0.9769170100712009
5.60207244759892,0,0.9769170100712009
5.530282590875067,0,0.9769170100712009
5.456810007659522,0,0.9769170100712009
5.252235482461044,0,0.9769170100712009
4.89127518306316,0,0.9769170100712009
4.450125200291752,0,0.9769170100712009
3.9402120908305704,0,0.9769170100712009
3.374959718083045,0,0.9769170100712009
2.866807268119857,0,0.9769170100712009
2.5018820691418635,0,0.9769170100712009
2.232547645245324,0,0.9769170100712009
1.9386878481783663,0,0.9769170100712009
1.5179089279450428,0,0.9769170100712009
0.8508607517055792,0,0.9769170100712009
-0.21661617982527365,0,0.9769170100712009
-1.7317130043303113,0,0.9769170100712009
-3.6319629643735545,0,0.9769170100712009
-5.869802992265255,0,0.9769170100712009
-8.333461571235533,0,0.9769170100712009
-10.785889677277039,0,0.9769170100712009
-12.961638983318252,0,0.9769170100712009
-14.57120297000266,0,0.9769170100712009
-15.287062726576455,0,0.9769170100712009
-14.92462163555078,0,0.9769170100712009
-13.58916176056325,0,0.9769170100712009
-11.517610704504229,0,0.9769170100712009
-8.92517950350455,0,0.9769170100712009
-6.113358234607124,0,0.9769170100712009
-3.438801953083753,0,0.9769170100712009
-1.0746231976943081,0,0.9769170100712009
0.9452851208083057,0,0.9769170100712009
2.529185581967901,0,0.9769170100712009
3.575250126490541,0,0.9769170100712009
4.10907293455508,0,0.9769170100712009
4.254708475257236,0,0.9769170100712009
4.124375250644434,0,0.9769170100712009
3.815233176388221,0,0.9769170100712009
3.470235151209632,0,0.9769170100712009
3.2559439164519066,0,0.9769170100712009
3.226014324489974,0,0.9769170100712009
3.3085904905949617,0,0.9769170100712009
3.4571219673009694,0,0.9769170100712009
3.661132172106679,0,0.9769170100712009
3.917775865060017,0,0.9769170100712009
4.2516169761095055,0,0.9769170100712009
4.612621999464431,0,0.9769170100712009
4.896557972306804,0,0.9769170100712009
5.102442425868864,0,0.9769170100712009
5.27442439690532,0,0.9769170100712009
5.405850927938287,0,0.9769170100712009
5.475191909841977,0,0.9769170100712009
5.465236136531532,1,0.9771019412336172
5.357094533171102,0,0.9771019412336172
5.133163904961058,0,0.9771019412336172
4.819471754018266,0,0.9771019412336172
4.478677186861154,0,0.9771019412336172
4.140811986060374,0,0.9771019412336172
3.8075509286004148,0,0.9771019412336172
3.4544053414552223,0,0.9771019412336172
3.033473180571228,0,0.9771019412336172
2.5117500883630335,0,0.9771019412336172
1.8606069786686135,0,0.9771019412336172
1.0750287241566419,0,0.9771019412336172
0.18953507493932195,0,0.9771019412336172
-0.8367605178162459,0,0.9771019412336172
-2.145764097636382,0,0.9771019412336172
-3.795653330880938,0,0.9771019412336172
-5.707060478531123,0,0.9771019412336172
-7.789809331332248,0,0.9771019412336172
-9.929833090722044,0,0.9771019412336172
-11.900464385317658,0,0.9771019412336172
-13.409669257889593,0,0.9771019412336172
-14.193937371883852,0,0.9771019412336172
-14.1098382653622,0,0.9771019412336172
-13.171528204926508,0,0.9771019412336172
-11.469917505776115,0,0.9771019412336172
-9.16992545171074,0,0.9771019412336172
-6.533088273694154,0,0.9771019412336172
-3.8327369001233698,0,0.9771019412336172
-1.3171895806994793,0,0.9771019412336172
0.8099828964064322,0,0.9771019412336172
2.4306004533459906,0,0.9771019412336172
3.520990759774608,0,0.9771019412336172
4.117291508339223,0,0.9771019412336172
4.282170861226988,0,0.9771019412336172
4.153132762121159,0,0.9771019412336172
3.919767439051476,0,0.9771019412336172
3.715482024420548,0,0.9771019412336172
3.5907671415788225,0,0.9771019412336172
3.5339657450459225,0,0.9771019412336172
3.5006875290425414,0,0.9771019412336172
3.503722361322003,0,0.9771019412336172
3.6453835297733472,0,0.9771019412336172
3.9431039001095924,0,0.9771019412336172
4.3096125302006705,0,0.9771019412336172
4.744553897767315,0,0.9771019412336172
5.250607060012349,0,0.9771019412336172
5.713802777288013,0,0.9771019412336172
6.021961619383619,0,0.9771019412336172
6.113743673568776,0,0.9771019412336172
5.971362972876926,1,0.9809490077119343
5.654597047465702,0,0.9809490077119343
5.258992782957307,0,0.9809490077119343
4.862238410075661,0,0.9809490077119343
4.530608997335864,0,0.9809490077119343
4.286534737474168,0,0.9809490077119343
4.055406456226348,0,0.9809490077119343
3.742460849344481,0,0.9809490077119343
3.3557799628472003,0,0.9809490077119343
2.9563945424337392,0,0.9809490077119343
2.5432972288979876,0,0.9809490077119343
2.107094937020344,0,0.9809490077119343
1.6150450624970403,0,0.9809490077119343
0.910965282732295,0,0.9809490077119343
-0.15274407192442854,0,0.9809490077119343
-1.626340363429477,0,0.9809490077119343
-3.471829649462246,0,0.9809490077119343
-5.571903477551777,0,0.9809490077119343
-7.833382168745876,0,0.9809490077119343
-10.114050389423635,0,0.9809490077119343
-12.144462323484637,0,0.9809490077119343
-13.643702827480768,0,0.9809490077119343
-14.399997260954885,0,0.9809490077119343
-14.294330387971845,0,0.9809490077119343
-13.293354380191465,0,0.9809490077119343
-11.506216022916977,0,0.9809490077119343
-9.192053031700835,0,0.9809490077119343
-6.6563484794314265,0,0.9809490077119343
-4.1621607079726335,0,0.9809490077119343
-1.8714234061444313,0,0.9809490077119343
0.06983098278656935,0,0.9809490077119343
1.5087578283202432,0,0.9809490077119343
2.4392384819164747,0,0.9809490077119343
2.9754412485024964,0,0.9809490077119343
3.2217833751384015,0,0.9809490077119343
3.2846209375003155,0,0.9809490077119343
3.2567464770698664,0,0.9809490077119343
3.210869180548728,0,0.9809490077119343
3.2171158479223365,0,0.9809490077119343
3.2759603402824857,0,0.9809490077119343
3.3579311377931456,0,0.9809490077119343
3.477435332493597,0,0.9809490077119343
3.6807823944281126,0,0.9809490077119343
4.013796836013824,0,0.9809490077119343
4.42761616000362,0,0.9809490077119343
4.828956275630998,0,0.9809490077119343
5.270701693972449,0,0.9809490077119343
5.801822747716848,0,0.9809490077119343
6.244626892417352,0,0.9809490077119343
6.434416258503109,0,0.9809490077119343
6.4338695607679135,1,0.9809554053293338
6.313805079852569,0,0.9809554053293338
6.010491872959381,0,0.9809554053293338
5.541775307947229,0,0.9809554053293338
5.064029438693763,0,0.9809554053293338
4.6430126418519935,0,0.9809554053293338
4.234743335934526,0,0.9809554053293338
3.8203574782814247,0,0.9809554053293338
3.3845755480214526,0,0.9809554053293338
2.894443701143836,0,0.9809554053293338
2.315915843637786,0,0.9809554053293338
1.6075437065582703,0,0.9809554053293338
0.7312194746660731,0,0.9809554053293338
-0.37524384601907357,0,0.9809554053293338
-1.7741378282808435,0,0.9809554053293338
-3.499106193206062,0,0.9809554053293338
-5.542972360597193,0,0.9809554053293338
-7.795549732934233,0,0.9809554053293338
-10.035525931456842,0,0.9809554053293338
-11.963844001287008,0,0.9809554053293338
-13.296576384346077,0,0.9809554053293338
-13.83474236217476,0,0.9809554053293338
-13.481863759158712,0,0.9809554053293338
-12.294868276908637,0,0.9809554053293338
-10.439573183141567,0,0.9809554053293338
-8.120561948028717,0,0.9809554053293338
-5.5680759292978355,0,0.9809554053293338
-2.9826837048081387,0,0.9809554053293338
-0.5643308614070569,0,0.9809554053293338
1.4520871609818287,0,0.9809554053293338
2.913362308406014,0,0.9809554053293338
3.76730763190572,0,0.9809554053293338
4.056340537269372,0,0.9809554053293338
3.94132233416787,0,0.9809554053293338
3.5854512828411416,0,0.9809554053293338
3.1154062806645335,0,0.9809554053293338
2.6638212500678127,0,0.9809554053293338
2.3431365360500007,0,0.9809554053293338
2.1975818194572874,0,0.9809554053293338
2.1768854526577055,0,0.9809554053293338
2.2376440909146997,0,0.9809554053293338
2.4688750386190383,0,0.9809554053293338
2.980158720208442,0,0.9809554053293338
3.692120503467738,0,0.9809554053293338
4.4088606593896085,0,0.9809554053293338
5.036038369761157,0,0.9809554053293338
5.55569756175505,0,0.9809554053293338
5.934846731952579,0,0.9809554053293338
6.140811550848905,0,0.9809554053293338
6.1453077893396815,0,0.9809554053293338
5.972405572946595,1,0.9809554053293338
5.7052617939715065,0,0.9809554053293338
5.418205960974603,0,0.9809554053293338
5.1598793829781755,0,0.9809554053293338
4.92104974602316,0,0.9809554053293338
4.632506250843191,0,0.9809554053293338
4.235049967569877,0,0.9809554053293338
3.7497082016758236,0,0.9809554053293338
3.264543236356598,0,0.9809554053293338
2.8159297099501033,0,0.9809554053293338
2.385285375060485,0,0.9809554053293338
1.9874664390894148,0,0.9809554053293338
1.6359360681970712,0,0.9809554053293338
1.2637937826043957,0,0.9809554053293338
0.7438622236842601,0,0.9809554053293338
-0.008257818393782201,0,0.9809554053293338
-1.02251401991309,0,0.9809554053293338
-2.3340766066583276,0,0.9809554053293338
-3.9897201181686417,0,0.9809554053293338
-6.013956016477525,0,0.9809554053293338
-8.292811461056177,0,0.9809554053293338
-10.544669884208497,0,0.9809554053293338
-12.494977676591269,0,0.9809554053293338
-13.967323050976892,0,0.9809554053293338
-14.780981610461566,0,0.9809554053293338
-14.726094397598654,0,0.9809554053293338
-13.715762585190701,0,0.9809554053293338
-11.882753672316634,0,0.9809554053293338
-9.485973521690262,0,0.9809554053293338
-6.8059890161588115,0,0.9809554053293338
-4.137342275125441,0,0.9809554053293338
-1.731091901195276,0,0.9809554053293338
0.27392422857794513,0,0.9809554053293338
1.8140866714009407,0,0.9809554053293338
2.8652293183870863,0,0.9809554053293338
3.4616232533614735,0,0.9809554053293338
3.6893214678579045,0,0.9809554053293338
3.649824023663161,0,0.9809554053293338
3.462465679614829,0,0.9809554053293338
3.2585812010492163,0,0.9809554053293338
3.0741232737550495,0,0.9809554053293338
2.866587900361651,0,0.9809554053293338
2.6783117279618143,0,0.9809554053293338
2.606134085500791,0,0.9809554053293338
2.7211157972698246,0,0.9809554053293338
3.0771165092253305,0,0.9809554053293338
3.6319604586701058,0,0.9809554053293338
4.253115089515353,0,0.9809554053293338
4.876745303681173,0,0.9809554053293338
5.4538116343934275,0,0.9809554053293338
5.8510319527330354,0,0.9809554053293338
6.004234728103333,0,0.9809554053293338
5.960116730517143,1,0.980821743172355
5.779091308864718,0,0.980821743172355
5.508963402239673,0,0.980821743172355
5.196053451759221,0,0.980821743172355
4.89461962324191,0,0.980821743172355
4.621558309818458,0,0.980821743172355
4.340294073152562,0,0.980821743172355
3.980522497408115,0,0.980821743172355
3.5057974049403295,0,0.980821743172355
2.9651503561098633,0,0.980821743172355
2.400628091836517,0,0.980821743172355
1.8582674478200747,0,0.980821743172355
1.418372746914292,0,0.980821743172355
1.0291095361615883,0,0.980821743172355
0.4915517712623341,0,0.980821743172355
-0.33841776273323815,0,0.980821743172355
-1.4704390706413215,0,0.980821743172355
-2.884461165571219,0,0.980821743172355
-4.605633906973308,0,0.980821743172355
-6.654921543100701,0,0.980821743172355
-8.925776094475445,0,0.980821743172355
-11.116530945890329,0,0.980821743172355
-12.889313509258766,0,0.980821743172355
-14.021029605178665,0,0.980821743172355
-14.334848509988168,0,0.980821743172355
-13.699864387525837,0,0.980821743172355
-12.170170595061329,0,0.980821743172355
-9.97700691986547,0,0.980821743172355
-7.412945775409072,0,0.980821743172355
-4.777326958468727,0,0.980821743172355
-2.302325869744771,0,0.980821743172355
-0.13649039205446625,0,0.980821743172355
1.6024397437428728,0,0.980821743172355
2.856434824639673,0,0.980821743172355
3.647028450876097,0,0.980821743172355
4.050972544734346,0,0.980821743172355
4.151753245750309,0,0.980821743172355
4.008962524928784,0,0.980821743172355
3.7068310089156813,0,0.980821743172355
3.365819398031814,0,0.980821743172355
3.1052241877564737,0,0.980821743172355
2.9691115498139786,0,0.980821743172355
2.9146108884242365,0,0.980821743172355
2.938433622469328,0,0.980821743172355
3.091680629730997,0,0.980821743172355
3.401287379892769,0,0.980821743172355
3.8692042146298,0,0.980821743172355
4.442816823540522,0,0.980821743172355
5.013725418371315,0,0.980821743172355
5.532370640640065,0,0.980821743172355
5.9801067351633685,0,0.980821743172355
6.276840151678142,0,0.980821743172355
6.392277268897343,0,0.980821743172355
6.359831425301486,1,0.9810395112382434
6.158155979799667,0,0.9810395112382434
5.780204488404068,0,0.9810395112382434
5.3253401715647595,0,0.9810395112382434
4.873422436224307,0,0.9810395112382434
4.4104982851853,0,0.9810395112382434
3.963183817645567,0,0.9810395112382434
3.576500431166105,0,0.9810395112382434
3.1997111356185766,0,0.9810395112382434
2.7678757376082013,0,0.9810395112382434
2.2989624198375456,0,0.9810395112382434
1.8423753627791446,0,0.9810395112382434
1.3540886100164056,0,0.9810395112382434
0.7135799548897074,0,0.9810395112382434
-0.17517842128831498,0,0.9810395112382434
-1.399437516027222,0,0.9810395112382434
-3.0105392424699704,0,0.9810395112382434
-4.948555002747356,0,0.9810395112382434
-7.060821668252933,0,0.9810395112382434
-9.169801332375114,0,0.9810395112382434
-11.127890827643366,0,0.9810395112382434
-12.774262168141982,0,0.9810395112382434
-13.903803863494563,0,0.9810395112382434
-14.346235867450032,0,0.9810395112382434
-13.992581360995098,0,0.9810395112382434
-12.806459790086823,0,0.9810395112382434
-10.853432825356155,0,0.9810395112382434
-8.299031493796445,0,0.9810395112382434
-5.46398007272876,0,0.9810395112382434
-2.7355408034261335,0,0.9810395112382434
-0.36717234381863884,0,0.9810395112382434
1.493118871065701,0,0.9810395112382434
2.7717409361183534,0,0.9810395112382434
3.536702199671264,0,0.9810395112382434
3.9235629801286636,0,0.9810395112382434
4.006188193496978,0,0.9810395112382434
3.8098261777250073,0,0.9810395112382434
3.4500939596443754,0,0.9810395112382434
3.110316208365335,0,0.9810395112382434
2.8820657785012975,0,0.9810395112382434
2.759595278899593,0,0.9810395112382434
2.7626211214557035,0,0.9810395112382434
2.9542294868112013,0,0.9810395112382434
3.309245154337216,0,0.9810395112382434
3.7591162974136196,0,0.9810395112382434
4.291240777173167,0,0.9810395112382434
4.8447587458162635,0,0.9810395112382434
5.313960104159314,0,0.9810395112382434
5.654756393471948,0,0.9810395112382434
5.871391885545932,0,0.9810395112382434
5.975310940456281,0,0.9810395112382434
5.980611924320624,0,0.9810395112382434
5.871571235204566,1,0.9810157814165275
5.625551383213332,0,0.9810157814165275
5.298519023956148,0,0.9810157814165275
4.9516626077517545,0,0.9810157814165275
4.578432692248123,0,0.9810157814165275
4.1853260748044345,0,0.9810157814165275
3.7991113196447883,0,0.9810157814165275
3.428224290364301,0,0.9810157814165275
3.0191859271132557,0,0.9810157814165275
2.4320385081182145,0,0.9810157814165275
1.5946400329018124,0,0.9810157814165275
0.5627529276264849,0,0.9810157814165275
-0.6523353460960118,0,0.9810157814165275
-2.1108405735770184,0,0.9810157814165275
-3.8120773738967895,0,0.9810157814165275
-5.678637920241124,0,0.9810157814165275
-7.6622419382433895,0,0.9810157814165275
-9.729193472260755,0,0.9810157814165275
-11.681020964205512,0,0.9810157814165275
-13.201010304118727,0,0.9810157814165275
-14.045957812420221,0,0.9810157814165275
-14.026507048767229,0,0.9810157814165275
-13.080039233684156,0,0.9810157814165275
-11.379877845713697,0,0.9810157814165275
-9.165243193130248,0,0.9810157814165275
-6.6404074613887065,0,0.9810157814165275
-4.029158051571188,0,0.9810157814165275
-1.5529343018292887,0,0.9810157814165275
0.613564811788014,0,0.9810157814165275
2.3482261681744028,0,0.9810157814165275
3.581533249420935,0,0.9810157814165275
4.311034017631781,0,0.9810157814165275
4.578249302326602,0,0.9810157814165275
4.443459270286078,0,0.9810157814165275
4.051419503167763,0,0.9810157814165275
3.587043613906818,0,0.9810157814165275
3.143408069235533,0,0.9810157814165275
2.7920988907323028,0,0.9810157814165275
2.6532985895018193,0,0.9810157814165275
2.8027744420867498,0,0.9810157814165275
3.2042965420588816,0,0.9810157814165275
3.7393654930620808,0,0.9810157814165275
4.267084974281435,0,0.9810157814165275
4.671812656324423,0,0.9810157814165275
4.949834023955024,0,0.9810157814165275
5.199481473779045,0,0.9810157814165275
5.472983955999545,0,0.9810157814165275
5.743419591408392,0,0.9810157814165275
5.922511927824871,0,0.9810157814165275
5.938279948148743,0,0.9810157814165275
5.8259136675479,1,0.9810126954177956
5.614127916806513,0,0.9810126954177956
5.309084247744614,0,0.9810126954177956
4.951802918144051,0,0.9810126954177956
4.5447654184014095,0,0.9810126954177956
4.078710228165095,0,0.9810126954177956
3.588418301075932,0,0.9810126954177956
3.1026192686388434,0,0.9810126954177956
2.624934430102853,0,0.9810126954177956
2.0857499258858647,0,0.9810126954177956
1.3479216637521803,0,0.9810126954177956
0.3401609285759135,0,0.9810126954177956
-0.9731436378668366,0,0.9810126954177956
-2.6227225455356247,0,0.9810126954177956
-4.596677971516882,0,0.9810126954177956
-6.8703540052656695,0,0.9810126954177956
-9.276122669040266,0,0.9810126954177956
-11.47689438796691,0,0.9810126954177956
-13.191304829572347,0,0.9810126954177956
-14.258806411237215,0,0.9810126954177956
-14.550310162210504,0,0.9810126954177956
-13.991565106908286,0,0.9810126954177956
-12.624988747765782,0,0.9810126954177956
-10.586079021198811,0,0.9810126954177956
-8.08383666886419,0,0.9810126954177956
-5.36049321927241,0,0.9810126954177956
-2.65589562626378,0,0.9810126954177956
-0.18275063775104594,0,0.9810126954177956
1.8904323577031896,0,0.9810126954177956
3.426065172629419,0,0.9810126954177956
4.381490353182033,0,0.9810126954177956
4.820834952638428,0,0.9810126954177956
4.819431403316655,0,0.9810126954177956
4.462423517724971,0,0.9810126954177956
3.9116734155415527,0,0.9810126954177956
3.3479950185240583,0,0.9810126954177956
2.897899768874003,0,0.9810126954177956
2.625023302134287,0,0.9810126954177956
2.53366199550057,0,0.9810126954177956
2.6402420319011943,0,0.9810126954177956
2.958955691297297,0,0.9810126954177956
3.426821145464413,0,0.9810126954177956
3.9720868535105396,0,0.9810126954177956
4.57219806069858,0,0.9810126954177956
5.177349249230326,0,0.9810126954177956
5.6729227612305015,0,0.9810126954177956
5.973379745679909,0,0.9810126954177956
6.0888056762595095,0,0.9810126954177956
6.024710627096747,1,0.9810236089163961
5.745369062357546,0,0.9810236089163961
5.316573729895852,0,0.9810236089163961
4.898864651144482,0,0.9810236089163961
4.561701605091462,0,0.9810236089163961
4.240051508854212,0,0.9810236089163961
3.901895912574323,0,0.9810236089163961
3.5790584939734913,0,0.9810236089163961
3.2221551963485027,0,0.9810236089163961
2.7492219299684275,0,0.9810236089163961
2.120218143973453,0,0.9810236089163961
1.2949880954889723,0,0.9810236089163961
0.25798281641851795,0,0.9810236089163961
-1.0130071763474107,0,0.9810236089163961
-2.5970708552511126,0,0.9810236089163961
-4.5189395985906025,0,0.9810236089163961
-6.635324964782742,0,0.9810236089163961
-8.728578049495583,0,0.9810236089163961
-10.63116510342373,0,0.9810236089163961
-12.157895092415503,0,0.9810236089163961
-13.066454619217364,0,0.9810236089163961
-13.155479958027382,0,0.9810236089163961
-12.357335688377884,0,0.9810236089163961
-10.787954529665102,0,0.9810236089163961
-8.654832222073559,0,0.9810236089163961
-6.160912497782932,0,0.9810236089163961
-3.5761747610904147,0,0.9810236089163961
-1.1748368256745014,0,0.9810236089163961
0.8779127691306443,0,0.9810236089163961
2.4390772047340095,0,0.9810236089163961
3.404970175190563,0,0.9810236089163961
3.809560543735297,0,0.9810236089163961
3.775715444342279,0,0.9810236089163961
3.4278465200898536,0,0.9810236089163961
2.899902958953102,0,0.9810236089163961
2.3719768019743874,0,0.9810236089163961
1.9943369115791498,0,0.9810236089163961
1.8465302082929886,0,0.9810236089163961
1.961956235967083,0,0.9810236089163961
2.325233251885292,0,0.9810236089163961
2.85279854992186,0,0.9810236089163961
3.4073589681628187,0,0.9810236089163961
3.9170229498809817,0,0.9810236089163961
4.3340172176234955,0,0.9810236089163961
4.598577532974076,0,0.9810236089163961
4.7883762260013185,0,0.9810236089163961
5.036807049858944,0,0.9810236089163961
5.367380556578618,0,0.9810236089163961
5.678821485760292,0,0.9810236089163961
5.828431461689259,0,0.9810236089163961
5.759352921938574,1,0.981206701669627
5.515363046772932,0,0.981206701669627
5.154064359569946,0,0.981206701669627
4.633145348523838,0,0.981206701669627
3.8300476731938136,0,0.981206701669627
2.6751441889095604,0,0.981206701669627
1.1384486624460208,0,0.981206701669627
-0.8121759193060226,0,0.981206701669627
-3.128868735972037,0,0.981206701669627
-5.6638172374965405,0,0.981206701669627
-8.229600091767953,0,0.981206701669627
-10.588364419888066,0,0.981206701669627
-12.45509782485045,0,0.981206701669627
-13.56273491146609,0,0.981206701669627
-13.72370746918658,0,0.981206701669627
-12.904126473318934,0,0.981206701669627
-11.228571106199741,0,0.981206701669627
-8.948228070724001,0,0.981206701669627
-6.3974516624824584,0,0.981206701669627
-3.8275959895912615,0,0.981206701669627
-1.3809451842367584,0,0.981206701669627
0.7708694972918522,0,0.981206701669627
2.5032554177488993,0,0.981206701669627
3.790668717533175,0,0.981206701669627
4.578067659606001,0,0.981206701669627
4.8551691626811895,0,0.981206701669627
4.772099711041675,0,0.981206701669627
4.507537449663032,0,0.981206701669627
4.14674818391252,0,0.981206701669627
3.752757179204119,0,0.981206701669627
3.4430147664877433,0,0.981206701669627
3.313698511284765,0,0.981206701669627
3.358305380594822,0,0.981206701669627
3.508542829773426,0,0.981206701669627
3.719647037850305,0,0.981206701669627
3.9758515863124924,0,0.981206701669627
4.268612303008936,0,0.981206701669627
4.620573915620173,0,0.981206701669627
5.02655470629249,0,0.981206701669627
5.3983429902537825,0,0.981206701669627
5.651172253094057,0,0.981206701669627
5.750782169411496,0,0.981206701669627
5.682142090886388,1,0.9803312875689311
5.465882899296506,0,0.9803312875689311
5.148026253315356,0,0.9803312875689311
4.760128683873746,0,0.9803312875689311
4.341784153904835,0,0.9803312875689311
3.9675845661491143,0,0.9803312875689311
3.687960791401559,0,0.9803312875689311
3.4094670087784844,0,0.9803312875689311
2.9250539860368563,0,0.9803312875689311
2.1051979031621464,0,0.9803312875689311
0.963316248774248,0,0.9803312875689311
-0.4615085125881123,0,0.9803312875689311
-2.2070983254667484,0,0.9803312875689311
-4.2754880503615365,0,0.9803312875689311
-6.533306241125823,0,0.9803312875689311
-8.83484986856591,0,0.9803312875689311
-11.014390788601624,0,0.9803312875689311
-12.824882858558324,0,0.9803312875689311
-14.016772984774448,0,0.9803312875689311
-14.379815363197523,0,0.9803312875689311
-13.816021583172498,0,0.9803312875689311
-12.39528684338824,0,0.9803312875689311
-10.293639504431368,0,0.9803312875689311
-7.754121676372337,0,0.9803312875689311
-5.049052082078556,0,0.9803312875689311
-2.42708735282608,0,0.9803312875689311
-0.11948816648332453,0,0.9803312875689311
1.7192600946365053,0,0.9803312875689311
3.070972624135112,0,0.9803312875689311
3.9315432477025305,0,0.9803312875689311
4.272069073806001,0,0.9803312875689311
4.157613787065326,0,0.9803312875689311
3.7494120003741362,0,0.9803312875689311
3.2366906834048614,0,0.9803312875689311
2.760920495580241,0,0.9803312875689311
2.4020641930258,0,0.9803312875689311
2.2727725809407073,0,0.9803312875689311
2.450146343355046,0,0.9803312875689311
2.8668461173119466,0,0.9803312875689311
3.429746086917208,0,0.9803312875689311
4.106022681034404,0,0.9803312875689311
4.842070315203267,0,0.9803312875689311
5.502437438480436,0,0.9803312875689311
5.932702331982341,0,0.9803312875689311
6.067913758902283,0,0.9803312875689311
5.959549998227524,1,0.9800894609284232
5.743844438332208,0,0.9800894609284232
5.540951512724142,0,0.9800894609284232
5.336854694405597,0,0.9800894609284232
5.061431261127739,0,0.9800894609284232
4.717991220218319,0,0.9800894609284232
4.343343110348863,0,0.9800894609284232
3.981502416876814,0,0.9800894609284232
3.682563545986223,0,0.9800894609284232
3.416508463051972,0,0.9800894609284232
3.1261402813006494,0,0.9800894609284232
2.8032872600323744,0,0.9800894609284232
2.408749609362977,0,0.9800894609284232
1.901950838167073,0,0.9800894609284232
1.280193786754044,0,0.9800894609284232
0.49580207394808967,0,0.9800894609284232
-0.5373137753320287,0,0.9800894609284232
-1.8596998660795823,0,0.9800894609284232
-3.457092947688424,0,0.9800894609284232
-5.314315669165901,0,0.9800894609284232
-7.402232895082915,0,0.9800894609284232
-9.595516234754404,0,0.9800894609284232
-11.647950084038614,0,0.9800894609284232
-13.247496064391244,0,0.9800894609284232
-14.129184664613266,0,0.9800894609284232
-14.20114389488456,0,0.9800894609284232
-13.527392135079413,0,0.9800894609284232
-12.167563705856884,0,0.9800894609284232
-10.162002396227187,0,0.9800894609284232
-7.6817624872961545,0,0.9800894609284232
-5.016360334740061,0,0.9800894609284232
-2.4568752971853294,0,0.9800894609284232
-0.24541544374998264,0,0.9800894609284232
1.470187875895369,0,0.9800894609284232
2.636322648087536,0,0.9800894609284232
3.2733760029930363,0,0.9800894609284232
3.4687724071631925,0,0.9800894609284232
3.3577925910247273,0,0.9800894609284232
3.111691419538001,0,0.9800894609284232
2.868220367673027,0,0.9800894609284232
2.679502839663376,0,0.9800894609284232
2.5773217341395886,0,0.9800894609284232
2.6072666216284737,0,0.9800894609284232
2.7980738061050494,0,0.9800894609284232
3.151891826597219,0,0.9800894609284232
3.6302534081628886,0,0.9800894609284232
4.16887903082079,0,0.9800894609284232
4.738593635969297,0,0.9800894609284232
5.320662917226098,0,0.9800894609284232
5.831592001505329,0,0.9800894609284232
6.177975093114969,0,0.9800894609284232
6.377568206781164,0,0.9800894609284232
6.509022817298794,0,0.9800894609284232
6.538712456953619,0,0.9800894609284232
6.360991711529859,1,0.9799154628071948
5.975493832422129,0,0.9799154628071948
5.473354890766835,0,0.9799154628071948
4.910764845749546,0,0.9799154628071948
4.32227048444072,0,0.9799154628071948
3.7687063967629255,0,0.9799154628071948
3.245072930987884,0,0.9799154628071948
2.6807350886346284,0,0.9799154628071948
2.005673678979804,0,0.9799154628071948
1.1218736824333835,0,0.9799154628071948
-0.07717227415805347,0,0.9799154628071948
-1.6504194970483976,0,0.9799154628071948
-3.6019730138835446,0,0.9799154628071948
-5.895999779070735,0,0.9799154628071948
-8.386043099225903,0,0.9799154628071948
-10.785080603215636,0,0.9799154628071948
-12.812443848274066,0,0.9799154628071948
-14.187661944223562,0,0.9799154628071948
-14.619639578205899,0,0.9799154628071948
-14.048441368613027,0,0.9799154628071948
-12.626122133729982,0,0.9799154628071948
-10.49318406418078,0,0.9799154628071948
-7.796453198690175,0,0.9799154628071948
-4.799509183283618,0,0.9799154628071948
-1.8503846737564067,0,0.9799154628071948
0.7322967254694244,0,0.9799154628071948
2.7120495840398586,0,0.9799154628071948
3.9902344921930712,0,0.9799154628071948
4.638657017322982,0,0.9799154628071948
4.829887082489843,0,0.9799154628071948
4.711646612092712,1,0.9799154628071948
4.344606578041276,0,0.9799154628071948
3.8318610797188337,0,0.9799154628071948
3.3683372574187396,0,0.9799154628071948
3.0564403820210853,0,0.9799154628071948
2.8703064681686272,0,0.9799154628071948
2.8031179647849758,0,0.9799154628071948
2.9013029570197735,0,0.9799154628071948
3.1631170515709486,0,0.9799154628071948
3.499306767426713,0,0.9799154628071948
3.845984734343874,0,0.9799154628071948
4.200531914691154,0,0.9799154628071948
4.552534691131969,0,0.9799154628071948
4.897514713666038,0,0.9799154628071948
5.239245297010146,0,0.9799154628071948
5.562387965313536,0,0.9799154628071948
5.83900327489416,0,0.9799154628071948
6.011443979346534,0,0.9799154628071948
6.014974949530831,0,0.9799154628071948
5.8307561543085855,0,0.9799154628071948
5.484265628216651,0,0.9799154628071948
5.02714015551005,0,0.9799154628071948
4.498877117052691,0,0.9799154628071948
3.913252759970401,0,0.9799154628071948
3.298405082828667,0,0.9799154628071948
2.6606362507130594,0,0.9799154628071948
1.896478970425153,0,0.9799154628071948
0.8463884453519958,0,0.9799154628071948
-0.5653542523720282,0,0.9799154628071948
-2.3327293192584735,0,0.9799154628071948
-4.411817660901188,0,0.9799154628071948
-6.657953223909006,0,0.9799154628071948
-8.867551464595765,0,0.9799154628071948
-10.893783806031971,0,0.9799154628071948
-12.554098536425125,0,0.9799154628071948
-13.593295381406307,0,0.9799154628071948
-13.808027200373289,0,0.9799154628071948
-13.07000435090758,0,0.9799154628071948
-11.382077474440964,0,0.9799154628071948
-8.930738409737831,0,0.9799154628071948
-6.06371523068405,0,0.9799154628071948
-3.237639485933203,0,0.9799154628071948
-0.8238224726999702,0,0.9799154628071948
1.0243347206951998,0,0.9799154628071948
2.3365748371722814,0,0.9799154628071948
3.2454951474704785,0,0.9799154628071948
3.83976168350849,0,0.9799154628071948
4.099702849842321,0,0.9799154628071948
4.026229972539856,0,0.9799154628071948
3.723554655476531,0,0.9799154628071948
3.3253175387213965,0,0.9799154628071948
2.942023329074383,0,0.9799154628071948
2.6821050016643264,0,0.9799154628071948
2.638214301995369,0,0.9799154628071948
2.8030209587433657,0,0.9799154628071948
3.0646680761368494,0,0.9799154628071948
3.364553028136941,0,0.9799154628071948
3.73277935485274,0,0.9799154628071948
4.12596028662383,0,0.9799154628071948
4.472258179031296,0,0.9799154628071948
4.814204294267607,0,0.9799154628071948
5.166901513104423,0,0.9799154628071948
5.419899383528724,0,0.9799154628071948
5.483802497225158,0,0.9799154628071948
5.382459717485331,1,0.9769898576032946
5.221829085674524,0,0.9769898576032946
5.0903225091908935,0,0.9769898576032946
4.95936820537508,0,0.9769898576032946
4.755482423021766,0,0.9769898576032946
4.4622232243618765,0,0.9769898576032946
4.076189667995508,0,0.9769898576032946
3.6198454457349323,0,0.9769898576032946
3.1383263592839614,0,0.9769898576032946
2.613528292714436,0,0.9769898576032946
1.9976829527716473,0,0.9769898576032946
1.2433833298747146,0,0.9769898576032946
0.3042088733523849,0,0.9769898576032946
-0.854876006625293,0,0.9769898576032946
-2.2834924484417334,0,0.9769898576032946
-4.020179143602956,0,0.9769898576032946
-6.0469173537415335,0,0.9769898576032946
-8.252614139724905,0,0.9769898576032946
-10.438765593978937,0,0.9769898576032946
-12.380830268912892,0,0.9769898576032946
-13.854311266016984,0,0.9769898576032946
-14.661684253191575,0,0.9769898576032946
-14.645511265403048,0,0.9769898576032946
-13.681157034745793,0,0.9769898576032946
-11.823193611581644,0,0.9769898576032946
-9.364737313636,0,0.9769898576032946
-6.635634710168855,0,0.9769898576032946
-3.917601091080091,0,0.9769898576032946
-1.4781157983064577,0,0.9769898576032946
0.48737860682315504,0,0.9769898576032946
1.9241803891471911,0,0.9769898576032946
2.8995116239683885,0,0.9769898576032946
3.4812692544774935,0,0.9769898576032946
3.6651191249926454,0,0.9769898576032946
3.5046643714199406,0,0.9769898576032946
3.1886441381007478,0,0.9769898576032946
2.8891554199969383,0,0.9769898576032946
2.660259114911286,0,0.9769898576032946
2.539440559777605,0,0.9769898576032946
2.6016984885527368,0,0.9769898576032946
2.8547783143847694,0,0.9769898576032946
3.254052674911459,0,0.9769898576032946
3.7668435881386384,0,0.9769898576032946
4.308216302095596,0,0.9769898576032946
4.774243170263065,0,0.9769898576032946
5.184366532516879,0,0.9769898576032946
5.613760128964227,0,0.9769898576032946
6.03459241049134,0,0.9769898576032946
6.357370223071107,0,0.9769898576032946
6.513620083021586,0,0.9769898576032946
6.477262872387449,1,0.977013120266484
6.24666818972732,0,0.977013120266484
5.8728317944268005,0,0.977013120266484
5.437634154567533,0,0.977013120266484
4.957880105442616,0,0.977013120266484
4.448080776148245,0,0.977013120266484
3.9581750176102615,0,0.977013120266484
3.503346222238281,0,0.977013120266484
3.040552818339627,0,0.977013120266484
2.5116103030115786,0,0.977013120266484
1.8949270537682452,0,0.977013120266484
1.202501865367513,0,0.977013120266484
0.4155437909782646,0,0.977013120266484
-0.5678760262347518,0,0.977013120266484
-1.8745614147024234,0,0.977013120266484
-3.548113580252949,0,0.977013120266484
-5.52958719395775,0,0.977013120266484
-7.726677507208885,0,0.977013120266484
-9.986622714143424,0,0.977013120266484
-12.045953356081819,0,0.977013120266484
-13.612680839848709,0,0.977013120266484
-14.448141517109448,0,0.977013120266484
-14.4145407543205,0,0.977013120266484
-13.53470978302885,0,0.977013120266484
-11.925783134419722,0,0.977013120266484
-9.694152434634399,0,0.977013120266484
-7.055089026006808,0,0.977013120266484
-4.341541096189031,0,0.977013120266484
-1.7786915841937658,0,0.977013120266484
0.49462014364755175,0,0.977013120266484
2.298770172793301,0,0.977013120266484
3.5130103115918634,0,0.977013120266484
4.146377968453075,0,0.977013120266484
4.278060169733796,0,0.977013120266484
4.026646645603754,0,0.977013120266484
3.5428892246285777,0,0.977013120266484
2.998616833118275,0,0.977013120266484
2.572170269527863,0,0.977013120266484
2.355742994493556,0,0.977013120266484
2.3006349589453516,0,0.977013120266484
2.4150572104500356,0,0.977013120266484
2.803707898107698,0,0.977013120266484
3.415751192349769,0,0.977013120266484
4.092263057349741,0,0.977013120266484
4.7130922880973385,0,0.977013120266484
5.170390878861912,0,0.977013120266484
5.452725209969115,0,0.977013120266484
5.610015272855274,0,0.977013120266484
5.661057900748196,0,0.977013120266484
5.684240952611609,0,0.977013120266484
5.741890197022274,0,0.977013120266484
5.7816569065952015,0,0.977013120266484
5.749405737486081,1,0.9769631062806563
5.619140564260074,0,0.9769631062806563
5.362960403064693,0,0.9769631062806563
4.99684823956351,0,0.9769631062806563
4.58071347597654,0,0.9769631062806563
4.168998492214114,0,0.9769631062806563
3.778207798328404,0,0.9769631062806563
3.3650959290887066,0,0.9769631062806563
2.869660172569033,0,0.9769631062806563
2.264655722837586,0,0.9769631062806563
1.494465519846214,0,0.9769631062806563
0.4761669467598396,0,0.9769631062806563
-0.8301530242404787,0,0.9769631062806563
-2.4371007014376036,0,0.9769631062806563
-4.367254294814165,0,0.9769631062806563
-6.599385245076056,0,0.9769631062806563
-8.993170449304799,0,0.9769631062806563
-11.341266028043746,0,0.9769631062806563
-13.374883583729138,0,0.9769631062806563
-14.741801556270591,0,0.9769631062806563
-15.186236699355002,0,0.9769631062806563
-14.69606482787245,0,0.9769631062806563
-13.377408816966454,0,0.9769631062806563
-11.349378977551032,0,0.9769631062806563
-8.792927465180755,0,0.9769631062806563
-5.952002796428356,0,0.9769631062806563
-3.132865984261269,0,0.9769631062806563
-0.6237007416145592,0,0.9769631062806563
1.4050063020024084,0,0.9769631062806563
2.8538863588140546,0,0.9769631062806563
3.7386896712328572,0,0.9769631062806563
4.201630695870866,0,0.9769631062806563
4.378787916615591,0,0.9769631062806563
4.366257326739377,0,0.9769631062806563
4.228828986039449,0,0.9769631062806563
4.005397661450475,0,0.9769631062806563
3.7441793726493526,0,0.9769631062806563
3.523478012856062,0,0.9769631062806563
3.4271584957806867,0,0.9769631062806563
3.484582279136089,0,0.9769631062806563
3.6547693024658336,0,0.9769631062806563
3.8889077326364583,0,0.9769631062806563
4.177310673551188,0,0.9769631062806563
4.533325758256472,0,0.9769631062806563
4.952238423708954,0,0.9769631062806563
5.351349634916299,0,0.9769631062806563
5.622930992701997,0,0.9769631062806563
5.726551760212231,0,0.9769631062806563
5.655150538271954,1,0.9770842657200474
5.446515326991678,0,0.9770842657200474
5.178570698636249,0,0.9770842657200474
4.882839207057387,0,0.9770842657200474
4.56309908648608,0,0.9770842657200474
4.24027595852032,0,0.9770842657200474
3.959070833911843,0,0.9770842657200474
3.731875738293735,0,0.9770842657200474
3.4697621384887642,0,0.9770842657200474
3.064014710483466,0,0.9770842657200474
2.4733217582652114,0,0.9770842657200474
1.6880039510950366,0,0.9770842657200474
0.6807878486768267,0,0.9770842657200474
-0.5913426752103227,0,0.9770842657200474
-2.153665853795436,0,0.9770842657200474
-3.9747959567892543,0,0.9770842657200474
-6.01282205971292,0,0.9770842657200474
-8.24025470920341,0,0.9770842657200474
-10.48277905222877,0,0.9770842657200474
-12.41312985789643,0,0.9770842657200474
-13.775899514222504,0,0.9770842657200474
-14.423200814057084,0,0.9770842657200474
-14.250674056675503,0,0.9770842657200474
-13.231804676892555,0,0.9770842657200474
-11.43690068023184,0,0.9770842657200474
-9.046195986110686,0,0.9770842657200474
-6.320094511969133,0,0.9770842657200474
-3.540482316412002,0,0.9770842657200474
-0.9954542200064032,0,0.9770842657200474
1.097969092482381,0,0.9770842657200474
2.65813414207531,0,0.9770842657200474
3.675826861968637,0,0.9770842657200474
4.1728909338065945,0,0.9770842657200474
4.243914653437683,0,0.9770842657200474
4.049324001632055,0,0.9770842657200474
3.7594861118791663,0,0.9770842657200474
3.5019342373523767,0,0.9770842657200474
3.3164055365070757,0,0.9770842657200474
3.2023096533589004,0,0.9770842657200474
3.213217779825381,0,0.9770842657200474
3.405147696592473,0,0.9770842657200474
3.7326737730239303,0,0.9770842657200474
4.132663489076805,0,0.9770842657200474
4.585563791483747,0,0.9770842657200474
5.027111288606486,0,0.9770842657200474
5.399325220038473,0,0.9770842657200474
5.7181336681737935,0,0.9770842657200474
5.955999380191762,0,0.9770842657200474
6.055123944297151,0,0.9770842657200474
6.033337122906335,1,0.9771092660681668
5.896928419907863,0,0.9771092660681668
5.632978632305883,0,0.9771092660681668
5.295244354113597,0,0.9771092660681668
4.934068018921136,0,0.9771092660681668
4.557265030621915,0,0.9771092660681668
4.182443542441463,0,0.9771092660681668
3.83212367482181,0,0.9771092660681668
3.460147965118287,0,0.9771092660681668
2.976863547662559,0,0.9771092660681668
2.3761651715114978,0,0.9771092660681668
1.6873150996192041,0,0.9771092660681668
0.8672166122838938,0,0.9771092660681668
-0.1326067635368019,0,0.9771092660681668
-1.3334316167357685,0,0.9771092660681668
-2.820402682634451,0,0.9771092660681668
-4.648185853662227,0,0.9771092660681668
-6.645393562708229,0,0.9771092660681668
-8.582640805395151,0,0.9771092660681668
-10.40277503797145,0,0.9771092660681668
-12.056128229808833,0,0.9771092660681668
-13.341388695725854,0,0.9771092660681668
-14.016133377481648,0,0.9771092660681668
-13.88383727779773,0,0.9771092660681668
-12.828903409634233,0,0.9771092660681668
-10.937714123251382,0,0.9771092660681668
-8.498258655283246,0,0.9771092660681668
-5.8103610988275625,0,0.9771092660681668
-3.1223907966840683,0,0.9771092660681668
-0.680527754039155,0,0.9771092660681668
1.343659713461552,0,0.9771092660681668
2.8974789307310598,0,0.9771092660681668
3.988635192057362,0,0.9771092660681668
4.62068129646336,0,0.9771092660681668
4.7939305495293905,0,0.9771092660681668
4.616104989794355,0,0.9771092660681668
4.280690848345059,0,0.9771092660681668
3.920207558324359,0,0.9771092660681668
3.6084344200558305,0,0.9771092660681668
3.418974843672037,0,0.9771092660681668
3.3870509725926135,0,0.9771092660681668
3.4715819242332886,0,0.9771092660681668
3.5948018676457547,0,0.9771092660681668
3.7418072661339257,0,0.9771092660681668
3.9595423884799956,0,0.9771092660681668
4.2532087577946935,0,0.9771092660681668
4.60399775774721,0,0.9771092660681668
5.004705733457829,0,0.9771092660681668
5.417547816352796,0,0.9771092660681668
5.755917205643422,0,0.9771092660681668
5.935515565952173,0,0.9771092660681668
5.927548356348342,1,0.9771092660681668
5.747959268216421,0,0.9771092660681668
5.452127271820334,0,0.9771092660681668
5.120473820766813,0,0.9771092660681668
4.7975174433645815,0,0.9771092660681668
4.480026424570289,0,0.9771092660681668
4.132774884395291,0,0.9771092660681668
3.6693915158073356,0,0.9771092660681668
2.992152467168781,0,0.9771092660681668
2.0656298269083413,0,0.9771092660681668
0.8969527879038256,0,0.9771092660681668
-0.5410432749200372,0,0.9771092660681668
-2.2670087129713186,0,0.9771092660681668
-4.212493085238527,0,0.9771092660681668
-6.33119866770492,0,0.9771092660681668
-8.6042994849931,0,0.9771092660681668
-10.82286081778977,0,0.9771092660681668
-12.624905265529444,0,0.9771092660681668
-13.742124283190002,0,0.9771092660681668
-14.071797266108092,0,0.9771092660681668
-13.58393166042792,0,0.9771092660681668
-12.290476057009105,0,0.9771092660681668
-10.341379347906699,0,0.9771092660681668
-7.960498595971542,0,0.9771092660681668
-5.306087427800143,0,0.9771092660681668
-2.5928820208373144,0,0.9771092660681668
-0.16314351573312674,0,0.9771092660681668
1.7159009475195675,0,0.9771092660681668
2.9574529340414717,0,0.9771092660681668
3.607957935217951,0,0.9771092660681668
3.818146908516645,0,0.9771092660681668
3.770451255652786,0,0.9771092660681668
3.585858800704469,0,0.9771092660681668
3.3406667991989574,0,0.9771092660681668
3.139809542980411,0,0.9771092660681668
3.0774697680252965,0,0.9771092660681668
3.1641059180338678,0,0.9771092660681668
3.363130888771505,0,0.9771092660681668
3.6530622847488483,0,0.9771092660681668
4.018348737200236,0,0.9771092660681668
4.419863272106201,0,0.9771092660681668
4.796189046511502,0,0.9771092660681668
5.08255231193296,0,0.9771092660681668
5.238497205648732,0,0.9771092660681668
5.2579907811877415,0,0.9771092660681668
5.178976547334378,1,0.9768711434667353
5.083306737028171,0,0.9768711434667353
5.0228070027924,0,0.9768711434667353
4.950799797649913,0,0.9768711434667353
4.776356476702441,0,0.9768711434667353
4.496038191088912,0,0.9768711434667353
4.224206614833908,0,0.9768711434667353
4.010392346696101,0,0.9768711434667353
3.7600934818188514,0,0.9768711434667353
3.4147680259936872,0,0.9768711434667353
2.960469987202091,0,0.9768711434667353
2.350632306169746,0,0.9768711434667353
1.5681856420166946,0,0.9768711434667353
0.6054046259684744,0,0.9768711434667353
-0.5612636190325678,0,0.9768711434667353
-1.9580315422053483,0,0.9768711434667353
-3.5950595864179613,0,0.9768711434667353
-5.4417313275683465,0,0.9768711434667353
-7.4293188302360615,0,0.9768711434667353
-9.423696324014944,0,0.9768711434667353
-11.253161071930483,0,0.9768711434667353
-12.720038673982387,0,0.9768711434667353
-13.586674512539469,0,0.9768711434667353
-13.663339726458837,0,0.9768711434667353
-12.901381456299294,0,0.9768711434667353
-11.394085942674787,0,0.9768711434667353
-9.306746039298519,0,0.9768711434667353
-6.863446252706227,0,0.9768711434667353
-4.299704718793819,0,0.9768711434667353
-1.7811012164001334,0,0.9768711434667353
0.5111466227863938,0,0.9768711434667353
2.3604643390992446,0,0.9768711434667353
3.6478284401264176,0,0.9768711434667353
4.397060506850515,0,0.9768711434667353
4.725037610571859,0,0.9768711434667353
4.758506247568518,0,0.9768711434667353
4.585874139051015,0,0.9768711434667353
4.288527642242197,0,0.9768711434667353
3.9664527816598514,0,0.9768711434667353
3.713273683541125,0,0.9768711434667353
3.5714771591754673,0,0.9768711434667353
3.5343554863600106,0,0.9768711434667353
3.634212931933022,0,0.9768711434667353
3.909813515503401,0,0.9768711434667353
4.284479538258959,0,0.9768711434667353
4.6650411799812375,0,0.9768711434667353
5.0246950961359245,0,0.9768711434667353
5.337570988260208,0,0.9768711434667353
5.611085118922279,0,0.9768711434667353
5.857527763591412,0,0.9768711434667353
5.98013265671417,0,0.9768711434667353
5.904036185648986,1,0.9768711434667353
5.703038025448991,0,0.9768711434667353
5.444520851689836,0,0.9768711434667353
5.124200929992029,0,0.9768711434667353
4.702009731556135,0,0.9768711434667353
4.137679583178738,0,0.9768711434667353
3.498224993099814,0,0.9768711434667353
2.8847113337954946,0,0.9768711434667353
2.298033244290476,0,0.9768711434667353
1.696822102603991,0,0.9768711434667353
1.0456807174419693,0,0.9768711434667353
0.25412814797026656,0,0.9768711434667353
-0.8382596281914588,0,0.9768711434667353
-2.33274104495949,0,0.9768711434667353
-4.193377552380539,0,0.9768711434667353
-6.324620523093028,0,0.9768711434667353
-8.583526067483122,0,0.9768711434667353
-10.741814312230517,0,0.9768711434667353
-12.569331977826398,0,0.9768711434667353
-13.865884541570123,0,0.9768711434667353
-14.396795033794932,0,0.9768711434667353
-14.032699657515602,0,0.9768711434667353
-12.837000278840547,0,0.9768711434667353
-10.911640406672614,0,0.9768711434667353
-8.409020576451775,0,0.9768711434667353
-5.604735341543877,0,0.9768711434667353
-2.8412815575784456,0,0.9768711434667353
-0.43196744002093074,0,0.9768711434667353
1.4315965084324203,0,0.9768711434667353
2.6990248210882233,0,0.9768711434667353
3.457785763898669,0,0.9768711434667353
3.845461978710664,0,0.9768711434667353
3.922644442356779,0,0.9768711434667353
3.734362364014881,0,0.9768711434667353
3.438368523999437,0,0.9768711434667353
3.198980999776865,0,0.9768711434667353
3.016850328465134,0,0.9768711434667353
2.8553180401007796,0,0.9768711434667353
2.7688201100051564,0,0.9768711434667353
2.7848584822399154,0,0.9768711434667353
2.910636588088625,0,0.9768711434667353
3.1940413837134054,0,0.9768711434667353
3.6361413026999823,0,0.9768711434667353
4.195871697161763,0,0.9768711434667353
4.808516230491718,0,0.9768711434667353
5.363904552058739,0,0.9768711434667353
5.765648772203666,0,0.9768711434667353
5.9762158941446355,0,0.9768711434667353
6.012794457965042,0,0.9768711434667353
5.91550116608677,1,0.9769029839045591
5.71867716069731,0,0.9769029839045591
5.443734363355541,0,0.9769029839045591
5.086413246186911,0,0.9769029839045591
4.570130726053344,0,0.9769029839045591
3.7649587559514766,0,0.9769029839045591
2.6401546376136027,0,0.9769029839045591
1.2533437098682547,0,0.9769029839045591
-0.42781790593880054,0,0.9769029839045591
-2.471280073345601,0,0.9769029839045591
-4.793776169092467,0,0.9769029839045591
-7.193213852180513,0,0.9769029839045591
-9.465870024354917,0,0.9769029839045591
-11.360689660217144,0,0.9769029839045591
-12.581327469656058,0,0.9769029839045591
-12.955767308743095,0,0.9769029839045591
-12.48666418531789,0,0.9769029839045591
-11.244240958687088,0,0.9769029839045591
-9.323677911897239,0,0.9769029839045591
-6.8906105210021815,0,0.9769029839045591
-4.207205148957628,0,0.9769029839045591
-1.612636653960193,0,0.9769029839045591
0.5740474375682666,0,0.9769029839045591
2.1932427885566397,0,0.9769029839045591
3.251274655815799,0,0.9769029839045591
3.8456170293790115,0,0.9769029839045591
4.100193457248076,0,0.9769029839045591
4.060661248826428,0,0.9769029839045591
3.7532222839687908,0,0.9769029839045591
3.3260360289248236,0,0.9769029839045591
2.9550226736704897,0,0.9769029839045591
2.742241359934971,0,0.9769029839045591
2.7365557227792547,0,0.9769029839045591
2.9199365326648463,0,0.9769029839045591
3.2288794365136684,0,0.9769029839045591
3.6366056398173274,0,0.9769029839045591
4.129879659959434,0,0.9769029839045591
4.615552712865416,0,0.9769029839045591
5.004872749558225,0,0.9769029839045591
5.326457637198302,0,0.9769029839045591
5.610241260311534,0,0.9769029839045591
5.8008628223919665,0,0.9769029839045591
5.8439784460069,0,0.9769029839045591
5.759023700153779,1,0.9763885024970734
5.612072048071128,0,0.9763885024970734
5.41164352959291,0,0.9763885024970734
5.118320427503171,0,0.9763885024970734
4.7644370981655415,0,0.9763885024970734
4.4105659873086145,0,0.9763885024970734
4.014370928963811,0,0.9763885024970734
3.4654120183429358,0,0.9763885024970734
2.7085905969535538,0,0.9763885024970734
1.77312408556772,0,0.9763885024970734
0.706653255289968,0,0.9763885024970734
-0.5578619946320503,0,0.9763885024970734
-2.1753666517095827,0,0.9763885024970734
-4.160803932537962,0,0.9763885024970734
-6.370850208480115,0,0.9763885024970734
-8.61731700925619,0,0.9763885024970734
-10.688898612300727,0,0.9763885024970734
-12.36777205584427,0,0.9763885024970734
-13.414015188580535,0,0.9763885024970734
-13.642713275135765,0,0.9763885024970734
-13.045319256836798,0,0.9763885024970734
-11.686366709259476,0,0.9763885024970734
-9.638339595164942,0,0.9763885024970734
-7.104150442525628,0,0.9763885024970734
-4.435379498430293,0,0.9763885024970734
-1.978938546160184,0,0.9763885024970734
0.07123925960611836,0,0.9763885024970734
1.6592273345533213,0,0.9763885024970734
2.7942550635174905,0,0.9763885024970734
3.5116497423250714,0,0.9763885024970734
3.8504084356615436,0,0.9763885024970734
3.877345346858884,0,0.9763885024970734
3.695352237264987,0,0.9763885024970734
3.4282542382122037,0,0.9763885024970734
3.186469667534978,0,0.9763885024970734
3.0004679035099495,0,0.9763885024970734
2.860816095729342,0,0.9763885024970734
2.830123426169465,0,0.9763885024970734
2.97434943056571,0,0.9763885024970734
3.254146513344376,0,0.9763885024970734
3.6423903344791557,0,0.9763885024970734
4.1588796025946255,0,0.9763885024970734
4.698270195176054,0,0.9763885024970734
5.078226615986127,0,0.9763885024970734
5.231298286506365,0,0.9763885024970734
5.2202062985663735,1,0.9762878570640362
5.1368627213623395,0,0.9762878570640362
5.033895018236713,0,0.9762878570640362
4.9420263943010365,0,0.9762878570640362
4.88264152621808,0,0.9762878570640362
4.843178497112035,0,0.9762878570640362
4.750991156575299,0,0.9762878570640362
4.509556995527542,0,0.9762878570640362
4.089880389979714,0,0.9762878570640362
3.5256605974043294,0,0.9762878570640362
2.841959414905924,0,0.9762878570640362
2.0077079004041853,0,0.9762878570640362
0.9334912375308099,0,0.9762878570640362
-0.47218487022190847,0,0.9762878570640362
-2.2501977215889615,0,0.9762878570640362
-4.401349341794051,0,0.9762878570640362
-6.869999201423835,0,0.9762878570640362
-9.42188343165263,0,0.9762878570640362
-11.694369794877897,0,0.9762878570640362
-13.38944796126197,0,0.9762878570640362
-14.272944339737485,0,0.9762878570640362
-14.180980707272989,0,0.9762878570640362
-13.115238453579035,0,0.9762878570640362
-11.248161079443511,0,0.9762878570640362
-8.880291701110266,0,0.9762878570640362
-6.321492313227422,0,0.9762878570640362
-3.767490000063253,0,0.9762878570640362
-1.33917972754296,0,0.9762878570640362
0.7970274139761087,0,0.9762878570640362
2.452233677018602,0,0.9762878570640362
3.5345719251340224,0,0.9762878570640362
4.067560249452071,0,0.9762878570640362
4.1948912085795,0,0.9762878570640362
4.119631028129592,0,0.9762878570640362
3.936669104318134,0,0.9762878570640362
3.6458568795728294,0,0.9762878570640362
3.321452296159903,0,0.9762878570640362
3.1124466350415023,0,0.9762878570640362
3.07457417713896,0,0.9762878570640362
3.166853842041058,0,0.9762878570640362
3.39365733035311,0,0.9762878570640362
3.7826085807358427,0,0.9762878570640362
4.277246300688549,0,0.9762878570640362
4.766142309574943,0,0.9762878570640362
5.177282855217893,0,0.9762878570640362
5.505865588710528,0,0.9762878570640362
5.756409899531758,0,0.9762878570640362
5.881873262197829,0,0.9762878570640362
5.84651687941053,1,0.9774423592903706
5.6649817833192095,0,0.9774423592903706
5.341359684460092,0,0.9774423592903706
4.918435098229908,0,0.9774423592903706
4.505782621935974,0,0.9774423592903706
4.163017076854279,0,0.9774423592903706
3.826998397923967,0,0.9774423592903706
3.368400029922962,0,0.9774423592903706
2.709895823525606,0,0.9774423592903706
1.8112893338053646,0,0.9774423592903706
0.5544451742060144,0,0.9774423592903706
-1.1666029030418938,0,0.9774423592903706
-3.239516448840133,0,0.9774423592903706
-5.435659363011023,0,0.9774423592903706
-7.659853803968403,0,0.9774423592903706
-9.867366933236141,0,0.9774423592903706
-11.873683167949231,0,0.9774423592903706
-13.415524681475443,0,0.9774423592903706
-14.234029687347892,0,0.9774423592903706
-14.136843629987604,0,0.9774423592903706
-13.098697084651578,0,0.9774423592903706
-11.233581305776971,0,0.9774423592903706
-8.768934312802555,0,0.9774423592903706
-6.004326429366611,0,0.9774423592903706
-3.206293509179506,0,0.9774423592903706
-0.5988097778053815,0,0.9774423592903706
1.604755236193229,0,0.9774423592903706
3.2275411167199652,0,0.9774423592903706
4.205455849991992,0,0.9774423592903706
4.6092938191184585,0,0.9774423592903706
4.590065923112505,0,0.9774423592903706
4.324905290408353,0,0.9774423592903706
3.947329084581705,0,0.9774423592903706
3.5110969983573663,0,0.9774423592903706
3.088411699014344,0,0.9774423592903706
2.810671572900301,0,0.9774423592903706
2.7259768463200436,0,0.9774423592903706
2.7993130765224645,0,0.9774423592903706
3.0599597528345592,0,0.9774423592903706
3.5354401190535816,0,0.9774423592903706
4.1562061722478925,0,0.9774423592903706
4.810850484437626,0,0.9774423592903706
5.3801556346602375,0,0.9774423592903706
5.7950018816495,0,0.9774423592903706
6.072953452159307,0,0.9774423592903706
6.2247622106389535,0,0.9774423592903706
6.201877835973578,1,0.9774423592903706
5.973833141747656,0,0.9774423592903706
5.600096020096293,0,0.9774423592903706
5.179256650358955,0,0.9774423592903706
4.751071528452887,0,0.9774423592903706
4.341968989208034,0,0.9774423592903706
3.9645364196737902,0,0.9774423592903706
3.5038627697147593,0,0.9774423592903706
2.819704071075891,0,0.9774423592903706
1.8542341195924568,0,0.9774423592903706
0.561537662509838,0,0.9774423592903706
-1.1109620918085445,0,0.9774423592903706
-3.175333100980876,0,0.9774423592903706
-5.554594200526172,0,0.9774423592903706
-8.072620255673742,0,0.9774423592903706
-10.479143613794813,0,0.9774423592903706
-12.48239185026582,0,0.9774423592903706
-13.828062579609021,0,0.9774423592903706
-14.33531813963919,0,0.9774423592903706
-13.88475022460288,0,0.9774423592903706
-12.510955611877831,0,0.9774423592903706
-10.41538622053955,0,0.9774423592903706
-7.8687649040648315,0,0.9774423592903706
-5.186076409594957,0,0.9774423592903706
-2.6565967042740524,0,0.9774423592903706
-0.4780010323591636,0,0.9774423592903706
1.2498852637497357,0,0.9774423592903706
2.490715660949804,0,0.9774423592903706
3.2450653905062423,0,0.9774423592903706
3.598251780917793,0,0.9774423592903706
3.6601503684628125,0,0.9774423592903706
3.512263152134323,0,0.9774423592903706
3.283969097070444,0,0.9774423592903706
3.143348543781922,0,0.9774423592903706
3.175396897709847,0,0.9774423592903706
3.361961735886392,0,0.9774423592903706
3.6652261740725995,0,0.9774423592903706
4.011428014965431,0,0.9774423592903706
4.348039909322714,0,0.9774423592903706
4.680286255919559,0,0.9774423592903706
4.96552687303444,0,0.9774423592903706
5.195821058233877,0,0.9774423592903706
5.431868981704222,0,0.9774423592903706
5.645749600256104,0,0.9774423592903706
5.728675872203941,0,0.9774423592903706
5.648195048317429,1,0.9772046410859759
5.481211703534327,0,0.9772046410859759
5.284284084266708,0,0.9772046410859759
5.040229665598165,0,0.9772046410859759
4.733245966552168,0,0.9772046410859759
4.355661940746404,0,0.9772046410859759
3.884437214429272,0,0.9772046410859759
3.311211267746562,0,0.9772046410859759
2.5793778144140362,0,0.9772046410859759
1.5621980384431204,0,0.9772046410859759
0.18853264980723608,0,0.9772046410859759
-1.5749875533115507,0,0.9772046410859759
-3.740912817492978,0,0.9772046410859759
-6.169867140563393,0,0.9772046410859759
-8.622606383669066,0,0.9772046410859759
-10.870374697461658,0,0.9772046410859759
-12.640754688563593,0,0.9772046410859759
-13.663377053968524,0,0.9772046410859759
-13.8211669241707,0,0.9772046410859759
-13.133963418956576,0,0.9772046410859759
-11.64424268319336,0,0.9772046410859759
-9.43694121081105,0,0.9772046410859759
-6.742384138915355,0,0.9772046410859759
-3.894727686801512,0,0.9772046410859759
-1.2286527298812817,0,0.9772046410859759
0.9686100620925959,0,0.9772046410859759
2.5509949207464047,0,0.9772046410859759
3.5115471991968783,0,0.9772046410859759
3.9112417109929143,0,0.9772046410859759
3.922564152888846,0,0.9772046410859759
3.762337381925466,0,0.9772046410859759
3.5578875195216475,0,0.9772046410859759
3.3757940265425797,0,0.9772046410859759
3.245675157699707,0,0.9772046410859759
3.1785495789677913,0,0.9772046410859759
3.2129661377275256,0,0.9772046410859759
3.3605677950969928,0,0.9772046410859759
3.5833034140088973,0,0.9772046410859759
3.8729089296442805,0,0.9772046410859759
4.2326740717239915,0,0.9772046410859759
4.590696808001816,0,0.9772046410859759
4.892899304335215,0,0.9772046410859759
5.182905149333696,0,0.9772046410859759
5.470354142969143,0,0.9772046410859759
5.709151463888683,0,0.9772046410859759
5.8979254444960105,0,0.9772046410859759
6.025488358135796,0,0.9772046410859759
6.002726645498331,1,0.9772832523896989
5.779931066490269,0,0.9772832523896989
5.416059338753689,0,0.9772832523896989
4.979004585228867,0,0.9772832523896989
4.486456219024118,0,0.9772832523896989
3.882551645928712,0,0.9772832523896989
3.101339259234792,0,0.9772832523896989
2.1685831427210305,0,0.9772832523896989
1.0707843058676583,0,0.9772832523896989
-0.3045769635891654,0,0.9772832523896989
-1.9816277259245985,0,0.9772832523896989
-3.90433456701081,0,0.9772832523896989
-6.0582557702448545,0,0.9772832523896989
-8.37717693498655,0,0.9772832523896989
-10.64498352749742,0,0.9772832523896989
-12.536166667635124,0,0.9772832523896989
-13.723518070591998,0,0.9772832523896989
-14.014650995520503,0,0.9772832523896989
-13.381356885578906,0,0.9772832523896989
-11.909848023735846,0,0.9772832523896989
-9.781295714529758,0,0.9772832523896989
-7.247264840212745,0,0.9772832523896989
-4.633898894673777,0,0.9772832523896989
-2.252139106334149,0,0.9772832523896989
-0.24239774125767855,0,0.9772832523896989
1.3951563003381304,0,0.9772832523896989
2.6344329956038957,0,0.9772832523896989
3.3684988932123643,0,0.9772832523896989
3.608154040791528,0,0.9772832523896989
3.5467918453098433,0,0.9772832523896989
3.3333258576883416,0,0.9772832523896989
3.031632937582335,0,0.9772832523896989
2.7428972789300943,0,0.9772832523896989
2.587336216838942,0,0.9772832523896989
2.6537254801316066,0,0.9772832523896989
2.979006169533676,0,0.9772832523896989
3.4898619301095137,0,0.9772832523896989
4.02600569029375,0,0.9772832523896989
4.484949640617336,0,0.9772832523896989
4.874395023592326,0,0.9772832523896989
5.238824567146227,0,0.9772832523896989
5.59896084364958,0,0.9772832523896989
5.939960609157627,0,0.9772832523896989
6.235065241797138,0,0.9772832523896989
6.404527234716591,0,0.9772832523896989
6.329591068966429,1,0.9772832523896989
6.015383390194514,0,0.9772832523896989
5.564898681778392,0,0.9772832523896989
5.019953576961332,0,0.9772832523896989
4.387693157751725,0,0.9772832523896989
3.728415531223863,0,0.9772832523896989
3.1094117191607813,0,0.9772832523896989
2.529314394251923,0,0.9772832523896989
1.8851040398404297,0,0.9772832523896989
0.9741516994962532,0,0.9772832523896989
-0.35079199706320374,0,0.9772832523896989
-2.079466339434422,0,0.9772832523896989
-4.138490220797872,0,0.9772832523896989
-6.454345095524672,0,0.9772832523896989
-8.862533530669458,0,0.9772832523896989
-11.051057084297977,0,0.9772832523896989
-12.73539417639617,0,0.9772832523896989
-13.750241877389186,0,0.9772832523896989
-13.969083370039659,0,0.9772832523896989
-13.333442928085683,0,0.9772832523896989
-11.902687067116412,0,0.9772832523896989
-9.849151867639884,0,0.9772832523896989
-7.407105783588072,0,0.9772832523896989
-4.789244080607631,0,0.9772832523896989
-2.2024122694437587,0,0.9772832523896989
0.1383282120197976,0,0.9772832523896989
2.078377558929813,0,0.9772832523896989
3.540659857173649,0,0.9772832523896989
4.477500910029748,0,0.9772832523896989
4.885821119315639,0,0.9772832523896989
4.859777227399308,1,0.9772832523896989
4.542455501560683,0,0.9772832523896989
4.051839034077041,0,0.9772832523896989
3.5037959324815495,0,0.9772832523896989
3.0533795989958987,0,0.9772832523896989
2.8005837574070083,0,0.9772832523896989
2.7332249629501013,0,0.9772832523896989
2.831752610733761,0,0.9772832523896989
3.0632891135489517,0,0.9772832523896989
3.3632723813294123,0,0.9772832523896989
3.7200505450720076,0,0.9772832523896989
4.116149431738821,0,0.9772832523896989
4.485560410991374,0,0.9772832523896989
4.810189782848063,0,0.9772832523896989
5.1306621520513,0,0.9772832523896989
5.4403475833127874,0,0.9772832523896989
5.640081446491157,0,0.9772832523896989
5.656524927185605,0,0.9772832523896989
5.491662127828927,0,0.9772832523896989
5.176163637266636,0,0.9772832523896989
4.786765596025684,0,0.9772832523896989
4.40053863602365,0,0.9772832523896989
4.040764456888323,0,0.9772832523896989
3.715390505523698,0,0.9772832523896989
3.3806587844026925,0,0.9772832523896989
2.8860207314746225,0,0.9772832523896989
2.0826804495658378,0,0.9772832523896989
0.9011655248644407,0,0.9772832523896989
-0.6693034785305887,0,0.9772832523896989
-2.572879514119322,0,0.9772832523896989
-4.717834697299525,0,0.9772832523896989
-6.995708309536545,0,0.9772832523896989
-9.279681433236194,0,0.9772832523896989
-11.39954767942775,0,0.9772832523896989
-13.08993050816574,0,0.9772832523896989
-14.089348898846893,0,0.9772832523896989
-14.24393027088806,0,0.9772832523896989
-13.537274608233394,0,0.9772832523896989
-12.089718907548948,0,0.9772832523896989
-10.031213704439939,0,0.9772832523896989
-7.483710064452897,0,0.9772832523896989
-4.695148128386224,0,0.9772832523896989
-2.00522232194155,0,0.9772832523896989
0.32996929673012404,0,0.9772832523896989
2.169221222297885,0,0.9772832523896989
3.4267886395599705,0,0.9772832523896989
4.116420285923206,0,0.9772832523896989
4.380016786344111,0,0.9772832523896989
4.364694566202253,0,0.9772832523896989
4.157586843947447,0,0.9772832523896989
3.8646856328430026,0,0.9772832523896989
3.596433329158924,0,0.9772832523896989
3.4059787011219957,0,0.9772832523896989
3.3179476153851,0,0.9772832523896989
3.360747700040743,0,0.9772832523896989
3.504410112524229,0,0.9772832523896989
3.6595588440397075,0,0.9772832523896989
3.852811080011862,0,0.9772832523896989
4.189179078327294,0,0.9772832523896989
4.652621716794504,0,0.9772832523896989
5.152354936927994,0,0.9772832523896989
5.592088708759708,0,0.9772832523896989
5.866253482073197,0,0.9772832523896989
5.916387414428499,0,0.9772832523896989
5.767298190531923,1,0.9772832523896989
5.51175114075467,0,0.9772832523896989
5.230877370004826,0,0.9772832523896989
4.970049119983457,0,0.9772832523896989
4.770129506956771,0,0.9772832523896989
4.5876502389756,0,0.9772832523896989
4.339589062427546,0,0.9772832523896989
4.011058042883131,0,0.9772832523896989
3.5662390279635527,0,0.9772832523896989
2.9767715261124312,0,0.9772832523896989
2.296032193510044,0,0.9772832523896989
1.5590506920355374,0,0.9772832523896989
0.7797709059595185,0,0.9772832523896989
-0.02014025850674797,0,0.9772832523896989
-0.9197870059108424,0,0.9772832523896989
-2.078996718362225,0,0.9772832523896989
-3.5937394140158916,0,0.9772832523896989
-5.481576614542633,0,0.9772832523896989
-7.663559529526823,0,0.9772832523896989
-9.934281451075604,0,0.9772832523896989
-12.067996759748855,0,0.9772832523896989
-13.824781094730115,0,0.9772832523896989
-14.916296021002918,0,0.9772832523896989
-15.16741351113772,0,0.9772832523896989
-14.54268561731111,0,0.9772832523896989
-13.035714505291816,0,0.9772832523896989
-10.735874475690736,0,0.9772832523896989
-7.88137272603635,0,0.9772832523896989
-4.805944781165622,0,0.9772832523896989
-1.8770302703398514,0,0.9772832523896989
0.599617841465618,0,0.9772832523896989
2.4577328898599604,0,0.9772832523896989
3.67939012000626,0,0.9772832523896989
4.318411782096948,0,0.9772832523896989
4.450690693740225,0,0.9772832523896989
4.211391108951166,0,0.9772832523896989
3.756577222279998,0,0.9772832523896989
3.236616944521649,0,0.9772832523896989
2.8154881621037773,0,0.9772832523896989
2.6048444084124225,0,0.9772832523896989
2.6228391194406933,0,0.9772832523896989
2.8211563965390978,0,0.9772832523896989
3.1494375957768823,0,0.9772832523896989
3.5723137947928056,0,0.9772832523896989
4.012806004860521,0,0.9772832523896989
4.3909787772035855,0,0.9772832523896989
4.718365051230239,0,0.9772832523896989
5.053740307358635,0,0.9772832523896989
5.378178309967909,0,0.9772832523896989
5.637560885711811,0,0.9772832523896989
5.840050609161828,0,0.9772832523896989
5.959597519222955,0,0.9772832523896989
5.917684965694646,1,0.9772194310108314
5.731909131991322,0,0.9772194310108314
5.484495196572351,0,0.9772194310108314
5.210892568693391,0,0.9772194310108314
4.912477603425454,0,0.9772194310108314
4.558824033125048,0,0.9772194310108314
4.113062165291489,0,0.9772194310108314
3.558280972876063,0,0.9772194310108314
2.8438246037581756,0,0.9772194310108314
1.9786118034665763,0,0.9772194310108314
1.0364225822275046,0,0.9772194310108314
-0.07230357512717325,0,0.9772194310108314
-1.49655802865749,0,0.9772194310108314
-3.2270809455468776,0,0.9772194310108314
-5.2137973909167865,0,0.9772194310108314
-7.406167735881436,0,0.9772194310108314
-9.643552741582484,0,0.9772194310108314
-11.67938608284975,0,0.9772194310108314
-13.231031883073973,0,0.9772194310108314
-13.993970723288783,0,0.9772194310108314
-13.792043381145172,0,0.9772194310108314
-12.711628431600102,0,0.9772194310108314
-10.95424622226813,0,0.9772194310108314
-8.682669749812232,0,0.9772194310108314
-6.056043998831664,0,0.9772194310108314
-3.335302442542267,0,0.9772194310108314
-0.8725131098416857,0,0.9772194310108314
1.1000231297737888,0,0.9772194310108314
2.5482159572017826,0,0.9772194310108314
3.497771758338745,0,0.9772194310108314
3.9604015142333835,0,0.9772194310108314
3.986739059980821,0,0.9772194310108314
3.69631343925998,0,0.9772194310108314
3.2447018739028417,0,0.9772194310108314
2.799679867432869,0,0.9772194310108314
2.480769945466288,0,0.9772194310108314
2.3121683861936986,0,0.9772194310108314
2.3002211739558893,0,0.9772194310108314
2.4838095597126495,0,0.9772194310108314
2.855752623438677,0,0.9772194310108314
3.341233022960615,0,0.9772194310108314
3.8514400666678057,0,0.9772194310108314
4.337681166658338,0,0.9772194310108314
4.8221077282829725,0,0.9772194310108314
5.28752725633128,0,0.9772194310108314
5.6478775893441915,0,0.9772194310108314
5.889564877191734,0,0.9772194310108314
6.033277804876407,0,0.9772194310108314
6.034199175489181,0,0.9772194310108314
5.8656979387237005,1,0.977299377476846
5.572484297368512,0,0.977299377476846
5.201608091037493,0,0.977299377476846
4.769148890339133,0,0.977299377476846
4.304353158230722,0,0.977299377476846
3.8446018296013915,0,0.977299377476846
3.3766616548267567,0,0.977299377476846
2.853212110671246,0,0.977299377476846
2.2400512928903136,0,0.977299377476846
1.5490450361255008,0,0.977299377476846
0.8235186469828503,0,0.977299377476846
0.00481866731069075,0,0.977299377476846
-1.0695112903741695,0,0.977299377476846
-2.4780480530897675,0,0.977299377476846
-4.215137041003457,0,0.977299377476846
-6.2665536605261645,0,0.977299377476846
-8.507885332152968,0,0.977299377476846
-10.663202814751045,0,0.977299377476846
-12.430549979776632,0,0.977299377476846
-13.56178011733828,0,0.977299377476846
-13.873424903389095,0,0.977299377476846
-13.300326022613358,0,0.977299377476846
-11.938293398597711,0,0.977299377476846
-9.985640768508143,0,0.977299377476846
-7.631820369592904,0,0.977299377476846
-5.0920978870754885,0,0.977299377476846
-2.64034201186044,0,0.977299377476846
-0.4758791028819018,0,0.977299377476846
1.2915958272377932,0,0.977299377476846
2.5642146816620803,0,0.977299377476846
3.299797988204366,0,0.977299377476846
3.58818077703474,0,0.977299377476846
3.5510144962012693,0,0.977299377476846
3.251437016116046,0,0.977299377476846
2.798180065303382,0,0.977299377476846
2.3575500566594854,0,0.977299377476846
2.084988584274269,0,0.977299377476846
2.0691149182649187,0,0.977299377476846
2.29318167117539,0,0.977299377476846
2.725502709583703,0,0.977299377476846
3.367696744782538,0,0.977299377476846
4.164423767671285,0,0.977299377476846
4.954133453798982,0,0.977299377476846
5.561849996550387,0,0.977299377476846
5.948434546074411,0,0.977299377476846
6.192908534119772,0,0.977299377476846
6.322408474023949,0,0.977299377476846
6.30474159020675,1,0.9776292394780257
6.155581352779296,0,0.9776292394780257
5.919904772571041,0,0.9776292394780257
5.621556082328979,0,0.9776292394780257
5.249492878612364,0,0.9776292394780257
4.772674319655878,0,0.9776292394780257
4.1954453273535295,0,0.9776292394780257
3.584885633403855,0,0.9776292394780257
3.000941382010902,0,0.9776292394780257
2.413270275606863,0,0.9776292394780257
1.7634164416578981,0,0.9776292394780257
1.0028094388664703,0,0.9776292394780257
0.03445667196447583,0,0.9776292394780257
-1.2573529882676635,0,0.9776292394780257
-2.947189683247332,0,0.9776292394780257
-5.010238286380515,0,0.9776292394780257
-7.310776599203805,0,0.9776292394780257
-9.665796209758083,0,0.9776292394780257
-11.81289009945023,0,0.9776292394780257
-13.421032376549205,0,0.9776292394780257
-14.23191812748457,0,0.9776292394780257
-14.092480787882097,0,0.9776292394780257
-12.976792888897988,0,0.9776292394780257
-11.04904133366789,0,0.9776292394780257
-8.58692124423396,0,0.9776292394780257
-5.897630149399132,0,0.9776292394780257
-3.2637671539688826,0,0.9776292394780257
-0.877585191637376,0,0.9776292394780257
1.1083158791820316,0,0.9776292394780257
2.5766071264506594,0,0.9776292394780257
3.5304340783839994,0,0.9776292394780257
4.040173695602807,0,0.9776292394780257
4.188386110439764,0,0.9776292394780257
4.090201278991018,0,0.9776292394780257
3.86554209970801,0,0.9776292394780257
3.6138670565892386,0,0.9776292394780257
3.40439555221065,0,0.9776292394780257
3.2907962831018676,0,0.9776292394780257
3.3051386351487833,0,0.9776292394780257
3.4363695869656747,0,0.9776292394780257
3.666367702659289,0,0.9776292394780257
3.983290264105109,0,0.9776292394780257
4.363711084812357,0,0.9776292394780257
4.766842035458416,0,0.9776292394780257
5.157314052852339,0,0.9776292394780257
5.540955485597092,0,0.9776292394780257
5.917476484565731,0,0.9776292394780257
6.20331455649371,0,0.9776292394780257
6.306438789554827,0,0.9776292394780257
6.231643139649294,1,0.9782276599160532
6.02794620746476,0,0.9782276599160532
5.7004094267625645,0,0.9782276599160532
5.2557701551287845,0,0.9782276599160532
4.746697401952495,0,0.9782276599160532
4.207033341045024,0,0.9782276599160532
3.6863926323058873,0,0.9782276599160532
3.2680536941393754,0,0.9782276599160532
2.8883928555491427,0,0.9782276599160532
2.3257321762773415,0,0.9782276599160532
1.4462847721853305,0,0.9782276599160532
0.2551725950871046,0,0.9782276599160532
-1.2223247444819416,0,0.9782276599160532
-2.9891231320486744,0,0.9782276599160532
-5.0660676239435665,0,0.9782276599160532
-7.386099236369261,0,0.9782276599160532
-9.757769429097776,0,0.9782276599160532
-11.933281984107552,0,0.9782276599160532
-13.610541229354828,0,0.9782276599160532
-14.492179541121338,0,0.9782276599160532
