filtered,peak,sqi_after
0.0,0,0.0
510.180298564154,0,0.0
2370.5871817246107,0,0.0
5585.402252819611,0,0.0
9569.871625699092,0,0.0
13865.462059432783,0,0.0
18125.250808679615,0,0.0
22098.58785902219,0,0.0
25615.812496738003,0,0.0
28573.64872828316,0,0.0
30921.751079745467,0,0.0
32650.671801974866,0,0.0
33781.346125493095,0,0.0
34356.06792471337,0,0.0
34430.95048988662,0,0.0
34069.870085455936,0,0.0
33339.73215138322,0,0.0
32306.845079642233,0,0.0
31034.29385746923,0,0.0
29580.145442047076,0,0.0
27996.33213188795,0,0.0
26328.130249613918,0,0.0
24614.021939000864,0,0.0
22885.856784123735,0,0.0
21169.28844346028,0,0.0
19484.324605099777,0,0.0
17845.965190744726,0,0.0
16264.91279918642,0,0.0
14748.252315443746,0,0.0
13300.066100543636,0,0.0
11922.029590556134,0,0.0
10613.975945320155,0,0.0
9374.349762005264,0,0.0
8200.598879360643,0,0.0
7089.534731446698,0,0.0
6037.635720761602,0,0.0
5041.280784081572,0,0.0
4096.856337412467,0,0.0
3200.8367081185806,0,0.0
2349.914414791494,0,0.0
1541.0663765275306,0,0.0
771.5578952206129,0,0.0
38.94219085578294,0,0.0
-658.9502315799765,0,0.0
-1324.0039807628923,0,0.0
-1957.8343859093234,0,0.0
-2561.8565348634784,0,0.0
-3137.308863185515,0,0.0
-3685.222243349329,0,0.0
-4206.462343098903,0,0.0
-4701.8326880478,0,0.0
-5172.077330279694,0,0.0
-5617.850874938322,0,0.0
-6039.784496104732,0,0.0
-6438.493778629302,0,0.0
-6814.519569099106,0,0.0
-7168.358876930015,0,0.0
-7500.514070563502,0,0.0
-7811.5050699369385,0,0.0
-8101.850487339085,0,0.0
-8372.040259967207,0,0.0
-8622.585059460946,0,0.0
-8854.055158879473,0,0.0
-9067.042380593999,0,0.0
-9262.121127971437,0,0.0
-9439.844682159573,0,0.0
-9600.76804771712,0,0.0
-9745.43570332601,0,0.0
-9874.375396641386,0,0.0
-9988.139916021277,0,0.0
-10087.291757239096,0,0.0
-10172.377410412862,0,0.0
-10243.930706074569,0,0.0
-10302.447568861908,0,0.0
-10348.416856507081,0,0.0
-10382.341766760404,0,0.0
-10404.696220333664,0,0.0
-10415.962341139752,0,0.0
-10416.67152453028,0,0.0
-10407.343528250038,0,0.0
-10388.446721112497,0,0.0
-10360.416062245793,0,0.0
-10323.671877222285,0,0.0
-10278.640764614534,0,0.0
-10225.744367484918,0,0.0
-10165.410720932021,0,0.0
-10098.085521616806,0,0.0
-10024.166952591186,0,0.0
-9944.009298412746,0,0.0
-9857.966472142618,0,0.0
-9766.376946262744,0,0.0
-9669.541461713696,0,0.0
-9567.724196703875,0,0.0
-9461.193350152898,0,0.0
-9350.238779242658,0,0.0
-9235.118455772741,0,0.0
-9116.001809495376,0,0.0
-8993.025862515588,0,0.0
-8866.397006094801,0,0.0
-8736.370105834527,0,0.0
-8603.180836262163,0,0.0
-8467.046596975328,0,0.0
-8328.204318467144,0,0.0
-8186.914009909057,0,0.0
-8043.449411024779,0,0.0
-7898.103239158784,0,0.0
-7751.170880348158,0,0.0
-7602.952329854552,0,0.0
-7453.746961115125,0,0.0
-7303.818410506763,0,0.0
-7153.417492447422,0,0.0
-7002.804766584577,0,0.0
-6852.1877964378245,0,0.0
-6701.7041714904235,0,0.0
-6551.516730730255,0,0.0
-6401.800046468873,0,0.0
-6252.6230863149185,0,0.0
-6104.017368051952,0,0.0
-5956.079774911375,0,0.0
-5808.916886618213,0,0.0
-5662.617278759713,0,0.0
-5517.274610430398,0,0.0
-5372.981200190838,0,0.0
-5229.801727278332,0,0.0
-5087.756993668299,0,0.0
-4946.892602662336,0,0.0
-4807.3129354343355,0,0.0
-4669.103684652506,0,0.0
-4532.32481280048,0,0.0
-4397.034507477576,0,0.0
-4263.272007833537,0,0.0
-4131.092051328775,0,0.0
-4000.59332177569,0,0.0
-3871.864696476093,0,0.0
-3744.9504435246126,0,0.0
-3619.888123680905,0,0.0
-3496.7320388280036,0,0.0
-3375.545317632415,0,0.0
-3256.38811701654,0,0.0
-3139.3100195816237,0,0.0
-3024.3511815396737,0,0.0
-2911.54932014415,0,0.0
-2800.93458289501,0,0.0
-2692.494349114507,0,0.0
-2586.189862115666,0,0.0
-2482.016339007314,0,0.0
-2380.0071398444825,0,0.0
-2280.195860352389,0,0.0
-2182.56626734668,0,0.0
-2087.0682444449153,0,0.0
-1993.7114759554854,0,0.0
-1902.553192128624,0,0.0
-1813.5991369057356,0,0.0
-1726.8165138774843,0,0.0
-1642.1815856266387,0,0.0
-1559.6506852318282,0,0.0
-1479.1663917609544,0,0.0
-1400.7176240058718,0,0.0
-1324.3214504935536,0,0.0
-1249.9671240658326,0,0.0
-1177.637389693446,0,0.0
-1107.3241104789895,0,0.0
-1039.0091571112723,0,0.0
-972.6957958235589,0,0.0
-908.4330241658386,0,0.0
-846.2573362368391,0,0.0
-786.1425533825916,0,0.0
-728.0418674951048,0,0.0
-671.9481096027564,0,0.0
-617.8898792684519,0,0.0
-565.8883973160264,0,0.0
-515.9127091338962,0,0.0
-467.8682105741607,0,0.0
-421.6300523920026,0,0.0
-377.0712217792321,0,0.0
-334.0924905530876,0,0.0
-292.59885526900126,0,0.0
-252.4534092453088,0,0.0
-213.55490233973484,0,0.0
-175.85341648815822,0,0.0
-139.25425491366437,0,0.0
-103.63337139293881,0,0.0
-68.9296187975397,0,0.0
-35.1650435288433,0,0.0
-2.39396081165381,0,0.0
29.32489712051336,0,0.0
59.92603512617996,0,0.0
89.33912516176416,0,0.0
117.49446380904817,0,0.0
144.3295794912665,0,0.0
169.78957621949442,0,0.0
193.83313287172857,0,0.0
216.4566672406266,0,0.0
237.67752965760462,0,0.0
257.4988419528854,0,0.0
275.95443133329115,0,0.0
293.14076797170355,0,0.0
309.1526497210751,0,0.0
324.04706778893694,0,0.0
337.87286849642896,0,0.0
350.6647824145777,0,0.0
362.4447971240026,0,0.0
373.268592911344,0,0.0
383.2337102950399,0,0.0
392.4281768389845,0,0.0
400.90283349761563,0,0.0
408.7008175652226,0,0.0
415.8648820093133,0,0.0
422.4292215383154,0,0.0
428.4150302827844,0,0.0
433.8225099041828,0,0.0
438.656736756164,0,0.0
442.9519614447932,0,0.0
446.7116695869548,0,0.0
449.8829064478328,0,0.0
452.4619931190696,0,0.0
454.5229742097236,0,0.0
456.11745906952257,0,0.0
457.22800460373077,0,0.0
457.8191769034629,0,0.0
457.886869209304,0,0.0
457.4402798641042,0,0.0
456.47193578085756,0,0.0
454.9954161803193,0,0.0
453.0643089520732,0,0.0
450.72769506343474,0,0.0
448.0129399993851,0,0.0
444.9355086498068,0,0.0
441.5253193339889,0,0.0
437.81297710469687,0,0.0
433.7993295238185,0,0.0
429.4873424232057,0,0.0
424.9024111865935,0,0.0
420.0885837268099,0,0.0
415.10531139152346,0,0.0
409.9877287509874,0,0.0
404.7089110609198,0,0.0
399.2300143506218,0,0.0
393.5502734320804,0,0.0
387.68521017993413,0,0.0
381.65422004547753,0,0.0
375.44864908996584,0,0.0
369.03361286094525,0,0.0
362.42217696850565,0,0.0
355.654536442863,0,0.0
348.73161101831005,0,0.0
341.6260025171623,0,0.0
334.306327364599,0,0.0
326.7537124010558,0,0.0
318.9764830959533,0,0.0
311.0075989752654,0,0.0
302.90007566703235,0,0.0
294.7025418528364,0,0.0
286.4512142973234,0,0.0
278.2247798062222,0,0.0
270.16367873671027,0,0.0
262.4247138884577,0,0.0
255.12872288153932,0,0.0
248.3254577074614,0,0.0
242.02670611869544,0,0.0
236.24085946862255,0,0.0
230.94099426005616,0,0.0
226.07883244877476,0,0.0
221.61087634906337,0,0.0
217.4668635951999,0,0.0
213.55235431512926,0,0.0
209.76136729005165,0,0.0
205.96793145385755,0,0.0
202.0571650717554,0,0.0
197.96980386500337,0,0.0
193.68231512915509,0,0.0
189.1620179244996,0,0.0
184.39752085149306,0,0.0
179.43121272193258,0,0.0
174.31458056971468,0,0.0
169.08271446959958,0,0.0
163.77459912964846,0,0.0
158.43462322191877,0,0.0
153.0895234727356,0,0.0
147.74458718982373,0,0.0
142.42041319219447,0,0.0
137.16853790083675,0,0.0
132.0300202962091,0,0.0
127.02155124661607,0,0.0
122.16489198943786,0,0.0
117.48231107407246,0,0.0
112.98298841688566,0,0.0
108.67163884075565,0,0.0
104.54440784589008,0,0.0
100.57680701761952,0,0.0
96.75152695339385,0,0.0
93.07434593119878,0,0.0
89.547088586005,0,0.0
86.14600367337152,0,0.0
82.80811564912547,0,0.0
79.47547403957117,0,0.0
76.12969348148063,0,0.0
72.7791064189017,0,0.0
69.46822644146812,0,0.0
66.24857488336654,0,0.0
63.11121829581376,0,0.0
59.99108006977284,0,0.0
56.86040425154526,0,0.0
53.75461703647804,0,0.0
50.712966675997876,0,0.0
47.74448988309962,0,0.0
44.818060065334876,0,0.0
41.892745466528034,0,0.0
38.970175242993705,0,0.0
36.10659094212347,0,0.0
33.34683167858582,0,0.0
30.670314618567136,0,0.0
28.054172165923475,0,0.0
25.516627190384206,0,0.0
23.08216278433017,0,0.0
20.751098616683574,0,0.0
18.4984004367578,0,0.0
16.316315098538382,0,0.0
14.222787731475874,0,0.0
12.2149920080842,0,0.0
10.281630755548653,0,0.0
8.44458549771702,0,0.0
6.710393616099679,0,0.0
5.024300124787922,0,0.0
3.337166187258218,0,0.0
1.6576562692136165,0,0.0
0.0073830048193347375,0,0.0
-1.631210455360865,0,0.0
-3.301395942053645,0,0.0
-5.041508895511369,0,0.0
-6.872136391517113,0,0.0
-8.775620561360208,0,0.0
-10.744768311010256,0,0.0
-12.844310035919168,0,0.0
-15.132019858848974,0,0.0
-17.59292447423628,0,0.0
-20.176357787459093,0,0.0
-22.798132488607745,0,0.0
-25.353528098759963,0,0.0
-27.77458943135311,0,0.0
-30.00839723889596,0,0.0
-31.968244981039888,0,0.0
-33.5429708810048,0,0.0
-34.63905892514193,0,0.0
-35.21291645821042,0,0.0
-35.2398812243558,0,0.0
-34.712988030650365,0,0.0
-33.689133927707125,0,0.0
-32.26357324137025,0,0.0
-30.520713879382793,0,0.0
-28.552973794314312,0,0.0
-26.49432098398756,0,0.0
-24.47451701631615,0,0.0
-22.579536209213337,0,0.0
-20.86503842784428,0,0.0
-19.360387047652175,0,0.0
-18.099553332975443,0,0.0
-17.11209110238039,0,0.0
-16.37686128786822,0,0.0
-15.851227594266154,0,0.0
-15.493096736029303,0,0.0
-15.253664051367721,0,0.0
-15.10553301004821,0,0.0
-15.029603760570359,0,0.0
-15.004399995182041,0,0.0
-15.048305294710794,0,0.0
-15.1539615092942,0,0.0
-15.24156707710856,0,0.0
-15.27664939417571,0,0.0
-15.280354145677377,0,0.0
-15.236662399148509,0,0.0
-15.114162804195187,0,0.0
-14.915909788538379,0,0.0
-14.666585971795413,0,0.0
-14.363164397451225,0,0.0
-13.978546770532832,0,0.0
-13.511546676198602,0,0.0
-12.973305837008029,0,0.0
-12.377159542090478,0,0.0
-11.75751459380534,0,0.0
-11.139777639606544,0,0.0
-10.5446604896813,0,0.0
-9.999200955684648,0,0.0
-9.48483310373382,0,0.0
-8.973320445578498,0,0.0
-8.490335666618144,0,0.0
-8.073418055606226,0,0.0
-7.736253062205695,0,0.0
-7.4709818737649085,0,0.0
-7.241567580297268,0,0.0
-7.026620246259993,0,0.0
-6.845740194303242,0,0.0
-6.693451138764106,0,0.0
-6.546055544907476,0,0.0
-6.424621063631058,0,0.0
-6.352270657499631,0,0.0
-6.2972605530135475,0,0.0
-6.222510552281326,0,0.0
-6.151116776842042,0,0.0
-6.123561083147911,0,0.0
-6.1484644855310675,0,0.0
-6.2281669970600575,0,0.0
-6.360476362697357,0,0.0
-6.532500767755481,0,0.0
-6.752031282577269,0,0.0
-7.029135691886476,0,0.0
-7.309766753047587,0,0.0
-7.539379794088384,0,0.0
-7.772153882859144,0,0.0
-8.103050520006342,0,0.0
-8.572590337884694,0,0.0
-9.16629504631933,0,0.0
-9.872028911547444,0,0.0
-10.736261561847599,0,0.0
-11.805762419675245,0,0.0
-13.064704124950298,0,0.0
-14.481137084239064,0,0.0
-16.042203432249256,0,0.0
-17.72344933043876,0,0.0
-19.46255545500438,0,0.0
-21.13426938831483,0,0.0
-22.55510531338417,0,0.0
-23.58526683465982,0,0.0
-24.16268288045821,0,0.0
-24.23706377520718,0,0.0
-23.78832585694101,0,0.0
-22.845763847502557,0,0.0
-21.468556782122388,0,0.0
-19.752235251286596,0,0.0
-17.77626313821311,0,0.0
-15.579996489296745,0,0.0
-13.229739446256575,0,0.0
-10.830328155214666,0,0.0
-8.476141770499675,0,0.0
-6.238774014845866,0,0.0
-4.18155278460362,0,0.0
-2.3521205303883863,0,0.0
-0.783114780220402,0,0.0
0.49543623594234826,0,0.0
1.4592445581994757,0,0.0
2.114465169306783,0,0.0
2.496427721012877,0,0.0
2.6394132008607625,0,0.0
2.6011891060842465,0,0.0
2.455074980479398,0,0.0
2.243561825581018,0,0.0
1.9991558119087727,0,0.0
1.7635052692346118,0,0.0
1.5824438866261927,0,0.0
1.4963094589569819,0,0.0
1.5145026473171437,0,0.0
1.61699250644813,0,0.0
1.8041347912452028,0,0.0
2.1125176135982686,0,0.0
2.5514506768564402,0,0.0
3.0675650176461198,0,0.0
3.5961557825464543,0,0.0
4.124234189072728,0,0.0
4.6748412443808105,0,0.0
5.244778033834005,0,0.0
5.793297284482049,0,0.0
6.275792676109038,0,0.0
6.686024641989585,0,0.0
7.058807514524812,0,0.0
7.404365945561845,0,0.0
7.687037880028513,0,0.0
7.867491556159524,0,0.0
7.921380678211136,0,0.0
7.861990924670145,0,0.0
7.738370696831443,0,0.0
7.573406839432839,0,0.0
7.342642644879029,0,0.0
7.0301271781194306,0,0.0
6.671100365472743,0,0.0
6.324356099930123,0,0.0
6.016871849201312,0,0.0
5.744804127881775,0,0.0
5.507516406366431,0,0.0
5.297533039243896,0,0.0
5.103771158765467,0,0.0
4.907389689717794,0,0.0
4.663452824080911,0,0.0
4.3653836473633545,0,0.0
4.044091650296746,0,0.0
3.7005911481933347,0,0.0
3.3395070137463265,0,0.0
2.9661626475825877,0,0.0
2.550349355782886,0,0.0
2.060298964536504,0,0.0
1.4484783255316085,0,0.0
0.6561706230312552,0,0.0
-0.3356443607346315,0,0.0
-1.5286833337551524,0,0.0
-2.9281201550374005,0,0.0
-4.518813923698535,0,0.0
-6.246952489161585,0,0.0
-8.055133671034055,0,0.0
-9.901357303867803,0,0.0
-11.714023948203204,0,0.0
-13.405435023601129,0,0.0
-14.91577612790043,0,0.0
-16.180892233420042,0,0.0
-17.09943230232415,0,0.0
-17.581407323055675,0,0.0
-17.58189031702502,0,0.0
-17.09427058519934,0,0.0
-16.140867373580406,0,0.0
-14.74558096187343,0,0.0
-12.961318296233078,0,0.0
-10.89460175727176,0,0.0
-8.65603205552934,0,0.0
-6.331413812000872,0,0.0
-4.005374431577377,0,0.0
-1.7964422789058003,0,0.0
0.17908123198931977,0,0.0
1.8760148555263187,0,0.0
3.2807402552371094,0,0.0
4.371786752549469,0,0.0
5.1580841420737125,0,0.0
5.657503537523776,0,0.0
5.895338667815506,0,0.0
5.935357369445482,0,0.0
5.830229245506107,0,0.0
5.613972870671948,0,0.0
5.343034466394896,0,0.0
5.074695795495989,0,0.0
4.842400942725828,0,0.0
4.666320453289853,0,0.0
4.558412750336385,0,0.0
4.5191084189792585,0,0.0
4.523300742309647,0,0.0
4.543969131695614,0,0.0
4.599964560682212,0,0.0
4.736126502681239,0,0.0
4.976102584146676,0,0.0
5.2939433404629535,0,0.0
5.650440577324182,0,0.0
6.04233371821594,0,0.0
6.4579766115740584,0,0.0
6.871077806102926,0,0.0
7.2672823224757055,0,0.0
7.625678355143834,0,0.0
7.925866345076897,0,0.0
8.149882353263763,0,0.0
8.288377518218276,0,0.0
8.346409232863232,0,0.0
8.310431009347967,0,0.0
8.169879707374763,0,0.0
7.950255846484324,0,0.0
7.681131041982972,0,0.4
7.397328915796905,0,0.4
7.131166762987242,0,0.4
6.87865756569778,0,0.4
6.626077972276489,0,0.4
6.35732400479499,0,0.4
6.031474731657113,0,0.4
5.615021213595429,0,0.4
5.122563354425489,0,0.4
4.598078271564468,0,0.4
4.104712313839533,0,0.4
3.704734766836944,0,0.4
3.3958236055390234,0,0.4
3.137587249317215,0,0.4
2.914401658362248,0,0.4
2.7163626709219466,0,0.4
2.5184339369834072,0,0.4
2.295284785574511,0,0.4
2.0552419898647245,0,0.4
1.8379995684611603,0,0.4
1.6224616592188297,0,0.4
1.3340202998446113,0,0.4
0.9524818117845889,0,0.4
0.49375902658679494,0,0.4
-0.05274464569717195,0,0.4
-0.7157617118586452,0,0.4
-1.5203402208387276,0,0.4
-2.487733524035183,0,0.4
-3.644375853667988,0,0.4
-5.028925156319818,0,0.4
-6.649436897512108,0,0.4
-8.438784297346299,0,0.4
-10.300012925393641,0,0.4
-12.156963687478273,0,0.4
-13.950316413014107,0,0.4
-15.620650473443048,0,0.4
-17.081863676405288,0,0.4
-18.202554090004938,0,0.4
-18.87451436608505,0,0.4
-19.06342343894824,0,0.4
-18.74979671402211,0,0.4
-17.928390841071273,0,0.4
-16.646371875412495,0,0.4
-14.974878120666348,0,0.4
-13.007194439520166,0,0.4
-10.86927719071014,0,0.4
-8.669251153961474,0,0.4
-6.47291620242997,0,0.4
-4.343915454097568,0,0.4
-2.349626163620823,0,0.4
-0.5355748062826028,0,0.4
1.0535873777970453,0,0.4
2.374618285759379,0,0.4
3.4266432350150495,0,0.4
4.22718756172815,0,0.4
4.78301863613654,0,0.4
5.102957151957736,0,0.4
5.201953718405926,0,0.4
5.114187884630743,0,0.4
4.894719032506991,0,0.4
4.611267894839034,0,0.4
4.318130212797432,0,0.4
4.02331042343372,0,0.4
3.7324393944597487,0,0.4
3.4795088628656834,0,0.4
3.293626915418892,0,0.4
3.200337214089601,0,0.4
3.2147631245368267,0,0.4
3.338971589002131,0,0.4
3.5986233380163624,0,0.4
3.9995145370822005,0,0.4
4.474802954862782,0,0.4
4.935001807640384,0,0.4
5.337379847385364,0,0.4
5.6965923890689885,0,0.4
6.02649545468968,0,0.4
6.327295562265367,0,0.4
6.614775045701393,0,0.4
6.888318419896123,0,0.4
7.1193491958940625,0,0.4
7.274814489701274,0,0.4
7.362430629223036,0,0.4
7.4174508138799915,0,0.4
7.419041730598897,0,0.4
7.350349425807084,0,0.4
7.255740112979003,0,0.4
7.167910181831899,0,0.4
7.084885573488911,0,0.4
6.9685850077599465,0,0.4
6.759996223725357,0,0.4
6.470751181646688,0,0.4
6.177429641416741,0,0.4
5.902616392972738,0,0.4
5.626239933604546,0,0.4
5.365846238383694,0,0.4
5.125761816118928,0,0.4
4.843904578015553,0,0.4
4.475073958976705,0,0.4
4.041898369305634,0,0.4
3.5667023449024975,0,0.4
3.0487620829540507,0,0.4
2.508896716049021,0,0.4
1.9953599282160357,0,0.4
1.5265518183666609,0,0.4
1.0458931729123386,0,0.4
0.46014495434228264,0,0.4
-0.2793857511023212,0,0.4
-1.1558602017995643,0,0.4
-2.154005944529809,0,0.4
-3.3080944136327113,0,0.4
-4.667787293485824,0,0.4
-6.2411648824613914,0,0.4
-7.999439538552697,0,0.4
-9.89690325397196,0,0.4
-11.837342807784148,0,0.4
-13.69125358377942,0,0.4
-15.364929708217323,0,0.4
-16.779185727912484,0,0.4
-17.84175127522703,0,0.4
-18.496289807582105,0,0.4
-18.731547705187413,0,0.4
-18.540900489046578,0,0.4
-17.893393218208494,0,0.4
-16.773734569399668,0,0.4
-15.240718481733126,0,0.4
-13.390824585561719,0,0.4
-11.301194771316705,0,0.4
-9.038048765796148,0,0.4
-6.696369113392274,0,0.4
-4.3973968717649,0,0.4
-2.2514825951454287,0,0.4
-0.33045601071879893,0,0.4
1.3334696073364625,0,0.4
2.7099845042219606,0,0.4
3.777147755684682,0,0.4
4.553912821779086,0,0.4
5.072317799540272,0,0.4
5.350936709501169,0,0.4
5.417053361207028,0,0.4
5.320050054495987,0,0.4
5.116663649121445,0,0.4
4.862707662875468,0,0.4
4.598273718035131,0,0.4
4.355405561679962,0,0.4
4.172229881019137,0,0.4
4.048471701048911,0,0.4
3.943336363554402,0,0.4
3.859553558157966,0,0.4
3.860830586975039,0,0.4
4.009083182960679,0,0.4
4.32299880210207,0,0.4
4.762153472181046,0,0.4
5.23534682426425,0,0.4
5.66445366740519,0,0.4
6.041298242517635,0,0.4
6.373388705550407,0,0.4
6.6515091863147395,0,0.4
6.90599244527854,0,0.4
7.163884578156728,0,0.4
7.383851554765115,0,0.4
7.521163150365101,0,0.4
7.555760274312133,0,0.4
7.47065831790308,1,0.4
7.286160013095731,0,0.4
7.042032153364349,0,0.4
6.773699529314442,0,0.4
6.5319068925710075,0,0.4
6.346809002122198,0,0.4
6.192424157398688,0,0.4
6.0239260203327465,0,0.4
5.83099472926582,0,0.4
5.601651518455517,0,0.4
5.291824768024874,0,0.4
4.919888698484752,0,0.4
4.549521449907977,0,0.4
4.1883342707304845,0,0.4
3.8375043999781897,0,0.4
3.4953791584011467,0,0.4
3.108966818265042,0,0.4
2.6441707498098816,0,0.4
2.1083991664978714,0,0.4
1.4802439183699123,0,0.4
0.7095644308719511,0,0.4
-0.21474560964052875,0,0.4
-1.2717546343253827,0,0.4
-2.4659564400610003,0,0.4
-3.8102177443124337,0,0.4
-5.301928160229388,0,0.4
-6.942192118427412,0,0.4
-8.715081859305936,0,0.4
-10.54356167199819,0,0.4
-12.312238754955489,0,0.4
-13.922167200261951,0,0.4
-15.315679491390542,0,0.4
-16.45981098437771,0,0.4
-17.304151338198313,0,0.4
-17.78789258042679,0,0.4
-17.846312117982873,0,0.4
-17.425722788071276,0,0.4
-16.551505607382584,0,0.4
-15.302975921560774,0,0.4
-13.747805587029644,0,0.4
-11.938708093380923,0,0.4
-9.939031711973616,0,0.4
-7.852323128758089,0,0.4
-5.762805992883124,0,0.4
-3.709440778200205,0,0.4
-1.7510768541879222,0,0.4
0.0618624987916116,0,0.4
1.691995810694398,0,0.4
3.0726463766948378,0,0.4
4.174041292618152,0,0.4
5.0311188006963325,0,0.4
5.664244517319413,0,0.4
6.050787655951806,0,0.4
6.186885014006028,0,0.4
6.116760309655193,1,0.4
5.889616598029607,0,0.4
5.546617523042038,0,0.4
5.14301517673493,0,0.4
4.756783609198446,0,0.4
4.460963348609026,0,0.4
4.262243785608248,0,0.4
4.130776389790534,0,0.4
4.07723396535915,0,0.4
4.122127418513532,0,0.4
4.255848017712502,0,0.4
4.456750079180333,0,0.4
4.7089157966982755,0,0.4
5.001117466406665,0,0.4
5.311398194236965,0,0.4
5.617583426424161,0,0.4
5.931842304171783,0,0.4
6.270362289853859,0,0.4
6.596438056080544,0,0.4
6.873870642060348,0,0.4
7.091512219543045,0,0.4
7.228044964005885,0,0.4
7.314197150201048,0,0.4
7.398607621183391,0,0.4
7.453643680776901,0,0.4
7.445701128668693,0,0.4
7.386006589333873,0,0.4
7.277999867567742,0,0.4
7.110892784088468,0,0.4
6.892474246432121,0,0.4
6.633088370621683,0,0.4
6.326214522447176,0,0.4
5.962298089438094,0,0.4
5.53528784766597,0,0.4
5.048985944144414,0,0.4
4.535252690307165,0,0.4
4.044181288433056,0,0.4
3.61170049932361,0,0.4
3.2496363988748715,0,0.4
2.94212131129844,0,0.4
2.6611333085366233,0,0.4
2.4074362235073536,0,0.4
2.1917391960868624,0,0.4
1.9709156329907176,0,0.4
1.6715018093016145,0,0.4
1.2518707820167438,0,0.4
0.6873509915620762,0,0.4
-0.02244458111466828,0,0.4
-0.8458753098601277,0,0.4
-1.7830997606577115,0,0.4
-2.872557882420163,0,0.4
-4.142127733787811,0,0.4
-5.5794555719324785,0,0.4
-7.1427126861712225,0,0.4
-8.797681613389202,0,0.4
-10.518100271075857,0,0.4
-12.265430251853916,0,0.4
-13.970935913375945,0,0.4
-15.531771597671078,0,0.4
-16.84500921000723,0,0.4
-17.836000641569736,0,0.4
-18.451526383675013,0,0.4
-18.642550483307392,0,0.4
-18.363353916141836,0,0.4
-17.59018614684055,0,0.4
-16.352417627078044,0,0.4
-14.729635123746121,0,0.4
-12.811943046133457,0,0.4
-10.682600841006018,0,0.4
-8.41854189808223,0,0.4
-6.114260742204705,0,0.4
-3.9053398967605557,0,0.4
-1.9010381922708615,0,0.4
-0.11048434872246453,0,0.4
1.4778337931883563,0,0.4
2.8329475552045635,0,0.4
3.9283980801229905,0,0.4
4.722361165373886,0,0.4
5.165321024656612,0,0.4
5.287769473624501,0,0.4
5.189670145946803,0,0.4
4.972608482209015,0,0.4
4.697811332375165,0,0.4
4.386055368254337,0,0.4
4.072690667768944,0,0.4
3.8113156650730486,0,0.4
3.6284874507888962,0,0.4
3.513705697826809,0,0.4
3.454287592100697,0,0.4
3.467816381562436,0,0.4
3.5641148698567995,0,0.4
3.711080024500474,0,0.4
3.8804905617971235,0,0.4
4.097186992541537,0,0.4
4.405591861656342,0,0.4
4.805573675671499,0,0.4
5.251641155721426,0,0.4
5.695797765017281,0,0.4
6.1093992048443555,0,0.4
6.483681604382122,0,0.4
6.8182973342589355,0,0.4
7.085551004552477,0,0.4
7.259682286108433,0,0.4
7.374439613046119,0,0.4
7.460913439742455,0,0.4
7.493754605499682,0,0.4
7.434506368548988,1,0.4
7.267350704982281,0,0.4
7.023402949258219,0,0.4
6.758249298449282,0,0.4
6.503547234560942,0,0.4
6.264915537251276,0,0.4
6.0228721212204555,0,0.4
5.750977773986217,0,0.4
5.4321146169816865,0,0.4
5.0755783956447384,0,0.4
4.719789030449728,0,0.4
4.372651471955352,0,0.4
4.008499060966576,0,0.4
3.634374997908077,0,0.4
3.288399510614719,0,0.4
2.971204635555309,0,0.4
2.6579993122758157,0,0.4
2.3579738762147056,0,0.4
2.100952055493661,0,0.4
1.8791706574651084,0,0.4
1.6065303450379165,0,0.4
1.2069690524788075,0,0.4
0.6872996752396088,0,0.4
0.04295604549362313,0,0.4
-0.760560916547227,0,0.4
-1.7189120103330107,0,0.4
-2.8283209830142932,0,0.4
-4.117895289305968,0,0.4
-5.596720420886757,0,0.4
-7.250051679888718,0,0.4
-9.043171312328784,0,0.4
-10.88973506301441,0,0.4
-12.683180296900336,0,0.4
-14.354580467058511,0,0.4
-15.86346970091285,0,0.4
-17.1260702190675,0,0.4
-18.005381738865267,0,0.4
-18.408531306524402,0,0.4
-18.3311962521521,0,0.4
-17.796812826638995,0,0.4
-16.805813216433666,0,0.4
-15.360959349122128,0,0.4
-13.515691963346422,0,0.4
-11.363302064111949,0,0.4
-9.024760708056792,0,0.4
-6.659335405778909,0,0.4
-4.402377718748373,0,0.4
-2.3091427336334114,0,0.4
-0.4074020192690434,0,0.4
1.2586938973515747,0,0.4
2.6443735251006086,0,0.4
3.709060391583817,0,0.4
4.459993704501072,0,0.4
4.975967160274665,0,0.4
5.314791912155673,0,0.4
5.481393932130951,0,0.4
5.489005233205605,0,0.4
5.357912404833809,0,0.4
5.112698085437025,0,0.4
4.801309188064478,0,0.4
4.454000274434074,0,0.4
4.082916772773012,0,0.4
3.7465958169301,0,0.4
3.5283827146151765,0,0.4
3.456769165578526,0,0.4
3.5087747306039687,0,0.4
3.65743120548645,0,0.4
3.891391024487879,0,0.4
4.220262966256045,0,0.4
4.622752354414121,0,0.4
5.021406021005201,0,0.4
5.386177396101292,0,0.4
5.764475455461779,0,0.4
6.172940666662451,0,0.4
6.562731100139553,0,0.4
6.884004717110961,0,0.4
7.114696751815004,0,0.4
7.247256565422494,0,0.4
7.288164250557498,0,0.4
7.267313418387843,1,0.9200387867348971
7.220104292791671,0,0.9200387867348971
7.156794879281913,0,0.9200387867348971
7.072995423509802,0,0.9200387867348971
6.956744192549083,0,0.9200387867348971
6.800247624133,0,0.9200387867348971
6.6097144560545456,0,0.9200387867348971
6.3772285934251665,0,0.9200387867348971
6.115076351249951,0,0.9200387867348971
5.87493348292623,0,0.9200387867348971
5.6620859672175925,0,0.9200387867348971
5.425711452507701,0,0.9200387867348971
5.143961999411086,0,0.9200387867348971
4.841772148097132,0,0.9200387867348971
4.551040348965415,0,0.9200387867348971
4.273989874940006,0,0.9200387867348971
3.9838659926040205,0,0.9200387867348971
3.671500335204655,0,0.9200387867348971
3.3519156683022358,0,0.9200387867348971
3.027526177715159,0,0.9200387867348971
2.689190339279147,0,0.9200387867348971
2.340387350419032,0,0.9200387867348971
1.9660580554310318,0,0.9200387867348971
1.5257334132437113,0,0.9200387867348971
1.001871198651642,0,0.9200387867348971
0.3796703862710717,0,0.9200387867348971
-0.37320153533367734,0,0.9200387867348971
-1.2852118972405469,0,0.9200387867348971
-2.376944105145001,0,0.9200387867348971
-3.6653359553287173,0,0.9200387867348971
-5.160460997574496,0,0.9200387867348971
-6.827490550989779,0,0.9200387867348971
-8.59745152290285,0,0.9200387867348971
-10.425352753145745,0,0.9200387867348971
-12.26449557692004,0,0.9200387867348971
-14.027229253327965,0,0.9200387867348971
-15.614506982031125,0,0.9200387867348971
-16.955277100249155,0,0.9200387867348971
-17.993843216859492,0,0.9200387867348971
-18.648833977152588,0,0.9200387867348971
-18.83187514657049,0,0.9200387867348971
-18.511753175676542,0,0.9200387867348971
-17.71804508768126,0,0.9200387867348971
-16.489283191223027,0,0.9200387867348971
-14.872918078841305,0,0.9200387867348971
-12.949551732979801,0,0.9200387867348971
-10.80533994897395,0,0.9200387867348971
-8.52247250173138,0,0.9200387867348971
-6.218710873522308,0,0.9200387867348971
-4.035677481637243,0,0.9200387867348971
-2.0629281760265252,0,0.9200387867348971
-0.3310572479384091,0,0.9200387867348971
1.1448321842608618,0,0.9200387867348971
2.373743963701795,0,0.9200387867348971
3.3663363904342862,0,0.9200387867348971
4.10221363558374,0,0.9200387867348971
4.58495045353494,0,0.9200387867348971
4.865451517581246,0,0.9200387867348971
4.97787935455433,0,0.9200387867348971
4.935480186567098,0,0.9200387867348971
4.791127207763853,0,0.9200387867348971
4.614331291583964,0,0.9200387867348971
4.429324016208763,0,0.9200387867348971
4.219394797758471,0,0.9200387867348971
3.9820123653037114,0,0.9200387867348971
3.774250356886959,0,0.9200387867348971
3.659159008975924,0,0.9200387867348971
3.6505588497285455,0,0.9200387867348971
3.741328112548574,0,0.9200387867348971
3.904934852885919,0,0.9200387867348971
4.100363145571185,0,0.9200387867348971
4.318955280417314,0,0.9200387867348971
4.571569654977071,0,0.9200387867348971
4.869871295337472,0,0.9200387867348971
5.248100062766969,0,0.9200387867348971
5.709836205680243,0,0.9200387867348971
6.20416415195045,0,0.9200387867348971
6.6859156475902335,0,0.9200387867348971
7.105005130900011,0,0.9200387867348971
7.409764670252565,0,0.9200387867348971
7.6056512638195946,0,0.9200387867348971
7.712401783544736,0,0.9200387867348971
7.715065668235345,0,0.9200387867348971
7.61392725100152,1,0.9312576394570309
7.447659299580136,0,0.9312576394570309
7.247671860903437,0,0.9312576394570309
7.004229740959571,0,0.9312576394570309
6.702430281232824,0,0.9312576394570309
6.365761659669958,0,0.9312576394570309
6.043208473745694,0,0.9312576394570309
5.768750157558315,0,0.9312576394570309
5.521931381193226,0,0.9312576394570309
5.253180028633667,0,0.9312576394570309
4.965293033736312,0,0.9312576394570309
4.7010571767929665,0,0.9312576394570309
4.478326414135658,0,0.9312576394570309
4.282785725922401,0,0.9312576394570309
4.065459912602323,0,0.9312576394570309
3.761013721745817,0,0.9312576394570309
3.346558484837188,0,0.9312576394570309
2.874216102856591,0,0.9312576394570309
2.420918881093105,0,0.9312576394570309
2.006090179554338,0,0.9312576394570309
1.582204701501754,0,0.9312576394570309
1.0802467152357542,0,0.9312576394570309
0.4542329034663756,0,0.9312576394570309
-0.285288323314863,0,0.9312576394570309
-1.102474749332999,0,0.9312576394570309
-2.0162911916667197,0,0.9312576394570309
-3.0947923742419263,0,0.9312576394570309
-4.385561351712495,0,0.9312576394570309
-5.887412457737633,0,0.9312576394570309
-7.563221538481911,0,0.9312576394570309
-9.346301187540526,0,0.9312576394570309
-11.14122292619518,0,0.9312576394570309
-12.863550566897102,0,0.9312576394570309
-14.45621190897802,0,0.9312576394570309
-15.84613140051416,0,0.9312576394570309
-16.926633242244858,0,0.9312576394570309
-17.620775821706708,0,0.9312576394570309
-17.921056532906388,0,0.9312576394570309
-17.81959185396494,0,0.9312576394570309
-17.27085221486072,0,0.9312576394570309
-16.246670525663415,0,0.9312576394570309
-14.796634550389124,0,0.9312576394570309
-13.034658159876852,0,0.9312576394570309
-11.060430674340749,0,0.9312576394570309
-8.94694646296177,0,0.9312576394570309
-6.787577454755849,0,0.9312576394570309
-4.6982628310274865,0,0.9312576394570309
-2.75916714752596,0,0.9312576394570309
-0.9827254179252886,0,0.9312576394570309
0.6246694024937465,0,0.9312576394570309
2.0044351064421253,0,0.9312576394570309
3.0908446809105463,0,0.9312576394570309
3.8795706525718563,0,0.9312576394570309
4.4222775901443985,0,0.9312576394570309
4.771650024400412,0,0.9312576394570309
4.9305738616175425,0,0.9312576394570309
4.896544868560444,0,0.9312576394570309
4.747884114173788,0,0.9312576394570309
4.579889281825374,0,0.9312576394570309
4.405545072238502,0,0.9312576394570309
4.218578589939651,0,0.9312576394570309
4.054577566103394,0,0.9312576394570309
3.9389780449119933,0,0.9312576394570309
3.8694048320935095,0,0.9312576394570309
3.838885455166905,0,0.9312576394570309
3.8522465735518088,0,0.9312576394570309
3.9435233628973467,0,0.9312576394570309
4.119447573627011,0,0.9312576394570309
4.328966054263641,0,0.9312576394570309
4.550957485580788,0,0.9312576394570309
4.830003659792771,0,0.9312576394570309
5.190437576565285,0,0.9312576394570309
5.5757814797133,0,0.9312576394570309
5.935972658208398,0,0.9312576394570309
6.285964315318694,0,0.9312576394570309
6.622685093873976,0,0.9312576394570309
6.910758438563033,0,0.9312576394570309
7.143531079875331,0,0.9312576394570309
7.321553878996369,0,0.9312576394570309
7.427487461357253,0,0.9312576394570309
7.464695086284241,0,0.9312576394570309
7.46015317419215,1,0.9385867358551578
7.426488577981213,0,0.9385867358551578
7.363530991351389,0,0.9385867358551578
7.274423783340013,0,0.9385867358551578
7.160457514007379,0,0.9385867358551578
7.013360245811629,0,0.9385867358551578
6.798878603243464,0,0.9385867358551578
6.472074590902112,0,0.9385867358551578
6.022747548468969,0,0.9385867358551578
5.500094563029519,0,0.9385867358551578
4.979916705352997,0,0.9385867358551578
4.488411867733285,0,0.9385867358551578
4.005100747562982,0,0.9385867358551578
3.513040436878402,0,0.9385867358551578
3.0027933793597366,0,0.9385867358551578
2.4677780697315312,0,0.9385867358551578
1.9036215537844008,0,0.9385867358551578
1.3062196184801234,0,0.9385867358551578
0.6751750544483843,0,0.9385867358551578
0.01137690221859506,0,0.9385867358551578
-0.7198880486623276,0,0.9385867358551578
-1.5993206567152292,0,0.9385867358551578
-2.669097398906939,0,0.9385867358551578
-3.9039246705392388,0,0.9385867358551578
-5.28287309430984,0,0.9385867358551578
-6.782421796780553,0,0.9385867358551578
-8.349154883249502,0,0.9385867358551578
-9.951084322617957,0,0.9385867358551578
-11.574673910301783,0,0.9385867358551578
-13.174018756002718,0,0.9385867358551578
-14.680039912249269,0,0.9385867358551578
-16.020420396168372,0,0.9385867358551578
-17.09197348899079,0,0.9385867358551578
-17.76006566849181,0,0.9385867358551578
-17.92913758315096,0,0.9385867358551578
-17.572920444351176,0,0.9385867358551578
-16.713918576677237,0,0.9385867358551578
-15.426508831450583,0,0.9385867358551578
-13.808473938465635,0,0.9385867358551578
-11.933408025265193,0,0.9385867358551578
-9.859086420690366,0,0.9385867358551578
-7.662985669318969,0,0.9385867358551578
-5.440190646323787,0,0.9385867358551578
-3.269162953615407,0,0.9385867358551578
-1.222470608036631,0,0.9385867358551578
0.6159667511618122,0,0.9385867358551578
2.193276239865228,0,0.9385867358551578
3.501461465882193,0,0.9385867358551578
4.5303071052545985,0,0.9385867358551578
5.253702146350944,0,0.9385867358551578
5.674182404965997,0,0.9385867358551578
5.8446826615629455,0,0.9385867358551578
5.819378724485073,0,0.9385867358551578
5.617282388376385,0,0.9385867358551578
5.268813416290105,0,0.9385867358551578
4.842859778823103,0,0.9385867358551578
4.40704461594909,0,0.9385867358551578
4.001097045984528,0,0.9385867358551578
3.641505606895583,0,0.9385867358551578
3.3581368158276046,0,0.9385867358551578
3.2063002402153153,0,0.9385867358551578
3.2050100520877622,0,0.9385867358551578
3.333247053973847,0,0.9385867358551578
3.5834821061058095,0,0.9385867358551578
3.9507644209943074,0,0.9385867358551578
4.401715507963674,0,0.9385867358551578
4.891956522549728,0,0.9385867358551578
5.403813893676527,0,0.9385867358551578
5.935160070340439,0,0.9385867358551578
6.4575375305576665,0,0.9385867358551578
6.901189667622336,0,0.9385867358551578
7.202313694757985,0,0.9385867358551578
7.36063035497508,0,0.9385867358551578
7.414479906481922,0,0.9385867358551578
7.390752152554684,1,0.9424090279084206
7.315492098792953,0,0.9424090279084206
7.239462507508101,0,0.9424090279084206
7.192784153660189,0,0.9424090279084206
7.15680194719017,0,0.9424090279084206
7.1169400536968945,0,0.9424090279084206
7.052749336688738,0,0.9424090279084206
6.9094095890414815,0,0.9424090279084206
6.666759209775441,0,0.9424090279084206
6.361050766017542,0,0.9424090279084206
6.020060971160824,0,0.9424090279084206
5.638818978770374,0,0.9424090279084206
5.211371163963729,0,0.9424090279084206
4.7499065162187515,0,0.9424090279084206
4.2683522963073335,0,0.9424090279084206
3.7574552485442774,0,0.9424090279084206
3.17865679229745,0,0.9424090279084206
2.4894660652347427,0,0.9424090279084206
1.6581535933917602,0,0.9424090279084206
0.676099391611348,0,0.9424090279084206
-0.44858076185520235,0,0.9424090279084206
-1.7360844214573212,0,0.9424090279084206
-3.2160828671624495,0,0.9424090279084206
-4.874935572927201,0,0.9424090279084206
-6.66825479879382,0,0.9424090279084206
-8.550466709203748,0,0.9424090279084206
-10.460793219785273,0,0.9424090279084206
-12.323148134684669,0,0.9424090279084206
-14.068772752304646,0,0.9424090279084206
-15.59279227962812,0,0.9424090279084206
-16.753623615423525,0,0.9424090279084206
-17.46423255892341,0,0.9424090279084206
-17.693808944362477,0,0.9424090279084206
-17.423841855210654,0,0.9424090279084206
-16.67714388550101,0,0.9424090279084206
-15.513431922956471,0,0.9424090279084206
-13.970757207554472,0,0.9424090279084206
-12.097352305166782,0,0.9424090279084206
-9.999144157380542,0,0.9424090279084206
-7.795972348440998,0,0.9424090279084206
-5.595987601548968,0,0.9424090279084206
-3.486904364048858,0,0.9424090279084206
-1.520111839989582,0,0.9424090279084206
0.24126121869341438,0,0.9424090279084206
1.7153927275871488,0,0.9424090279084206
2.8938769453737487,0,0.9424090279084206
3.8360245120452836,0,0.9424090279084206
4.567208742248214,0,0.9424090279084206
5.0634235801608565,0,0.9424090279084206
5.32706062282453,0,0.9424090279084206
5.4084737852413625,0,0.9424090279084206
5.342068468681068,0,0.9424090279084206
5.160486028318954,0,0.9424090279084206
4.926173981299197,0,0.9424090279084206
4.689378426989885,0,0.9424090279084206
4.484486386863702,0,0.9424090279084206
4.328419333154426,0,0.9424090279084206
4.2092052003039235,0,0.9424090279084206
4.113278282323401,0,0.9424090279084206
4.054034393680207,0,0.9424090279084206
4.064390473528543,0,0.9424090279084206
4.15491816723147,0,0.9424090279084206
4.314748147555731,0,0.9424090279084206
4.541308952210864,0,0.9424090279084206
4.844970400985591,0,0.9424090279084206
5.2253582927038655,0,0.9424090279084206
5.645319090264432,0,0.9424090279084206
6.060556955387573,0,0.9424090279084206
6.436248070229573,0,0.9424090279084206
6.736994790742288,0,0.9424090279084206
6.96027001754484,0,0.9424090279084206
7.137883006755585,0,0.9424090279084206
7.2732603935587035,0,0.9424090279084206
7.346012513177645,0,0.9424090279084206
7.3652645590452925,0,0.9424090279084206
7.340559663544908,1,0.9459136725885882
7.25935758194201,0,0.9459136725885882
7.122056555070004,0,0.9459136725885882
6.944110532050562,0,0.9459136725885882
6.737975843502832,0,0.9459136725885882
6.513663551217318,0,0.9459136725885882
6.292851373430427,0,0.9459136725885882
6.093905035189762,0,0.9459136725885882
5.897631900592354,0,0.9459136725885882
5.6697089712646,0,0.9459136725885882
5.404424899702055,0,0.9459136725885882
5.120401155744907,0,0.9459136725885882
4.838618153329558,0,0.9459136725885882
4.575232498594777,0,0.9459136725885882
4.330171820122179,0,0.9459136725885882
4.079179369401122,0,0.9459136725885882
3.7909764131588064,0,0.9459136725885882
3.456393544232633,0,0.9459136725885882
3.0913065864431046,0,0.9459136725885882
2.7004921331081424,0,0.9459136725885882
2.275480634122527,0,0.9459136725885882
1.8187599836673907,0,0.9459136725885882
1.3045329845101103,0,0.9459136725885882
0.6672126913194137,0,0.9459136725885882
-0.1258397288560914,0,0.9459136725885882
-1.0474816985702537,0,0.9459136725885882
-2.0881640212735597,0,0.9459136725885882
-3.2946532362135,0,0.9459136725885882
-4.682961358219509,0,0.9459136725885882
-6.228097761456434,0,0.9459136725885882
-7.927257470979931,0,0.9459136725885882
-9.762819270168213,0,0.9459136725885882
-11.666064286942088,0,0.9459136725885882
-13.54269610326136,0,0.9459136725885882
-15.285368677110286,0,0.9459136725885882
-16.776818011541568,0,0.9459136725885882
-17.921424802826294,0,0.9459136725885882
-18.665281885778615,0,0.9459136725885882
-18.978695530643527,0,0.9459136725885882
-18.833379690320253,0,0.9459136725885882
-18.21301953115755,0,0.9459136725885882
-17.14754655847554,0,0.9459136725885882
-15.698997740943483,0,0.9459136725885882
-13.942845277926764,0,0.9459136725885882
-11.96419366038909,0,0.9459136725885882
-9.833960152839548,0,0.9459136725885882
-7.624089121917589,0,0.9459136725885882
-5.429398708553714,0,0.9459136725885882
-3.3502342034103476,0,0.9459136725885882
-1.4751507051466768,0,0.9459136725885882
0.1303247096418069,0,0.9459136725885882
1.4339793988029883,0,0.9459136725885882
2.4342753287490395,0,0.9459136725885882
3.1640021223442845,0,0.9459136725885882
3.6804951885135186,0,0.9459136725885882
4.010489744336541,0,0.9459136725885882
4.156823129795947,0,0.9459136725885882
4.160447007837853,0,0.9459136725885882
4.076468973466782,0,0.9459136725885882
3.9292548248639063,0,0.9459136725885882
3.7321998438744544,0,0.9459136725885882
3.5181510897265604,0,0.9459136725885882
3.3333707396968397,0,0.9459136725885882
3.204315321322693,0,0.9459136725885882
3.1373947574094907,0,0.9459136725885882
3.1402931436797243,0,0.9459136725885882
3.2294964050516914,0,0.9459136725885882
3.426799866106658,0,0.9459136725885882
3.7131733873689843,0,0.9459136725885882
4.040679442493297,0,0.9459136725885882
4.412980064409112,0,0.9459136725885882
4.842632084565272,0,0.9459136725885882
5.287345740009756,0,0.9459136725885882
5.700960702854027,0,0.9459136725885882
6.067339752827941,0,0.9459136725885882
6.38494049249787,0,0.9459136725885882
6.649330698623672,0,0.9459136725885882
6.856047698832018,0,0.9459136725885882
7.017625196252561,0,0.9459136725885882
7.1444795610336875,0,0.9459136725885882
7.232138841753465,0,0.9459136725885882
7.267718237462667,0,0.9459136725885882
7.218699431255874,1,0.9495041454689435
7.078362623767255,0,0.9495041454689435
6.8849256096537745,0,0.9495041454689435
6.643069211770755,0,0.9495041454689435
6.340083961494314,0,0.9495041454689435
5.99031915040805,0,0.9495041454689435
5.621647060253957,0,0.9495041454689435
5.285462583088066,0,0.9495041454689435
5.001482933207947,0,0.9495041454689435
4.73431014014344,0,0.9495041454689435
4.470788572671461,0,0.9495041454689435
4.238743045892469,0,0.9495041454689435
4.053640899341628,0,0.9495041454689435
3.881511941878854,0,0.9495041454689435
3.6748755557963277,0,0.9495041454689435
3.4120079540556048,0,0.9495041454689435
3.094891844584582,0,0.9495041454689435
2.739758640987566,0,0.9495041454689435
2.35262443301772,0,0.9495041454689435
1.9151961499917267,0,0.9495041454689435
1.3976039534785314,0,0.9495041454689435
0.7660881589690988,0,0.9495041454689435
-0.016537347326825505,0,0.9495041454689435
-0.977876063947356,0,0.9495041454689435
-2.119159216069339,0,0.9495041454689435
-3.4133745318058426,0,0.9495041454689435
-4.83752717855133,0,0.9495041454689435
-6.413309647351459,0,0.9495041454689435
-8.158425602031066,0,0.9495041454689435
-9.996452612504505,0,0.9495041454689435
-11.816363865888478,0,0.9495041454689435
-13.556714547089781,0,0.9495041454689435
-15.155660161797753,0,0.9495041454689435
-16.525643997179667,0,0.9495041454689435
-17.579549067225205,0,0.9495041454689435
-18.2273786978284,0,0.9495041454689435
-18.38760935415886,0,0.9495041454689435
-18.023374918147123,0,0.9495041454689435
-17.13532899875771,0,0.9495041454689435
-15.759902814831028,0,0.9495041454689435
-14.01172106065196,0,0.9495041454689435
-12.027768739616345,0,0.9495041454689435
-9.88238145545398,0,0.9495041454689435
-7.638877471818565,0,0.9495041454689435
-5.380571202453326,0,0.9495041454689435
-3.1789317287500003,0,0.9495041454689435
-1.1146120907125918,0,0.9495041454689435
0.7220079746492559,0,0.9495041454689435
2.2611640646877116,0,0.9495041454689435
3.4696760297795666,0,0.9495041454689435
4.363716303961951,0,0.9495041454689435
4.987049217859807,0,0.9495041454689435
5.368790885016049,0,0.9495041454689435
5.518354359773614,0,0.9495041454689435
5.463593210391798,0,0.9495041454689435
5.248438357887477,0,0.9495041454689435
4.90652367848454,0,0.9495041454689435
4.500682187355588,0,0.9495041454689435
4.104389855531441,0,0.9495041454689435
3.7411858567535408,0,0.9495041454689435
3.4261910224284358,0,0.9495041454689435
3.1855863182985646,0,0.9495041454689435
3.0289706052806737,0,0.9495041454689435
2.973017168791719,0,0.9495041454689435
3.0396804431973736,0,0.9495041454689435
3.2259825155149473,0,0.9495041454689435
3.5313559884372974,0,0.9495041454689435
3.9626677078744246,0,0.9495041454689435
4.488810654241712,0,0.9495041454689435
5.0604611873864656,0,0.9495041454689435
5.640776049122545,0,0.9495041454689435
6.184235357549922,0,0.9495041454689435
6.648217781248549,0,0.9495041454689435
7.019721660865132,0,0.9495041454689435
7.302726396507926,0,0.9495041454689435
7.495179990310393,0,0.9495041454689435
7.597089749640784,0,0.9495041454689435
7.630209743058704,0,0.9495041454689435
7.619872733473264,1,0.9522852101115998
7.5757097407357445,0,0.9522852101115998
7.500310316342817,0,0.9522852101115998
7.403724535317262,0,0.9522852101115998
7.298130995009565,0,0.9522852101115998
7.184661932415704,0,0.9522852101115998
7.051204633589475,0,0.9522852101115998
6.855911077115409,0,0.9522852101115998
6.564879601788174,0,0.9522852101115998
6.206711031298124,0,0.9522852101115998
5.824146192721945,0,0.9522852101115998
5.445028460813962,0,0.9522852101115998
5.106090863435587,0,0.9522852101115998
4.826195008330266,0,0.9522852101115998
4.58736929984277,0,0.9522852101115998
4.353557925855452,0,0.9522852101115998
4.0932734146188,0,0.9522852101115998
3.7945672400992834,0,0.9522852101115998
3.460537387569636,0,0.9522852101115998
3.0994878713069562,0,0.9522852101115998
2.703681464052666,0,0.9522852101115998
2.255583755139506,0,0.9522852101115998
1.7559168613169536,0,0.9522852101115998
1.186137113748604,0,0.9522852101115998
0.5028266179938059,0,0.9522852101115998
-0.29988262994864023,0,0.9522852101115998
-1.2299627077366293,0,0.9522852101115998
-2.3482690128321884,0,0.9522852101115998
-3.668075774751508,0,0.9522852101115998
-5.108194433061604,0,0.9522852101115998
-6.6152035142644,0,0.9522852101115998
-8.202964146642284,0,0.9522852101115998
-9.870041028468831,0,0.9522852101115998
-11.575666045028088,0,0.9522852101115998
-13.246094915031875,0,0.9522852101115998
-14.790698321719315,0,0.9522852101115998
-16.15565408261257,0,0.9522852101115998
-17.313202692090904,0,0.9522852101115998
-18.178993269541497,0,0.9522852101115998
-18.618861923293434,0,0.9522852101115998
-18.538941507085298,0,0.9522852101115998
-17.918133603023666,0,0.9522852101115998
-16.79874770170176,0,0.9522852101115998
-15.269435563611498,0,0.9522852101115998
-13.417176329063667,0,0.9522852101115998
-11.31115605788267,0,0.9522852101115998
-9.042526149093316,0,0.9522852101115998
-6.7345526206458475,0,0.9522852101115998
-4.51456981915665,0,0.9522852101115998
-2.4620824465818063,0,0.9522852101115998
-0.6081845910217174,0,0.9522852101115998
0.9938405172530512,0,0.9522852101115998
2.3043115194494272,0,0.9522852101115998
3.3408690259995795,0,0.9522852101115998
4.115767094387857,0,0.9522852101115998
4.6283538919473814,0,0.9522852101115998
4.896726378125462,0,0.9522852101115998
4.961905917739992,0,0.9522852101115998
4.873999869461259,0,0.9522852101115998
4.686287756169442,0,0.9522852101115998
4.469183530936034,0,0.9522852101115998
4.280903969805397,0,0.9522852101115998
4.1358862935005565,0,0.9522852101115998
4.016924109236465,0,0.9522852101115998
3.9148785582579357,0,0.9522852101115998
3.864236777177379,0,0.9522852101115998
3.9001997736354053,0,0.9522852101115998
4.019096631977275,0,0.9522852101115998
4.212344030127881,0,0.9522852101115998
4.471130013857788,0,0.9522852101115998
4.774221885868093,0,0.9522852101115998
5.0968150005343595,0,0.9522852101115998
5.425611453374631,0,0.9522852101115998
5.769975091939275,0,0.9522852101115998
6.116282939771524,0,0.9522852101115998
6.442481741785961,0,0.9522852101115998
6.778944719186486,0,0.9522852101115998
7.131369382846217,0,0.9522852101115998
7.43150665372784,0,0.9522852101115998
7.60984694473542,0,0.9522852101115998
7.646720293513377,0,0.9522852101115998
7.5674808074655155,1,0.9547907422317358
7.4099348206659705,0,0.9547907422317358
7.204411343079631,0,0.9547907422317358
6.970365462445665,0,0.9547907422317358
6.72312771534858,0,0.9547907422317358
6.481866443519453,0,0.9547907422317358
6.251027344040261,0,0.9547907422317358
6.010342742491106,0,0.9547907422317358
5.754887588988835,0,0.9547907422317358
5.5163116295701755,0,0.9547907422317358
5.321406072996739,0,0.9547907422317358
5.160419454044414,0,0.9547907422317358
4.9988601471100065,0,0.9547907422317358
4.789783861061584,0,0.9547907422317358
4.495782014885034,0,0.9547907422317358
4.136072720660465,0,0.9547907422317358
3.764254953407507,0,0.9547907422317358
3.3852681246771525,0,0.9547907422317358
2.977788935120073,0,0.9547907422317358
2.5745971189620116,0,0.9547907422317358
2.229180818704411,0,0.9547907422317358
1.9425410296878376,0,0.9547907422317358
1.6663767329120336,0,0.9547907422317358
1.3577633630999366,0,0.9547907422317358
1.009853607556452,0,0.9547907422317358
0.6080613192016425,0,0.9547907422317358
0.11171407549136211,0,0.9547907422317358
-0.5038858706731084,0,0.9547907422317358
-1.2669512847605437,0,0.9547907422317358
-2.2138228932258506,0,0.9547907422317358
-3.352742498196184,0,0.9547907422317358
-4.682678810911359,0,0.9547907422317358
-6.185864731535352,0,0.9547907422317358
-7.846339861246409,0,0.9547907422317358
-9.662790064591267,0,0.9547907422317358
-11.551534172309966,0,0.9547907422317358
-13.364628384154134,0,0.9547907422317358
-15.00063629301249,0,0.9547907422317358
-16.40241699646311,0,0.9547907422317358
-17.536284909303344,0,0.9547907422317358
-18.364404366316755,0,0.9547907422317358
-18.79172663058472,0,0.9547907422317358
-18.722515895062514,0,0.9547907422317358
-18.13363179721204,0,0.9547907422317358
-17.067498077900794,0,0.9547907422317358
-15.623989024095446,0,0.9547907422317358
-13.901233425600344,0,0.9547907422317358
-11.948507287888527,0,0.9547907422317358
-9.814336069066009,0,0.9547907422317358
-7.574520607170989,0,0.9547907422317358
-5.338236222905554,0,0.9547907422317358
-3.224996933948182,0,0.9547907422317358
-1.3086355790157198,0,0.9547907422317358
0.3721861086998526,0,0.9547907422317358
1.7859430212804992,0,0.9547907422317358
2.9232626567477316,0,0.9547907422317358
3.7965388131210194,0,0.9547907422317358
4.41068644403753,0,0.9547907422317358
4.749985653267722,0,0.9547907422317358
4.829526419758777,0,0.9547907422317358
4.727261578385477,0,0.9547907422317358
4.504080226137777,0,0.9547907422317358
4.180952699094141,0,0.9547907422317358
3.7944680661235504,0,0.9547907422317358
3.3811613255211688,0,0.9547907422317358
2.9722119800957056,0,0.9547907422317358
2.624510534330256,0,0.9547907422317358
2.4081735898728027,0,0.9547907422317358
2.367788933636996,0,0.9547907422317358
2.4892186365598246,0,0.9547907422317358
2.724374558714307,0,0.9547907422317358
3.061598892229933,0,0.9547907422317358
3.5129265010772506,0,0.9547907422317358
4.048108940599136,0,0.9547907422317358
4.619659220476394,0,0.9547907422317358
5.201992466809497,0,0.9547907422317358
5.752614923718541,0,0.9547907422317358
6.227374277682302,0,0.9547907422317358
6.648258711846055,0,0.9547907422317358
7.057686868796605,0,0.9547907422317358
7.436576142293924,0,0.9547907422317358
7.749752605007709,0,0.9547907422317358
8.000565492606219,0,0.9547907422317358
8.17750639962042,0,0.9547907422317358
8.239269063143933,0,0.9547907422317358
8.175022397403376,1,0.9567339071008819
8.026424040641242,0,0.9567339071008819
7.846553723628111,0,0.9567339071008819
7.664097894111017,0,0.9567339071008819
7.491742216685451,0,0.9567339071008819
7.311055840839482,0,0.9567339071008819
7.0910362728727785,0,0.9567339071008819
6.844957221729216,0,0.9567339071008819
6.6056221713274255,0,0.9567339071008819
6.382081040968334,0,0.9567339071008819
6.162933217581397,0,0.9567339071008819
5.945889095788388,0,0.9567339071008819
5.723859918292985,0,0.9567339071008819
5.454934172948578,0,0.9567339071008819
5.11403524807296,0,0.9567339071008819
4.697589952762322,0,0.9567339071008819
4.1926836508535885,0,0.9567339071008819
3.6068793578679843,0,0.9567339071008819
2.9816686772824994,0,0.9567339071008819
2.3525426032612047,0,0.9567339071008819
1.7044915912755991,0,0.9567339071008819
1.020184325788063,0,0.9567339071008819
0.2966084148741438,0,0.9567339071008819
-0.5124320133125488,0,0.9567339071008819
-1.4667240749711599,0,0.9567339071008819
-2.5996619587954575,0,0.9567339071008819
-3.92040531985546,0,0.9567339071008819
-5.407010086741964,0,0.9567339071008819
-7.02262853437595,0,0.9567339071008819
-8.739083944277596,0,0.9567339071008819
-10.520799426868281,0,0.9567339071008819
-12.304845895439886,0,0.9567339071008819
-14.01987448399614,0,0.9567339071008819
-15.606981124850837,0,0.9567339071008819
-17.003229673503526,0,0.9567339071008819
-18.121213051669887,0,0.9567339071008819
-18.853277388937958,0,0.9567339071008819
-19.09901928603688,0,0.9567339071008819
-18.81581451863622,0,0.9567339071008819
-18.019169570528657,0,0.9567339071008819
-16.738353687073033,0,0.9567339071008819
-15.032199846368702,0,0.9567339071008819
-13.009406233321512,0,0.9567339071008819
-10.796054804701837,0,0.9567339071008819
-8.506785677327388,0,0.9567339071008819
-6.229145014711709,0,0.9567339071008819
-4.027902903084661,0,0.9567339071008819
-1.972022113937691,0,0.9567339071008819
-0.12914531203882126,0,0.9567339071008819
1.4590841406803579,0,0.9567339071008819
2.763357686807461,0,0.9567339071008819
3.7787371626593433,0,0.9567339071008819
4.525330467609487,0,0.9567339071008819
5.000574055179683,0,0.9567339071008819
5.220453211651263,0,0.9567339071008819
5.258078211747182,0,0.9567339071008819
5.177517728884328,0,0.9567339071008819
5.003725189935162,0,0.9567339071008819
4.7570078861841,0,0.9567339071008819
4.465455481072882,0,0.9567339071008819
4.147507164395912,0,0.9567339071008819
3.832672146371172,0,0.9567339071008819
3.5850745754320483,0,0.9567339071008819
3.437315487153291,0,0.9567339071008819
3.3832547098455223,0,0.9567339071008819
3.432976809348822,0,0.9567339071008819
3.5768806728038918,0,0.9567339071008819
3.7890974238396775,0,0.9567339071008819
4.07145525385219,0,0.9567339071008819
4.425300460090135,0,0.9567339071008819
4.834149739050687,0,0.9567339071008819
5.282201222556973,0,0.9567339071008819
5.749137918554478,0,0.9567339071008819
6.192123785533424,0,0.9567339071008819
6.573625578154785,0,0.9567339071008819
6.900660854207439,0,0.9567339071008819
7.181574583317029,0,0.9567339071008819
7.385262027120935,0,0.9567339071008819
7.49569610697331,0,0.9567339071008819
7.539789477071868,0,0.9567339071008819
7.519406138987147,1,0.9585833011673517
7.400161386735319,0,0.9585833011673517
7.194340799961558,0,0.9585833011673517
6.964160765179373,0,0.9585833011673517
6.746981159090816,0,0.9585833011673517
6.531452066064082,0,0.9585833011673517
6.279735161148675,0,0.9585833011673517
5.969995030636213,0,0.9585833011673517
5.63333659137688,0,0.9585833011673517
5.317854503201656,0,0.9585833011673517
5.033188386404536,0,0.9585833011673517
4.748477403309553,0,0.9585833011673517
4.432558068775724,0,0.9585833011673517
4.077608351082584,0,0.9585833011673517
3.682697885706429,0,0.9585833011673517
3.231155987997201,0,0.9585833011673517
2.665846220645771,0,0.9585833011673517
1.954897341007086,0,0.9585833011673517
1.1579788040223504,0,0.9585833011673517
0.3096828441472512,0,0.9585833011673517
-0.6709299410131712,0,0.9585833011673517
-1.883781528626092,0,0.9585833011673517
-3.3482739476844925,0,0.9585833011673517
-5.014063756498203,0,0.9585833011673517
-6.814156189745436,0,0.9585833011673517
-8.694067012550526,0,0.9585833011673517
-10.596743713823855,0,0.9585833011673517
-12.43743491043709,0,0.9585833011673517
-14.124293566936595,0,0.9585833011673517
-15.575507541457375,0,0.9585833011673517
-16.699719296916303,0,0.9585833011673517
-17.43334509015321,0,0.9585833011673517
-17.752733408788718,0,0.9585833011673517
-17.623691136371477,0,0.9585833011673517
-17.018176678246437,0,0.9585833011673517
-15.930722474474592,0,0.9585833011673517
-14.399313727406714,0,0.9585833011673517
-12.527082003236144,0,0.9585833011673517
-10.429706942951004,0,0.9585833011673517
-8.227780236163392,0,0.9585833011673517
-6.047190583594905,0,0.9585833011673517
-3.9547539141876875,0,0.9585833011673517
-1.9707138999644411,0,0.9585833011673517
-0.15121417877760954,0,0.9585833011673517
1.4260933943244443,0,0.9585833011673517
2.7514904251255667,0,0.9585833011673517
3.849308265907993,0,0.9585833011673517
4.688161170109561,0,0.9585833011673517
5.220514182646138,0,0.9585833011673517
5.439251855947233,0,0.9585833011673517
5.388643508864176,0,0.9585833011673517
5.158811461298381,0,0.9585833011673517
4.834016153897013,0,0.9585833011673517
4.468928937721395,0,0.9585833011673517
4.108102150994571,0,0.9585833011673517
3.7713194678439903,0,0.9585833011673517
3.472739956258982,0,0.9585833011673517
3.264603318102842,0,0.9585833011673517
3.185373497965414,0,0.9585833011673517
3.23048692044615,0,0.9585833011673517
3.3956292547711584,0,0.9585833011673517
3.674005823747723,0,0.9585833011673517
4.018041881050836,0,0.9585833011673517
4.360305758441872,0,0.9585833011673517
4.693784579528793,0,0.9585833011673517
5.063375415671685,0,0.9585833011673517
5.4748195816364555,0,0.9585833011673517
5.892999210596544,0,0.9585833011673517
6.300326932795066,0,0.9585833011673517
6.691389010502745,0,0.9585833011673517
7.045215239753564,0,0.9585833011673517
7.328079213607129,0,0.9585833011673517
7.514935451622945,0,0.9585833011673517
7.601511431906264,0,0.9585833011673517
7.601695250331954,0,0.9585833011673517
7.549533800782357,1,0.959727315916479
7.457989441124993,0,0.959727315916479
7.312751596926867,0,0.959727315916479
7.133492312898162,0,0.959727315916479
6.934893962279196,0,0.959727315916479
6.666151520127659,0,0.959727315916479
6.28885446284669,0,0.959727315916479
5.853006836138631,0,0.959727315916479
5.417276479678952,0,0.959727315916479
4.966181366629788,0,0.959727315916479
4.46470551362485,0,0.959727315916479
3.906957003809142,0,0.959727315916479
3.2726491089908696,0,0.959727315916479
2.520187687786133,0,0.959727315916479
1.6314150085201402,0,0.959727315916479
0.5700308402757417,0,0.959727315916479
-0.733208366760673,0,0.959727315916479
-2.2758502379385805,0,0.959727315916479
-3.989347220223029,0,0.959727315916479
-5.839128103052961,0,0.959727315916479
-7.789365305975528,0,0.959727315916479
-9.75017537578747,0,0.959727315916479
-11.630985893178622,0,0.959727315916479
-13.340970795209506,0,0.959727315916479
-14.771817528733033,0,0.959727315916479
-15.843805556963193,0,0.959727315916479
-16.507541989976602,0,0.959727315916479
-16.732987014710815,0,0.959727315916479
-16.526748791961776,0,0.959727315916479
-15.89964015701601,0,0.959727315916479
-14.840328112000845,0,0.959727315916479
-13.38390938020242,0,0.959727315916479
-11.635119994083572,0,0.959727315916479
-9.680890754615746,0,0.959727315916479
-7.58632449333183,0,0.959727315916479
-5.449246186200179,0,0.959727315916479
-3.3435079813162814,0,0.959727315916479
-1.3182215067797507,0,0.959727315916479
0.5166612366230182,0,0.959727315916479
2.0608090242868657,0,0.959727315916479
3.3149073413175953,0,0.959727315916479
4.3186477468127755,0,0.959727315916479
5.084774651095282,0,0.959727315916479
5.593623330478854,0,0.959727315916479
5.814699193731961,0,0.959727315916479
5.774369945489782,0,0.959727315916479
5.559078684681251,0,0.959727315916479
5.229539096187276,0,0.959727315916479
4.8262532388104615,0,0.959727315916479
4.423006080342195,0,0.959727315916479
4.105218389286166,0,0.959727315916479
3.9158000388525855,0,0.959727315916479
3.8437711954394214,0,0.959727315916479
3.8631455172287543,0,0.959727315916479
3.949019331008544,0,0.959727315916479
4.083488884272193,0,0.959727315916479
4.268906233919661,0,0.959727315916479
4.493091399773653,0,0.959727315916479
4.73191001271611,0,0.959727315916479
4.9934951185227705,0,0.959727315916479
5.2954239870155755,0,0.959727315916479
5.641691835944543,0,0.959727315916479
6.02533828182396,0,0.959727315916479
6.428411350279081,0,0.959727315916479
6.812219620087974,0,0.959727315916479
7.129145960349573,0,0.959727315916479
7.379724927855515,0,0.959727315916479
7.584107150036352,0,0.959727315916479
7.714900606905624,0,0.959727315916479
7.7296194272375685,0,0.959727315916479
7.627138274094624,1,0.959774641925049
7.446888771233632,0,0.959774641925049
7.237123670189802,0,0.959774641925049
7.020982766994052,0,0.959774641925049
6.791793369340005,0,0.959774641925049
6.55651237835028,0,0.959774641925049
6.34246285751684,0,0.959774641925049
6.1583236211887105,0,0.959774641925049
5.96854116570384,0,0.959774641925049
5.710584593143006,0,0.959774641925049
5.3593947453750195,0,0.959774641925049
4.951413154281292,0,0.959774641925049
4.544374534737437,0,0.959774641925049
4.167573454836641,0,0.959774641925049
3.822581350669563,0,0.959774641925049
3.5267337038585738,0,0.959774641925049
3.2789842750598197,0,0.959774641925049
3.003541361231886,0,0.959774641925049
2.6292442615693377,0,0.959774641925049
2.18100200003385,0,0.959774641925049
1.7126312523033005,0,0.959774641925049
1.2329937155922213,0,0.959774641925049
0.7374471825153143,0,0.959774641925049
0.2115655803883078,0,0.959774641925049
-0.37875522770743997,0,0.959774641925049
-1.0585570456205011,0,0.959774641925049
-1.8602655155491041,0,0.959774641925049
-2.8395885857397065,0,0.959774641925049
-4.026466306218249,0,0.959774641925049
-5.401299209082554,0,0.959774641925049
-6.943897112387722,0,0.959774641925049
-8.657282083367116,0,0.959774641925049
-10.513515815367414,0,0.959774641925049
-12.428939298447258,0,0.959774641925049
-14.279292502966436,0,0.959774641925049
-15.935499855341059,0,0.959774641925049
-17.31734324893902,0,0.959774641925049
-18.37463439475015,0,0.959774641925049
-19.06619507131453,0,0.959774641925049
-19.33853132163146,0,0.959774641925049
-19.11831222947716,0,0.959774641925049
-18.41726179021495,0,0.959774641925049
-17.315492196963326,0,0.959774641925049
-15.835866216341246,0,0.959774641925049
-14.01668629666315,0,0.959774641925049
-11.97305322305857,0,0.959774641925049
-9.800136394630892,0,0.959774641925049
-7.577960595658226,0,0.959774641925049
-5.400594318978749,0,0.959774641925049
-3.3377406657934143,0,0.959774641925049
-1.449228548079872,0,0.959774641925049
0.2058466432651444,0,0.959774641925049
1.5962397674637114,0,0.959774641925049
2.7106977548511604,0,0.959774641925049
3.5399874823648685,0,0.959774641925049
4.102136156829341,0,0.959774641925049
4.424677316091791,0,0.959774641925049
4.523509389039045,0,0.959774641925049
4.467215156807342,0,0.959774641925049
4.327456025833279,0,0.959774641925049
4.098897877580909,0,0.959774641925049
3.8033516140781396,0,0.959774641925049
3.5113236201033162,0,0.959774641925049
3.2426208856971823,0,0.959774641925049
2.999490506411887,0,0.959774641925049
2.8299598374050023,0,0.959774641925049
2.7872215707565546,0,0.959774641925049
2.870071082437802,0,0.959774641925049
3.044331883360759,0,0.959774641925049
3.3008009697770166,0,0.959774641925049
3.648368015475306,0,0.959774641925049
4.061945986730619,0,0.959774641925049
4.469312738173732,0,0.959774641925049
4.824111367653129,0,0.959774641925049
5.149467611636393,0,0.959774641925049
5.479410229405038,0,0.959774641925049
5.819636029633265,0,0.959774641925049
6.156815505760475,0,0.959774641925049
6.46736798559519,0,0.959774641925049
6.7281571445838,0,0.959774641925049
6.934465266429677,0,0.959774641925049
7.107935836475081,0,0.959774641925049
7.2694054187328465,0,0.959774641925049
7.399706837093616,0,0.959774641925049
7.467756259058732,0,0.959774641925049
7.470413200617996,0,0.959774641925049
7.404091510646587,1,0.9607785347986751
7.274135325628712,0,0.9607785347986751
7.09972634017611,0,0.9607785347986751
6.89447528157175,0,0.9607785347986751
6.6746848405583235,0,0.9607785347986751
6.42005712169973,0,0.9607785347986751
6.098158810373669,0,0.9607785347986751
5.734678845228414,0,0.9607785347986751
5.367167015080649,0,0.9607785347986751
4.999981904190823,0,0.9607785347986751
4.643141890059633,0,0.9607785347986751
4.300718765498386,0,0.9607785347986751
3.942843643366257,0,0.9607785347986751
3.5497167290523337,0,0.9607785347986751
3.125449350460876,0,0.9607785347986751
2.671199427375677,0,0.9607785347986751
2.1755859680100444,0,0.9607785347986751
1.6405755374841868,0,0.9607785347986751
1.082431266957035,0,0.9607785347986751
0.4874334085575553,0,0.9607785347986751
-0.1766846267506353,0,0.9607785347986751
-0.9291353708855302,0,0.9607785347986751
-1.8070000699963265,0,0.9607785347986751
-2.871832015143836,0,0.9607785347986751
-4.156145716907866,0,0.9607785347986751
-5.652573618891188,0,0.9607785347986751
-7.317654769178907,0,0.9607785347986751
-9.077775940963624,0,0.9607785347986751
-10.856421359722106,0,0.9607785347986751
-12.584285181646324,0,0.9607785347986751
-14.227725269749328,0,0.9607785347986751
-15.761136848230077,0,0.9607785347986751
-17.083944887487764,0,0.9607785347986751
-18.05200212208058,0,0.9607785347986751
-18.578999734266283,0,0.9607785347986751
-18.647268550417184,0,0.9607785347986751
-18.24086185844232,0,0.9607785347986751
-17.336732447571638,0,0.9607785347986751
-15.950589743658906,0,0.9607785347986751
-14.14327070955814,0,0.9607785347986751
-12.02203787506455,0,0.9607785347986751
-9.737659725665146,0,0.9607785347986751
-7.42423982725923,0,0.9607785347986751
-5.168447151943489,0,0.9607785347986751
-3.04288688088104,0,0.9607785347986751
-1.0928014847472876,0,0.9607785347986751
0.6795359678418699,0,0.9607785347986751
2.247662663086778,0,0.9607785347986751
3.5270926809884178,0,0.9607785347986751
4.45601540327839,0,0.9607785347986751
5.065933062253109,0,0.9607785347986751
5.416080917252715,0,0.9607785347986751
5.5310009610831035,0,0.9607785347986751
5.449304630254067,0,0.9607785347986751
5.234857435793811,0,0.9607785347986751
4.932942594966896,0,0.9607785347986751
4.565977776029365,0,0.9607785347986751
4.1531918849250715,0,0.9607785347986751
3.7364128508975973,0,0.9607785347986751
3.385468375616768,0,0.9607785347986751
3.1465970587982373,0,0.9607785347986751
3.022716309251048,0,0.9607785347986751
3.028886491098082,0,0.9607785347986751
3.1904422035786157,0,0.9607785347986751
3.474396486834709,0,0.9607785347986751
3.810360765724737,0,0.9607785347986751
4.1615816993039685,0,0.9607785347986751
4.529110609345083,0,0.9607785347986751
4.9223026538910535,0,0.9607785347986751
5.344562512927181,0,0.9607785347986751
5.801985360871962,0,0.9607785347986751
6.269631131649275,0,0.9607785347986751
6.682537859470568,0,0.9607785347986751
7.014273302246429,0,0.9607785347986751
7.273933504962606,0,0.9607785347986751
7.460889463596759,0,0.9607785347986751
7.580569432673321,0,0.9607785347986751
7.61787210811339,0,0.9607785347986751
7.535517925041079,1,0.9619682704464338
7.346800061243687,0,0.9619682704464338
7.120537741687754,0,0.9619682704464338
6.903928684558843,0,0.9619682704464338
6.673364774758135,0,0.9619682704464338
6.388178275353752,0,0.9619682704464338
6.058309670613592,0,0.9619682704464338
5.72280394594872,0,0.9619682704464338
5.400649819550014,0,0.9619682704464338
5.103235027607942,0,0.9619682704464338
4.844379183583173,0,0.9619682704464338
4.597156482864279,0,0.9619682704464338
4.318855210253509,0,0.9619682704464338
4.002318279667273,0,0.9619682704464338
3.650708516234013,0,0.9619682704464338
3.256361068672309,0,0.9619682704464338
2.8143214812430175,0,0.9619682704464338
2.3258428166457286,0,0.9619682704464338
1.7761525692301172,0,0.9619682704464338
1.121111429824571,0,0.9619682704464338
0.3303171060162372,0,0.9619682704464338
-0.602129141344629,0,0.9619682704464338
-1.7066940060305034,0,0.9619682704464338
-3.019321970492575,0,0.9619682704464338
-4.534506713642888,0,0.9619682704464338
-6.214325665938947,0,0.9619682704464338
-8.013489593938221,0,0.9619682704464338
-9.884369774404293,0,0.9619682704464338
-11.759597857645165,0,0.9619682704464338
-13.535254184112969,0,0.9619682704464338
-15.095157226787002,0,0.9619682704464338
-16.35986211035688,0,0.9619682704464338
-17.263758534208595,0,0.9619682704464338
-17.71410941163834,0,0.9619682704464338
-17.64285473318349,0,0.9619682704464338
-17.060955479773323,0,0.9619682704464338
-16.032159525583932,0,0.9619682704464338
-14.600551263673596,0,0.9619682704464338
-12.787789933893546,0,0.9619682704464338
-10.675253881381467,0,0.9619682704464338
-8.411310993325928,0,0.9619682704464338
-6.142588473987455,0,0.9619682704464338
-3.9720189137759436,0,0.9619682704464338
-1.9597209004191973,0,0.9619682704464338
-0.13499587889871856,0,0.9619682704464338
1.4899281516935243,0,0.9619682704464338
2.878321991682267,0,0.9619682704464338
3.9678445119144223,0,0.9619682704464338
4.745478755152836,0,0.9619682704464338
5.2633825832917,0,0.9619682704464338
5.57977556167119,0,0.9619682704464338
5.729257798267961,0,0.9619682704464338
5.716477499177109,0,0.9619682704464338
5.544984680975762,0,0.9619682704464338
5.254007675962692,0,0.9619682704464338
4.892526384544847,0,0.9619682704464338
4.497726557389342,0,0.9619682704464338
4.125262571962564,0,0.9619682704464338
3.836945139969237,0,0.9619682704464338
3.65502296377613,0,0.9619682704464338
3.5764429685251664,0,0.9619682704464338
3.5965678054035846,0,0.9619682704464338
3.6965339110499267,0,0.9619682704464338
3.8462927353771623,0,0.9619682704464338
4.047046851699665,0,0.9619682704464338
4.310541613080604,0,0.9619682704464338
4.610772476470947,0,0.9619682704464338
4.930345564480779,0,0.9619682704464338
5.28109587615767,0,0.9619682704464338
5.667944148778193,0,0.9619682704464338
6.096130100598179,0,0.9619682704464338
6.543518402770554,0,0.9619682704464338
6.929690904043116,0,0.9619682704464338
7.199106228892072,0,0.9619682704464338
7.356229612801065,0,0.9619682704464338
7.414833732602597,0,0.9619682704464338
7.387365035077794,1,0.9629067294080702
7.28960154395047,0,0.9629067294080702
7.138607372041506,0,0.9629067294080702
6.94457382869916,0,0.9629067294080702
6.701831412508641,0,0.9629067294080702
6.401507401881864,0,0.9629067294080702
6.050620869846429,0,0.9629067294080702
5.665757022546143,0,0.9629067294080702
5.279673107341943,0,0.9629067294080702
4.919767469404165,0,0.9629067294080702
4.572475975845244,0,0.9629067294080702
4.250824379410933,0,0.9629067294080702
3.9937888430061337,0,0.9629067294080702
3.783959800069621,0,0.9629067294080702
3.589979164605399,0,0.9629067294080702
3.406285268530475,0,0.9629067294080702
3.198998093739823,0,0.9629067294080702
2.933370127441952,0,0.9629067294080702
2.63719101967307,0,0.9629067294080702
2.3277206388114857,0,0.9629067294080702
1.9669359992398023,0,0.9629067294080702
1.524114453821125,0,0.9629067294080702
0.9849678466129274,0,0.9629067294080702
0.3393917186343157,0,0.9629067294080702
-0.42309151884530255,0,0.9629067294080702
-1.3264405616693526,0,0.9629067294080702
-2.406700408023605,0,0.9629067294080702
-3.704263585162523,0,0.9629067294080702
-5.227815186871242,0,0.9629067294080702
-6.951316151079606,0,0.9629067294080702
-8.827372876991276,0,0.9629067294080702
-10.760666331907926,0,0.9629067294080702
-12.641808072581759,0,0.9629067294080702
-14.400616598733299,0,0.9629067294080702
-15.946804108741027,0,0.9629067294080702
-17.150866975869597,0,0.9629067294080702
-17.9609353555791,0,0.9629067294080702
-18.376053185867814,0,0.9629067294080702
-18.351159272060265,0,0.9629067294080702
-17.869563151877365,0,0.9629067294080702
-16.959868229542714,0,0.9629067294080702
-15.642118854433473,0,0.9629067294080702
-13.964692878410268,0,0.9629067294080702
-12.028379321270338,0,0.9629067294080702
-9.944929335653935,0,0.9629067294080702
-7.8031837525148235,0,0.9629067294080702
-5.671619264926932,0,0.9629067294080702
-3.623801624717129,0,0.9629067294080702
-1.7480480810578842,0,0.9629067294080702
-0.11522531708668149,0,0.9629067294080702
1.2513393710133436,0,0.9629067294080702
2.3627799117313946,0,0.9629067294080702
3.2398222426939634,0,0.9629067294080702
3.894215107198619,0,0.9629067294080702
4.318420629014378,0,0.9629067294080702
4.52235409441507,0,0.9629067294080702
4.5495159264704865,0,0.9629067294080702
4.440238216695545,0,0.9629067294080702
4.2482582227334245,0,0.9629067294080702
4.052194654577216,0,0.9629067294080702
3.899749542618089,0,0.9629067294080702
3.7953058194229516,0,0.9629067294080702
3.7460953418882004,0,0.9629067294080702
3.758625782707307,0,0.9629067294080702
3.817147634704544,0,0.9629067294080702
3.9183938789870747,0,0.9629067294080702
4.065297822868009,0,0.9629067294080702
4.246611815853149,0,0.9629067294080702
4.464606825743438,0,0.9629067294080702
4.71426362491303,0,0.9629067294080702
4.975360972179191,0,0.9629067294080702
5.269944680620004,0,0.9629067294080702
5.641003456253248,0,0.9629067294080702
6.075441491294613,0,0.9629067294080702
6.5246186199927445,0,0.9629067294080702
6.946648855907653,0,0.9629067294080702
7.308425290349695,0,0.9629067294080702
7.597713332446659,0,0.9629067294080702
7.802432352389371,0,0.9629067294080702
7.925453405135475,0,0.9629067294080702
7.995639592287089,0,0.9629067294080702
7.98279993653298,1,0.9639605537409948
7.829360084123795,0,0.9639605537409948
7.554812177625679,0,0.9639605537409948
7.212548327947518,0,0.9639605537409948
6.834062956448975,0,0.9639605537409948
6.449709498976404,0,0.9639605537409948
6.081731277252825,0,0.9639605537409948
5.722754969686526,0,0.9639605537409948
5.363126813434062,0,0.9639605537409948
5.03430141532638,0,0.9639605537409948
4.775205394762557,0,0.9639605537409948
4.561738315254739,0,0.9639605537409948
4.332493203985385,0,0.9639605537409948
4.043117650014384,0,0.9639605537409948
3.6611690390947085,0,0.9639605537409948
3.1691039786407567,0,0.9639605537409948
2.6000992547950346,0,0.9639605537409948
1.9991590845039449,0,0.9639605537409948
1.3528353438738066,0,0.9639605537409948
0.6325071991183204,0,0.9639605537409948
-0.1904511237164615,0,0.9639605537409948
-1.1764128144655488,0,0.9639605537409948
-2.352595890546588,0,0.9639605537409948
-3.6990343094271374,0,0.9639605537409948
-5.2117599637865935,0,0.9639605537409948
-6.875296485969123,0,0.9639605537409948
-8.63260054520226,0,0.9639605537409948
-10.426331723763594,0,0.9639605537409948
-12.199481690453366,0,0.9639605537409948
-13.866726926465656,0,0.9639605537409948
-15.334738055503923,0,0.9639605537409948
-16.54030567857387,0,0.9639605537409948
-17.4297852266733,0,0.9639605537409948
-17.93449839520135,0,0.9639605537409948
-18.005690312014966,0,0.9639605537409948
-17.623820673727526,0,0.9639605537409948
-16.777784448962812,0,0.9639605537409948
-15.471759537912288,0,0.9639605537409948
-13.772454867640764,0,0.9639605537409948
-11.813558474518759,0,0.9639605537409948
-9.700118759962361,0,0.9639605537409948
-7.4954766975275655,0,0.9639605537409948
-5.294135383828836,0,0.9639605537409948
-3.21513370331049,0,0.9639605537409948
-1.3608626098417882,0,0.9639605537409948
0.22308360236677238,0,0.9639605537409948
1.5633823262895885,0,0.9639605537409948
2.673743334630541,0,0.9639605537409948
3.505963020786434,0,0.9639605537409948
4.042845723038753,0,0.9639605537409948
4.348716551291097,0,0.9639605537409948
4.5108420873273,0,0.9639605537409948
4.584182144075182,0,0.9639605537409948
4.574744743356421,0,0.9639605537409948
4.464647011992826,0,0.9639605537409948
4.273245938478586,0,0.9639605537409948
4.064954070319377,0,0.9639605537409948
3.877536807878424,0,0.9639605537409948
3.710353222055751,0,0.9639605537409948
3.5821502329615242,0,0.9639605537409948
3.5393755767999227,0,0.9639605537409948
3.624311510888299,0,0.9639605537409948
3.852246695964228,0,0.9639605537409948
4.209202462974259,0,0.9639605537409948
4.648622129871509,0,0.9639605537409948
5.106465653871967,0,0.9639605537409948
5.5592736258502775,0,0.9639605537409948
6.0237272450620125,0,0.9639605537409948
6.494585150209924,0,0.9639605537409948
6.947741545636187,0,0.9639605537409948
7.370687637745137,0,0.9639605537409948
7.733775600726115,0,0.9639605537409948
8.001423938026413,0,0.9639605537409948
8.18602888986959,0,0.9639605537409948
8.30745664074575,0,0.9639605537409948
8.352585165952615,0,0.9639605537409948
8.311234787406395,1,0.9647500354610108
8.179777947356087,0,0.9647500354610108
7.96257296281286,0,0.9647500354610108
7.676848663890813,0,0.9647500354610108
7.335521090033612,0,0.9647500354610108
6.974247007543325,0,0.9647500354610108
6.637814169031936,0,0.9647500354610108
6.318591052937992,0,0.9647500354610108
5.9864267157853615,0,0.9647500354610108
5.637148957414688,0,0.9647500354610108
5.295801240278268,0,0.9647500354610108
4.998945076532928,0,0.9647500354610108
4.727609234667656,0,0.9647500354610108
4.42658763366551,0,0.9647500354610108
4.094550196954417,0,0.9647500354610108
3.750165824918247,0,0.9647500354610108
3.366027743807273,0,0.9647500354610108
2.9050595408195905,0,0.9647500354610108
2.390264994262367,0,0.9647500354610108
1.865222965443278,0,0.9647500354610108
1.3114555248180364,0,0.9647500354610108
0.6751994129911848,0,0.9647500354610108
-0.093311953830606,0,0.9647500354610108
-1.036951092597054,0,0.9647500354610108
-2.1838020012789485,0,0.9647500354610108
-3.5499531023192477,0,0.9647500354610108
-5.1250045450922395,0,0.9647500354610108
-6.868735459200441,0,0.9647500354610108
-8.726874994470815,0,0.9647500354610108
-10.618335968007873,0,0.9647500354610108
-12.444918761298215,0,0.9647500354610108
-14.12785954416226,0,0.9647500354610108
-15.59964532330054,0,0.9647500354610108
-16.780973029421297,0,0.9647500354610108
-17.58778936742353,0,0.9647500354610108
-17.97290781413065,0,0.9647500354610108
-17.932362188206472,0,0.9647500354610108
-17.4461655720208,0,0.9647500354610108
-16.488758448706125,0,0.9647500354610108
-15.073980164731708,0,0.9647500354610108
-13.270995996009104,0,0.9647500354610108
-11.210498801595017,0,0.9647500354610108
-9.032025371930153,0,0.9647500354610108
-6.838137544917528,0,0.9647500354610108
-4.701153939511527,0,0.9647500354610108
-2.6814466653412365,0,0.9647500354610108
-0.8384361447057774,0,0.9647500354610108
0.7515567514126508,0,0.9647500354610108
2.016895982928285,0,0.9647500354610108
2.9688127786582683,0,0.9647500354610108
3.67794952695093,0,0.9647500354610108
4.177987558131727,0,0.9647500354610108
4.465374226157032,0,0.9647500354610108
4.547373360388754,0,0.9647500354610108
4.467070661213355,0,0.9647500354610108
4.309119805475762,0,0.9647500354610108
4.150937417368397,0,0.9647500354610108
3.9969864147465457,0,0.9647500354610108
3.8182606022055854,0,0.9647500354610108
3.6315438550437746,0,0.9647500354610108
3.4838942673291164,0,0.9647500354610108
3.4205124760228993,0,0.9647500354610108
3.45914424006206,0,0.9647500354610108
3.5589802691197683,0,0.9647500354610108
3.6800474696848156,0,0.9647500354610108
3.8321046511947334,0,0.9647500354610108
4.025002768710126,0,0.9647500354610108
4.241447880207348,0,0.9647500354610108
4.477941327626381,0,0.9647500354610108
4.760706493531595,0,0.9647500354610108
5.083629279614494,0,0.9647500354610108
5.4134702847047365,0,0.9647500354610108
5.748750800591947,0,0.9647500354610108
6.065254835514565,0,0.9647500354610108
6.29645213913982,0,0.9647500354610108
6.420988761801141,0,0.9647500354610108
6.471232553703859,0,0.9647500354610108
6.485937985728041,0,0.9647500354610108
6.4917919534714725,0,0.9647500354610108
6.482663037998346,1,0.9656437020571007
6.44759546495512,0,0.9656437020571007
6.402976460136531,0,0.9656437020571007
6.34999982404892,0,0.9656437020571007
6.275829769944915,0,0.9656437020571007
6.163012633887294,0,0.9656437020571007
5.967560437050023,0,0.9656437020571007
5.677883965563437,0,0.9656437020571007
5.348329669698157,0,0.9656437020571007
5.045856907269493,0,0.9656437020571007
4.80486175681785,0,0.9656437020571007
4.618405969865676,0,0.9656437020571007
4.459094890745434,0,0.9656437020571007
4.294299578462714,0,0.9656437020571007
4.102294168836557,0,0.9656437020571007
3.867971851903913,0,0.9656437020571007
3.5645900847205167,0,0.9656437020571007
3.180272922986832,0,0.9656437020571007
2.7019759002482173,0,0.9656437020571007
2.0978480347684827,0,0.9656437020571007
1.3825131021548858,0,0.9656437020571007
0.6193032506832884,0,0.9656437020571007
-0.1830395119638647,0,0.9656437020571007
-1.0919111533346844,0,0.9656437020571007
-2.16853829986489,0,0.9656437020571007
-3.4442098915622843,0,0.9656437020571007
-4.925600960436505,0,0.9656437020571007
-6.6000880242948385,0,0.9656437020571007
-8.427697900935971,0,0.9656437020571007
-10.317613290119542,0,0.9656437020571007
-12.176345000261513,0,0.9656437020571007
-13.92967430252132,0,0.9656437020571007
-15.49827257359426,0,0.9656437020571007
-16.787861256175812,0,0.9656437020571007
-17.69865324145662,0,0.9656437020571007
-18.166097023464776,0,0.9656437020571007
-18.15338389829552,0,0.9656437020571007
-17.626083466764673,0,0.9656437020571007
-16.59517832195177,0,0.9656437020571007
-15.156856429101257,0,0.9656437020571007
-13.426462158857944,0,0.9656437020571007
-11.485340114904577,0,0.9656437020571007
-9.41589551530145,0,0.9656437020571007
-7.308653937128943,0,0.9656437020571007
-5.233972232676787,0,0.9656437020571007
-3.211206426792457,0,0.9656437020571007
-1.2506786089893358,0,0.9656437020571007
0.5465656786391387,0,0.9656437020571007
2.025359008170531,0,0.9656437020571007
3.121596362759266,0,0.9656437020571007
3.8896155206020837,0,0.9656437020571007
4.4069838882515775,0,0.9656437020571007
4.712418108380637,0,0.9656437020571007
4.831238232232496,0,0.9656437020571007
4.819567216822763,0,0.9656437020571007
4.746143464700702,0,0.9656437020571007
4.6375304354227005,0,0.9656437020571007
4.467678256832499,0,0.9656437020571007
4.223856436338321,0,0.9656437020571007
3.9402059670688288,0,0.9656437020571007
3.656307698002611,0,0.9656437020571007
3.4034634310196688,0,0.9656437020571007
3.2052865596512823,0,0.9656437020571007
3.093298394296574,0,0.9656437020571007
3.12371670717642,0,0.9656437020571007
3.322517643788872,0,0.9656437020571007
3.639954325526804,0,0.9656437020571007
4.005170109461384,0,0.9656437020571007
4.393326490596885,0,0.9656437020571007
4.804280617967476,0,0.9656437020571007
5.233844559122135,0,0.9656437020571007
5.66664063170767,0,0.9656437020571007
6.061043270674332,0,0.9656437020571007
6.371615574509202,0,0.9656437020571007
6.581341768211931,0,0.9656437020571007
6.721558777062643,0,0.9656437020571007
6.842042253501243,0,0.9656437020571007
6.955688943477574,0,0.9656437020571007
7.051882072835538,0,0.9656437020571007
7.116343623559367,0,0.9656437020571007
7.128022003242454,0,0.9656437020571007
7.062559142805655,1,0.9664721286183491
6.909085207194425,0,0.9664721286183491
6.697227291691663,0,0.9664721286183491
6.468080203588568,0,0.9664721286183491
6.225803767340043,0,0.9664721286183491
5.959793742460045,0,0.9664721286183491
5.68929131707731,0,0.9664721286183491
5.450945049537629,0,0.9664721286183491
5.249607614764929,0,0.9664721286183491
5.049587751602055,0,0.9664721286183491
4.826489127896218,0,0.9664721286183491
4.588178311138876,0,0.9664721286183491
4.310315394250356,0,0.9664721286183491
3.940070016696251,0,0.9664721286183491
3.489447446627216,0,0.9664721286183491
3.0181580799747123,0,0.9664721286183491
2.56167790335064,0,0.9664721286183491
2.1234370745760986,0,0.9664721286183491
1.6656985470400856,0,0.9664721286183491
1.105605935941035,0,0.9664721286183491
0.3647737060146711,0,0.9664721286183491
-0.5891053460118062,0,0.9664721286183491
-1.7466507596418808,0,0.9664721286183491
-3.0610627872156537,0,0.9664721286183491
-4.488804113172829,0,0.9664721286183491
-6.038619920361461,0,0.9664721286183491
-7.72212131943039,0,0.9664721286183491
-9.496013896532217,0,0.9664721286183491
-11.288537470608619,0,0.9664721286183491
-13.039801059742096,0,0.9664721286183491
-14.677304754914658,0,0.9664721286183491
-16.077448574321565,0,0.9664721286183491
-17.12014828734102,0,0.9664721286183491
-17.764208000797336,0,0.9664721286183491
-18.01648514176873,0,0.9664721286183491
-17.853374878647756,0,0.9664721286183491
-17.235858224239614,0,0.9664721286183491
-16.176401512819663,0,0.9664721286183491
-14.737626174535553,0,0.9664721286183491
-12.994931771665758,0,0.9664721286183491
-11.014552888869412,0,0.9664721286183491
-8.870067950082708,0,0.9664721286183491
-6.657245542928315,0,0.9664721286183491
-4.46962089893831,0,0.9664721286183491
-2.3971574577515162,0,0.9664721286183491
-0.5366149831628795,0,0.9664721286183491
1.0328031285128805,0,0.9664721286183491
2.2947697290254676,0,0.9664721286183491
3.2675938292312203,0,0.9664721286183491
3.9488610459125995,0,0.9664721286183491
4.363745244344351,0,0.9664721286183491
4.576690524652619,0,0.9664721286183491
4.647996913169416,0,0.9664721286183491
4.62473473599108,0,0.9664721286183491
4.510821847056066,0,0.9664721286183491
4.287237469820629,0,0.9664721286183491
3.9834097231592196,0,0.9664721286183491
3.682088681755264,0,0.9664721286183491
3.467646812276353,0,0.9664721286183491
3.3682199036973577,0,0.9664721286183491
3.36569854148229,0,0.9664721286183491
3.449401147052572,0,0.9664721286183491
3.6223203985568473,0,0.9664721286183491
3.8845148248735084,0,0.9664721286183491
4.195618631564582,0,0.9664721286183491
4.489148707189477,0,0.9664721286183491
4.769154344206884,0,0.9664721286183491
5.097782586027899,0,0.9664721286183491
5.498144329442856,0,0.9664721286183491
5.942084888352439,0,0.9664721286183491
6.378466876896053,0,0.9664721286183491
6.7555161993728605,0,0.9664721286183491
7.0490070234745605,0,0.9664721286183491
7.258576342196615,0,0.9664721286183491
7.378608125181103,0,0.9664721286183491
7.42180928437639,0,0.9664721286183491
7.425100186384594,0,0.9664721286183491
7.40450973600126,1,0.9671643550653631
7.364887400020138,0,0.9671643550653631
7.306319843394106,0,0.9671643550653631
7.223305900675987,0,0.9671643550653631
7.119850887299961,0,0.9671643550653631
6.979193124937959,0,0.9671643550653631
6.757497557678512,0,0.9671643550653631
6.44296473602369,0,0.9671643550653631
6.064857015164159,0,0.9671643550653631
5.6586727804288905,0,0.9671643550653631
5.262618756473579,0,0.9671643550653631
4.901149309380645,0,0.9671643550653631
4.578132721348173,0,0.9671643550653631
4.289541584988527,0,0.9671643550653631
4.020742080873878,0,0.9671643550653631
3.743008099186973,0,0.9671643550653631
3.4375092037430433,0,0.9671643550653631
3.1046882213510516,0,0.9671643550653631
2.7293468464521626,0,0.9671643550653631
2.2851470193624355,0,0.9671643550653631
1.7561044844119502,0,0.9671643550653631
1.13559764066617,0,0.9671643550653631
0.4058511812640273,0,0.9671643550653631
-0.4724631094437765,0,0.9671643550653631
-1.519507541341317,0,0.9671643550653631
-2.7278971501009184,0,0.9671643550653631
-4.100567484629497,0,0.9671643550653631
-5.641651228091896,0,0.9671643550653631
-7.308784821370841,0,0.9671643550653631
-9.053566826974839,0,0.9671643550653631
-10.855175339672767,0,0.9671643550653631
-12.633918565554044,0,0.9671643550653631
-14.280727916933115,0,0.9671643550653631
-15.742304386285522,0,0.9671643550653631
-16.94700132667699,0,0.9671643550653631
-17.775043037722323,0,0.9671643550653631
-18.128771861414638,0,0.9671643550653631
-17.953786875944864,0,0.9671643550653631
-17.259503630582792,0,0.9671643550653631
-16.132109822810058,0,0.9671643550653631
-14.679376036279027,0,0.9671643550653631
-12.982983891470731,0,0.9671643550653631
-11.099017814442993,0,0.9671643550653631
-9.070099653335397,0,0.9671643550653631
-6.940521663662058,0,0.9671643550653631
-4.790091047661726,0,0.9671643550653631
-2.7333789493425003,0,0.9671643550653631
-0.8759972604973556,0,0.9671643550653631
0.7236727414965636,0,0.9671643550653631
2.0517809347547935,0,0.9671643550653631
3.1020344371877617,0,0.9671643550653631
3.8937639226681893,0,0.9671643550653631
4.474449913568608,0,0.9671643550653631
4.879133095883127,0,0.9671643550653631
5.107390761936962,0,0.9671643550653631
5.136867282834071,0,0.9671643550653631
5.006393081773938,0,0.9671643550653631
4.809688921765302,0,0.9671643550653631
4.599362883949153,0,0.9671643550653631
4.376052527196154,0,0.9671643550653631
4.127884455832512,0,0.9671643550653631
3.8714544068098773,0,0.9671643550653631
3.6573860138436447,0,0.9671643550653631
3.518673912823562,0,0.9671643550653631
3.4673363413538483,0,0.9671643550653631
3.5257555785661023,0,0.9671643550653631
3.694991501462113,0,0.9671643550653631
3.942700360000717,0,0.9671643550653631
4.2571788716884,0,0.9671643550653631
4.649445613144619,0,0.9671643550653631
5.108934658092032,0,0.9671643550653631
5.589819020853729,0,0.9671643550653631
6.019876226166388,0,0.9671643550653631
6.359527036046772,0,0.9671643550653631
6.6282779783980255,0,0.9671643550653631
6.838519166525395,0,0.9671643550653631
6.979637760464803,0,0.9671643550653631
7.063736687343699,0,0.9671643550653631
7.124575368393826,0,0.9671643550653631
7.1621375068971735,0,0.9671643550653631
7.134989593138781,1,0.9678943732790274
7.016895069201892,0,0.9678943732790274
6.812463065145259,0,0.9678943732790274
6.5546211028983485,0,0.9678943732790274
6.292318642499197,0,0.9678943732790274
6.036978327272565,0,0.9678943732790274
5.774203544677031,0,0.9678943732790274
5.516385756919872,0,0.9678943732790274
5.267389711563143,0,0.9678943732790274
4.992453863282557,0,0.9678943732790274
4.695909208938392,0,0.9678943732790274
4.425011295122008,0,0.9678943732790274
4.17102819810058,0,0.9678943732790274
3.892685293854143,0,0.9678943732790274
3.587170595346296,0,0.9678943732790274
3.288829440545229,0,0.9678943732790274
3.043255612131621,0,0.9678943732790274
2.864009294078163,0,0.9678943732790274
2.7324211530750597,0,0.9678943732790274
2.5971382880120406,0,0.9678943732790274
2.3638162699568133,0,0.9678943732790274
1.9946401652998038,0,0.9678943732790274
1.5388867582330092,0,0.9678943732790274
1.0152999130803797,0,0.9678943732790274
0.39508764608051394,0,0.9678943732790274
-0.34962212475080245,0,0.9678943732790274
-1.2401455932039758,0,0.9678943732790274
-2.296195725132681,0,0.9678943732790274
-3.5555130014056795,0,0.9678943732790274
-5.0366802808534015,0,0.9678943732790274
-6.703590756536872,0,0.9678943732790274
-8.507814343672722,0,0.9678943732790274
-10.400896075371254,0,0.9678943732790274
-12.319437012529137,0,0.9678943732790274
-14.195824080194852,0,0.9678943732790274
-15.93268910816285,0,0.9678943732790274
-17.38583493374128,0,0.9678943732790274
-18.45026922667939,0,0.9678943732790274
-19.104884487357396,0,0.9678943732790274
-19.329092395495266,0,0.9678943732790274
-19.069842450222318,0,0.9678943732790274
-18.297714884949507,0,0.9678943732790274
-17.030590879805224,0,0.9678943732790274
-15.333733625273087,0,0.9678943732790274
-13.31688244421224,0,0.9678943732790274
-11.093556177975536,0,0.9678943732790274
-8.761387613326121,0,0.9678943732790274
-6.418828088241497,0,0.9678943732790274
-4.159860063648372,0,0.9678943732790274
-2.0595849655637815,0,0.9678943732790274
-0.1638050411033977,0,0.9678943732790274
1.5029510408062932,0,0.9678943732790274
2.9138405339333273,0,0.9678943732790274
4.0210352732012575,0,0.9678943732790274
4.791342284293089,0,0.9678943732790274
5.268517311367648,0,0.9678943732790274
5.51917865408752,0,0.9678943732790274
5.569305555486294,0,0.9678943732790274
5.43565092363721,0,0.9678943732790274
5.1540248636790285,0,0.9678943732790274
4.782591666553169,0,0.9678943732790274
4.383943621443343,0,0.9678943732790274
4.00729568040532,0,0.9678943732790274
3.678172328411021,0,0.9678943732790274
3.4109354991270022,0,0.9678943732790274
3.235215728017831,0,0.9678943732790274
3.167398086564941,0,0.9678943732790274
3.196753497715811,0,0.9678943732790274
3.330703223596104,0,0.9678943732790274
3.586228092924476,0,0.9678943732790274
3.9383420488868985,0,0.9678943732790274
4.349128732890672,0,0.9678943732790274
4.818154999612824,0,0.9678943732790274
5.3394539573128945,0,0.9678943732790274
5.871026273751462,0,0.9678943732790274
6.379461775954794,0,0.9678943732790274
6.842986129213631,0,0.9678943732790274
7.242621660055543,0,0.9678943732790274
7.577592734139166,0,0.9678943732790274
7.824102943466574,0,0.9678943732790274
7.940897478410756,0,0.9678943732790274
7.935824238318803,1,0.9685668931108444
7.836808526053869,0,0.9685668931108444
7.6679073803441895,0,0.9685668931108444
7.467686702181347,0,0.9685668931108444
7.2550363486360645,0,0.9685668931108444
7.029898437363958,0,0.9685668931108444
6.799099022507774,0,0.9685668931108444
6.570186828204587,0,0.9685668931108444
6.3470370592672865,0,0.9685668931108444
6.131981192827588,0,0.9685668931108444
5.912132330911091,0,0.9685668931108444
5.648369623791928,0,0.9685668931108444
5.335030638242235,0,0.9685668931108444
5.019153969998739,0,0.9685668931108444
4.71899806684258,0,0.9685668931108444
4.413521566506217,0,0.9685668931108444
4.100128596848412,0,0.9685668931108444
3.785248832181778,0,0.9685668931108444
3.4609197766216613,0,0.9685668931108444
3.1362098196138706,0,0.9685668931108444
2.825230937284724,0,0.9685668931108444
2.523748660125291,0,0.9685668931108444
2.2363489608988494,0,0.9685668931108444
1.9561539047111167,0,0.9685668931108444
1.6351740482257247,0,0.9685668931108444
1.2323174358444653,0,0.9685668931108444
0.7459407957719001,0,0.9685668931108444
0.15462346632623486,0,0.9685668931108444
-0.5787989872562024,0,0.9685668931108444
-1.438086536888925,0,0.9685668931108444
-2.4116786910247368,0,0.9685668931108444
-3.5567941688504603,0,0.9685668931108444
-4.937048772188626,0,0.9685668931108444
-6.536325880269326,0,0.9685668931108444
-8.267205963732502,0,0.9685668931108444
-10.046127727044482,0,0.9685668931108444
-11.809244826484328,0,0.9685668931108444
-13.509135920607852,0,0.9685668931108444
-15.089684347602972,0,0.9685668931108444
-16.44945323870613,0,0.9685668931108444
-17.49727696992654,0,0.9685668931108444
-18.173489574190462,0,0.9685668931108444
-18.422592406210406,0,0.9685668931108444
-18.225352228629017,0,0.9685668931108444
-17.592860109134016,0,0.9685668931108444
-16.533528326954666,0,0.9685668931108444
-15.100937994108495,0,0.9685668931108444
-13.382494075090209,0,0.9685668931108444
-11.431283877874499,0,0.9685668931108444
-9.330949025800532,0,0.9685668931108444
-7.202628431063211,0,0.9685668931108444
-5.116644462893515,0,0.9685668931108444
-3.135022303801204,0,0.9685668931108444
-1.3378222054000393,0,0.9685668931108444
0.2420357897549357,0,0.9685668931108444
1.599327712119645,0,0.9685668931108444
2.7234344071084893,0,0.9685668931108444
3.6246409407480176,0,0.9685668931108444
4.313014874200998,0,0.9685668931108444
4.7629734928029,0,0.9685668931108444
4.940449124804992,0,0.9685668931108444
4.869293383004088,0,0.9685668931108444
4.635144995129535,0,0.9685668931108444
4.338606859135419,0,0.9685668931108444
4.05334219972272,0,0.9685668931108444
3.783117503300331,0,0.9685668931108444
3.521568630671622,0,0.9685668931108444
3.3169273497202205,0,0.9685668931108444
3.209804657009213,0,0.9685668931108444
3.179654376107893,0,0.9685668931108444
3.1861706827530067,0,0.9685668931108444
3.238057423988331,0,0.9685668931108444
3.3878220269491455,0,0.9685668931108444
3.666403520036138,0,0.9685668931108444
4.039938206677854,0,0.9685668931108444
4.444243655131621,0,0.9685668931108444
4.849865658710339,0,0.9685668931108444
5.262799722087492,0,0.9685668931108444
5.671611042812601,0,0.9685668931108444
6.045612600422283,0,0.9685668931108444
6.385196294198277,0,0.9685668931108444
6.684274912586187,0,0.9685668931108444
6.913736038367693,0,0.9685668931108444
7.083293161296093,0,0.9685668931108444
7.21214890299214,0,0.9685668931108444
7.286431726084201,0,0.9685668931108444
7.291864436822844,0,0.9685668931108444
7.2470343187771515,1,0.9687698060658361
7.1746569117360695,0,0.9687698060658361
7.065057519142019,0,0.9687698060658361
6.9059592874825775,0,0.9687698060658361
6.711607469366868,0,0.9687698060658361
6.521177786813121,0,0.9687698060658361
6.352638202884805,0,0.9687698060658361
6.165387532699257,0,0.9687698060658361
5.927857032004749,0,0.9687698060658361
5.661267680230523,0,0.9687698060658361
5.387352387066784,0,0.9687698060658361
5.105692904978749,0,0.9687698060658361
4.820060054903003,0,0.9687698060658361
4.534989941400353,0,0.9687698060658361
4.230703748767031,0,0.9687698060658361
3.886217544876828,0,0.9687698060658361
3.5220345265890765,0,0.9687698060658361
3.1757475468791414,0,0.9687698060658361
2.8706604047777566,0,0.9687698060658361
2.6135734745436388,0,0.9687698060658361
2.3715343742304262,0,0.9687698060658361
2.0841233115293187,0,0.9687698060658361
1.7207643521873583,0,0.9687698060658361
1.3028209133259983,0,0.9687698060658361
0.8704446672033628,0,0.9687698060658361
0.441744461880867,0,0.9687698060658361
-0.005082619802935305,0,0.9687698060658361
-0.5228331247076361,0,0.9687698060658361
-1.155793513637346,0,0.9687698060658361
-1.921445260395715,0,0.9687698060658361
-2.8449923492242184,0,0.9687698060658361
-3.9714205807557597,0,0.9687698060658361
-5.307565661574018,0,0.9687698060658361
-6.787108802026912,0,0.9687698060658361
-8.353756311109704,0,0.9687698060658361
-10.014754272532087,0,0.9687698060658361
-11.740234691300849,0,0.9687698060658361
-13.453236708588587,0,0.9687698060658361
-15.099248985311737,0,0.9687698060658361
-16.58719371468048,0,0.9687698060658361
-17.782181434603327,0,0.9687698060658361
-18.581487235669595,0,0.9687698060658361
-18.934646777488652,0,0.9687698060658361
-18.823957134520953,0,0.9687698060658361
-18.242285752818585,0,0.9687698060658361
-17.21069758484823,0,0.9687698060658361
-15.787021228848207,0,0.9687698060658361
-14.027019543841273,0,0.9687698060658361
-11.985177737204298,0,0.9687698060658361
-9.75061595094298,0,0.9687698060658361
-7.439373681638748,0,0.9687698060658361
-5.164152853074697,0,0.9687698060658361
-3.0243588970827466,0,0.9687698060658361
-1.0967322167536744,0,0.9687698060658361
0.5789533406245455,0,0.9687698060658361
1.9914233474539869,0,0.9687698060658361
3.139718932012109,0,0.9687698060658361
4.033744745215098,0,0.9687698060658361
4.676484768991276,0,0.9687698060658361
5.063198178845648,0,0.9687698060658361
5.224380457823399,0,0.9687698060658361
5.214836971237646,0,0.9687698060658361
5.09783625064837,0,0.9687698060658361
4.928401675594437,0,0.9687698060658361
4.70362559554533,0,0.9687698060658361
4.4033881971241335,0,0.9687698060658361
4.069617282487971,0,0.9687698060658361
3.7835058685139837,0,0.9687698060658361
3.591719041706285,0,0.9687698060658361
3.503623826537628,0,0.9687698060658361
3.5061497530082826,0,0.9687698060658361
3.565843669651498,0,0.9687698060658361
3.678952592294619,0,0.9687698060658361
3.868980603588261,0,0.9687698060658361
4.1343930889926215,0,0.9687698060658361
4.446994338730822,0,0.9687698060658361
4.788050333214889,0,0.9687698060658361
5.162443263884109,0,0.9687698060658361
5.572168413049281,0,0.9687698060658361
5.992428376322824,0,0.9687698060658361
6.373782588959341,0,0.9687698060658361
6.681525561294357,0,0.9687698060658361
6.922086611896748,0,0.9687698060658361
7.1169503988220155,0,0.9687698060658361
7.261774097713576,0,0.9687698060658361
7.330128323813907,0,0.9687698060658361
7.3204952020382414,1,0.9691018457963351
7.272283885426463,0,0.9691018457963351
7.224149635841704,0,0.9691018457963351
7.166664792544023,0,0.9691018457963351
7.060509003265099,0,0.9691018457963351
6.881703685326862,0,0.9691018457963351
6.622473881832412,0,0.9691018457963351
6.288363983207384,0,0.9691018457963351
5.9176420109342125,0,0.9691018457963351
5.56402238168549,0,0.9691018457963351
5.260077640508778,0,0.9691018457963351
5.012453414301274,0,0.9691018457963351
4.802983473736997,0,0.9691018457963351
4.607914744727102,0,0.9691018457963351
4.416533735542628,0,0.9691018457963351
4.205195805342092,0,0.9691018457963351
3.9414121803759583,0,0.9691018457963351
3.6029634599270053,0,0.9691018457963351
3.1515832102850547,0,0.9691018457963351
2.5512656974585255,0,0.9691018457963351
1.8215228366105272,0,0.9691018457963351
1.0044277265834693,0,0.9691018457963351
0.09301812205154586,0,0.9691018457963351
-0.9471171268137031,0,0.9691018457963351
-2.104334155045983,0,0.9691018457963351
-3.335608915595715,0,0.9691018457963351
-4.64384503157579,0,0.9691018457963351
-6.060671477322187,0,0.9691018457963351
-7.5804793249748945,0,0.9691018457963351
-9.179354779449207,0,0.9691018457963351
-10.842744021142572,0,0.9691018457963351
-12.53686113834198,0,0.9691018457963351
-14.159660007280582,0,0.9691018457963351
-15.557587393743658,0,0.9691018457963351
-16.621508788684427,0,0.9691018457963351
-17.303519887301807,0,0.9691018457963351
-17.57836403397547,0,0.9691018457963351
-17.437040883540146,0,0.9691018457963351
-16.867420123211435,0,0.9691018457963351
-15.889578553116198,0,0.9691018457963351
-14.58489994441942,0,0.9691018457963351
-13.025833101981105,0,0.9691018457963351
-11.251984994613185,0,0.9691018457963351
-9.298837832923521,0,0.9691018457963351
-7.211629860657913,0,0.9691018457963351
-5.070771401468729,0,0.9691018457963351
-2.992450131080762,0,0.9691018457963351
-1.083595793922857,0,0.9691018457963351
0.5977293706118149,0,0.9691018457963351
2.018018350161913,0,0.9691018457963351
3.1348306666080714,0,0.9691018457963351
3.924840459239759,0,0.9691018457963351
4.408609675857877,0,0.9691018457963351
4.6471748642888455,0,0.9691018457963351
4.712463051295011,0,0.9691018457963351
4.649910799307366,0,0.9691018457963351
4.492408413358781,0,0.9691018457963351
4.28373542557674,0,0.9691018457963351
4.062385102511917,0,0.9691018457963351
3.8439556052047297,0,0.9691018457963351
3.6537300873889897,0,0.9691018457963351
3.5358725208165533,0,0.9691018457963351
3.511271908204342,0,0.9691018457963351
3.5752745930172516,0,0.9691018457963351
3.710853947256515,0,0.9691018457963351
3.9003710732675136,0,0.9691018457963351
4.142928864125491,0,0.9691018457963351
4.441799194626999,0,0.9691018457963351
4.77577894931858,0,0.9691018457963351
5.095907142256234,0,0.9691018457963351
5.383486760741898,0,0.9691018457963351
5.692091545721922,0,0.9691018457963351
6.056445945939804,0,0.9691018457963351
6.424971789949958,0,0.9691018457963351
6.7684430575907255,0,0.9691018457963351
7.120572737651042,0,0.9691018457963351
7.474237137630678,0,0.9691018457963351
7.772364981244629,0,0.9691018457963351
7.966414528635037,0,0.9691018457963351
8.045226615994041,0,0.9691018457963351
8.020877745160925,1,0.9696833122464655
7.893637846116151,0,0.9696833122464655
7.6963688522342375,0,0.9696833122464655
7.491709717570709,0,0.9696833122464655
7.290640886235112,0,0.9696833122464655
7.062457562349908,0,0.9696833122464655
6.77269422820651,0,0.9696833122464655
6.40867445737425,0,0.9696833122464655
6.007648471265171,0,0.9696833122464655
5.619779631615411,0,0.9696833122464655
5.264795039852876,0,0.9696833122464655
4.936428649414475,0,0.9696833122464655
4.621427468669963,0,0.9696833122464655
4.302293771475638,0,0.9696833122464655
3.9626544041734357,0,0.9696833122464655
3.594825865204989,0,0.9696833122464655
3.167165075430805,0,0.9696833122464655
2.6391019691557296,0,0.9696833122464655
1.988892994424164,0,0.9696833122464655
1.1876663087215018,0,0.9696833122464655
0.2159848201866012,0,0.9696833122464655
-0.9151499405304602,0,0.9696833122464655
-2.196673056784721,0,0.9696833122464655
-3.646141591801826,0,0.9696833122464655
-5.280263798417569,0,0.9696833122464655
-7.09151656181375,0,0.9696833122464655
-9.047378187008206,0,0.9696833122464655
-11.07703810177283,0,0.9696833122464655
-13.070647846453042,0,0.9696833122464655
-14.88705625135792,0,0.9696833122464655
-16.380965933732117,0,0.9696833122464655
-17.446318536729393,0,0.9696833122464655
-18.029999341652264,0,0.9696833122464655
-18.127827573342852,0,0.9696833122464655
-17.75764189441753,0,0.9696833122464655
-16.945014931104886,0,0.9696833122464655
-15.74012677903765,0,0.9696833122464655
-14.207399705227227,0,0.9696833122464655
-12.404848328398803,0,0.9696833122464655
-10.384724292971853,0,0.9696833122464655
-8.236358587211793,0,0.9696833122464655
-6.102952022051517,0,0.9696833122464655
-4.084069567807049,0,0.9696833122464655
-2.191038496268648,0,0.9696833122464655
-0.4354701498009137,0,0.9696833122464655
1.123304622079422,0,0.9696833122464655
2.4213462492261875,0,0.9696833122464655
3.44358086089575,0,0.9696833122464655
4.198517672011856,0,0.9696833122464655
4.680266434843882,0,0.9696833122464655
4.909629867358222,0,0.9696833122464655
4.9440505333836375,0,0.9696833122464655
4.831462320311849,0,0.9696833122464655
4.62990585573409,0,0.9696833122464655
4.4246099591748065,0,0.9696833122464655
4.254193024074211,0,0.9696833122464655
4.099498262591203,0,0.9696833122464655
3.935717644188599,0,0.9696833122464655
3.759153375564137,0,0.9696833122464655
3.5981445724976853,0,0.9696833122464655
3.492373940740746,0,0.9696833122464655
3.4668622462232843,0,0.9696833122464655
3.5254958317628002,0,0.9696833122464655
3.6702555443934877,0,0.9696833122464655
3.904645696931917,0,0.9696833122464655
4.190844297451742,0,0.9696833122464655
4.4682082189469785,0,0.9696833122464655
4.729727233595784,0,0.9696833122464655
5.009076040919812,0,0.9696833122464655
5.325254558560771,0,0.9696833122464655
5.683898526218336,0,0.9696833122464655
6.071782634065215,0,0.9696833122464655
6.442760806778524,0,0.9696833122464655
6.765165127496857,0,0.9696833122464655
7.03275701367417,0,0.9696833122464655
7.218537634051843,0,0.9696833122464655
7.306892555186466,0,0.9696833122464655
7.310375413881713,0,0.9696833122464655
7.219687092059055,1,0.9701845519288348
7.046133007137254,0,0.9701845519288348
6.8509293252136345,0,0.9701845519288348
6.668189261599197,0,0.9701845519288348
6.506681342524025,0,0.9701845519288348
6.376749701610405,0,0.9701845519288348
6.236923370649357,0,0.9701845519288348
6.015119658846563,0,0.9701845519288348
5.713567822290021,0,0.9701845519288348
5.399255823706869,0,0.9701845519288348
5.093504213014165,0,0.9701845519288348
4.749633053134211,0,0.9701845519288348
4.325374850523785,0,0.9701845519288348
3.827508541186633,0,0.9701845519288348
3.3027417501832663,0,0.9701845519288348
2.8124322716271406,0,0.9701845519288348
2.3725616498718156,0,0.9701845519288348
1.9406502826429082,0,0.9701845519288348
1.4750809153869673,0,0.9701845519288348
0.9312389100260644,0,0.9701845519288348
0.25922597025449245,0,0.9701845519288348
-0.5571740848071766,0,0.9701845519288348
-1.534361600147919,0,0.9701845519288348
-2.7139826220442167,0,0.9701845519288348
-4.11130639220481,0,0.9701845519288348
-5.706011313695374,0,0.9701845519288348
-7.448646903951762,0,0.9701845519288348
-9.26073997775344,0,0.9701845519288348
-11.085644672691613,0,0.9701845519288348
-12.87774845825793,0,0.9701845519288348
-14.564107016517307,0,0.9701845519288348
-16.064130327221516,0,0.9701845519288348
-17.277796687569086,0,0.9701845519288348
-18.095602918643024,0,0.9701845519288348
-18.467580948247758,0,0.9701845519288348
-18.408897422744836,0,0.9701845519288348
-17.91540635431117,0,0.9701845519288348
-16.943680829055626,0,0.9701845519288348
-15.51453972835684,0,0.9701845519288348
-13.756386453767066,0,0.9701845519288348
-11.811843211354027,0,0.9701845519288348
-9.75320866508447,0,0.9701845519288348
-7.632066093129751,0,0.9701845519288348
-5.531985939571142,0,0.9701845519288348
-3.5288085552911745,0,0.9701845519288348
-1.66254453011449,0,0.9701845519288348
0.047886194754114625,0,0.9701845519288348
1.5621325960835766,0,0.9701845519288348
2.829256947002379,0,0.9701845519288348
3.8311795742931056,0,0.9701845519288348
4.574053871924683,0,0.9701845519288348
5.071822218525091,0,0.9701845519288348
5.349316842191527,0,0.9701845519288348
5.437105314370828,0,0.9701845519288348
5.337935584943469,0,0.9701845519288348
5.061579617820578,0,0.9701845519288348
4.671569332396186,0,0.9701845519288348
4.221245231379131,0,0.9701845519288348
3.735288190887857,0,0.9701845519288348
3.2637459247139144,0,0.9701845519288348
2.887907945316876,0,0.9701845519288348
2.6776545415006905,0,0.9701845519288348
2.6576444901739027,0,0.9701845519288348
2.816959063406169,0,0.9701845519288348
3.1351209942824374,0,0.9701845519288348
3.5936085344339572,0,0.9701845519288348
4.15088734044614,0,0.9701845519288348
4.738793604925641,0,0.9701845519288348
5.321643677983323,0,0.9701845519288348
5.900696732492647,0,0.9701845519288348
6.462989736019546,0,0.9701845519288348
6.983631007934656,0,0.9701845519288348
7.435974209951317,0,0.9701845519288348
7.790340469498572,0,0.9701845519288348
8.045431064100283,0,0.9701845519288348
8.204766741138037,0,0.9701845519288348
8.236449636586268,0,0.9701845519288348
8.140458761097545,1,0.970615137254972
7.974825741627821,0,0.970615137254972
7.786033283737699,0,0.970615137254972
7.584502147429285,0,0.970615137254972
7.382662561672608,0,0.970615137254972
7.199699765772283,0,0.970615137254972
7.007384752905753,0,0.970615137254972
6.7647949227387505,0,0.970615137254972
6.48016721014475,0,0.970615137254972
6.164903529866144,0,0.970615137254972
5.811221774025482,0,0.970615137254972
5.421578992967075,0,0.970615137254972
5.004242516944999,0,0.970615137254972
4.566149743943445,0,0.970615137254972
4.127030017926926,0,0.970615137254972
3.711078248121084,0,0.970615137254972
3.310868787332777,0,0.970615137254972
2.8903890064707523,0,0.970615137254972
2.4627910143432348,0,0.970615137254972
2.0816993850971373,0,0.970615137254972
1.739550234292978,0,0.970615137254972
1.3751597699087044,0,0.970615137254972
0.9446451695545869,0,0.970615137254972
0.4398800439526245,0,0.970615137254972
-0.1574693356878295,0,0.970615137254972
-0.8955740610850026,0,0.970615137254972
-1.8024454929258713,0,0.970615137254972
-2.8732419792141672,0,0.970615137254972
-4.091984140032675,0,0.970615137254972
-5.443693531745046,0,0.970615137254972
-6.920379276566913,0,0.970615137254972
-8.506334317753078,0,0.970615137254972
-10.172696665044391,0,0.970615137254972
-11.872030162336216,0,0.970615137254972
-13.521152744231133,0,0.970615137254972
-15.02284066013771,0,0.970615137254972
-16.28512088857538,0,0.970615137254972
-17.210650587604434,0,0.970615137254972
-17.723087761122258,0,0.970615137254972
-17.78202080627307,0,0.970615137254972
-17.366443004290595,0,0.970615137254972
-16.500014694223633,0,0.970615137254972
-15.240688887215061,0,0.970615137254972
-13.657105969780506,0,0.970615137254972
-11.843467595130317,0,0.970615137254972
-9.88479805697588,0,0.970615137254972
-7.846791365794112,0,0.970615137254972
-5.816968325563077,0,0.970615137254972
-3.8948008730226893,0,0.970615137254972
-2.1339657075671314,0,0.970615137254972
-0.5347480761506762,0,0.970615137254972
0.8743135198269129,0,0.970615137254972
2.035850637402539,0,0.970615137254972
2.9579460355357825,0,0.970615137254972
3.6728622787283256,0,0.970615137254972
4.160921719522618,0,0.970615137254972
4.407417313663933,0,0.970615137254972
4.440416065126898,0,0.970615137254972
4.313935866246123,0,0.970615137254972
4.111644874495514,0,0.970615137254972
3.9075247405183204,0,0.970615137254972
3.7103332774475,0,0.970615137254972
3.5092332751435524,0,0.970615137254972
3.3396879935404047,0,0.970615137254972
3.2413172116438407,0,0.970615137254972
3.2040379563547545,0,0.970615137254972
3.218629769352429,0,0.970615137254972
3.3173313871230623,0,0.970615137254972
3.5114293551405718,0,0.970615137254972
3.758358659473096,0,0.970615137254972
4.003885871434542,0,0.970615137254972
4.237481628195902,0,0.970615137254972
4.503428347046213,0,0.970615137254972
4.834587025011684,0,0.970615137254972
5.236312769382658,0,0.970615137254972
5.699792762009104,0,0.970615137254972
6.176138731505589,0,0.970615137254972
6.608195922348534,0,0.970615137254972
6.970103703372026,0,0.970615137254972
7.261129976079981,0,0.970615137254972
7.487846498325426,0,0.970615137254972
7.645928562615829,0,0.970615137254972
7.7378915940729565,0,0.970615137254972
7.775268491522349,0,0.970615137254972
7.7423672796826795,1,0.9710044557965237
7.607767873975951,0,0.9710044557965237
7.366657808352345,0,0.9710044557965237
7.059252340359031,0,0.9710044557965237
6.744008917989752,0,0.9710044557965237
6.437558138889815,0,0.9710044557965237
6.096472163586949,0,0.9710044557965237
5.704484869656958,0,0.9710044557965237
5.320403990854888,0,0.9710044557965237
4.967939798621178,0,0.9710044557965237
4.615561035266952,0,0.9710044557965237
4.269741749936403,0,0.9710044557965237
3.954790950428691,0,0.9710044557965237
3.6606636389856577,0,0.9710044557965237
3.3725734448408056,0,0.9710044557965237
3.1192571002407825,0,0.9710044557965237
2.9461286855233966,0,0.9710044557965237
2.838447558520959,0,0.9710044557965237
2.7118006169274405,0,0.9710044557965237
2.4687778736143304,0,0.9710044557965237
2.0687807890360626,0,0.9710044557965237
1.5604561310557692,0,0.9710044557965237
0.9995340774235723,0,0.9710044557965237
0.37490251606246955,0,0.9710044557965237
-0.3320298857541574,0,0.9710044557965237
-1.1222295950670942,0,0.9710044557965237
-2.02353603347356,0,0.9710044557965237
-3.084701083800301,0,0.9710044557965237
-4.34946530716742,0,0.9710044557965237
-5.839133157696022,0,0.9710044557965237
-7.534869096082787,0,0.9710044557965237
-9.381054251002498,0,0.9710044557965237
-11.310699192069501,0,0.9710044557965237
-13.242783318358951,0,0.9710044557965237
-15.063313250386365,0,0.9710044557965237
-16.6529898518702,0,0.9710044557965237
-17.914646742377602,0,0.9710044557965237
-18.777438901571518,0,0.9710044557965237
-19.197376599700156,0,0.9710044557965237
-19.145109808214297,0,0.9710044557965237
-18.612260542897086,0,0.9710044557965237
-17.619669586546113,0,0.9710044557965237
-16.191884153071708,0,0.9710044557965237
-14.37257748315847,0,0.9710044557965237
-12.27317791155602,0,0.9710044557965237
-10.025524447697922,0,0.9710044557965237
-7.715990715363464,0,0.9710044557965237
-5.407450138674762,0,0.9710044557965237
-3.177209388076889,0,0.9710044557965237
-1.1256234273910914,0,0.9710044557965237
0.6555812160426207,0,0.9710044557965237
2.1319438136700644,0,0.9710044557965237
3.317864309140784,0,0.9710044557965237
4.221103919352072,0,0.9710044557965237
4.840962270204785,0,0.9710044557965237
5.198654734558576,0,0.9710044557965237
5.307242145255057,0,0.9710044557965237
5.16562483890786,0,0.9710044557965237
4.848751164128455,0,0.9710044557965237
4.499338296703831,0,0.9710044557965237
4.182212015052419,0,0.9710044557965237
3.886900171725103,0,0.9710044557965237
3.630518941691789,0,0.9710044557965237
3.4356742265211757,0,0.9710044557965237
3.306110029721986,0,0.9710044557965237
3.2582758298384307,0,0.9710044557965237
3.3044127611185954,0,0.9710044557965237
3.4324457799346626,0,0.9710044557965237
3.6364323755852968,0,0.9710044557965237
3.941627656576031,0,0.9710044557965237
4.356644295625879,0,0.9710044557965237
4.825997709338915,0,0.9710044557965237
5.282630319896396,0,0.9710044557965237
5.713835244857669,0,0.9710044557965237
6.1406347604290765,0,0.9710044557965237
6.555579065594579,0,0.9710044557965237
6.918159017779638,0,0.9710044557965237
7.1964109658958275,0,0.9710044557965237
7.392719473124822,0,0.9710044557965237
7.511139961497232,0,0.9710044557965237
7.525858771078935,0,0.9710044557965237
7.447889579832373,1,0.9714775665631038
7.350726671248536,0,0.9714775665631038
7.278209524066544,0,0.9714775665631038
7.20193092284522,0,0.9714775665631038
7.090358474066294,0,0.9714775665631038
6.940486735171409,0,0.9714775665631038
6.741484106909561,0,0.9714775665631038
6.4951461575676275,0,0.9714775665631038
6.2266824474293685,0,0.9714775665631038
5.946660145487713,0,0.9714775665631038
5.662162962550466,0,0.9714775665631038
5.38472031206645,0,0.9714775665631038
5.130626917631668,0,0.9714775665631038
4.929213087922589,0,0.9714775665631038
4.7751611812911525,0,0.9714775665631038
4.629994958970393,0,0.9714775665631038
4.457075298137513,0,0.9714775665631038
4.212040426565754,0,0.9714775665631038
3.888530969799283,0,0.9714775665631038
3.5349200253159925,0,0.9714775665631038
3.1713213110094025,0,0.9714775665631038
2.7601776002208465,0,0.9714775665631038
2.2627271243235842,0,0.9714775665631038
1.6717201778662794,0,0.9714775665631038
0.993302332561948,0,0.9714775665631038
0.19499326342916418,0,0.9714775665631038
-0.7780154002930912,0,0.9714775665631038
-1.9119725314574623,0,0.9714775665631038
-3.165727270364119,0,0.9714775665631038
-4.540647296445659,0,0.9714775665631038
-6.038919523500831,0,0.9714775665631038
-7.641291399124783,0,0.9714775665631038
-9.329367534802362,0,0.9714775665631038
-11.07563099541795,0,0.9714775665631038
-12.804305755661549,0,0.9714775665631038
-14.411854994245505,0,0.9714775665631038
-15.81589296759633,0,0.9714775665631038
-16.964206868621897,0,0.9714775665631038
-17.81822055325061,0,0.9714775665631038
-18.330785840910664,0,0.9714775665631038
-18.444827303874767,0,0.9714775665631038
-18.10812094195781,0,0.9714775665631038
-17.306836348947265,0,0.9714775665631038
-16.074761535729905,0,0.9714775665631038
-14.466966005737687,0,0.9714775665631038
-12.55536452590047,0,0.9714775665631038
-10.415419060050636,0,0.9714775665631038
-8.126374683814914,0,0.9714775665631038
-5.8148957413325455,0,0.9714775665631038
-3.6401352989074724,0,0.9714775665631038
-1.710228145457446,0,0.9714775665631038
-0.05745414640452892,0,0.9714775665631038
1.319634286222909,0,0.9714775665631038
2.4573437586380096,0,0.9714775665631038
3.4158203229126194,0,0.9714775665631038
4.207180973087255,0,0.9714775665631038
4.78439442586067,0,0.9714775665631038
5.107598882980306,0,0.9714775665631038
5.198602960382033,0,0.9714775665631038
5.109431694315813,0,0.9714775665631038
4.890883769821765,0,0.9714775665631038
4.6177460595952855,0,0.9714775665631038
4.345388334297408,0,0.9714775665631038
4.090079643988963,0,0.9714775665631038
3.8870312885654874,0,0.9714775665631038
3.7657420799284123,0,0.9714775665631038
3.708228835440877,0,0.9714775665631038
3.680378219263604,0,0.9714775665631038
3.689964189875096,0,0.9714775665631038
3.8021943840841854,0,0.9714775665631038
4.0623339340926305,0,0.9714775665631038
4.435514141103004,0,0.9714775665631038
4.858164151485111,0,0.9714775665631038
5.287147874297411,0,0.9714775665631038
5.68528848131111,0,0.9714775665631038
6.048688847826333,0,0.9714775665631038
6.406578034079207,0,0.9714775665631038
6.756775053817326,0,0.9714775665631038
7.070583200516583,0,0.9714775665631038
7.321789736712397,0,0.9714775665631038
7.477176340135413,0,0.9714775665631038
7.515298373092209,0,0.9714775665631038
7.463686702632224,1,0.9719119521846616
7.355468765441385,0,0.9719119521846616
7.18673370474649,0,0.9719119521846616
6.97098615530952,0,0.9719119521846616
6.766629645992628,0,0.9719119521846616
6.623080602359727,0,0.9719119521846616
6.528170670681263,0,0.9719119521846616
6.434431938326521,0,0.9719119521846616
6.31774240657526,0,0.9719119521846616
6.179548160965792,0,0.9719119521846616
6.025891338119671,0,0.9719119521846616
5.840231724165956,0,0.9719119521846616
5.584427152893734,0,0.9719119521846616
5.259547892115967,0,0.9719119521846616
4.911997273231172,0,0.9719119521846616
4.567347411468922,0,0.9719119521846616
4.227798841467426,0,0.9719119521846616
3.899855358573932,0,0.9719119521846616
3.5825364037209564,0,0.9719119521846616
3.279595947303214,0,0.9719119521846616
3.005861912818563,0,0.9719119521846616
2.7516667053515924,0,0.9719119521846616
2.480663363874821,0,0.9719119521846616
2.1568255576717883,0,0.9719119521846616
1.7374392080493462,0,0.9719119521846616
1.193075978849738,0,0.9719119521846616
0.5179668741734272,0,0.9719119521846616
-0.32824099257258915,0,0.9719119521846616
-1.384929887671006,0,0.9719119521846616
-2.619405617970789,0,0.9719119521846616
-3.9860824742336174,0,0.9719119521846616
-5.487302879351806,0,0.9719119521846616
-7.155003646388753,0,0.9719119521846616
-8.987338852274743,0,0.9719119521846616
-10.89112365252315,0,0.9719119521846616
-12.737898114580616,0,0.9719119521846616
-14.4549165928805,0,0.9719119521846616
-16.00008837066203,0,0.9719119521846616
-17.299579408970047,0,0.9719119521846616
-18.269520080363424,0,0.9719119521846616
-18.85132408707148,0,0.9719119521846616
-18.986246424551435,0,0.9719119521846616
-18.607895356397872,0,0.9719119521846616
-17.702094747923812,0,0.9719119521846616
-16.341438897408416,0,0.9719119521846616
-14.626664967760533,0,0.9719119521846616
-12.66206261600678,0,0.9719119521846616
-10.58969902255799,0,0.9719119521846616
-8.530922510778247,0,0.9719119521846616
-6.52084889071053,0,0.9719119521846616
-4.568110539468234,0,0.9719119521846616
-2.7058690973870645,0,0.9719119521846616
-0.9841930098207967,0,0.9719119521846616
0.5432528969367119,0,0.9719119521846616
1.8529307869014404,0,0.9719119521846616
2.929719057541809,0,0.9719119521846616
3.744247184659863,0,0.9719119521846616
4.290884004352662,0,0.9719119521846616
4.588544438443009,0,0.9719119521846616
4.6706716914821,0,0.9719119521846616
4.583765790170589,0,0.9719119521846616
4.37569741342043,0,0.9719119521846616
4.109402640524173,0,0.9719119521846616
3.8583256927519556,0,0.9719119521846616
3.6601334475069844,0,0.9719119521846616
3.5156087462910635,0,0.9719119521846616
3.434277011192746,0,0.9719119521846616
3.4341587386583274,0,0.9719119521846616
3.507367855629788,0,0.9719119521846616
3.6455469456212253,0,0.9719119521846616
3.865339914170776,0,0.9719119521846616
4.171808797169029,0,0.9719119521846616
4.54533044773854,0,0.9719119521846616
4.952559115090833,0,0.9719119521846616
5.36441166599676,0,0.9719119521846616
5.783812029220933,0,0.9719119521846616
6.230350282624932,0,0.9719119521846616
6.700665440601061,0,0.9719119521846616
7.151541373256322,0,0.9719119521846616
7.525583987887564,0,0.9719119521846616
7.800161140844464,0,0.9719119521846616
7.982972519665195,0,0.9719119521846616
8.077511644195223,0,0.9719119521846616
8.08199781818897,0,0.9719119521846616
7.997936898849255,1,0.972251909045491
7.833570132333415,0,0.972251909045491
7.610095365787907,0,0.972251909045491
7.347702468886294,0,0.972251909045491
7.050324776665202,0,0.972251909045491
6.7309488474695165,0,0.972251909045491
6.423086746418682,0,0.972251909045491
6.135541938187894,0,0.972251909045491
5.829520005895076,0,0.972251909045491
5.4864334334560265,0,0.972251909045491
5.152204933353035,0,0.972251909045491
4.870642585524245,0,0.972251909045491
4.6397684167702336,0,0.972251909045491
4.4384607390761595,0,0.972251909045491
4.244121054578119,0,0.972251909045491
4.035921481948523,0,0.972251909045491
3.7910536555701033,0,0.972251909045491
3.482080949634325,0,0.972251909045491
3.073312926941696,0,0.972251909045491
2.5326468067043506,0,0.972251909045491
1.8665659187033954,0,0.972251909045491
1.0998079217804582,0,0.972251909045491
0.23735655418789575,0,0.972251909045491
-0.7311591483532525,0,0.972251909045491
-1.8453480929382766,0,0.972251909045491
-3.1656199970946397,0,0.972251909045491
-4.705040558451949,0,0.972251909045491
-6.412563662540213,0,0.972251909045491
-8.23434657545699,0,0.972251909045491
-10.125070024671679,0,0.972251909045491
-12.016920293325851,0,0.972251909045491
-13.84698495667221,0,0.972251909045491
-15.557697852601057,0,0.972251909045491
-17.049631288641628,0,0.972251909045491
-18.207563651800847,0,0.972251909045491
-18.953220129906715,0,0.972251909045491
-19.21752008570233,0,0.972251909045491
-18.94576770229941,0,0.972251909045491
-18.173095238696703,0,0.972251909045491
-16.962309835553025,0,0.972251909045491
-15.323853856586831,0,0.972251909045491
-13.308993265481192,0,0.972251909045491
-11.064639421344774,0,0.972251909045491
-8.745616520151316,0,0.972251909045491
-6.438304272744202,0,0.972251909045491
-4.207370930223361,0,0.972251909045491
-2.1375817376794424,0,0.972251909045491
-0.2881906182450597,0,0.972251909045491
1.2835548441275308,0,0.972251909045491
2.5302402106569795,0,0.972251909045491
3.5008961654445274,0,0.972251909045491
4.260261448960619,0,0.972251909045491
4.788190778671156,0,0.972251909045491
5.082121210835744,0,0.972251909045491
5.209515008351802,0,0.972251909045491
5.208562415621058,0,0.972251909045491
5.077761608710508,0,0.972251909045491
4.848045278222692,0,0.972251909045491
4.585864081748107,0,0.972251909045491
4.329724934467369,0,0.972251909045491
4.079796748749996,0,0.972251909045491
3.8673161933695943,0,0.972251909045491
3.7267493184420157,0,0.972251909045491
3.645888189397395,0,0.972251909045491
3.631911370023003,0,0.972251909045491
3.707922619231513,0,0.972251909045491
3.8583414006469687,0,0.972251909045491
4.0742379381545355,0,0.972251909045491
4.381657390022013,0,0.972251909045491
4.791055696948971,0,0.972251909045491
5.281376252513087,0,0.972251909045491
5.808088678243918,0,0.972251909045491
6.304557547838302,0,0.972251909045491
6.714574097925756,0,0.972251909045491
7.032422099164742,0,0.972251909045491
7.305232621711814,0,0.972251909045491
7.554299804174636,0,0.972251909045491
7.744503622172655,0,0.972251909045491
7.849861407775619,0,0.972251909045491
7.872514422764678,0,0.972251909045491
7.833512321045625,1,0.9726638684623827
7.764577198922776,0,0.9726638684623827
7.681446840863182,0,0.9726638684623827
7.561068980089334,0,0.9726638684623827
7.38123559262237,0,0.9726638684623827
7.172819465562796,0,0.9726638684623827
6.953260401071853,0,0.9726638684623827
6.677502508055033,0,0.9726638684623827
6.3130576404352965,0,0.9726638684623827
5.880846854923469,0,0.9726638684623827
5.415534644592172,0,0.9726638684623827
4.947678440045056,0,0.9726638684623827
4.521247074337868,0,0.9726638684623827
4.142644278710789,0,0.9726638684623827
3.7409322911199867,0,0.9726638684623827
3.2521443587546277,0,0.9726638684623827
2.667261182162613,0,0.9726638684623827
1.9845664422745206,0,0.9726638684623827
1.1630338353247174,0,0.9726638684623827
0.13473952381925514,0,0.9726638684623827
-1.1257872829653495,0,0.9726638684623827
-2.5816994905478263,0,0.9726638684623827
-4.195002580950405,0,0.9726638684623827
-5.97286552752212,0,0.9726638684623827
-7.921329325654859,0,0.9726638684623827
-9.965403325663877,0,0.9726638684623827
-11.988465368812962,0,0.9726638684623827
-13.904961858473742,0,0.9726638684623827
-15.63234742833589,0,0.9726638684623827
-17.070885018627408,0,0.9726638684623827
-18.11034264356644,0,0.9726638684623827
-18.656257575393145,0,0.9726638684623827
-18.682197052607243,0,0.9726638684623827
-18.216390290925446,0,0.9726638684623827
-17.28782282301437,0,0.9726638684623827
-15.92398528580849,0,0.9726638684623827
-14.208853474448777,0,0.9726638684623827
-12.274905292498202,0,0.9726638684623827
-10.210953269594562,0,0.9726638684623827
-8.054719050064541,0,0.9726638684623827
-5.873516157116864,0,0.9726638684623827
-3.769164092683758,0,0.9726638684623827
-1.8149631052461292,0,0.9726638684623827
-0.05526116656021821,0,0.9726638684623827
1.5006263487769835,0,0.9726638684623827
2.857403309321052,0,0.9726638684623827
3.9602121456742974,0,0.9726638684623827
4.764944306887766,0,0.9726638684623827
5.295384000536316,0,0.9726638684623827
5.568281664130019,0,0.9726638684623827
5.593615789869826,0,0.9726638684623827
5.422671834180658,0,0.9726638684623827
5.131227547128145,0,0.9726638684623827
4.778160342913876,0,0.9726638684623827
4.40474532612163,0,0.9726638684623827
4.0428121270965285,0,0.9726638684623827
3.7167572810029412,0,0.9726638684623827
3.4689642195185946,0,0.9726638684623827
3.348889236566679,0,0.9726638684623827
3.3797052979357036,0,0.9726638684623827
3.540779204211326,0,0.9726638684623827
3.7802133579308874,0,0.9726638684623827
4.0722868051832375,0,0.9726638684623827
4.409474549038323,0,0.9726638684623827
4.756656871096088,0,0.9726638684623827
5.08769269008779,0,0.9726638684623827
5.4261814876922845,0,0.9726638684623827
5.809836540786837,0,0.9726638684623827
6.220202332579479,0,0.9726638684623827
6.585971167364038,0,0.9726638684623827
6.858992868361628,0,0.9726638684623827
7.054571239445581,0,0.9726638684623827
7.215565398286726,0,0.9726638684623827
7.33533082691747,0,0.9726638684623827
7.360456448735783,0,0.9726638684623827
7.267896617042742,1,0.9728349421140373
7.091784388945103,0,0.9728349421140373
6.882702358959692,0,0.9728349421140373
6.665181629312513,0,0.9728349421140373
6.467265485471705,0,0.9728349421140373
6.307751321951316,0,0.9728349421140373
6.134363711322907,0,0.9728349421140373
5.907887054779081,0,0.9728349421140373
5.665674377783998,0,0.9728349421140373
5.4189090206402275,0,0.9728349421140373
5.126485201697723,0,0.9728349421140373
4.789543636255263,0,0.9728349421140373
4.434400040840561,0,0.9728349421140373
4.02404173369508,0,0.9728349421140373
3.507454186896031,0,0.9728349421140373
2.8900414911611634,0,0.9728349421140373
2.17209280052098,0,0.9728349421140373
1.3069470703475303,0,0.9728349421140373
0.25547883664532967,0,0.9728349421140373
-0.9889207438620929,0,0.9728349421140373
-2.4225101034721543,0,0.9728349421140373
-4.032337599968824,0,0.9728349421140373
-5.779192076030282,0,0.9728349421140373
-7.612666894634335,0,0.9728349421140373
-9.484962681602294,0,0.9728349421140373
-11.343927280495237,0,0.9728349421140373
-13.11968749825394,0,0.9728349421140373
-14.703451648475683,0,0.9728349421140373
-16.000747513025175,0,0.9728349421140373
-16.96675997051821,0,0.9728349421140373
-17.556213328314943,0,0.9728349421140373
-17.734560171824167,0,0.9728349421140373
-17.49530325806984,0,0.9728349421140373
-16.80295020384489,0,0.9728349421140373
-15.62261690761626,0,0.9728349421140373
-14.00991688610266,0,0.9728349421140373
-12.078546316675881,0,0.9728349421140373
-9.93953630279796,0,0.9728349421140373
-7.70122802040256,0,0.9728349421140373
-5.462522256747137,0,0.9728349421140373
-3.313527640530918,0,0.9728349421140373
-1.3378760231283824,0,0.9728349421140373
0.41978294378139436,0,0.9728349421140373
1.9634901205181097,0,0.9728349421140373
3.2917119561931742,0,0.9728349421140373
4.357807664128075,0,0.9728349421140373
5.112792664991205,0,0.9728349421140373
5.547694003109876,0,0.9728349421140373
5.695336605415945,0,0.9728349421140373
5.627114262156863,0,0.9728349421140373
5.4176181755702935,0,0.9728349421140373
5.121021831224372,0,0.9728349421140373
4.788520843188299,0,0.9728349421140373
4.45199016155078,0,0.9728349421140373
4.148738425763301,0,0.9728349421140373
3.9413550724397073,0,0.9728349421140373
3.8332426531750206,0,0.9728349421140373
3.8007531913316845,0,0.9728349421140373
3.8506684306650922,0,0.9728349421140373
3.9659660910780983,0,0.9728349421140373
4.132188045476646,0,0.9728349421140373
4.365975946943753,0,0.9728349421140373
4.662954886545503,0,0.9728349421140373
4.973141644111482,0,0.9728349421140373
5.258029108595874,0,0.9728349421140373
5.5361850532535515,0,0.9728349421140373
5.811370605625125,0,0.9728349421140373
6.052400334020371,0,0.9728349421140373
6.271604358129949,0,0.9728349421140373
6.499514112053753,0,0.9728349421140373
6.717112764588443,0,0.9728349421140373
6.8874000633025165,0,0.9728349421140373
6.99420319020753,0,0.9728349421140373
7.042715995791426,0,0.9728349421140373
7.041975179731047,1,0.972924025726583
6.989651706059655,0,0.972924025726583
6.897590256414854,0,0.972924025726583
6.781202862819386,0,0.972924025726583
6.635682918746271,0,0.972924025726583
6.470422093695959,0,0.972924025726583
6.3043101697024735,0,0.972924025726583
6.119520901900545,0,0.972924025726583
5.883665081478589,0,0.972924025726583
5.5907764568691185,0,0.972924025726583
5.245193721305472,0,0.972924025726583
4.85022399438741,0,0.972924025726583
4.411171747206683,0,0.972924025726583
3.923104977794158,0,0.972924025726583
3.367133539963306,0,0.972924025726583
2.726123797581018,0,0.972924025726583
1.9920689981763664,0,0.972924025726583
1.1544966743987612,0,0.972924025726583
0.21479598907053335,0,0.972924025726583
-0.8172594910409359,0,0.972924025726583
-1.9768132885764778,0,0.972924025726583
-3.3338289750801744,0,0.972924025726583
-4.90510540923313,0,0.972924025726583
-6.611331064838472,0,0.972924025726583
-8.351883855346783,0,0.972924025726583
-10.088531838604974,0,0.972924025726583
-11.81352286840551,0,0.972924025726583
-13.468833011083907,0,0.972924025726583
-14.93954353828696,0,0.972924025726583
-16.119757538342476,0,0.972924025726583
-16.938853051492643,0,0.972924025726583
-17.350445971428186,0,0.972924025726583
-17.32567271867429,0,0.972924025726583
-16.842429937589255,0,0.972924025726583
-15.911490202990343,0,0.972924025726583
-14.581790857331109,0,0.972924025726583
-12.9089729896406,0,0.972924025726583
-10.967801354994318,0,0.972924025726583
-8.860475004980287,0,0.972924025726583
-6.680505066095013,0,0.972924025726583
-4.499081784924817,0,0.972924025726583
-2.4001717842409658,0,0.972924025726583
-0.49331572134036095,0,0.972924025726583
1.130195452976813,0,0.972924025726583
2.4642646910180916,0,0.972924025726583
3.5554547376244265,0,0.972924025726583
4.3951909435808,0,0.972924025726583
4.956269049809065,0,0.972924025726583
5.261168545525567,0,0.972924025726583
5.351098251282548,0,0.972924025726583
5.270057387535278,0,0.972924025726583
5.064581091095071,0,0.972924025726583
4.787864800702943,0,0.972924025726583
4.494682736969297,0,0.972924025726583
4.210015052016695,0,0.972924025726583
3.9349071128102207,0,0.972924025726583
3.6800432956781335,0,0.972924025726583
3.479147451324372,0,0.972924025726583
3.3846892941245104,0,0.972924025726583
3.4342740954803648,0,0.972924025726583
3.613441599516054,0,0.972924025726583
3.8742551212561507,0,0.972924025726583
4.176493238793027,0,0.972924025726583
4.502372891656535,0,0.972924025726583
4.8530992790379415,0,0.972924025726583
5.227992580388027,0,0.972924025726583
5.600143961844202,0,0.972924025726583
5.940125979386057,0,0.972924025726583
6.244486933510476,0,0.972924025726583
6.506952923156597,0,0.972924025726583
6.716372603902932,0,0.972924025726583
6.884914847638514,0,0.972924025726583
7.011605442331381,0,0.972924025726583
7.058875290354934,0,0.972924025726583
7.023457003844614,1,0.9730218284359137
6.933477302499047,0,0.9730218284359137
6.7854942963636375,0,0.9730218284359137
6.586691501349875,0,0.9730218284359137
6.355046069898351,0,0.9730218284359137
6.083227107285157,0,0.9730218284359137
5.775197992052816,0,0.9730218284359137
5.4500057952442,0,0.9730218284359137
5.127470879229185,0,0.9730218284359137
4.822647619982666,0,0.9730218284359137
4.535962575293103,0,0.9730218284359137
4.24991172188735,0,0.9730218284359137
3.9161171654259523,0,0.9730218284359137
3.4877355338050635,0,0.9730218284359137
2.967612850436315,0,0.9730218284359137
2.3832106855546336,0,0.9730218284359137
1.7282143575427726,0,0.9730218284359137
0.9605048580037059,0,0.9730218284359137
0.06539165329394417,0,0.9730218284359137
-0.9488674105621857,0,0.9730218284359137
-2.1147809242873716,0,0.9730218284359137
-3.460571133539487,0,0.9730218284359137
-4.947447990870565,0,0.9730218284359137
-6.52881078097856,0,0.9730218284359137
-8.189085567664847,0,0.9730218284359137
-9.898408693079084,0,0.9730218284359137
-11.602202262984825,0,0.9730218284359137
-13.2282503171264,0,0.9730218284359137
-14.674800561653784,0,0.9730218284359137
-15.833917030378618,0,0.9730218284359137
-16.634405519034583,0,0.9730218284359137
-17.05192416012669,0,0.9730218284359137
-17.077655316894212,0,0.9730218284359137
-16.68913282951631,0,0.9730218284359137
-15.871593058096456,0,0.9730218284359137
-14.645755304963888,0,0.9730218284359137
-13.064058184155774,0,0.9730218284359137
-11.203345515683793,0,0.9730218284359137
-9.162001386654545,0,0.9730218284359137
-7.058494596281239,0,0.9730218284359137
-5.004065074994269,0,0.9730218284359137
-3.0797245265342412,0,0.9730218284359137
-1.332478107116245,0,0.9730218284359137
0.22920381935342013,0,0.9730218284359137
1.5914785667169913,0,0.9730218284359137
2.714444992032513,0,0.9730218284359137
3.5666785902413762,0,0.9730218284359137
4.148942718520813,0,0.9730218284359137
4.510734060656731,0,0.9730218284359137
4.720906850906288,0,0.9730218284359137
4.7971245997790435,0,0.9730218284359137
4.703720512482767,0,0.9730218284359137
4.455696585797058,0,0.9730218284359137
4.155369136922409,0,0.9730218284359137
3.880360118444308,0,0.9730218284359137
3.6364490099097284,0,0.9730218284359137
3.4358445590760525,0,0.9730218284359137
3.3258409097142327,0,0.9730218284359137
3.335270748081503,0,0.9730218284359137
3.455773202535499,0,0.9730218284359137
3.6698923359152436,0,0.9730218284359137
3.9470456694989573,0,0.9730218284359137
4.248634236726099,0,0.9730218284359137
4.581694557677704,0,0.9730218284359137
4.976846787769825,0,0.9730218284359137
5.425679501650486,0,0.9730218284359137
5.892389857343731,0,0.9730218284359137
6.34485133156178,0,0.9730218284359137
6.772159478038531,0,0.9730218284359137
7.147492740281017,0,0.9730218284359137
7.421221956876382,0,0.9730218284359137
7.610122231207231,0,0.9730218284359137
7.7697276531753525,0,0.9730218284359137
7.887477728153101,0,0.9730218284359137
7.9228394345003235,0,0.9730218284359137
7.868124319223415,1,0.9732035163990145
7.732803222755579,0,0.9732035163990145
7.543218591130528,0,0.9732035163990145
7.3208927481981805,0,0.9732035163990145
7.05953634905619,0,0.9732035163990145
6.748827968281836,0,0.9732035163990145
6.397960326364411,0,0.9732035163990145
6.02453274356086,0,0.9732035163990145
5.635589129709871,0,0.9732035163990145
5.254788923369074,0,0.9732035163990145
4.924368077973716,0,0.9732035163990145
4.650789724540628,0,0.9732035163990145
4.4001052871987545,0,0.9732035163990145
4.121236254859487,0,0.9732035163990145
3.7640903288485514,0,0.9732035163990145
3.3184332478994163,0,0.9732035163990145
2.801631940784071,0,0.9732035163990145
2.2151211321164204,0,0.9732035163990145
1.5183237291347371,0,0.9732035163990145
0.6416620510395963,0,0.9732035163990145
-0.4321369616080468,0,0.9732035163990145
-1.6696524081006399,0,0.9732035163990145
-3.0693308465328304,0,0.9732035163990145
-4.649466314312567,0,0.9732035163990145
-6.38378175353826,0,0.9732035163990145
-8.205231091199646,0,0.9732035163990145
-10.05832870815812,0,0.9732035163990145
-11.909559673896114,0,0.9732035163990145
-13.709648104784252,0,0.9732035163990145
-15.346628131993466,0,0.9732035163990145
-16.67059505548762,0,0.9732035163990145
-17.587357572151458,0,0.9732035163990145
-18.07027141390419,0,0.9732035163990145
-18.094963012253835,0,0.9732035163990145
-17.627555534690696,0,0.9732035163990145
-16.66827929938973,0,0.9732035163990145
-15.27457639049441,0,0.9732035163990145
-13.538235569455976,0,0.9732035163990145
-11.538603233102974,0,0.9732035163990145
-9.358325978450289,0,0.9732035163990145
-7.1198688046967575,0,0.9732035163990145
-4.938906292838813,0,0.9732035163990145
-2.8917216604892118,0,0.9732035163990145
-1.0358156695370897,0,0.9732035163990145
0.5815823725408314,0,0.9732035163990145
1.9391584630368248,0,0.9732035163990145
3.0413411342842664,0,0.9732035163990145
3.8800232453466497,0,0.9732035163990145
4.4500685013013905,0,0.9732035163990145
4.796697205634307,0,0.9732035163990145
4.963252930711494,0,0.9732035163990145
4.959081237237978,0,0.9732035163990145
4.804761572696931,0,0.9732035163990145
4.549048650755752,0,0.9732035163990145
4.2773607784531125,0,0.9732035163990145
4.0581537145940745,0,0.9732035163990145
3.8815976124444806,0,0.9732035163990145
3.7119539729614903,0,0.9732035163990145
3.547888892937913,0,0.9732035163990145
3.4069868874066955,0,0.9732035163990145
3.2932682684038865,0,0.9732035163990145
3.2227954262497414,0,0.9732035163990145
3.2337668719552735,0,0.9732035163990145
3.342594747042528,0,0.9732035163990145
3.5577158406981995,0,0.9732035163990145
3.895144071496726,0,0.9732035163990145
4.337410679911727,0,0.9732035163990145
4.83262104935146,0,0.9732035163990145
5.320150370315232,0,0.9732035163990145
5.7477701914207975,0,0.9732035163990145
6.113687990856835,0,0.9732035163990145
6.458916388255326,0,0.9732035163990145
6.800728920688826,0,0.9732035163990145
7.128219404886618,0,0.9732035163990145
7.417920815021755,0,0.9732035163990145
7.637638996474036,0,0.9732035163990145
7.7612602423013035,0,0.9732035163990145
7.772299465725017,0,0.9732035163990145
7.683109115215174,1,0.973525650342283
7.539615889989667,0,0.973525650342283
7.387363366634274,0,0.973525650342283
7.235042136795316,0,0.973525650342283
7.0429069315535235,0,0.973525650342283
6.759999066084006,0,0.973525650342283
6.3796480481055955,0,0.973525650342283
5.925077296711832,0,0.973525650342283
5.420207683774669,0,0.973525650342283
4.899007668958695,0,0.973525650342283
4.3936585233062475,0,0.973525650342283
3.931324896923693,0,0.973525650342283
3.521320459426872,0,0.973525650342283
3.1309478562176634,0,0.973525650342283
2.707242589465458,0,0.973525650342283
2.2154690649038544,0,0.973525650342283
1.657000099882905,0,0.973525650342283
1.0444491598764354,0,0.973525650342283
0.3590904167646015,0,0.973525650342283
-0.43488365938258566,0,0.973525650342283
-1.3466148957388222,0,0.973525650342283
-2.3950912997142857,0,0.973525650342283
-3.6283915612123048,0,0.973525650342283
-5.041300914454629,0,0.973525650342283
-6.573663065158238,0,0.973525650342283
-8.203050711614651,0,0.973525650342283
-9.94237161534132,0,0.973525650342283
-11.753111169286575,0,0.973525650342283
-13.528614471172679,0,0.973525650342283
-15.154110472890181,0,0.973525650342283
-16.551616227699956,0,0.973525650342283
-17.65646793011696,0,0.973525650342283
-18.381720699534704,0,0.973525650342283
-18.64685861664849,0,0.973525650342283
-18.423133381850228,0,0.973525650342283
-17.71863947383638,0,0.973525650342283
-16.542265474762843,0,0.973525650342283
-14.920968355817019,0,0.973525650342283
-12.919687578803268,0,0.973525650342283
-10.656115455263635,0,0.973525650342283
-8.278176185585073,0,0.973525650342283
-5.910924481787141,0,0.973525650342283
-3.6711693202805478,0,0.973525650342283
-1.6589712202395668,0,0.973525650342283
0.07534915311320683,0,0.973525650342283
1.5223516131008172,0,0.973525650342283
2.6913792738075157,0,0.973525650342283
3.593028773893903,0,0.973525650342283
4.243767869823264,0,0.973525650342283
4.657626130099405,0,0.973525650342283
4.854139638897491,0,0.973525650342283
4.865508917565961,0,0.973525650342283
4.712315177577052,0,0.973525650342283
4.427223956204572,0,0.973525650342283
4.053590306084652,0,0.973525650342283
3.6168214564186436,0,0.973525650342283
3.1558719243967177,0,0.973525650342283
2.7295317259541387,0,0.973525650342283
2.4120065482720774,0,0.973525650342283
2.2931372061665725,0,0.973525650342283
2.412836488853147,0,0.973525650342283
2.7178536509136055,0,0.973525650342283
3.1214156574535186,0,0.973525650342283
3.568019910237968,0,0.973525650342283
4.021790219750699,0,0.973525650342283
4.478783761521685,0,0.973525650342283
4.976987217501514,0,0.973525650342283
5.519235083412086,0,0.973525650342283
6.047837996050711,0,0.973525650342283
6.496377698977201,0,0.973525650342283
6.842790864591952,0,0.973525650342283
7.121880961978693,0,0.973525650342283
7.357286891898665,0,0.973525650342283
7.534269750835936,0,0.973525650342283
7.653238656763019,0,0.973525650342283
7.727921358160332,0,0.973525650342283
7.757346402944238,0,0.973525650342283
7.730315108940564,1,0.9738041155357261
7.639173066787841,0,0.9738041155357261
7.507645987444136,0,0.9738041155357261
7.355854942581716,0,0.9738041155357261
7.141687595554804,0,0.9738041155357261
6.825566302661699,0,0.9738041155357261
6.440518137280952,0,0.9738041155357261
6.039150066477784,0,0.9738041155357261
5.64114345426462,0,0.9738041155357261
5.258607921757609,0,0.9738041155357261
4.908659555529034,0,0.9738041155357261
4.600523938891429,0,0.9738041155357261
4.327938577285495,0,0.9738041155357261
4.064737400009721,0,0.9738041155357261
3.8065356750496937,0,0.9738041155357261
3.5772616623677194,0,0.9738041155357261
3.3604739626158255,0,0.9738041155357261
3.0981217724496584,0,0.9738041155357261
2.765321577095432,0,0.9738041155357261
2.3862324993398802,0,0.9738041155357261
1.9766642481849523,0,0.9738041155357261
1.5079239357617462,0,0.9738041155357261
0.9473804590922592,0,0.9738041155357261
0.28535391781392616,0,0.9738041155357261
-0.504214308735292,0,0.9738041155357261
-1.4625971738743506,0,0.9738041155357261
-2.6337818522619,0,0.9738041155357261
-4.032498268045975,0,0.9738041155357261
-5.600307483875659,0,0.9738041155357261
-7.2663810038838275,0,0.9738041155357261
-8.995821612562231,0,0.9738041155357261
-10.775263018994137,0,0.9738041155357261
-12.565960237423765,0,0.9738041155357261
-14.266469509633003,0,0.9738041155357261
-15.776910943928556,0,0.9738041155357261
-17.034946215516026,0,0.9738041155357261
-17.97627299313917,0,0.9738041155357261
-18.52253102242279,0,0.9738041155357261
-18.611709804072603,0,0.9738041155357261
-18.220173904387558,0,0.9738041155357261
-17.344639826012013,0,0.9738041155357261
-16.01006643461923,0,0.9738041155357261
-14.297567975256111,0,0.9738041155357261
-12.313591187173133,0,0.9738041155357261
-10.157803149520396,0,0.9738041155357261
-7.924738265899375,0,0.9738041155357261
-5.693387433358188,0,0.9738041155357261
-3.5506483018143857,0,0.9738041155357261
-1.6084424210468522,0,0.9738041155357261
0.049402423839344234,0,0.9738041155357261
1.4103455016936586,0,0.9738041155357261
2.5152314802154074,0,0.9738041155357261
3.400839569979519,0,0.9738041155357261
4.068072809408488,0,0.9738041155357261
4.506714752321529,0,0.9738041155357261
4.721182838642879,0,0.9738041155357261
4.7435167878070015,0,0.9738041155357261
4.634244238369589,0,0.9738041155357261
4.445636819388859,0,0.9738041155357261
4.199985417932924,0,0.9738041155357261
3.9073703904319097,0,0.9738041155357261
3.6089406374143826,0,0.9738041155357261
3.3884265384650365,0,0.9738041155357261
3.295361922538542,0,0.9738041155357261
3.3044936079747833,0,0.9738041155357261
3.3731840123462833,0,0.9738041155357261
3.4963069157486935,0,0.9738041155357261
3.6906787878267355,0,0.9738041155357261
3.974951498875448,0,0.9738041155357261
4.37907149007829,0,0.9738041155357261
4.908865025179275,0,0.9738041155357261
5.5115422712016935,0,0.9738041155357261
6.0990332733122905,0,0.9738041155357261
6.598144509092374,0,0.9738041155357261
6.982038748488049,0,0.9738041155357261
7.2578905041554105,0,0.9738041155357261
7.441928041955208,0,0.9738041155357261
7.557714727123608,0,0.9738041155357261
7.634202132223827,0,0.9738041155357261
7.673023414514628,0,0.9738041155357261
7.660451773820918,1,0.9741278153062327
7.594225721820092,0,0.9741278153062327
7.477255607018935,0,0.9741278153062327
7.33863487062757,0,0.9741278153062327
7.202665007571887,0,0.9741278153062327
7.058132504895378,0,0.9741278153062327
6.901508628276326,0,0.9741278153062327
6.735703563760273,0,0.9741278153062327
6.555470136025182,0,0.9741278153062327
6.34384436184255,0,0.9741278153062327
6.058463702626175,0,0.9741278153062327
5.695579908009711,0,0.9741278153062327
5.31935704052689,0,0.9741278153062327
4.958545408178213,0,0.9741278153062327
4.593240612360913,0,0.9741278153062327
4.233231799154729,0,0.9741278153062327
3.8978611119166753,0,0.9741278153062327
3.5760073588252865,0,0.9741278153062327
3.2350972890068403,0,0.9741278153062327
2.8605739880519554,0,0.9741278153062327
2.501359963819783,0,0.9741278153062327
2.193070549588348,0,0.9741278153062327
1.8887640793063842,0,0.9741278153062327
1.5580521670332474,0,0.9741278153062327
1.2188514651971945,0,0.9741278153062327
0.8723383575061484,0,0.9741278153062327
0.4900110281654112,0,0.9741278153062327
0.008468533701174216,0,0.9741278153062327
-0.6367965504174284,0,0.9741278153062327
-1.4648054820407648,0,0.9741278153062327
-2.480134958301775,0,0.9741278153062327
-3.6952527863333646,0,0.9741278153062327
-5.098102147788004,0,0.9741278153062327
-6.6490785342764385,0,0.9741278153062327
-8.314074470369054,0,0.9741278153062327
-10.07078467037066,0,0.9741278153062327
-11.87947006978966,0,0.9741278153062327
-13.662149528386923,0,0.9741278153062327
-15.323935767396287,0,0.9741278153062327
-16.76893787519594,0,0.9741278153062327
-17.90093517229256,0,0.9741278153062327
-18.6409471651702,0,0.9741278153062327
-18.94325401822731,0,0.9741278153062327
-18.815137840490596,0,0.9741278153062327
-18.283645494009885,0,0.9741278153062327
-17.336437378459625,0,0.9741278153062327
-15.96351802337158,0,0.9741278153062327
-14.217837330541506,0,0.9741278153062327
-12.201416184561548,0,0.9741278153062327
-10.021843197088863,0,0.9741278153062327
-7.764197700023526,0,0.9741278153062327
-5.516387946473742,0,0.9741278153062327
-3.393414202484123,0,0.9741278153062327
-1.4986533148320094,0,0.9741278153062327
0.1181633903054913,0,0.9741278153062327
1.4702028980609887,0,0.9741278153062327
2.5744368814725003,0,0.9741278153062327
3.4083361831995482,0,0.9741278153062327
3.965945766261244,0,0.9741278153062327
4.277900492361162,0,0.9741278153062327
4.404458526606409,0,0.9741278153062327
4.413134154009613,0,0.9741278153062327
4.322691152888512,0,0.9741278153062327
4.144120398735978,0,0.9741278153062327
3.929234081469626,0,0.9741278153062327
3.7315945299903257,0,0.9741278153062327
3.5877300275491564,0,0.9741278153062327
3.5126336666898252,0,0.9741278153062327
3.4900431662685865,0,0.9741278153062327
3.5067028220124326,0,0.9741278153062327
3.582413859343451,0,0.9741278153062327
3.729424220580249,0,0.9741278153062327
3.9233875304929944,0,0.9741278153062327
4.143405334584971,0,0.9741278153062327
4.398701980330947,0,0.9741278153062327
4.715058904732848,0,0.9741278153062327
5.110235103743207,0,0.9741278153062327
5.569088853636855,0,0.9741278153062327
6.033571230547606,0,0.9741278153062327
6.442368494357062,0,0.9741278153062327
6.777677302393457,0,0.9741278153062327
7.037769156287245,0,0.9741278153062327
7.20824091488503,0,0.9741278153062327
7.291584422120061,0,0.9741278153062327
7.313538078460723,0,0.9741278153062327
7.288042605406983,1,0.9742689322679488
7.211005579420946,0,0.9742689322679488
7.077882202247499,0,0.9742689322679488
6.891612748045392,0,0.9742689322679488
6.677222105820882,0,0.9742689322679488
6.490171846369988,0,0.9742689322679488
6.368592913275514,0,0.9742689322679488
6.266847847106803,0,0.9742689322679488
6.126478463194002,0,0.9742689322679488
5.979333994204851,0,0.9742689322679488
5.8685560463419515,0,0.9742689322679488
5.753231016221507,0,0.9742689322679488
5.569438345366666,0,0.9742689322679488
5.31274627109438,0,0.9742689322679488
5.004712741860227,0,0.9742689322679488
4.645644486916149,0,0.9742689322679488
4.2266171734696485,0,0.9742689322679488
3.745823342223582,0,0.9742689322679488
3.2245883386288767,0,0.9742689322679488
2.7210676793415427,0,0.9742689322679488
2.288584292253139,0,0.9742689322679488
1.9106720750576422,0,0.9742689322679488
1.5253912132289986,0,0.9742689322679488
1.064266014051794,0,0.9742689322679488
0.4660587212539845,0,0.9742689322679488
-0.28759632615831143,0,0.9742689322679488
-1.1868527638702144,0,0.9742689322679488
-2.2457114604692427,0,0.9742689322679488
-3.484471181538938,0,0.9742689322679488
-4.8621047879052455,0,0.9742689322679488
-6.31557753522466,0,0.9742689322679488
-7.846145441877877,0,0.9742689322679488
-9.478951419320923,0,0.9742689322679488
-11.198208248606752,0,0.9742689322679488
-12.941824088411952,0,0.9742689322679488
-14.606676232616161,0,0.9742689322679488
-16.079799649890003,0,0.9742689322679488
-17.260155002848894,0,0.9742689322679488
-18.052449027902597,0,0.9742689322679488
-18.384933854568867,0,0.9742689322679488
-18.212555342026295,0,0.9742689322679488
-17.525749628275324,0,0.9742689322679488
-16.383675759803932,0,0.9742689322679488
-14.873814822528518,0,0.9742689322679488
-13.061006461339938,0,0.9742689322679488
-10.997341673712386,0,0.9742689322679488
-8.757356448754722,0,0.9742689322679488
-6.461404135593615,0,0.9742689322679488
-4.2439213086377165,0,0.9742689322679488
-2.196240711046318,0,0.9742689322679488
-0.3524364681818942,0,0.9742689322679488
1.2511790329907186,0,0.9742689322679488
2.5671786816210287,0,0.9742689322679488
3.5865610929401934,0,0.9742689322679488
4.321275002698095,0,0.9742689322679488
4.804763923328319,0,0.9742689322679488
5.097322897950785,0,0.9742689322679488
5.232856425536547,0,0.9742689322679488
5.2190239520731545,0,0.9742689322679488
5.08083717945797,0,0.9742689322679488
4.863355969973636,0,0.9742689322679488
4.628614422341718,0,0.9742689322679488
4.444048244025071,0,0.9742689322679488
4.32173884124008,0,0.9742689322679488
4.226023189145983,0,0.9742689322679488
4.157064252887017,0,0.9742689322679488
4.148022752524818,0,0.9742689322679488
4.200814436549613,0,0.9742689322679488
4.276894258602597,0,0.9742689322679488
4.369479921317064,0,0.9742689322679488
4.531330447518817,0,0.9742689322679488
4.7924695127090216,0,0.9742689322679488
5.131513627758578,0,0.9742689322679488
5.515902863584202,0,0.9742689322679488
5.915291761816447,0,0.9742689322679488
6.305096111535245,0,0.9742689322679488
6.651006639808934,0,0.9742689322679488
6.915257306829413,0,0.9742689322679488
7.101169159013217,0,0.9742689322679488
7.244181757174786,0,0.9742689322679488
7.378940331834204,0,0.9742689322679488
7.522188898790983,0,0.9742689322679488
7.656413877774915,0,0.9742689322679488
7.753331922881002,0,0.9742689322679488
7.793198012428951,0,0.9742689322679488
7.7472325744303205,1,0.9744130159666351
7.594663245424431,0,0.9744130159666351
7.329666917447771,0,0.9744130159666351
6.959513617275447,0,0.9744130159666351
6.5377929081379245,0,0.9744130159666351
6.1122080415485165,0,0.9744130159666351
5.672018780870505,0,0.9744130159666351
5.201135971258577,0,0.9744130159666351
4.719003764131304,0,0.9744130159666351
4.272101141888751,0,0.9744130159666351
3.8864978307897684,0,0.9744130159666351
3.54955796912665,0,0.9744130159666351
3.2409938380643677,0,0.9744130159666351
2.9430571823558513,0,0.9744130159666351
2.64887480462016,0,0.9744130159666351
2.363655188784949,0,0.9744130159666351
2.0946252679695867,0,0.9744130159666351
1.8520297380796298,0,0.9744130159666351
1.6428466136436681,0,0.9744130159666351
1.463418834899229,0,0.9744130159666351
1.2939748641184563,0,0.9744130159666351
1.0949435257674505,0,0.9744130159666351
0.8458662392007541,0,0.9744130159666351
0.5689512753588581,0,0.9744130159666351
0.25673967984061935,0,0.9744130159666351
-0.14016134611285216,0,0.9744130159666351
-0.6442870715208656,0,0.9744130159666351
-1.264059548600162,0,0.9744130159666351
-2.021792380359468,0,0.9744130159666351
-2.94234034868204,0,0.9744130159666351
-4.063431719558541,0,0.9744130159666351
-5.433385301102124,0,0.9744130159666351
-7.054502680709589,0,0.9744130159666351
-8.837588635987679,0,0.9744130159666351
-10.653499993119757,0,0.9744130159666351
-12.428804898304737,0,0.9744130159666351
-14.137841452342673,0,0.9744130159666351
-15.71915858685537,0,0.9744130159666351
-17.070311339716188,0,0.9744130159666351
-18.10143100194211,0,0.9744130159666351
-18.731415856492134,0,0.9744130159666351
-18.87939284470493,0,0.9744130159666351
-18.52771548923777,0,0.9744130159666351
-17.735175070388568,0,0.9744130159666351
-16.561195481445015,0,0.9744130159666351
-15.026225956209142,0,0.9744130159666351
-13.159999532811153,0,0.9744130159666351
-11.060017219708588,0,0.9744130159666351
-8.848020811124655,0,0.9744130159666351
-6.599750141533064,0,0.9744130159666351
-4.386553193411514,0,0.9744130159666351
-2.3177908852292908,0,0.9744130159666351
-0.48356227041433947,0,0.9744130159666351
1.0727811375561043,0,0.9744130159666351
2.3497121588906698,0,0.9744130159666351
3.3869013838909163,0,0.9744130159666351
4.193226274937931,0,0.9744130159666351
4.735190993334617,0,0.9744130159666351
5.018557263711512,0,0.9744130159666351
5.0874504460440875,0,0.9744130159666351
4.986691520099216,0,0.9744130159666351
4.7560541559695215,0,0.9744130159666351
4.440141704046916,0,0.9744130159666351
4.102300965567127,0,0.9744130159666351
3.796088169499884,0,0.9744130159666351
3.551951212959637,0,0.9744130159666351
3.3999126549127,0,0.9744130159666351
3.345149356379602,0,0.9744130159666351
3.3459514691371535,0,0.9744130159666351
3.361439281284734,0,0.9744130159666351
3.3935100502760442,0,0.9744130159666351
3.508143316455846,0,0.9744130159666351
3.795152206707479,0,0.9744130159666351
4.255692280247018,0,0.9744130159666351
4.812911145346896,0,0.9744130159666351
5.391163727228361,0,0.9744130159666351
5.931510356446045,0,0.9744130159666351
6.40829061772449,0,0.9744130159666351
6.822067683409576,0,0.9744130159666351
7.1676027829891495,0,0.9744130159666351
7.432351852353259,0,0.9744130159666351
7.6096877260319085,0,0.9744130159666351
7.705358473753958,0,0.9744130159666351
7.734855026989397,0,0.9744130159666351
7.718646876768969,1,0.97461360711884
7.669804748314416,0,0.97461360711884
7.557947352717005,0,0.97461360711884
7.349448106993166,0,0.97461360711884
7.090373699980308,0,0.97461360711884
6.833424047842074,0,0.97461360711884
6.553416647673239,0,0.97461360711884
6.22833394433367,0,0.97461360711884
5.887025323367221,0,0.97461360711884
5.551244633228888,0,0.97461360711884
5.232805864535599,0,0.97461360711884
4.953792784105657,0,0.97461360711884
4.712556385692443,0,0.97461360711884
4.484791367397152,0,0.97461360711884
4.253106589625026,0,0.97461360711884
3.992912105245916,0,0.97461360711884
3.6722501325444354,0,0.97461360711884
3.2772169639963664,0,0.97461360711884
2.827662449291806,0,0.97461360711884
2.343471714269045,0,0.97461360711884
1.7979591869162903,0,0.97461360711884
1.1549693242985408,0,0.97461360711884
0.391929992047104,0,0.97461360711884
-0.520510430951406,0,0.97461360711884
-1.5934598701407492,0,0.97461360711884
-2.812613154498854,0,0.97461360711884
-4.185697035394834,0,0.97461360711884
-5.730480174562759,0,0.97461360711884
-7.410285500882012,0,0.97461360711884
-9.157653358537692,0,0.97461360711884
-10.931809867874426,0,0.97461360711884
-12.699870932335694,0,0.97461360711884
-14.381365078606041,0,0.97461360711884
-15.850968275788983,0,0.97461360711884
-17.019138080878985,0,0.97461360711884
-17.82918717188238,0,0.97461360711884
-18.183226871590907,0,0.97461360711884
-18.01063207491363,0,0.97461360711884
-17.332113956257903,0,0.97461360711884
-16.196884032088082,0,0.97461360711884
-14.687183518991402,0,0.97461360711884
-12.911167424852541,0,0.97461360711884
-10.932305188416162,0,0.97461360711884
-8.7997610388048,0,0.97461360711884
-6.600691248769968,0,0.97461360711884
-4.436050524866271,0,0.97461360711884
-2.372978623001497,0,0.97461360711884
-0.4654596146388505,0,0.97461360711884
1.194081634781239,0,0.97461360711884
2.5298982944211748,0,0.97461360711884
3.5445840407590157,0,0.97461360711884
4.27807237578446,0,0.97461360711884
4.756936734916998,0,0.97461360711884
5.012141348783014,0,0.97461360711884
5.099550226797128,0,0.97461360711884
5.046946132164142,0,0.97461360711884
4.8586941825023,0,0.97461360711884
4.58908369026966,0,0.97461360711884
4.308562113327552,0,0.97461360711884
4.035934743266567,0,0.97461360711884
3.7801745700519334,0,0.97461360711884
3.5953763630064253,0,0.97461360711884
3.5255662581590053,0,0.97461360711884
3.5559908628328563,0,0.97461360711884
3.656539166702453,0,0.97461360711884
3.8056400409452764,0,0.97461360711884
4.004370359688391,0,0.97461360711884
4.282559786989336,0,0.97461360711884
4.640824051649101,0,0.97461360711884
5.04084383622008,0,0.97461360711884
5.452818164150927,0,0.97461360711884
5.864154636674452,0,0.97461360711884
6.2682655374568945,0,0.97461360711884
6.649536835171689,0,0.97461360711884
6.993207891270579,0,0.97461360711884
7.28662570385649,0,0.97461360711884
7.506640473566728,0,0.97461360711884
7.652106011035524,0,0.97461360711884
7.7409540662309,0,0.97461360711884
7.769747086140199,0,0.97461360711884
7.714181312773333,1,0.9748989977750031
7.589371606153698,0,0.9748989977750031
7.441620162158144,0,0.9748989977750031
7.261095856377488,0,0.9748989977750031
7.03173619299318,0,0.9748989977750031
6.769794058256327,0,0.9748989977750031
6.467729357204148,0,0.9748989977750031
6.121277813378508,0,0.9748989977750031
5.750663683830495,0,0.9748989977750031
5.359032941102912,0,0.9748989977750031
4.945216715862231,0,0.9748989977750031
4.556852322059554,0,0.9748989977750031
4.251117146983937,0,0.9748989977750031
4.024169251082729,0,0.9748989977750031
3.829477895503204,0,0.9748989977750031
3.616483575463348,0,0.9748989977750031
3.353546235729937,0,0.9748989977750031
3.0616668245943544,0,0.9748989977750031
2.7610303212899305,0,0.9748989977750031
2.4173691068891205,0,0.9748989977750031
1.9946376919710493,0,0.9748989977750031
1.4558152552960941,0,0.9748989977750031
0.7523944496001163,0,0.9748989977750031
-0.1434392435188001,0,0.9748989977750031
-1.2331261308727781,0,0.9748989977750031
-2.512095564667395,0,0.9748989977750031
-3.9796614624335827,0,0.9748989977750031
-5.62625585269791,0,0.9748989977750031
-7.446139024427644,0,0.9748989977750031
-9.402437494370817,0,0.9748989977750031
-11.385132993353217,0,0.9748989977750031
-13.285577485503138,0,0.9748989977750031
-15.04081091786461,0,0.9748989977750031
-16.596993264753905,0,0.9748989977750031
-17.886329603050715,0,0.9748989977750031
-18.830372345782205,0,0.9748989977750031
-19.3678795459186,0,0.9748989977750031
-19.4433874160044,0,0.9748989977750031
-18.99723369069019,0,0.9748989977750031
-18.016705020726164,0,0.9748989977750031
-16.55603766192354,0,0.9748989977750031
-14.696884523669214,0,0.9748989977750031
-12.523918338661046,0,0.9748989977750031
-10.168278170759862,0,0.9748989977750031
-7.804429286216336,0,0.9748989977750031
-5.559329218203935,0,0.9748989977750031
-3.4835468011271713,0,0.9748989977750031
-1.59406031178287,0,0.9748989977750031
0.08958064859518389,0,0.9748989977750031
1.5446505373935668,0,0.9748989977750031
2.7480763646144015,0,0.9748989977750031
3.6693814849177087,0,0.9748989977750031
4.315244444007727,0,0.9748989977750031
4.74578942075004,0,0.9748989977750031
5.002982138604247,0,0.9748989977750031
5.087687813438379,0,0.9748989977750031
5.0227793270709045,0,0.9748989977750031
4.865117454171473,0,0.9748989977750031
4.646902070000582,0,0.9748989977750031
4.381364351835145,0,0.9748989977750031
4.1098881382652985,0,0.9748989977750031
3.891790561355665,0,0.9748989977750031
3.7733909349437194,0,0.9748989977750031
3.7643827953098676,0,0.9748989977750031
3.836540419565603,0,0.9748989977750031
3.9882615310448615,0,0.9748989977750031
4.2516943578230055,0,0.9748989977750031
4.6066259820272775,0,0.9748989977750031
4.992765690699351,0,0.9748989977750031
5.360032108550333,0,0.9748989977750031
5.679325303167009,0,0.9748989977750031
5.976818151947945,0,0.9748989977750031
6.291099627791586,0,0.9748989977750031
6.60767357503466,0,0.9748989977750031
6.890277241767895,0,0.9748989977750031
7.117521600332275,0,0.9748989977750031
7.275847141504707,0,0.9748989977750031
7.354229534445796,0,0.9748989977750031
7.373561256572234,0,0.9748989977750031
7.3807204482581135,0,0.9748989977750031
7.37277485673657,1,0.9751749749416403
7.299896983958951,0,0.9751749749416403
7.1514649781144355,0,0.9751749749416403
6.966103593092657,0,0.9751749749416403
6.77607867267473,0,0.9751749749416403
6.574156865038095,0,0.9751749749416403
6.34863979976962,0,0.9751749749416403
6.129209071633851,0,0.9751749749416403
5.938024328538923,0,0.9751749749416403
5.742683364685707,0,0.9751749749416403
5.516739599312698,0,0.9751749749416403
5.275908936230479,0,0.9751749749416403
5.013102448854628,0,0.9751749749416403
4.700320228667209,0,0.9751749749416403
4.366451711317065,0,0.9751749749416403
4.0484588745045995,0,0.9751749749416403
3.7338650316685014,0,0.9751749749416403
3.4229566475239697,0,0.9751749749416403
3.1230299471075336,0,0.9751749749416403
2.820294188002964,0,0.9751749749416403
2.5023938897950755,0,0.9751749749416403
2.130383228159259,0,0.9751749749416403
1.6590176839752222,0,0.9751749749416403
1.0786035625378327,0,0.9751749749416403
0.36513926767003835,0,0.9751749749416403
-0.502241153016877,0,0.9751749749416403
-1.4992126896887132,0,0.9751749749416403
-2.625089039143754,0,0.9751749749416403
-3.9117887766420885,0,0.9751749749416403
-5.367096346548844,0,0.9751749749416403
-6.978032668094129,0,0.9751749749416403
-8.70642555442022,0,0.9751749749416403
-10.484939689169165,0,0.9751749749416403
-12.256478067120105,0,0.9751749749416403
-13.972316158292951,0,0.9751749749416403
-15.568424817595904,0,0.9751749749416403
-16.97077387826035,0,0.9751749749416403
-18.097578868203396,0,0.9751749749416403
-18.853886152865368,0,0.9751749749416403
-19.140562582612283,0,0.9751749749416403
-18.911553132617517,0,0.9751749749416403
-18.203795126054416,0,0.9751749749416403
-17.07357639603477,0,0.9751749749416403
-15.554083213682102,0,0.9751749749416403
-13.682186894968858,0,0.9751749749416403
-11.535673862540456,0,0.9751749749416403
-9.236130848871104,0,0.9751749749416403
-6.92389067239939,0,0.9751749749416403
-4.729089668062181,0,0.9751749749416403
-2.7253927644713514,0,0.9751749749416403
-0.9166850385171751,0,0.9751749749416403
0.6939536310926511,0,0.9751749749416403
2.052333930145428,0,0.9751749749416403
3.116811730121442,0,0.9751749749416403
3.9062358571967764,0,0.9751749749416403
4.466376619926308,0,0.9751749749416403
4.848868933651341,0,0.9751749749416403
5.081330555375717,0,0.9751749749416403
5.155632866789685,0,0.9751749749416403
5.071810612521516,0,0.9751749749416403
4.860447836318441,0,0.9751749749416403
4.557156575683297,0,0.9751749749416403
4.198291274323794,0,0.9751749749416403
3.8538050919512203,0,0.9751749749416403
3.600219465619732,0,0.9751749749416403
3.4693588336023673,0,0.9751749749416403
3.4645251370885055,0,0.9751749749416403
3.560486321940872,0,0.9751749749416403
3.6999170426379173,0,0.9751749749416403
3.869783250690735,0,0.9751749749416403
4.099559896338501,0,0.9751749749416403
4.3770021703283835,0,0.9751749749416403
4.689728950770359,0,0.9751749749416403
5.0536292822394655,0,0.9751749749416403
5.462511313584849,0,0.9751749749416403
5.896997100965991,0,0.9751749749416403
6.320372526798916,0,0.9751749749416403
6.696005367792068,0,0.9751749749416403
7.036430845656286,0,0.9751749749416403
7.345257208541243,0,0.9751749749416403
7.571080257182042,0,0.9751749749416403
7.692370308476694,0,0.9751749749416403
7.753204922001891,0,0.9751749749416403
7.798282358350295,0,0.9751749749416403
7.818323306604791,0,0.9751749749416403
7.7475381281966245,1,0.9753043723955704
7.550007911451565,0,0.9753043723955704
7.256656991266022,0,0.9753043723955704
6.887619534948774,0,0.9753043723955704
6.45832881241866,0,0.9753043723955704
6.0359182825469375,0,0.9753043723955704
5.686265779135826,0,0.9753043723955704
5.402906117281829,0,0.9753043723955704
5.148993793420468,0,0.9753043723955704
4.9087137956025595,0,0.9753043723955704
4.663772079827265,0,0.9753043723955704
4.397830028310661,0,0.9753043723955704
4.093944959345843,0,0.9753043723955704
3.723154309277163,0,0.9753043723955704
3.2883956936036447,0,0.9753043723955704
2.7954450652206813,0,0.9753043723955704
2.1963767396837484,0,0.9753043723955704
1.4524282783890565,0,0.9753043723955704
0.5841364409007169,0,0.9753043723955704
-0.398124625330724,0,0.9753043723955704
-1.5208529556484744,0,0.9753043723955704
-2.784624593719707,0,0.9753043723955704
-4.191246572070251,0,0.9753043723955704
-5.771264777552515,0,0.9753043723955704
-7.502783089266387,0,0.9753043723955704
-9.307615776675636,0,0.9753043723955704
-11.10231978148863,0,0.9753043723955704
-12.803463821869633,0,0.9753043723955704
-14.330486483567224,0,0.9753043723955704
-15.594767123721597,0,0.9753043723955704
-16.511116812660998,0,0.9753043723955704
-17.023345462085942,0,0.9753043723955704
-17.08926790266467,0,0.9753043723955704
-16.672337358016787,0,0.9753043723955704
-15.766789145456807,0,0.9753043723955704
-14.437130951152477,0,0.9753043723955704
-12.800500304836476,0,0.9753043723955704
-10.941428227427265,0,0.9753043723955704
-8.911662644024268,0,0.9753043723955704
-6.798643794811696,0,0.9753043723955704
-4.703299555393602,0,0.9753043723955704
-2.723396211491364,0,0.9753043723955704
-0.9534855295368883,0,0.9753043723955704
0.5745547219304996,0,0.9753043723955704
1.855968740425185,0,0.9753043723955704
2.8614240897722496,0,0.9753043723955704
3.594501143349079,0,0.9753043723955704
4.113689212411955,0,0.9753043723955704
4.468822183784298,0,0.9753043723955704
4.6481121842885464,0,0.9753043723955704
4.641543704585209,0,0.9753043723955704
4.519799407215546,0,0.9753043723955704
4.348338210134866,0,0.9753043723955704
4.1163397793629,0,0.9753043723955704
3.823463350870105,0,0.9753043723955704
3.514530201035445,0,0.9753043723955704
3.221152973806019,0,0.9753043723955704
2.955313269188213,0,0.9753043723955704
2.7510269555811586,0,0.9753043723955704
2.6728001168193964,0,0.9753043723955704
2.7698534618497566,0,0.9753043723955704
3.0269148745362178,0,0.9753043723955704
3.385553930543548,0,0.9753043723955704
3.80988446344712,0,0.9753043723955704
4.291144231369413,0,0.9753043723955704
4.793557730774138,0,0.9753043723955704
5.237460821378977,0,0.9753043723955704
5.560949655170459,0,0.9753043723955704
5.7858937397662,0,0.9753043723955704
5.989783684036267,0,0.9753043723955704
6.209970489346514,0,0.9753043723955704
6.414855103814307,0,0.9753043723955704
6.556218020227213,0,0.9753043723955704
6.623437023717652,0,0.9753043723955704
6.668003114316407,0,0.9753043723955704
6.754625733800809,0,0.9753043723955704
6.875952603741691,0,0.9753043723955704
6.960152338286908,0,0.9753043723955704
6.968663328056794,0,0.9753043723955704
6.922579610797055,1,0.975554618539333
6.842422867156141,0,0.975554618539333
6.715856130573404,0,0.975554618539333
6.516971578004686,0,0.975554618539333
6.250067580808031,0,0.975554618539333
5.955620355225196,0,0.975554618539333
5.662160830735445,0,0.975554618539333
5.358802816880081,0,0.975554618539333
5.030439364284216,0,0.975554618539333
4.669741913925787,0,0.975554618539333
4.255398119390313,0,0.975554618539333
3.7837664452450217,0,0.975554618539333
3.2912891681634338,0,0.975554618539333
2.812391708667211,0,0.975554618539333
2.3432102042792997,0,0.975554618539333
1.856372918757889,0,0.975554618539333
1.3271164423196646,0,0.975554618539333
0.7435513036462805,0,0.975554618539333
0.10070059661752731,0,0.975554618539333
-0.601281637284952,0,0.975554618539333
-1.3763841028136665,0,0.975554618539333
-2.289554973273591,0,0.975554618539333
-3.3955277764095677,0,0.975554618539333
-4.68527073264885,0,0.975554618539333
-6.133894136037611,0,0.975554618539333
-7.714319463436517,0,0.975554618539333
-9.398717441224795,0,0.975554618539333
-11.159983134175624,0,0.975554618539333
-12.9496123663689,0,0.975554618539333
-14.694375094224538,0,0.975554618539333
-16.281077019925277,0,0.975554618539333
-17.57064589313073,0,0.975554618539333
-18.455602384993554,0,0.975554618539333
-18.89367596409782,0,0.975554618539333
-18.891287978726886,0,0.975554618539333
-18.45575144437546,0,0.975554618539333
-17.580079919006252,0,0.975554618539333
-16.27250226132127,0,0.975554618539333
-14.591151698529938,0,0.975554618539333
-12.623173130593806,0,0.975554618539333
-10.445894047013743,0,0.975554618539333
-8.128978702157644,0,0.975554618539333
-5.750326660584343,0,0.975554618539333
-3.446810400178913,0,0.975554618539333
-1.3867049891850085,0,0.975554618539333
0.3582322240425644,0,0.975554618539333
1.8091169555371311,0,0.975554618539333
2.9760238538894526,0,0.975554618539333
3.8534556837134435,0,0.975554618539333
4.474333741143295,0,0.975554618539333
4.896903657112412,0,0.975554618539333
5.1434777821963475,0,0.975554618539333
5.214476625312783,0,0.975554618539333
5.152025296328676,0,0.975554618539333
5.012808268222986,0,0.975554618539333
4.834692448922067,0,0.975554618539333
4.6462071115529,0,0.975554618539333
4.4587327115329725,0,0.975554618539333
4.268923742175578,0,0.975554618539333
4.087415327048665,0,0.975554618539333
3.969713538654391,0,0.975554618539333
3.9676586236381355,0,0.975554618539333
4.072954521266592,0,0.975554618539333
4.254229094886782,0,0.975554618539333
4.48210109717565,0,0.975554618539333
4.7201394548059765,0,0.975554618539333
4.943964569063579,0,0.975554618539333
5.16796092855931,0,0.975554618539333
5.443800873742191,0,0.975554618539333
5.800483774662003,0,0.975554618539333
6.203862278960295,0,0.975554618539333
6.607502918796518,0,0.975554618539333
6.989633580848478,0,0.975554618539333
7.332733140332868,0,0.975554618539333
7.604476103952255,0,0.975554618539333
7.764961814919005,0,0.975554618539333
7.803155196044737,0,0.975554618539333
7.756749144393464,1,0.9757441051413935
7.672009065565297,0,0.9757441051413935
7.565885583988963,0,0.9757441051413935
7.421960838132126,0,0.9757441051413935
7.209564664879321,0,0.9757441051413935
6.9240415846607455,0,0.9757441051413935
6.579436818364465,0,0.9757441051413935
6.194158824509067,0,0.9757441051413935
5.804130638793354,0,0.9757441051413935
5.422074235223051,0,0.9757441051413935
5.0256527582750055,0,0.9757441051413935
4.611470562152776,0,0.9757441051413935
4.195326604999171,0,0.9757441051413935
3.7988382885768917,0,0.9757441051413935
3.4381907390447815,0,0.9757441051413935
3.1037378485374725,0,0.9757441051413935
2.797422422817699,0,0.9757441051413935
2.5403945114339215,0,0.9757441051413935
2.341986286347554,0,0.9757441051413935
2.1923658232364787,0,0.9757441051413935
2.0781501941757425,0,0.9757441051413935
1.9900256877442686,0,0.9757441051413935
1.8813716706946793,0,0.9757441051413935
1.6955433613641084,0,0.9757441051413935
1.429315030630674,0,0.9757441051413935
1.0971911610865897,0,0.9757441051413935
0.6901482704869489,0,0.9757441051413935
0.17794020002289734,0,0.9757441051413935
-0.4905508131070162,0,0.9757441051413935
-1.3446546072147454,0,0.9757441051413935
-2.3684838554366516,0,0.9757441051413935
-3.5603610444133236,0,0.9757441051413935
-4.934827188167551,0,0.9757441051413935
-6.490046911022436,0,0.9757441051413935
-8.210312522399978,0,0.9757441051413935
-10.051842444702034,0,0.9757441051413935
-11.954446883544465,0,0.9757441051413935
-13.8376435892471,0,0.9757441051413935
-15.60326366722308,0,0.9757441051413935
-17.18208740835679,0,0.9757441051413935
-18.487896744617004,0,0.9757441051413935
-19.386516447538078,0,0.9757441051413935
-19.77252716152378,0,0.9757441051413935
-19.621250813178147,0,0.9757441051413935
-18.96474501506447,0,0.9757441051413935
-17.839600148240304,0,0.9757441051413935
-16.28764607219635,0,0.9757441051413935
-14.376592420677543,0,0.9757441051413935
-12.19806987510573,0,0.9757441051413935
-9.869848669920108,0,0.9757441051413935
-7.5302743731842705,0,0.9757441051413935
-5.296202685957653,0,0.9757441051413935
-3.2152597160156615,0,0.9757441051413935
-1.2915406598143606,0,0.9757441051413935
0.4563541009978162,0,0.9757441051413935
1.9900128680504638,0,0.9757441051413935
3.2680432076952624,0,0.9757441051413935
4.25171673742373,0,0.9757441051413935
4.919864448437877,0,0.9757441051413935
5.291495476906205,0,0.9757441051413935
5.434532657191745,0,0.9757441051413935
5.433942816895994,0,0.9757441051413935
5.338965000593848,0,0.9757441051413935
5.160573839355044,0,0.9757441051413935
4.910826078576204,0,0.9757441051413935
4.621686521688677,0,0.9757441051413935
4.346791418281586,0,0.9757441051413935
4.1403904192979155,0,0.9757441051413935
4.005054655934373,0,0.9757441051413935
3.9222739731249554,0,0.9757441051413935
3.90311575473286,0,0.9757441051413935
3.9406297079397192,0,0.9757441051413935
4.004712936705979,0,0.9757441051413935
4.0999543085943655,0,0.9757441051413935
4.268320078918275,0,0.9757441051413935
4.5116400070914215,0,0.9757441051413935
4.79171633667065,0,0.9757441051413935
5.118745106369063,0,0.9757441051413935
5.518848161002225,0,0.9757441051413935
5.962949957028498,0,0.9757441051413935
6.400449754469704,0,0.9757441051413935
6.805848243561831,0,0.9757441051413935
7.165859752560333,0,0.9757441051413935
7.457370337642967,0,0.9757441051413935
7.6496410717042655,0,0.9757441051413935
7.733148563180643,0,0.9757441051413935
7.734971404443299,0,0.9757441051413935
7.697235325884271,1,0.9757256385973277
7.637813182334056,0,0.9757256385973277
7.535450970743962,0,0.9757256385973277
7.372348595373175,0,0.9757256385973277
7.145576541483071,0,0.9757256385973277
6.845672267137369,0,0.9757256385973277
6.464226321035082,0,0.9757256385973277
6.020245992402059,0,0.9757256385973277
5.573721881376698,0,0.9757256385973277
5.163778746995345,0,0.9757256385973277
4.771099559608929,0,0.9757256385973277
4.389168452952226,0,0.9757256385973277
4.046210629226767,0,0.9757256385973277
3.763476296167787,0,0.9757256385973277
3.5339059913191684,0,0.9757256385973277
3.3077534837303486,0,0.9757256385973277
3.038485347341704,0,0.9757256385973277
2.7426401132475884,0,0.9757256385973277
2.470992042188159,0,0.9757256385973277
2.268212996043271,0,0.9757256385973277
2.1355158014174696,0,0.9757256385973277
2.0080036130403807,0,0.9757256385973277
1.8384999270030293,0,0.9757256385973277
1.6425219946665073,0,0.9757256385973277
1.4413023969627148,0,0.9757256385973277
1.2444704482348439,0,0.9757256385973277
1.0442098542567455,0,0.9757256385973277
0.8142244561625887,0,0.9757256385973277
0.5375638812030767,0,0.9757256385973277
0.18423608969794253,0,0.9757256385973277
-0.31519704621326067,0,0.9757256385973277
-1.0101061455849558,0,0.9757256385973277
-1.8824724529626848,0,0.9757256385973277
-2.9010151716162946,0,0.9757256385973277
-4.067393372123539,0,0.9757256385973277
-5.397942574079957,0,0.9757256385973277
-6.903109170453628,0,0.9757256385973277
-8.566346219020396,0,0.9757256385973277
-10.343326795408725,0,0.9757256385973277
-12.187826049409937,0,0.9757256385973277
-14.031499742434768,0,0.9757256385973277
-15.763312335520109,0,0.9757256385973277
-17.255836419394395,0,0.9757256385973277
-18.398906517073918,0,0.9757256385973277
-19.134301836724777,0,0.9757256385973277
-19.43976787431764,0,0.9757256385973277
-19.290662398091023,0,0.9757256385973277
-18.671005340102642,0,0.9757256385973277
-17.59858421790307,0,0.9757256385973277
-16.124307395775123,0,0.9757256385973277
-14.313463533303034,0,0.9757256385973277
-12.24003033188107,0,0.9757256385973277
-9.998359053273113,0,0.9757256385973277
-7.7064437800283985,0,0.9757256385973277
-5.46381922909676,0,0.9757256385973277
-3.330583704798313,0,0.9757256385973277
-1.3547910179967029,0,0.9757256385973277
0.4123975084480823,0,0.9757256385973277
1.9123113379952497,0,0.9757256385973277
3.103416821592685,0,0.9757256385973277
3.979198256136935,0,0.9757256385973277
4.566867667895008,0,0.9757256385973277
4.928492096477317,0,0.9757256385973277
5.115340369686403,0,0.9757256385973277
5.146502366610479,0,0.9757256385973277
5.060831993526893,0,0.9757256385973277
4.915502854377914,0,0.9757256385973277
4.729415443584328,0,0.9757256385973277
4.505250492132678,0,0.9757256385973277
4.288203334715072,0,0.9757256385973277
4.121158100140078,0,0.9757256385973277
4.020321693054261,0,0.9757256385973277
4.004584886353572,0,0.9757256385973277
4.050589704077966,0,0.9757256385973277
4.124924579989904,0,0.9757256385973277
4.247838188978665,0,0.9757256385973277
4.430929469504689,0,0.9757256385973277
4.647623569249648,0,0.9757256385973277
4.891632929098761,0,0.9757256385973277
5.18814669288947,0,0.9757256385973277
5.534151501803039,0,0.9757256385973277
5.882335471098909,0,0.9757256385973277
6.207847251162004,0,0.9757256385973277
6.530226749485224,0,0.9757256385973277
6.856935910828564,0,0.9757256385973277
7.166429334049734,0,0.9757256385973277
7.4370116536945154,0,0.9757256385973277
7.657129393333041,0,0.9757256385973277
7.826768890796195,0,0.9757256385973277
7.94987000500705,0,0.9757256385973277
8.003638836444171,0,0.9757256385973277
7.9609398797254745,1,0.9753391822970781
7.8303015301211625,0,0.9753391822970781
7.624641318885901,0,0.9753391822970781
7.36357650037866,0,0.9753391822970781
7.068906737012894,0,0.9753391822970781
6.726285753688832,0,0.9753391822970781
6.356024567842213,0,0.9753391822970781
6.0232330664106595,0,0.9753391822970781
5.742204641315642,0,0.9753391822970781
5.459549997721389,0,0.9753391822970781
5.126433217632609,0,0.9753391822970781
4.785262408008348,0,0.9753391822970781
4.499883490719924,0,0.9753391822970781
4.242364357103857,0,0.9753391822970781
3.95069042985451,0,0.9753391822970781
3.6199616093273215,0,0.9753391822970781
3.2763132772060564,0,0.9753391822970781
2.9235285731778307,0,0.9753391822970781
2.559548140445026,0,0.9753391822970781
2.178439739198911,0,0.9753391822970781
1.7547142844718495,0,0.9753391822970781
1.2648790830202805,0,0.9753391822970781
0.7029089682590979,0,0.9753391822970781
0.05165665598291325,0,0.9753391822970781
-0.7251232045517007,0,0.9753391822970781
-1.6454381461717276,0,0.9753391822970781
-2.719033960465729,0,0.9753391822970781
-3.973191986796211,0,0.9753391822970781
-5.437167565481157,0,0.9753391822970781
-7.105415400030463,0,0.9753391822970781
-8.92461242503,0,0.9753391822970781
-10.819226267601595,0,0.9753391822970781
-12.696872010084018,0,0.9753391822970781
-14.462384530574214,0,0.9753391822970781
-16.02991849142869,0,0.9753391822970781
-17.320372830925837,0,0.9753391822970781
-18.28206283619789,0,0.9753391822970781
-18.8568889218467,0,0.9753391822970781
-18.960116589738764,0,0.9753391822970781
-18.542169332150777,0,0.9753391822970781
-17.610085754666436,0,0.9753391822970781
-16.226855686759478,0,0.9753391822970781
-14.508889312747751,0,0.9753391822970781
-12.547341669431711,0,0.9753391822970781
-10.383048928403664,0,0.9753391822970781
-8.093147124600295,0,0.9753391822970781
-5.815253746471281,0,0.9753391822970781
-3.675726411209918,0,0.9753391822970781
-1.7327454208080444,0,0.9753391822970781
-0.004157192208294476,0,0.9753391822970781
1.479939173638521,0,0.9753391822970781
2.6813168144651636,0,0.9753391822970781
3.580446856476829,0,0.9753391822970781
4.1920947160683175,0,0.9753391822970781
4.557612339066127,0,0.9753391822970781
4.728767240989037,0,0.9753391822970781
4.7634831666561395,0,0.9753391822970781
4.6989553919249545,0,0.9753391822970781
4.5394931865804065,0,0.9753391822970781
4.283094106047911,0,0.9753391822970781
3.960329364679817,0,0.9753391822970781
3.6444921248776723,0,0.9753391822970781
3.386654571920851,0,0.9753391822970781
3.188894561332769,0,0.9753391822970781
3.0448123905264426,0,0.9753391822970781
2.954652330969664,0,0.9753391822970781
2.9398703031572304,0,0.9753391822970781
3.034271937528959,0,0.9753391822970781
3.2495251977991293,0,0.9753391822970781
3.5911993537704525,0,0.9753391822970781
4.043616823471192,0,0.9753391822970781
4.541528471831482,0,0.9753391822970781
5.045879569541814,0,0.9753391822970781
5.560588906461277,0,0.9753391822970781
6.077576717431421,0,0.9753391822970781
6.5821119964170265,0,0.9753391822970781
7.048587823164506,0,0.9753391822970781
7.453412020537261,0,0.9753391822970781
7.797603862035189,0,0.9753391822970781
8.068181877337933,0,0.9753391822970781
8.233164181064105,0,0.9753391822970781
8.279743924006864,0,0.9753391822970781
8.202841696481796,1,0.9755684259626265
8.016142310396567,0,0.9755684259626265
7.776440197806588,0,0.9755684259626265
7.5255627370515565,0,0.9755684259626265
7.263096995003144,0,0.9755684259626265
6.960705397152755,0,0.9755684259626265
6.579401223425438,0,0.9755684259626265
6.118239212937423,0,0.9755684259626265
5.619242491596303,0,0.9755684259626265
5.143898286825467,0,0.9755684259626265
4.738836696332221,0,0.9755684259626265
4.40023174679067,0,0.9755684259626265
4.1107407619844745,0,0.9755684259626265
3.8795608326677056,0,0.9755684259626265
3.7063691876078466,0,0.9755684259626265
3.5536625484403213,0,0.9755684259626265
3.3766884361193488,0,0.9755684259626265
3.155586984662959,0,0.9755684259626265
2.9223650682756745,0,0.9755684259626265
2.7202351955635753,0,0.9755684259626265
2.5078471595185428,0,0.9755684259626265
2.207619659029331,0,0.9755684259626265
1.8185687129537558,0,0.9755684259626265
1.3614566395752383,0,0.9755684259626265
0.7970518442031582,0,0.9755684259626265
0.08163769653929312,0,0.9755684259626265
-0.7909686099648254,0,0.9755684259626265
-1.8285394529870413,0,0.9755684259626265
-3.056854472834097,0,0.9755684259626265
-4.496920644987297,0,0.9755684259626265
-6.152826853282456,0,0.9755684259626265
-7.998429106652434,0,0.9755684259626265
-9.969152401454796,0,0.9755684259626265
-11.97533833713124,0,0.9755684259626265
-13.887265636130596,0,0.9755684259626265
-15.561851937237426,0,0.9755684259626265
-16.920470816663624,0,0.9755684259626265
-17.935666526582157,0,0.9755684259626265
-18.576487227232867,0,0.9755684259626265
-18.79061717303259,0,0.9755684259626265
-18.517067582072514,0,0.9755684259626265
-17.7404990453159,0,0.9755684259626265
-16.512991313039795,0,0.9755684259626265
-14.93417607242489,0,0.9755684259626265
-13.098973908134168,0,0.9755684259626265
-11.055775238394547,0,0.9755684259626265
-8.869633909240495,0,0.9755684259626265
-6.643980596396404,0,0.9755684259626265
-4.4726970238710475,0,0.9755684259626265
-2.43131529172306,0,0.9755684259626265
-0.5696461032518341,0,0.9755684259626265
1.0751068436680014,0,0.9755684259626265
2.4546053990088383,0,0.9755684259626265
3.5342705703742947,0,0.9755684259626265
4.3165547106116655,0,0.9755684259626265
4.819360676850851,0,0.9755684259626265
5.065745574232508,0,0.9755684259626265
5.102575145605209,0,0.9755684259626265
5.006250094385205,0,0.9755684259626265
4.842128605533156,0,0.9755684259626265
4.637233266756981,0,0.9755684259626265
4.415631101681368,0,0.9755684259626265
4.191134052346661,0,0.9755684259626265
3.957348522582706,0,0.9755684259626265
3.736005223391019,0,0.9755684259626265
3.5772707899398264,0,0.9755684259626265
3.5284889338518726,0,0.9755684259626265
3.609978882169735,0,0.9755684259626265
3.790332610173444,0,0.9755684259626265
4.018588493567867,0,0.9755684259626265
4.283956869169155,0,0.9755684259626265
4.598829940685684,0,0.9755684259626265
4.957655808855664,0,0.9755684259626265
5.335895781993832,0,0.9755684259626265
5.70407247485391,0,0.9755684259626265
6.0491129756930695,0,0.9755684259626265
6.375868825461556,0,0.9755684259626265
6.689263568816818,0,0.9755684259626265
6.970760186676278,0,0.9755684259626265
7.188375018230744,0,0.9755684259626265
7.329829894722252,0,0.9755684259626265
7.397033937623412,0,0.9755684259626265
7.390150810270798,1,0.9757914263476206
7.309572305362901,0,0.9757914263476206
7.157364510347557,0,0.9757914263476206
6.9359927347525,0,0.9757914263476206
6.667272018784197,0,0.9757914263476206
6.391431928163617,0,0.9757914263476206
6.125055172903972,0,0.9757914263476206
5.843113859859135,0,0.9757914263476206
5.5143191682166695,0,0.9757914263476206
5.148662458741726,0,0.9757914263476206
4.775306432005787,0,0.9757914263476206
4.400076142062798,0,0.9757914263476206
4.046183995725954,0,0.9757914263476206
3.7737099014562068,0,0.9757914263476206
3.605069108243434,0,0.9757914263476206
3.4899436747825088,0,0.9757914263476206
3.3635022970153297,0,0.9757914263476206
3.215129051378328,0,0.9757914263476206
3.071754133695167,0,0.9757914263476206
2.922778399061139,0,0.9757914263476206
2.719312869372232,0,0.9757914263476206
2.4249490363474275,0,0.9757914263476206
2.0623170310993038,0,0.9757914263476206
1.7053094297137625,0,0.9757914263476206
1.3649121217244824,0,0.9757914263476206
0.9531357005178047,0,0.9757914263476206
0.3993922457167772,0,0.9757914263476206
-0.30336036708687253,0,0.9757914263476206
-1.150772826608794,0,0.9757914263476206
-2.132482224277059,0,0.9757914263476206
-3.2255930460237385,0,0.9757914263476206
-4.432781337028161,0,0.9757914263476206
-5.775025792447924,0,0.9757914263476206
-7.222149181768916,0,0.9757914263476206
-8.716531869131535,0,0.9757914263476206
-10.263208373206169,0,0.9757914263476206
-11.885651666870059,0,0.9757914263476206
-13.536231137301769,0,0.9757914263476206
-15.11391333962782,0,0.9757914263476206
-16.509711837108043,0,0.9757914263476206
-17.634663087036145,0,0.9757914263476206
-18.419046008734767,0,0.9757914263476206
-18.79578927885819,0,0.9757914263476206
-18.708764306443356,0,0.9757914263476206
-18.116615908254776,0,0.9757914263476206
-17.021458765007555,0,0.9757914263476206
-15.505801731235195,0,0.9757914263476206
-13.690035912801646,0,0.9757914263476206
-11.669131151655689,0,0.9757914263476206
-9.518809086045135,0,0.9757914263476206
-7.305502271680292,0,0.9757914263476206
-5.086863510024373,0,0.9757914263476206
-2.9371957927748604,0,0.9757914263476206
-0.9484444322352311,0,0.9757914263476206
0.7788885574447697,0,0.9757914263476206
2.186224524274052,0,0.9757914263476206
3.2883927403114996,0,0.9757914263476206
4.107775134376981,0,0.9757914263476206
4.663537740196577,0,0.9757914263476206
4.994298356942744,0,0.9757914263476206
5.154585093955323,0,0.9757914263476206
5.205596785542884,0,0.9757914263476206
5.154662658621325,0,0.9757914263476206
4.9870382916418,0,0.9757914263476206
4.755882858049419,0,0.9757914263476206
4.5290685713041645,0,0.9757914263476206
4.326531918119735,0,0.9757914263476206
4.157441932692501,0,0.9757914263476206
4.043065468831469,0,0.9757914263476206
4.005855051161549,0,0.9757914263476206
4.076510340414159,0,0.9757914263476206
4.269208746947592,0,0.9757914263476206
4.54411129375216,0,0.9757914263476206
4.848475407041247,0,0.9757914263476206
5.171139651745471,0,0.9757914263476206
5.5304950194194396,0,0.9757914263476206
5.910342815557778,0,0.9757914263476206
6.258103607589211,0,0.9757914263476206
6.568479140060925,0,0.9757914263476206
6.850884503468137,0,0.9757914263476206
7.086952640887436,0,0.9757914263476206
7.300034854999845,0,0.9757914263476206
7.504496634784803,0,0.9757914263476206
7.646097688639577,0,0.9757914263476206
7.696590192107654,0,0.9757914263476206
7.673703963696012,1,0.9759181936883511
7.582094804334949,0,0.9759181936883511
7.448717122701964,0,0.9759181936883511
7.3390967142904335,0,0.9759181936883511
7.278942572184059,0,0.9759181936883511
7.226572576654902,0,0.9759181936883511
7.121866848827247,0,0.9759181936883511
6.939098153544213,0,0.9759181936883511
6.697227377470506,0,0.9759181936883511
6.408760535724909,0,0.9759181936883511
6.062521371816355,0,0.9759181936883511
5.663167675101275,0,0.9759181936883511
5.240332471685364,0,0.9759181936883511
4.820005378171965,0,0.9759181936883511
4.411369961095367,0,0.9759181936883511
4.034751033518052,0,0.9759181936883511
3.712014119125078,0,0.9759181936883511
3.4268056316848012,0,0.9759181936883511
3.15128430419232,0,0.9759181936883511
2.8773564687802855,0,0.9759181936883511
2.6040569515320553,0,0.9759181936883511
2.3276621063936807,0,0.9759181936883511
2.040906416011276,0,0.9759181936883511
1.7483160921069065,0,0.9759181936883511
1.4653636678630608,0,0.9759181936883511
1.20039085187891,0,0.9759181936883511
0.9706955761783443,0,0.9759181936883511
0.7845958935460678,0,0.9759181936883511
0.6155156351450417,0,0.9759181936883511
0.418170220751899,0,0.9759181936883511
0.1400268834119868,0,0.9759181936883511
-0.23587282199342188,0,0.9759181936883511
-0.7053835065449768,0,0.9759181936883511
-1.313440188352912,0,0.9759181936883511
-2.1168991346427832,0,0.9759181936883511
-3.1209265567559004,0,0.9759181936883511
-4.301999396851468,0,0.9759181936883511
-5.652083508865905,0,0.9759181936883511
-7.144785650049585,0,0.9759181936883511
-8.716648426837724,0,0.9759181936883511
-10.332010858870968,0,0.9759181936883511
-11.98503022941966,0,0.9759181936883511
-13.64309751257202,0,0.9759181936883511
-15.219169773257756,0,0.9759181936883511
-16.616304118888323,0,0.9759181936883511
-17.782944783555013,0,0.9759181936883511
-18.668553159964635,0,0.9759181936883511
-19.170812508602115,0,0.9759181936883511
-19.18832858246745,0,0.9759181936883511
-18.710129760058475,0,0.9759181936883511
-17.801265266561785,0,0.9759181936883511
-16.52191190966985,0,0.9759181936883511
-14.883843953898701,0,0.9759181936883511
-12.907944818339987,0,0.9759181936883511
-10.71365408091403,0,0.9759181936883511
-8.436916372628154,0,0.9759181936883511
-6.152696856379191,0,0.9759181936883511
-3.9601663300111642,0,0.9759181936883511
-1.9737346918857435,0,0.9759181936883511
-0.24703428102954977,0,0.9759181936883511
1.2033755584744419,0,0.9759181936883511
2.3801590548268172,0,0.9759181936883511
3.305721296095658,0,0.9759181936883511
3.9947679233745093,0,0.9759181936883511
4.460069337088958,0,0.9759181936883511
4.730963427018773,0,0.9759181936883511
4.836343325781395,0,0.9759181936883511
4.791954820062095,0,0.9759181936883511
4.628078977341826,0,0.9759181936883511
4.401217061096155,0,0.9759181936883511
4.152287807632732,0,0.9759181936883511
3.9084055061605865,0,0.9759181936883511
3.7159053320646382,0,0.9759181936883511
3.611659251429908,0,0.9759181936883511
3.6031564030156624,0,0.9759181936883511
3.6956309389659427,0,0.9759181936883511
3.893184348982253,0,0.9759181936883511
4.17043317696176,0,0.9759181936883511
4.48526391832828,0,0.9759181936883511
4.807787161212023,0,0.9759181936883511
5.118739135896148,0,0.9759181936883511
5.433401610878124,0,0.9759181936883511
5.802833993507436,0,0.9759181936883511
6.234755473386334,0,0.9759181936883511
6.675097691400223,0,0.9759181936883511
7.084917778254678,0,0.9759181936883511
7.459533840786638,0,0.9759181936883511
7.77504020165627,0,0.9759181936883511
7.992757470225786,0,0.9759181936883511
8.111852095599197,0,0.9759181936883511
8.143584802250704,0,0.9759181936883511
8.071295252714341,1,0.9755976384727154
7.888240488725,0,0.9755976384727154
7.620275353271169,0,0.9755976384727154
7.316411983397315,0,0.9755976384727154
7.031260212929726,0,0.9755976384727154
6.775629167421324,0,0.9755976384727154
6.524868221066297,0,0.9755976384727154
6.274908245558155,0,0.9755976384727154
6.039510668653114,0,0.9755976384727154
5.818228753795656,0,0.9755976384727154
5.583609504143953,0,0.9755976384727154
5.2997067043631585,0,0.9755976384727154
4.945614967843457,0,0.9755976384727154
4.528095345743773,0,0.9755976384727154
4.083958589068794,0,0.9755976384727154
3.6645201110763392,0,0.9755976384727154
3.318616581513586,0,0.9755976384727154
3.041713552702114,0,0.9755976384727154
2.761995659315988,0,0.9755976384727154
2.4348556647734063,0,0.9755976384727154
2.0477644976700047,0,0.9755976384727154
1.5510619577452653,0,0.9755976384727154
0.9045744383269454,0,0.9755976384727154
0.10526932634522967,0,0.9755976384727154
-0.8734275824687885,0,0.9755976384727154
-2.077018305740709,0,0.9755976384727154
-3.511350351786882,0,0.9755976384727154
-5.136006086199536,0,0.9755976384727154
-6.892435231773654,0,0.9755976384727154
-8.721157580465768,0,0.9755976384727154
-10.561395356541462,0,0.9755976384727154
-12.348159862935532,0,0.9755976384727154
-14.018260147205895,0,0.9755976384727154
-15.523121982722056,0,0.9755976384727154
-16.806560467423417,0,0.9755976384727154
-17.77265210702534,0,0.9755976384727154
-18.318900582207785,0,0.9755976384727154
-18.372257671209915,0,0.9755976384727154
-17.903278384403936,0,0.9755976384727154
-16.943283194128806,0,0.9755976384727154
-15.582949567762997,0,0.9755976384727154
-13.928776945604122,0,0.9755976384727154
-12.046663569098557,0,0.9755976384727154
-9.982305537223485,0,0.9755976384727154
-7.800667383144115,0,0.9755976384727154
-5.582962743055488,0,0.9755976384727154
-3.4351443632646768,0,0.9755976384727154
-1.4586812360293422,0,0.9755976384727154
0.3014242110278856,0,0.9755976384727154
1.8261491363377078,0,0.9755976384727154
3.093051349773737,0,0.9755976384727154
4.102054549668123,0,0.9755976384727154
4.861499197340125,0,0.9755976384727154
5.3683122003108386,0,0.9755976384727154
5.617657082186354,0,0.9755976384727154
5.602285804366941,0,0.9755976384727154
5.345788770430554,0,0.9755976384727154
4.938139515678974,0,0.9755976384727154
4.500497969404514,0,0.9755976384727154
4.11870797876979,0,0.9755976384727154
3.8196571248135913,0,0.9755976384727154
3.6016725050509715,0,0.9755976384727154
3.4595990100328864,0,0.9755976384727154
3.397778980372795,0,0.9755976384727154
3.426582835399355,0,0.9755976384727154
3.542668783942567,0,0.9755976384727154
3.7366402658836506,0,0.9755976384727154
4.004421068536188,0,0.9755976384727154
4.3389920919049825,0,0.9755976384727154
4.719456656344409,0,0.9755976384727154
5.13714730593705,0,0.9755976384727154
5.604970118981651,0,0.9755976384727154
6.099927273195586,0,0.9755976384727154
6.565738433583436,0,0.9755976384727154
6.9633953131724375,0,0.9755976384727154
7.299582063550213,0,0.9755976384727154
7.59277131596329,0,0.9755976384727154
7.808470411359272,0,0.9755976384727154
7.925989780659901,0,0.9755976384727154
7.982748960374572,0,0.9755976384727154
7.987045624896159,0,0.9755976384727154
7.903540706790363,1,0.9758179141851233
7.719346799794981,0,0.9758179141851233
7.46744814114306,0,0.9758179141851233
7.199868220901007,0,0.9758179141851233
6.944765585172152,0,0.9758179141851233
6.688184072365124,0,0.9758179141851233
6.398040344071534,0,0.9758179141851233
6.07214093648662,0,0.9758179141851233
5.7427061114096745,0,0.9758179141851233
5.4114646544142,0,0.9758179141851233
5.055954740623706,0,0.9758179141851233
4.692166216073112,0,0.9758179141851233
4.3569806812410015,0,0.9758179141851233
4.063210804509777,0,0.9758179141851233
3.7827164399017774,0,0.9758179141851233
3.463229265122588,0,0.9758179141851233
3.086818290261711,0,0.9758179141851233
2.690724261295434,0,0.9758179141851233
2.313771336186401,0,0.9758179141851233
1.947510486228247,0,0.9758179141851233
1.54732302057317,0,0.9758179141851233
1.0933881941927168,0,0.9758179141851233
0.5964953636954544,0,0.9758179141851233
0.028471820195760972,0,0.9758179141851233
-0.6829451545216488,0,0.9758179141851233
-1.5994775734981228,0,0.9758179141851233
-2.7326315411501,0,0.9758179141851233
-4.06014297141389,0,0.9758179141851233
-5.5648717456608,0,0.9758179141851233
-7.206877388456221,0,0.9758179141851233
-8.924045856530613,0,0.9758179141851233
-10.675455220473552,0,0.9758179141851233
-12.424293807991972,0,0.9758179141851233
-14.109298824787764,0,0.9758179141851233
-15.649367993017746,0,0.9758179141851233
-16.95444113128049,0,0.9758179141851233
-17.920055744370075,0,0.9758179141851233
-18.45622037287501,0,0.9758179141851233
-18.53736821225758,0,0.9758179141851233
-18.168027451348205,0,0.9758179141851233
-17.36561982245074,0,0.9758179141851233
-16.185188637853216,0,0.9758179141851233
-14.681494315267365,0,0.9758179141851233
-12.886974623276924,0,0.9758179141851233
-10.83843706413178,0,0.9758179141851233
-8.612807661745222,0,0.9758179141851233
-6.327423047174941,0,0.9758179141851233
-4.103113923112909,0,0.9758179141851233
-2.050655381611527,0,0.9758179141851233
-0.2463259244053551,0,0.9758179141851233
1.2902804082462547,0,0.9758179141851233
2.5502487073967477,0,0.9758179141851233
3.5288612953821397,0,0.9758179141851233
4.25992180298119,0,0.9758179141851233
4.776073902439922,0,0.9758179141851233
5.076112033919088,0,0.9758179141851233
5.168553570339628,0,0.9758179141851233
5.106981335710022,0,0.9758179141851233
4.95111252226834,0,0.9758179141851233
4.7416325127085095,0,0.9758179141851233
4.508235466252933,0,0.9758179141851233
4.250225885338898,0,0.9758179141851233
3.973406352372023,0,0.9758179141851233
3.743950888115332,0,0.9758179141851233
3.6163334341560702,0,0.9758179141851233
3.585059872824088,0,0.9758179141851233
3.6469724270041812,0,0.9758179141851233
3.801007428257893,0,0.9758179141851233
4.019047128672878,0,0.9758179141851233
4.268955313090448,0,0.9758179141851233
4.524343625745132,0,0.9758179141851233
4.770743431889991,0,0.9758179141851233
5.01661698530994,0,0.9758179141851233
5.291777333772173,0,0.9758179141851233
5.627143131503781,0,0.9758179141851233
5.994637769917562,0,0.9758179141851233
6.327388859401496,0,0.9758179141851233
6.614228089835046,0,0.9758179141851233
6.887543600446225,0,0.9758179141851233
7.145849765685366,0,0.9758179141851233
7.340691318692064,0,0.9758179141851233
7.438559090480098,0,0.9758179141851233
7.452164829732144,0,0.9758179141851233
7.4047955740153775,1,0.976011377294057
7.301444062895617,0,0.976011377294057
7.142620581981634,0,0.976011377294057
6.9376456846421934,0,0.976011377294057
6.682880321519631,0,0.976011377294057
6.37670479926379,0,0.976011377294057
6.022214981015228,0,0.976011377294057
5.60739366906256,0,0.976011377294057
5.154336506309878,0,0.976011377294057
4.692400155354166,0,0.976011377294057
4.208379324941022,0,0.976011377294057
3.7139789402688344,0,0.976011377294057
3.245262183755338,0,0.976011377294057
2.813783489684885,0,0.976011377294057
2.423447953821627,0,0.976011377294057
2.067722145726505,0,0.976011377294057
1.7053680790938641,0,0.976011377294057
1.283048946921595,0,0.976011377294057
0.7731208320358278,0,0.976011377294057
0.15780647487766913,0,0.976011377294057
-0.5944010654314742,0,0.976011377294057
-1.5279529626121628,0,0.976011377294057
-2.6870519900185097,0,0.976011377294057
-4.061519169841856,0,0.976011377294057
-5.589595272384547,0,0.976011377294057
-7.231398510788862,0,0.976011377294057
-8.971239699831695,0,0.976011377294057
-10.782478608190788,0,0.976011377294057
-12.597158318808747,0,0.976011377294057
-14.286102179031477,0,0.976011377294057
-15.720876276322125,0,0.976011377294057
-16.822110855337897,0,0.976011377294057
-17.519134293707186,0,0.976011377294057
-17.74435119518185,0,0.976011377294057
-17.468499243295167,0,0.976011377294057
-16.726269787243204,0,0.976011377294057
-15.590274597285715,0,0.976011377294057
-14.101791831313733,0,0.976011377294057
-12.286162333720444,0,0.976011377294057
-10.217926988702194,0,0.976011377294057
-8.02527865570273,0,0.976011377294057
-5.82163963550764,0,0.976011377294057
-3.681732771618924,0,0.976011377294057
-1.6902121318503338,0,0.976011377294057
0.07831891398792101,0,0.976011377294057
1.582591985948604,0,0.976011377294057
2.794164719135742,0,0.976011377294057
3.732050147716036,0,0.976011377294057
4.452412396166747,0,0.976011377294057
4.965901060965437,0,0.976011377294057
5.256555516879574,0,0.976011377294057
5.349893249178704,0,0.976011377294057
5.292518023927389,0,0.976011377294057
5.119320697111009,0,0.976011377294057
4.865209810988461,0,0.976011377294057
4.576511145485011,0,0.976011377294057
4.302355815384961,0,0.976011377294057
4.057106920942505,0,0.976011377294057
3.8188488589016054,0,0.976011377294057
3.598473433214034,0,0.976011377294057
3.4518651852980944,0,0.976011377294057
3.432864880608651,0,0.976011377294057
3.561802756074683,0,0.976011377294057
3.8064043240610537,0,0.976011377294057
4.113716563931427,0,0.976011377294057
4.447658614468723,0,0.976011377294057
4.7870008003754725,0,0.976011377294057
5.111370830392571,0,0.976011377294057
5.394909077105998,0,0.976011377294057
5.63668747530244,0,0.976011377294057
5.871175957506604,0,0.976011377294057
6.13592474109496,0,0.976011377294057
6.444036775635663,0,0.976011377294057
6.7561704382533465,0,0.976011377294057
7.002450441997008,0,0.976011377294057
7.15814421702398,0,0.976011377294057
7.244697588831562,0,0.976011377294057
7.270288896698875,0,0.976011377294057
7.246150834296323,1,0.9761761720763492
7.209713308328948,0,0.9761761720763492
7.150533203322575,0,0.9761761720763492
6.996877950202559,0,0.9761761720763492
6.710413320109049,0,0.9761761720763492
6.323234953392621,0,0.9761761720763492
5.901803144515626,0,0.9761761720763492
5.493242209171493,0,0.9761761720763492
5.096025410223648,0,0.9761761720763492
4.7074248080275085,0,0.9761761720763492
4.36868296590461,0,0.9761761720763492
4.107541389969229,0,0.9761761720763492
3.8743122443369344,0,0.9761761720763492
3.5909437926344805,0,0.9761761720763492
3.215671435451702,0,0.9761761720763492
2.741469503761562,0,0.9761761720763492
2.1838032052141854,0,0.9761761720763492
1.5591392421775967,0,0.9761761720763492
0.8411257408886806,0,0.9761761720763492
-0.02984824928991503,0,0.9761761720763492
-1.0903475517345338,0,0.9761761720763492
-2.3472341859536,0,0.9761761720763492
-3.788363968469948,0,0.9761761720763492
-5.392274550624693,0,0.9761761720763492
-7.136063046350827,0,0.9761761720763492
-8.982010945993324,0,0.9761761720763492
-10.883312350596238,0,0.9761761720763492
-12.793719096382786,0,0.9761761720763492
-14.63167660501172,0,0.9761761720763492
-16.24992129047081,0,0.9761761720763492
-17.501886226094108,0,0.9761761720763492
-18.305817729099452,0,0.9761761720763492
-18.638531317854437,0,0.9761761720763492
-18.505912040268047,0,0.9761761720763492
-17.884264733196584,0,0.9761761720763492
-16.737362263405807,0,0.9761761720763492
-15.112120694755895,0,0.9761761720763492
-13.13778411858191,0,0.9761761720763492
-10.943762005980647,0,0.9761761720763492
-8.64031669250525,0,0.9761761720763492
-6.334481267433059,0,0.9761761720763492
-4.103511328367719,0,0.9761761720763492
-2.011776562737742,0,0.9761761720763492
-0.13536806873053883,0,0.9761761720763492
1.4812147417999626,0,0.9761761720763492
2.8235151799078175,0,0.9761761720763492
3.8900052098868283,0,0.9761761720763492
4.692744307405728,0,0.9761761720763492
5.2269372218017764,0,0.9761761720763492
5.496595335392796,0,0.9761761720763492
5.5500389532481345,0,0.9761761720763492
5.439997704494991,0,0.9761761720763492
5.217797022637087,0,0.9761761720763492
4.942426280402645,0,0.9761761720763492
4.641373480982131,0,0.9761761720763492
4.331879364448746,0,0.9761761720763492
4.074029767566611,0,0.9761761720763492
3.924706531934439,0,0.9761761720763492
3.8763013665297295,0,0.9761761720763492
3.9074509970592883,0,0.9761761720763492
4.011378797513086,0,0.9761761720763492
4.155071445903102,0,0.9761761720763492
4.331396550969182,0,0.9761761720763492
4.579104549543967,0,0.9761761720763492
4.883770591456833,0,0.9761761720763492
5.197483049983606,0,0.9761761720763492
5.521948356500769,0,0.9761761720763492
5.854656473849529,0,0.9761761720763492
6.169249493635043,0,0.9761761720763492
6.447805246732594,0,0.9761761720763492
6.663473290831116,0,0.9761761720763492
6.830726319827004,0,0.9761761720763492
6.9868098309992686,0,0.9761761720763492
7.120356981501648,0,0.9761761720763492
7.233873952490579,0,0.9761761720763492
7.340587964597191,0,0.9761761720763492
7.3924520152166195,0,0.9761761720763492
7.327654456524566,1,0.9763041079501565
7.1353893209422905,0,0.9763041079501565
6.854818044467573,0,0.9763041079501565
6.559514071171214,0,0.9763041079501565
6.308290355834403,0,0.9763041079501565
6.0968094954571415,0,0.9763041079501565
5.873587822285262,0,0.9763041079501565
5.598723373495926,0,0.9763041079501565
5.303863803343202,0,0.9763041079501565
5.065677036108767,0,0.9763041079501565
4.891565934247739,0,0.9763041079501565
4.69563077496289,0,0.9763041079501565
4.423678874017242,0,0.9763041079501565
4.095460233730529,0,0.9763041079501565
3.718889092531228,0,0.9763041079501565
3.2935637813367897,0,0.9763041079501565
2.834648399675045,0,0.9763041079501565
2.3412525933195427,0,0.9763041079501565
1.7982071782754094,0,0.9763041079501565
1.1744956867836291,0,0.9763041079501565
0.44081662536409405,0,0.9763041079501565
-0.41960278124429357,0,0.9763041079501565
-1.4396471748467266,0,0.9763041079501565
-2.6340152976663602,0,0.9763041079501565
-3.9921431476088953,0,0.9763041079501565
-5.521029308253517,0,0.9763041079501565
-7.204476622785315,0,0.9763041079501565
-8.980740215511032,0,0.9763041079501565
-10.781795070696397,0,0.9763041079501565
-12.543418962308673,0,0.9763041079501565
-14.209337012748797,0,0.9763041079501565
-15.727735537902138,0,0.9763041079501565
-17.025323731801823,0,0.9763041079501565
-18.00156703070771,0,0.9763041079501565
-18.563951274430885,0,0.9763041079501565
-18.650990100140607,0,0.9763041079501565
-18.233539046935157,0,0.9763041079501565
-17.325885299886632,0,0.9763041079501565
-15.973641865664097,0,0.9763041079501565
-14.249987655318156,0,0.9763041079501565
-12.25565250652504,0,0.9763041079501565
-10.08841507559276,0,0.9763041079501565
-7.8396160375822,0,0.9763041079501565
-5.595969040765686,0,0.9763041079501565
-3.430535313591674,0,0.9763041079501565
-1.4263028230882189,0,0.9763041079501565
0.3037228887847874,0,0.9763041079501565
1.676286001089107,0,0.9763041079501565
2.724203253711423,0,0.9763041079501565
3.5327762079375042,0,0.9763041079501565
4.11841699925088,0,0.9763041079501565
4.4595008390129,0,0.9763041079501565
4.571665517796122,0,0.9763041079501565
4.514375765716037,0,0.9763041079501565
4.366043862971462,0,0.9763041079501565
4.174166351157267,0,0.9763041079501565
3.93594304986434,0,0.9763041079501565
3.651929578190341,0,0.9763041079501565
3.3574013281012727,0,0.9763041079501565
3.1005805460200855,0,0.9763041079501565
2.932670915819648,0,0.9763041079501565
2.890126545672528,0,0.9763041079501565
2.9619124139789337,0,0.9763041079501565
3.1138088038712177,0,0.9763041079501565
3.3320268383826406,0,0.9763041079501565
3.613820337431055,0,0.9763041079501565
3.9602493635707465,0,0.9763041079501565
4.35480446459386,0,0.9763041079501565
4.750887126141711,0,0.9763041079501565
5.127827424605137,0,0.9763041079501565
5.506451830814682,0,0.9763041079501565
5.894791482109626,0,0.9763041079501565
6.251211080164997,0,0.9763041079501565
6.526926949257066,0,0.9763041079501565
6.723552207484506,0,0.9763041079501565
6.874594334963535,0,0.9763041079501565
7.002983638771688,0,0.9763041079501565
7.1141016135126,0,0.9763041079501565
7.1927694314985695,0,0.9763041079501565
7.218450216375312,0,0.9763041079501565
7.198231950950981,1,0.976499910772132
7.141547452335063,0,0.976499910772132
7.037752552802278,0,0.976499910772132
6.866319983342658,0,0.976499910772132
6.617491118240332,0,0.976499910772132
6.317110684724018,0,0.976499910772132
5.991177246065579,0,0.976499910772132
5.6312793525671685,0,0.976499910772132
5.238468656710124,0,0.976499910772132
4.853859548027247,0,0.976499910772132
4.495343327776177,0,0.976499910772132
4.130682515455013,0,0.976499910772132
3.749999111306435,0,0.976499910772132
3.3807011081340406,0,0.976499910772132
3.044411915996501,0,0.976499910772132
2.7578866221623004,0,0.976499910772132
2.5274559601073467,0,0.976499910772132
2.318485739105403,0,0.976499910772132
2.073163948061093,0,0.976499910772132
1.7688725475329887,0,0.976499910772132
1.4207913326981014,0,0.976499910772132
1.0230402517271457,0,0.976499910772132
0.519277272817579,0,0.976499910772132
-0.17358396403985887,0,0.976499910772132
-1.1055823886369758,0,0.976499910772132
-2.263536276492678,0,0.976499910772132
-3.607921570937173,0,0.976499910772132
-5.107936175793671,0,0.976499910772132
-6.742470599131977,0,0.976499910772132
-8.492942368827656,0,0.976499910772132
-10.339276733701396,0,0.976499910772132
-12.219106743204577,0,0.976499910772132
-14.00923557989728,0,0.976499910772132
-15.58855289621418,0,0.976499910772132
-16.879810958443162,0,0.976499910772132
-17.820532758561388,0,0.976499910772132
-18.337942403884583,0,0.976499910772132
-18.39488032788725,0,0.976499910772132
-18.003984566647002,0,0.976499910772132
-17.169552166895254,0,0.976499910772132
-15.899391448894432,0,0.976499910772132
-14.271718117139152,0,0.976499910772132
-12.403189937485719,0,0.976499910772132
-10.372124455520742,0,0.976499910772132
-8.249334992224886,0,0.976499910772132
-6.131543838345539,0,0.976499910772132
-4.109697537023199,0,0.976499910772132
-2.254945533771183,0,0.976499910772132
-0.6161599039229742,0,0.976499910772132
0.7847000713444438,0,0.976499910772132
1.9505261325765384,0,0.976499910772132
2.893280208769125,0,0.976499910772132
3.6211804119650184,0,0.976499910772132
4.144234681128343,0,0.976499910772132
4.476143678005386,0,0.976499910772132
4.640033964213963,0,0.976499910772132
4.688726390988261,0,0.976499910772132
4.669084631235975,0,0.976499910772132
4.597775444525044,0,0.976499910772132
4.521236199018141,0,0.976499910772132
4.48613327126814,0,0.976499910772132
4.491671352811962,0,0.976499910772132
4.543140542932764,0,0.976499910772132
4.649599191607295,0,0.976499910772132
4.787806546419169,0,0.976499910772132
4.93859500356359,0,0.976499910772132
5.117846185100837,0,0.976499910772132
5.334637201516377,0,0.976499910772132
5.566138763267035,0,0.976499910772132
5.786068143664411,0,0.976499910772132
5.987368476007493,0,0.976499910772132
6.1905144269498145,0,0.976499910772132
6.4267693443413325,0,0.976499910772132
6.6952151885222655,0,0.976499910772132
6.953360443941614,0,0.976499910772132
7.162079582424468,0,0.976499910772132
7.304540605445566,0,0.976499910772132
7.391007846041195,0,0.976499910772132
7.451903646510987,0,0.976499910772132
7.486134662105337,0,0.976499910772132
7.478877212556993,1,0.9804025100687178
7.437363434141341,0,0.9804025100687178
7.366817363606571,0,0.9804025100687178
7.2807082221438755,0,0.9804025100687178
7.1971616438948365,0,0.9804025100687178
7.107283261396438,0,0.9804025100687178
6.99356295561879,0,0.9804025100687178
6.842825456010473,0,0.9804025100687178
6.646946986470466,0,0.9804025100687178
6.404629731675655,0,0.9804025100687178
6.113647359486544,0,0.9804025100687178
5.779012465903994,0,0.9804025100687178
5.397900438295307,0,0.9804025100687178
4.956816376240996,0,0.9804025100687178
4.462712187432253,0,0.9804025100687178
3.9444579031277023,0,0.9804025100687178
3.443634526059397,0,0.9804025100687178
3.0051131443528356,0,0.9804025100687178
2.6345694074677954,0,0.9804025100687178
2.2991645946500716,0,0.9804025100687178
1.9868626589915743,0,0.9804025100687178
1.7034701814817135,0,0.9804025100687178
1.4312188747038606,0,0.9804025100687178
1.149119295618735,0,0.9804025100687178
0.886948932725469,0,0.9804025100687178
0.6686525517043505,0,0.9804025100687178
0.45433485229320614,0,0.9804025100687178
0.22520030237116315,0,0.9804025100687178
0.007539202429792458,0,0.9804025100687178
-0.19500924031311087,0,0.9804025100687178
-0.42257383891747163,0,0.9804025100687178
-0.7165796295083947,0,0.9804025100687178
-1.0812567631774304,0,0.9804025100687178
-1.5081240860954788,0,0.9804025100687178
-2.0157913517866435,0,0.9804025100687178
-2.6384944590861963,0,0.9804025100687178
-3.3800437000902286,0,0.9804025100687178
-4.2181470906242975,0,0.9804025100687178
-5.148013681635409,0,0.9804025100687178
-6.196825220229284,0,0.9804025100687178
-7.399801790506387,0,0.9804025100687178
-8.765142174883904,0,0.9804025100687178
-10.263539484429153,0,0.9804025100687178
-11.83871165984088,0,0.9804025100687178
-13.425171588927094,0,0.9804025100687178
-14.981488396592887,0,0.9804025100687178
-16.47638609438796,0,0.9804025100687178
-17.80700883645552,0,0.9804025100687178
-18.804647589238904,0,0.9804025100687178
-19.359230086209394,0,0.9804025100687178
-19.458999501350394,0,0.9804025100687178
-19.113470682592705,0,0.9804025100687178
-18.323941465369582,0,0.9804025100687178
-17.087934314995415,0,0.9804025100687178
-15.426408883986902,0,0.9804025100687178
-13.438254715515777,0,0.9804025100687178
-11.249575926476352,0,0.9804025100687178
-8.941013140564937,0,0.9804025100687178
-6.588444219563324,0,0.9804025100687178
-4.298245257374256,0,0.9804025100687178
-2.1509145049373473,0,0.9804025100687178
-0.18222130729298316,0,0.9804025100687178
1.5408549454019342,0,0.9804025100687178
2.9240991602673008,0,0.9804025100687178
3.9421512766741795,0,0.9804025100687178
4.64518521927535,0,0.9804025100687178
5.081853286997518,0,0.9804025100687178
5.269157847043235,0,0.9804025100687178
5.235338413645417,0,0.9804025100687178
5.042092281670702,0,0.9804025100687178
4.7588807781448565,0,0.9804025100687178
4.44209277607367,0,0.9804025100687178
4.116979931901171,0,0.9804025100687178
3.786746466654789,0,0.9804025100687178
3.488935994367957,0,0.9804025100687178
3.3082064236004074,0,0.9804025100687178
3.2925258032789895,0,0.9804025100687178
3.4091245559832437,0,0.9804025100687178
3.610157078255032,0,0.9804025100687178
3.8809224423874547,0,0.9804025100687178
4.23192629361468,0,0.9804025100687178
4.664581770253576,0,0.9804025100687178
5.145411501386049,0,0.9804025100687178
5.631811650848525,0,0.9804025100687178
6.102181969720119,0,0.9804025100687178
6.549796912361732,0,0.9804025100687178
6.952970348241694,0,0.9804025100687178
7.296667130427239,0,0.9804025100687178
7.607279201585889,0,0.9804025100687178
7.885665068706719,0,0.9804025100687178
8.088544990506321,0,0.9804025100687178
8.206336291416344,0,0.9804025100687178
8.254653330686029,0,0.9804025100687178
8.216368166957988,1,0.9834721532051588
8.057808860513408,0,0.9834721532051588
7.774691912946472,0,0.9834721532051588
7.395918465923834,0,0.9834721532051588
6.956669945383275,0,0.9834721532051588
6.487119615247006,0,0.9834721532051588
6.031102362780124,0,0.9834721532051588
5.626145572856336,0,0.9834721532051588
5.275411842611546,0,0.9834721532051588
4.987995390682756,0,0.9834721532051588
4.751961620073526,0,0.9834721532051588
4.501366248124384,0,0.9834721532051588
4.213901723171322,0,0.9834721532051588
3.9298356355953348,0,0.9834721532051588
3.6716840711401737,0,0.9834721532051588
3.430707529869276,0,0.9834721532051588
3.202187786846426,0,0.9834721532051588
2.9993157611293944,0,0.9834721532051588
2.834169349020874,0,0.9834721532051588
2.70478425229184,0,0.9834721532051588
2.5870106982977537,0,0.9834721532051588
2.452769401847908,0,0.9834721532051588
2.300764439944514,0,0.9834721532051588
2.1351742278021586,0,0.9834721532051588
1.9285669654429611,0,0.9834721532051588
1.6291053092515562,0,0.9834721532051588
1.2314124754685816,0,0.9834721532051588
0.7918444213331499,0,0.9834721532051588
0.32859962324452513,0,0.9834721532051588
-0.2177373339318341,0,0.9834721532051588
-0.9188206885787341,0,0.9834721532051588
-1.7989298941764618,0,0.9834721532051588
-2.836612730757191,0,0.9834721532051588
-4.03281230957105,0,0.9834721532051588
-5.426201835973676,0,0.9834721532051588
-7.0178905965023475,0,0.9834721532051588
-8.766382065763777,0,0.9834721532051588
-10.62122485404829,0,0.9834721532051588
-12.520238000624614,0,0.9834721532051588
-14.393902385890065,0,0.9834721532051588
-16.133226697523206,0,0.9834721532051588
-17.586838365974458,0,0.9834721532051588
-18.63119054070234,0,0.9834721532051588
-19.20584298708541,0,0.9834721532051588
-19.29280489446691,0,0.9834721532051588
-18.88665382011445,0,0.9834721532051588
-17.997239895029857,0,0.9834721532051588
-16.65402573983223,0,0.9834721532051588
-14.907014544641646,0,0.9834721532051588
-12.863713391287451,0,0.9834721532051588
-10.663012799516283,0,0.9834721532051588
-8.40749109606467,0,0.9834721532051588
-6.1763234767843285,0,0.9834721532051588
-4.030517490864982,0,0.9834721532051588
-2.0227811260693787,0,0.9834721532051588
-0.22749636408643403,0,0.9834721532051588
1.2967750324254292,0,0.9834721532051588
2.522558362081988,0,0.9834721532051588
3.451254240865367,0,0.9834721532051588
4.119659616324047,0,0.9834721532051588
4.575488547812866,0,0.9834721532051588
4.859339879444974,0,0.9834721532051588
4.985600355238684,0,0.9834721532051588
4.948123798025749,0,0.9834721532051588
4.766023281178225,0,0.9834721532051588
4.513142037542841,0,0.9834721532051588
4.285230847450652,0,0.9834721532051588
4.126837742967814,0,0.9834721532051588
4.0229909959796935,0,0.9834721532051588
3.9480658129220347,0,0.9834721532051588
3.898150674381464,0,0.9834721532051588
3.9132475040273365,0,0.9834721532051588
4.021692080899165,0,0.9834721532051588
4.192971188043706,0,0.9834721532051588
4.421596875217986,0,0.9834721532051588
4.72254235303033,0,0.9834721532051588
5.060715203448312,0,0.9834721532051588
5.40774734708053,0,0.9834721532051588
5.7636899112495135,0,0.9834721532051588
6.1113152732452,0,0.9834721532051588
6.44011654580603,0,0.9834721532051588
6.771913550599913,0,0.9834721532051588
7.125762731288677,0,0.9834721532051588
7.4687356378403145,0,0.9834721532051588
7.741000872296644,0,0.9834721532051588
7.9293864900031,0,0.9834721532051588
8.047935445758457,0,0.9834721532051588
8.086089825580387,0,0.9834721532051588
8.038006224539838,1,0.9831498646071907
7.940390895938437,0,0.9831498646071907
7.831872381609831,0,0.9831498646071907
7.7086129663061085,0,0.9831498646071907
7.543151835354908,0,0.9831498646071907
7.318898827275325,0,0.9831498646071907
7.053878881402672,0,0.9831498646071907
6.782135510023633,0,0.9831498646071907
6.515406790164672,0,0.9831498646071907
6.231386403222204,0,0.9831498646071907
5.903819469750747,0,0.9831498646071907
5.541842580334587,0,0.9831498646071907
5.166637641935232,0,0.9831498646071907
4.785949504034119,0,0.9831498646071907
4.400633136951946,0,0.9831498646071907
4.011752535774794,0,0.9831498646071907
3.6323396323353125,0,0.9831498646071907
3.2801307349453688,0,0.9831498646071907
2.9659666034423005,0,0.9831498646071907
2.6899629007730064,0,0.9831498646071907
2.442853285697139,0,0.9831498646071907
2.2096215235598953,0,0.9831498646071907
1.9748532391637628,0,0.9831498646071907
1.7306085624285077,0,0.9831498646071907
1.4710275521049956,0,0.9831498646071907
1.1967599182364381,0,0.9831498646071907
0.9057573729053147,0,0.9831498646071907
0.5731760871126625,0,0.9831498646071907
0.17943958567333781,0,0.9831498646071907
-0.27588348908802796,0,0.9831498646071907
-0.8085677972283243,0,0.9831498646071907
-1.4603310137114418,0,0.9831498646071907
-2.288696372891458,0,0.9831498646071907
-3.3406677209901585,0,0.9831498646071907
-4.622395349874665,0,0.9831498646071907
-6.106157588799904,0,0.9831498646071907
-7.736829921077568,0,0.9831498646071907
-9.436130842069277,0,0.9831498646071907
-11.142697787858824,0,0.9831498646071907
-12.842143442988458,0,0.9831498646071907
-14.513242453887349,0,0.9831498646071907
-16.0788024045412,0,0.9831498646071907
-17.434639859729558,0,0.9831498646071907
-18.4741754605966,0,0.9831498646071907
-19.10495679999583,0,0.9831498646071907
-19.269300382081063,0,0.9831498646071907
-18.943777458552535,0,0.9831498646071907
-18.13904446096801,0,0.9831498646071907
-16.906500556475187,0,0.9831498646071907
-15.317192470433781,0,0.9831498646071907
-13.419482713171659,0,0.9831498646071907
-11.269427255848953,0,0.9831498646071907
-8.995302394835324,0,0.9831498646071907
-6.728762882251509,0,0.9831498646071907
-4.529793856689829,0,0.9831498646071907
-2.4445283223448944,0,0.9831498646071907
-0.5407613404148807,0,0.9831498646071907
1.1068086266499162,0,0.9831498646071907
2.4478018718689967,0,0.9831498646071907
3.480014794538277,0,0.9831498646071907
4.210454935817602,0,0.9831498646071907
4.637315989761751,0,0.9831498646071907
4.7692352019182795,0,0.9831498646071907
4.644216493717543,0,0.9831498646071907
4.346206455722924,0,0.9831498646071907
3.966970586358344,0,0.9831498646071907
3.5713444438604043,0,0.9831498646071907
3.206097254895748,0,0.9831498646071907
2.8898167599816866,0,0.9831498646071907
2.642577574328453,0,0.9831498646071907
2.517973281119187,0,0.9831498646071907
2.534679605043115,0,0.9831498646071907
2.661481129359132,0,0.9831498646071907
2.8910239656681824,0,0.9831498646071907
3.225008825466013,0,0.9831498646071907
3.623904467963766,0,0.9831498646071907
4.038241927255483,0,0.9831498646071907
4.471912259422414,0,0.9831498646071907
4.95854927363377,0,0.9831498646071907
5.471960745469499,0,0.9831498646071907
5.955997963166006,0,0.9831498646071907
6.399445566949718,0,0.9831498646071907
6.80099734720728,0,0.9831498646071907
7.154489603142157,0,0.9831498646071907
7.471681691258047,0,0.9831498646071907
7.740266277288407,0,0.9831498646071907
7.925650970326349,0,0.9831498646071907
8.028933277253547,0,0.9831498646071907
8.07154653739013,0,0.9831498646071907
8.058794777814128,1,0.9827490313662929
7.997032313981596,0,0.9827490313662929
7.908738549564768,0,0.9827490313662929
7.791919533867009,0,0.9827490313662929
7.612369497049795,0,0.9827490313662929
7.366932761806578,0,0.9827490313662929
7.059527560784738,0,0.9827490313662929
6.669917744791293,0,0.9827490313662929
6.229783791333253,0,0.9827490313662929
5.8135624534875285,0,0.9827490313662929
5.457994072957323,0,0.9827490313662929
5.146483710650216,0,0.9827490313662929
4.842543181763573,0,0.9827490313662929
4.53562328998744,0,0.9827490313662929
4.2305939859805815,0,0.9827490313662929
3.912077490453547,0,0.9827490313662929
3.5783284808636293,0,0.9827490313662929
3.2733750638647225,0,0.9827490313662929
3.013497221698433,0,0.9827490313662929
2.7559078921584867,0,0.9827490313662929
2.4898045665652537,0,0.9827490313662929
2.211897813244698,0,0.9827490313662929
1.8519635538263004,0,0.9827490313662929
1.3645043049642753,0,0.9827490313662929
0.7573897774196727,0,0.9827490313662929
-0.011763322555868774,0,0.9827490313662929
-1.010250671686148,0,0.9827490313662929
-2.225587318463626,0,0.9827490313662929
-3.5848601867623393,0,0.9827490313662929
-5.053500287232138,0,0.9827490313662929
-6.648789502782789,0,0.9827490313662929
-8.36380208812897,0,0.9827490313662929
-10.13933355508343,0,0.9827490313662929
-11.902276069555583,0,0.9827490313662929
-13.5943427184882,0,0.9827490313662929
-15.146476364841847,0,0.9827490313662929
-16.468793993185102,0,0.9827490313662929
-17.485888960493764,0,0.9827490313662929
-18.128516443260573,0,0.9827490313662929
-18.318043731926185,0,0.9827490313662929
-17.994124958926232,0,0.9827490313662929
-17.156773970915253,0,0.9827490313662929
-15.886467026002256,0,0.9827490313662929
-14.31287689150359,0,0.9827490313662929
-12.536740786823081,0,0.9827490313662929
-10.588419300070521,0,0.9827490313662929
-8.479628735438236,0,0.9827490313662929
-6.273886976934952,0,0.9827490313662929
-4.098541413202795,0,0.9827490313662929
-2.0805859249844363,0,0.9827490313662929
-0.29198905351552035,0,0.9827490313662929
1.235100989677653,0,0.9827490313662929
2.482284624364536,0,0.9827490313662929
3.4318900208257124,0,0.9827490313662929
4.070605556442688,0,0.9827490313662929
4.415754365197559,0,0.9827490313662929
4.528429147859422,0,0.9827490313662929
4.478024423374222,0,0.9827490313662929
4.311242844134881,0,0.9827490313662929
4.075513485847693,0,0.9827490313662929
3.816927109416626,0,0.9827490313662929
3.546121288860415,0,0.9827490313662929
3.2649255997242492,0,0.9827490313662929
3.017392810329913,0,0.9827490313662929
2.862535850465066,0,0.9827490313662929
2.8324064737892054,0,0.9827490313662929
2.9433684461352985,0,0.9827490313662929
3.1858321361776762,0,0.9827490313662929
3.523278305696785,0,0.9827490313662929
3.932968181154988,0,0.9827490313662929
4.395517036769191,0,0.9827490313662929
4.858737146735013,0,0.9827490313662929
5.269802143568394,0,0.9827490313662929
5.61763943928751,0,0.9827490313662929
5.920530146647437,0,0.9827490313662929
6.187679594324769,0,0.9827490313662929
6.402648907656778,0,0.9827490313662929
6.56223180305733,0,0.9827490313662929
6.686852049171618,0,0.9827490313662929
6.78286052039833,0,0.9827490313662929
6.8564742179616145,0,0.9827490313662929
6.922971912965605,0,0.9827490313662929
6.96549781934306,0,0.9827490313662929
6.9534712872747155,1,0.9827255746721237
6.900703129931249,0,0.9827255746721237
6.847989216532208,0,0.9827255746721237
6.806881291335715,0,0.9827255746721237
6.754326682598658,0,0.9827255746721237
6.663570065089807,0,0.9827255746721237
6.527749537889084,0,0.9827255746721237
6.348888687679156,0,0.9827255746721237
6.110903846585125,0,0.9827255746721237
5.803079115836154,0,0.9827255746721237
5.435527435635741,0,0.9827255746721237
5.0232974282114915,0,0.9827255746721237
4.596656307398224,0,0.9827255746721237
4.179248746579416,0,0.9827255746721237
3.768215801196771,0,0.9827255746721237
3.3618777119618635,0,0.9827255746721237
2.963986288964104,0,0.9827255746721237
2.5938454946933067,0,0.9827255746721237
2.27803974794703,0,0.9827255746721237
1.9981248365321533,0,0.9827255746721237
1.6976055258022245,0,0.9827255746721237
1.3207851424235102,0,0.9827255746721237
0.8197560691818055,0,0.9827255746721237
0.1425547978508051,0,0.9827255746721237
-0.7364932553898599,0,0.9827255746721237
-1.7875755197254073,0,0.9827255746721237
-3.008042713021526,0,0.9827255746721237
-4.440095332722845,0,0.9827255746721237
-6.065554106084649,0,0.9827255746721237
-7.819361244322903,0,0.9827255746721237
-9.66627192401948,0,0.9827255746721237
-11.57218712205642,0,0.9827255746721237
-13.462523151934763,0,0.9827255746721237
-15.204488767980296,0,0.9827255746721237
-16.63329466509335,0,0.9827255746721237
-17.643518258619988,0,0.9827255746721237
-18.21705949391144,0,0.9827255746721237
-18.375087251076238,0,0.9827255746721237
-18.10621570820749,0,0.9827255746721237
-17.367385166488216,0,0.9827255746721237
-16.17352161736909,0,0.9827255746721237
-14.594929904752146,0,0.9827255746721237
-12.721068525386963,0,0.9827255746721237
-10.656396248941352,0,0.9827255746721237
-8.476237652716767,0,0.9827255746721237
-6.234296933990862,0,0.9827255746721237
-4.005738164147572,0,0.9827255746721237
-1.8733707512034903,0,0.9827255746721237
0.08370771554121648,0,0.9827255746721237
1.785292087894923,0,0.9827255746721237
3.1855888205110845,0,0.9827255746721237
4.288715542092386,0,0.9827255746721237
5.101302891704142,0,0.9827255746721237
5.618809176427633,0,0.9827255746721237
5.865070931088825,0,0.9827255746721237
5.90985273690685,0,0.9827255746721237
5.830863163680016,0,0.9827255746721237
5.642613041324525,0,0.9827255746721237
5.3074098768227955,0,0.9827255746721237
4.8267580904911345,0,0.9827255746721237
4.280729949713836,0,0.9827255746721237
3.7991053388029346,0,0.9827255746721237
3.4830559103640413,0,0.9827255746721237
3.361917192908634,0,0.9827255746721237
3.4070620466215753,0,0.9827255746721237
3.5526955736013104,0,0.9827255746721237
3.7575657575192736,0,0.9827255746721237
4.021379913168701,0,0.9827255746721237
4.329209058839016,0,0.9827255746721237
4.6555423269565015,0,0.9827255746721237
5.017505480177119,0,0.9827255746721237
5.456848985154502,0,0.9827255746721237
5.948470777569874,0,0.9827255746721237
6.381311363185863,0,0.9827255746721237
6.679766972019638,0,0.9827255746721237
6.893068924578823,0,0.9827255746721237
7.100416774076387,0,0.9827255746721237
7.303362593600598,0,0.9827255746721237
7.472136960684615,0,0.9827255746721237
7.604920729203118,0,0.9827255746721237
7.696832191485972,0,0.9827255746721237
7.729176519524944,0,0.9827255746721237
7.685313101016546,1,0.9830679563693889
7.545032430616402,0,0.9830679563693889
7.320904794073902,0,0.9830679563693889
7.076154478997527,0,0.9830679563693889
6.869203329174613,0,0.9830679563693889
6.690530520257981,0,0.9830679563693889
6.483613918988323,0,0.9830679563693889
6.238602973652539,0,0.9830679563693889
5.980922212843633,0,0.9830679563693889
5.704518744043746,0,0.9830679563693889
5.391160561142434,0,0.9830679563693889
5.035868472747819,0,0.9830679563693889
4.643335251998392,0,0.9830679563693889
4.23517211713031,0,0.9830679563693889
3.8471204541816895,0,0.9830679563693889
3.488552073755995,0,0.9830679563693889
3.138459123574682,0,0.9830679563693889
2.7960456229087405,0,0.9830679563693889
2.4779672400549755,0,0.9830679563693889
2.186068513439739,0,0.9830679563693889
1.8854776952382448,0,0.9830679563693889
1.5009509886054766,0,0.9830679563693889
0.9916016944098198,0,0.9830679563693889
0.4001400272134813,0,0.9830679563693889
-0.23288906966672898,0,0.9830679563693889
-0.9562666755624089,0,0.9830679563693889
-1.8649568229276208,0,0.9830679563693889
-2.9986571028550153,0,0.9830679563693889
-4.324473093123334,0,0.9830679563693889
-5.801927093236606,0,0.9830679563693889
-7.409207950260683,0,0.9830679563693889
-9.11598584819773,0,0.9830679563693889
-10.884428396918631,0,0.9830679563693889
-12.675841730354017,0,0.9830679563693889
-14.419862930264753,0,0.9830679563693889
-16.01633976777995,0,0.9830679563693889
-17.379788269994908,0,0.9830679563693889
-18.430528182579163,0,0.9830679563693889
-19.07755741570021,0,0.9830679563693889
-19.270049303175803,0,0.9830679563693889
-18.98853386628722,0,0.9830679563693889
-18.224304991654456,0,0.9830679563693889
-17.021611494377026,0,0.9830679563693889
-15.448535148392633,0,0.9830679563693889
-13.584171295305936,0,0.9830679563693889
-11.534110705593944,0,0.9830679563693889
-9.376700990513665,0,0.9830679563693889
-7.1440792440064405,0,0.9830679563693889
-4.893365102130276,0,0.9830679563693889
-2.7517841532384297,0,0.9830679563693889
-0.8376583092560722,0,0.9830679563693889
0.7947908702146245,0,0.9830679563693889
2.127877460478216,0,0.9830679563693889
3.1694209779356433,0,0.9830679563693889
3.929088856429824,0,0.9830679563693889
4.419680349717012,0,0.9830679563693889
4.685080282745021,0,0.9830679563693889
4.772852003387628,0,0.9830679563693889
4.7089381629244675,0,0.9830679563693889
4.537297715471973,0,0.9830679563693889
4.325329272252276,0,0.9830679563693889
4.092127073008766,0,0.9830679563693889
3.8124800747247773,0,0.9830679563693889
3.508992389938612,0,0.9830679563693889
3.260482028575012,0,0.9830679563693889
3.1155262696131643,0,0.9830679563693889
3.079512287918083,0,0.9830679563693889
3.1544129983139095,0,0.9830679563693889
3.336250896782499,0,0.9830679563693889
3.6104711578417374,0,0.9830679563693889
3.9256818210557674,0,0.9830679563693889
4.224379312237621,0,0.9830679563693889
4.515921598573823,0,0.9830679563693889
4.839737293721631,0,0.9830679563693889
5.21272409606672,0,0.9830679563693889
5.61652139108476,0,0.9830679563693889
5.999711504752465,0,0.9830679563693889
6.317286964474721,0,0.9830679563693889
6.544328616584927,0,0.9830679563693889
6.683342382463749,0,0.9830679563693889
6.775697746468725,0,0.9830679563693889
6.862351894970101,0,0.9830679563693889
6.972208131362059,0,0.9830679563693889
7.100825353061631,0,0.9830679563693889
7.17725105467228,0,0.9830679563693889
7.161214830922582,1,0.9832493364095793
7.096541628912492,0,0.9832493364095793
7.013354530141311,0,0.9832493364095793
6.9047382782785585,0,0.9832493364095793
6.764751585749461,0,0.9832493364095793
6.57692617421765,0,0.9832493364095793
6.324119605776465,0,0.9832493364095793
6.008325654265841,0,0.9832493364095793
5.644565469217475,0,0.9832493364095793
5.257565956979294,0,0.9832493364095793
4.878132498332766,0,0.9832493364095793
4.529633486132935,0,0.9832493364095793
4.209319178483214,0,0.9832493364095793
3.885653557823206,0,0.9832493364095793
3.5530718244671586,0,0.9832493364095793
3.24442223692395,0,0.9832493364095793
2.9364237029404934,0,0.9832493364095793
2.564799912747675,0,0.9832493364095793
2.118688752751885,0,0.9832493364095793
1.6112061027445377,0,0.9832493364095793
1.0350801908335474,0,0.9832493364095793
0.33734918867139213,0,0.9832493364095793
-0.5700967000293655,0,0.9832493364095793
-1.7045059337247634,0,0.9832493364095793
-3.0077384625483194,0,0.9832493364095793
-4.437652601357408,0,0.9832493364095793
-5.9942923086247735,0,0.9832493364095793
-7.679709572442918,0,0.9832493364095793
-9.44585430537204,0,0.9832493364095793
-11.21698553584582,0,0.9832493364095793
-12.922439143132383,0,0.9832493364095793
-14.488675720081925,0,0.9832493364095793
-15.840100029017778,0,0.9832493364095793
-16.906033433936138,0,0.9832493364095793
-17.619564872060582,0,0.9832493364095793
-17.935316938205467,0,0.9832493364095793
-17.8405070263701,0,0.9832493364095793
-17.310982967004897,0,0.9832493364095793
-16.326449333268005,0,0.9832493364095793
-14.92192408357519,0,0.9832493364095793
-13.16458356550977,0,0.9832493364095793
-11.13253817435195,0,0.9832493364095793
-8.93956622455218,0,0.9832493364095793
-6.741931839135639,0,0.9832493364095793
-4.6642533688460075,0,0.9832493364095793
-2.737579776565789,0,0.9832493364095793
-0.9675464541315145,0,0.9832493364095793
0.6068185959502352,0,0.9832493364095793
1.9499338591536746,0,0.9832493364095793
3.0360122367085576,0,0.9832493364095793
3.8344927191196536,0,0.9832493364095793
4.349444504064932,0,0.9832493364095793
4.629474845896733,0,0.9832493364095793
4.7174708502606215,0,0.9832493364095793
4.645722382141003,0,0.9832493364095793
4.463780868788687,0,0.9832493364095793
4.215328224083742,0,0.9832493364095793
3.929671808695967,0,0.9832493364095793
3.6676553279391455,0,0.9832493364095793
3.4890612452757446,0,0.9832493364095793
3.3864607087239476,0,0.9832493364095793
3.327918322226831,0,0.9832493364095793
3.3192457250351084,0,0.9832493364095793
3.3950812729437496,0,0.9832493364095793
3.5833368358805893,0,0.9832493364095793
3.885436418951653,0,0.9832493364095793
4.270757495522801,0,0.9832493364095793
4.6986224984735605,0,0.9832493364095793
5.132650949160298,0,0.9832493364095793
5.536288434219262,0,0.9832493364095793
5.885528659108854,0,0.9832493364095793
6.16716076137328,0,0.9832493364095793
6.370002355884784,0,0.9832493364095793
6.50568913263685,0,0.9832493364095793
6.618408763569634,0,0.9832493364095793
6.728113401055134,0,0.9832493364095793
6.8040589231926605,0,0.9832493364095793
6.836701726281122,0,0.9832493364095793
6.856078807223153,0,0.9832493364095793
6.876763805175197,0,0.9832493364095793
6.889679743899792,0,0.9832493364095793
6.880894917337793,1,0.9832505418918417
6.836243819817176,0,0.9832505418918417
6.7504314416280895,0,0.9832505418918417
6.6486373752796855,0,0.9832505418918417
6.567076751944314,0,0.9832505418918417
6.493427090051137,0,0.9832505418918417
6.382371766406619,0,0.9832505418918417
6.219576284745742,0,0.9832505418918417
6.0224280251375655,0,0.9832505418918417
5.7950748340182665,0,0.9832505418918417
5.520426560280117,0,0.9832505418918417
5.183636346482498,0,0.9832505418918417
4.792728279624672,0,0.9832505418918417
4.388632619355004,0,0.9832505418918417
4.00721178344861,0,0.9832505418918417
3.6543433701117887,0,0.9832505418918417
3.316693601540444,0,0.9832505418918417
2.9720162178761647,0,0.9832505418918417
2.601074837527518,0,0.9832505418918417
2.1923920741139025,0,0.9832505418918417
1.7644445887120856,0,0.9832505418918417
1.344147367123616,0,0.9832505418918417
0.9041743255075023,0,0.9832505418918417
0.39409888975243984,0,0.9832505418918417
-0.21114058922897003,0,0.9832505418918417
-0.9367105880995774,0,0.9832505418918417
-1.8029685827533157,0,0.9832505418918417
-2.8022244294280303,0,0.9832505418918417
-3.935107407014698,0,0.9832505418918417
-5.236693233682808,0,0.9832505418918417
-6.732032244763485,0,0.9832505418918417
-8.37121818668003,0,0.9832505418918417
-10.05182582101096,0,0.9832505418918417
-11.719551914143956,0,0.9832505418918417
-13.355688311496559,0,0.9832505418918417
-14.900726001839493,0,0.9832505418918417
-16.27997209971533,0,0.9832505418918417
-17.41418380182248,0,0.9832505418918417
-18.211636703309434,0,0.9832505418918417
-18.627642213916356,0,0.9832505418918417
-18.64971599821271,0,0.9832505418918417
-18.240374722672264,0,0.9832505418918417
-17.397184381902598,0,0.9832505418918417
-16.16830646752921,0,0.9832505418918417
-14.573047000253789,0,0.9832505418918417
-12.653168303899202,0,0.9832505418918417
-10.540373940349745,0,0.9832505418918417
-8.366653157842842,0,0.9832505418918417
-6.219230752013515,0,0.9832505418918417
-4.170574176587411,0,0.9832505418918417
-2.264275375347243,0,0.9832505418918417
-0.5263219084311189,0,0.9832505418918417
1.0047376511154196,0,0.9832505418918417
2.272305657071823,0,0.9832505418918417
3.2379012127650877,0,0.9832505418918417
3.9298687059685213,0,0.9832505418918417
4.428617678823518,0,0.9832505418918417
4.8070264774854445,0,0.9832505418918417
5.062335574215804,0,0.9832505418918417
5.151981966731292,0,0.9832505418918417
5.087224770329019,0,0.9832505418918417
4.899522499975904,0,0.9832505418918417
4.61549075658681,0,0.9832505418918417
4.296684719193964,0,0.9832505418918417
3.9974635522228255,0,0.9832505418918417
3.7423046314900263,0,0.9832505418918417
3.571167452931751,0,0.9832505418918417
3.5161438213185354,0,0.9832505418918417
3.557616858186593,0,0.9832505418918417
3.673138840547135,0,0.9832505418918417
3.888776108288964,0,0.9832505418918417
4.241066006593205,0,0.9832505418918417
4.718944394159305,0,0.9832505418918417
5.250105848119966,0,0.9832505418918417
5.768100075980226,0,0.9832505418918417
6.274483180637417,0,0.9832505418918417
6.767318902983837,0,0.9832505418918417
7.19786059356684,0,0.9832505418918417
7.548305259688956,0,0.9832505418918417
7.844570992927924,0,0.9832505418918417
8.0895703005306,0,0.9832505418918417
8.247389013563609,0,0.9832505418918417
8.285231572801992,0,0.9832505418918417
8.215120918577218,1,0.9833147728241342
8.077563089833172,0,0.9833147728241342
7.889005289831713,0,0.9833147728241342
7.654830291288027,0,0.9833147728241342
7.408726879764851,0,0.9833147728241342
7.1877075513733475,0,0.9833147728241342
6.9755433847850865,0,0.9833147728241342
6.712266026377363,0,0.9833147728241342
6.363983765975284,0,0.9833147728241342
5.946723185498445,0,0.9833147728241342
5.506996790328622,0,0.9833147728241342
5.0883584420947106,0,0.9833147728241342
4.714600112782259,0,0.9833147728241342
4.390262698727898,0,0.9833147728241342
4.086350769404951,0,0.9833147728241342
3.763940809819564,0,0.9833147728241342
3.420144501203503,0,0.9833147728241342
3.0811158684501825,0,0.9833147728241342
2.7517478405306366,0,0.9833147728241342
2.393108690935139,0,0.9833147728241342
1.9682885832881434,0,0.9833147728241342
1.4904242976199864,0,0.9833147728241342
1.0021460480078248,0,0.9833147728241342
0.5149804592488991,0,0.9833147728241342
-0.014824767977482375,0,0.9833147728241342
-0.6504033492026519,0,0.9833147728241342
-1.4468482360365669,0,0.9833147728241342
-2.4564233464828935,0,0.9833147728241342
-3.7103108224963526,0,0.9833147728241342
-5.182364688680639,0,0.9833147728241342
-6.816896376960025,0,0.9833147728241342
-8.583758931003779,0,0.9833147728241342
-10.467365167638292,0,0.9833147728241342
-12.387470937662675,0,0.9833147728241342
-14.17345343260151,0,0.9833147728241342
-15.697301813186595,0,0.9833147728241342
-16.936282771049076,0,0.9833147728241342
-17.837208992362072,0,0.9833147728241342
-18.28735530739841,0,0.9833147728241342
-18.26418172589879,0,0.9833147728241342
-17.829703152770396,0,0.9833147728241342
-16.982839602368237,0,0.9833147728241342
-15.689224907175879,0,0.9833147728241342
-14.024275035475295,0,0.9833147728241342
-12.133644589649391,0,0.9833147728241342
-10.084862349972575,0,0.9833147728241342
-7.912228353409962,0,0.9833147728241342
-5.717499504189779,0,0.9833147728241342
-3.6031965129932013,0,0.9833147728241342
-1.6264365964945475,0,0.9833147728241342
0.14139912961705556,0,0.9833147728241342
1.615752023081134,0,0.9833147728241342
2.771438335277055,0,0.9833147728241342
3.6400425440188355,0,0.9833147728241342
4.2471500139734735,0,0.9833147728241342
4.59278488395184,0,0.9833147728241342
4.684765521865522,0,0.9833147728241342
4.582278274734516,0,0.9833147728241342
4.368381966634532,0,0.9833147728241342
4.10403157519034,0,0.9833147728241342
3.8431786700398884,0,0.9833147728241342
3.6158923386023365,0,0.9833147728241342
3.3944038198534923,0,0.9833147728241342
3.154970215774911,0,0.9833147728241342
2.943900693722308,0,0.9833147728241342
2.835098401843675,0,0.9833147728241342
2.882374473353173,0,0.9833147728241342
3.100831517515964,0,0.9833147728241342
3.4477240503191986,0,0.9833147728241342
3.8714485062359696,0,0.9833147728241342
4.338991714975857,0,0.9833147728241342
4.815025394504238,0,0.9833147728241342
5.28635580361161,0,0.9833147728241342
5.747067681019855,0,0.9833147728241342
6.1720248656778764,0,0.9833147728241342
6.558535300943874,0,0.9833147728241342
6.925015235045364,0,0.9833147728241342
7.247288977115909,0,0.9833147728241342
7.465225634877193,0,0.9833147728241342
7.5684580062221665,0,0.9833147728241342
7.588923746654467,0,0.9833147728241342
7.540111417807442,1,0.9833147728241342
7.456064374990328,0,0.9833147728241342
7.3827302565811594,0,0.9833147728241342
7.318129805500776,0,0.9833147728241342
7.248649823466987,0,0.9833147728241342
7.1639167109888575,0,0.9833147728241342
7.038181159213337,0,0.9833147728241342
6.858342799626178,0,0.9833147728241342
6.627380327402162,0,0.9833147728241342
6.3559460961891725,0,0.9833147728241342
6.057204127199702,0,0.9833147728241342
5.732318665212689,0,0.9833147728241342
5.3697832495605065,0,0.9833147728241342
4.970649505488248,0,0.9833147728241342
4.5788397041058335,0,0.9833147728241342
4.246571485970589,0,0.9833147728241342
3.9692425023931017,0,0.9833147728241342
3.6831489361150096,0,0.9833147728241342
3.349128015129718,0,0.9833147728241342
3.004224663847049,0,0.9833147728241342
2.6889460184999825,0,0.9833147728241342
2.3969929673038295,0,0.9833147728241342
2.107852468797236,0,0.9833147728241342
1.7864296299075544,0,0.9833147728241342
1.3928201449824729,0,0.9833147728241342
0.9270518621175345,0,0.9833147728241342
0.4038376944628682,0,0.9833147728241342
-0.1719930772888899,0,0.9833147728241342
-0.781727699300143,0,0.9833147728241342
-1.4471900519637948,0,0.9833147728241342
-2.2560794384218306,0,0.9833147728241342
-3.2554977083216494,0,0.9833147728241342
-4.438562348352505,0,0.9833147728241342
-5.81451702470793,0,0.9833147728241342
-7.368393997536384,0,0.9833147728241342
-9.033196585775862,0,0.9833147728241342
-10.763149610201644,0,0.9833147728241342
-12.542518368230343,0,0.9833147728241342
-14.31003375352963,0,0.9833147728241342
-15.962002845566225,0,0.9833147728241342
-17.39643700436125,0,0.9833147728241342
-18.48136253598986,0,0.9833147728241342
-19.080768062048314,0,0.9833147728241342
-19.147711213666824,0,0.9833147728241342
-18.70931501929965,0,0.9833147728241342
-17.803347308715157,0,0.9833147728241342
-16.473742959375482,0,0.9833147728241342
-14.782342572035127,0,0.9833147728241342
-12.814742435868126,0,0.9833147728241342
-10.674262638314836,0,0.9833147728241342
-8.469802016303047,0,0.9833147728241342
-6.301808675876584,0,0.9833147728241342
-4.22624678063765,0,0.9833147728241342
-2.2683840101429147,0,0.9833147728241342
-0.47181810192383616,0,0.9833147728241342
1.1219047023469437,0,0.9833147728241342
2.4796194686022255,0,0.9833147728241342
3.5430115397094935,0,0.9833147728241342
4.282787356019708,0,0.9833147728241342
4.734655235632423,0,0.9833147728241342
4.942956569937594,0,0.9833147728241342
4.9461093472799265,0,0.9833147728241342
4.782730061790545,0,0.9833147728241342
4.493375163020256,0,0.9833147728241342
4.119449770645328,0,0.9833147728241342
3.706787621003339,0,0.9833147728241342
3.329604861985256,0,0.9833147728241342
3.058433552261271,0,0.9833147728241342
2.9135573076988788,0,0.9833147728241342
2.876663736585002,0,0.9833147728241342
2.9462207518183368,0,0.9833147728241342
3.151243879606043,0,0.9833147728241342
3.487927143180456,0,0.9833147728241342
3.886789006443759,0,0.9833147728241342
4.265131388076237,0,0.9833147728241342
4.614366427015844,0,0.9833147728241342
5.002821758569979,0,0.9833147728241342
5.466447821118729,0,0.9833147728241342
5.9775602631856355,0,0.9833147728241342
6.507378623970255,0,0.9833147728241342
7.006701143327224,0,0.9833147728241342
7.406281493314277,0,0.9833147728241342
7.698743763148225,0,0.9833147728241342
7.921500244022537,0,0.9833147728241342
8.093909467367633,0,0.9833147728241342
8.214121797877036,0,0.9833147728241342
8.275094572034133,0,0.9833147728241342
8.296079403954765,0,0.9833147728241342
8.286167834743392,1,0.9831122948498462
8.196689043525957,0,0.9831122948498462
7.981318120436501,0,0.9831122948498462
7.643921088711322,0,0.9831122948498462
7.219877712558221,0,0.9831122948498462
6.756203294502423,0,0.9831122948498462
6.297216101400683,0,0.9831122948498462
5.866643364347488,0,0.9831122948498462
5.464080281229496,0,0.9831122948498462
5.076925516487363,0,0.9831122948498462
4.703014314829687,0,0.9831122948498462
4.3434317398238935,0,0.9831122948498462
3.990883709773339,0,0.9831122948498462
3.655040282858645,0,0.9831122948498462
3.338065494191441,0,0.9831122948498462
3.022018615468652,0,0.9831122948498462
2.727700184650219,0,0.9831122948498462
2.499665276148721,0,0.9831122948498462
2.3237838339296517,0,0.9831122948498462
2.1269413256477363,0,0.9831122948498462
1.8482152989358374,0,0.9831122948498462
1.4626729139537498,0,0.9831122948498462
0.9665953898806985,0,0.9831122948498462
0.3872422669081043,0,0.9831122948498462
-0.24615561405709124,0,0.9831122948498462
-0.9575537105738494,0,0.9831122948498462
-1.7838779372921174,0,0.9831122948498462
-2.731340129493802,0,0.9831122948498462
-3.820747592539394,0,0.9831122948498462
-5.102087856108558,0,0.9831122948498462
-6.601096162040618,0,0.9831122948498462
-8.27777685004844,0,0.9831122948498462
-10.050479865223684,0,0.9831122948498462
-11.839907386554035,0,0.9831122948498462
-13.564842925264296,0,0.9831122948498462
-15.129017850732538,0,0.9831122948498462
-16.434556243737074,0,0.9831122948498462
-17.414351335275352,0,0.9831122948498462
-18.032166530804172,0,0.9831122948498462
-18.262580820701867,0,0.9831122948498462
-18.092206701804994,0,0.9831122948498462
-17.495263748390798,0,0.9831122948498462
-16.470378651267698,0,0.9831122948498462
-15.078666108060075,0,0.9831122948498462
-13.381521076651122,0,0.9831122948498462
-11.443746135225004,0,0.9831122948498462
-9.366878871624417,0,0.9831122948498462
-7.24279046919457,0,0.9831122948498462
-5.140859750533436,0,0.9831122948498462
-3.1328298707264017,0,0.9831122948498462
-1.2647499205251533,0,0.9831122948498462
0.4367189047338259,0,0.9831122948498462
1.9050096002618122,0,0.9831122948498462
3.0735857962598865,0,0.9831122948498462
3.9502618214599496,0,0.9831122948498462
4.567303321818121,0,0.9831122948498462
4.94044408001115,0,0.9831122948498462
5.112459605398072,0,0.9831122948498462
5.148548910160187,0,0.9831122948498462
5.091053484381214,0,0.9831122948498462
4.958031708537537,0,0.9831122948498462
4.765149934432474,0,0.9831122948498462
4.541900538444637,0,0.9831122948498462
4.332916400107462,0,0.9831122948498462
4.174934600150069,0,0.9831122948498462
4.077484752549481,0,0.9831122948498462
4.042667032896625,0,0.9831122948498462
4.0946313744135026,0,0.9831122948498462
4.244923534208743,0,0.9831122948498462
4.473596856687588,0,0.9831122948498462
4.758835684694608,0,0.9831122948498462
5.074873481936067,0,0.9831122948498462
5.408921012098366,0,0.9831122948498462
5.767211172518386,0,0.9831122948498462
6.145891327926466,0,0.9831122948498462
6.52401128734739,0,0.9831122948498462
6.862496394324489,0,0.9831122948498462
7.129718522338066,0,0.9831122948498462
7.328733801729203,0,0.9831122948498462
7.472607581138458,0,0.9831122948498462
7.547642208614868,0,0.9831122948498462
7.535517613823454,1,0.983126400937013
7.444178936830677,0,0.983126400937013
7.2889617749714,0,0.983126400937013
7.094384834575548,0,0.983126400937013
6.888737466566169,0,0.983126400937013
6.6799349082664925,0,0.983126400937013
6.454619672759907,0,0.983126400937013
6.170664957109239,0,0.983126400937013
5.806900089308707,0,0.983126400937013
5.419682201377754,0,0.983126400937013
5.057733518041477,0,0.983126400937013
4.70289618886626,0,0.983126400937013
4.344776921037308,0,0.983126400937013
4.009968372538171,0,0.983126400937013
3.721883348569972,0,0.983126400937013
3.493678808580716,0,0.983126400937013
3.329288136374538,0,0.983126400937013
3.19827116268575,0,0.983126400937013
3.062471663339111,0,0.983126400937013
2.921856974572648,0,0.983126400937013
2.775782526121632,0,0.983126400937013
2.593992457753209,0,0.983126400937013
2.364811276505766,0,0.983126400937013
2.114185860299391,0,0.983126400937013
1.8780772776301475,0,0.983126400937013
1.6587871824884004,0,0.983126400937013
1.393660871292955,0,0.983126400937013
1.032259590765549,0,0.983126400937013
0.5913879411364013,0,0.983126400937013
0.04929534536557405,0,0.983126400937013
-0.6505862209395195,0,0.983126400937013
-1.4991114361030835,0,0.983126400937013
-2.4669630275394026,0,0.983126400937013
-3.5467877006239767,0,0.983126400937013
-4.761473513673083,0,0.983126400937013
-6.151624148545629,0,0.983126400937013
-7.711261543200417,0,0.983126400937013
-9.397878922957037,0,0.983126400937013
-11.156592989658108,0,0.983126400937013
-12.92386270431015,0,0.983126400937013
-14.646374720611568,0,0.983126400937013
-16.238019883745842,0,0.983126400937013
-17.560037103152837,0,0.983126400937013
-18.484684041820696,0,0.983126400937013
-18.93512090508906,0,0.983126400937013
-18.890470368245214,0,0.983126400937013
-18.379145853275052,0,0.983126400937013
-17.4380162518509,0,0.983126400937013
-16.093069797647356,0,0.983126400937013
-14.419064633244396,0,0.983126400937013
-12.536629489600179,0,0.983126400937013
-10.51696171467984,0,0.983126400937013
-8.392242577903763,0,0.983126400937013
-6.250832048995767,0,0.983126400937013
-4.227845929146171,0,0.983126400937013
-2.4041711847179665,0,0.983126400937013
-0.7729812999142713,0,0.983126400937013
0.6928642120942934,0,0.983126400937013
1.9784604054551918,0,0.983126400937013
3.042349480366694,0,0.983126400937013
3.8647993939361838,0,0.983126400937013
4.459636766727019,0,0.983126400937013
4.833448526989221,0,0.983126400937013
4.962504875603443,0,0.983126400937013
4.861191239926925,0,0.983126400937013
4.620757177548006,0,0.983126400937013
4.3289037175411105,0,0.983126400937013
4.011607157592845,0,0.983126400937013
3.6750445403479994,0,0.983126400937013
3.360982281080222,0,0.983126400937013
3.139752147997419,0,0.983126400937013
3.0488852720114004,0,0.983126400937013
3.069217842991271,0,0.983126400937013
3.178326832577332,0,0.983126400937013
3.3862878680783486,0,0.983126400937013
3.6878579673573393,0,0.983126400937013
4.036425966717608,0,0.983126400937013
4.413676298132168,0,0.983126400937013
4.842475103240492,0,0.983126400937013
5.334027882008469,0,0.983126400937013
5.866240295011356,0,0.983126400937013
6.381532868612263,0,0.983126400937013
6.8439504436310585,0,0.983126400937013
7.270730861522572,0,0.983126400937013
7.671493990774843,0,0.983126400937013
8.029041431632995,0,0.983126400937013
8.332384322231395,0,0.983126400937013
8.569431429749246,0,0.983126400937013
8.72475246697624,0,0.983126400937013
8.779639899799124,0,0.983126400937013
8.695986730593722,1,0.9829632940516823
8.46691621331321,0,0.9829632940516823
8.141406683128007,0,0.9829632940516823
7.762896077821552,0,0.9829632940516823
7.350938891478264,0,0.9829632940516823
6.939060139954202,0,0.9829632940516823
6.551927517057019,0,0.9829632940516823
6.164389861727244,0,0.9829632940516823
5.76333316243105,0,0.9829632940516823
5.37993719894233,0,0.9829632940516823
5.030268719945668,0,0.9829632940516823
4.698668788721658,0,0.9829632940516823
4.373569287252158,0,0.9829632940516823
4.067426946680151,0,0.9829632940516823
3.7872456115191255,0,0.9829632940516823
3.5416613309091582,0,0.9829632940516823
3.3604955908139496,0,0.9829632940516823
3.2331263854882057,0,0.9829632940516823
3.0936639095624123,0,0.9829632940516823
2.900974832518231,0,0.9829632940516823
2.681866999177957,0,0.9829632940516823
2.4591730105639753,0,0.9829632940516823
2.2173520971435945,0,0.9829632940516823
1.950970533648311,0,0.9829632940516823
1.6663654112693926,0,0.9829632940516823
1.3574722877604373,0,0.9829632940516823
0.9985069873203575,0,0.9829632940516823
0.5903521529381925,0,0.9829632940516823
0.1634196894285792,0,0.9829632940516823
-0.2824116288813979,0,0.9829632940516823
-0.767466692328185,0,0.9829632940516823
-1.3225225149813662,0,0.9829632940516823
-2.0115239002052254,0,0.9829632940516823
-2.904633499472384,0,0.9829632940516823
-4.026096583168735,0,0.9829632940516823
-5.342422806122798,0,0.9829632940516823
-6.782752821260128,0,0.9829632940516823
-8.292744580598027,0,0.9829632940516823
-9.873883298343593,0,0.9829632940516823
-11.521776693877095,0,0.9829632940516823
-13.17583227831803,0,0.9829632940516823
-14.761126432247627,0,0.9829632940516823
-16.22827307523053,0,0.9829632940516823
-17.51773105575955,0,0.9829632940516823
-18.535856574639656,0,0.9829632940516823
-19.213313190529817,0,0.9829632940516823
-19.51528097129588,0,0.9829632940516823
-19.394901284159,0,0.9829632940516823
-18.793077950617356,0,0.9829632940516823
-17.704265557905153,0,0.9829632940516823
-16.197174261255377,0,0.9829632940516823
-14.349682972540684,0,0.9829632940516823
-12.241101420272704,0,0.9829632940516823
-9.979142032336217,0,0.9829632940516823
-7.671361401181827,0,0.9829632940516823
-5.40043053827103,0,0.9829632940516823
-3.261265889046302,0,0.9829632940516823
-1.3520432352799046,0,0.9829632940516823
0.2938085961711913,0,0.9829632940516823
1.690843234850343,0,0.9829632940516823
2.849971224515284,0,0.9829632940516823
3.781711012451749,0,0.9829632940516823
4.494456178579384,0,0.9829632940516823
4.9788981074389325,0,0.9829632940516823
5.24842032870673,0,0.9829632940516823
5.360165882431951,0,0.9829632940516823
5.370448379663676,0,0.9829632940516823
5.296977486340098,0,0.9829632940516823
5.118578126777036,0,0.9829632940516823
4.845731350195993,0,0.9829632940516823
4.566285680184408,0,0.9829632940516823
4.383557833733602,0,0.9829632940516823
4.3353051727692264,0,0.9829632940516823
4.378353334655277,0,0.9829632940516823
4.463476410852878,0,0.9829632940516823
4.597423933568744,0,0.9829632940516823
4.813425530137949,0,0.9829632940516823
5.12191721553613,0,0.9829632940516823
5.503141586769307,0,0.9829632940516823
5.929709141657547,0,0.9829632940516823
6.368923934536767,0,0.9829632940516823
6.776611632768132,0,0.9829632940516823
7.12743741715384,0,0.9829632940516823
7.4300822765446135,0,0.9829632940516823
7.687881292612598,0,0.9829632940516823
7.891002358473109,0,0.9829632940516823
8.049402668700656,0,0.9829632940516823
8.157049250353218,0,0.9829632940516823
8.181817280382988,0,0.9829632940516823
8.14293240541628,1,0.9835918619444232
8.075053999902748,0,0.9835918619444232
7.967703197224126,0,0.9835918619444232
7.809657939563971,0,0.9835918619444232
7.59045638270514,0,0.9835918619444232
7.313153383146533,0,0.9835918619444232
7.012249132297704,0,0.9835918619444232
6.692939276625319,0,0.9835918619444232
6.344282952920703,0,0.9835918619444232
5.987797951690864,0,0.9835918619444232
5.628921751004509,0,0.9835918619444232
5.239844123766923,0,0.9835918619444232
4.825415063549715,0,0.9835918619444232
4.428865864236899,0,0.9835918619444232
4.055268314500126,0,0.9835918619444232
3.6645590810626976,0,0.9835918619444232
3.2396907318356982,0,0.9835918619444232
2.789815133190606,0,0.9835918619444232
2.3197424815964762,0,0.9835918619444232
1.8259588820547326,0,0.9835918619444232
1.2850013957402098,0,0.9835918619444232
0.6679120132101485,0,0.9835918619444232
0.0027472663412433443,0,0.9835918619444232
-0.6376714724526005,0,0.9835918619444232
-1.2665370996537098,0,0.9835918619444232
-1.9878699110556715,0,0.9835918619444232
-2.8446202857360787,0,0.9835918619444232
-3.8302294282008846,0,0.9835918619444232
-4.978542286112081,0,0.9835918619444232
-6.308536334661343,0,0.9835918619444232
-7.794871585310579,0,0.9835918619444232
-9.398467773883135,0,0.9835918619444232
-11.051371551672673,0,0.9835918619444232
-12.668513899327897,0,0.9835918619444232
-14.177868131072241,0,0.9835918619444232
-15.522536092574011,0,0.9835918619444232
-16.650681110053792,0,0.9835918619444232
-17.470560374376035,0,0.9835918619444232
-17.85799788716988,0,0.9835918619444232
-17.731072485926983,0,0.9835918619444232
-17.089141700236507,0,0.9835918619444232
-16.00216947902295,0,0.9835918619444232
-14.55766293772339,0,0.9835918619444232
-12.842486689223076,0,0.9835918619444232
-10.925232833037082,0,0.9835918619444232
-8.83111535619454,0,0.9835918619444232
-6.626106048258531,0,0.9835918619444232
-4.4380360657509765,0,0.9835918619444232
-2.3709520829239934,0,0.9835918619444232
-0.488650440861143,0,0.9835918619444232
1.1736389570809238,0,0.9835918619444232
2.585915463741492,0,0.9835918619444232
3.708325844616102,0,0.9835918619444232
4.524854070792686,0,0.9835918619444232
5.053560604056545,0,0.9835918619444232
5.341938315337591,0,0.9835918619444232
5.434726924474023,0,0.9835918619444232
5.338666533364023,0,0.9835918619444232
5.071477845625239,0,0.9835918619444232
4.701909000554999,0,0.9835918619444232
4.315849706093819,0,0.9835918619444232
3.9637284403325643,0,0.9835918619444232
3.654833968318951,0,0.9835918619444232
3.4014704657692483,0,0.9835918619444232
3.2293546397726836,0,0.9835918619444232
3.1664951751614967,0,0.9835918619444232
3.2307556287416936,0,0.9835918619444232
3.398054593210601,0,0.9835918619444232
3.6328193626803467,0,0.9835918619444232
3.95402611135303,0,0.9835918619444232
4.39005747230242,0,0.9835918619444232
4.890761666945717,0,0.9835918619444232
5.375587058345955,0,0.9835918619444232
5.824430778940345,0,0.9835918619444232
6.249510467239279,0,0.9835918619444232
6.63974269151933,0,0.9835918619444232
6.979895173048809,0,0.9835918619444232
7.2884083226345115,0,0.9835918619444232
7.57646554309101,0,0.9835918619444232
7.791143490945157,0,0.9835918619444232
7.878378004727484,0,0.9835918619444232
7.851099409549148,1,0.983689895983251
7.752016819547789,0,0.983689895983251
7.606225171249789,0,0.983689895983251
7.42417157546115,0,0.983689895983251
7.221318740421127,0,0.983689895983251
6.994649027931243,0,0.983689895983251
6.718552981021674,0,0.983689895983251
6.40999412526101,0,0.983689895983251
6.1363006580125345,0,0.983689895983251
5.926422704285247,0,0.983689895983251
5.725581267387933,0,0.983689895983251
5.479985796854681,0,0.983689895983251
5.201846453816805,0,0.983689895983251
4.9218726132,0,0.983689895983251
4.636427551814674,0,0.983689895983251
4.32305043607934,0,0.983689895983251
3.9960084799118216,0,0.983689895983251
3.685600304524126,0,0.983689895983251
3.3812939220197844,0,0.983689895983251
3.0578603253102146,0,0.983689895983251
2.7252792743558625,0,0.983689895983251
2.4088463928184773,0,0.983689895983251
2.094893636767556,0,0.983689895983251
1.7600425677138827,0,0.983689895983251
1.4121861795913775,0,0.983689895983251
1.0547611711432918,0,0.983689895983251
0.6849174769273706,0,0.983689895983251
0.2857402889599899,0,0.983689895983251
-0.21008637725759463,0,0.983689895983251
-0.8705410521812004,0,0.983689895983251
-1.7070811017572365,0,0.983689895983251
-2.711011614283984,0,0.983689895983251
-3.8865097895703955,0,0.983689895983251
-5.218393866526736,0,0.983689895983251
-6.706640016760779,0,0.983689895983251
-8.384779579337401,0,0.983689895983251
-10.206866907750966,0,0.983689895983251
-12.042678430233122,0,0.983689895983251
-13.794677871326531,0,0.983689895983251
-15.418772028795772,0,0.983689895983251
-16.841253225239637,0,0.983689895983251
-17.930940144715024,0,0.983689895983251
-18.59792108355579,0,0.983689895983251
-18.836315806064473,0,0.983689895983251
-18.638462874392733,0,0.983689895983251
-17.980162583436982,0,0.983689895983251
-16.887244327230967,0,0.983689895983251
-15.41740181559344,0,0.983689895983251
-13.634201427617137,0,0.983689895983251
-11.629236054341488,0,0.983689895983251
-9.500914484409877,0,0.983689895983251
-7.337528746393531,0,0.983689895983251
-5.218954889680485,0,0.983689895983251
-3.2321437420124552,0,0.983689895983251
-1.4815266996360505,0,0.983689895983251
-0.005481118471196651,0,0.983689895983251
1.2401023712793615,0,0.983689895983251
2.270993273183188,0,0.983689895983251
3.0752149026986992,0,0.983689895983251
3.684659025957651,0,0.983689895983251
4.136943818769375,0,0.983689895983251
4.423805707233015,0,0.983689895983251
4.546941677138147,0,0.983689895983251
4.554793199105403,0,0.983689895983251
4.465966898015375,0,0.983689895983251
4.266150524799804,0,0.983689895983251
4.007577967413328,0,0.983689895983251
3.768845952304893,0,0.983689895983251
3.5633744203101396,0,0.983689895983251
3.3896068024028447,0,0.983689895983251
3.270339719023915,0,0.983689895983251
3.2310192550185635,0,0.983689895983251
3.3014627848468856,0,0.983689895983251
3.4952156354944126,0,0.983689895983251
3.7850780752250235,0,0.983689895983251
4.1356869762986,0,0.983689895983251
4.539568929904688,0,0.983689895983251
4.9910873648795,0,0.983689895983251
5.460057100753057,0,0.983689895983251
5.907309838398191,0,0.983689895983251
6.297886714186516,0,0.983689895983251
6.609768239719564,0,0.983689895983251
6.833301942699384,0,0.983689895983251
6.964456722896474,0,0.983689895983251
7.027707880839484,0,0.983689895983251
7.068483964725877,0,0.983689895983251
7.103840737775596,0,0.983689895983251
7.131389261061492,0,0.983689895983251
7.144958058238343,0,0.983689895983251
7.129344739999908,1,0.9834829641434208
7.077055546678809,0,0.9834829641434208
6.990833379279918,0,0.9834829641434208
6.881970092461054,0,0.9834829641434208
6.751124493166354,0,0.9834829641434208
6.580557159754379,0,0.9834829641434208
6.3703918624294,0,0.9834829641434208
6.122156052029041,0,0.9834829641434208
5.814058518018514,0,0.9834829641434208
5.439851453148784,0,0.9834829641434208
5.018685539640911,0,0.9834829641434208
4.570539003059928,0,0.9834829641434208
4.110238868402329,0,0.9834829641434208
3.6519945638754154,0,0.9834829641434208
3.2218164567900596,0,0.9834829641434208
2.846385768208772,0,0.9834829641434208
2.5298320493093516,0,0.9834829641434208
2.2595496681652767,0,0.9834829641434208
2.0178281138868135,0,0.9834829641434208
1.7831096849265597,0,0.9834829641434208
1.5217953881820592,0,0.9834829641434208
1.189403000373699,0,0.9834829641434208
0.7626264520734913,0,0.9834829641434208
0.2583213985447715,0,0.9834829641434208
-0.3257584455915316,0,0.9834829641434208
-1.0534882428303616,0,0.9834829641434208
-1.979003398811177,0,0.9834829641434208
-3.092112933390757,0,0.9834829641434208
-4.356740877088086,0,0.9834829641434208
-5.762605018715348,0,0.9834829641434208
-7.3309792201981,0,0.9834829641434208
-9.048122471272453,0,0.9834829641434208
-10.837876222983208,0,0.9834829641434208
-12.636532761376552,0,0.9834829641434208
-14.398285571612147,0,0.9834829641434208
-16.031312515785505,0,0.9834829641434208
-17.408725511193918,0,0.9834829641434208
-18.405164580537935,0,0.9834829641434208
-18.919141418043985,0,0.9834829641434208
-18.90959782923369,0,0.9834829641434208
-18.386836121116126,0,0.9834829641434208
-17.378902447971523,0,0.9834829641434208
-15.916992160652994,0,0.9834829641434208
-14.066447165091457,0,0.9834829641434208
-11.977864493484724,0,0.9834829641434208
-9.790772999155724,0,0.9834829641434208
-7.540875595260713,0,0.9834829641434208
-5.262339964522848,0,0.9834829641434208
-3.064368783597107,0,0.9834829641434208
-1.0774066512471492,0,0.9834829641434208
0.6063641631730442,0,0.9834829641434208
1.9618225628458559,0,0.9834829641434208
3.0400946303242096,0,0.9834829641434208
3.907074754232816,0,0.9834829641434208
4.560973996462139,0,0.9834829641434208
4.971178681760343,0,0.9834829641434208
5.165492319650212,0,0.9834829641434208
5.191423897276901,0,0.9834829641434208
5.072104804310422,0,0.9834829641434208
4.851463191314744,0,0.9834829641434208
4.567267818213593,0,0.9834829641434208
4.234686437808591,0,0.9834829641434208
3.9078297245322617,0,0.9834829641434208
3.6539471410187607,0,0.9834829641434208
3.5068896665377802,0,0.9834829641434208
3.502972727470407,0,0.9834829641434208
3.671104667540875,0,0.9834829641434208
3.964002298091162,0,0.9834829641434208
4.298710080160074,0,0.9834829641434208
4.6325983521980465,0,0.9834829641434208
4.956686920992283,0,0.9834829641434208
5.29112924936592,0,0.9834829641434208
5.656364397255362,0,0.9834829641434208
6.045077502438946,0,0.9834829641434208
6.431244652223646,0,0.9834829641434208
6.75597672009326,0,0.9834829641434208
6.982722299317855,0,0.9834829641434208
7.1460299867339865,0,0.9834829641434208
7.284253027994319,0,0.9834829641434208
7.406724223408409,0,0.9834829641434208
7.508313700108249,0,0.9834829641434208
7.587646669708733,0,0.9834829641434208
7.6297891296485165,0,0.9834829641434208
7.572440289783556,1,0.9837467667834362
7.38360854570755,0,0.9837467667834362
7.111956758405087,0,0.9837467667834362
6.817232131174734,0,0.9837467667834362
6.5115884088914315,0,0.9837467667834362
6.178191149951215,0,0.9837467667834362
5.8181162145324965,0,0.9837467667834362
5.454956595223856,0,0.9837467667834362
5.109547857121535,0,0.9837467667834362
4.776637451503281,0,0.9837467667834362
4.4417263194256735,0,0.9837467667834362
4.1007313268336025,0,0.9837467667834362
3.7574292496583745,0,0.9837467667834362
3.438067275008697,0,0.9837467667834362
3.185468220177251,0,0.9837467667834362
3.025884782957886,0,0.9837467667834362
2.9482026781777595,0,0.9837467667834362
2.908757017741502,0,0.9837467667834362
2.850220515561414,0,0.9837467667834362
2.742293156361349,0,0.9837467667834362
2.5999071106875435,0,0.9837467667834362
2.4189284315693094,0,0.9837467667834362
2.1590335259548823,0,0.9837467667834362
1.791266947244163,0,0.9837467667834362
1.3077975523255663,0,0.9837467667834362
0.7243206727735226,0,0.9837467667834362
0.05793984288663784,0,0.9837467667834362
-0.7055572172361813,0,0.9837467667834362
-1.5900370409005877,0,0.9837467667834362
-2.6032722671199493,0,0.9837467667834362
-3.7686603557221776,0,0.9837467667834362
-5.137838291846517,0,0.9837467667834362
-6.72341073465272,0,0.9837467667834362
-8.468375705709507,0,0.9837467667834362
-10.295928286906033,0,0.9837467667834362
-12.125427932245065,0,0.9837467667834362
-13.870264714237308,0,0.9837467667834362
-15.45525122213445,0,0.9837467667834362
-16.799247104768387,0,0.9837467667834362
-17.820561626425,0,0.9837467667834362
-18.45705998900606,0,0.9837467667834362
-18.669529218465325,0,0.9837467667834362
-18.460766451392402,0,0.9837467667834362
-17.833894361998265,0,0.9837467667834362
-16.7665043125709,0,0.9837467667834362
-15.278796335738422,0,0.9837467667834362
-13.45868245692322,0,0.9837467667834362
-11.414483459321032,0,0.9837467667834362
-9.23333340304011,0,0.9837467667834362
-6.996765615147923,0,0.9837467667834362
-4.819384958015357,0,0.9837467667834362
-2.8253996695706936,0,0.9837467667834362
-1.0716669945414499,0,0.9837467667834362
0.4511466453500088,0,0.9837467667834362
1.744173867989678,0,0.9837467667834362
2.796890737420562,0,0.9837467667834362
3.6065368709625445,0,0.9837467667834362
4.176646099807278,0,0.9837467667834362
4.5397238707479275,0,0.9837467667834362
4.737080381702964,0,0.9837467667834362
4.77112891072231,0,0.9837467667834362
4.643639481881185,0,0.9837467667834362
4.406815262043152,0,0.9837467667834362
4.130216056917471,0,0.9837467667834362
3.8609203515354253,0,0.9837467667834362
3.621132562760763,0,0.9837467667834362
3.4220423510867573,0,0.9837467667834362
3.2808429161409394,0,0.9837467667834362
3.218147534173731,0,0.9837467667834362
3.230470587711919,0,0.9837467667834362
3.293591526623798,0,0.9837467667834362
3.426551682355256,0,0.9837467667834362
3.682526114204546,0,0.9837467667834362
4.056151176193777,0,0.9837467667834362
4.487472787045212,0,0.9837467667834362
4.931146119610412,0,0.9837467667834362
5.39357570885591,0,0.9837467667834362
5.9085717312176484,0,0.9837467667834362
6.448356412002951,0,0.9837467667834362
6.923459670402085,0,0.9837467667834362
7.277788251245162,0,0.9837467667834362
7.5220372897264856,0,0.9837467667834362
7.679425223313645,0,0.9837467667834362
7.751106881083645,0,0.9837467667834362
7.749627486621133,1,0.9837405843864098
7.6994512326792774,0,0.9837405843864098
7.61557848653038,0,0.9837405843864098
7.5089620874024865,0,0.9837405843864098
7.3934984837806255,0,0.9837405843864098
7.268531253799666,0,0.9837405843864098
7.1062126368209055,0,0.9837405843864098
6.884571122825247,0,0.9837405843864098
6.610831324210491,0,0.9837405843864098
6.324537143376228,0,0.9837405843864098
6.0532260717547475,0,0.9837405843864098
5.773215257205352,0,0.9837405843864098
5.474319810987842,0,0.9837405843864098
5.180496173338732,0,0.9837405843864098
4.9001963560600315,0,0.9837405843864098
4.635045276010699,0,0.9837405843864098
4.389480034846534,0,0.9837405843864098
4.153214316078984,0,0.9837405843864098
3.8979653022703022,0,0.9837405843864098
3.585323723694652,0,0.9837405843864098
3.208898731353581,0,0.9837405843864098
2.7962854362326985,0,0.9837405843864098
2.3393354685156296,0,0.9837405843864098
1.8087806399553656,0,0.9837405843864098
1.2032547600690142,0,0.9837405843864098
0.5102556741204842,0,0.9837405843864098
-0.28872101330131933,0,0.9837405843864098
-1.186537081883703,0,0.9837405843864098
-2.2149475451632776,0,0.9837405843864098
-3.434767591446929,0,0.9837405843864098
-4.835751217189942,0,0.9837405843864098
-6.376121717969346,0,0.9837405843864098
-8.062552921832037,0,0.9837405843864098
-9.891342492111661,0,0.9837405843864098
-11.78781733783439,0,0.9837405843864098
-13.639273040112,0,0.9837405843864098
-15.327012382314887,0,0.9837405843864098
-16.74615257034558,0,0.9837405843864098
-17.82501481461805,0,0.9837405843864098
-18.504169928503494,0,0.9837405843864098
-18.734460511941737,0,0.9837405843864098
-18.502287669084673,0,0.9837405843864098
-17.805203308842447,0,0.9837405843864098
-16.64444864974454,0,0.9837405843864098
-15.071406474819838,0,0.9837405843864098
-13.184615482084524,0,0.9837405843864098
-11.08052102721505,0,0.9837405843864098
-8.868761724988186,0,0.9837405843864098
-6.659333420670837,0,0.9837405843864098
-4.506338551691762,0,0.9837405843864098
-2.47824061800261,0,0.9837405843864098
-0.6609332832686532,0,0.9837405843864098
0.9225600449740026,0,0.9837405843864098
2.2666803005832588,0,0.9837405843864098
3.347145131746306,0,0.9837405843864098
4.138404534764518,0,0.9837405843864098
4.623371155591735,0,0.9837405843864098
4.809357793789363,0,0.9837405843864098
4.7540133150222825,0,0.9837405843864098
4.567386818940735,0,0.9837405843864098
4.3521225387923455,0,0.9837405843864098
4.151783881498544,0,0.9837405843864098
3.9633900108024265,0,0.9837405843864098
3.774446756759734,0,0.9837405843864098
3.5993657451307532,0,0.9837405843864098
3.4816616658398063,0,0.9837405843864098
3.430109652603585,0,0.9837405843864098
3.4153419432747447,0,0.9837405843864098
3.4359325641615577,0,0.9837405843864098
3.513782880971259,0,0.9837405843864098
3.6677579795966193,0,0.9837405843864098
3.8920937668546807,0,0.9837405843864098
4.157259483221428,0,0.9837405843864098
4.449720186747137,0,0.9837405843864098
4.761916531687549,0,0.9837405843864098
5.075298957500061,0,0.9837405843864098
5.369754166829872,0,0.9837405843864098
5.635369565942265,0,0.9837405843864098
5.889458258334076,0,0.9837405843864098
6.156780748273784,0,0.9837405843864098
6.430425244533938,0,0.9837405843864098
6.691787768032745,0,0.9837405843864098
6.944781263403488,0,0.9837405843864098
7.173445732498029,0,0.9837405843864098
7.328960570566609,0,0.9837405843864098
7.401740567803007,0,0.9837405843864098
7.430908057638902,0,0.9837405843864098
7.436329730864075,0,0.9837405843864098
7.393523661281048,1,0.9838183247840394
7.2610375225791435,0,0.9838183247840394
7.028183277776265,0,0.9838183247840394
6.743454207595066,0,0.9838183247840394
6.459532029188071,0,0.9838183247840394
6.177789026143151,0,0.9838183247840394
5.884053352791053,0,0.9838183247840394
5.583632565134986,0,0.9838183247840394
5.295868404613905,0,0.9838183247840394
5.0363428582326994,0,0.9838183247840394
4.789580127212507,0,0.9838183247840394
4.52546429580135,0,0.9838183247840394
4.228204106205438,0,0.9838183247840394
3.9133184847735847,0,0.9838183247840394
3.611560382673488,0,0.9838183247840394
3.3070366432709033,0,0.9838183247840394
2.961926842096005,0,0.9838183247840394
2.57421511922051,0,0.9838183247840394
2.1558291851251066,0,0.9838183247840394
1.7134243936703792,0,0.9838183247840394
1.2607286997752658,0,0.9838183247840394
0.8122348381100657,0,0.9838183247840394
0.35252374775263484,0,0.9838183247840394
-0.18529597222481295,0,0.9838183247840394
-0.8864520804032079,0,0.9838183247840394
-1.7824165011498534,0,0.9838183247840394
-2.8328828951017075,0,0.9838183247840394
-3.9989109262612073,0,0.9838183247840394
-5.323464927996974,0,0.9838183247840394
-6.864065816005237,0,0.9838183247840394
-8.571290330526706,0,0.9838183247840394
-10.351508340517327,0,0.9838183247840394
-12.154455495571531,0,0.9838183247840394
-13.9172819886138,0,0.9838183247840394
-15.544557171659994,0,0.9838183247840394
-16.949231602314406,0,0.9838183247840394
-18.045067093401368,0,0.9838183247840394
-18.749857662257767,0,0.9838183247840394
-19.012569399641272,0,0.9838183247840394
-18.810950264856313,0,0.9838183247840394
-18.14549754813676,0,0.9838183247840394
-17.043315753988313,0,0.9838183247840394
-15.552666269331851,0,0.9838183247840394
-13.732262736701397,0,0.9838183247840394
-11.652583606952492,0,0.9838183247840394
-9.41433432088413,0,0.9838183247840394
-7.140439891942756,0,0.9838183247840394
-4.940761697204498,0,0.9838183247840394
-2.894022157824097,0,0.9838183247840394
-1.0421157159371115,0,0.9838183247840394
0.5755833374013568,0,0.9838183247840394
1.9217705348869114,0,0.9838183247840394
2.99800834026785,0,0.9838183247840394
3.7917113173479544,0,0.9838183247840394
4.283054351111978,0,0.9838183247840394
4.508809064953904,0,0.9838183247840394
4.516616075485243,0,0.9838183247840394
4.345909174831686,0,0.9838183247840394
4.053872572609666,0,0.9838183247840394
3.696198520213911,0,0.9838183247840394
3.3397478918982744,0,0.9838183247840394
3.0546370450669538,0,0.9838183247840394
2.865030501039078,0,0.9838183247840394
2.785853702639677,0,0.9838183247840394
2.8298221394867893,0,0.9838183247840394
2.9505137622496953,0,0.9838183247840394
3.0999107031430997,0,0.9838183247840394
3.3002051300113817,0,0.9838183247840394
3.593243745685834,0,0.9838183247840394
3.9677010119211755,0,0.9838183247840394
4.380176437356283,0,0.9838183247840394
4.830103327297601,0,0.9838183247840394
5.331292623346338,0,0.9838183247840394
5.831335108244308,0,0.9838183247840394
6.256510594283931,0,0.9838183247840394
6.608672794936619,0,0.9838183247840394
6.952362938156513,0,0.9838183247840394
7.307837142099354,0,0.9838183247840394
7.612004369956036,0,0.9838183247840394
7.80771884780076,0,0.9838183247840394
7.903677347631525,0,0.9838183247840394
7.92604845639246,0,0.9838183247840394
7.8833853096540905,1,0.9839045160073716
7.795559959702242,0,0.9839045160073716
7.694810759770473,0,0.9839045160073716
7.576375980602801,0,0.9839045160073716
7.399698848548193,0,0.9839045160073716
7.170636741188577,0,0.9839045160073716
6.944445970162102,0,0.9839045160073716
6.727537301232014,0,0.9839045160073716
6.4836744181942905,0,0.9839045160073716
6.212130659301601,0,0.9839045160073716
5.91628144988242,0,0.9839045160073716
5.574773310499726,0,0.9839045160073716
5.192934199886547,0,0.9839045160073716
4.788102988730048,0,0.9839045160073716
4.367634398486337,0,0.9839045160073716
3.9501396494478627,0,0.9839045160073716
3.546622303761285,0,0.9839045160073716
3.1440336459846936,0,0.9839045160073716
2.712193366167405,0,0.9839045160073716
2.223172006573531,0,0.9839045160073716
1.6963799672278839,0,0.9839045160073716
1.1719378738708939,0,0.9839045160073716
0.6241126183037771,0,0.9839045160073716
-0.00722473129799428,0,0.9839045160073716
-0.7364811149437702,0,0.9839045160073716
-1.5338282386013178,0,0.9839045160073716
-2.3913509734768543,0,0.9839045160073716
-3.375929644195894,0,0.9839045160073716
-4.571603789413279,0,0.9839045160073716
-5.997470599781313,0,0.9839045160073716
-7.600726225766725,0,0.9839045160073716
-9.316998740216256,0,0.9839045160073716
-11.099936873782076,0,0.9839045160073716
-12.887392652574697,0,0.9839045160073716
-14.603872666059274,0,0.9839045160073716
-16.16097960317878,0,0.9839045160073716
-17.46085397531727,0,0.9839045160073716
-18.425828239013274,0,0.9839045160073716
-18.990213610711837,0,0.9839045160073716
-19.07245992477021,0,0.9839045160073716
-18.601627277816092,0,0.9839045160073716
-17.594334490515553,0,0.9839045160073716
-16.14680969694439,0,0.9839045160073716
-14.355982800121831,0,0.9839045160073716
-12.287034854056921,0,0.9839045160073716
-10.008020192022636,0,0.9839045160073716
-7.639424430520136,0,0.9839045160073716
-5.313776869339862,0,0.9839045160073716
-3.1137146611189594,0,0.9839045160073716
-1.1071054322285945,0,0.9839045160073716
0.633812944787724,0,0.9839045160073716
2.081893712814059,0,0.9839045160073716
3.2477246911067343,0,0.9839045160073716
4.147542619809055,0,0.9839045160073716
4.80301575741608,0,0.9839045160073716
5.226629549104569,0,0.9839045160073716
5.422092447328238,0,0.9839045160073716
5.406386370225151,0,0.9839045160073716
5.235159428063495,0,0.9839045160073716
4.993636146941888,0,0.9839045160073716
4.7243661643918555,0,0.9839045160073716
4.43161185197501,0,0.9839045160073716
4.145867040141826,0,0.9839045160073716
3.8973465402385408,0,0.9839045160073716
3.6985384075078116,0,0.9839045160073716
3.5747091894367204,0,0.9839045160073716
3.5598717168471623,0,0.9839045160073716
3.6587256868686047,0,0.9839045160073716
3.8595964964228315,0,0.9839045160073716
4.170622533259771,0,0.9839045160073716
4.564260851715094,0,0.9839045160073716
4.982463733041947,0,0.9839045160073716
5.413569346551793,0,0.9839045160073716
5.870319459402629,0,0.9839045160073716
6.3186019969957234,0,0.9839045160073716
6.6974433920526595,0,0.9839045160073716
6.998082242669758,0,0.9839045160073716
7.253480354030874,0,0.9839045160073716
7.50308698891908,0,0.9839045160073716
7.7594348571952345,0,0.9839045160073716
7.981752694554378,0,0.9839045160073716
8.13150405944984,0,0.9839045160073716
8.190611505865917,0,0.9839045160073716
8.14935035355799,1,0.9839220100756594
8.016869487488394,0,0.9839220100756594
7.78624232384411,0,0.9839220100756594
7.462717405010466,0,0.9839220100756594
7.123495940469392,0,0.9839220100756594
6.832496836658766,0,0.9839220100756594
6.5726136605084955,0,0.9839220100756594
6.303030661251719,0,0.9839220100756594
5.995395242038826,0,0.9839220100756594
5.64109849292981,0,0.9839220100756594
5.243865611039756,0,0.9839220100756594
4.807058950257035,0,0.9839220100756594
4.366135406492653,0,0.9839220100756594
3.983850390796547,0,0.9839220100756594
3.694726816509389,0,0.9839220100756594
3.484710197062399,0,0.9839220100756594
3.3065308986852098,0,0.9839220100756594
3.12512584125216,0,0.9839220100756594
2.942293363425659,0,0.9839220100756594
2.747401477660306,0,0.9839220100756594
2.5048023330384965,0,0.9839220100756594
2.2136891672535213,0,0.9839220100756594
1.9118228355128528,0,0.9839220100756594
1.6049628713337771,0,0.9839220100756594
1.2441176030311862,0,0.9839220100756594
0.8040301799977336,0,0.9839220100756594
0.3193114217239387,0,0.9839220100756594
-0.19188479077662204,0,0.9839220100756594
-0.7755162407690546,0,0.9839220100756594
-1.4939873211600094,0,0.9839220100756594
-2.387779621289434,0,0.9839220100756594
-3.4734548157805696,0,0.9839220100756594
-4.734282737701306,0,0.9839220100756594
-6.147456952939069,0,0.9839220100756594
-7.694326122347784,0,0.9839220100756594
-9.33642467046701,0,0.9839220100756594
-11.040218854739042,0,0.9839220100756594
-12.782740960892594,0,0.9839220100756594
-14.510408633766161,0,0.9839220100756594
-16.1235134471956,0,0.9839220100756594
-17.494787395118486,0,0.9839220100756594
-18.51867898042675,0,0.9839220100756594
-19.137481918486905,0,0.9839220100756594
-19.304976037845638,0,0.9839220100756594
-18.96828469209172,0,0.9839220100756594
-18.110714931419924,0,0.9839220100756594
-16.79267969008443,0,0.9839220100756594
-15.112022330423306,0,0.9839220100756594
-13.14257564398432,0,0.9839220100756594
-10.961528492141147,0,0.9839220100756594
-8.671516175804312,0,0.9839220100756594
-6.3822058840233735,0,0.9839220100756594
-4.206016781548486,0,0.9839220100756594
-2.2102715796671637,0,0.9839220100756594
-0.41254501896814555,0,0.9839220100756594
1.1594497262067625,0,0.9839220100756594
2.471695408244306,0,0.9839220100756594
3.5141823797890925,0,0.9839220100756594
4.285253792234938,0,0.9839220100756594
4.779412369201741,0,0.9839220100756594
5.025241068676119,0,0.9839220100756594
5.086603222336717,0,0.9839220100756594
4.998050266840824,0,0.9839220100756594
4.7799136931793305,0,0.9839220100756594
4.503312976295072,0,0.9839220100756594
4.24174173098704,0,0.9839220100756594
4.025241187617741,0,0.9839220100756594
3.8481733701264997,0,0.9839220100756594
3.67491793096686,0,0.9839220100756594
3.510046071352837,0,0.9839220100756594
3.3997035600974614,0,0.9839220100756594
3.3595478261393557,0,0.9839220100756594
3.396051658511376,0,0.9839220100756594
3.518629839039482,0,0.9839220100756594
3.7059795477161983,0,0.9839220100756594
3.938150890075687,0,0.9839220100756594
4.219712076489981,0,0.9839220100756594
4.53962255871306,0,0.9839220100756594
4.878528314161738,0,0.9839220100756594
5.247383211336667,0,0.9839220100756594
5.657686229761405,0,0.9839220100756594
6.083724511339625,0,0.9839220100756594
6.4870781707432705,0,0.9839220100756594
6.835312647054881,0,0.9839220100756594
7.101675973464644,0,0.9839220100756594
7.277194121300122,0,0.9839220100756594
7.369997041429785,0,0.9839220100756594
7.391564429353856,0,0.9839220100756594
7.347651211025512,1,0.9839589519854219
7.2514742347366274,0,0.9839589519854219
7.116272446863534,0,0.9839589519854219
6.928708569639886,0,0.9839589519854219
6.6900528244648,0,0.9839589519854219
6.438471958931991,0,0.9839589519854219
6.189561180616481,0,0.9839589519854219
5.9361440055342,0,0.9839589519854219
5.687047897886306,0,0.9839589519854219
5.44243055538279,0,0.9839589519854219
5.188545153475069,0,0.9839589519854219
4.932672608422404,0,0.9839589519854219
4.6834748125054135,0,0.9839589519854219
4.425259993789951,0,0.9839589519854219
4.154115357200774,0,0.9839589519854219
3.873413469834097,0,0.9839589519854219
3.587189588782007,0,0.9839589519854219
3.3354580393372224,0,0.9839589519854219
3.138416749893597,0,0.9839589519854219
2.969150834212956,0,0.9839589519854219
2.7940597368181055,0,0.9839589519854219
2.5721327675039922,0,0.9839589519854219
2.3003497684194243,0,0.9839589519854219
2.0251694583587283,0,0.9839589519854219
1.7578158326712758,0,0.9839589519854219
1.4803137883944968,0,0.9839589519854219
1.187443198355007,0,0.9839589519854219
0.8165941572816807,0,0.9839589519854219
0.2744269433246245,0,0.9839589519854219
-0.4424741366456256,0,0.9839589519854219
-1.300774060842423,0,0.9839589519854219
-2.3077609960678283,0,0.9839589519854219
-3.477535844627362,0,0.9839589519854219
-4.835300321118565,0,0.9839589519854219
-6.415551839232052,0,0.9839589519854219
-8.19531059472945,0,0.9839589519854219
-10.089158952107391,0,0.9839589519854219
-12.006795958517976,0,0.9839589519854219
-13.865576540347348,0,0.9839589519854219
-15.57434390763191,0,0.9839589519854219
-17.049385030197513,0,0.9839589519854219
-18.22039056527138,0,0.9839589519854219
-19.011570305128775,0,0.9839589519854219
-19.363520915755903,0,0.9839589519854219
-19.244714559337282,0,0.9839589519854219
-18.63759132539435,0,0.9839589519854219
-17.566612238889643,0,0.9839589519854219
-16.11927219649614,0,0.9839589519854219
-14.39728705591104,0,0.9839589519854219
-12.460062344715835,0,0.9839589519854219
-10.352127416908054,0,0.9839589519854219
-8.147784957652755,0,0.9839589519854219
-5.93701195816017,0,0.9839589519854219
-3.7975983982895043,0,0.9839589519854219
-1.7964299758289484,0,0.9839589519854219
-0.005121560040422052,0,0.9839589519854219
1.5140436620220001,0,0.9839589519854219
2.74354243282981,0,0.9839589519854219
3.6952860939325545,0,0.9839589519854219
4.366523157463769,0,0.9839589519854219
4.75634208888733,0,0.9839589519854219
4.8849200103734844,0,0.9839589519854219
4.783698463604543,0,0.9839589519854219
4.531176444897018,0,0.9839589519854219
4.236359459898227,0,0.9839589519854219
3.9509110816210438,0,0.9839589519854219
3.692088083672904,0,0.9839589519854219
3.4818846660458127,0,0.9839589519854219
3.316770189101743,0,0.9839589519854219
3.1975757583577344,0,0.9839589519854219
3.157544007176078,0,0.9839589519854219
3.2270239072974958,0,0.9839589519854219
3.3992513544023155,0,0.9839589519854219
3.6392659905990197,0,0.9839589519854219
3.9343447769642306,0,0.9839589519854219
4.29351966673444,0,0.9839589519854219
4.700788298674296,0,0.9839589519854219
5.131091823955298,0,0.9839589519854219
5.580436922267545,0,0.9839589519854219
6.027374614653191,0,0.9839589519854219
6.426757774648933,0,0.9839589519854219
6.763619132745726,0,0.9839589519854219
7.044911812826006,0,0.9839589519854219
7.280164031031704,0,0.9839589519854219
7.485328141125807,0,0.9839589519854219
7.643220640077585,0,0.9839589519854219
7.707047769977917,0,0.9839589519854219
7.66650443196027,1,0.983901143810752
7.556508283919989,0,0.983901143810752
7.41711769586755,0,0.983901143810752
7.267888443943949,0,0.983901143810752
7.105407260447034,0,0.983901143810752
6.92308422525406,0,0.983901143810752
6.721996803864157,0,0.983901143810752
6.518476656223505,0,0.983901143810752
6.3145048697961785,0,0.983901143810752
6.0764714685047485,0,0.983901143810752
5.801526766880778,0,0.983901143810752
5.504062263416841,0,0.983901143810752
5.161457486031623,0,0.983901143810752
4.77263802766703,0,0.983901143810752
4.391191624386167,0,0.983901143810752
4.069246787609466,0,0.983901143810752
3.8241105896184555,0,0.983901143810752
3.652659131931398,0,0.983901143810752
3.513067809072962,0,0.983901143810752
3.3384988166572205,0,0.983901143810752
3.102762646888094,0,0.983901143810752
2.7902516326606475,0,0.983901143810752
2.380027509920029,0,0.983901143810752
1.8977464313748518,0,0.983901143810752
1.3667679838607079,0,0.983901143810752
0.7564615615136043,0,0.983901143810752
0.01729851979071287,0,0.983901143810752
-0.892397919998897,0,0.983901143810752
-1.9863495061883523,0,0.983901143810752
-3.241995561354699,0,0.983901143810752
-4.635080112179675,0,0.983901143810752
-6.149908531942748,0,0.983901143810752
-7.762874842849188,0,0.983901143810752
-9.443716713706273,0,0.983901143810752
-11.141282845514008,0,0.983901143810752
-12.804359328195728,0,0.983901143810752
-14.406013534871768,0,0.983901143810752
-15.894639763462324,0,0.983901143810752
-17.182342528103543,0,0.983901143810752
-18.18638254796237,0,0.983901143810752
-18.812676380936807,0,0.983901143810752
-18.95207406510579,0,0.983901143810752
-18.553644445751345,0,0.983901143810752
-17.649831312418545,0,0.983901143810752
-16.318735149017222,0,0.983901143810752
-14.633989409851642,0,0.983901143810752
-12.649754298219284,0,0.983901143810752
-10.437756278085974,0,0.983901143810752
-8.106373381157066,0,0.983901143810752
-5.7855285115038075,0,0.983901143810752
-3.587334322760004,0,0.983901143810752
-1.579082428026086,0,0.983901143810752
0.19331148243350518,0,0.983901143810752
1.6934062757943626,0,0.983901143810752
2.9249395385006145,0,0.983901143810752
3.912536683952832,0,0.983901143810752
4.653600845729992,0,0.983901143810752
5.140287372081815,0,0.983901143810752
5.38946775674179,0,0.983901143810752
5.421010355674838,0,0.983901143810752
5.260732200264122,0,0.983901143810752
4.97753754543015,0,0.983901143810752
4.654940585973139,0,0.983901143810752
4.332776750940627,0,0.983901143810752
4.01054593444756,0,0.983901143810752
3.7024877431698426,0,0.983901143810752
3.4859672204613714,0,0.983901143810752
3.4295123641751193,0,0.983901143810752
3.5030838488878735,0,0.983901143810752
3.6457186456333397,0,0.983901143810752
3.8427756644212674,0,0.983901143810752
4.102368715332309,0,0.983901143810752
4.416298425034642,0,0.983901143810752
4.754133333171282,0,0.983901143810752
5.073803713556206,0,0.983901143810752
5.356902113147967,0,0.983901143810752
5.629838981971997,0,0.983901143810752
5.911515542148404,0,0.983901143810752
6.196660772849464,0,0.983901143810752
6.485420608567422,0,0.983901143810752
6.757334302114427,0,0.983901143810752
6.967006064647514,0,0.983901143810752
7.092807288147679,0,0.983901143810752
7.135879984967736,0,0.983901143810752
7.101001735414521,1,0.9839207392991859
7.015533666897843,0,0.9839207392991859
6.926803966895262,0,0.9839207392991859
6.8685578061171535,0,0.9839207392991859
6.840985360543643,0,0.9839207392991859
6.809776980623332,0,0.9839207392991859
6.72570313866803,0,0.9839207392991859
6.587158383892482,0,0.9839207392991859
6.443198233534917,0,0.9839207392991859
6.2883664889084425,0,0.9839207392991859
6.071187748580976,0,0.9839207392991859
5.794850362361548,0,0.9839207392991859
5.496047189596748,0,0.9839207392991859
5.2029748471966695,0,0.9839207392991859
4.932385086888605,0,0.9839207392991859
4.670528753146263,0,0.9839207392991859
4.384685424911573,0,0.9839207392991859
4.069135842625211,0,0.9839207392991859
3.748994683690829,0,0.9839207392991859
3.419400856599987,0,0.9839207392991859
3.051415568192379,0,0.9839207392991859
2.635525364757936,0,0.9839207392991859
2.15662009960682,0,0.9839207392991859
1.6006692438864853,0,0.9839207392991859
0.9919230054182362,0,0.9839207392991859
0.3754264732854699,0,0.9839207392991859
-0.23566352974988747,0,0.9839207392991859
-0.8821298965188147,0,0.9839207392991859
-1.6258928148430536,0,0.9839207392991859
-2.5163935833553377,0,0.9839207392991859
-3.5830303867896993,0,0.9839207392991859
-4.834062902452262,0,0.9839207392991859
-6.24976426840438,0,0.9839207392991859
-7.780467185598584,0,0.9839207392991859
-9.392744257805267,0,0.9839207392991859
-11.102534549910052,0,0.9839207392991859
-12.868776094687469,0,0.9839207392991859
-14.542835851735807,0,0.9839207392991859
-16.00937988168887,0,0.9839207392991859
-17.225531844685687,0,0.9839207392991859
-18.135420006282573,0,0.9839207392991859
-18.658922747049985,0,0.9839207392991859
-18.740107971430255,0,0.9839207392991859
-18.37291651633346,0,0.9839207392991859
-17.570027893202127,0,0.9839207392991859
-16.362464860493073,0,0.9839207392991859
-14.806355626932568,0,0.9839207392991859
-12.951300176199078,0,0.9839207392991859
-10.86533698993743,0,0.9839207392991859
-8.651946035049379,0,0.9839207392991859
-6.420265436763532,0,0.9839207392991859
-4.2656973884554725,0,0.9839207392991859
-2.253214441280029,0,0.9839207392991859
-0.42986052473434533,0,0.9839207392991859
1.1601888806133862,0,0.9839207392991859
2.471602253099199,0,0.9839207392991859
3.483908014093992,0,0.9839207392991859
4.234658544006502,0,0.9839207392991859
4.758256560244275,0,0.9839207392991859
5.0603318974226905,0,0.9839207392991859
5.172836395041376,0,0.9839207392991859
5.158592795627654,0,0.9839207392991859
5.071151574683109,0,0.9839207392991859
4.931197440449254,0,0.9839207392991859
4.770494061131878,0,0.9839207392991859
4.647309006841798,0,0.9839207392991859
4.567989373320373,0,0.9839207392991859
4.489679359473965,0,0.9839207392991859
4.398948750998436,0,0.9839207392991859
4.326490202163971,0,0.9839207392991859
4.329312836666776,0,0.9839207392991859
4.450164477019529,0,0.9839207392991859
4.671235796124425,0,0.9839207392991859
4.935319414719838,0,0.9839207392991859
5.200209690284399,0,0.9839207392991859
5.455319238483822,0,0.9839207392991859
5.720772991393816,0,0.9839207392991859
6.016820017248109,0,0.9839207392991859
6.3165812201576665,0,0.9839207392991859
6.586753570629252,0,0.9839207392991859
6.836743080081145,0,0.9839207392991859
7.079453980607642,0,0.9839207392991859
7.299071986803489,0,0.9839207392991859
7.467098957744346,0,0.9839207392991859
7.571569848696655,0,0.9839207392991859
7.627645144223387,0,0.9839207392991859
7.645456843695878,0,0.9839207392991859
7.60941393140532,1,0.9839207392991859
7.498183587737932,0,0.9839207392991859
7.299059434923763,0,0.9839207392991859
7.027851707736463,0,0.9839207392991859
6.72013581613835,0,0.9839207392991859
6.379601202992694,0,0.9839207392991859
6.000867251013119,0,0.9839207392991859
5.610926966497396,0,0.9839207392991859
5.221973372305034,0,0.9839207392991859
4.823521691135373,0,0.9839207392991859
4.422893802040311,0,0.9839207392991859
4.023538991575261,0,0.9839207392991859
3.628441254886169,0,0.9839207392991859
3.2546623296751993,0,0.9839207392991859
2.903462241295384,0,0.9839207392991859
2.56496397710499,0,0.9839207392991859
2.254755304190485,0,0.9839207392991859
2.003767209573794,0,0.9839207392991859
1.786039419970631,0,0.9839207392991859
1.542770455919659,0,0.9839207392991859
1.2813983040429837,0,0.9839207392991859
1.0399718942397647,0,0.9839207392991859
0.8227825227085426,0,0.9839207392991859
0.6333912625679475,0,0.9839207392991859
0.47674005117317053,0,0.9839207392991859
0.32966618890737037,0,0.9839207392991859
0.16782501061232064,0,0.9839207392991859
-0.01611690961817217,0,0.9839207392991859
-0.26207822051399754,0,0.9839207392991859
-0.6406346972090368,0,0.9839207392991859
-1.1901634065187994,0,0.9839207392991859
-1.9333458657252258,0,0.9839207392991859
-2.889735360002444,0,0.9839207392991859
-4.056280022664326,0,0.9839207392991859
-5.435495554165181,0,0.9839207392991859
-7.024157073220074,0,0.9839207392991859
-8.778881186983863,0,0.9839207392991859
-10.64244272462513,0,0.9839207392991859
-12.54287488168524,0,0.9839207392991859
-14.353667768220166,0,0.9839207392991859
-15.951817686138911,0,0.9839207392991859
-17.285472407666614,0,0.9839207392991859
-18.31056146200033,0,0.9839207392991859
-18.942247327323997,0,0.9839207392991859
-19.104369350453133,0,0.9839207392991859
-18.770669249565476,0,0.9839207392991859
-17.96051567329204,0,0.9839207392991859
-16.734118675083472,0,0.9839207392991859
-15.182251841116454,0,0.9839207392991859
-13.383815560873272,0,0.9839207392991859
-11.400177806176512,0,0.9839207392991859
-9.319762238677368,0,0.9839207392991859
-7.227266468618948,0,0.9839207392991859
-5.167394414848658,0,0.9839207392991859
-3.1814433578699797,0,0.9839207392991859
-1.3148250929400318,0,0.9839207392991859
0.36649053440292045,0,0.9839207392991859
1.794385106443759,0,0.9839207392991859
2.952475336909676,0,0.9839207392991859
3.8433153220003033,0,0.9839207392991859
4.458783356249394,0,0.9839207392991859
4.797633572800215,0,0.9839207392991859
4.88063434743872,0,0.9839207392991859
4.776951049749881,0,0.9839207392991859
4.592061851767082,0,0.9839207392991859
4.3786914411977556,0,0.9839207392991859
4.124827197350808,0,0.9839207392991859
3.845603525929377,0,0.9839207392991859
3.608479353308297,0,0.9839207392991859
3.4670657737450843,0,0.9839207392991859
3.4068709823967955,0,0.9839207392991859
3.3955001694112537,0,0.9839207392991859
3.4313833128154405,0,0.9839207392991859
3.5182093265336167,0,0.9839207392991859
3.6666462683716463,0,0.9839207392991859
3.8933782671259323,0,0.9839207392991859
4.200084983186941,0,0.9839207392991859
4.585725285846012,0,0.9839207392991859
5.040646530491372,0,0.9839207392991859
5.5200990031049315,0,0.9839207392991859
6.001059399024176,0,0.9839207392991859
6.50137409023047,0,0.9839207392991859
6.995536133717458,0,0.9839207392991859
7.4373715850928095,0,0.9839207392991859
7.820512836552094,0,0.9839207392991859
8.133734735564637,0,0.9839207392991859
8.340355535812323,0,0.9839207392991859
8.432100763887583,0,0.9839207392991859
8.445578960983918,0,0.9839207392991859
8.423701600334372,1,0.983739344829835
8.370871572452646,0,0.983739344829835
8.255735113804647,0,0.983739344829835
8.083946303957031,0,0.983739344829835
7.8862508177821224,0,0.983739344829835
7.627976194887138,0,0.983739344829835
7.2717770842135385,0,0.983739344829835
6.860200087902581,0,0.983739344829835
6.418766068045982,0,0.983739344829835
5.9303932037628435,0,0.983739344829835
5.414938920657574,0,0.983739344829835
4.91962498495097,0,0.983739344829835
4.49031240305099,0,0.983739344829835
4.137526790477204,0,0.983739344829835
3.808209390337116,0,0.983739344829835
3.4528133758654262,0,0.983739344829835
3.0835515997506406,0,0.983739344829835
2.720780528133091,0,0.983739344829835
2.3527401116614897,0,0.983739344829835
1.9791041597839627,0,0.983739344829835
1.6250015598791432,0,0.983739344829835
1.2869104483863272,0,0.983739344829835
0.9415674897204456,0,0.983739344829835
0.5955079152607908,0,0.983739344829835
0.21981793509167594,0,0.983739344829835
-0.26324926723066583,0,0.983739344829835
-0.8836315140718456,0,0.983739344829835
-1.624033698682458,0,0.983739344829835
-2.4834733960991846,0,0.983739344829835
-3.4904264822142226,0,0.983739344829835
-4.670185655946302,0,0.983739344829835
-6.035384365224071,0,0.983739344829835
-7.589436133649834,0,0.983739344829835
-9.303936917982504,0,0.983739344829835
-11.106914996773975,0,0.983739344829835
-12.898744448818347,0,0.983739344829835
-14.578192403406874,0,0.983739344829835
-16.062973739247898,0,0.983739344829835
-17.277466577342903,0,0.983739344829835
-18.11197515799709,0,0.983739344829835
-18.455221616785273,0,0.983739344829835
-18.270530760653564,0,0.983739344829835
-17.602368949026857,0,0.983739344829835
-16.52516887897758,0,0.983739344829835
-15.100981667925542,0,0.983739344829835
-13.370372152556564,0,0.983739344829835
-11.382001635597286,0,0.983739344829835
-9.224650844955942,0,0.983739344829835
-6.986660662273344,0,0.983739344829835
-4.75407384339018,0,0.983739344829835
-2.643581698028414,0,0.983739344829835
-0.7445165242593724,0,0.983739344829835
0.8993236117912471,0,0.983739344829835
2.254521671753425,0,0.983739344829835
3.3188356037403386,0,0.983739344829835
4.127371692153292,0,0.983739344829835
4.715874720886635,0,0.983739344829835
5.1028192588659875,0,0.983739344829835
5.31237750778687,0,0.983739344829835
5.377012266496292,0,0.983739344829835
5.302247387535307,0,0.983739344829835
5.0837589355602315,0,0.983739344829835
4.719812696406403,0,0.983739344829835
4.2324544161564726,0,0.983739344829835
3.733032181319486,0,0.983739344829835
3.3586901150100696,0,0.983739344829835
3.165765232196294,0,0.983739344829835
3.1481126089486264,0,0.983739344829835
3.2718142268404984,0,0.983739344829835
3.483034446978967,0,0.983739344829835
3.740087948318903,0,0.983739344829835
4.023394479583166,0,0.983739344829835
4.326871885481479,0,0.983739344829835
4.661642915832289,0,0.983739344829835
5.036442459006539,0,0.983739344829835
5.441347338410156,0,0.983739344829835
5.859666165864727,0,0.983739344829835
6.2650835789955535,0,0.983739344829835
6.605221646182765,0,0.983739344829835
6.833343778010325,0,0.983739344829835
6.9641002963791685,0,0.983739344829835
7.038172267774444,0,0.983739344829835
7.0559128365817045,0,0.983739344829835
7.011946421256084,1,0.9838033495460641
6.938382166784022,0,0.9838033495460641
6.876361866910298,0,0.9838033495460641
6.840010002959118,0,0.9838033495460641
6.801992309474906,0,0.9838033495460641
6.711716421180547,0,0.9838033495460641
6.546702761092717,0,0.9838033495460641
6.333719303771756,0,0.9838033495460641
6.107172963619455,0,0.9838033495460641
5.879214124161581,0,0.9838033495460641
5.654936640385219,0,0.9838033495460641
5.429278229951464,0,0.9838033495460641
5.1728747703468105,0,0.9838033495460641
4.864126264419733,0,0.9838033495460641
4.517057019516278,0,0.9838033495460641
4.153633886560888,0,0.9838033495460641
3.785342982861094,0,0.9838033495460641
3.435990214837118,0,0.9838033495460641
3.1132714443178853,0,0.9838033495460641
2.774370991971281,0,0.9838033495460641
2.3996133306360115,0,0.9838033495460641
2.031402630330632,0,0.9838033495460641
1.6994702803463144,0,0.9838033495460641
1.3563460194155101,0,0.9838033495460641
0.9258236918637733,0,0.9838033495460641
0.39838385601333026,0,0.9838033495460641
-0.19031584924999628,0,0.9838033495460641
-0.8481253546724885,0,0.9838033495460641
-1.6379778984195497,0,0.9838033495460641
-2.621653938736699,0,0.9838033495460641
-3.8427042703162977,0,0.9838033495460641
-5.31995629504457,0,0.9838033495460641
-7.0075728924069445,0,0.9838033495460641
-8.805067843242336,0,0.9838033495460641
-10.612504845396318,0,0.9838033495460641
-12.369701612316668,0,0.9838033495460641
-14.03180574400252,0,0.9838033495460641
-15.529819805859677,0,0.9838033495460641
-16.782320692601587,0,0.9838033495460641
-17.704722877448585,0,0.9838033495460641
-18.21340827585766,0,0.9838033495460641
-18.259045113213972,0,0.9838033495460641
-17.850308193544336,0,0.9838033495460641
-17.046990587128356,0,0.9838033495460641
-15.904186217655276,0,0.9838033495460641
-14.421340578443372,0,0.9838033495460641
-12.611214064788799,0,0.9838033495460641
-10.563792550322601,0,0.9838033495460641
-8.39875822310327,0,0.9838033495460641
-6.214316147742777,0,0.9838033495460641
-4.073741542998601,0,0.9838033495460641
-2.0332549525920705,0,0.9838033495460641
-0.1623550489935217,0,0.9838033495460641
1.4840325275115513,0,0.9838033495460641
2.8660956542392135,0,0.9838033495460641
3.9656123664100833,0,0.9838033495460641
4.799361618864433,0,0.9838033495460641
5.366303468236363,0,0.9838033495460641
5.657349454978703,0,0.9838033495460641
5.713987122565878,0,0.9838033495460641
5.594482413802355,0,0.9838033495460641
5.3595931106998265,0,0.9838033495460641
5.0771700179707215,0,0.9838033495460641
4.776801118725493,0,0.9838033495460641
4.469474676316937,0,0.9838033495460641
4.181538198899046,0,0.9838033495460641
3.9328905543266885,0,0.9838033495460641
3.7387862862566523,0,0.9838033495460641
3.6040545537961806,0,0.9838033495460641
3.5172968774619555,0,0.9838033495460641
3.4918454593069828,0,0.9838033495460641
3.56379547833514,0,0.9838033495460641
3.748895248022829,0,0.9838033495460641
4.029929999389128,0,0.9838033495460641
4.370618172520742,0,0.9838033495460641
4.747400074350616,0,0.9838033495460641
5.151411322633686,0,0.9838033495460641
5.582235383727599,0,0.9838033495460641
6.037621814328599,0,0.9838033495460641
6.4723655417700625,0,0.9838033495460641
6.8323384725573115,0,0.9838033495460641
7.105431793509447,0,0.9838033495460641
7.286874614580971,0,0.9838033495460641
7.359612893642898,0,0.9838033495460641
7.33337881068197,1,0.9839785306429927
7.240020667396911,0,0.9839785306429927
7.101883432422746,0,0.9839785306429927
6.942212896559243,0,0.9839785306429927
6.773585264858752,0,0.9839785306429927
6.5949278493934145,0,0.9839785306429927
6.404036162298005,0,0.9839785306429927
6.186797742507638,0,0.9839785306429927
5.939771981332481,0,0.9839785306429927
5.675096237258008,0,0.9839785306429927
5.395511630534029,0,0.9839785306429927
5.094671931290376,0,0.9839785306429927
4.775870818448554,0,0.9839785306429927
4.47178028303398,0,0.9839785306429927
4.213382668441262,0,0.9839785306429927
3.9941790567844424,0,0.9839785306429927
3.775109213853372,0,0.9839785306429927
3.536142205845516,0,0.9839785306429927
3.307630772654891,0,0.9839785306429927
3.0739957053771154,0,0.9839785306429927
2.762935516529254,0,0.9839785306429927
2.3662934931997848,0,0.9839785306429927
1.918774881873509,0,0.9839785306429927
1.4192468051149356,0,0.9839785306429927
0.8558004065559093,0,0.9839785306429927
0.2327213757868619,0,0.9839785306429927
-0.4392851981114068,0,0.9839785306429927
-1.1568555006222554,0,0.9839785306429927
-1.92629259177731,0,0.9839785306429927
-2.775257429730717,0,0.9839785306429927
-3.763112173363675,0,0.9839785306429927
-4.929405905559231,0,0.9839785306429927
-6.27216674617885,0,0.9839785306429927
-7.781003617599872,0,0.9839785306429927
-9.435802405648847,0,0.9839785306429927
-11.198828623219475,0,0.9839785306429927
-13.000418209516877,0,0.9839785306429927
-14.73864050065257,0,0.9839785306429927
-16.312975760008026,0,0.9839785306429927
-17.620971022983472,0,0.9839785306429927
-18.5430069297315,0,0.9839785306429927
-18.975711120222336,0,0.9839785306429927
-18.90000938998638,0,0.9839785306429927
-18.36529724035786,0,0.9839785306429927
-17.392679424916032,0,0.9839785306429927
-16.00077970202192,0,0.9839785306429927
-14.270134334857682,0,0.9839785306429927
-12.304309094891574,0,0.9839785306429927
-10.196740049360168,0,0.9839785306429927
-8.01274041298528,0,0.9839785306429927
-5.8025915712158005,0,0.9839785306429927
-3.661018129180401,0,0.9839785306429927
-1.6952788160505583,0,0.9839785306429927
0.04283634347793976,0,0.9839785306429927
1.5246603109553543,0,0.9839785306429927
2.711373734356168,0,0.9839785306429927
3.5797908683936015,0,0.9839785306429927
4.150173779890133,0,0.9839785306429927
4.476882015468285,0,0.9839785306429927
4.612049083689729,0,0.9839785306429927
4.592587832300088,0,0.9839785306429927
4.4567740123191655,0,0.9839785306429927
4.267209980930399,0,0.9839785306429927
4.084062415610686,0,0.9839785306429927
3.934857129506108,0,0.9839785306429927
3.8501274957297817,0,0.9839785306429927
3.8663227628326293,0,0.9839785306429927
3.9799555257725787,0,0.9839785306429927
4.140667747024745,0,0.9839785306429927
4.3103583405679755,0,0.9839785306429927
4.51308802523988,0,0.9839785306429927
4.774828466253181,0,0.9839785306429927
5.081135049277037,0,0.9839785306429927
5.427754414946307,0,0.9839785306429927
5.820730800266599,0,0.9839785306429927
6.251716846655108,0,0.9839785306429927
6.696085508233341,0,0.9839785306429927
7.101109831056456,0,0.9839785306429927
7.42941689943491,0,0.9839785306429927
7.691528500564514,0,0.9839785306429927
7.900899420206612,0,0.9839785306429927
8.061362216311613,0,0.9839785306429927
8.159507097760414,0,0.9839785306429927
8.173210558274324,0,0.9839785306429927
8.115047649166334,1,0.9842429229137984
7.9953564544163624,0,0.9842429229137984
7.788820629639182,0,0.9842429229137984
7.486508815260306,0,0.9842429229137984
7.112938229198839,0,0.9842429229137984
6.685563608656977,0,0.9842429229137984
6.248124176610409,0,0.9842429229137984
5.886280663767033,0,0.9842429229137984
5.606093577614931,0,0.9842429229137984
5.319596555686914,0,0.9842429229137984
4.992291005736335,0,0.9842429229137984
4.679465504029504,0,0.9842429229137984
4.430716827666861,0,0.9842429229137984
4.247740133166126,0,0.9842429229137984
4.0988802950125525,0,0.9842429229137984
3.937394527076458,0,0.9842429229137984
3.7426557704977284,0,0.9842429229137984
3.525787773082734,0,0.9842429229137984
3.292356524572054,0,0.9842429229137984
3.0353212120491198,0,0.9842429229137984
2.7458978282274527,0,0.9842429229137984
2.419098073445672,0,0.9842429229137984
2.0609328660554094,0,0.9842429229137984
1.6882905766670189,0,0.9842429229137984
1.3396269156302474,0,0.9842429229137984
1.060904725454383,0,0.9842429229137984
0.8583101869303795,0,0.9842429229137984
0.7026551692100941,0,0.9842429229137984
0.5683278381232805,0,0.9842429229137984
0.4360237473893705,0,0.9842429229137984
0.26116058530906194,0,0.9842429229137984
0.00225443455645586,0,0.9842429229137984
-0.33737915033097843,0,0.9842429229137984
-0.7750176291015346,0,0.9842429229137984
-1.3677099946255176,0,0.9842429229137984
-2.1541955971939135,0,0.9842429229137984
-3.149769235264536,0,0.9842429229137984
-4.354525201321367,0,0.9842429229137984
-5.763340393056996,0,0.9842429229137984
-7.354595984014627,0,0.9842429229137984
-9.079122260692134,0,0.9842429229137984
-10.880052557870258,0,0.9842429229137984
-12.678327197358335,0,0.9842429229137984
-14.411089235672206,0,0.9842429229137984
-16.05104926190905,0,0.9842429229137984
-17.502807195838347,0,0.9842429229137984
-18.621945314529203,0,0.9842429229137984
-19.32380710890652,0,0.9842429229137984
-19.571728986787697,0,0.9842429229137984
-19.33367654484891,0,0.9842429229137984
-18.591936289293788,0,0.9842429229137984
-17.390009766463937,0,0.9842429229137984
-15.816718079540427,0,0.9842429229137984
-13.938148618360538,0,0.9842429229137984
-11.831424610280019,0,0.9842429229137984
-9.604952999300593,0,0.9842429229137984
-7.31389157056339,0,0.9842429229137984
-4.998593667628084,0,0.9842429229137984
-2.7692452115458273,0,0.9842429229137984
-0.7298830090116797,0,0.9842429229137984
1.0718557573653664,0,0.9842429229137984
2.5957044017127786,0,0.9842429229137984
3.799445463857001,0,0.9842429229137984
4.682883083281581,0,0.9842429229137984
5.274668683166616,0,0.9842429229137984
5.589392503276799,0,0.9842429229137984
5.665185538513515,0,0.9842429229137984
5.5651299215946946,0,0.9842429229137984
5.325860008247487,0,0.9842429229137984
4.98708537088984,0,0.9842429229137984
4.632338177583919,0,0.9842429229137984
4.341879371826396,0,0.9842429229137984
4.124975811217803,0,0.9842429229137984
3.951119799095761,0,0.9842429229137984
3.819333260988582,0,0.9842429229137984
3.7306757975721543,0,0.9842429229137984
3.6757866564958652,0,0.9842429229137984
3.679561769741528,0,0.9842429229137984
3.7806024465235697,0,0.9842429229137984
3.9938316471414734,0,0.9842429229137984
4.302860188883641,0,0.9842429229137984
4.677636356503657,0,0.9842429229137984
5.083115655566086,0,0.9842429229137984
5.474588690710526,0,0.9842429229137984
5.8618965660516595,0,0.9842429229137984
6.286130034407434,0,0.9842429229137984
6.7176062134216075,0,0.9842429229137984
7.096490360783852,0,0.9842429229137984
7.386257000255791,0,0.9842429229137984
7.569942114023929,0,0.9842429229137984
7.651997205854594,0,0.9842429229137984
7.651256054368703,1,0.9838503396563278
7.589275229840459,0,0.9838503396563278
7.472777083688324,0,0.9838503396563278
7.313510937036205,0,0.9838503396563278
7.141278472358968,0,0.9838503396563278
6.9567905805844665,0,0.9838503396563278
6.738892847240593,0,0.9838503396563278
6.491251176790836,0,0.9838503396563278
6.217222209037002,0,0.9838503396563278
5.917932192548695,0,0.9838503396563278
5.621888325820873,0,0.9838503396563278
5.368445774394521,0,0.9838503396563278
5.185743989505682,0,0.9838503396563278
5.062881494566063,0,0.9838503396563278
4.950119745592061,0,0.9838503396563278
4.81551361164853,0,0.9838503396563278
4.65999172047258,0,0.9838503396563278
4.47543818029811,0,0.9838503396563278
4.240880969351308,0,0.9838503396563278
3.944056088780744,0,0.9838503396563278
3.58962596984461,0,0.9838503396563278
3.199606221790538,0,0.9838503396563278
2.796306349830248,0,0.9838503396563278
2.3857188821496136,0,0.9838503396563278
1.9654203368184,0,0.9838503396563278
1.5585768481100215,0,0.9838503396563278
1.2047459056419616,0,0.9838503396563278
0.9044349873044778,0,0.9838503396563278
0.6341733804369108,0,0.9838503396563278
0.40517478702453386,0,0.9838503396563278
0.25788282739206453,0,0.9838503396563278
0.1959439609188499,0,0.9838503396563278
0.153007107534106,0,0.9838503396563278
0.07097431559181759,0,0.9838503396563278
-0.06326407944668097,0,0.9838503396563278
-0.28642676136062756,0,0.9838503396563278
-0.6354910043648319,0,0.9838503396563278
-1.1143832697155276,0,0.9838503396563278
-1.7211260123591634,0,0.9838503396563278
-2.451715819968814,0,0.9838503396563278
-3.3247257484268204,0,0.9838503396563278
-4.374345176628565,0,0.9838503396563278
-5.620813066197401,0,0.9838503396563278
-7.063924131150107,0,0.9838503396563278
-8.677358673207763,0,0.9838503396563278
-10.424573910732827,0,0.9838503396563278
-12.247433003096122,0,0.9838503396563278
-14.05165427119868,0,0.9838503396563278
-15.740661302462112,0,0.9838503396563278
-17.221561042975107,0,0.9838503396563278
-18.405257650748947,0,0.9838503396563278
-19.234770938726534,0,0.9838503396563278
-19.673928684032166,0,0.9838503396563278
-19.6706129737512,0,0.9838503396563278
-19.16248742050712,0,0.9838503396563278
-18.148850535283948,0,0.9838503396563278
-16.718652769434755,0,0.9838503396563278
-14.974042381522354,0,0.9838503396563278
-13.008081846021446,0,0.9838503396563278
-10.915782264212828,0,0.9838503396563278
-8.751795387556564,0,0.9838503396563278
-6.551080426828908,0,0.9838503396563278
-4.393059423227731,0,0.9838503396563278
-2.395060755525396,0,0.9838503396563278
-0.6537059700019845,0,0.9838503396563278
0.7827707921322521,0,0.9838503396563278
1.914412746675585,0,0.9838503396563278
2.7767246921554247,0,0.9838503396563278
3.4111831984240117,0,0.9838503396563278
3.854152263788826,0,0.9838503396563278
4.139813156689399,0,0.9838503396563278
4.298270036098449,0,0.9838503396563278
4.341339740327854,0,0.9838503396563278
4.277057746039041,0,0.9838503396563278
4.141207693390734,0,0.9838503396563278
3.9993641601823606,0,0.9838503396563278
3.9017045886658246,0,0.9838503396563278
3.850764872332665,0,0.9838503396563278
3.850154720709817,0,0.9838503396563278
3.9185377934751227,0,0.9838503396563278
4.059999048840826,0,0.9838503396563278
4.273557408593229,0,0.9838503396563278
4.555628857471217,0,0.9838503396563278
4.887828648864548,0,0.9838503396563278
5.260071576297117,0,0.9838503396563278
5.676716584696201,0,0.9838503396563278
6.121497822825734,0,0.9838503396563278
6.568197806780404,0,0.9838503396563278
7.00003713121033,0,0.9838503396563278
7.398877326385901,0,0.9838503396563278
7.749540927027288,0,0.9838503396563278
8.034828091642014,0,0.9838503396563278
8.236009751565584,0,0.9838503396563278
8.361223351638394,0,0.9838503396563278
8.42811098297759,0,0.9838503396563278
8.429128642269747,0,0.9838503396563278
8.373860884676953,1,0.982891771273675
8.288112869027666,0,0.982891771273675
8.165459746137833,0,0.982891771273675
7.995799197055316,0,0.982891771273675
7.783654520051022,0,0.982891771273675
7.541564005302172,0,0.982891771273675
7.278877513381188,0,0.982891771273675
7.011249195464121,0,0.982891771273675
6.7600143992248665,0,0.982891771273675
6.485908552742649,0,0.982891771273675
6.130398205879117,0,0.982891771273675
5.698347265270976,0,0.982891771273675
5.230871985967866,0,0.982891771273675
4.7595066028780115,0,0.982891771273675
4.299151717936434,0,0.982891771273675
3.8578434801041084,0,0.982891771273675
3.3980771906349587,0,0.982891771273675
2.863927886645244,0,0.982891771273675
2.2657614536806716,0,0.982891771273675
1.6244899929175844,0,0.982891771273675
0.9192313151854604,0,0.982891771273675
0.14472822860643053,0,0.982891771273675
-0.6744212783392276,0,0.982891771273675
-1.5487419682994648,0,0.982891771273675
-2.547427656515989,0,0.982891771273675
-3.725181761492048,0,0.982891771273675
-5.074631109536963,0,0.982891771273675
-6.566696306018858,0,0.982891771273675
-8.1968750485566,0,0.982891771273675
-9.94666043889112,0,0.982891771273675
-11.735825153655483,0,0.982891771273675
-13.468380063051924,0,0.982891771273675
-15.035840744508098,0,0.982891771273675
-16.32112993977099,0,0.982891771273675
-17.265263364968565,0,0.982891771273675
-17.836887442471472,0,0.982891771273675
-17.97611786754122,0,0.982891771273675
-17.614010339349193,0,0.982891771273675
-16.727315294188855,0,0.982891771273675
-15.367153343502508,0,0.982891771273675
-13.63462978604046,0,0.982891771273675
-11.652201785055745,0,0.982891771273675
-9.538079676709435,0,0.982891771273675
-7.3917177199637845,0,0.982891771273675
-5.3011996753114365,0,0.982891771273675
-3.318110421787328,0,0.982891771273675
-1.4432282215144454,0,0.982891771273675
0.29134286531707915,0,0.982891771273675
1.788294738734189,0,0.982891771273675
2.9855761546020827,0,0.982891771273675
3.892675280023458,0,0.982891771273675
4.523583859021448,0,0.982891771273675
4.894064686942655,0,0.982891771273675
5.0537005117259115,0,0.982891771273675
5.066497518998524,0,0.982891771273675
4.977541181208936,0,0.982891771273675
4.80147259238722,0,0.982891771273675
4.565682200932278,0,0.982891771273675
4.317282289308711,0,0.982891771273675
4.0696504817210695,0,0.982891771273675
3.8255894948365223,0,0.982891771273675
3.630305616259792,0,0.982891771273675
3.5337885438232104,0,0.982891771273675
3.5445611077232466,0,0.982891771273675
3.6712663841594937,0,0.982891771273675
3.9106012715436025,0,0.982891771273675
4.2117936978464625,0,0.982891771273675
4.535994364061621,0,0.982891771273675
4.874594291323728,0,0.982891771273675
5.227178558290631,0,0.982891771273675
5.58093793430017,0,0.982891771273675
5.907840702192004,0,0.982891771273675
6.217859970236234,0,0.982891771273675
6.5671805080816705,0,0.982891771273675
6.98917580940283,0,0.982891771273675
7.422602694527362,0,0.982891771273675
7.759099027589262,0,0.982891771273675
7.950299399235083,0,0.982891771273675
7.995546765176088,0,0.982891771273675
7.90101755586647,1,0.9827713237196718
7.697226231764474,0,0.9827713237196718
7.444591881813429,0,0.9827713237196718
7.186079289185015,0,0.9827713237196718
6.931659347883167,0,0.9827713237196718
6.687797991632695,0,0.9827713237196718
6.451272641545483,0,0.9827713237196718
6.20263424502538,0,0.9827713237196718
5.926723621325705,0,0.9827713237196718
5.642689386108441,0,0.9827713237196718
5.373240378237152,0,0.9827713237196718
5.0856136602892485,0,0.9827713237196718
4.7343206324731275,0,0.9827713237196718
4.344297239398854,0,0.9827713237196718
3.9756689791326223,0,0.9827713237196718
3.6397506538922757,0,0.9827713237196718
3.318006207403289,0,0.9827713237196718
3.0024068891844458,0,0.9827713237196718
2.7035306399982497,0,0.9827713237196718
2.413708916566064,0,0.9827713237196718
2.072181410453575,0,0.9827713237196718
1.644119332926411,0,0.9827713237196718
1.1370743029974741,0,0.9827713237196718
0.5498537811360784,0,0.9827713237196718
-0.09928655085450921,0,0.9827713237196718
-0.8122105817806616,0,0.9827713237196718
-1.6366159512776126,0,0.9827713237196718
-2.5816951660944625,0,0.9827713237196718
-3.628689273594525,0,0.9827713237196718
-4.797916116774456,0,0.9827713237196718
-6.132012852615551,0,0.9827713237196718
-7.6472871319167455,0,0.9827713237196718
-9.308448824897841,0,0.9827713237196718
-11.039632299914105,0,0.9827713237196718
-12.762606107859302,0,0.9827713237196718
-14.405771926762213,0,0.9827713237196718
-15.880297754900987,0,0.9827713237196718
-17.102176800270986,0,0.9827713237196718
-18.01423839376652,0,0.9827713237196718
-18.536013625294768,0,0.9827713237196718
-18.56984645607287,0,0.9827713237196718
-18.09475016122827,0,0.9827713237196718
-17.177288978385395,0,0.9827713237196718
-15.89135345620737,0,0.9827713237196718
-14.27957378082031,0,0.9827713237196718
-12.375263047879109,0,0.9827713237196718
-10.236510612318913,0,0.9827713237196718
-7.962958596613068,0,0.9827713237196718
-5.677477071337563,0,0.9827713237196718
-3.5002161616996683,0,0.9827713237196718
-1.5315403454714667,0,0.9827713237196718
0.17062795374059475,0,0.9827713237196718
1.5874975787644243,0,0.9827713237196718
2.7342076149346743,0,0.9827713237196718
3.6321014540249936,0,0.9827713237196718
4.245228629876929,0,0.9827713237196718
4.538276854745914,0,0.9827713237196718
4.577235803819299,0,0.9827713237196718
4.4708576426545585,0,0.9827713237196718
4.3082464897343025,0,0.9827713237196718
4.177048963930125,0,0.9827713237196718
4.094067272289658,0,0.9827713237196718
4.006508238088365,0,0.9827713237196718
3.925963872581898,0,0.9827713237196718
3.8987996504480886,0,0.9827713237196718
3.9216053822250703,0,0.9827713237196718
3.9824820918654478,0,0.9827713237196718
4.083614915071291,0,0.9827713237196718
4.223334824237814,0,0.9827713237196718
4.396880743590087,0,0.9827713237196718
4.619774567256731,0,0.9827713237196718
4.925766832558638,0,0.9827713237196718
5.311933249102255,0,0.9827713237196718
5.7344465071443365,0,0.9827713237196718
6.13842468042595,0,0.9827713237196718
6.47263905484255,0,0.9827713237196718
6.736256720839022,0,0.9827713237196718
6.975373799708994,0,0.9827713237196718
7.225408009816135,0,0.9827713237196718
7.489274426521227,0,0.9827713237196718
7.738611219912243,0,0.9827713237196718
7.9290030775040075,0,0.9827713237196718
8.018002864385043,0,0.9827713237196718
7.994648068190968,1,0.9827692364052137
7.885974609785497,0,0.9827692364052137
7.712714791977104,0,0.9827692364052137
7.48374661540195,0,0.9827692364052137
7.214483667968876,0,0.9827692364052137
6.919840051906679,0,0.9827692364052137
6.602824275450981,0,0.9827692364052137
6.267538700969913,0,0.9827692364052137
5.943657177834593,0,0.9827692364052137
5.635151647680695,0,0.9827692364052137
5.309799784810044,0,0.9827692364052137
4.983460670692966,0,0.9827692364052137
4.682400427168814,0,0.9827692364052137
4.379236483771557,0,0.9827692364052137
4.044766930296462,0,0.9827692364052137
3.6663978585990202,0,0.9827692364052137
3.2376061927396687,0,0.9827692364052137
2.775444134148786,0,0.9827692364052137
2.297235929586691,0,0.9827692364052137
1.7768406916883133,0,0.9827692364052137
1.163370060813639,0,0.9827692364052137
0.41225677422495305,0,0.9827692364052137
-0.5100619584526231,0,0.9827692364052137
-1.597648068482994,0,0.9827692364052137
-2.8268193726807436,0,0.9827692364052137
-4.2053686988712755,0,0.9827692364052137
-5.759773521002721,0,0.9827692364052137
-7.497637638731249,0,0.9827692364052137
-9.35837808642524,0,0.9827692364052137
-11.226943973196676,0,0.9827692364052137
-13.024373717056337,0,0.9827692364052137
-14.702098973204112,0,0.9827692364052137
-16.161608900461406,0,0.9827692364052137
-17.285367726890804,0,0.9827692364052137
-17.99307526289956,0,0.9827692364052137
-18.215219667426112,0,0.9827692364052137
-17.908097331674185,0,0.9827692364052137
-17.11451503377413,0,0.9827692364052137
-15.919923047692315,0,0.9827692364052137
-14.378472048786977,0,0.9827692364052137
-12.558867864826611,0,0.9827692364052137
-10.561845566482976,0,0.9827692364052137
-8.472193584817795,0,0.9827692364052137
-6.365313301188005,0,0.9827692364052137
-4.301612004308014,0,0.9827692364052137
-2.3266639707419414,0,0.9827692364052137
-0.5020153852414326,0,0.9827692364052137
1.1242483361601923,0,0.9827692364052137
2.528465923663441,0,0.9827692364052137
3.6655447827194267,0,0.9827692364052137
4.5041391621573394,0,0.9827692364052137
5.059791111987645,0,0.9827692364052137
5.3438097645724,0,0.9827692364052137
5.37090202767763,0,0.9827692364052137
5.197799703796188,0,0.9827692364052137
4.900619483354977,0,0.9827692364052137
4.532254290762995,0,0.9827692364052137
4.132627887226754,0,0.9827692364052137
3.7568742989244557,0,0.9827692364052137
3.445561952274083,0,0.9827692364052137
3.2122612204762926,0,0.9827692364052137
3.0526480512538696,0,0.9827692364052137
2.9409443936019635,0,0.9827692364052137
2.8598505018022324,0,0.9827692364052137
2.821816101094185,0,0.9827692364052137
2.857312213768041,0,0.9827692364052137
3.0079112066992693,0,0.9827692364052137
3.3052983052396394,0,0.9827692364052137
3.7254509973683416,0,0.9827692364052137
4.194552096892827,0,0.9827692364052137
4.664097956044898,0,0.9827692364052137
5.1362766159891615,0,0.9827692364052137
5.6022599931139485,0,0.9827692364052137
6.02457046474837,0,0.9827692364052137
6.396198107968098,0,0.9827692364052137
6.751515162227153,0,0.9827692364052137
7.11004290620825,0,0.9827692364052137
7.427091480979422,0,0.9827692364052137
7.630025769386216,0,0.9827692364052137
7.712193830491075,0,0.9827692364052137
7.711075467320778,1,0.9827692364052137
7.629647010939743,0,0.9827692364052137
7.448922928512034,0,0.9827692364052137
7.176210026968247,0,0.9827692364052137
6.8483830612145224,0,0.9827692364052137
6.488328548627571,0,0.9827692364052137
6.100087611736688,0,0.9827692364052137
5.674162412388016,0,0.9827692364052137
5.180879346783842,0,0.9827692364052137
4.591518062887081,0,0.9827692364052137
3.881290260590306,0,0.9827692364052137
3.0368054769850064,0,0.9827692364052137
2.0602085114237014,0,0.9827692364052137
0.9499666233089051,0,0.9827692364052137
-0.3255202452162552,0,0.9827692364052137
-1.8301020717927148,0,0.9827692364052137
-3.583703110271524,0,0.9827692364052137
-5.512622140273635,0,0.9827692364052137
-7.513352550968604,0,0.9827692364052137
-9.511929202895548,0,0.9827692364052137
-11.433568667222575,0,0.9827692364052137
-13.182681649191036,0,0.9827692364052137
-14.68374634556955,0,0.9827692364052137
-15.871703476352636,0,0.9827692364052137
-16.667324165854694,0,0.9827692364052137
-17.022637870769998,0,0.9827692364052137
-16.933389511844588,0,0.9827692364052137
-16.38768262229997,0,0.9827692364052137
-15.37221089764687,0,0.9827692364052137
-13.92907726136305,0,0.9827692364052137
-12.135913175810444,0,0.9827692364052137
-10.068268512541806,0,0.9827692364052137
-7.840202684687801,0,0.9827692364052137
-5.607160463516129,0,0.9827692364052137
-3.478942084717917,0,0.9827692364052137
-1.4948309047501314,0,0.9827692364052137
0.3141069271131768,0,0.9827692364052137
1.9099492884627383,0,0.9827692364052137
3.2516006870440712,0,0.9827692364052137
4.292378737575832,0,0.9827692364052137
5.020745315994864,0,0.9827692364052137
5.463996882649911,0,0.9827692364052137
5.6629462584669366,0,0.9827692364052137
5.683744294818417,0,0.9827692364052137
5.577259697153427,0,0.9827692364052137
5.353363071517985,0,0.9827692364052137
5.0665439607827185,0,0.9827692364052137
4.801828431695727,0,0.9827692364052137
4.575097199043135,0,0.9827692364052137
4.357249572310807,0,0.9827692364052137
4.144966796364793,0,0.9827692364052137
3.9705868065141163,0,0.9827692364052137
3.871528386113606,0,0.9827692364052137
3.8574215678615147,0,0.9827692364052137
3.9106799619222476,0,0.9827692364052137
4.018729423615278,0,0.9827692364052137
4.195380144108458,0,0.9827692364052137
4.459411322775714,0,0.9827692364052137
4.799915467574003,0,0.9827692364052137
5.1794111576693105,0,0.9827692364052137
5.538127663477021,0,0.9827692364052137
5.812095631470996,0,0.9827692364052137
6.003656875860284,0,0.9827692364052137
6.18844635363992,0,0.9827692364052137
6.4158120562368515,0,0.9827692364052137
6.64664968591266,0,0.9827692364052137
6.831975431792032,0,0.9827692364052137
6.9752504516843565,0,0.9827692364052137
7.078887137682942,0,0.9827692364052137
7.120706077456913,0,0.9827692364052137
7.0940134606494185,1,0.9820854725743194
7.021694963727087,0,0.9820854725743194
6.915169665221272,0,0.9820854725743194
6.751124432971788,0,0.9820854725743194
6.50682562921354,0,0.9820854725743194
6.191245536200284,0,0.9820854725743194
5.847530526798059,0,0.9820854725743194
5.531326183263298,0,0.9820854725743194
5.2526534843603665,0,0.9820854725743194
4.978311108568929,0,0.9820854725743194
4.676837492286389,0,0.9820854725743194
4.318043380706783,0,0.9820854725743194
3.8920546172726422,0,0.9820854725743194
3.4099399937919705,0,0.9820854725743194
2.8754965105163577,0,0.9820854725743194
2.2619499010162993,0,0.9820854725743194
1.505058635101833,0,0.9820854725743194
0.5750902551103418,0,0.9820854725743194
-0.5021213680818094,0,0.9820854725743194
-1.7258359691272729,0,0.9820854725743194
-3.1166835561850483,0,0.9820854725743194
-4.673731833072979,0,0.9820854725743194
-6.3777242116938035,0,0.9820854725743194
-8.181883722679036,0,0.9820854725743194
-10.037803087007669,0,0.9820854725743194
-11.908258795229647,0,0.9820854725743194
-13.715779615390668,0,0.9820854725743194
-15.330469598797746,0,0.9820854725743194
-16.617857376837136,0,0.9820854725743194
-17.48026002240767,0,0.9820854725743194
-17.866344293643294,0,0.9820854725743194
-17.78852933844083,0,0.9820854725743194
-17.29495697005741,0,0.9820854725743194
-16.41241366776292,0,0.9820854725743194
-15.17090544593409,0,0.9820854725743194
-13.609744354829711,0,0.9820854725743194
-11.765749981650089,0,0.9820854725743194
-9.716437213943292,0,0.9820854725743194
-7.565023359431685,0,0.9820854725743194
-5.401625879819432,0,0.9820854725743194
-3.3178255349590455,0,0.9820854725743194
-1.4022430858583155,0,0.9820854725743194
0.2922203491377579,0,0.9820854725743194
1.7450808282948789,0,0.9820854725743194
2.9392251755181014,0,0.9820854725743194
3.856871475415896,0,0.9820854725743194
4.498094033264109,0,0.9820854725743194
4.888991834238601,0,0.9820854725743194
5.058114518547397,0,0.9820854725743194
5.020419239416354,0,0.9820854725743194
4.802313259035046,0,0.9820854725743194
4.466431408808536,0,0.9820854725743194
4.08805243670025,0,0.9820854725743194
3.71061727833541,0,0.9820854725743194
3.33763921493044,0,0.9820854725743194
2.9787532743778966,0,0.9820854725743194
2.6763318239036624,0,0.9820854725743194
2.476182274802276,0,0.9820854725743194
2.415069179863176,0,0.9820854725743194
2.494805935366649,0,0.9820854725743194
2.6774092471233866,0,0.9820854725743194
2.9412048331583,0,0.9820854725743194
3.288975081194068,0,0.9820854725743194
3.72578242558744,0,0.9820854725743194
4.231540852057351,0,0.9820854725743194
4.74125176618487,0,0.9820854725743194
5.200090917456811,0,0.9820854725743194
5.615296606238634,0,0.9820854725743194
6.027494712772245,0,0.9820854725743194
6.451654822910668,0,0.9820854725743194
6.852221539099886,0,0.9820854725743194
7.185838385786481,0,0.9820854725743194
7.443608466558715,0,0.9820854725743194
7.632072356856539,0,0.9820854725743194
7.755695692396408,0,0.9820854725743194
7.816922188606953,0,0.9820854725743194
7.817263379496407,0,0.9820854725743194
7.755999965436213,1,0.9823815941613904
7.621946130710238,0,0.9823815941613904
7.416193486088528,0,0.9823815941613904
7.146208023633472,0,0.9823815941613904
6.80134442718856,0,0.9823815941613904
6.390705596878001,0,0.9823815941613904
5.938313369242648,0,0.9823815941613904
5.457967574449279,0,0.9823815941613904
4.9910475961062355,0,0.9823815941613904
4.593924611606957,0,0.9823815941613904
4.270219879770303,0,0.9823815941613904
3.9733865477552786,0,0.9823815941613904
3.644079799418821,0,0.9823815941613904
3.227927028554304,0,0.9823815941613904
2.7197727853933316,0,0.9823815941613904
2.1511215862053694,0,0.9823815941613904
1.531115145441882,0,0.9823815941613904
0.8476584040776455,0,0.9823815941613904
0.07414248088337386,0,0.9823815941613904
-0.8357470767597953,0,0.9823815941613904
-1.9273897910934243,0,0.9823815941613904
-3.204465889526077,0,0.9823815941613904
-4.6416163155389025,0,0.9823815941613904
-6.236637731711508,0,0.9823815941613904
-7.981921650351433,0,0.9823815941613904
-9.822592887340287,0,0.9823815941613904
-11.675523920360938,0,0.9823815941613904
-13.443934721262632,0,0.9823815941613904
-15.029630542320852,0,0.9823815941613904
-16.352340098632347,0,0.9823815941613904
-17.35757809416254,0,0.9823815941613904
-18.010157109762176,0,0.9823815941613904
-18.273575168729124,0,0.9823815941613904
-18.081617270186012,0,0.9823815941613904
-17.369384503344104,0,0.9823815941613904
-16.16513574644729,0,0.9823815941613904
-14.566135388668526,0,0.9823815941613904
-12.649779594054937,0,0.9823815941613904
-10.492281110304546,0,0.9823815941613904
-8.214486210636933,0,0.9823815941613904
-5.94773376767918,0,0.9823815941613904
-3.7706171115419305,0,0.9823815941613904
-1.733400636847919,0,0.9823815941613904
0.09764468876875951,0,0.9823815941613904
1.6795818762219872,0,0.9823815941613904
3.0023486460719213,0,0.9823815941613904
4.043866595969943,0,0.9823815941613904
4.7783222451221645,0,0.9823815941613904
5.2117453382932455,0,0.9823815941613904
5.387097803518871,0,0.9823815941613904
5.3589033587064545,0,0.9823815941613904
5.169581232666272,0,0.9823815941613904
4.873089769445585,0,0.9823815941613904
4.5358301736686055,0,0.9823815941613904
4.185015967197706,0,0.9823815941613904
3.830472671180601,0,0.9823815941613904
3.5165442627671855,0,0.9823815941613904
3.277795352970666,0,0.9823815941613904
3.1158562979437816,0,0.9823815941613904
3.0384564629675355,0,0.9823815941613904
3.0643021523899066,0,0.9823815941613904
3.2182419345126196,0,0.9823815941613904
3.488076927053742,0,0.9823815941613904
3.799566038427981,0,0.9823815941613904
4.1045002560249415,0,0.9823815941613904
4.416878041650878,0,0.9823815941613904
4.758598243621108,0,0.9823815941613904
5.141196446989915,0,0.9823815941613904
5.5638779349406455,0,0.9823815941613904
6.009748005515446,0,0.9823815941613904
6.452885121859829,0,0.9823815941613904
6.850692752216711,0,0.9823815941613904
7.156927217194688,0,0.9823815941613904
7.375384582092179,0,0.9823815941613904
7.5216506707694775,0,0.9823815941613904
7.569095383970875,0,0.9823815941613904
7.533132470829175,1,0.9825948294180715
7.462796034951468,0,0.9825948294180715
7.344820240690078,0,0.9825948294180715
7.154209648263779,0,0.9825948294180715
6.907681810557848,0,0.9825948294180715
6.622013040026115,0,0.9825948294180715
6.310325009942995,0,0.9825948294180715
5.994824386162501,0,0.9825948294180715
5.674828646100518,0,0.9825948294180715
5.328517399425971,0,0.9825948294180715
4.974038244180013,0,0.9825948294180715
4.6647128533782105,0,0.9825948294180715
4.392421507572051,0,0.9825948294180715
4.085032006725661,0,0.9825948294180715
3.705772914375989,0,0.9825948294180715
3.2698938324087385,0,0.9825948294180715
2.7915770309680665,0,0.9825948294180715
2.2830332276323797,0,0.9825948294180715
1.7508885801273204,0,0.9825948294180715
1.1628792811295467,0,0.9825948294180715
0.4836949810191253,0,0.9825948294180715
-0.30534690503618417,0,0.9825948294180715
-1.234132709208087,0,0.9825948294180715
-2.3277091396574834,0,0.9825948294180715
-3.603453007421746,0,0.9825948294180715
-5.051288405168394,0,0.9825948294180715
-6.6154773931520285,0,0.9825948294180715
-8.26279231135119,0,0.9825948294180715
-9.986730806423417,0,0.9825948294180715
-11.743750027812947,0,0.9825948294180715
-13.451744114185566,0,0.9825948294180715
-15.007024145642228,0,0.9825948294180715
-16.320433283188322,0,0.9825948294180715
-17.3532599662867,0,0.9825948294180715
-18.084548802448165,0,0.9825948294180715
-18.45808377360673,0,0.9825948294180715
-18.373620357412985,0,0.9825948294180715
-17.756737559491476,0,0.9825948294180715
-16.63586443930564,0,0.9825948294180715
-15.103272458068956,0,0.9825948294180715
-13.235489689786052,0,0.9825948294180715
-11.105368709420713,0,0.9825948294180715
-8.81584156720113,0,0.9825948294180715
-6.489357058777523,0,0.9825948294180715
-4.233655169153177,0,0.9825948294180715
-2.1123540307652062,0,0.9825948294180715
-0.16941540569713254,0,0.9825948294180715
1.54754945931569,0,0.9825948294180715
3.0005844793076966,0,0.9825948294180715
4.161398791605954,0,0.9825948294180715
4.99070764683113,0,0.9825948294180715
5.4740228401754925,0,0.9825948294180715
5.6858574123944665,0,0.9825948294180715
5.715871463210004,0,0.9825948294180715
5.588675979566908,0,0.9825948294180715
5.3371092638142015,0,0.9825948294180715
5.035234461015731,0,0.9825948294180715
4.733550503075733,0,0.9825948294180715
4.460905607516261,0,0.9825948294180715
4.2422894875691135,0,0.9825948294180715
4.068130105370839,0,0.9825948294180715
3.9223182748461793,0,0.9825948294180715
3.8244413662537338,0,0.9825948294180715
3.808063254993347,0,0.9825948294180715
3.8815513026373933,0,0.9825948294180715
4.027901291538299,0,0.9825948294180715
4.235310834945123,0,0.9825948294180715
4.501312253529219,0,0.9825948294180715
4.8134417988725895,0,0.9825948294180715
5.144317265605287,0,0.9825948294180715
5.478326172485705,0,0.9825948294180715
5.802760727292142,0,0.9825948294180715
6.079978135969966,0,0.9825948294180715
6.2955498202773725,0,0.9825948294180715
6.4795832674212726,0,0.9825948294180715
6.655214240791678,0,0.9825948294180715
6.807665019959426,0,0.9825948294180715
6.920791013380126,0,0.9825948294180715
7.00050773859623,0,0.9825948294180715
7.036321872696752,0,0.9825948294180715
7.024889201321311,1,0.9829830023678422
6.9754811931635485,0,0.9829830023678422
6.863239602648318,0,0.9829830023678422
6.65762133577593,0,0.9829830023678422
6.351641847538935,0,0.9829830023678422
5.969945293092878,0,0.9829830023678422
5.572713879592816,0,0.9829830023678422
5.194565075292631,0,0.9829830023678422
4.806462129369459,0,0.9829830023678422
4.39147345431484,0,0.9829830023678422
3.96700060051363,0,0.9829830023678422
3.53360502467341,0,0.9829830023678422
3.122537313000355,0,0.9829830023678422
2.7986499204081037,0,0.9829830023678422
2.5581857241156505,0,0.9829830023678422
2.3470104236002367,0,0.9829830023678422
2.138105993059348,0,0.9829830023678422
1.909981059266432,0,0.9829830023678422
1.6416380277148097,0,0.9829830023678422
1.3294066231628638,0,0.9829830023678422
0.9245498107616809,0,0.9829830023678422
0.33358088668418506,0,0.9829830023678422
-0.4886608526482008,0,0.9829830023678422
-1.5386453357799226,0,0.9829830023678422
-2.8068427177610036,0,0.9829830023678422
-4.2717117705098016,0,0.9829830023678422
-5.8908006428311,0,0.9829830023678422
-7.606563099576444,0,0.9829830023678422
-9.372767388106913,0,0.9829830023678422
-11.137497955621628,0,0.9829830023678422
-12.820696468909418,0,0.9829830023678422
-14.347246701148157,0,0.9829830023678422
-15.65274808876095,0,0.9829830023678422
-16.662167522679926,0,0.9829830023678422
-17.296585020953753,0,0.9829830023678422
-17.50564843406754,0,0.9829830023678422
-17.295935367955984,0,0.9829830023678422
-16.718150795020634,0,0.9829830023678422
-15.785582666387654,0,0.9829830023678422
-14.463211320516685,0,0.9829830023678422
-12.766513106710383,0,0.9829830023678422
-10.782358843278612,0,0.9829830023678422
-8.631419836850245,0,0.9829830023678422
-6.432195461617163,0,0.9829830023678422
-4.287992996703714,0,0.9829830023678422
-2.283838139426737,0,0.9829830023678422
-0.46191436417394127,0,0.9829830023678422
1.1279355473641735,0,0.9829830023678422
2.4256461987798983,0,0.9829830023678422
3.424752506508258,0,0.9829830023678422
4.149184921253354,0,0.9829830023678422
4.6060351050564385,0,0.9829830023678422
4.783363803460058,0,0.9829830023678422
4.713564433819833,0,0.9829830023678422
4.5062887714900794,0,0.9829830023678422
4.26838579487223,0,0.9829830023678422
4.024397376576994,0,0.9829830023678422
3.7642355324325845,0,0.9829830023678422
3.526997575699507,0,0.9829830023678422
3.367705804522666,0,0.9829830023678422
3.3041046615438474,0,0.9829830023678422
3.327668900669244,0,0.9829830023678422
3.4012956400646996,0,0.9829830023678422
3.4873363643018394,0,0.9829830023678422
3.606192230128098,0,0.9829830023678422
3.7986282595804246,0,0.9829830023678422
4.073165921243621,0,0.9829830023678422
4.41647680478035,0,0.9829830023678422
4.805496589458895,0,0.9829830023678422
5.22640538842725,0,0.9829830023678422
5.664707526865944,0,0.9829830023678422
6.100210889134257,0,0.9829830023678422
6.5228561199894575,0,0.9829830023678422
6.905931904202196,0,0.9829830023678422
7.219490041760734,0,0.9829830023678422
7.457767505151379,0,0.9829830023678422
7.628266418679661,0,0.9829830023678422
7.733222180938525,0,0.9829830023678422
7.75517635036609,0,0.9829830023678422
7.69874124751435,1,0.9830494509507057
7.6056000492786175,0,0.9830494509507057
7.495695003018524,0,0.9830494509507057
7.335552170428925,0,0.9830494509507057
7.078123948377695,0,0.9830494509507057
6.7267268840760845,0,0.9830494509507057
6.339519700624364,0,0.9830494509507057
5.9898259305333434,0,0.9830494509507057
5.685250044807395,0,0.9830494509507057
5.362071649723187,0,0.9830494509507057
5.0190774757131695,0,0.9830494509507057
4.703913487675858,0,0.9830494509507057
4.411764324051933,0,0.9830494509507057
4.1275667598784915,0,0.9830494509507057
3.8601211634642887,0,0.9830494509507057
3.6132713997488684,0,0.9830494509507057
3.390983665426983,0,0.9830494509507057
3.1897536481270836,0,0.9830494509507057
2.941397661264693,0,0.9830494509507057
2.544259678046704,0,0.9830494509507057
1.9703047334637462,0,0.9830494509507057
1.2405499738562609,0,0.9830494509507057
0.3435266196076737,0,0.9830494509507057
-0.7530984302780294,0,0.9830494509507057
-2.0665418330123,0,0.9830494509507057
-3.585853071875736,0,0.9830494509507057
-5.279192573875496,0,0.9830494509507057
-7.108267739120618,0,0.9830494509507057
-9.023530822108894,0,0.9830494509507057
-10.959322902756039,0,0.9830494509507057
-12.853302497768334,0,0.9830494509507057
-14.645759865397205,0,0.9830494509507057
-16.244345450672945,0,0.9830494509507057
-17.539631666165352,0,0.9830494509507057
-18.44190220851891,0,0.9830494509507057
-18.884525516201002,0,0.9830494509507057
-18.846648263619183,0,0.9830494509507057
-18.342705920699668,0,0.9830494509507057
-17.380977757876057,0,0.9830494509507057
-15.98371079733222,0,0.9830494509507057
-14.231168473541207,0,0.9830494509507057
-12.260344297680028,0,0.9830494509507057
-10.198657183404098,0,0.9830494509507057
-8.106070793553023,0,0.9830494509507057
-6.008930869310811,0,0.9830494509507057
-3.949223456771123,0,0.9830494509507057
-1.9804624938336852,0,0.9830494509507057
-0.17420237056489413,0,0.9830494509507057
1.379705308845308,0,0.9830494509507057
2.6262245956547723,0,0.9830494509507057
3.5615944790859064,0,0.9830494509507057
4.2050975553405925,0,0.9830494509507057
4.5993626992072905,0,0.9830494509507057
4.785433968921315,0,0.9830494509507057
4.791578004910318,0,0.9830494509507057
4.6661437545198385,0,0.9830494509507057
4.459597469152406,0,0.9830494509507057
4.218700007367664,0,0.9830494509507057
3.979153029076759,0,0.9830494509507057
3.744357682933667,0,0.9830494509507057
3.533054198244433,0,0.9830494509507057
3.397642630054805,0,0.9830494509507057
3.3743702458059572,0,0.9830494509507057
3.452714456811572,0,0.9830494509507057
3.6130162162895445,0,0.9830494509507057
3.8609262070639505,0,0.9830494509507057
4.1750089194919955,0,0.9830494509507057
4.518337878603996,0,0.9830494509507057
4.91363204574154,0,0.9830494509507057
5.377018501684356,0,0.9830494509507057
5.851926204502967,0,0.9830494509507057
6.281791151361345,0,0.9830494509507057
6.65804057198317,0,0.9830494509507057
6.9885896685386495,0,0.9830494509507057
7.2694154370312205,0,0.9830494509507057
7.502933383217955,0,0.9830494509507057
7.716262987312655,0,0.9830494509507057
7.921887260710532,0,0.9830494509507057
8.091639120839892,0,0.9830494509507057
8.186350225025915,0,0.9830494509507057
8.16552724933979,1,0.9832513433309369
8.007953167560114,0,0.9832513433309369
7.753173120994277,0,0.9832513433309369
7.446277071709968,0,0.9832513433309369
7.087814360440813,0,0.9832513433309369
6.6840182212663395,0,0.9832513433309369
6.257373544911747,0,0.9832513433309369
5.832057308763071,0,0.9832513433309369
5.431498288000022,0,0.9832513433309369
5.052391631954009,0,0.9832513433309369
4.6842113085196155,0,0.9832513433309369
4.3373008463337746,0,0.9832513433309369
4.0192174402919285,0,0.9832513433309369
3.7181081667937934,0,0.9832513433309369
3.42810031212035,0,0.9832513433309369
3.134017122870141,0,0.9832513433309369
2.778852888414151,0,0.9832513433309369
2.3409284240886516,0,0.9832513433309369
1.8607317656604374,0,0.9832513433309369
1.3514989339508896,0,0.9832513433309369
0.7715041215536297,0,0.9832513433309369
0.05987195844001919,0,0.9832513433309369
-0.8029782805812544,0,0.9832513433309369
-1.7943815726534929,0,0.9832513433309369
-2.942538404306594,0,0.9832513433309369
-4.298157966952157,0,0.9832513433309369
-5.83420164821381,0,0.9832513433309369
-7.506473584417093,0,0.9832513433309369
-9.30252132253935,0,0.9832513433309369
-11.163319210993562,0,0.9832513433309369
-12.983041813956737,0,0.9832513433309369
-14.680612083735143,0,0.9832513433309369
-16.186825186123677,0,0.9832513433309369
-17.400305720416704,0,0.9832513433309369
-18.210183365891087,0,0.9832513433309369
-18.55094576266859,0,0.9832513433309369
-18.409721278557278,0,0.9832513433309369
-17.7929386078054,0,0.9832513433309369
-16.744050825004308,0,0.9832513433309369
-15.339118621069385,0,0.9832513433309369
-13.63217518515839,0,0.9832513433309369
-11.683917924219001,0,0.9832513433309369
-9.604847048031576,0,0.9832513433309369
-7.488369758345371,0,0.9832513433309369
-5.358802454305085,0,0.9832513433309369
-3.2669764930818834,0,0.9832513433309369
-1.334327318635478,0,0.9832513433309369
0.3484433811084839,0,0.9832513433309369
1.7713318924343537,0,0.9832513433309369
2.9593243037602583,0,0.9832513433309369
3.9143041782377543,0,0.9832513433309369
4.611896789662576,0,0.9832513433309369
5.051167919020079,0,0.9832513433309369
5.277316668415121,0,0.9832513433309369
5.332742458594458,0,0.9832513433309369
5.220525522503261,0,0.9832513433309369
4.957246525634052,0,0.9832513433309369
4.5886900224554745,0,0.9832513433309369
4.161294238511428,0,0.9832513433309369
3.7383344737686954,0,0.9832513433309369
3.3874154934390828,0,0.9832513433309369
3.169875334577732,0,0.9832513433309369
3.1315609839909366,0,0.9832513433309369
3.2522668421085643,0,0.9832513433309369
3.46871678553665,0,0.9832513433309369
3.74540019061365,0,0.9832513433309369
4.08398325671517,0,0.9832513433309369
4.49015305943181,0,0.9832513433309369
4.94670929006087,0,0.9832513433309369
5.421412316752898,0,0.9832513433309369
5.891166608192589,0,0.9832513433309369
6.366414583749857,0,0.9832513433309369
6.857459260860211,0,0.9832513433309369
7.29989789090382,0,0.9832513433309369
7.610505654305644,0,0.9832513433309369
7.787185983778301,0,0.9832513433309369
7.864190432095436,0,0.9832513433309369
7.868489643455104,0,0.9832513433309369
7.823592368412777,1,0.9831290679541932
7.708789804125209,0,0.9831290679541932
7.502238627213819,0,0.9831290679541932
7.240499970000337,0,0.9831290679541932
6.97269911748722,0,0.9831290679541932
6.721005952189281,0,0.9831290679541932
6.479198180142147,0,0.9831290679541932
6.22413096479228,0,0.9831290679541932
5.954425700144575,0,0.9831290679541932
5.708515191747332,0,0.9831290679541932
5.512441465566384,0,0.9831290679541932
5.343163274391,0,0.9831290679541932
5.159491964763707,0,0.9831290679541932
4.937297102244829,0,0.9831290679541932
4.6769446852316765,0,0.9831290679541932
4.399233556759353,0,0.9831290679541932
4.118329212427025,0,0.9831290679541932
3.8142748194242526,0,0.9831290679541932
3.463314756376856,0,0.9831290679541932
3.0668122295224802,0,0.9831290679541932
2.6425469539119137,0,0.9831290679541932
2.222008535001612,0,0.9831290679541932
1.8247975946258268,0,0.9831290679541932
1.4216671300811285,0,0.9831290679541932
0.976144195247719,0,0.9831290679541932
0.49175346777775464,0,0.9831290679541932
-0.034515799917411535,0,0.9831290679541932
-0.6453530099547258,0,0.9831290679541932
-1.4001999060187407,0,0.9831290679541932
-2.3492805192246076,0,0.9831290679541932
-3.5280582345409077,0,0.9831290679541932
-4.949065562827729,0,0.9831290679541932
-6.573450189388492,0,0.9831290679541932
-8.331352809613866,0,0.9831290679541932
-10.175630749634388,0,0.9831290679541932
-12.05724258682312,0,0.9831290679541932
-13.870784161391013,0,0.9831290679541932
-15.513653629566242,0,0.9831290679541932
-16.917928209877495,0,0.9831290679541932
-17.98844552698151,0,0.9831290679541932
-18.65200957494648,0,0.9831290679541932
-18.913276034518027,0,0.9831290679541932
-18.777169598630167,0,0.9831290679541932
-18.21575066848594,0,0.9831290679541932
-17.222552414788794,0,0.9831290679541932
-15.830335271113855,0,0.9831290679541932
-14.10146619129821,0,0.9831290679541932
-12.105880950015184,0,0.9831290679541932
-9.919257606827534,0,0.9831290679541932
-7.674250646661312,0,0.9831290679541932
-5.5222238212536015,0,0.9831290679541932
-3.53788009816335,0,0.9831290679541932
-1.7252077102307906,0,0.9831290679541932
-0.08624955043264607,0,0.9831290679541932
1.3194993359338558,0,0.9831290679541932
2.406176611791413,0,0.9831290679541932
3.1779985300244658,0,0.9831290679541932
3.713161415592098,0,0.9831290679541932
4.052051027971785,0,0.9831290679541932
4.220226062300674,0,0.9831290679541932
4.26352693960229,0,0.9831290679541932
4.207869264143844,0,0.9831290679541932
4.061125921606926,0,0.9831290679541932
3.8664223494523378,0,0.9831290679541932
3.695736145556072,0,0.9831290679541932
3.5843447709490897,0,0.9831290679541932
3.539789149546021,0,0.9831290679541932
3.554774191772577,0,0.9831290679541932
3.608421679616931,0,0.9831290679541932
3.7127928517561952,0,0.9831290679541932
3.8964355116108065,0,0.9831290679541932
4.172184013823077,0,0.9831290679541932
4.534968455153627,0,0.9831290679541932
4.946026602100791,0,0.9831290679541932
5.366664128086744,0,0.9831290679541932
5.78677850251528,0,0.9831290679541932
6.205448033062431,0,0.9831290679541932
6.621980229593986,0,0.9831290679541932
7.030680097069727,0,0.9831290679541932
7.4167046979446365,0,0.9831290679541932
7.74541201475249,0,0.9831290679541932
7.974395699690685,0,0.9831290679541932
8.104280009101558,0,0.9831290679541932
8.179662888486641,0,0.9831290679541932
8.212891930704519,0,0.9831290679541932
8.16592948330873,1,0.9831290679541932
8.039977816469984,0,0.9831290679541932
7.88640700602738,0,0.9831290679541932
7.696674966248421,0,0.9831290679541932
7.406959273949987,0,0.9831290679541932
7.011232958575598,0,0.9831290679541932
6.564348555116668,0,0.9831290679541932
6.115677014945401,0,0.9831290679541932
5.7022803276709535,0,0.9831290679541932
5.367708811397109,0,0.9831290679541932
5.138655732657839,0,0.9831290679541932
4.991220764347184,0,0.9831290679541932
4.878828064115385,0,0.9831290679541932
4.790104802076804,0,0.9831290679541932
4.723289362082376,0,0.9831290679541932
4.6386511662443395,0,0.9831290679541932
4.487732527492062,0,0.9831290679541932
4.2592326187521605,0,0.9831290679541932
3.9787392353358113,0,0.9831290679541932
3.6424025907888393,0,0.9831290679541932
3.2122874673294084,0,0.9831290679541932
2.706849026761758,0,0.9831290679541932
2.1842147009281816,0,0.9831290679541932
1.6604421404903853,0,0.9831290679541932
1.126848710739753,0,0.9831290679541932
0.5514540440666369,0,0.9831290679541932
-0.12714483875080937,0,0.9831290679541932
-0.927508286530255,0,0.9831290679541932
-1.8486426414447985,0,0.9831290679541932
-2.927086080524813,0,0.9831290679541932
-4.185083697193655,0,0.9831290679541932
-5.6006733253155305,0,0.9831290679541932
-7.14502609426883,0,0.9831290679541932
-8.80458487003551,0,0.9831290679541932
-10.568051607790286,0,0.9831290679541932
-12.409105502961467,0,0.9831290679541932
-14.238424252455767,0,0.9831290679541932
-15.901687889926997,0,0.9831290679541932
-17.281013794587295,0,0.9831290679541932
-18.307493349656546,0,0.9831290679541932
-18.889226475267726,0,0.9831290679541932
-18.973206346442037,0,0.9831290679541932
-18.59166818711557,0,0.9831290679541932
-17.772977919415396,0,0.9831290679541932
-16.556352921309305,0,0.9831290679541932
-15.025264533724416,0,0.9831290679541932
-13.240471459181547,0,0.9831290679541932
-11.237936757871289,0,0.9831290679541932
-9.079205189959056,0,0.9831290679541932
-6.869215817167208,0,0.9831290679541932
-4.730862810484637,0,0.9831290679541932
-2.7601603359660176,0,0.9831290679541932
-1.0153799676198627,0,0.9831290679541932
0.4747067850545819,0,0.9831290679541932
1.7097804180781102,0,0.9831290679541932
2.6877016641618448,0,0.9831290679541932
3.394903580422995,0,0.9831290679541932
3.8449398409864335,0,0.9831290679541932
4.083101314231917,0,0.9831290679541932
4.169013038339763,0,0.9831290679541932
4.158123492601924,0,0.9831290679541932
4.070337843075745,0,0.9831290679541932
3.8972316917761636,0,0.9831290679541932
3.6674931763525787,0,0.9831290679541932
3.4714644307857143,0,0.9831290679541932
3.375655036188896,0,0.9831290679541932
3.3638379633992144,0,0.9831290679541932
3.4040183487251947,0,0.9831290679541932
3.498954722638574,0,0.9831290679541932
3.6548295988976816,0,0.9831290679541932
3.85522005547092,0,0.9831290679541932
4.088133527101807,0,0.9831290679541932
4.372101438743358,0,0.9831290679541932
4.702658187798648,0,0.9831290679541932
5.038862997994898,0,0.9831290679541932
5.371455392818603,0,0.9831290679541932
5.726866058504506,0,0.9831290679541932
6.119321176951719,0,0.9831290679541932
6.522944123199661,0,0.9831290679541932
6.873762258277118,0,0.9831290679541932
7.1224567621853945,0,0.9831290679541932
7.264584778382541,0,0.9831290679541932
7.308485847663084,0,0.9831290679541932
7.284837551701753,1,0.9831355178708473
7.247574123425619,0,0.9831355178708473
7.211878954306051,0,0.9831355178708473
7.13608478729965,0,0.9831355178708473
6.988648302210127,0,0.9831355178708473
6.795677615351116,0,0.9831355178708473
6.585787570382583,0,0.9831355178708473
6.363981143470142,0,0.9831355178708473
6.129458451671418,0,0.9831355178708473
5.867729933288534,0,0.9831355178708473
5.588304879403389,0,0.9831355178708473
5.321728037877007,0,0.9831355178708473
5.08398592808521,0,0.9831355178708473
4.898524418207266,0,0.9831355178708473
4.778586780454675,0,0.9831355178708473
4.6915764960900885,0,0.9831355178708473
4.591579129917514,0,0.9831355178708473
4.472096054858144,0,0.9831355178708473
4.334041814732483,0,0.9831355178708473
4.14828333888311,0,0.9831355178708473
3.892703465973475,0,0.9831355178708473
3.564118810201804,0,0.9831355178708473
3.1862309458291542,0,0.9831355178708473
2.785159891262495,0,0.9831355178708473
2.3490089018059757,0,0.9831355178708473
1.8554500507499407,0,0.9831355178708473
1.2798920828426308,0,0.9831355178708473
0.5945497468428819,0,0.9831355178708473
-0.22398892701834244,0,0.9831355178708473
-1.1904824925586348,0,0.9831355178708473
-2.294167637478851,0,0.9831355178708473
-3.517702113586812,0,0.9831355178708473
-4.869513097387688,0,0.9831355178708473
-6.385444164899139,0,0.9831355178708473
-8.074784319448261,0,0.9831355178708473
-9.883212913336477,0,0.9831355178708473
-11.746339302360962,0,0.9831355178708473
-13.596532685267992,0,0.9831355178708473
-15.333450174239657,0,0.9831355178708473
-16.84704115959972,0,0.9831355178708473
-18.031390583282914,0,0.9831355178708473
-18.807888108914756,0,0.9831355178708473
-19.132973790647803,0,0.9831355178708473
-18.964941223498002,0,0.9831355178708473
-18.273531874784933,0,0.9831355178708473
-17.08661949073646,0,0.9831355178708473
-15.499917826268485,0,0.9831355178708473
-13.642407245158646,0,0.9831355178708473
-11.633561166044963,0,0.9831355178708473
-9.543344070764444,0,0.9831355178708473
-7.405306627060708,0,0.9831355178708473
-5.27071023137936,0,0.9831355178708473
-3.227568500144375,0,0.9831355178708473
-1.3819501189020622,0,0.9831355178708473
0.20399008044034805,0,0.9831355178708473
1.547108143375722,0,0.9831355178708473
2.6838242655704785,0,0.9831355178708473
3.6095566674155544,0,0.9831355178708473
4.307863541563846,0,0.9831355178708473
4.796476612489493,0,0.9831355178708473
5.091868605948654,0,0.9831355178708473
5.177597443439853,0,0.9831355178708473
5.050375426905688,0,0.9831355178708473
4.773197845216864,0,0.9831355178708473
4.443713538215749,0,0.9831355178708473
4.130357809426871,0,0.9831355178708473
3.897981794611158,0,0.9831355178708473
3.804772689366956,0,0.9831355178708473
3.837348628795999,0,0.9831355178708473
3.937219041831054,0,0.9831355178708473
4.06313137696813,0,0.9831355178708473
4.2033448880044935,0,0.9831355178708473
4.365855881268198,0,0.9831355178708473
4.563263483605292,0,0.9831355178708473
4.810736876209827,0,0.9831355178708473
5.107134250017967,0,0.9831355178708473
5.398860806146265,0,0.9831355178708473
5.650649387387337,0,0.9831355178708473
5.898923452428946,0,0.9831355178708473
6.170681794540014,0,0.9831355178708473
6.457176466028264,0,0.9831355178708473
6.7462565996152035,0,0.9831355178708473
7.0296952188012485,0,0.9831355178708473
7.295554622479086,0,0.9831355178708473
7.5186272613386285,0,0.9831355178708473
7.666716560159126,0,0.9831355178708473
7.705130890937131,0,0.9831355178708473
7.626379681528729,1,0.9830689131750898
7.486262048438978,0,0.9830689131750898
7.336213538396341,0,0.9830689131750898
7.162487557248881,0,0.9830689131750898
6.950408420639153,0,0.9830689131750898
6.711220405562171,0,0.9830689131750898
6.4570395671683345,0,0.9830689131750898
6.19816376742446,0,0.9830689131750898
5.92701335055212,0,0.9830689131750898
5.634264916401479,0,0.9830689131750898
5.336446612292555,0,0.9830689131750898
5.0491730779388595,0,0.9830689131750898
4.7571669710160815,0,0.9830689131750898
4.425172131954497,0,0.9830689131750898
4.042443029808543,0,0.9830689131750898
3.6332363561543937,0,0.9830689131750898
3.1951664809321394,0,0.9830689131750898
2.7092312825001352,0,0.9830689131750898
2.1965062918393943,0,0.9830689131750898
1.6631251454659,0,0.9830689131750898
1.0697829123131422,0,0.9830689131750898
0.3748305996382473,0,0.9830689131750898
-0.45806787612554695,0,0.9830689131750898
-1.4506816771826994,0,0.9830689131750898
-2.5993587888640004,0,0.9830689131750898
-3.897884423627831,0,0.9830689131750898
-5.352529708298941,0,0.9830689131750898
-6.976666816420024,0,0.9830689131750898
-8.763759073295638,0,0.9830689131750898
-10.636220056440512,0,0.9830689131750898
-12.480057941599199,0,0.9830689131750898
-14.219263999562832,0,0.9830689131750898
-15.776341116436306,0,0.9830689131750898
-17.059528767749658,0,0.9830689131750898
-17.99863589125472,0,0.9830689131750898
-18.515555740440938,0,0.9830689131750898
-18.545173385401423,0,0.9830689131750898
-18.076013664276697,0,0.9830689131750898
-17.124540118254593,0,0.9830689131750898
-15.741903771323777,0,0.9830689131750898
-14.02314104863048,0,0.9830689131750898
-12.050722072179381,0,0.9830689131750898
-9.88510178039692,0,0.9830689131750898
-7.613930332824094,0,0.9830689131750898
-5.363699890243016,0,0.9830689131750898
-3.274461212037848,0,0.9830689131750898
-1.4349560742870855,0,0.9830689131750898
0.15190998912396914,0,0.9830689131750898
1.5188190329209383,0,0.9830689131750898
2.665619743761787,0,0.9830689131750898
3.5472436833713137,0,0.9830689131750898
4.135815852872933,0,0.9830689131750898
4.457531609266862,0,0.9830689131750898
4.5776038726601564,0,0.9830689131750898
4.572724214320497,0,0.9830689131750898
4.46106122736887,0,0.9830689131750898
4.208776346532455,0,0.9830689131750898
3.8703316012394953,0,0.9830689131750898
3.5745992439645806,0,0.9830689131750898
3.3689644257268756,0,0.9830689131750898
3.222255508928835,0,0.9830689131750898
3.125161876782619,0,0.9830689131750898
3.105863791757775,0,0.9830689131750898
3.1678430901724357,0,0.9830689131750898
3.2874923815972785,0,0.9830689131750898
3.4737350101604814,0,0.9830689131750898
3.7457752356807235,0,0.9830689131750898
4.088207942810668,0,0.9830689131750898
4.476897787999874,0,0.9830689131750898
4.898655739088066,0,0.9830689131750898
5.329663003107595,0,0.9830689131750898
5.7308171010789835,0,0.9830689131750898
6.081818976469035,0,0.9830689131750898
6.409789529480251,0,0.9830689131750898
6.751974045066361,0,0.9830689131750898
7.086210975953093,0,0.9830689131750898
7.357853617495599,0,0.9830689131750898
7.558649440427416,0,0.9830689131750898
7.710887433300282,0,0.9830689131750898
7.820596943871905,0,0.9830689131750898
7.8693036265032745,0,0.9830689131750898
7.819211369807137,1,0.9831107497954844
7.6653077725394985,0,0.9831107497954844
7.4664920077053125,0,0.9831107497954844
7.286525426019175,0,0.9831107497954844
7.133775052292218,0,0.9831107497954844
6.96705034100678,0,0.9831107497954844
6.731098654090497,0,0.9831107497954844
6.395808082375787,0,0.9831107497954844
5.988418705346167,0,0.9831107497954844
5.562007572115171,0,0.9831107497954844
5.1593538185886505,0,0.9831107497954844
4.801225468852559,0,0.9831107497954844
4.456652621673909,0,0.9831107497954844
4.0789902425602484,0,0.9831107497954844
3.672881666706148,0,0.9831107497954844
3.289086302159381,0,0.9831107497954844
2.9529223760168297,0,0.9831107497954844
2.610024582472042,0,0.9831107497954844
2.1928716226348004,0,0.9831107497954844
1.6820636467323313,0,0.9831107497954844
1.0712830848362667,0,0.9831107497954844
0.32846553130435485,0,0.9831107497954844
-0.6164989583465336,0,0.9831107497954844
-1.797635020853427,0,0.9831107497954844
-3.1567173599969305,0,0.9831107497954844
-4.644773277500175,0,0.9831107497954844
-6.275088188864778,0,0.9831107497954844
-8.04474694451284,0,0.9831107497954844
-9.904923066633128,0,0.9831107497954844
-11.779353239945495,0,0.9831107497954844
-13.557876023266717,0,0.9831107497954844
-15.131925277705053,0,0.9831107497954844
-16.437674064741717,0,0.9831107497954844
-17.412439897243733,0,0.9831107497954844
-17.9850906367211,0,0.9831107497954844
-18.12923876115453,0,0.9831107497954844
-17.855079615528158,0,0.9831107497954844
-17.173150353401056,0,0.9831107497954844
-16.086261437195105,0,0.9831107497954844
-14.606754830346977,0,0.9831107497954844
-12.783511592835309,0,0.9831107497954844
-10.709940551153414,0,0.9831107497954844
-8.504946836441455,0,0.9831107497954844
-6.2830261435602,0,0.9831107497954844
-4.151592098425199,0,0.9831107497954844
-2.2237211311905165,0,0.9831107497954844
-0.5987294163865712,0,0.9831107497954844
0.6978069850614032,0,0.9831107497954844
1.7264092801615547,0,0.9831107497954844
2.5558167450044276,0,0.9831107497954844
3.2243772730136078,0,0.9831107497954844
3.735931939415718,0,0.9831107497954844
4.062866417764182,0,0.9831107497954844
4.22627873527584,0,0.9831107497954844
4.303501180718811,0,0.9831107497954844
4.312193978229712,0,0.9831107497954844
4.213153041751624,0,0.9831107497954844
4.021812296169618,0,0.9831107497954844
3.817198232027476,0,0.9831107497954844
3.6728816987069397,0,0.9831107497954844
3.61468918962058,0,0.9831107497954844
3.629390047683685,0,0.9831107497954844
3.692710827187851,0,0.9831107497954844
3.7964470770622625,0,0.9831107497954844
3.952301768261707,0,0.9831107497954844
4.147032530015968,0,0.9831107497954844
4.354894588243302,0,0.9831107497954844
4.593110547413865,0,0.9831107497954844
4.881284953283093,0,0.9831107497954844
5.19495025182748,0,0.9831107497954844
5.508173504742037,0,0.9831107497954844
5.804547904051975,0,0.9831107497954844
6.042667092313624,0,0.9831107497954844
6.203045566871477,0,0.9831107497954844
6.343104211088783,0,0.9831107497954844
6.516968710126498,0,0.9831107497954844
6.701895279890064,0,0.9831107497954844
6.869695334626906,0,0.9831107497954844
7.02504040195429,0,0.9831107497954844
7.150957425627314,0,0.9831107497954844
7.2134078210550765,0,0.9831107497954844
7.205029801556017,1,0.9831528700591463
7.132768878788944,0,0.9831528700591463
6.989631947288743,0,0.9831528700591463
6.786106020049222,0,0.9831528700591463
6.557503214949359,0,0.9831528700591463
6.305948544730784,0,0.9831528700591463
6.015349201025033,0,0.9831528700591463
5.698735850164243,0,0.9831528700591463
5.385761566458305,0,0.9831528700591463
5.096511669455621,0,0.9831528700591463
4.826815454591233,0,0.9831528700591463
4.562393915191186,0,0.9831528700591463
4.276944155600097,0,0.9831528700591463
3.9227381060497195,0,0.9831528700591463
3.499113688295868,0,0.9831528700591463
3.0657978912909427,0,0.9831528700591463
2.6288029556182617,0,0.9831528700591463
2.143416064823282,0,0.9831528700591463
1.6159839656403598,0,0.9831528700591463
1.0513892054123266,0,0.9831528700591463
0.3803242530019259,0,0.9831528700591463
-0.4488355089740592,0,0.9831528700591463
-1.4241952005338754,0,0.9831528700591463
-2.5527883787084544,0,0.9831528700591463
-3.87328835736827,0,0.9831528700591463
-5.399558339849182,0,0.9831528700591463
-7.111254657402916,0,0.9831528700591463
-8.966354918199267,0,0.9831528700591463
-10.878869784726165,0,0.9831528700591463
-12.741662373914261,0,0.9831528700591463
-14.500988468054164,0,0.9831528700591463
-16.11411757727221,0,0.9831528700591463
-17.46273181726595,0,0.9831528700591463
-18.428823665763744,0,0.9831528700591463
-18.956265019488242,0,0.9831528700591463
-18.976939352137528,0,0.9831528700591463
-18.444350241743674,0,0.9831528700591463
-17.42344649953692,0,0.9831528700591463
-16.012607086599015,0,0.9831528700591463
-14.279484035213693,0,0.9831528700591463
-12.31968395646298,0,0.9831528700591463
-10.239877031227401,0,0.9831528700591463
-8.10843816359314,0,0.9831528700591463
-5.964480862483887,0,0.9831528700591463
-3.853535472627198,0,0.9831528700591463
-1.8558358378449102,0,0.9831528700591463
-0.04644467454866767,0,0.9831528700591463
1.5321115785736972,0,0.9831528700591463
2.844272832719661,0,0.9831528700591463
3.8542767586630244,0,0.9831528700591463
4.5527246659966885,0,0.9831528700591463
4.961267959795037,0,0.9831528700591463
5.115118152455032,0,0.9831528700591463
5.076266759513096,0,0.9831528700591463
4.9159547316227465,0,0.9831528700591463
4.691216557440819,0,0.9831528700591463
4.464766920101837,0,0.9831528700591463
4.278751680999169,0,0.9831528700591463
4.127403828268942,0,0.9831528700591463
4.008538785417111,0,0.9831528700591463
3.944598968255839,0,0.9831528700591463
3.940088728343732,0,0.9831528700591463
4.0039586676843015,0,0.9831528700591463
4.149015016448536,0,0.9831528700591463
4.337364196568841,0,0.9831528700591463
4.561156659077,0,0.9831528700591463
4.8743990325710005,0,0.9831528700591463
5.274141955089199,0,0.9831528700591463
5.708358502266443,0,0.9831528700591463
6.149469523429464,0,0.9831528700591463
6.562070038656025,0,0.9831528700591463
6.900409407710563,0,0.9831528700591463
7.152633789040636,0,0.9831528700591463
7.335732462682147,0,0.9831528700591463
7.473302843790007,0,0.9831528700591463
7.56057873584235,0,0.9831528700591463
7.572277270108353,0,0.9831528700591463
7.511263281269624,1,0.9828740224079346
7.393800535809843,0,0.9828740224079346
7.236164731439322,0,0.9828740224079346
7.074091851071754,0,0.9828740224079346
6.917861980760004,0,0.9828740224079346
6.734231234669793,0,0.9828740224079346
6.511091386542417,0,0.9828740224079346
6.246161551669344,0,0.9828740224079346
5.933690035867723,0,0.9828740224079346
5.609490608234743,0,0.9828740224079346
5.314195457658253,0,0.9828740224079346
5.047210119545773,0,0.9828740224079346
4.7950016739241965,0,0.9828740224079346
4.562705565213081,0,0.9828740224079346
4.352408521540336,0,0.9828740224079346
4.125895585273336,0,0.9828740224079346
3.8630069011778825,0,0.9828740224079346
3.610779462175723,0,0.9828740224079346
3.3959403164026205,0,0.9828740224079346
3.179757611188575,0,0.9828740224079346
2.899713214370923,0,0.9828740224079346
2.4982314857606247,0,0.9828740224079346
1.9508265230206077,0,0.9828740224079346
1.258015412754078,0,0.9828740224079346
0.41991651077920233,0,0.9828740224079346
-0.5718355117869727,0,0.9828740224079346
-1.729359498283119,0,0.9828740224079346
-3.039613215421244,0,0.9828740224079346
-4.48797455961922,0,0.9828740224079346
-6.078157000367547,0,0.9828740224079346
-7.7764464530869075,0,0.9828740224079346
-9.522712166332274,0,0.9828740224079346
-11.266424585387007,0,0.9828740224079346
-12.960205451787909,0,0.9828740224079346
-14.573069638687084,0,0.9828740224079346
-16.044324554573787,0,0.9828740224079346
-17.266176433623485,0,0.9828740224079346
-18.147278846944964,0,0.9828740224079346
-18.618535063885744,0,0.9828740224079346
-18.635852224153496,0,0.9828740224079346
-18.19456179100936,0,0.9828740224079346
-17.295501999489908,0,0.9828740224079346
-15.942101557269078,0,0.9828740224079346
-14.200029708631156,0,0.9828740224079346
-12.207763021851761,0,0.9828740224079346
-10.094442229799498,0,0.9828740224079346
-7.928483268533239,0,0.9828740224079346
-5.766188365389036,0,0.9828740224079346
-3.680389005151591,0,0.9828740224079346
-1.7409514665561703,0,0.9828740224079346
-0.016524381920398186,0,0.9828740224079346
1.4456457841439543,0,0.9828740224079346
2.6420698151802844,0,0.9828740224079346
3.587907043153976,0,0.9828740224079346
4.293403549292713,0,0.9828740224079346
4.771917526140206,0,0.9828740224079346
5.048467008972956,0,0.9828740224079346
5.14256216260704,0,0.9828740224079346
5.071226841465504,0,0.9828740224079346
4.890763706009782,0,0.9828740224079346
4.672372852638125,0,0.9828740224079346
4.4575936703831305,0,0.9828740224079346
4.281175026947001,0,0.9828740224079346
4.141782579785858,0,0.9828740224079346
3.9941642954794734,0,0.9828740224079346
3.8296940060360427,0,0.9828740224079346
3.7013010908267434,0,0.9828740224079346
3.6827203743984076,0,0.9828740224079346
3.8094852023924957,0,0.9828740224079346
4.068229790180902,0,0.9828740224079346
4.41290668217123,0,0.9828740224079346
4.776322648447477,0,0.9828740224079346
5.139731876605718,0,0.9828740224079346
5.535728562731028,0,0.9828740224079346
5.960916757277881,0,0.9828740224079346
6.369153726653591,0,0.9828740224079346
6.7325346852802,0,0.9828740224079346
7.056415326154879,0,0.9828740224079346
7.354070348433544,0,0.9828740224079346
7.630418815180019,0,0.9828740224079346
7.864074668136827,0,0.9828740224079346
8.019671375068983,0,0.9828740224079346
8.072078156098863,0,0.9828740224079346
8.006197056496237,1,0.9830114020578657
7.823316128602032,0,0.9830114020578657
7.558416238692469,0,0.9830114020578657
7.273708472493285,0,0.9830114020578657
7.014598000615254,0,0.9830114020578657
6.79664121049102,0,0.9830114020578657
6.593325599330563,0,0.9830114020578657
6.330393706609419,0,0.9830114020578657
5.962636757187124,0,0.9830114020578657
5.526311242138235,0,0.9830114020578657
5.080626992295985,0,0.9830114020578657
4.629597355500185,0,0.9830114020578657
4.138980976507918,0,0.9830114020578657
3.6178397614118767,0,0.9830114020578657
3.1249346616819618,0,0.9830114020578657
2.690719081451625,0,0.9830114020578657
2.2939028570657114,0,0.9830114020578657
1.8950361038167782,0,0.9830114020578657
1.4643901571786995,0,0.9830114020578657
0.9895852163865051,0,0.9830114020578657
0.4309780603332808,0,0.9830114020578657
-0.2739986864330346,0,0.9830114020578657
-1.1376731871901933,0,0.9830114020578657
-2.140412722287702,0,0.9830114020578657
-3.300666496132902,0,0.9830114020578657
-4.651415497191729,0,0.9830114020578657
-6.178700842847981,0,0.9830114020578657
-7.839612167718652,0,0.9830114020578657
-9.587845213628688,0,0.9830114020578657
-11.362715989976389,0,0.9830114020578657
-13.092041874501092,0,0.9830114020578657
-14.67824593983774,0,0.9830114020578657
-16.021255952729827,0,0.9830114020578657
-17.052611288243718,0,0.9830114020578657
-17.711910874094958,0,0.9830114020578657
-17.95885992599662,0,0.9830114020578657
-17.782960481312223,0,0.9830114020578657
-17.179661349106368,0,0.9830114020578657
-16.174158937424075,0,0.9830114020578657
-14.824990663735738,0,0.9830114020578657
-13.165240926930021,0,0.9830114020578657
-11.206904977376514,0,0.9830114020578657
-9.026266792674434,0,0.9830114020578657
-6.771801071276483,0,0.9830114020578657
-4.58893075530878,0,0.9830114020578657
-2.5671328430705,0,0.9830114020578657
-0.734075592111818,0,0.9830114020578657
0.8961867165981742,0,0.9830114020578657
2.2869130036399716,0,0.9830114020578657
3.3836843761997137,0,0.9830114020578657
4.153374932223029,0,0.9830114020578657
4.625017090114823,0,0.9830114020578657
4.8568723428738085,0,0.9830114020578657
4.897178768992839,0,0.9830114020578657
4.801071344323233,0,0.9830114020578657
4.625903715911967,0,0.9830114020578657
4.3970466155170005,0,0.9830114020578657
4.124564278048549,0,0.9830114020578657
3.8268765503054762,0,0.9830114020578657
3.5389154660330857,0,0.9830114020578657
3.31400714356171,0,0.9830114020578657
3.18591963230439,0,0.9830114020578657
3.1578392585491586,0,0.9830114020578657
3.2201825405629867,0,0.9830114020578657
3.3692000338021915,0,0.9830114020578657
3.6193981110746862,0,0.9830114020578657
3.9656567087813195,0,0.9830114020578657
4.360437511856829,0,0.9830114020578657
4.758742573130032,0,0.9830114020578657
5.161949500015546,0,0.9830114020578657
5.591896565792501,0,0.9830114020578657
6.026268720393034,0,0.9830114020578657
6.432562837968797,0,0.9830114020578657
6.829208265065354,0,0.9830114020578657
7.2340059223321544,0,0.9830114020578657
7.626536246517218,0,0.9830114020578657
7.9459994160578855,0,0.9830114020578657
8.120156838481893,0,0.9830114020578657
8.138295261288286,0,0.9830114020578657
8.040224731052337,1,0.9831580594083517
7.872260707451342,0,0.9831580594083517
7.66460690741664,0,0.9831580594083517
7.41775230109656,0,0.9831580594083517
7.1417664252571,0,0.9831580594083517
6.867817725254621,0,0.9831580594083517
6.607069295601248,0,0.9831580594083517
6.351034288758325,0,0.9831580594083517
6.102215956193265,0,0.9831580594083517
5.855991552545812,0,0.9831580594083517
5.578126487919882,0,0.9831580594083517
5.259526254753594,0,0.9831580594083517
4.940499052413282,0,0.9831580594083517
4.646119940529435,0,0.9831580594083517
4.363479394373231,0,0.9831580594083517
4.077380878523502,0,0.9831580594083517
3.7721090313530348,0,0.9831580594083517
3.431972931886927,0,0.9831580594083517
3.076426198921822,0,0.9831580594083517
2.738207023801719,0,0.9831580594083517
2.3944367068487704,0,0.9831580594083517
1.9659629392565954,0,0.9831580594083517
1.3928284759978435,0,0.9831580594083517
0.6718478882248561,0,0.9831580594083517
-0.19235616379117573,0,0.9831580594083517
-1.2092390027280298,0,0.9831580594083517
-2.38212486467594,0,0.9831580594083517
-3.6986018394438354,0,0.9831580594083517
-5.138698544200226,0,0.9831580594083517
-6.698343392324661,0,0.9831580594083517
-8.366080029843994,0,0.9831580594083517
-10.105917949944736,0,0.9831580594083517
-11.85618120160379,0,0.9831580594083517
-13.521190626102616,0,0.9831580594083517
-15.039038396261514,0,0.9831580594083517
-16.390157263924326,0,0.9831580594083517
-17.511289501207212,0,0.9831580594083517
-18.30294371049421,0,0.9831580594083517
-18.673025601930455,0,0.9831580594083517
-18.559325305750512,0,0.9831580594083517
-17.974895367854785,0,0.9831580594083517
-16.97431262239408,0,0.9831580594083517
-15.583729782858182,0,0.9831580594083517
-13.83276958883766,0,0.9831580594083517
-11.795755993792014,0,0.9831580594083517
-9.58192786403121,0,0.9831580594083517
-7.329649754363514,0,0.9831580594083517
-5.16590437379855,0,0.9831580594083517
-3.1665466268462867,0,0.9831580594083517
-1.3722020405123732,0,0.9831580594083517
0.19569098845989302,0,0.9831580594083517
1.5153972757532805,0,0.9831580594083517
2.578027440182102,0,0.9831580594083517
3.4130720277474635,0,0.9831580594083517
4.032070991562938,0,0.9831580594083517
4.392257900962891,0,0.9831580594083517
4.491686278197071,0,0.9831580594083517
4.423744155016398,0,0.9831580594083517
4.277577313617867,0,0.9831580594083517
4.103043311542758,0,0.9831580594083517
3.9458494326477713,0,0.9831580594083517
3.824295384119448,0,0.9831580594083517
3.7291364954181674,0,0.9831580594083517
3.645039267310691,0,0.9831580594083517
3.5778578665658274,0,0.9831580594083517
3.5625455286155576,0,0.9831580594083517
3.622650880360342,0,0.9831580594083517
3.756768765690589,0,0.9831580594083517
3.9416663732697135,0,0.9831580594083517
4.164179476658628,0,0.9831580594083517
4.4357055557431115,0,0.9831580594083517
4.730824551679407,0,0.9831580594083517
5.010591124061779,0,0.9831580594083517
5.2720704205321125,0,0.9831580594083517
5.525194567668449,0,0.9831580594083517
5.78975621595358,0,0.9831580594083517
6.069084231356734,0,0.9831580594083517
6.331081757668181,0,0.9831580594083517
6.562871883788588,0,0.9831580594083517
6.784662916352885,0,0.9831580594083517
6.998399121889069,0,0.9831580594083517
7.179376615167342,0,0.9831580594083517
7.291484627589324,0,0.9831580594083517
7.3079575291528664,0,0.9831580594083517
7.241487580849597,1,0.9832251256007791
7.115762232411701,0,0.9832251256007791
6.9440727012535595,0,0.9832251256007791
6.744170041987241,0,0.9832251256007791
6.522573369629886,0,0.9832251256007791
6.2739346856969025,0,0.9832251256007791
6.006871507667772,0,0.9832251256007791
5.7528707817273945,0,0.9832251256007791
5.531297071690616,0,0.9832251256007791
5.298462932370122,0,0.9832251256007791
4.994007468358841,0,0.9832251256007791
4.598774573879794,0,0.9832251256007791
4.105062131963484,0,0.9832251256007791
3.5116006953833536,0,0.9832251256007791
2.819232089164018,0,0.9832251256007791
1.9928399056164114,0,0.9832251256007791
0.9905356950127506,0,0.9832251256007791
-0.17919487282866087,0,0.9832251256007791
-1.4982792374108724,0,0.9832251256007791
-2.9799112264066347,0,0.9832251256007791
-4.618232043752611,0,0.9832251256007791
-6.386855452195256,0,0.9832251256007791
-8.26944909197494,0,0.9832251256007791
-10.212187300528374,0,0.9832251256007791
-12.090677322502605,0,0.9832251256007791
-13.768112308999207,0,0.9832251256007791
-15.140808467928679,0,0.9832251256007791
-16.141980201993526,0,0.9832251256007791
-16.763781106936072,0,0.9832251256007791
-17.016229266198053,0,0.9832251256007791
-16.863227793176524,0,0.9832251256007791
-16.27521462344379,0,0.9832251256007791
-15.280720574850493,0,0.9832251256007791
-13.92972475105246,0,0.9832251256007791
-12.28452083646017,0,0.9832251256007791
-10.42943798911541,0,0.9832251256007791
-8.440454235650925,0,0.9832251256007791
-6.384612384417213,0,0.9832251256007791
-4.331108948835401,0,0.9832251256007791
-2.3458915071688264,0,0.9832251256007791
-0.5093144318725649,0,0.9832251256007791
1.1142064062152757,0,0.9832251256007791
2.5059086808865354,0,0.9832251256007791
3.638951802841443,0,0.9832251256007791
4.485404685890562,0,0.9832251256007791
5.053745910934089,0,0.9832251256007791
5.352796615461923,0,0.9832251256007791
5.396166507793276,0,0.9832251256007791
5.243738363816815,0,0.9832251256007791
4.971960652308957,0,0.9832251256007791
4.613849725709588,0,0.9832251256007791
4.184844703700523,0,0.9832251256007791
3.732861497934896,0,0.9832251256007791
3.312072351997978,0,0.9832251256007791
2.9735127732267466,0,0.9832251256007791
2.7772286608990875,0,0.9832251256007791
2.73059402889242,0,0.9832251256007791
2.7757947894625774,0,0.9832251256007791
2.8777239659084994,0,0.9832251256007791
3.045475115014463,0,0.9832251256007791
3.304269698195697,0,0.9832251256007791
3.66669829322637,0,0.9832251256007791
4.099817226133694,0,0.9832251256007791
4.557033152860378,0,0.9832251256007791
5.0235779372684615,0,0.9832251256007791
5.5079520351380955,0,0.9832251256007791
6.017586307533088,0,0.9832251256007791
6.534431529924328,0,0.9832251256007791
6.9976803512714465,0,0.9832251256007791
7.350817827138061,0,0.9832251256007791
7.6032847881504155,0,0.9832251256007791
7.777889217948866,0,0.9832251256007791
7.85047352672216,0,0.9832251256007791
7.809451060050899,1,0.982862040266805
7.700268529222979,0,0.982862040266805
7.56836070520059,0,0.982862040266805
7.404765203791576,0,0.982862040266805
7.169391887655382,0,0.982862040266805
6.827541603238353,0,0.982862040266805
6.381125266237358,0,0.982862040266805
5.883530902178697,0,0.982862040266805
5.391833874187639,0,0.982862040266805
4.939331183076211,0,0.982862040266805
4.528535038256078,0,0.982862040266805
4.104743219845426,0,0.982862040266805
3.580256952399547,0,0.982862040266805
2.9214827029557404,0,0.982862040266805
2.166502211696941,0,0.982862040266805
1.3106909165769667,0,0.982862040266805
0.2830314457985322,0,0.982862040266805
-0.9608076410562079,0,0.982862040266805
-2.414654167892583,0,0.982862040266805
-4.041846721868713,0,0.982862040266805
-5.792156054402678,0,0.982862040266805
-7.611540558570588,0,0.982862040266805
-9.453234643923455,0,0.982862040266805
-11.27399562855667,0,0.982862040266805
-13.022722697333565,0,0.982862040266805
-14.622001235713782,0,0.982862040266805
-15.938342081468482,0,0.982862040266805
-16.852087830971012,0,0.982862040266805
-17.320449559662265,0,0.982862040266805
-17.324607114298356,0,0.982862040266805
-16.856866827121458,0,0.982862040266805
-15.936945357836851,0,0.982862040266805
-14.588502645448033,0,0.982862040266805
-12.875598138316255,0,0.982862040266805
-10.920154219008857,0,0.982862040266805
-8.816062505663165,0,0.982862040266805
-6.622749759118773,0,0.982862040266805
-4.433680312077488,0,0.982862040266805
-2.353943067264877,0,0.982862040266805
-0.4376556691357206,0,0.982862040266805
1.2838229233561225,0,0.982862040266805
2.740092100547696,0,0.982862040266805
3.8553922749762575,0,0.982862040266805
4.634247484896958,0,0.982862040266805
5.16673775604943,0,0.982862040266805
5.518394450670228,0,0.982862040266805
5.6737942204915655,0,0.982862040266805
5.6101908068000705,0,0.982862040266805
5.377924267490857,0,0.982862040266805
5.067780693050262,0,0.982862040266805
4.699480784918264,0,0.982862040266805
4.277090901954723,0,0.982862040266805
3.872154399124193,0,0.982862040266805
3.5412373853190076,0,0.982862040266805
3.308603100715991,0,0.982862040266805
3.1939606702106067,0,0.982862040266805
3.1905509540209565,0,0.982862040266805
3.2859346571568233,0,0.982862040266805
3.4766278560724713,0,0.982862040266805
3.7389778860268508,0,0.982862040266805
4.05638930046939,0,0.982862040266805
4.449209018250784,0,0.982862040266805
4.9117116799020035,0,0.982862040266805
5.400483069648822,0,0.982862040266805
5.8907339680849296,0,0.982862040266805
6.36824071979261,0,0.982862040266805
6.79536610004468,0,0.982862040266805
7.136284620931072,0,0.982862040266805
7.3945109205596635,0,0.982862040266805
7.573728951475252,0,0.982862040266805
7.661593407458489,0,0.982862040266805
7.67826194076137,0,0.982862040266805
7.657239572120926,1,0.9820728721431751
7.596182775145419,0,0.9820728721431751
7.485414209232659,0,0.9820728721431751
7.340838488082864,0,0.9820728721431751
7.16361845164492,0,0.9820728721431751
6.929703277834103,0,0.9820728721431751
6.64905243946343,0,0.9820728721431751
6.370320286514636,0,0.9820728721431751
6.11011628487861,0,0.9820728721431751
5.838022033647307,0,0.9820728721431751
5.539993900198183,0,0.9820728721431751
5.219617183308628,0,0.9820728721431751
4.861881376493876,0,0.9820728721431751
4.456006668980606,0,0.9820728721431751
4.007998648834032,0,0.9820728721431751
3.5219207016783183,0,0.9820728721431751
3.0013305075977534,0,0.9820728721431751
2.4658791866058163,0,0.9820728721431751
1.9599814818168926,0,0.9820728721431751
1.5315559496572373,0,0.9820728721431751
1.1658345296794235,0,0.9820728721431751
0.7985822312301832,0,0.9820728721431751
0.40872392342303115,0,0.9820728721431751
-0.024445352156539,0,0.9820728721431751
-0.5547080527095237,0,0.9820728721431751
-1.2090712884737265,0,0.9820728721431751
-2.0242718815851757,0,0.9820728721431751
-3.031590116780611,0,0.9820728721431751
-4.210187798593145,0,0.9820728721431751
-5.524955357794119,0,0.9820728721431751
-6.9319995983114255,0,0.9820728721431751
-8.40985456392462,0,0.9820728721431751
-9.973411962829184,0,0.9820728721431751
-11.617027541149678,0,0.9820728721431751
-13.29039856055697,0,0.9820728721431751
-14.912344588614875,0,0.9820728721431751
-16.390521015351943,0,0.9820728721431751
-17.612901237070577,0,0.9820728721431751
-18.46079003876188,0,0.9820728721431751
-18.873754123137314,0,0.9820728721431751
-18.84517159408039,0,0.9820728721431751
-18.36816780717744,0,0.9820728721431751
-17.44341368651686,0,0.9820728721431751
-16.104963015521044,0,0.9820728721431751
-14.406676224599133,0,0.9820728721431751
-12.41061847624981,0,0.9820728721431751
-10.201380073372295,0,0.9820728721431751
-7.903535607319881,0,0.9820728721431751
-5.645511629189859,0,0.9820728721431751
-3.4809025150390376,0,0.9820728721431751
-1.4449462060119338,0,0.9820728721431751
0.361087585708446,0,0.9820728721431751
1.859190917278588,0,0.9820728721431751
3.0538005555337855,0,0.9820728721431751
3.9721879040439725,0,0.9820728721431751
4.632818739404657,0,0.9820728721431751
5.037672138330676,0,0.9820728721431751
5.180614492940393,0,0.9820728721431751
5.092896643002538,0,0.9820728721431751
4.83296843487057,0,0.9820728721431751
4.464674863106293,0,0.9820728721431751
4.070247841144772,0,0.9820728721431751
3.7225894141364164,0,0.9820728721431751
3.452140196322918,0,0.9820728721431751
3.2532635197674913,0,0.9820728721431751
3.1210945264689562,0,0.9820728721431751
3.0706542693246406,0,0.9820728721431751
3.1110771205791647,0,0.9820728721431751
3.217017295499678,0,0.9820728721431751
3.3683372052999894,0,0.9820728721431751
3.587365919726157,0,0.9820728721431751
3.8761787052293912,0,0.9820728721431751
4.211555063010802,0,0.9820728721431751
4.586448723460894,0,0.9820728721431751
4.979129616797216,0,0.9820728721431751
5.371757029675551,0,0.9820728721431751
5.7664646757007,0,0.9820728721431751
6.140279496156629,0,0.9820728721431751
6.464076991243872,0,0.9820728721431751
6.73282169929071,0,0.9820728721431751
6.949820153412288,0,0.9820728721431751
7.11001296335586,0,0.9820728721431751
7.20933653176287,0,0.9820728721431751
7.2622108076089305,0,0.9820728721431751
7.266429619735095,0,0.9820728721431751
7.198744596431462,1,0.9820663761832151
7.077034346059793,0,0.9820663761832151
6.930437983500514,0,0.9820663761832151
6.738279994911181,0,0.9820663761832151
6.492350498296203,0,0.9820663761832151
6.228072407628232,0,0.9820663761832151
5.959202582825671,0,0.9820663761832151
5.675405558293118,0,0.9820663761832151
5.3681125598615855,0,0.9820663761832151
5.037685074197346,0,0.9820663761832151
4.704039611431098,0,0.9820663761832151
4.377746409125234,0,0.9820663761832151
4.056698042223966,0,0.9820663761832151
3.7396036743916032,0,0.9820663761832151
3.3841986744773145,0,0.9820663761832151
2.9160926616904788,0,0.9820663761832151
2.3124768441599537,0,0.9820663761832151
1.6142711878405143,0,0.9820663761832151
0.8489055640847754,0,0.9820663761832151
0.007094357451784078,0,0.9820663761832151
-0.9221978245794406,0,0.9820663761832151
-1.951984160140859,0,0.9820663761832151
-3.1039401937847706,0,0.9820663761832151
-4.399555908101066,0,0.9820663761832151
-5.857419889674484,0,0.9820663761832151
-7.488887512400186,0,0.9820663761832151
-9.274251946224387,0,0.9820663761832151
-11.124928853475684,0,0.9820663761832151
-12.91241704717667,0,0.9820663761832151
-14.530137139737214,0,0.9820663761832151
-15.881966438409796,0,0.9820663761832151
-16.87927167721678,0,0.9820663761832151
-17.466832540973854,0,0.9820663761832151
-17.602034686784766,0,0.9820663761832151
-17.247322892767645,0,0.9820663761832151
-16.412817948641,0,0.9820663761832151
-15.178367979259335,0,0.9820663761832151
-13.641924482140475,0,0.9820663761832151
-11.863076829192838,0,0.9820663761832151
-9.886841407904969,0,0.9820663761832151
-7.774826452515901,0,0.9820663761832151
-5.631363655291191,0,0.9820663761832151
-3.59513542463465,0,0.9820663761832151
-1.7537972164824578,0,0.9820663761832151
-0.12919226376313928,0,0.9820663761832151
1.2834118301646464,0,0.9820663761832151
2.491739388589209,0,0.9820663761832151
3.4828526007446023,0,0.9820663761832151
4.240644938306603,0,0.9820663761832151
4.76800900000227,0,0.9820663761832151
5.082977739325367,0,0.9820663761832151
5.199835991719752,0,0.9820663761832151
5.13671096186894,0,0.9820663761832151
4.954421560108826,0,0.9820663761832151
4.721813838260206,0,0.9820663761832151
4.470496187793739,0,0.9820663761832151
4.232666605688901,0,0.9820663761832151
4.041377837098109,0,0.9820663761832151
3.8916216490282314,0,0.9820663761832151
3.768841907689767,0,0.9820663761832151
3.684170466902085,0,0.9820663761832151
3.674296200487538,0,0.9820663761832151
3.786394509145591,0,0.9820663761832151
4.040510631733145,0,0.9820663761832151
4.413093069648555,0,0.9820663761832151
4.863734032458969,0,0.9820663761832151
5.354134162174647,0,0.9820663761832151
5.836200530432913,0,0.9820663761832151
6.258542723212277,0,0.9820663761832151
6.598548867850119,0,0.9820663761832151
6.865532720739744,0,0.9820663761832151
7.0642388321300675,0,0.9820663761832151
7.204148295541958,0,0.9820663761832151
7.321867521672881,0,0.9820663761832151
7.418527196257187,0,0.9820663761832151
7.4543593285992085,0,0.9820663761832151
7.414910772972199,1,0.9817653230098758
7.312254923598462,0,0.9817653230098758
7.182905307432178,0,0.9817653230098758
7.064796572323066,0,0.9817653230098758
6.919197671165252,0,0.9817653230098758
6.675433422706234,0,0.9817653230098758
6.354865995237697,0,0.9817653230098758
6.047290937312728,0,0.9817653230098758
5.781391419112809,0,0.9817653230098758
5.504519863471305,0,0.9817653230098758
5.176893610507464,0,0.9817653230098758
4.763281210931082,0,0.9817653230098758
4.202611358563217,0,0.9817653230098758
3.497795299285886,0,0.9817653230098758
2.7102402173809264,0,0.9817653230098758
1.861148461921494,0,0.9817653230098758
0.9072832525411637,0,0.9817653230098758
-0.22743760593219386,0,0.9817653230098758
-1.5766774279647429,0,0.9817653230098758
-3.1102266427221035,0,0.9817653230098758
-4.780639921206441,0,0.9817653230098758
-6.555775053691109,0,0.9817653230098758
-8.415993124803968,0,0.9817653230098758
-10.293228492738347,0,0.9817653230098758
-12.079380301351334,0,0.9817653230098758
-13.697784377984188,0,0.9817653230098758
-15.105715407803638,0,0.9817653230098758
-16.24932450432548,0,0.9817653230098758
-17.04025522796987,0,0.9817653230098758
-17.404214582107183,0,0.9817653230098758
-17.308782565253235,0,0.9817653230098758
-16.761890811701836,0,0.9817653230098758
-15.802941352383218,0,0.9817653230098758
-14.459344310019887,0,0.9817653230098758
-12.7849122522402,0,0.9817653230098758
-10.871415352549041,0,0.9817653230098758
-8.796253329846108,0,0.9817653230098758
-6.6390938070695285,0,0.9817653230098758
-4.476838721422804,0,0.9817653230098758
-2.381411596860077,0,0.9817653230098758
-0.429036356826149,0,0.9817653230098758
1.3152203085696113,0,0.9817653230098758
2.778993994588709,0,0.9817653230098758
3.924093296971813,0,0.9817653230098758
4.76539282635374,0,0.9817653230098758
5.301827431256382,0,0.9817653230098758
5.539632995701364,0,0.9817653230098758
5.534026129445613,0,0.9817653230098758
5.35940369799816,0,0.9817653230098758
5.078973920446648,0,0.9817653230098758
4.738253705359783,0,0.9817653230098758
4.380776320278522,0,0.9817653230098758
4.050948028673596,0,0.9817653230098758
3.778854433127781,0,0.9817653230098758
3.5850193372375903,0,0.9817653230098758
3.4820115123377406,0,0.9817653230098758
3.4568947231875184,0,0.9817653230098758
3.4926958852960603,0,0.9817653230098758
3.5884479370710642,0,0.9817653230098758
3.7345738561874096,0,0.9817653230098758
3.929805530606704,0,0.9817653230098758
4.198944289608923,0,0.9817653230098758
4.5369660610550735,0,0.9817653230098758
4.904582773576511,0,0.9817653230098758
5.278562907153148,0,0.9817653230098758
5.6424105701566365,0,0.9817653230098758
5.973744954546848,0,0.9817653230098758
6.258512522632543,0,0.9817653230098758
6.504203088203205,0,0.9817653230098758
6.728487813476143,0,0.9817653230098758
6.913722261266375,0,0.9817653230098758
7.039825897509428,0,0.9817653230098758
7.137822789505137,0,0.9817653230098758
7.221053605133228,0,0.9817653230098758
7.25203084083115,0,0.9817653230098758
7.211360580268194,1,0.9817513639891678
7.123898419234186,0,0.9817513639891678
7.013531191981415,0,0.9817513639891678
6.864268062074811,0,0.9817513639891678
6.637646015061232,0,0.9817513639891678
6.31871038465541,0,0.9817513639891678
5.955694345234606,0,0.9817513639891678
5.609365003591942,0,0.9817513639891678
5.269854161309952,0,0.9817513639891678
4.906163670190222,0,0.9817513639891678
4.529300107290656,0,0.9817513639891678
4.144422053978917,0,0.9817513639891678
3.7252733522011123,0,0.9817513639891678
3.280224402623011,0,0.9817513639891678
2.86828664650579,0,0.9817513639891678
2.518357115212534,0,0.9817513639891678
2.2032149620591985,0,0.9817513639891678
1.8977408450980529,0,0.9817513639891678
1.5829684962640638,0,0.9817513639891678
1.2147496749777553,0,0.9817513639891678
0.7354312895903629,0,0.9817513639891678
0.08850973244452583,0,0.9817513639891678
-0.7479015764636406,0,0.9817513639891678
-1.7443744612358771,0,0.9817513639891678
-2.8899152097031835,0,0.9817513639891678
-4.20979974533601,0,0.9817513639891678
-5.692406476158087,0,0.9817513639891678
-7.325537800869139,0,0.9817513639891678
-9.12292257317425,0,0.9817513639891678
-11.024941009153494,0,0.9817513639891678
-12.913250651923255,0,0.9817513639891678
-14.684788462178307,0,0.9817513639891678
-16.239466147432566,0,0.9817513639891678
-17.477584159002916,0,0.9817513639891678
-18.33188038969545,0,0.9817513639891678
-18.750555744579692,0,0.9817513639891678
-18.678540214288752,0,0.9817513639891678
-18.120048473292808,0,0.9817513639891678
-17.1403085364691,0,0.9817513639891678
-15.784512958539526,0,0.9817513639891678
-14.070383237983618,0,0.9817513639891678
-12.047644568919623,0,0.9817513639891678
-9.830138372885806,0,0.9817513639891678
-7.58011094069766,0,0.9817513639891678
-5.449766030726414,0,0.9817513639891678
-3.5000117421361465,0,0.9817513639891678
-1.7351783806279593,0,0.9817513639891678
-0.1867639791777286,0,0.9817513639891678
1.1254849462088472,0,0.9817513639891678
2.205964005988676,0,0.9817513639891678
3.0448801124256684,0,0.9817513639891678
3.64671550381105,0,0.9817513639891678
4.044396459351144,0,0.9817513639891678
4.268664716545634,0,0.9817513639891678
4.351558885583749,0,0.9817513639891678
4.3400331075969385,0,0.9817513639891678
4.273526938244934,0,0.9817513639891678
4.173241367102618,0,0.9817513639891678
4.054238999578715,0,0.9817513639891678
3.9489534109627673,0,0.9817513639891678
3.898117709464606,0,0.9817513639891678
3.9118007547508005,0,0.9817513639891678
3.9832771809319407,0,0.9817513639891678
4.111249091400704,0,0.9817513639891678
4.28393495063988,0,0.9817513639891678
4.478609000615272,0,0.9817513639891678
4.695590439238018,0,0.9817513639891678
4.954518509529981,0,0.9817513639891678
5.242815783348638,0,0.9817513639891678
5.527396340107834,0,0.9817513639891678
5.8185114605013615,0,0.9817513639891678
6.144111736989743,0,0.9817513639891678
6.494282889205978,0,0.9817513639891678
6.845656571805197,0,0.9817513639891678
7.16962969165412,0,0.9817513639891678
7.413837035212715,0,0.9817513639891678
7.524885203035291,0,0.9817513639891678
7.494806039089896,1,0.9815639602116593
7.361351301717069,0,0.9815639602116593
7.161322945605276,0,0.9815639602116593
6.928011394448156,0,0.9815639602116593
6.6875168331246115,0,0.9815639602116593
6.425702687204334,0,0.9815639602116593
6.122223768450358,0,0.9815639602116593
5.788862341706796,0,0.9815639602116593
5.443151284638547,0,0.9815639602116593
5.118040075873034,0,0.9815639602116593
4.853010425752996,0,0.9815639602116593
4.626031076577445,0,0.9815639602116593
4.393486698670651,0,0.9815639602116593
4.1510106731042535,0,0.9815639602116593
3.8991638705838776,0,0.9815639602116593
3.6405939545281187,0,0.9815639602116593
3.366416712752035,0,0.9815639602116593
3.0102612632361487,0,0.9815639602116593
2.5018976298267463,0,0.9815639602116593
1.8391392830930562,0,0.9815639602116593
1.0521044252632867,0,0.9815639602116593
0.12429022795513896,0,0.9815639602116593
-0.9891488664159487,0,0.9815639602116593
-2.266007393599739,0,0.9815639602116593
-3.6427403037152404,0,0.9815639602116593
-5.102299801149979,0,0.9815639602116593
-6.659814700224628,0,0.9815639602116593
-8.320236929591266,0,0.9815639602116593
-10.04370388825814,0,0.9815639602116593
-11.738233713075319,0,0.9815639602116593
-13.310416965011719,0,0.9815639602116593
-14.687961722604857,0,0.9815639602116593
-15.790048913768034,0,0.9815639602116593
-16.55543853932876,0,0.9815639602116593
-16.95805599102213,0,0.9815639602116593
-16.9272970936516,0,0.9815639602116593
-16.385745440824362,0,0.9815639602116593
-15.351180775566052,0,0.9815639602116593
-13.9101830817558,0,0.9815639602116593
-12.149077933684726,0,0.9815639602116593
-10.143343574325971,0,0.9815639602116593
-8.001463052673353,0,0.9815639602116593
-5.862122890251399,0,0.9815639602116593
-3.8394047356233076,0,0.9815639602116593
-1.9938117988286765,0,0.9815639602116593
-0.3431059731941315,0,0.9815639602116593
1.0974481198329784,0,0.9815639602116593
2.3099869535995907,0,0.9815639602116593
3.2947763037383537,0,0.9815639602116593
4.043374114233844,0,0.9815639602116593
4.530770076352106,0,0.9815639602116593
4.762507371670871,0,0.9815639602116593
4.7777861188259685,0,0.9815639602116593
4.622117482817905,0,0.9815639602116593
4.347669673613464,0,0.9815639602116593
4.008814591308333,0,0.9815639602116593
3.66403857787356,0,0.9815639602116593
3.3751131229596565,0,0.9815639602116593
3.1914572322087604,0,0.9815639602116593
3.1403745934648923,0,0.9815639602116593
3.2079920741291312,0,0.9815639602116593
3.356151672388984,0,0.9815639602116593
3.556007470093474,0,0.9815639602116593
3.7803949336491134,0,0.9815639602116593
4.01906515554548,0,0.9815639602116593
4.304221771683618,0,0.9815639602116593
4.659093979410442,0,0.9815639602116593
5.044641472172904,0,0.9815639602116593
5.425718930390018,0,0.9815639602116593
5.823391757867325,0,0.9815639602116593
6.2438984561098625,0,0.9815639602116593
6.646023236848418,0,0.9815639602116593
6.9927290902886,0,0.9815639602116593
7.264694309921843,0,0.9815639602116593
7.435600422293727,0,0.9815639602116593
7.504640567836508,0,0.9815639602116593
7.519887473518174,0,0.9815639602116593
7.51471175293188,1,0.9813620442455868
7.471600523798308,0,0.9813620442455868
7.349364307872315,0,0.9813620442455868
7.1454171276408704,0,0.9813620442455868
6.912658016530695,0,0.9813620442455868
6.670696814773127,0,0.9813620442455868
6.39810691733821,0,0.9813620442455868
6.111315671299697,0,0.9813620442455868
5.832459338310727,0,0.9813620442455868
5.530252290991758,0,0.9813620442455868
5.170023850797934,0,0.9813620442455868
4.763980324016252,0,0.9813620442455868
4.340428293772309,0,0.9813620442455868
3.910279377678914,0,0.9813620442455868
3.4692627764571227,0,0.9813620442455868
3.010590512746235,0,0.9813620442455868
2.509232521663059,0,0.9813620442455868
1.9164842861266564,0,0.9813620442455868
1.1984463309692726,0,0.9813620442455868
0.31084913359583677,0,0.9813620442455868
-0.8091468632771457,0,0.9813620442455868
-2.163950572667373,0,0.9813620442455868
-3.717154669731383,0,0.9813620442455868
-5.459462843556419,0,0.9813620442455868
-7.3653077805991485,0,0.9813620442455868
-9.33478074524787,0,0.9813620442455868
-11.234280960128961,0,0.9813620442455868
-12.976922708140897,0,0.9813620442455868
-14.513664799812563,0,0.9813620442455868
-15.800620596778959,0,0.9813620442455868
-16.790102834487396,0,0.9813620442455868
-17.407118072864993,0,0.9813620442455868
-17.58021429205314,0,0.9813620442455868
-17.281618171365228,0,0.9813620442455868
-16.52321575478618,0,0.9813620442455868
-15.343601616618738,0,0.9813620442455868
-13.802859470707402,0,0.9813620442455868
-11.994399618263166,0,0.9813620442455868
-10.031421649611207,0,0.9813620442455868
-7.997266054456456,0,0.9813620442455868
-5.9319917377128375,0,0.9813620442455868
-3.879554682532308,0,0.9813620442455868
-1.9055203233796976,0,0.9813620442455868
-0.06917257744642154,0,0.9813620442455868
1.5704540529915325,0,0.9813620442455868
2.9402773807020006,0,0.9813620442455868
4.006195089388113,0,0.9813620442455868
4.800033689402448,0,0.9813620442455868
5.344449459439362,0,0.9813620442455868
5.633935599780129,0,0.9813620442455868
5.70936325200331,0,0.9813620442455868
5.658240692030377,0,0.9813620442455868
5.51051616839996,0,0.9813620442455868
5.219724164535857,0,0.9813620442455868
4.795251425087631,0,0.9813620442455868
4.341526575764037,0,0.9813620442455868
3.935884698228122,0,0.9813620442455868
3.586948308645821,0,0.9813620442455868
3.306104961497644,0,0.9813620442455868
3.1218360660537563,0,0.9813620442455868
3.06964956190241,0,0.9813620442455868
3.1804080226304943,0,0.9813620442455868
3.4198345456493286,0,0.9813620442455868
3.730834729791405,0,0.9813620442455868
4.100016551696433,0,0.9813620442455868
4.517057684466909,0,0.9813620442455868
4.97658141758641,0,0.9813620442455868
5.480598853623508,0,0.9813620442455868
6.011113870286186,0,0.9813620442455868
6.526809762973392,0,0.9813620442455868
6.959399008481159,0,0.9813620442455868
7.27680322139618,0,0.9813620442455868
7.520945724492489,0,0.9813620442455868
7.708548121557896,0,0.9813620442455868
7.8032627378448876,0,0.9813620442455868
7.810149498183128,0,0.9813620442455868
7.763487053389003,1,0.981225907049125
7.652451242594788,0,0.981225907049125
7.43903962799756,0,0.981225907049125
7.138530458483268,0,0.981225907049125
6.821296539182689,0,0.981225907049125
6.51559384728194,0,0.981225907049125
6.20143517077791,0,0.981225907049125
5.866818694098128,0,0.981225907049125
5.523466923253066,0,0.981225907049125
5.183913653998763,0,0.981225907049125
4.820795576589804,0,0.981225907049125
4.411326711105279,0,0.981225907049125
3.9749688142224184,0,0.981225907049125
3.515786478966555,0,0.981225907049125
3.03072306859588,0,0.981225907049125
2.5548800841281705,0,0.981225907049125
2.10609322082539,0,0.981225907049125
1.648890780358124,0,0.981225907049125
1.1422917191673327,0,0.981225907049125
0.5440288778167677,0,0.981225907049125
-0.19857008416596778,0,0.981225907049125
-1.1226150963807375,0,0.981225907049125
-2.2455398314144017,0,0.981225907049125
-3.5337442695744787,0,0.981225907049125
-4.919558189252111,0,0.981225907049125
-6.40423154676781,0,0.981225907049125
-8.017522162035851,0,0.981225907049125
-9.715028659696056,0,0.981225907049125
-11.437431217655233,0,0.981225907049125
-13.15417378335301,0,0.981225907049125
-14.792832570657009,0,0.981225907049125
-16.238834427125326,0,0.981225907049125
-17.38977449054818,0,0.981225907049125
-18.163883174457453,0,0.981225907049125
-18.500355701341118,0,0.981225907049125
-18.3576305364092,0,0.981225907049125
-17.74449471384358,0,0.981225907049125
-16.7322289540434,0,0.981225907049125
-15.378979167558404,0,0.981225907049125
-13.71249307000479,0,0.981225907049125
-11.782096071443197,0,0.981225907049125
-9.670467376693162,0,0.981225907049125
-7.472578595091972,0,0.981225907049125
-5.262922468279461,0,0.981225907049125
-3.1132149185454057,0,0.981225907049125
-1.1354913761010215,0,0.981225907049125
0.5754470093507573,0,0.981225907049125
2.001394451854769,0,0.981225907049125
3.15852416518454,0,0.981225907049125
4.053436751240545,0,0.981225907049125
4.694197012022465,0,0.981225907049125
5.10781160059168,0,0.981225907049125
5.3113322478581075,0,0.981225907049125
5.318449366164089,0,0.981225907049125
5.176040040313244,0,0.981225907049125
4.939042887422593,0,0.981225907049125
4.677226958552739,0,0.981225907049125
4.449077807024835,0,0.981225907049125
4.242307398431414,0,0.981225907049125
4.066399955833648,0,0.981225907049125
3.976294584271316,0,0.981225907049125
3.9736721428654684,0,0.981225907049125
4.043003103291948,0,0.981225907049125
4.185005632689549,0,0.981225907049125
4.370559745907008,0,0.981225907049125
4.569225670421407,0,0.981225907049125
4.793487520142647,0,0.981225907049125
5.056519798797585,0,0.981225907049125
5.331034669484393,0,0.981225907049125
5.587191700813019,0,0.981225907049125
5.840650714506052,0,0.981225907049125
6.11689619767892,0,0.981225907049125
6.368949085128804,0,0.981225907049125
6.525742158192005,0,0.981225907049125
6.592658559784035,0,0.981225907049125
6.638160854950496,0,0.981225907049125
6.717885382439158,0,0.981225907049125
6.8031026712904055,0,0.981225907049125
6.831833149612462,0,0.981225907049125
6.8038729897440025,1,0.9813383910073947
6.729706129185874,0,0.9813383910073947
6.578779988399471,0,0.9813383910073947
6.348406576595375,0,0.9813383910073947
6.083072436691037,0,0.9813383910073947
5.805560308111484,0,0.9813383910073947
5.500789117183284,0,0.9813383910073947
5.159223291111388,0,0.9813383910073947
4.799595477670009,0,0.9813383910073947
4.451588409493999,0,0.9813383910073947
4.131327169766602,0,0.9813383910073947
3.8332249630420097,0,0.9813383910073947
3.537636764381961,0,0.9813383910073947
3.230043085140724,0,0.9813383910073947
2.9199481926393203,0,0.9813383910073947
2.6548620733155,0,0.9813383910073947
2.4810793500613926,0,0.9813383910073947
2.369182392964345,0,0.9813383910073947
2.2664889319102675,0,0.9813383910073947
2.161319760574646,0,0.9813383910073947
2.0419280330903655,0,0.9813383910073947
1.9085806912900267,0,0.9813383910073947
1.7604930313771954,0,0.9813383910073947
1.561935449608243,0,0.9813383910073947
1.2963141486996432,0,0.9813383910073947
0.9576427730413459,0,0.9813383910073947
0.5213301859596507,0,0.9813383910073947
-0.026418142796846025,0,0.9813383910073947
-0.6960816386538826,0,0.9813383910073947
-1.4952285328559993,0,0.9813383910073947
-2.4247058857779717,0,0.9813383910073947
-3.5088869295348397,0,0.9813383910073947
-4.776553611826383,0,0.9813383910073947
-6.230144099565215,0,0.9813383910073947
-7.851493772828016,0,0.9813383910073947
-9.588247517586822,0,0.9813383910073947
-11.366380221550342,0,0.9813383910073947
-13.105323789966077,0,0.9813383910073947
-14.710515134016825,0,0.9813383910073947
-16.095108032156993,0,0.9813383910073947
-17.178231918770543,0,0.9813383910073947
-17.897884543373948,0,0.9813383910073947
-18.20491524228534,0,0.9813383910073947
-18.025061024301344,0,0.9813383910073947
-17.325461820784803,0,0.9813383910073947
-16.177331438669547,0,0.9813383910073947
-14.695419858765801,0,0.9813383910073947
-12.958163166368072,0,0.9813383910073947
-11.025732382421252,0,0.9813383910073947
-8.996265723562693,0,0.9813383910073947
-6.977429499405558,0,0.9813383910073947
-5.011830892055668,0,0.9813383910073947
-3.111925919412306,0,0.9813383910073947
-1.3608344610004903,0,0.9813383910073947
0.14644030076553893,0,0.9813383910073947
1.407239877510233,0,0.9813383910073947
2.4530648345273396,0,0.9813383910073947
3.261258734300843,0,0.9813383910073947
3.7864128451924013,0,0.9813383910073947
4.0325828100075265,0,0.9813383910073947
4.049413181770215,0,0.9813383910073947
3.900843706472072,0,0.9813383910073947
3.6620337303279036,0,0.9813383910073947
3.398243502672588,0,0.9813383910073947
3.1402328335485,0,0.9813383910073947
2.9003412115410097,0,0.9813383910073947
2.7068123163836515,0,0.9813383910073947
2.569275804340574,0,0.9813383910073947
2.4512609943858172,0,0.9813383910073947
2.3731275179831712,0,0.9813383910073947
2.4168682238399932,0,0.9813383910073947
2.6022849518972855,0,0.9813383910073947
2.8951324969945946,0,0.9813383910073947
3.2808061657281304,0,0.9813383910073947
3.7470836026175776,0,0.9813383910073947
4.255244411967295,0,0.9813383910073947
4.78234339963003,0,0.9813383910073947
5.321745479827281,0,0.9813383910073947
5.834821128919719,0,0.9813383910073947
6.2836263193535125,0,0.9813383910073947
6.677575311855092,0,0.9813383910073947
7.043609245223085,0,0.9813383910073947
7.38396660815878,0,0.9813383910073947
7.684200652953984,0,0.9813383910073947
7.924726539242581,0,0.9813383910073947
8.098865536587931,0,0.9813383910073947
8.21999641318446,0,0.9813383910073947
8.283112935811648,0,0.9813383910073947
8.290116040831021,0,0.9813383910073947
8.257502771609982,1,0.9811654872079639
8.155957195005785,0,0.9811654872079639
7.944618778484633,0,0.9811654872079639
7.630645634311419,0,0.9811654872079639
7.241495460017692,0,0.9811654872079639
6.796605693740143,0,0.9811654872079639
6.321340621346755,0,0.9811654872079639
5.85511610148765,0,0.9811654872079639
5.439660590593541,0,0.9811654872079639
5.0962357362200565,0,0.9811654872079639
4.806086706174205,0,0.9811654872079639
4.5277883797702865,0,0.9811654872079639
4.240310674809832,0,0.9811654872079639
3.9479971022555267,0,0.9811654872079639
3.6358040337075574,0,0.9811654872079639
3.254364645604212,0,0.9811654872079639
2.7920439560815224,0,0.9811654872079639
2.3187454327204566,0,0.9811654872079639
1.916784362459964,0,0.9811654872079639
1.6171838949400525,0,0.9811654872079639
1.4064120591129603,0,0.9811654872079639
1.2539185849043126,0,0.9811654872079639
1.1160203552733463,0,0.9811654872079639
0.9300246676877096,0,0.9811654872079639
0.638265586770587,0,0.9811654872079639
0.21338306580724098,0,0.9811654872079639
-0.33364328873468396,0,0.9811654872079639
-0.9708941940537754,0,0.9811654872079639
-1.7109936828073609,0,0.9811654872079639
-2.631549529217086,0,0.9811654872079639
-3.791801783472119,0,0.9811654872079639
-5.173017860007581,0,0.9811654872079639
-6.713189875309268,0,0.9811654872079639
-8.378370236339727,0,0.9811654872079639
-10.175616419898434,0,0.9811654872079639
-12.066605050416106,0,0.9811654872079639
-13.928141735842303,0,0.9811654872079639
-15.634285100568974,0,0.9811654872079639
-17.09389842624629,0,0.9811654872079639
-18.225773791796943,0,0.9811654872079639
-18.978110965910926,0,0.9811654872079639
-19.309023469073992,0,0.9811654872079639
-19.151887182498694,0,0.9811654872079639
-18.46097138047859,0,0.9811654872079639
-17.261175422095874,0,0.9811654872079639
-15.646999811009993,0,0.9811654872079639
-13.728931943509577,0,0.9811654872079639
-11.583614731591544,0,0.9811654872079639
-9.281126545307822,0,0.9811654872079639
-6.9408996066652895,0,0.9811654872079639
-4.704287992103082,0,0.9811654872079639
-2.6613396430728167,0,0.9811654872079639
-0.8455867818654579,0,0.9811654872079639
0.7309584044381249,0,0.9811654872079639
2.053316385877228,0,0.9811654872079639
3.109617895214925,0,0.9811654872079639
3.9081886729684276,0,0.9811654872079639
4.458698066375994,0,0.9811654872079639
4.76835166591675,0,0.9811654872079639
4.857605611844964,0,0.9811654872079639
4.766167766294683,0,0.9811654872079639
4.547342345119444,0,0.9811654872079639
4.255865830999612,0,0.9811654872079639
3.954143823554646,0,0.9811654872079639
3.6808417127861937,0,0.9811654872079639
3.4416292038875502,0,0.9811654872079639
3.256534959266449,0,0.9811654872079639
3.1519854472441104,0,0.9811654872079639
3.1387320062686994,0,0.9811654872079639
3.237275724371797,0,0.9811654872079639
3.482937380006381,0,0.9811654872079639
3.8667637457230133,0,0.9811654872079639
4.337501536180734,0,0.9811654872079639
4.862540440052602,0,0.9811654872079639
5.414059779707898,0,0.9811654872079639
5.957226651993418,0,0.9811654872079639
6.461355576057878,0,0.9811654872079639
6.889427920122908,0,0.9811654872079639
7.225486776003253,0,0.9811654872079639
7.5060711687589725,0,0.9811654872079639
7.766067511581631,0,0.9811654872079639
7.988283681684923,0,0.9811654872079639
8.145724136345072,0,0.9811654872079639
8.216494294853806,0,0.9811654872079639
8.181111440501201,1,0.9812110104180495
8.052696338266088,0,0.9812110104180495
7.861286636693931,0,0.9812110104180495
7.631845922868593,0,0.9812110104180495
7.385944178546629,0,0.9812110104180495
7.121934311590825,0,0.9812110104180495
6.816684256672802,0,0.9812110104180495
6.486251870485228,0,0.9812110104180495
6.168060327018038,0,0.9812110104180495
5.854258751662241,0,0.9812110104180495
5.544265337621552,0,0.9812110104180495
5.2551262993550925,0,0.9812110104180495
4.972103035443689,0,0.9812110104180495
4.6801528847414255,0,0.9812110104180495
4.354450871192732,0,0.9812110104180495
3.9675643731242975,0,0.9812110104180495
3.543709028341852,0,0.9812110104180495
3.1135540293159125,0,0.9812110104180495
2.669158634084526,0,0.9812110104180495
2.1744417920729413,0,0.9812110104180495
1.5821743862942035,0,0.9812110104180495
0.849854663695362,0,0.9812110104180495
-0.0339093767706288,0,0.9812110104180495
-1.0379129327132168,0,0.9812110104180495
-2.1552555842393524,0,0.9812110104180495
-3.410545221173064,0,0.9812110104180495
-4.807217131887265,0,0.9812110104180495
-6.366905524572071,0,0.9812110104180495
-8.110974558538619,0,0.9812110104180495
-9.963673961911784,0,0.9812110104180495
-11.799452867601474,0,0.9812110104180495
-13.542208298819796,0,0.9812110104180495
-15.129445307787242,0,0.9812110104180495
-16.479257869596136,0,0.9812110104180495
-17.522886979253933,0,0.9812110104180495
-18.193593413257332,0,0.9812110104180495
-18.41655166124763,0,0.9812110104180495
-18.14453022400212,0,0.9812110104180495
-17.38030956823664,0,0.9812110104180495
-16.149264052811933,0,0.9812110104180495
-14.493557894850726,0,0.9812110104180495
-12.500732236909544,0,0.9812110104180495
-10.300863777288365,0,0.9812110104180495
-8.048172382143228,0,0.9812110104180495
-5.8642080045599,0,0.9812110104180495
-3.7890127040962795,0,0.9812110104180495
-1.8300539983257567,0,0.9812110104180495
-0.03417466118668369,0,0.9812110104180495
1.5185323192158093,0,0.9812110104180495
2.780676114383849,0,0.9812110104180495
3.7536904823976016,0,0.9812110104180495
4.454957954128788,0,0.9812110104180495
4.90484499610983,0,0.9812110104180495
5.139667905310791,0,0.9812110104180495
5.203378675259428,0,0.9812110104180495
5.110590060249755,0,0.9812110104180495
4.889615815509532,0,0.9812110104180495
4.605494854983917,0,0.9812110104180495
4.297421009382371,0,0.9812110104180495
4.002875220757134,0,0.9812110104180495
3.7818244831721803,0,0.9812110104180495
3.6515738392639183,0,0.9812110104180495
3.5933194604306378,0,0.9812110104180495
3.614148685413125,0,0.9812110104180495
3.7229740539078655,0,0.9812110104180495
3.8997561040235165,0,0.9812110104180495
4.133756570479284,0,0.9812110104180495
4.439459620448731,0,0.9812110104180495
4.823345537288926,0,0.9812110104180495
5.252968378653986,0,0.9812110104180495
5.68128772132896,0,0.9812110104180495
6.069709766456349,0,0.9812110104180495
6.364727604274085,0,0.9812110104180495
6.561715519423487,0,0.9812110104180495
6.734871630682567,0,0.9812110104180495
6.9085491251964966,0,0.9812110104180495
7.055437455496463,0,0.9812110104180495
7.185639472530784,0,0.9812110104180495
7.306952344494121,0,0.9812110104180495
7.382693710686075,0,0.9812110104180495
7.382981877071938,0,0.9812110104180495
7.3405827365704495,1,0.9817964325029682
7.28214046817999,0,0.9817964325029682
7.160151921582665,0,0.9817964325029682
6.920797044866604,0,0.9817964325029682
6.554167231888264,0,0.9817964325029682
6.105177150269632,0,0.9817964325029682
5.648317912510582,0,0.9817964325029682
5.184641702923824,0,0.9817964325029682
4.642095342686284,0,0.9817964325029682
3.975819130485751,0,0.9817964325029682
3.153532092083574,0,0.9817964325029682
2.1292320880396383,0,0.9817964325029682
0.9167685942643269,0,0.9817964325029682
-0.4310359939943247,0,0.9817964325029682
-1.9134992484300188,0,0.9817964325029682
-3.5556430604139218,0,0.9817964325029682
-5.347409692005877,0,0.9817964325029682
-7.2381480086968,0,0.9817964325029682
-9.150255097841576,0,0.9817964325029682
-11.022968984077059,0,0.9817964325029682
-12.806623651292565,0,0.9817964325029682
-14.397205155048859,0,0.9817964325029682
-15.681191424293267,0,0.9817964325029682
-16.593313363202064,0,0.9817964325029682
-17.07774341251208,0,0.9817964325029682
-17.091987730146496,0,0.9817964325029682
-16.63598659513696,0,0.9817964325029682
-15.719000792493835,0,0.9817964325029682
-14.346618941522294,0,0.9817964325029682
-12.581684714090988,0,0.9817964325029682
-10.553452351964642,0,0.9817964325029682
-8.384277911799217,0,0.9817964325029682
-6.171921212790422,0,0.9817964325029682
-4.012730298386237,0,0.9817964325029682
-1.982939075260016,0,0.9817964325029682
-0.11626501318080405,0,0.9817964325029682
1.5763662014736126,0,0.9817964325029682
3.041918912206996,0,0.9817964325029682
4.185645679236224,0,0.9817964325029682
4.981353631550159,0,0.9817964325029682
5.490895901853141,0,0.9817964325029682
5.772199777828206,0,0.9817964325029682
5.856941753635485,0,0.9817964325029682
5.787511098390768,0,0.9817964325029682
5.627965567925274,0,0.9817964325029682
5.44310532767044,0,0.9817964325029682
5.241353784770306,0,0.9817964325029682
4.982857718994981,0,0.9817964325029682
4.6891632858130485,0,0.9817964325029682
4.433583316896271,0,0.9817964325029682
4.239262670692085,0,0.9817964325029682
4.101120117526468,0,0.9817964325029682
4.039336452409869,0,0.9817964325029682
4.061178821392235,0,0.9817964325029682
4.141695132479876,0,0.9817964325029682
4.2860390584341435,0,0.9817964325029682
4.540650464933645,0,0.9817964325029682
4.90652196869903,0,0.9817964325029682
5.306384529663457,0,0.9817964325029682
5.665051138583108,0,0.9817964325029682
5.981246688812995,0,0.9817964325029682
6.285701120622008,0,0.9817964325029682
6.575137192465862,0,0.9817964325029682
6.835525297790506,0,0.9817964325029682
7.073803186344017,0,0.9817964325029682
7.289059148198008,0,0.9817964325029682
7.43266434510894,0,0.9817964325029682
7.4608339845060945,0,0.9817964325029682
7.405726013933127,1,0.9807012261384248
7.316783389181833,0,0.9807012261384248
7.197129754532217,0,0.9807012261384248
7.028814522489366,0,0.9807012261384248
6.798384584797589,0,0.9807012261384248
6.492944034561114,0,0.9807012261384248
6.111616333523828,0,0.9807012261384248
5.700483489057777,0,0.9807012261384248
5.326806233548623,0,0.9807012261384248
5.007063082454873,0,0.9807012261384248
4.722077032788687,0,0.9807012261384248
4.455810273004921,0,0.9807012261384248
4.192740768417947,0,0.9807012261384248
3.932693289943178,0,0.9807012261384248
3.660383917453214,0,0.9807012261384248
3.316573862433366,0,0.9807012261384248
2.878513832227032,0,0.9807012261384248
2.388577606256933,0,0.9807012261384248
1.8706313829249788,0,0.9807012261384248
1.312056720186928,0,0.9807012261384248
0.6905675522821167,0,0.9807012261384248
-0.04198170575731107,0,0.9807012261384248
-0.9458408362582176,0,0.9807012261384248
-2.048235878060943,0,0.9807012261384248
-3.3409572430122516,0,0.9807012261384248
-4.817241535348982,0,0.9807012261384248
-6.478134719645298,0,0.9807012261384248
-8.298685450980749,0,0.9807012261384248
-10.22549520088981,0,0.9807012261384248
-12.195427733874963,0,0.9807012261384248
-14.1201658376878,0,0.9807012261384248
-15.85654613879036,0,0.9807012261384248
-17.249652957458,0,0.9807012261384248
-18.210785821750335,0,0.9807012261384248
-18.72385548529437,0,0.9807012261384248
-18.79844056709704,0,0.9807012261384248
-18.41303283053996,0,0.9807012261384248
-17.545216059215793,0,0.9807012261384248
-16.22187427126918,0,0.9807012261384248
-14.490548895371072,0,0.9807012261384248
-12.429047708600834,0,0.9807012261384248
-10.178806626832408,0,0.9807012261384248
-7.890565823488486,0,0.9807012261384248
-5.638780160338275,0,0.9807012261384248
-3.471798072830826,0,0.9807012261384248
-1.4885671488302383,0,0.9807012261384248
0.2338806896507703,0,0.9807012261384248
1.6866463350110183,0,0.9807012261384248
2.8682477691481543,0,0.9807012261384248
3.7628139329830947,0,0.9807012261384248
4.350050534527162,0,0.9807012261384248
4.627620312535533,0,0.9807012261384248
4.666169964968149,0,0.9807012261384248
4.55671280418108,0,0.9807012261384248
4.335384566713403,0,0.9807012261384248
4.037780031591381,0,0.9807012261384248
3.7214917637194573,0,0.9807012261384248
3.4356235095839716,0,0.9807012261384248
3.212889464980433,0,0.9807012261384248
3.0657548636531353,0,0.9807012261384248
3.0051280293897498,0,0.9807012261384248
3.0509855305860696,0,0.9807012261384248
3.2019042642651754,0,0.9807012261384248
3.4177767106200263,0,0.9807012261384248
3.653548900838684,0,0.9807012261384248
3.898195307707981,0,0.9807012261384248
4.173965260276909,0,0.9807012261384248
4.4925018395014025,0,0.9807012261384248
4.830600934810929,0,0.9807012261384248
5.177370622584623,0,0.9807012261384248
5.552385358595321,0,0.9807012261384248
5.945584137414388,0,0.9807012261384248
6.313020837690022,0,0.9807012261384248
6.634909790063208,0,0.9807012261384248
6.902529307255782,0,0.9807012261384248
7.093911019378899,0,0.9807012261384248
7.202850274074024,0,0.9807012261384248
7.234751805243558,0,0.9807012261384248
7.18573006844726,1,0.9808419873235849
7.051031546807147,0,0.9808419873235849
6.8438513626782855,0,0.9808419873235849
6.597662530926131,0,0.9808419873235849
6.347249156636556,0,0.9808419873235849
6.113099634808034,0,0.9808419873235849
5.884495070612952,0,0.9808419873235849
5.629790763895079,0,0.9808419873235849
5.346830772617713,0,0.9808419873235849
5.059562236879572,0,0.9808419873235849
4.77157239160581,0,0.9808419873235849
4.476174805353352,0,0.9808419873235849
4.174719718184422,0,0.9808419873235849
3.881361333563783,0,0.9808419873235849
3.620821929791229,0,0.9808419873235849
3.3875159907021315,0,0.9808419873235849
3.1621702084471353,0,0.9808419873235849
2.9532452799969664,0,0.9808419873235849
2.758032992797124,0,0.9808419873235849
2.543600539183586,0,0.9808419873235849
2.309172606857579,0,0.9808419873235849
2.095646491835773,0,0.9808419873235849
1.886458198340681,0,0.9808419873235849
1.6102895721954167,0,0.9808419873235849
1.2472078200667858,0,0.9808419873235849
0.8225440780896948,0,0.9808419873235849
0.35494433385443397,0,0.9808419873235849
-0.16341165344591546,0,0.9808419873235849
-0.7943408471916789,0,0.9808419873235849
-1.6155230558592624,0,0.9808419873235849
-2.629216951040859,0,0.9808419873235849
-3.782296476539935,0,0.9808419873235849
-5.058476191639159,0,0.9808419873235849
-6.46981776593991,0,0.9808419873235849
-8.020459281860159,0,0.9808419873235849
-9.705945371326473,0,0.9808419873235849
-11.489410947946958,0,0.9808419873235849
-13.290495407658865,0,0.9808419873235849
-14.995265242157092,0,0.9808419873235849
-16.47466191669344,0,0.9808419873235849
-17.623758411976254,0,0.9808419873235849
-18.3803322469607,0,0.9808419873235849
-18.70227763220568,0,0.9808419873235849
-18.565020656419527,0,0.9808419873235849
-17.96574213316167,0,0.9808419873235849
-16.909102655207914,0,0.9808419873235849
-15.419250020920865,0,0.9808419873235849
-13.56092885320557,0,0.9808419873235849
-11.437936104180668,0,0.9808419873235849
-9.170591594646469,0,0.9808419873235849
-6.868761902447086,0,0.9808419873235849
-4.623358462369184,0,0.9808419873235849
-2.525309595500129,0,0.9808419873235849
-0.6480388345454868,0,0.9808419873235849
0.9787594150140289,0,0.9808419873235849
2.328899247484487,0,0.9808419873235849
3.385684340539346,0,0.9808419873235849
4.171522166038526,0,0.9808419873235849
4.707163030004827,0,0.9808419873235849
5.017411053441293,0,0.9808419873235849
5.1631693201268245,0,0.9808419873235849
5.172000748380178,0,0.9808419873235849
5.026798108034831,0,0.9808419873235849
4.755063350973698,0,0.9808419873235849
4.425142209827054,0,0.9808419873235849
4.101073550542523,0,0.9808419873235849
3.8307189258504213,0,0.9808419873235849
3.6361172033172853,0,0.9808419873235849
3.5069417734709045,0,0.9808419873235849
3.4245837660147633,0,0.9808419873235849
3.393043399580583,0,0.9808419873235849
3.4307201091142674,0,0.9808419873235849
3.571909720485825,0,0.9808419873235849
3.834566196438988,0,0.9808419873235849
4.161682574913991,0,0.9808419873235849
4.481448259279654,0,0.9808419873235849
4.798252030716504,0,0.9808419873235849
5.150204348960724,0,0.9808419873235849
5.534126373760775,0,0.9808419873235849
5.913764391753732,0,0.9808419873235849
6.257054499783888,0,0.9808419873235849
6.559732025569033,0,0.9808419873235849
6.837072148462494,0,0.9808419873235849
7.078130859213693,0,0.9808419873235849
7.238218319146475,0,0.9808419873235849
7.302478173481383,0,0.9808419873235849
7.304317285355138,0,0.9808419873235849
7.259527139847339,1,0.9807183313849075
7.161967027567062,0,0.9807183313849075
7.017859413329339,0,0.9807183313849075
6.834756275001201,0,0.9807183313849075
6.6220267517487885,0,0.9807183313849075
6.400404371751915,0,0.9807183313849075
6.18483287672484,0,0.9807183313849075
5.951099001708556,0,0.9807183313849075
5.677943425446465,0,0.9807183313849075
5.385206089321262,0,0.9807183313849075
5.089378875841674,0,0.9807183313849075
4.800798751082267,0,0.9807183313849075
4.532312007001693,0,0.9807183313849075
4.2885411500010076,0,0.9807183313849075
4.059433152426655,0,0.9807183313849075
3.8168176954004602,0,0.9807183313849075
3.5298313518425704,0,0.9807183313849075
3.1942005466012104,0,0.9807183313849075
2.8450049811702334,0,0.9807183313849075
2.5033926794683388,0,0.9807183313849075
2.1560935238632615,0,0.9807183313849075
1.7924167339397072,0,0.9807183313849075
1.3731582391353885,0,0.9807183313849075
0.821449756335165,0,0.9807183313849075
0.09384079906838089,0,0.9807183313849075
-0.7963581334408973,0,0.9807183313849075
-1.8366525913791767,0,0.9807183313849075
-3.048067149884544,0,0.9807183313849075
-4.444947902687868,0,0.9807183313849075
-6.017595282796397,0,0.9807183313849075
-7.732874337863735,0,0.9807183313849075
-9.527031166721192,0,0.9807183313849075
-11.322286771227626,0,0.9807183313849075
-13.037786284665478,0,0.9807183313849075
-14.606366932814097,0,0.9807183313849075
-15.983963794556056,0,0.9807183313849075
-17.127096919571162,0,0.9807183313849075
-17.962516043196604,0,0.9807183313849075
-18.395571374533866,0,0.9807183313849075
-18.34935122477753,0,0.9807183313849075
-17.79180552311549,0,0.9807183313849075
-16.750252205526728,0,0.9807183313849075
-15.279947679289796,0,0.9807183313849075
-13.450352926083047,0,0.9807183313849075
-11.362540694838493,0,0.9807183313849075
-9.140027683208885,0,0.9807183313849075
-6.923100297753129,0,0.9807183313849075
-4.810284110175584,0,0.9807183313849075
-2.834696047365453,0,0.9807183313849075
-1.034296434061111,0,0.9807183313849075
0.5418803596802858,0,0.9807183313849075
1.8587613785995958,0,0.9807183313849075
2.9056081363870407,0,0.9807183313849075
3.689743382469382,0,0.9807183313849075
4.224144966307312,0,0.9807183313849075
4.545937741381119,0,0.9807183313849075
4.701760794835729,0,0.9807183313849075
4.719143021455279,0,0.9807183313849075
4.615170784019116,0,0.9807183313849075
4.411157045287027,0,0.9807183313849075
4.120444187179495,0,0.9807183313849075
3.763822463933965,0,0.9807183313849075
3.4053338721423234,0,0.9807183313849075
3.11561662372269,0,0.9807183313849075
2.912934870539687,0,0.9807183313849075
2.7713239286800397,0,0.9807183313849075
2.681610712586214,0,0.9807183313849075
2.694684026098718,0,0.9807183313849075
2.8750789241865498,0,0.9807183313849075
3.2156704398807223,0,0.9807183313849075
3.6660945174879935,0,0.9807183313849075
4.198074978198793,0,0.9807183313849075
4.780885626808706,0,0.9807183313849075
5.357334237641231,0,0.9807183313849075
5.874827715320337,0,0.9807183313849075
6.319237683874273,0,0.9807183313849075
6.682610517520722,0,0.9807183313849075
6.952778725858612,0,0.9807183313849075
7.143246956201833,0,0.9807183313849075
7.28799986616939,0,0.9807183313849075
7.444810048153332,0,0.9807183313849075
7.615122406069979,0,0.9807183313849075
7.704895589534048,0,0.9807183313849075
7.670160664169406,1,0.9807169514068759
7.569815143498195,0,0.9807169514068759
7.463920399689886,0,0.9807169514068759
7.349665628028568,0,0.9807169514068759
7.187452628657553,0,0.9807169514068759
6.9626696475114445,0,0.9807169514068759
6.69947151694853,0,0.9807169514068759
6.406196529784595,0,0.9807169514068759
6.068905257530761,0,0.9807169514068759
5.7016904386922285,0,0.9807169514068759
5.314006147222238,0,0.9807169514068759
4.890475743681517,0,0.9807169514068759
4.436152046684912,0,0.9807169514068759
3.952022579383856,0,0.9807169514068759
3.4423819967057394,0,0.9807169514068759
2.935592366770323,0,0.9807169514068759
2.4017429016879186,0,0.9807169514068759
1.7666691963755032,0,0.9807169514068759
0.9999773678077736,0,0.9807169514068759
0.09965538519806015,0,0.9807169514068759
-0.9204172879150029,0,0.9807169514068759
-2.0180221865296195,0,0.9807169514068759
-3.1940194893099294,0,0.9807169514068759
-4.529047387422259,0,0.9807169514068759
-6.072356847488796,0,0.9807169514068759
-7.773944107523681,0,0.9807169514068759
-9.546194280570047,0,0.9807169514068759
-11.320468374840214,0,0.9807169514068759
-13.033614519462418,0,0.9807169514068759
-14.600641756733799,0,0.9807169514068759
-15.952778991789547,0,0.9807169514068759
-17.048339922529408,0,0.9807169514068759
-17.800854072598618,0,0.9807169514068759
-18.077985868345174,0,0.9807169514068759
-17.809282228682346,0,0.9807169514068759
-17.04280769739707,0,0.9807169514068759
-15.869893346812754,0,0.9807169514068759
-14.367552863583406,0,0.9807169514068759
-12.621215633262805,0,0.9807169514068759
-10.710590645621517,0,0.9807169514068759
-8.684710562435376,0,0.9807169514068759
-6.573754256179339,0,0.9807169514068759
-4.4184654395431675,0,0.9807169514068759
-2.308061763027282,0,0.9807169514068759
-0.35291535058950724,0,0.9807169514068759
1.358548731061253,0,0.9807169514068759
2.7542571131185327,0,0.9807169514068759
3.8165201887228104,0,0.9807169514068759
4.588415130610612,0,0.9807169514068759
5.11925550436772,0,0.9807169514068759
5.443127637962598,0,0.9807169514068759
5.580258923976148,0,0.9807169514068759
5.568564244475904,0,0.9807169514068759
5.433360373938584,0,0.9807169514068759
5.174178171440216,0,0.9807169514068759
4.84802809817983,0,0.9807169514068759
4.534316294531694,0,0.9807169514068759
4.2628911634412905,0,0.9807169514068759
4.042132377689578,0,0.9807169514068759
3.885154779264346,0,0.9807169514068759
3.8196343772921715,0,0.9807169514068759
3.8839677406797195,0,0.9807169514068759
4.088954233956516,0,0.9807169514068759
4.394516134330035,0,0.9807169514068759
4.734149213156747,0,0.9807169514068759
5.069080151038327,0,0.9807169514068759
5.421172392429865,0,0.9807169514068759
5.81492112755584,0,0.9807169514068759
6.21911492163008,0,0.9807169514068759
6.5776444833769645,0,0.9807169514068759
6.850222540194131,0,0.9807169514068759
7.03751355242806,0,0.9807169514068759
7.177684361485401,0,0.9807169514068759
7.302116605268962,0,0.9807169514068759
7.413294959406683,0,0.9807169514068759
7.504528436721136,0,0.9807169514068759
7.5656102943123775,0,0.9807169514068759
7.581800408247443,0,0.9807169514068759
7.552713563823345,1,0.9806497108062427
7.4922953279795825,0,0.9806497108062427
7.413754473963941,0,0.9806497108062427
7.301750636854617,0,0.9806497108062427
7.106188808792521,0,0.9806497108062427
6.794558758205942,0,0.9806497108062427
6.3791089796207,0,0.9806497108062427
5.895323070726975,0,0.9806497108062427
5.384124177757738,0,0.9806497108062427
4.883244493984429,0,0.9806497108062427
4.417326013639361,0,0.9806497108062427
3.988969999073641,0,0.9806497108062427
3.5777353994345846,0,0.9806497108062427
3.1506300249311217,0,0.9806497108062427
2.6741908008923034,0,0.9806497108062427
2.1347159993954796,0,0.9806497108062427
1.557871200508062,0,0.9806497108062427
0.9488301308028259,0,0.9806497108062427
0.24762691566954997,0,0.9806497108062427
-0.5927869392325325,0,0.9806497108062427
-1.585541526268564,0,0.9806497108062427
-2.75181650692194,0,0.9806497108062427
-4.088361058616582,0,0.9806497108062427
-5.574938491326969,0,0.9806497108062427
-7.20977625208516,0,0.9806497108062427
-8.961901553738063,0,0.9806497108062427
-10.75912864150216,0,0.9806497108062427
-12.521864675230862,0,0.9806497108062427
-14.185158682835167,0,0.9806497108062427
-15.696833585426328,0,0.9806497108062427
-16.941375357298824,0,0.9806497108062427
-17.769879614463353,0,0.9806497108062427
-18.121975396850104,0,0.9806497108062427
-17.988274773954725,0,0.9806497108062427
-17.374023933264755,0,0.9806497108062427
-16.322031551050603,0,0.9806497108062427
-14.877565082228585,0,0.9806497108062427
-13.108011880063406,0,0.9806497108062427
-11.119787673542984,0,0.9806497108062427
-9.005204983754126,0,0.9806497108062427
-6.83279910570483,0,0.9806497108062427
-4.683326569176185,0,0.9806497108062427
-2.6434577103903005,0,0.9806497108062427
-0.7727515266255927,0,0.9806497108062427
0.8754930728812991,0,0.9806497108062427
2.238171638544926,0,0.9806497108062427
3.2952518019639707,0,0.9806497108062427
4.073820735081586,0,0.9806497108062427
4.589832643614282,0,0.9806497108062427
4.853404092391091,0,0.9806497108062427
4.8918264747701725,0,0.9806497108062427
4.7597086502379975,0,0.9806497108062427
4.534944217638068,0,0.9806497108062427
4.264825779533756,0,0.9806497108062427
3.9671244961658068,0,0.9806497108062427
3.668410039799658,0,0.9806497108062427
3.3869383061587217,0,0.9806497108062427
3.1223685382854884,0,0.9806497108062427
2.901985268993222,0,0.9806497108062427
2.7799870980521386,0,0.9806497108062427
2.7601359122924647,0,0.9806497108062427
2.8183737840379153,0,0.9806497108062427
2.9745984596433486,0,0.9806497108062427
3.2537819480528736,0,0.9806497108062427
3.6575206003802943,0,0.9806497108062427
4.185858451273629,0,0.9806497108062427
4.801787137996038,0,0.9806497108062427
5.437682411146687,0,0.9806497108062427
6.039805767799872,0,0.9806497108062427
6.554576771056511,0,0.9806497108062427
6.9563447729466175,0,0.9806497108062427
7.264563776778367,0,0.9806497108062427
7.506282217543999,0,0.9806497108062427
7.709002535172128,0,0.9806497108062427
7.886843735436118,0,0.9806497108062427
8.023935522639071,0,0.9806497108062427
8.090649554416673,0,0.9806497108062427
8.060737481404638,1,0.9805003556487224
7.9192024015960785,0,0.9805003556487224
7.677209493026883,0,0.9805003556487224
7.38222609936391,0,0.9805003556487224
7.090690762714548,0,0.9805003556487224
6.8113623476883065,0,0.9805003556487224
6.4935562489787975,0,0.9805003556487224
6.09302591735532,0,0.9805003556487224
5.618259928631979,0,0.9805003556487224
5.103357956307805,0,0.9805003556487224
4.582807951801763,0,0.9805003556487224
4.100486792855503,0,0.9805003556487224
3.7026000906919125,0,0.9805003556487224
3.388987848889194,0,0.9805003556487224
3.1021026787902195,0,0.9805003556487224
2.8121714224014873,0,0.9805003556487224
2.5390741560148706,0,0.9805003556487224
2.275133003870569,0,0.9805003556487224
2.0043880790792477,0,0.9805003556487224
1.7494339731399062,0,0.9805003556487224
1.5130583873158334,0,0.9805003556487224
1.2622754037833934,0,0.9805003556487224
0.9685200657140125,0,0.9805003556487224
0.6230915845573971,0,0.9805003556487224
0.25613488967024944,0,0.9805003556487224
-0.11941788988317795,0,0.9805003556487224
-0.5507928850054536,0,0.9805003556487224
-1.0908314144693307,0,0.9805003556487224
-1.7767980775553995,0,0.9805003556487224
-2.6420096821506203,0,0.9805003556487224
-3.715408361597197,0,0.9805003556487224
-4.995797298758473,0,0.9805003556487224
-6.445537153579049,0,0.9805003556487224
-8.036833402957903,0,0.9805003556487224
-9.762932540124869,0,0.9805003556487224
-11.579608231838773,0,0.9805003556487224
-13.381188451671294,0,0.9805003556487224
-15.054593115625517,0,0.9805003556487224
-16.510276587847834,0,0.9805003556487224
-17.670967372882444,0,0.9805003556487224
-18.46103549476481,0,0.9805003556487224
-18.81404288926792,0,0.9805003556487224
-18.68272008378818,0,0.9805003556487224
-18.035816709002322,0,0.9805003556487224
-16.908292705753052,0,0.9805003556487224
-15.405214587975879,0,0.9805003556487224
-13.604807859236434,0,0.9805003556487224
-11.564768503417916,0,0.9805003556487224
-9.376998327474851,0,0.9805003556487224
-7.134336126501754,0,0.9805003556487224
-4.923051408880163,0,0.9805003556487224
-2.8392254268839827,0,0.9805003556487224
-0.9533181880454701,0,0.9805003556487224
0.70487209628557,0,0.9805003556487224
2.1152029906289593,0,0.9805003556487224
3.2541338396352635,0,0.9805003556487224
4.111696329267907,0,0.9805003556487224
4.718856749159682,0,0.9805003556487224
5.127402263962449,0,0.9805003556487224
5.353206231638786,0,0.9805003556487224
5.397822789981138,0,0.9805003556487224
5.2852258228100855,0,0.9805003556487224
5.043886224983819,0,0.9805003556487224
4.710645831215222,0,0.9805003556487224
4.334386632041109,0,0.9805003556487224
3.966868580157315,0,0.9805003556487224
3.6662716714281487,0,0.9805003556487224
3.4787360925258013,0,0.9805003556487224
3.4121348874447563,0,0.9805003556487224
3.449624616231866,0,0.9805003556487224
3.5741543549264767,0,0.9805003556487224
3.779218087203792,0,0.9805003556487224
4.070915096041756,0,0.9805003556487224
4.42441334308849,0,0.9805003556487224
4.791342908813616,0,0.9805003556487224
5.1757778194328505,0,0.9805003556487224
5.5913170042549805,0,0.9805003556487224
5.979038535231549,0,0.9805003556487224
6.284732165335732,0,0.9805003556487224
6.528485312411644,0,0.9805003556487224
6.7270997679334315,0,0.9805003556487224
6.875028476256086,0,0.9805003556487224
6.989569533369647,0,0.9805003556487224
7.08508115655881,0,0.9805003556487224
7.1653721235005055,0,0.9805003556487224
7.236346791831441,0,0.9805003556487224
7.282784156813602,0,0.9805003556487224
7.2804943887901,1,0.9803745309270219
7.222953280272809,0,0.9803745309270219
7.10403344538963,0,0.9803745309270219
6.891562281809883,0,0.9803745309270219
6.572760588764217,0,0.9803745309270219
6.206362109105431,0,0.9803745309270219
5.847376655392474,0,0.9803745309270219
5.4950960448556065,0,0.9803745309270219
5.150174910988064,0,0.9803745309270219
4.835372235616963,0,0.9803745309270219
4.553483741368234,0,0.9803745309270219
4.2760180501226035,0,0.9803745309270219
3.9890603274798666,0,0.9803745309270219
3.6924577265822798,0,0.9803745309270219
3.3625921185065457,0,0.9803745309270219
2.9655547737286865,0,0.9803745309270219
2.4612568554776115,0,0.9803745309270219
1.8137164160824906,0,0.9803745309270219
1.0430679879119455,0,0.9803745309270219
0.18621087164836528,0,0.9803745309270219
-0.7850574378069655,0,0.9803745309270219
-1.920755189264188,0,0.9803745309270219
-3.2346293395313377,0,0.9803745309270219
-4.72103941384939,0,0.9803745309270219
-6.367948612925812,0,0.9803745309270219
-8.157877855815162,0,0.9803745309270219
-10.054202230637689,0,0.9803745309270219
-11.979231699702733,0,0.9803745309270219
-13.835885181897575,0,0.9803745309270219
-15.537435825651075,0,0.9803745309270219
-16.99363928377098,0,0.9803745309270219
-18.097348379838657,0,0.9803745309270219
-18.754248174561656,0,0.9803745309270219
-18.91780954767914,0,0.9803745309270219
-18.570145304061974,0,0.9803745309270219
-17.714993138503583,0,0.9803745309270219
-16.40162560280101,0,0.9803745309270219
-14.697882702069741,0,0.9803745309270219
-12.6919945802595,0,0.9803745309270219
-10.49099911524562,0,0.9803745309270219
-8.190818778003713,0,0.9803745309270219
-5.894593567542257,0,0.9803745309270219
-3.6844063398167473,0,0.9803745309270219
-1.6320780773817325,0,0.9803745309270219
0.16740867509200458,0,0.9803745309270219
1.6840407277440959,0,0.9803745309270219
2.9547527783497225,0,0.9803745309270219
3.9816162591996163,0,0.9803745309270219
4.737520591063609,0,0.9803745309270219
5.225471515721999,0,0.9803745309270219
5.482793942446042,0,0.9803745309270219
5.542938654050623,0,0.9803745309270219
5.420092097300439,0,0.9803745309270219
5.126481713352752,0,0.9803745309270219
4.705897783435557,0,0.9803745309270219
4.278566420126251,0,0.9803745309270219
3.961428020715146,0,0.9803745309270219
3.765217934331899,0,0.9803745309270219
3.6566779541177876,0,0.9803745309270219
3.6145619237008297,0,0.9803745309270219
3.63225875535736,0,0.9803745309270219
3.7296495016489772,0,0.9803745309270219
3.9278920839186147,0,0.9803745309270219
4.214835826452626,0,0.9803745309270219
4.546029323704702,0,0.9803745309270219
4.9004195284887,0,0.9803745309270219
5.286565608768437,0,0.9803745309270219
5.679520687446948,0,0.9803745309270219
6.04146850680091,0,0.9803745309270219
6.346547450518303,0,0.9803745309270219
6.570287813809068,0,0.9803745309270219
6.722424937937443,0,0.9803745309270219
6.8377426246075395,0,0.9803745309270219
6.930814341005319,0,0.9803745309270219
6.99030185212244,0,0.9803745309270219
6.990780256805711,0,0.9803745309270219
6.908626076765749,1,0.9801622165567975
6.763886191569,0,0.9801622165567975
6.621484264096405,0,0.9801622165567975
6.502122368982947,0,0.9801622165567975
6.3603825393838544,0,0.9801622165567975
6.174709897116023,0,0.9801622165567975
5.9720189021983865,0,0.9801622165567975
5.77756016937264,0,0.9801622165567975
5.577446376794577,0,0.9801622165567975
5.325868822716243,0,0.9801622165567975
4.998136230257935,0,0.9801622165567975
4.600395329384824,0,0.9801622165567975
4.133303316905546,0,0.9801622165567975
3.585376945753502,0,0.9801622165567975
2.9373664145773244,0,0.9801622165567975
2.1672504246515376,0,0.9801622165567975
1.251131419688656,0,0.9801622165567975
0.16208905536845014,0,0.9801622165567975
-1.1053217819933718,0,0.9801622165567975
-2.526117285174793,0,0.9801622165567975
-4.077346562676737,0,0.9801622165567975
-5.744993418199338,0,0.9801622165567975
-7.501796537083738,0,0.9801622165567975
-9.315001314063984,0,0.9801622165567975
-11.129612757635794,0,0.9801622165567975
-12.856132162013292,0,0.9801622165567975
-14.403535078821305,0,0.9801622165567975
-15.669339364029764,0,0.9801622165567975
-16.53543547647116,0,0.9801622165567975
-16.93095569625105,0,0.9801622165567975
-16.86347780994385,0,0.9801622165567975
-16.36052225611961,0,0.9801622165567975
-15.424808819620102,0,0.9801622165567975
-14.07189090798197,0,0.9801622165567975
-12.368033202614681,0,0.9801622165567975
-10.414765887416776,0,0.9801622165567975
-8.32448130348862,0,0.9801622165567975
-6.205945661481986,0,0.9801622165567975
-4.122249655668657,0,0.9801622165567975
-2.0962717337702936,0,0.9801622165567975
-0.21813255572906237,0,0.9801622165567975
1.3825913631009221,0,0.9801622165567975
2.6601420011009607,0,0.9801622165567975
3.632371206732252,0,0.9801622165567975
4.3439187694520625,0,0.9801622165567975
4.8249161356429475,0,0.9801622165567975
5.071295915583014,0,0.9801622165567975
5.122870055649256,0,0.9801622165567975
5.05956531327555,0,0.9801622165567975
4.938249874006541,0,0.9801622165567975
4.773107484627063,0,0.9801622165567975
4.537559274900152,0,0.9801622165567975
4.215670865140331,0,0.9801622165567975
3.8367703677332456,0,0.9801622165567975
3.461863689007798,0,0.9801622165567975
3.1724891366355235,0,0.9801622165567975
3.020125924554289,0,0.9801622165567975
2.995757844875139,0,0.9801622165567975
3.0699023535326853,0,0.9801622165567975
3.2282551635717276,0,0.9801622165567975
3.4863434492966956,0,0.9801622165567975
3.8651449731850214,0,0.9801622165567975
4.349418500171248,0,0.9801622165567975
4.895662636914392,0,0.9801622165567975
5.460737837638762,0,0.9801622165567975
6.023733735585012,0,0.9801622165567975
6.571006833653934,0,0.9801622165567975
7.060233376662012,0,0.9801622165567975
7.458091917218495,0,0.9801622165567975
7.76391428388157,0,0.9801622165567975
7.972264792468753,0,0.9801622165567975
8.073455811600741,0,0.9801622165567975
8.084594212821662,0,0.9801622165567975
8.051009991949712,1,0.9798944896717492
7.9954201528059725,0,0.9798944896717492
7.898211391980619,0,0.9798944896717492
7.752199983410528,0,0.9798944896717492
7.579159354173056,0,0.9798944896717492
7.377762610166111,0,0.9798944896717492
7.129367282177359,0,0.9798944896717492
6.846450143590746,0,0.9798944896717492
6.548384461001685,0,0.9798944896717492
6.214990079669188,0,0.9798944896717492
5.812235681386791,0,0.9798944896717492
5.35728741471689,0,0.9798944896717492
4.898480237757769,0,0.9798944896717492
4.439736788044853,0,0.9798944896717492
3.9536978546504677,0,0.9798944896717492
3.4140357386558517,0,0.9798944896717492
2.779760235376706,0,0.9798944896717492
2.022770232082416,0,0.9798944896717492
1.1344627721295235,0,0.9798944896717492
0.09378227130567797,0,0.9798944896717492
-1.1131652037699558,0,0.9798944896717492
-2.4865858580223232,0,0.9798944896717492
-4.014444704722193,0,0.9798944896717492
-5.662243740541112,0,0.9798944896717492
-7.411421698492072,0,0.9798944896717492
-9.259805968747822,0,0.9798944896717492
-11.160648555582393,0,0.9798944896717492
-13.013052524568819,0,0.9798944896717492
-14.692000901022011,0,0.9798944896717492
-16.091030012216155,0,0.9798944896717492
-17.160274812223435,0,0.9798944896717492
-17.871675003658353,0,0.9798944896717492
-18.183710844701135,0,0.9798944896717492
-18.0596827484367,0,0.9798944896717492
-17.476675348386383,0,0.9798944896717492
-16.44598414363055,0,0.9798944896717492
-15.02551803228521,0,0.9798944896717492
-13.299005968288354,0,0.9798944896717492
-11.365366256700453,0,0.9798944896717492
-9.304412664650227,0,0.9798944896717492
-7.162368622499342,0,0.9798944896717492
-5.025762366865688,0,0.9798944896717492
-3.0149398808112036,0,0.9798944896717492
-1.2015208863954239,0,0.9798944896717492
0.37450228139878755,0,0.9798944896717492
1.6928815561921724,0,0.9798944896717492
2.7603600909028367,0,0.9798944896717492
3.5748179860135294,0,0.9798944896717492
4.133723412654686,0,0.9798944896717492
4.454803522818822,0,0.9798944896717492
4.575040453886902,0,0.9798944896717492
4.552170297870701,0,0.9798944896717492
4.429894310044046,0,0.9798944896717492
4.222689318162429,0,0.9798944896717492
3.97026704265285,0,0.9798944896717492
3.739284603113118,0,0.9798944896717492
3.5633848037077556,0,0.9798944896717492
3.440047492858405,0,0.9798944896717492
3.3682733811273016,0,0.9798944896717492
3.3656442306216947,0,0.9798944896717492
3.4531295344107176,0,0.9798944896717492
3.627492731452529,0,0.9798944896717492
3.8563492358510247,0,0.9798944896717492
4.10774495973841,0,0.9798944896717492
4.394520719660265,0,0.9798944896717492
4.75741827856698,0,0.9798944896717492
5.188621995420391,0,0.9798944896717492
5.626948861467305,0,0.9798944896717492
6.0227997543751135,0,0.9798944896717492
6.351364342867856,0,0.9798944896717492
6.599401747021212,0,0.9798944896717492
6.774301745427104,0,0.9798944896717492
6.8907586052916185,0,0.9798944896717492
6.956140823247631,0,0.9798944896717492
6.977761673519991,0,0.9798944896717492
6.982928323196352,0,0.9798944896717492
7.016817167121251,0,0.9798944896717492
7.085134329375089,0,0.9798944896717492
7.134520058714576,0,0.9798944896717492
7.121015286901154,1,0.9798508088544582
7.047732373172096,0,0.9798508088544582
6.930434840475514,0,0.9798508088544582
6.788047245388375,0,0.9798508088544582
6.624113289385938,0,0.9798508088544582
6.4078859702094215,0,0.9798508088544582
6.130971111808123,0,0.9798508088544582
5.815195721804696,0,0.9798508088544582
5.468849000998848,0,0.9798508088544582
5.080356814874504,0,0.9798508088544582
4.624261702298882,0,0.9798508088544582
4.097758333692726,0,0.9798508088544582
3.531872382835941,0,0.9798508088544582
2.946057302291567,0,0.9798508088544582
2.3116062456282584,0,0.9798508088544582
1.577258425274891,0,0.9798508088544582
0.7388324874717891,0,0.9798508088544582
-0.1862408422275194,0,0.9798508088544582
-1.2139706997313933,0,0.9798508088544582
-2.3859385040197125,0,0.9798508088544582
-3.75480255548246,0,0.9798508088544582
-5.342388033268743,0,0.9798508088544582
-7.115680544942173,0,0.9798508088544582
-9.006260831594542,0,0.9798508088544582
-10.938123534050437,0,0.9798508088544582
-12.82120026062082,0,0.9798508088544582
-14.534719283345046,0,0.9798508088544582
-15.989870283723107,0,0.9798508088544582
-17.15465786744507,0,0.9798508088544582
-17.98735575488047,0,0.9798508088544582
-18.414895019557495,0,0.9798508088544582
-18.36297353896818,0,0.9798508088544582
-17.78860563613821,0,0.9798508088544582
-16.7279638091674,0,0.9798508088544582
-15.286668193487431,0,0.9798508088544582
-13.54892415602417,0,0.9798508088544582
-11.566175422010962,0,0.9798508088544582
-9.416801550123646,0,0.9798508088544582
-7.197247238925769,0,0.9798508088544582
-5.003590258160631,0,0.9798508088544582
-2.9405022634292695,0,0.9798508088544582
-1.0731354854104318,0,0.9798508088544582
0.5815494768208637,0,0.9798508088544582
1.9861764751975874,0,0.9798508088544582
3.093057622029377,0,0.9798508088544582
3.8956722118777245,0,0.9798508088544582
4.432997803744676,0,0.9798508088544582
4.758911714708343,0,0.9798508088544582
4.909921313887455,0,0.9798508088544582
4.903947345293259,0,0.9798508088544582
4.749527888568954,0,0.9798508088544582
4.466593737880761,0,0.9798508088544582
4.09114046702753,0,0.9798508088544582
3.6811276953571155,0,0.9798508088544582
3.330816712734539,0,0.9798508088544582
3.0857226472620174,0,0.9798508088544582
2.9260398936698184,0,0.9798508088544582
2.8789081801732213,0,0.9798508088544582
2.98978490537097,0,0.9798508088544582
3.2401828863799955,0,0.9798508088544582
3.5712832961623704,0,0.9798508088544582
3.9480913789948087,0,0.9798508088544582
4.376104714808604,0,0.9798508088544582
4.844250120677405,0,0.9798508088544582
5.322515896169219,0,0.9798508088544582
5.7871251523726555,0,0.9798508088544582
6.2044609779272974,0,0.9798508088544582
6.55063193243346,0,0.9798508088544582
6.832935569367511,0,0.9798508088544582
7.079895324441697,0,0.9798508088544582
7.318152598414118,0,0.9798508088544582
7.541699770602684,0,0.9798508088544582
7.711527386186778,0,0.9798508088544582
7.786266993638869,0,0.9798508088544582
7.7478252189650165,1,0.9798867600370308
7.6169207035961275,0,0.9798867600370308
7.4256769976202985,0,0.9798867600370308
7.181734679857147,0,0.9798867600370308
6.8908361132230445,0,0.9798867600370308
6.575853050874476,0,0.9798867600370308
6.258914577513011,0,0.9798867600370308
5.951982066026746,0,0.9798867600370308
5.658425390840192,0,0.9798867600370308
5.365771823044979,0,0.9798867600370308
5.063710351746494,0,0.9798867600370308
4.7592604022960066,0,0.9798867600370308
4.457745112798091,0,0.9798867600370308
4.169577544666011,0,0.9798867600370308
3.903692541095913,0,0.9798867600370308
3.618634223931,0,0.9798867600370308
3.2556667825719896,0,0.9798867600370308
2.808580312486995,0,0.9798867600370308
2.2844879557764948,0,0.9798867600370308
1.6499916739939398,0,0.9798867600370308
0.8509115125730058,0,0.9798867600370308
-0.14072574315652084,0,0.9798867600370308
-1.307312333512792,0,0.9798867600370308
-2.627452490590405,0,0.9798867600370308
-4.1205685010667885,0,0.9798867600370308
-5.8124260678738855,0,0.9798867600370308
-7.684592468074005,0,0.9798867600370308
-9.680461644193077,0,0.9798867600370308
-11.705167808678178,0,0.9798867600370308
-13.636103293201954,0,0.9798867600370308
-15.358011841040819,0,0.9798867600370308
-16.77529629105734,0,0.9798867600370308
-17.827411251126737,0,0.9798867600370308
-18.464001614908526,0,0.9798867600370308
-18.628263521879262,0,0.9798867600370308
-18.304050394022042,0,0.9798867600370308
-17.507238705737503,0,0.9798867600370308
-16.275535507661626,0,0.9798867600370308
-14.698355496621442,0,0.9798867600370308
-12.884861732351235,0,0.9798867600370308
-10.926106232347637,0,0.9798867600370308
-8.880333863403568,0,0.9798867600370308
-6.7593565343275355,0,0.9798867600370308
-4.60212041178133,0,0.9798867600370308
-2.5479641569599347,0,0.9798867600370308
-0.7315102518884831,0,0.9798867600370308
0.8083028126992768,0,0.9798867600370308
2.054819342047724,0,0.9798867600370308
3.0137418573290193,0,0.9798867600370308
3.7336642679391905,0,0.9798867600370308
4.242428551260928,0,0.9798867600370308
4.548794416297535,0,0.9798867600370308
4.656157897784722,0,0.9798867600370308
4.588894458946529,0,0.9798867600370308
4.413944210663518,0,0.9798867600370308
4.195765088667219,0,0.9798867600370308
3.9757217045501414,0,0.9798867600370308
3.781850862154248,0,0.9798867600370308
3.625308677164579,0,0.9798867600370308
3.504643339639337,0,0.9798867600370308
3.441054270288457,0,0.9798867600370308
3.4476064703432465,0,0.9798867600370308
3.4956608798362976,0,0.9798867600370308
3.5942722143071997,0,0.9798867600370308
3.786748538276181,0,0.9798867600370308
4.080458128134876,0,0.9798867600370308
4.464074119535264,0,0.9798867600370308
4.905546475985038,0,0.9798867600370308
5.3525867251824195,0,0.9798867600370308
5.762798967120732,0,0.9798867600370308
6.093828816554714,0,0.9798867600370308
6.318885570952615,0,0.9798867600370308
6.453417731301839,0,0.9798867600370308
6.532947910879158,0,0.9798867600370308
6.591927144769954,0,0.9798867600370308
6.6707620393454805,0,0.9798867600370308
6.783303096842067,0,0.9798867600370308
6.885193602595845,0,0.9798867600370308
6.935911863023588,0,0.9798867600370308
6.944591006115561,0,0.9798867600370308
6.918118765834335,1,0.980185567094648
6.834804997058608,0,0.980185567094648
6.6981839093158335,0,0.980185567094648
6.540042562826508,0,0.980185567094648
6.373922779073842,0,0.980185567094648
6.208026844332769,0,0.980185567094648
6.034196961654235,0,0.980185567094648
5.813611861161246,0,0.980185567094648
5.533666819452375,0,0.980185567094648
5.213392586132861,0,0.980185567094648
4.878861992018586,0,0.980185567094648
4.550651244729776,0,0.980185567094648
4.248181613623701,0,0.980185567094648
4.000533751142999,0,0.980185567094648
3.793649288607158,0,0.980185567094648
3.5577546050418722,0,0.980185567094648
3.217849819738057,0,0.980185567094648
2.7403437228073364,0,0.980185567094648
2.1436791200131964,0,0.980185567094648
1.429719374396482,0,0.980185567094648
0.5523092045563878,0,0.980185567094648
-0.5084800134411998,0,0.980185567094648
-1.7297263847702433,0,0.980185567094648
-3.1100039627259197,0,0.980185567094648
-4.655172028994715,0,0.980185567094648
-6.338442061070844,0,0.980185567094648
-8.127851228514817,0,0.980185567094648
-9.997497804659142,0,0.980185567094648
-11.885711114244954,0,0.980185567094648
-13.67512637555246,0,0.980185567094648
-15.246310011403594,0,0.980185567094648
-16.531568223881337,0,0.980185567094648
-17.489230500705844,0,0.980185567094648
-18.05554360815589,0,0.980185567094648
-18.166920740241167,0,0.980185567094648
-17.791972161724637,0,0.980185567094648
-16.9319763351216,0,0.980185567094648
-15.640526483923372,0,0.980185567094648
-14.017509729744454,0,0.980185567094648
-12.159702116900919,0,0.980185567094648
-10.14306480126823,0,0.980185567094648
-8.064700850401238,0,0.980185567094648
-6.023233191595377,0,0.980185567094648
-4.060524531410008,0,0.980185567094648
-2.206326561114209,0,0.980185567094648
-0.5171441607453903,0,0.980185567094648
0.963841485451367,0,0.980185567094648
2.2062840715567487,0,0.980185567094648
3.1695750740041184,0,0.980185567094648
3.8515560525788453,0,0.980185567094648
4.302742253028362,0,0.980185567094648
4.564051076156266,0,0.980185567094648
4.642208030511214,0,0.980185567094648
4.5553621542230225,0,0.980185567094648
4.356067407774492,0,0.980185567094648
4.095500874813956,0,0.980185567094648
3.8351623319532333,0,0.980185567094648
3.630356137441742,0,0.980185567094648
3.4745134383069893,0,0.980185567094648
3.3527435863117514,0,0.980185567094648
3.2736341469623413,0,0.980185567094648
3.241457326498002,0,0.980185567094648
3.2711835373821323,0,0.980185567094648
3.375441806336192,0,0.980185567094648
3.563372284624164,0,0.980185567094648
3.8569691656548293,0,0.980185567094648
4.255189285364382,0,0.980185567094648
4.724415903546222,0,0.980185567094648
5.215612072076031,0,0.980185567094648
5.68699206650892,0,0.980185567094648
6.120150389494144,0,0.980185567094648
6.491562867277238,0,0.980185567094648
6.77561277532766,0,0.980185567094648
6.977778610434892,0,0.980185567094648
7.129437225449367,0,0.980185567094648
7.2442309876975495,0,0.980185567094648
7.3031954108191774,0,0.980185567094648
7.318223835956369,0,0.980185567094648
7.317610208227906,1,0.9801173544014156
7.276402628032364,0,0.9801173544014156
7.160058205912608,0,0.9801173544014156
6.970123896258969,0,0.9801173544014156
6.728896011816765,0,0.9801173544014156
6.466914370773467,0,0.9801173544014156
6.20086890794687,0,0.9801173544014156
5.929877865404266,0,0.9801173544014156
5.655725751180398,0,0.9801173544014156
5.382969227811478,0,0.9801173544014156
5.121372357838742,0,0.9801173544014156
4.875145719300115,0,0.9801173544014156
4.631840279686617,0,0.9801173544014156
4.384079663524574,0,0.9801173544014156
4.146148021794585,0,0.9801173544014156
3.932110708988966,0,0.9801173544014156
3.725266982571835,0,0.9801173544014156
3.5027310220555536,0,0.9801173544014156
3.2634360103055946,0,0.9801173544014156
3.005100449918417,0,0.9801173544014156
2.707543968223709,0,0.9801173544014156
2.360381294334058,0,0.9801173544014156
1.97445015843772,0,0.9801173544014156
1.562974542815926,0,0.9801173544014156
1.149030529118977,0,0.9801173544014156
0.7338142351896901,0,0.9801173544014156
0.27516389351783616,0,0.9801173544014156
-0.258682732110661,0,0.9801173544014156
-0.8739659254114434,0,0.9801173544014156
-1.57242659172897,0,0.9801173544014156
-2.37307011669187,0,0.9801173544014156
-3.296281820372642,0,0.9801173544014156
-4.339398212476916,0,0.9801173544014156
-5.509465962900405,0,0.9801173544014156
-6.831749337909039,0,0.9801173544014156
-8.31358779050008,0,0.9801173544014156
-9.929456828842188,0,0.9801173544014156
-11.641727230404621,0,0.9801173544014156
-13.395666493485365,0,0.9801173544014156
-15.094579392230255,0,0.9801173544014156
-16.60996009091742,0,0.9801173544014156
-17.811996774543758,0,0.9801173544014156
-18.603684074967894,0,0.9801173544014156
-18.944092247137256,0,0.9801173544014156
-18.83994848295959,0,0.9801173544014156
-18.313640085308048,0,0.9801173544014156
-17.397951370358502,0,0.9801173544014156
-16.13484368418305,0,0.9801173544014156
-14.564902783060699,0,0.9801173544014156
-12.751079304600424,0,0.9801173544014156
-10.768608274125555,0,0.9801173544014156
-8.66555947505708,0,0.9801173544014156
-6.495183629448921,0,0.9801173544014156
-4.359518237338401,0,0.9801173544014156
-2.3493515107618563,0,0.9801173544014156
-0.5057700111872385,0,0.9801173544014156
1.1049605918055834,0,0.9801173544014156
2.4219531100019003,0,0.9801173544014156
3.4590362305142204,0,0.9801173544014156
4.229336042527373,0,0.9801173544014156
4.731672976184083,0,0.9801173544014156
5.006293517799113,0,0.9801173544014156
5.098089415813429,0,0.9801173544014156
5.03165810490963,0,0.9801173544014156
4.8555931513463415,0,0.9801173544014156
4.629619281795465,0,0.9801173544014156
4.379868086273354,0,0.9801173544014156
4.132132873202005,0,0.9801173544014156
3.926183881890474,0,0.9801173544014156
3.7662644433528634,0,0.9801173544014156
3.6276268098075426,0,0.9801173544014156
3.5224853711140574,0,0.9801173544014156
3.511723963930822,0,0.9801173544014156
3.634693948376427,0,0.9801173544014156
3.875139870944939,0,0.9801173544014156
4.208965074966165,0,0.9801173544014156
4.627134588366127,0,0.9801173544014156
5.102449634694947,0,0.9801173544014156
5.576595619886572,0,0.9801173544014156
6.005007836978027,0,0.9801173544014156
6.395608656764346,0,0.9801173544014156
6.782062954198778,0,0.9801173544014156
7.182503350619768,0,0.9801173544014156
7.580966138606031,0,0.9801173544014156
7.9154803793457145,0,0.9801173544014156
8.12285130366109,0,0.9801173544014156
8.208062649909472,0,0.9801173544014156
8.210673785106502,0,0.9801173544014156
8.137742560191121,1,0.9801984433231076
7.992508729884239,0,0.9801984433231076
7.798770338923381,0,0.9801984433231076
7.5565925539746175,0,0.9801984433231076
7.250817541959338,0,0.9801984433231076
6.892375747577846,0,0.9801984433231076
6.508767066046481,0,0.9801984433231076
6.121817852206043,0,0.9801984433231076
5.736626980174348,0,0.9801984433231076
5.348298104174398,0,0.9801984433231076
4.975888834965914,0,0.9801984433231076
4.646120736590852,0,0.9801984433231076
4.343354511335279,0,0.9801984433231076
4.048283995302745,0,0.9801984433231076
3.770241002913726,0,0.9801984433231076
3.5123394007365576,0,0.9801984433231076
3.278857161994613,0,0.9801984433231076
3.077788930434093,0,0.9801984433231076
2.881353398921152,0,0.9801984433231076
2.6437699519828666,0,0.9801984433231076
2.3548319675122262,0,0.9801984433231076
2.0259104702694346,0,0.9801984433231076
1.6316601235791477,0,0.9801984433231076
1.1158743427387576,0,0.9801984433231076
0.4484089165634776,0,0.9801984433231076
-0.36904552028673093,0,0.9801984433231076
-1.333468716538247,0,0.9801984433231076
-2.4360963393025217,0,0.9801984433231076
-3.6633768075665953,0,0.9801984433231076
-5.029798959137013,0,0.9801984433231076
-6.565054128634168,0,0.9801984433231076
-8.25582666383594,0,0.9801984433231076
-10.024259276553478,0,0.9801984433231076
-11.774696826784297,0,0.9801984433231076
-13.447864803229775,0,0.9801984433231076
-15.010059582175304,0,0.9801984433231076
-16.397373735622796,0,0.9801984433231076
-17.51230724750135,0,0.9801984433231076
-18.281032222524658,0,0.9801984433231076
-18.665888121219595,0,0.9801984433231076
-18.641338563627976,0,0.9801984433231076
-18.186232932971294,0,0.9801984433231076
-17.287174803667714,0,0.9801984433231076
-15.965995710210619,0,0.9801984433231076
-14.288019437192553,0,0.9801984433231076
-12.337305778570272,0,0.9801984433231076
-10.19708382762985,0,0.9801984433231076
-7.933011116593511,0,0.9801984433231076
-5.632216409870125,0,0.9801984433231076
-3.4326756118052497,0,0.9801984433231076
-1.4363286236205945,0,0.9801984433231076
0.3176209939769885,0,0.9801984433231076
1.7855508174504424,0,0.9801984433231076
2.937681060863758,0,0.9801984433231076
3.7865239468798633,0,0.9801984433231076
4.364997660249439,0,0.9801984433231076
4.714914874798962,0,0.9801984433231076
4.875609483894568,0,0.9801984433231076
4.88533727902871,0,0.9801984433231076
4.783463252878028,0,0.9801984433231076
4.609749679093174,0,0.9801984433231076
4.38547848283149,0,0.9801984433231076
4.119025880309694,0,0.9801984433231076
3.8735083146240026,0,0.9801984433231076
3.7278425495580163,0,0.9801984433231076
3.6868491360511686,0,0.9801984433231076
3.70821947614531,0,0.9801984433231076
3.7702665460144815,0,0.9801984433231076
3.8925842512862903,0,0.9801984433231076
4.0850133651666685,0,0.9801984433231076
4.318325244890992,0,0.9801984433231076
4.589846842660932,0,0.9801984433231076
4.9235419150556785,0,0.9801984433231076
5.2791508457471705,0,0.9801984433231076
5.593760433854589,0,0.9801984433231076
5.873654233564507,0,0.9801984433231076
6.154324697963386,0,0.9801984433231076
6.448262257306028,0,0.9801984433231076
6.748571315350158,0,0.9801984433231076
7.03192595668614,0,0.9801984433231076
7.265367406684697,0,0.9801984433231076
7.4287481708996825,0,0.9801984433231076
7.5159438579010365,0,0.9801984433231076
7.53324661156191,0,0.9801984433231076
7.524690917546876,1,0.9801747889358658
7.518169414835363,0,0.9801747889358658
7.466362763331179,0,0.9801747889358658
7.350086007791308,0,0.9801747889358658
7.217617415141911,0,0.9801747889358658
7.078198078615126,0,0.9801747889358658
6.893016786389294,0,0.9801747889358658
6.636936330172654,0,0.9801747889358658
6.322146923924696,0,0.9801747889358658
5.9893417410337735,0,0.9801747889358658
5.650098474405467,0,0.9801747889358658
5.286958757855883,0,0.9801747889358658
4.917837984151045,0,0.9801747889358658
4.568309243271494,0,0.9801747889358658
4.237189556398608,0,0.9801747889358658
3.921732588953196,0,0.9801747889358658
3.624910438497074,0,0.9801747889358658
3.3631162221215742,0,0.9801747889358658
3.1439512487371806,0,0.9801747889358658
2.9250407642711953,0,0.9801747889358658
2.664503019084928,0,0.9801747889358658
2.3913777263813705,0,0.9801747889358658
2.161274500099606,0,0.9801747889358658
1.9724746014356263,0,0.9801747889358658
1.7944244590685492,0,0.9801747889358658
1.6096338247472535,0,0.9801747889358658
1.3645057959896696,0,0.9801747889358658
0.9962384271622122,0,0.9801747889358658
0.4914507815121878,0,0.9801747889358658
-0.13423920605966067,0,0.9801747889358658
-0.8705040367721298,0,0.9801747889358658
-1.7442995399967287,0,0.9801747889358658
-2.800807945202494,0,0.9801747889358658
-4.0624467133209015,0,0.9801747889358658
-5.522274599068762,0,0.9801747889358658
-7.154136092023451,0,0.9801747889358658
-8.927067079488037,0,0.9801747889358658
-10.792598485478027,0,0.9801747889358658
-12.695232526901096,0,0.9801747889358658
-14.585340730721855,0,0.9801747889358658
-16.363090309335604,0,0.9801747889358658
-17.883158379822973,0,0.9801747889358658
-19.039317748947155,0,0.9801747889358658
-19.77338642266863,0,0.9801747889358658
-20.037415005345874,0,0.9801747889358658
-19.81022528357968,0,0.9801747889358658
-19.105788041576155,0,0.9801747889358658
-17.956970168754303,0,0.9801747889358658
-16.420076596063677,0,0.9801747889358658
-14.569263305597133,0,0.9801747889358658
-12.470855155255016,0,0.9801747889358658
-10.185117864857835,0,0.9801747889358658
-7.8085455590307395,0,0.9801747889358658
-5.469393591639585,0,0.9801747889358658
-3.2742020933093148,0,0.9801747889358658
-1.3040803664365719,0,0.9801747889358658
0.35268045422367955,0,0.9801747889358658
1.640719844598073,0,0.9801747889358658
2.6041387176658706,0,0.9801747889358658
3.3492696227483085,0,0.9801747889358658
3.9314626538912907,0,0.9801747889358658
4.300780070798106,0,0.9801747889358658
4.406687934429776,0,0.9801747889358658
4.291494420475295,0,0.9801747889358658
4.044029630711209,0,0.9801747889358658
3.7457644206646217,0,0.9801747889358658
3.454197582023538,0,0.9801747889358658
3.234601003469386,0,0.9801747889358658
3.1429062824890406,0,0.9801747889358658
3.1560978415123895,0,0.9801747889358658
3.2283997999204574,0,0.9801747889358658
3.3555724481414315,0,0.9801747889358658
3.540893157096218,0,0.9801747889358658
3.77808619913862,0,0.9801747889358658
4.070344331434224,0,0.9801747889358658
4.419604463252636,0,0.9801747889358658
4.811944019876308,0,0.9801747889358658
5.242399243932754,0,0.9801747889358658
5.7236511974965945,0,0.9801747889358658
6.23925399204617,0,0.9801747889358658
6.729689938624238,0,0.9801747889358658
7.1445142288945025,0,0.9801747889358658
7.476764789864064,0,0.9801747889358658
7.787338124512701,0,0.9801747889358658
8.15217752195052,0,0.9801747889358658
8.537139536997566,0,0.9801747889358658
8.830665803609177,0,0.9801747889358658
8.970984244676304,0,0.9801747889358658
8.97135861425668,0,0.9801747889358658
8.888664826122161,1,0.979889613025986
8.772148510301411,0,0.979889613025986
8.629933430515047,0,0.979889613025986
8.43744857939024,0,0.979889613025986
8.163337820997677,0,0.979889613025986
7.816257644517237,0,0.979889613025986
7.429418389116989,0,0.979889613025986
7.010952358078406,0,0.979889613025986
6.544435325307977,0,0.979889613025986
6.0012315500707984,0,0.979889613025986
5.3966359450684696,0,0.979889613025986
4.838609743164393,0,0.979889613025986
4.416692471096165,0,0.979889613025986
4.083547959022579,0,0.979889613025986
3.7404415320297972,0,0.979889613025986
3.3710454308006508,0,0.979889613025986
3.0272205104604932,0,0.979889613025986
2.7203524873881544,0,0.979889613025986
2.4129402050559996,0,0.979889613025986
2.1050465474817224,0,0.979889613025986
1.8234409741137692,0,0.979889613025986
1.5571636316828632,0,0.979889613025986
1.2805670683599792,0,0.979889613025986
0.9929165322513832,0,0.979889613025986
0.7164408250044596,0,0.979889613025986
0.46750918501775984,0,0.979889613025986
0.20641555885259383,0,0.979889613025986
-0.13708044917140932,0,0.979889613025986
-0.6171405644458546,0,0.979889613025986
-1.2678795692208926,0,0.979889613025986
-2.080814907118454,0,0.979889613025986
-3.045756088245866,0,0.979889613025986
-4.202166831208455,0,0.979889613025986
-5.5661477605698675,0,0.979889613025986
-7.0986463120940275,0,0.979889613025986
-8.766693525088085,0,0.979889613025986
-10.531658151304521,0,0.979889613025986
-12.327717138339658,0,0.979889613025986
-14.080286381646705,0,0.979889613025986
-15.695995674076725,0,0.979889613025986
-17.083141590881,0,0.979889613025986
-18.18197042166843,0,0.979889613025986
-18.909815214856238,0,0.979889613025986
-19.16022069495782,0,0.979889613025986
-18.904923621391884,0,0.979889613025986
-18.180378308062657,0,0.979889613025986
-17.00897884032837,0,0.979889613025986
-15.428294134545801,0,0.979889613025986
-13.526234830503535,0,0.979889613025986
-11.388963210542228,0,0.979889613025986
-9.086189147287154,0,0.979889613025986
-6.74276768237951,0,0.979889613025986
-4.508682025953305,0,0.979889613025986
-2.466279417955358,0,0.979889613025986
-0.6549021691549272,0,0.979889613025986
0.8904741349981785,0,0.979889613025986
2.1594454916220904,0,0.979889613025986
3.1650702429829507,0,0.979889613025986
3.9153073267018157,0,0.979889613025986
4.422315112886985,0,0.979889613025986
4.720478308256345,0,0.979889613025986
4.834809969216912,0,0.979889613025986
4.77624693119839,0,0.979889613025986
4.591959528703946,0,0.979889613025986
4.358564542805359,0,0.979889613025986
4.123416603709704,0,0.979889613025986
