filtered,peak,sqi_after
0.0,0,0.0
510.180298564154,0,0.0
2370.5871817246107,0,0.0
5585.402252819611,0,0.0
9569.871625699092,0,0.0
13865.462059432783,0,0.0
18125.250808679615,0,0.0
22098.58785902219,0,0.0
25615.812496738003,0,0.0
28573.64872828316,0,0.0
30921.751079745467,0,0.0
32650.671801974866,0,0.0
33781.346125493095,0,0.0
34356.06792471337,0,0.0
34430.95048988662,0,0.0
34069.870085455936,0,0.0
33339.73215138322,0,0.0
32306.845079642233,0,0.0
31034.29385746923,0,0.0
29580.145442047076,0,0.0
27996.33213188795,0,0.0
26328.130249613918,0,0.0
24614.021939000864,0,0.0
22885.856784123735,0,0.0
21169.28844346028,0,0.0
19484.324605099777,0,0.0
17845.965190744726,0,0.0
16264.91279918642,0,0.0
14748.252315443746,0,0.0
13300.066100543636,0,0.0
11922.029590556134,0,0.0
10613.975945320155,0,0.0
9374.349762005264,0,0.0
8200.598879360643,0,0.0
7089.534731446698,0,0.0
6037.635720761602,0,0.0
5041.280784081572,0,0.0
4096.856337412467,0,0.0
3200.8367081185806,0,0.0
2349.914414791494,0,0.0
1541.0663765275306,0,0.0
771.5578952206129,0,0.0
38.94219085578294,0,0.0
-658.9502315799765,0,0.0
-1324.0039807628923,0,0.0
-1957.8343859093234,0,0.0
-2561.8565348634784,0,0.0
-3137.308863185515,0,0.0
-3685.222243349329,0,0.0
-4206.462343098903,0,0.0
-4701.8326880478,0,0.0
-5172.077330279694,0,0.0
-5617.850874938322,0,0.0
-6039.784496104732,0,0.0
-6438.493778629302,0,0.0
-6814.519569099106,0,0.0
-7168.358876930015,0,0.0
-7500.514070563502,0,0.0
-7811.5050699369385,0,0.0
-8101.850487339085,0,0.0
-8372.040259967207,0,0.0
-8622.585059460946,0,0.0
-8854.055158879473,0,0.0
-9067.042380593999,0,0.0
-9262.121127971437,0,0.0
-9439.844682159573,0,0.0
-9600.76804771712,0,0.0
-9745.43570332601,0,0.0
-9874.375396641386,0,0.0
-9988.139916021277,0,0.0
-10087.291757239096,0,0.0
-10172.377410412862,0,0.0
-10243.930706074569,0,0.0
-10302.447568861908,0,0.0
-10348.416856507081,0,0.0
-10382.341766760404,0,0.0
-10404.696220333664,0,0.0
-10415.962341139752,0,0.0
-10416.67152453028,0,0.0
-10407.343528250038,0,0.0
-10388.446721112497,0,0.0
-10360.416062245793,0,0.0
-10323.671877222285,0,0.0
-10278.640764614534,0,0.0
-10225.744367484918,0,0.0
-10165.410720932021,0,0.0
-10098.085521616806,0,0.0
-10024.166952591186,0,0.0
-9944.009298412746,0,0.0
-9857.966472142618,0,0.0
-9766.376946262744,0,0.0
-9669.541461713696,0,0.0
-9567.724196703875,0,0.0
-9461.193350152898,0,0.0
-9350.238779242658,0,0.0
-9235.118455772741,0,0.0
-9116.001809495376,0,0.0
-8993.025862515588,0,0.0
-8866.397006094801,0,0.0
-8736.370105834527,0,0.0
-8603.180836262163,0,0.0
-8467.046596975328,0,0.0
-8328.204318467144,0,0.0
-8186.914009909057,0,0.0
-8043.449411024779,0,0.0
-7898.103239158784,0,0.0
-7751.170880348158,0,0.0
-7602.952329854552,0,0.0
-7453.746961115125,0,0.0
-7303.818410506763,0,0.0
-7153.417492447422,0,0.0
-7002.804766584577,0,0.0
-6852.1877964378245,0,0.0
-6701.7041714904235,0,0.0
-6551.516730730255,0,0.0
-6401.800046468873,0,0.0
-6252.6230863149185,0,0.0
-6104.017368051952,0,0.0
-5956.079774911375,0,0.0
-5808.916886618213,0,0.0
-5662.617278759713,0,0.0
-5517.274610430398,0,0.0
-5372.981200190838,0,0.0
-5229.801727278332,0,0.0
-5087.756993668299,0,0.0
-4946.892602662336,0,0.0
-4807.3129354343355,0,0.0
-4669.103684652506,0,0.0
-4532.32481280048,0,0.0
-4397.034507477576,0,0.0
-4263.272007833537,0,0.0
-4131.092051328775,0,0.0
-4000.59332177569,0,0.0
-3871.864696476093,0,0.0
-3744.9504435246126,0,0.0
-3619.888123680905,0,0.0
-3496.7320388280036,0,0.0
-3375.545317632415,0,0.0
-3256.38811701654,0,0.0
-3139.3100195816237,0,0.0
-3024.3511815396737,0,0.0
-2911.54932014415,0,0.0
-2800.93458289501,0,0.0
-2692.494349114507,0,0.0
-2586.189862115666,0,0.0
-2482.016339007314,0,0.0
-2380.0071398444825,0,0.0
-2280.195860352389,0,0.0
-2182.56626734668,0,0.0
-2087.0682444449153,0,0.0
-1993.7114759554854,0,0.0
-1902.553192128624,0,0.0
-1813.5991369057356,0,0.0
-1726.8165138774843,0,0.0
-1642.1815856266387,0,0.0
-1559.6506852318282,0,0.0
-1479.1663917609544,0,0.0
-1400.7176240058718,0,0.0
-1324.3214504935536,0,0.0
-1249.9671240658326,0,0.0
-1177.637389693446,0,0.0
-1107.3241104789895,0,0.0
-1039.0091571112723,0,0.0
-972.6957958235589,0,0.0
-908.4330241658386,0,0.0
-846.2573362368391,0,0.0
-786.1425533825916,0,0.0
-728.0418674951048,0,0.0
-671.9481096027564,0,0.0
-617.8898792684519,0,0.0
-565.8883973160264,0,0.0
-515.9127091338962,0,0.0
-467.8682105741607,0,0.0
-421.6300523920026,0,0.0
-377.0712217792321,0,0.0
-334.0924905530876,0,0.0
-292.59885526900126,0,0.0
-252.4534092453088,0,0.0
-213.55490233973484,0,0.0
-175.85341648815822,0,0.0
-139.25425491366437,0,0.0
-103.63337139293881,0,0.0
-68.9296187975397,0,0.0
-35.1650435288433,0,0.0
-2.39396081165381,0,0.0
29.32489712051336,0,0.0
59.92603512617996,0,0.0
89.33912516176416,0,0.0
117.49446380904817,0,0.0
144.3295794912665,0,0.0
169.78957621949442,0,0.0
193.83313287172857,0,0.0
216.4566672406266,0,0.0
237.67752965760462,0,0.0
257.4988419528854,0,0.0
275.95443133329115,0,0.0
293.14076797170355,0,0.0
309.1526497210751,0,0.0
324.04706778893694,0,0.0
337.87286849642896,0,0.0
350.6647824145777,0,0.0
362.4447971240026,0,0.0
373.268592911344,0,0.0
383.2337102950399,0,0.0
392.4281768389845,0,0.0
400.90283349761563,0,0.0
408.7008175652226,0,0.0
415.8648820093133,0,0.0
422.4292215383154,0,0.0
428.4150302827844,0,0.0
433.8225099041828,0,0.0
438.656736756164,0,0.0
442.9519614447932,0,0.0
446.7116695869548,0,0.0
449.8829064478328,0,0.0
452.4619931190696,0,0.0
454.5229742097236,0,0.0
456.11745906952257,0,0.0
457.22800460373077,0,0.0
457.8191769034629,0,0.0
457.886869209304,0,0.0
457.4402798641042,0,0.0
456.47193578085756,0,0.0
454.9954161803193,0,0.0
453.0643089520732,0,0.0
450.72769506343474,0,0.0
448.0129399993851,0,0.0
444.9355086498068,0,0.0
441.5253193339889,0,0.0
437.81297710469687,0,0.0
433.7993295238185,0,0.0
429.4873424232057,0,0.0
424.9024111865935,0,0.0
420.0885837268099,0,0.0
415.10531139152346,0,0.0
409.9877287509874,0,0.0
404.7089110609198,0,0.0
399.2300143506218,0,0.0
393.5502734320804,0,0.0
387.68521017993413,0,0.0
381.65422004547753,0,0.0
375.44864908996584,0,0.0
369.03361286094525,0,0.0
362.42217696850565,0,0.0
355.654536442863,0,0.0
348.73161101831005,0,0.0
341.6260025171623,0,0.0
334.306327364599,0,0.0
326.7537124010558,0,0.0
318.9764830959533,0,0.0
311.0075989752654,0,0.0
302.90007566703235,0,0.0
294.7025418528364,0,0.0
286.4512142973234,0,0.0
278.2247798062222,0,0.0
270.16367873671027,0,0.0
262.4247138884577,0,0.0
255.12872288153932,0,0.0
248.3254577074614,0,0.0
242.02670611869544,0,0.0
236.24085946862255,0,0.0
230.94099426005616,0,0.0
226.07883244877476,0,0.0
221.61087634906337,0,0.0
217.4668635951999,0,0.0
213.55235431512926,0,0.0
209.76136729005165,0,0.0
205.96793145385755,0,0.0
202.0571650717554,0,0.0
197.96980386500337,0,0.0
193.68231512915509,0,0.0
189.1620179244996,0,0.0
184.39752085149306,0,0.0
179.43121272193258,0,0.0
174.31458056971468,0,0.0
169.08271446959958,0,0.0
163.77459912964846,0,0.0
158.43462322191877,0,0.0
153.0895234727356,0,0.0
147.74458718982373,0,0.0
142.42041319219447,0,0.0
137.16853790083675,0,0.0
132.0300202962091,0,0.0
127.02155124661607,0,0.0
122.16489198943786,0,0.0
117.48231107407246,0,0.0
112.98298841688566,0,0.0
108.67163884075565,0,0.0
104.54440784589008,0,0.0
100.57680701761952,0,0.0
96.75152695339385,0,0.0
93.07434593119878,0,0.0
89.547088586005,0,0.0
86.14600367337152,0,0.0
82.80811564912547,0,0.0
79.47547403957117,0,0.0
76.12969348148063,0,0.0
72.7791064189017,0,0.0
69.46822644146812,0,0.0
66.24857488336654,0,0.0
63.11121829581376,0,0.0
59.99108006977284,0,0.0
56.86040425154526,0,0.0
53.75461703647804,0,0.0
50.712966675997876,0,0.0
47.74448988309962,0,0.0
44.818060065334876,0,0.0
41.892745466528034,0,0.0
38.970175242993705,0,0.0
36.10659094212347,0,0.0
33.34683167858582,0,0.0
30.670314618567136,0,0.0
28.054172165923475,0,0.0
25.516627190384206,0,0.0
23.08216278433017,0,0.0
20.751098616683574,0,0.0
18.4984004367578,0,0.0
16.316315098538382,0,0.0
14.222787731475874,0,0.0
12.2149920080842,0,0.0
10.281630755548653,0,0.0
8.44458549771702,0,0.0
6.710393616099679,0,0.0
5.024300124787922,0,0.0
3.337166187258218,0,0.0
1.6576562692136165,0,0.0
0.0073830048193347375,0,0.0
-1.631210455360865,0,0.0
-3.301395942053645,0,0.0
-5.041508895511369,0,0.0
-6.872136391517113,0,0.0
-8.775620561360208,0,0.0
-10.744768311010256,0,0.0
-12.844310035919168,0,0.0
-15.132019858848974,0,0.0
-17.59292447423628,0,0.0
-20.176357787459093,0,0.0
-22.798132488607745,0,0.0
-25.353528098759963,0,0.0
-27.77458943135311,0,0.0
-30.00839723889596,0,0.0
-31.968244981039888,0,0.0
-33.5429708810048,0,0.0
-34.63905892514193,0,0.0
-35.21291645821042,0,0.0
-35.2398812243558,0,0.0
-34.712988030650365,0,0.0
-33.689133927707125,0,0.0
-32.26357324137025,0,0.0
-30.520713879382793,0,0.0
-28.552973794314312,0,0.0
-26.49432098398756,0,0.0
-24.47451701631615,0,0.0
-22.579536209213337,0,0.0
-20.86503842784428,0,0.0
-19.360387047652175,0,0.0
-18.099553332975443,0,0.0
-17.11209110238039,0,0.0
-16.37686128786822,0,0.0
-15.851227594266154,0,0.0
-15.493096736029303,0,0.0
-15.253664051367721,0,0.0
-15.10553301004821,0,0.0
-15.029603760570359,0,0.0
-15.004399995182041,0,0.0
-15.048305294710794,0,0.0
-15.1539615092942,0,0.0
-15.24156707710856,0,0.0
-15.27664939417571,0,0.0
-15.280354145677377,0,0.0
-15.236662399148509,0,0.0
-15.114162804195187,0,0.0
-14.915909788538379,0,0.0
-14.666585971795413,0,0.0
-14.363164397451225,0,0.0
-13.978546770532832,0,0.0
-13.511546676198602,0,0.0
-12.973305837008029,0,0.0
-12.377159542090478,0,0.0
-11.75751459380534,0,0.0
-11.139777639606544,0,0.0
-10.5446604896813,0,0.0
-9.999200955684648,0,0.0
-9.48483310373382,0,0.0
-8.973320445578498,0,0.0
-8.490335666618144,0,0.0
-8.073418055606226,0,0.0
-7.736253062205695,0,0.0
-7.4709818737649085,0,0.0
-7.241567580297268,0,0.0
-7.026620246259993,0,0.0
-6.845740194303242,0,0.0
-6.693451138764106,0,0.0
-6.546055544907476,0,0.0
-6.424621063631058,0,0.0
-6.352270657499631,0,0.0
-6.2972605530135475,0,0.0
-6.222510552281326,0,0.0
-6.151116776842042,0,0.0
-6.123561083147911,0,0.0
-6.1484644855310675,0,0.0
-6.2281669970600575,0,0.0
-6.360476362697357,0,0.0
-6.532500767755481,0,0.0
-6.752031282577269,0,0.0
-7.029135691886476,0,0.0
-7.309766753047587,0,0.0
-7.539379794088384,0,0.0
-7.772153882859144,0,0.0
-8.103050520006342,0,0.0
-8.572590337884694,0,0.0
-9.16629504631933,0,0.0
-9.872028911547444,0,0.0
-10.736261561847599,0,0.0
-11.805762419675245,0,0.0
-13.064704124950298,0,0.0
-14.481137084239064,0,0.0
-16.042203432249256,0,0.0
-17.72344933043876,0,0.0
-19.46255545500438,0,0.0
-21.13426938831483,0,0.0
-22.55510531338417,0,0.0
-23.58526683465982,0,0.0
-24.16268288045821,0,0.0
-24.23706377520718,0,0.0
-23.78832585694101,0,0.0
-22.845763847502557,0,0.0
-21.468556782122388,0,0.0
-19.752235251286596,0,0.0
-17.77626313821311,0,0.0
-15.579996489296745,0,0.0
-13.229739446256575,0,0.0
-10.830328155214666,0,0.0
-8.476141770499675,0,0.0
-6.238774014845866,0,0.0
-4.18155278460362,0,0.0
-2.3521205303883863,0,0.0
-0.783114780220402,0,0.0
0.49543623594234826,0,0.0
1.4592445581994757,0,0.0
2.114465169306783,0,0.0
2.496427721012877,0,0.0
2.6394132008607625,0,0.0
2.6011891060842465,0,0.0
2.455074980479398,0,0.0
2.243561825581018,0,0.0
1.9991558119087727,0,0.0
1.7635052692346118,0,0.0
1.5824438866261927,0,0.0
1.4963094589569819,0,0.0
1.5145026473171437,0,0.0
1.61699250644813,0,0.0
1.8041347912452028,0,0.0
2.1125176135982686,0,0.0
2.5514506768564402,0,0.0
3.0675650176461198,0,0.0
3.5961557825464543,0,0.0
4.124234189072728,0,0.0
4.6748412443808105,0,0.0
5.244778033834005,0,0.0
5.793297284482049,0,0.0
6.275792676109038,0,0.0
6.686024641989585,0,0.0
7.058807514524812,0,0.0
7.404365945561845,0,0.0
7.687037880028513,0,0.0
7.867491556159524,0,0.0
7.921380678211136,0,0.0
7.861990924670145,0,0.0
7.738370696831443,0,0.0
7.573406839432839,0,0.0
7.342642644879029,0,0.0
7.0301271781194306,0,0.0
6.671100365472743,0,0.0
6.324356099930123,0,0.0
6.016871849201312,0,0.0
5.744804127881775,0,0.0
5.507516406366431,0,0.0
5.297533039243896,0,0.0
5.103771158765467,0,0.0
4.907389689717794,0,0.0
4.663452824080911,0,0.0
4.3653836473633545,0,0.0
4.044091650296746,0,0.0
3.7005911481933347,0,0.0
3.3395070137463265,0,0.0
2.9661626475825877,0,0.0
2.550349355782886,0,0.0
2.060298964536504,0,0.0
1.4484783255316085,0,0.0
0.6561706230312552,0,0.0
-0.3356443607346315,0,0.0
-1.5286833337551524,0,0.0
-2.9281201550374005,0,0.0
-4.518813923698535,0,0.0
-6.246952489161585,0,0.0
-8.055133671034055,0,0.0
-9.901357303867803,0,0.0
-11.714023948203204,0,0.0
-13.405435023601129,0,0.0
-14.91577612790043,0,0.0
-16.180892233420042,0,0.0
-17.09943230232415,0,0.0
-17.581407323055675,0,0.0
-17.58189031702502,0,0.0
-17.09427058519934,0,0.0
-16.140867373580406,0,0.0
-14.74558096187343,0,0.0
-12.961318296233078,0,0.0
-10.89460175727176,0,0.0
-8.65603205552934,0,0.0
-6.331413812000872,0,0.0
-4.005374431577377,0,0.0
-1.7964422789058003,0,0.0
0.17908123198931977,0,0.0
1.8760148555263187,0,0.0
3.2807402552371094,0,0.0
4.371786752549469,0,0.0
5.1580841420737125,0,0.0
5.657503537523776,0,0.0
5.895338667815506,0,0.0
5.935357369445482,0,0.0
5.830229245506107,0,0.0
5.613972870671948,0,0.0
5.343034466394896,0,0.0
5.074695795495989,0,0.0
4.842400942725828,0,0.0
4.666320453289853,0,0.0
4.558412750336385,0,0.0
4.5191084189792585,0,0.0
4.523300742309647,0,0.0
4.543969131695614,0,0.0
4.599964560682212,0,0.0
4.736126502681239,0,0.0
4.976102584146676,0,0.0
5.2939433404629535,0,0.0
5.650440577324182,0,0.0
6.04233371821594,0,0.0
6.4579766115740584,0,0.0
6.871077806102926,0,0.0
7.2672823224757055,0,0.0
7.625678355143834,0,0.0
7.925866345076897,0,0.0
8.149882353263763,0,0.0
8.288377518218276,0,0.0
8.346409232863232,0,0.0
8.310431009347967,0,0.0
8.169879707374763,0,0.0
7.950255846484324,0,0.0
7.681131041982972,0,0.4
7.397328915796905,0,0.4
7.131166762987242,0,0.4
6.87865756569778,0,0.4
6.626077972276489,0,0.4
6.35732400479499,0,0.4
6.031474731657113,0,0.4
5.615021213595429,0,0.4
5.122563354425489,0,0.4
4.598078271564468,0,0.4
4.104712313839533,0,0.4
3.704734766836944,0,0.4
3.3958236055390234,0,0.4
3.137587249317215,0,0.4
2.914401658362248,0,0.4
2.7163626709219466,0,0.4
2.5184339369834072,0,0.4
2.295284785574511,0,0.4
2.0552419898647245,0,0.4
1.8379995684611603,0,0.4
1.6224616592188297,0,0.4
1.3340202998446113,0,0.4
0.9524818117845889,0,0.4
0.49375902658679494,0,0.4
-0.05274464569717195,0,0.4
-0.7157617118586452,0,0.4
-1.5203402208387276,0,0.4
-2.487733524035183,0,0.4
-3.644375853667988,0,0.4
-5.028925156319818,0,0.4
-6.649436897512108,0,0.4
-8.438784297346299,0,0.4
-10.300012925393641,0,0.4
-12.156963687478273,0,0.4
-13.950316413014107,0,0.4
-15.620650473443048,0,0.4
-17.081863676405288,0,0.4
-18.202554090004938,0,0.4
-18.87451436608505,0,0.4
-19.06342343894824,0,0.4
-18.74979671402211,0,0.4
-17.928390841071273,0,0.4
-16.646371875412495,0,0.4
-14.974878120666348,0,0.4
-13.007194439520166,0,0.4
-10.86927719071014,0,0.4
-8.669251153961474,0,0.4
-6.47291620242997,0,0.4
-4.343915454097568,0,0.4
-2.349626163620823,0,0.4
-0.5355748062826028,0,0.4
1.0535873777970453,0,0.4
2.374618285759379,0,0.4
3.4266432350150495,0,0.4
4.22718756172815,0,0.4
4.78301863613654,0,0.4
5.102957151957736,0,0.4
5.201953718405926,0,0.4
5.114187884630743,0,0.4
4.894719032506991,0,0.4
4.611267894839034,0,0.4
4.318130212797432,0,0.4
4.02331042343372,0,0.4
3.7324393944597487,0,0.4
3.4795088628656834,0,0.4
3.293626915418892,0,0.4
3.200337214089601,0,0.4
3.2147631245368267,0,0.4
3.338971589002131,0,0.4
3.5986233380163624,0,0.4
3.9995145370822005,0,0.4
4.474802954862782,0,0.4
4.935001807640384,0,0.4
5.337379847385364,0,0.4
5.6965923890689885,0,0.4
6.02649545468968,0,0.4
6.327295562265367,0,0.4
6.614775045701393,0,0.4
6.888318419896123,0,0.4
7.1193491958940625,0,0.4
7.274814489701274,0,0.4
7.362430629223036,0,0.4
7.4174508138799915,0,0.4
7.419041730598897,0,0.4
7.350349425807084,0,0.4
7.255740112979003,0,0.4
7.167910181831899,0,0.4
7.084885573488911,0,0.4
6.9685850077599465,0,0.4
6.759996223725357,0,0.4
6.470751181646688,0,0.4
6.177429641416741,0,0.4
5.902616392972738,0,0.4
5.626239933604546,0,0.4
5.365846238383694,0,0.4
5.125761816118928,0,0.4
4.843904578015553,0,0.4
4.475073958976705,0,0.4
4.041898369305634,0,0.4
3.5667023449024975,0,0.4
3.0487620829540507,0,0.4
2.508896716049021,0,0.4
1.9953599282160357,0,0.4
1.5265518183666609,0,0.4
1.0458931729123386,0,0.4
0.46014495434228264,0,0.4
-0.2793857511023212,0,0.4
-1.1558602017995643,0,0.4
-2.154005944529809,0,0.4
-3.3080944136327113,0,0.4
-4.667787293485824,0,0.4
-6.2411648824613914,0,0.4
-7.999439538552697,0,0.4
-9.89690325397196,0,0.4
-11.837342807784148,0,0.4
-13.69125358377942,0,0.4
-15.364929708217323,0,0.4
-16.779185727912484,0,0.4
-17.84175127522703,0,0.4
-18.496289807582105,0,0.4
-18.731547705187413,0,0.4
-18.540900489046578,0,0.4
-17.893393218208494,0,0.4
-16.773734569399668,0,0.4
-15.240718481733126,0,0.4
-13.390824585561719,0,0.4
-11.301194771316705,0,0.4
-9.038048765796148,0,0.4
-6.696369113392274,0,0.4
-4.3973968717649,0,0.4
-2.2514825951454287,0,0.4
-0.33045601071879893,0,0.4
1.3334696073364625,0,0.4
2.7099845042219606,0,0.4
3.777147755684682,0,0.4
4.553912821779086,0,0.4
5.072317799540272,0,0.4
5.350936709501169,0,0.4
5.417053361207028,0,0.4
5.320050054495987,0,0.4
5.116663649121445,0,0.4
4.862707662875468,0,0.4
4.598273718035131,0,0.4
4.355405561679962,0,0.4
4.172229881019137,0,0.4
4.048471701048911,0,0.4
3.943336363554402,0,0.4
3.859553558157966,0,0.4
3.860830586975039,0,0.4
4.009083182960679,0,0.4
4.32299880210207,0,0.4
4.762153472181046,0,0.4
5.23534682426425,0,0.4
5.66445366740519,0,0.4
6.041298242517635,0,0.4
6.373388705550407,0,0.4
6.6515091863147395,0,0.4
6.90599244527854,0,0.4
7.163884578156728,0,0.4
7.383851554765115,0,0.4
7.521163150365101,0,0.4
7.555760274312133,0,0.4
7.47065831790308,1,0.4
7.286160013095731,0,0.4
7.042032153364349,0,0.4
6.773699529314442,0,0.4
6.5319068925710075,0,0.4
6.346809002122198,0,0.4
6.192424157398688,0,0.4
6.0239260203327465,0,0.4
5.83099472926582,0,0.4
5.601651518455517,0,0.4
5.291824768024874,0,0.4
4.919888698484752,0,0.4
4.549521449907977,0,0.4
4.1883342707304845,0,0.4
3.8375043999781897,0,0.4
3.4953791584011467,0,0.4
3.108966818265042,0,0.4
2.6441707498098816,0,0.4
2.1083991664978714,0,0.4
1.4802439183699123,0,0.4
0.7095644308719511,0,0.4
-0.21474560964052875,0,0.4
-1.2717546343253827,0,0.4
-2.4659564400610003,0,0.4
-3.8102177443124337,0,0.4
-5.301928160229388,0,0.4
-6.942192118427412,0,0.4
-8.715081859305936,0,0.4
-10.54356167199819,0,0.4
-12.312238754955489,0,0.4
-13.922167200261951,0,0.4
-15.315679491390542,0,0.4
-16.45981098437771,0,0.4
-17.304151338198313,0,0.4
-17.78789258042679,0,0.4
-17.846312117982873,0,0.4
-17.425722788071276,0,0.4
-16.551505607382584,0,0.4
-15.302975921560774,0,0.4
-13.747805587029644,0,0.4
-11.938708093380923,0,0.4
-9.939031711973616,0,0.4
-7.852323128758089,0,0.4
-5.762805992883124,0,0.4
-3.709440778200205,0,0.4
-1.7510768541879222,0,0.4
0.0618624987916116,0,0.4
1.691995810694398,0,0.4
3.0726463766948378,0,0.4
4.174041292618152,0,0.4
5.0311188006963325,0,0.4
5.664244517319413,0,0.4
6.050787655951806,0,0.4
6.186885014006028,0,0.4
6.116760309655193,1,0.4
5.889616598029607,0,0.4
5.546617523042038,0,0.4
5.14301517673493,0,0.4
4.756783609198446,0,0.4
4.460963348609026,0,0.4
4.262243785608248,0,0.4
4.130776389790534,0,0.4
4.07723396535915,0,0.4
4.122127418513532,0,0.4
4.255848017712502,0,0.4
4.456750079180333,0,0.4
4.7089157966982755,0,0.4
5.001117466406665,0,0.4
5.311398194236965,0,0.4
5.617583426424161,0,0.4
5.931842304171783,0,0.4
6.270362289853859,0,0.4
6.596438056080544,0,0.4
6.873870642060348,0,0.4
7.091512219543045,0,0.4
7.228044964005885,0,0.4
7.314197150201048,0,0.4
7.398607621183391,0,0.4
7.453643680776901,0,0.4
7.445701128668693,0,0.4
7.386006589333873,0,0.4
7.277999867567742,0,0.4
7.110892784088468,0,0.4
6.892474246432121,0,0.4
6.633088370621683,0,0.4
6.326214522447176,0,0.4
5.962298089438094,0,0.4
5.53528784766597,0,0.4
5.048985944144414,0,0.4
4.535252690307165,0,0.4
4.044181288433056,0,0.4
3.61170049932361,0,0.4
3.2496363988748715,0,0.4
2.94212131129844,0,0.4
2.6611333085366233,0,0.4
2.4074362235073536,0,0.4
2.1917391960868624,0,0.4
1.9709156329907176,0,0.4
1.6715018093016145,0,0.4
1.2518707820167438,0,0.4
0.6873509915620762,0,0.4
-0.02244458111466828,0,0.4
-0.8458753098601277,0,0.4
-1.7830997606577115,0,0.4
-2.872557882420163,0,0.4
-4.142127733787811,0,0.4
-5.5794555719324785,0,0.4
-7.1427126861712225,0,0.4
-8.797681613389202,0,0.4
-10.518100271075857,0,0.4
-12.265430251853916,0,0.4
-13.970935913375945,0,0.4
-15.531771597671078,0,0.4
-16.84500921000723,0,0.4
-17.836000641569736,0,0.4
-18.451526383675013,0,0.4
-18.642550483307392,0,0.4
-18.363353916141836,0,0.4
-17.59018614684055,0,0.4
-16.352417627078044,0,0.4
-14.729635123746121,0,0.4
-12.811943046133457,0,0.4
-10.682600841006018,0,0.4
-8.41854189808223,0,0.4
-6.114260742204705,0,0.4
-3.9053398967605557,0,0.4
-1.9010381922708615,0,0.4
-0.11048434872246453,0,0.4
1.4778337931883563,0,0.4
2.8329475552045635,0,0.4
3.9283980801229905,0,0.4
4.722361165373886,0,0.4
5.165321024656612,0,0.4
5.287769473624501,0,0.4
5.189670145946803,0,0.4
4.972608482209015,0,0.4
4.697811332375165,0,0.4
4.386055368254337,0,0.4
4.072690667768944,0,0.4
3.8113156650730486,0,0.4
3.6284874507888962,0,0.4
3.513705697826809,0,0.4
3.454287592100697,0,0.4
3.467816381562436,0,0.4
3.5641148698567995,0,0.4
3.711080024500474,0,0.4
3.8804905617971235,0,0.4
4.097186992541537,0,0.4
4.405591861656342,0,0.4
4.805573675671499,0,0.4
5.251641155721426,0,0.4
5.695797765017281,0,0.4
6.1093992048443555,0,0.4
6.483681604382122,0,0.4
6.8182973342589355,0,0.4
7.085551004552477,0,0.4
7.259682286108433,0,0.4
7.374439613046119,0,0.4
7.460913439742455,0,0.4
7.493754605499682,0,0.4
7.434506368548988,1,0.4
7.267350704982281,0,0.4
7.023402949258219,0,0.4
6.758249298449282,0,0.4
6.503547234560942,0,0.4
6.264915537251276,0,0.4
6.0228721212204555,0,0.4
5.750977773986217,0,0.4
5.4321146169816865,0,0.4
5.0755783956447384,0,0.4
4.719789030449728,0,0.4
4.372651471955352,0,0.4
4.008499060966576,0,0.4
3.634374997908077,0,0.4
3.288399510614719,0,0.4
2.971204635555309,0,0.4
2.6579993122758157,0,0.4
2.3579738762147056,0,0.4
2.100952055493661,0,0.4
1.8791706574651084,0,0.4
1.6065303450379165,0,0.4
1.2069690524788075,0,0.4
0.6872996752396088,0,0.4
0.04295604549362313,0,0.4
-0.760560916547227,0,0.4
-1.7189120103330107,0,0.4
-2.8283209830142932,0,0.4
-4.117895289305968,0,0.4
-5.596720420886757,0,0.4
-7.250051679888718,0,0.4
-9.043171312328784,0,0.4
-10.88973506301441,0,0.4
-12.683180296900336,0,0.4
-14.354580467058511,0,0.4
-15.86346970091285,0,0.4
-17.1260702190675,0,0.4
-18.005381738865267,0,0.4
-18.408531306524402,0,0.4
-18.3311962521521,0,0.4
-17.796812826638995,0,0.4
-16.805813216433666,0,0.4
-15.360959349122128,0,0.4
-13.515691963346422,0,0.4
-11.363302064111949,0,0.4
-9.024760708056792,0,0.4
-6.659335405778909,0,0.4
-4.402377718748373,0,0.4
-2.3091427336334114,0,0.4
-0.4074020192690434,0,0.4
1.2586938973515747,0,0.4
2.6443735251006086,0,0.4
3.709060391583817,0,0.4
4.459993704501072,0,0.4
4.975967160274665,0,0.4
5.314791912155673,0,0.4
5.481393932130951,0,0.4
5.489005233205605,0,0.4
5.357912404833809,0,0.4
5.112698085437025,0,0.4
4.801309188064478,0,0.4
4.454000274434074,0,0.4
4.082916772773012,0,0.4
3.7465958169301,0,0.4
3.5283827146151765,0,0.4
3.456769165578526,0,0.4
3.5087747306039687,0,0.4
3.65743120548645,0,0.4
3.891391024487879,0,0.4
4.220262966256045,0,0.4
4.622752354414121,0,0.4
5.021406021005201,0,0.4
5.386177396101292,0,0.4
5.764475455461779,0,0.4
6.172940666662451,0,0.4
6.562731100139553,0,0.4
6.884004717110961,0,0.4
7.114696751815004,0,0.4
7.247256565422494,0,0.4
7.288164250557498,0,0.4
7.267313418387843,1,0.9200387867348971
7.220104292791671,0,0.9200387867348971
7.156794879281913,0,0.9200387867348971
7.072995423509802,0,0.9200387867348971
6.956744192549083,0,0.9200387867348971
6.800247624133,0,0.9200387867348971
6.6097144560545456,0,0.9200387867348971
6.3772285934251665,0,0.9200387867348971
6.115076351249951,0,0.9200387867348971
5.87493348292623,0,0.9200387867348971
5.6620859672175925,0,0.9200387867348971
5.425711452507701,0,0.9200387867348971
5.143961999411086,0,0.9200387867348971
4.841772148097132,0,0.9200387867348971
4.551040348965415,0,0.9200387867348971
4.273989874940006,0,0.9200387867348971
3.9838659926040205,0,0.9200387867348971
3.671500335204655,0,0.9200387867348971
3.3519156683022358,0,0.9200387867348971
3.027526177715159,0,0.9200387867348971
2.689190339279147,0,0.9200387867348971
2.340387350419032,0,0.9200387867348971
1.9660580554310318,0,0.9200387867348971
1.5257334132437113,0,0.9200387867348971
1.001871198651642,0,0.9200387867348971
0.3796703862710717,0,0.9200387867348971
-0.37320153533367734,0,0.9200387867348971
-1.2852118972405469,0,0.9200387867348971
-2.376944105145001,0,0.9200387867348971
-3.6653359553287173,0,0.9200387867348971
-5.160460997574496,0,0.9200387867348971
-6.827490550989779,0,0.9200387867348971
-8.59745152290285,0,0.9200387867348971
-10.425352753145745,0,0.9200387867348971
-12.26449557692004,0,0.9200387867348971
-14.027229253327965,0,0.9200387867348971
-15.614506982031125,0,0.9200387867348971
-16.955277100249155,0,0.9200387867348971
-17.993843216859492,0,0.9200387867348971
-18.648833977152588,0,0.9200387867348971
-18.83187514657049,0,0.9200387867348971
-18.511753175676542,0,0.9200387867348971
-17.71804508768126,0,0.9200387867348971
-16.489283191223027,0,0.9200387867348971
-14.872918078841305,0,0.9200387867348971
-12.949551732979801,0,0.9200387867348971
-10.80533994897395,0,0.9200387867348971
-8.52247250173138,0,0.9200387867348971
-6.218710873522308,0,0.9200387867348971
-4.035677481637243,0,0.9200387867348971
-2.0629281760265252,0,0.9200387867348971
-0.3310572479384091,0,0.9200387867348971
1.1448321842608618,0,0.9200387867348971
2.373743963701795,0,0.9200387867348971
3.3663363904342862,0,0.9200387867348971
4.10221363558374,0,0.9200387867348971
4.58495045353494,0,0.9200387867348971
4.865451517581246,0,0.9200387867348971
4.97787935455433,0,0.9200387867348971
4.935480186567098,0,0.9200387867348971
4.791127207763853,0,0.9200387867348971
4.614331291583964,0,0.9200387867348971
4.429324016208763,0,0.9200387867348971
4.219394797758471,0,0.9200387867348971
3.9820123653037114,0,0.9200387867348971
3.774250356886959,0,0.9200387867348971
3.659159008975924,0,0.9200387867348971
3.6505588497285455,0,0.9200387867348971
3.741328112548574,0,0.9200387867348971
3.904934852885919,0,0.9200387867348971
4.100363145571185,0,0.9200387867348971
4.318955280417314,0,0.9200387867348971
4.571569654977071,0,0.9200387867348971
4.869871295337472,0,0.9200387867348971
5.248100062766969,0,0.9200387867348971
5.709836205680243,0,0.9200387867348971
6.20416415195045,0,0.9200387867348971
6.6859156475902335,0,0.9200387867348971
7.105005130900011,0,0.9200387867348971
7.409764670252565,0,0.9200387867348971
7.6056512638195946,0,0.9200387867348971
7.712401783544736,0,0.9200387867348971
7.715065668235345,0,0.9200387867348971
7.61392725100152,1,0.9312576394570309
7.447659299580136,0,0.9312576394570309
7.247671860903437,0,0.9312576394570309
7.004229740959571,0,0.9312576394570309
6.702430281232824,0,0.9312576394570309
6.365761659669958,0,0.9312576394570309
6.043208473745694,0,0.9312576394570309
5.768750157558315,0,0.9312576394570309
5.521931381193226,0,0.9312576394570309
5.253180028633667,0,0.9312576394570309
4.965293033736312,0,0.9312576394570309
4.7010571767929665,0,0.9312576394570309
4.478326414135658,0,0.9312576394570309
4.282785725922401,0,0.9312576394570309
4.065459912602323,0,0.9312576394570309
3.761013721745817,0,0.9312576394570309
3.346558484837188,0,0.9312576394570309
2.874216102856591,0,0.9312576394570309
2.420918881093105,0,0.9312576394570309
2.006090179554338,0,0.9312576394570309
1.582204701501754,0,0.9312576394570309
1.0802467152357542,0,0.9312576394570309
0.4542329034663756,0,0.9312576394570309
-0.285288323314863,0,0.9312576394570309
-1.102474749332999,0,0.9312576394570309
-2.0162911916667197,0,0.9312576394570309
-3.0947923742419263,0,0.9312576394570309
-4.385561351712495,0,0.9312576394570309
-5.887412457737633,0,0.9312576394570309
-7.563221538481911,0,0.9312576394570309
-9.346301187540526,0,0.9312576394570309
-11.14122292619518,0,0.9312576394570309
-12.863550566897102,0,0.9312576394570309
-14.45621190897802,0,0.9312576394570309
-15.84613140051416,0,0.9312576394570309
-16.926633242244858,0,0.9312576394570309
-17.620775821706708,0,0.9312576394570309
-17.921056532906388,0,0.9312576394570309
-17.81959185396494,0,0.9312576394570309
-17.27085221486072,0,0.9312576394570309
-16.246670525663415,0,0.9312576394570309
-14.796634550389124,0,0.9312576394570309
-13.034658159876852,0,0.9312576394570309
-11.060430674340749,0,0.9312576394570309
-8.94694646296177,0,0.9312576394570309
-6.787577454755849,0,0.9312576394570309
-4.6982628310274865,0,0.9312576394570309
-2.75916714752596,0,0.9312576394570309
-0.9827254179252886,0,0.9312576394570309
0.6246694024937465,0,0.9312576394570309
2.0044351064421253,0,0.9312576394570309
3.0908446809105463,0,0.9312576394570309
3.8795706525718563,0,0.9312576394570309
4.4222775901443985,0,0.9312576394570309
4.771650024400412,0,0.9312576394570309
4.9305738616175425,0,0.9312576394570309
4.896544868560444,0,0.9312576394570309
4.747884114173788,0,0.9312576394570309
4.579889281825374,0,0.9312576394570309
4.405545072238502,0,0.9312576394570309
4.218578589939651,0,0.9312576394570309
4.054577566103394,0,0.9312576394570309
3.9389780449119933,0,0.9312576394570309
3.8694048320935095,0,0.9312576394570309
3.838885455166905,0,0.9312576394570309
3.8522465735518088,0,0.9312576394570309
3.9435233628973467,0,0.9312576394570309
4.119447573627011,0,0.9312576394570309
4.328966054263641,0,0.9312576394570309
4.550957485580788,0,0.9312576394570309
4.830003659792771,0,0.9312576394570309
5.190437576565285,0,0.9312576394570309
5.5757814797133,0,0.9312576394570309
5.935972658208398,0,0.9312576394570309
6.285964315318694,0,0.9312576394570309
6.622685093873976,0,0.9312576394570309
6.910758438563033,0,0.9312576394570309
7.143531079875331,0,0.9312576394570309
7.321553878996369,0,0.9312576394570309
7.427487461357253,0,0.9312576394570309
7.464695086284241,0,0.9312576394570309
7.46015317419215,1,0.9385867358551578
7.426488577981213,0,0.9385867358551578
7.363530991351389,0,0.9385867358551578
7.274423783340013,0,0.9385867358551578
7.160457514007379,0,0.9385867358551578
7.013360245811629,0,0.9385867358551578
6.798878603243464,0,0.9385867358551578
6.472074590902112,0,0.9385867358551578
6.022747548468969,0,0.9385867358551578
5.500094563029519,0,0.9385867358551578
4.979916705352997,0,0.9385867358551578
4.488411867733285,0,0.9385867358551578
4.005100747562982,0,0.9385867358551578
3.513040436878402,0,0.9385867358551578
3.0027933793597366,0,0.9385867358551578
2.4677780697315312,0,0.9385867358551578
1.9036215537844008,0,0.9385867358551578
1.3062196184801234,0,0.9385867358551578
0.6751750544483843,0,0.9385867358551578
0.01137690221859506,0,0.9385867358551578
-0.7198880486623276,0,0.9385867358551578
-1.5993206567152292,0,0.9385867358551578
-2.669097398906939,0,0.9385867358551578
-3.9039246705392388,0,0.9385867358551578
-5.28287309430984,0,0.9385867358551578
-6.782421796780553,0,0.9385867358551578
-8.349154883249502,0,0.9385867358551578
-9.951084322617957,0,0.9385867358551578
-11.574673910301783,0,0.9385867358551578
-13.174018756002718,0,0.9385867358551578
-14.680039912249269,0,0.9385867358551578
-16.020420396168372,0,0.9385867358551578
-17.09197348899079,0,0.9385867358551578
-17.76006566849181,0,0.9385867358551578
-17.92913758315096,0,0.9385867358551578
-17.572920444351176,0,0.9385867358551578
-16.713918576677237,0,0.9385867358551578
-15.426508831450583,0,0.9385867358551578
-13.808473938465635,0,0.9385867358551578
-11.933408025265193,0,0.9385867358551578
-9.859086420690366,0,0.9385867358551578
-7.662985669318969,0,0.9385867358551578
-5.440190646323787,0,0.9385867358551578
-3.269162953615407,0,0.9385867358551578
-1.222470608036631,0,0.9385867358551578
0.6159667511618122,0,0.9385867358551578
2.193276239865228,0,0.9385867358551578
3.501461465882193,0,0.9385867358551578
4.5303071052545985,0,0.9385867358551578
5.253702146350944,0,0.9385867358551578
5.674182404965997,0,0.9385867358551578
5.8446826615629455,0,0.9385867358551578
5.819378724485073,0,0.9385867358551578
5.617282388376385,0,0.9385867358551578
5.268813416290105,0,0.9385867358551578
4.842859778823103,0,0.9385867358551578
4.40704461594909,0,0.9385867358551578
4.001097045984528,0,0.9385867358551578
3.641505606895583,0,0.9385867358551578
3.3581368158276046,0,0.9385867358551578
3.2063002402153153,0,0.9385867358551578
3.2050100520877622,0,0.9385867358551578
3.333247053973847,0,0.9385867358551578
3.5834821061058095,0,0.9385867358551578
3.9507644209943074,0,0.9385867358551578
4.401715507963674,0,0.9385867358551578
4.891956522549728,0,0.9385867358551578
5.403813893676527,0,0.9385867358551578
5.935160070340439,0,0.9385867358551578
6.4575375305576665,0,0.9385867358551578
6.901189667622336,0,0.9385867358551578
7.202313694757985,0,0.9385867358551578
7.36063035497508,0,0.9385867358551578
7.414479906481922,0,0.9385867358551578
7.390752152554684,1,0.9424090279084206
7.315492098792953,0,0.9424090279084206
7.239462507508101,0,0.9424090279084206
7.192784153660189,0,0.9424090279084206
7.15680194719017,0,0.9424090279084206
7.1169400536968945,0,0.9424090279084206
7.052749336688738,0,0.9424090279084206
6.9094095890414815,0,0.9424090279084206
6.666759209775441,0,0.9424090279084206
6.361050766017542,0,0.9424090279084206
6.020060971160824,0,0.9424090279084206
5.638818978770374,0,0.9424090279084206
5.211371163963729,0,0.9424090279084206
4.7499065162187515,0,0.9424090279084206
4.2683522963073335,0,0.9424090279084206
3.7574552485442774,0,0.9424090279084206
3.17865679229745,0,0.9424090279084206
2.4894660652347427,0,0.9424090279084206
1.6581535933917602,0,0.9424090279084206
0.676099391611348,0,0.9424090279084206
-0.44858076185520235,0,0.9424090279084206
-1.7360844214573212,0,0.9424090279084206
-3.2160828671624495,0,0.9424090279084206
-4.874935572927201,0,0.9424090279084206
-6.66825479879382,0,0.9424090279084206
-8.550466709203748,0,0.9424090279084206
-10.460793219785273,0,0.9424090279084206
-12.323148134684669,0,0.9424090279084206
-14.068772752304646,0,0.9424090279084206
-15.59279227962812,0,0.9424090279084206
-16.753623615423525,0,0.9424090279084206
-17.46423255892341,0,0.9424090279084206
-17.693808944362477,0,0.9424090279084206
-17.423841855210654,0,0.9424090279084206
-16.67714388550101,0,0.9424090279084206
-15.513431922956471,0,0.9424090279084206
-13.970757207554472,0,0.9424090279084206
-12.097352305166782,0,0.9424090279084206
-9.999144157380542,0,0.9424090279084206
-7.795972348440998,0,0.9424090279084206
-5.595987601548968,0,0.9424090279084206
-3.486904364048858,0,0.9424090279084206
-1.520111839989582,0,0.9424090279084206
0.24126121869341438,0,0.9424090279084206
1.7153927275871488,0,0.9424090279084206
2.8938769453737487,0,0.9424090279084206
3.8360245120452836,0,0.9424090279084206
4.567208742248214,0,0.9424090279084206
5.0634235801608565,0,0.9424090279084206
5.32706062282453,0,0.9424090279084206
5.4084737852413625,0,0.9424090279084206
5.342068468681068,0,0.9424090279084206
5.160486028318954,0,0.9424090279084206
4.926173981299197,0,0.9424090279084206
4.689378426989885,0,0.9424090279084206
4.484486386863702,0,0.9424090279084206
4.328419333154426,0,0.9424090279084206
4.2092052003039235,0,0.9424090279084206
4.113278282323401,0,0.9424090279084206
4.054034393680207,0,0.9424090279084206
4.064390473528543,0,0.9424090279084206
4.15491816723147,0,0.9424090279084206
4.314748147555731,0,0.9424090279084206
4.541308952210864,0,0.9424090279084206
4.844970400985591,0,0.9424090279084206
5.2253582927038655,0,0.9424090279084206
5.645319090264432,0,0.9424090279084206
6.060556955387573,0,0.9424090279084206
6.436248070229573,0,0.9424090279084206
6.736994790742288,0,0.9424090279084206
6.96027001754484,0,0.9424090279084206
7.137883006755585,0,0.9424090279084206
7.2732603935587035,0,0.9424090279084206
7.346012513177645,0,0.9424090279084206
7.3652645590452925,0,0.9424090279084206
7.340559663544908,1,0.9459136725885882
7.25935758194201,0,0.9459136725885882
7.122056555070004,0,0.9459136725885882
6.944110532050562,0,0.9459136725885882
6.737975843502832,0,0.9459136725885882
6.513663551217318,0,0.9459136725885882
6.292851373430427,0,0.9459136725885882
6.093905035189762,0,0.9459136725885882
5.897631900592354,0,0.9459136725885882
5.6697089712646,0,0.9459136725885882
5.404424899702055,0,0.9459136725885882
5.120401155744907,0,0.9459136725885882
4.838618153329558,0,0.9459136725885882
4.575232498594777,0,0.9459136725885882
4.330171820122179,0,0.9459136725885882
4.079179369401122,0,0.9459136725885882
3.7909764131588064,0,0.9459136725885882
3.456393544232633,0,0.9459136725885882
3.0913065864431046,0,0.9459136725885882
2.7004921331081424,0,0.9459136725885882
2.275480634122527,0,0.9459136725885882
1.8187599836673907,0,0.9459136725885882
1.3045329845101103,0,0.9459136725885882
0.6672126913194137,0,0.9459136725885882
-0.1258397288560914,0,0.9459136725885882
-1.0474816985702537,0,0.9459136725885882
-2.0881640212735597,0,0.9459136725885882
-3.2946532362135,0,0.9459136725885882
-4.682961358219509,0,0.9459136725885882
-6.228097761456434,0,0.9459136725885882
-7.927257470979931,0,0.9459136725885882
-9.762819270168213,0,0.9459136725885882
-11.666064286942088,0,0.9459136725885882
-13.54269610326136,0,0.9459136725885882
-15.285368677110286,0,0.9459136725885882
-16.776818011541568,0,0.9459136725885882
-17.921424802826294,0,0.9459136725885882
-18.665281885778615,0,0.9459136725885882
-18.978695530643527,0,0.9459136725885882
-18.833379690320253,0,0.9459136725885882
-18.21301953115755,0,0.9459136725885882
-17.14754655847554,0,0.9459136725885882
-15.698997740943483,0,0.9459136725885882
-13.942845277926764,0,0.9459136725885882
-11.96419366038909,0,0.9459136725885882
-9.833960152839548,0,0.9459136725885882
-7.624089121917589,0,0.9459136725885882
-5.429398708553714,0,0.9459136725885882
-3.3502342034103476,0,0.9459136725885882
-1.4751507051466768,0,0.9459136725885882
0.1303247096418069,0,0.9459136725885882
1.4339793988029883,0,0.9459136725885882
2.4342753287490395,0,0.9459136725885882
3.1640021223442845,0,0.9459136725885882
3.6804951885135186,0,0.9459136725885882
4.010489744336541,0,0.9459136725885882
4.156823129795947,0,0.9459136725885882
4.160447007837853,0,0.9459136725885882
4.076468973466782,0,0.9459136725885882
3.9292548248639063,0,0.9459136725885882
3.7321998438744544,0,0.9459136725885882
3.5181510897265604,0,0.9459136725885882
3.3333707396968397,0,0.9459136725885882
3.204315321322693,0,0.9459136725885882
3.1373947574094907,0,0.9459136725885882
3.1402931436797243,0,0.9459136725885882
3.2294964050516914,0,0.9459136725885882
3.426799866106658,0,0.9459136725885882
3.7131733873689843,0,0.9459136725885882
4.040679442493297,0,0.9459136725885882
4.412980064409112,0,0.9459136725885882
4.842632084565272,0,0.9459136725885882
5.287345740009756,0,0.9459136725885882
5.700960702854027,0,0.9459136725885882
6.067339752827941,0,0.9459136725885882
6.38494049249787,0,0.9459136725885882
6.649330698623672,0,0.9459136725885882
6.856047698832018,0,0.9459136725885882
7.017625196252561,0,0.9459136725885882
7.1444795610336875,0,0.9459136725885882
7.232138841753465,0,0.9459136725885882
7.267718237462667,0,0.9459136725885882
7.218699431255874,1,0.9495041454689435
7.078362623767255,0,0.9495041454689435
6.8849256096537745,0,0.9495041454689435
6.643069211770755,0,0.9495041454689435
6.340083961494314,0,0.9495041454689435
5.99031915040805,0,0.9495041454689435
5.621647060253957,0,0.9495041454689435
5.285462583088066,0,0.9495041454689435
5.001482933207947,0,0.9495041454689435
4.73431014014344,0,0.9495041454689435
4.470788572671461,0,0.9495041454689435
4.238743045892469,0,0.9495041454689435
4.053640899341628,0,0.9495041454689435
3.881511941878854,0,0.9495041454689435
3.6748755557963277,0,0.9495041454689435
3.4120079540556048,0,0.9495041454689435
3.094891844584582,0,0.9495041454689435
2.739758640987566,0,0.9495041454689435
2.35262443301772,0,0.9495041454689435
1.9151961499917267,0,0.9495041454689435
1.3976039534785314,0,0.9495041454689435
0.7660881589690988,0,0.9495041454689435
-0.016537347326825505,0,0.9495041454689435
-0.977876063947356,0,0.9495041454689435
-2.119159216069339,0,0.9495041454689435
-3.4133745318058426,0,0.9495041454689435
-4.83752717855133,0,0.9495041454689435
-6.413309647351459,0,0.9495041454689435
-8.158425602031066,0,0.9495041454689435
-9.996452612504505,0,0.9495041454689435
-11.816363865888478,0,0.9495041454689435
-13.556714547089781,0,0.9495041454689435
-15.155660161797753,0,0.9495041454689435
-16.525643997179667,0,0.9495041454689435
-17.579549067225205,0,0.9495041454689435
-18.2273786978284,0,0.9495041454689435
-18.38760935415886,0,0.9495041454689435
-18.023374918147123,0,0.9495041454689435
-17.13532899875771,0,0.9495041454689435
-15.759902814831028,0,0.9495041454689435
-14.01172106065196,0,0.9495041454689435
-12.027768739616345,0,0.9495041454689435
-9.88238145545398,0,0.9495041454689435
-7.638877471818565,0,0.9495041454689435
-5.380571202453326,0,0.9495041454689435
-3.1789317287500003,0,0.9495041454689435
-1.1146120907125918,0,0.9495041454689435
0.7220079746492559,0,0.9495041454689435
2.2611640646877116,0,0.9495041454689435
3.4696760297795666,0,0.9495041454689435
4.363716303961951,0,0.9495041454689435
4.987049217859807,0,0.9495041454689435
5.368790885016049,0,0.9495041454689435
5.518354359773614,0,0.9495041454689435
5.463593210391798,0,0.9495041454689435
5.248438357887477,0,0.9495041454689435
4.90652367848454,0,0.9495041454689435
4.500682187355588,0,0.9495041454689435
4.104389855531441,0,0.9495041454689435
3.7411858567535408,0,0.9495041454689435
3.4261910224284358,0,0.9495041454689435
3.1855863182985646,0,0.9495041454689435
3.0289706052806737,0,0.9495041454689435
2.973017168791719,0,0.9495041454689435
3.0396804431973736,0,0.9495041454689435
3.2259825155149473,0,0.9495041454689435
3.5313559884372974,0,0.9495041454689435
3.9626677078744246,0,0.9495041454689435
4.488810654241712,0,0.9495041454689435
5.0604611873864656,0,0.9495041454689435
5.640776049122545,0,0.9495041454689435
6.184235357549922,0,0.9495041454689435
6.648217781248549,0,0.9495041454689435
7.019721660865132,0,0.9495041454689435
7.302726396507926,0,0.9495041454689435
7.495179990310393,0,0.9495041454689435
7.597089749640784,0,0.9495041454689435
7.630209743058704,0,0.9495041454689435
7.619872733473264,1,0.9522852101115998
7.5757097407357445,0,0.9522852101115998
7.500310316342817,0,0.9522852101115998
7.403724535317262,0,0.9522852101115998
7.298130995009565,0,0.9522852101115998
7.184661932415704,0,0.9522852101115998
7.051204633589475,0,0.9522852101115998
6.855911077115409,0,0.9522852101115998
6.564879601788174,0,0.9522852101115998
6.206711031298124,0,0.9522852101115998
5.824146192721945,0,0.9522852101115998
5.445028460813962,0,0.9522852101115998
5.106090863435587,0,0.9522852101115998
4.826195008330266,0,0.9522852101115998
4.58736929984277,0,0.9522852101115998
4.353557925855452,0,0.9522852101115998
4.0932734146188,0,0.9522852101115998
3.7945672400992834,0,0.9522852101115998
3.460537387569636,0,0.9522852101115998
3.0994878713069562,0,0.9522852101115998
2.703681464052666,0,0.9522852101115998
2.255583755139506,0,0.9522852101115998
1.7559168613169536,0,0.9522852101115998
1.186137113748604,0,0.9522852101115998
0.5028266179938059,0,0.9522852101115998
-0.29988262994864023,0,0.9522852101115998
-1.2299627077366293,0,0.9522852101115998
-2.3482690128321884,0,0.9522852101115998
-3.668075774751508,0,0.9522852101115998
-5.108194433061604,0,0.9522852101115998
-6.6152035142644,0,0.9522852101115998
-8.202964146642284,0,0.9522852101115998
-9.870041028468831,0,0.9522852101115998
-11.575666045028088,0,0.9522852101115998
-13.246094915031875,0,0.9522852101115998
-14.790698321719315,0,0.9522852101115998
-16.15565408261257,0,0.9522852101115998
-17.313202692090904,0,0.9522852101115998
-18.178993269541497,0,0.9522852101115998
-18.618861923293434,0,0.9522852101115998
-18.538941507085298,0,0.9522852101115998
-17.918133603023666,0,0.9522852101115998
-16.79874770170176,0,0.9522852101115998
-15.269435563611498,0,0.9522852101115998
-13.417176329063667,0,0.9522852101115998
-11.31115605788267,0,0.9522852101115998
-9.042526149093316,0,0.9522852101115998
-6.7345526206458475,0,0.9522852101115998
-4.51456981915665,0,0.9522852101115998
-2.4620824465818063,0,0.9522852101115998
-0.6081845910217174,0,0.9522852101115998
0.9938405172530512,0,0.9522852101115998
2.3043115194494272,0,0.9522852101115998
3.3408690259995795,0,0.9522852101115998
4.115767094387857,0,0.9522852101115998
4.6283538919473814,0,0.9522852101115998
4.896726378125462,0,0.9522852101115998
4.961905917739992,0,0.9522852101115998
4.873999869461259,0,0.9522852101115998
4.686287756169442,0,0.9522852101115998
4.469183530936034,0,0.9522852101115998
4.280903969805397,0,0.9522852101115998
4.1358862935005565,0,0.9522852101115998
4.016924109236465,0,0.9522852101115998
3.9148785582579357,0,0.9522852101115998
3.864236777177379,0,0.9522852101115998
3.9001997736354053,0,0.9522852101115998
4.019096631977275,0,0.9522852101115998
4.212344030127881,0,0.9522852101115998
4.471130013857788,0,0.9522852101115998
4.774221885868093,0,0.9522852101115998
5.0968150005343595,0,0.9522852101115998
5.425611453374631,0,0.9522852101115998
5.769975091939275,0,0.9522852101115998
6.116282939771524,0,0.9522852101115998
6.442481741785961,0,0.9522852101115998
6.778944719186486,0,0.9522852101115998
7.131369382846217,0,0.9522852101115998
7.43150665372784,0,0.9522852101115998
7.60984694473542,0,0.9522852101115998
7.646720293513377,0,0.9522852101115998
7.5674808074655155,1,0.9547907422317358
7.4099348206659705,0,0.9547907422317358
7.204411343079631,0,0.9547907422317358
6.970365462445665,0,0.9547907422317358
6.72312771534858,0,0.9547907422317358
6.481866443519453,0,0.9547907422317358
6.251027344040261,0,0.9547907422317358
6.010342742491106,0,0.9547907422317358
5.754887588988835,0,0.9547907422317358
5.5163116295701755,0,0.9547907422317358
5.321406072996739,0,0.9547907422317358
5.160419454044414,0,0.9547907422317358
4.9988601471100065,0,0.9547907422317358
4.789783861061584,0,0.9547907422317358
4.495782014885034,0,0.9547907422317358
4.136072720660465,0,0.9547907422317358
3.764254953407507,0,0.9547907422317358
3.3852681246771525,0,0.9547907422317358
2.977788935120073,0,0.9547907422317358
2.5745971189620116,0,0.9547907422317358
2.229180818704411,0,0.9547907422317358
1.9425410296878376,0,0.9547907422317358
1.6663767329120336,0,0.9547907422317358
1.3577633630999366,0,0.9547907422317358
1.009853607556452,0,0.9547907422317358
0.6080613192016425,0,0.9547907422317358
0.11171407549136211,0,0.9547907422317358
-0.5038858706731084,0,0.9547907422317358
-1.2669512847605437,0,0.9547907422317358
-2.2138228932258506,0,0.9547907422317358
-3.352742498196184,0,0.9547907422317358
-4.682678810911359,0,0.9547907422317358
-6.185864731535352,0,0.9547907422317358
-7.846339861246409,0,0.9547907422317358
-9.662790064591267,0,0.9547907422317358
-11.551534172309966,0,0.9547907422317358
-13.364628384154134,0,0.9547907422317358
-15.00063629301249,0,0.9547907422317358
-16.40241699646311,0,0.9547907422317358
-17.536284909303344,0,0.9547907422317358
-18.364404366316755,0,0.9547907422317358
-18.79172663058472,0,0.9547907422317358
-18.722515895062514,0,0.9547907422317358
-18.13363179721204,0,0.9547907422317358
-17.067498077900794,0,0.9547907422317358
-15.623989024095446,0,0.9547907422317358
-13.901233425600344,0,0.9547907422317358
-11.948507287888527,0,0.9547907422317358
-9.814336069066009,0,0.9547907422317358
-7.574520607170989,0,0.9547907422317358
-5.338236222905554,0,0.9547907422317358
-3.224996933948182,0,0.9547907422317358
-1.3086355790157198,0,0.9547907422317358
0.3721861086998526,0,0.9547907422317358
1.7859430212804992,0,0.9547907422317358
2.9232626567477316,0,0.9547907422317358
3.7965388131210194,0,0.9547907422317358
4.41068644403753,0,0.9547907422317358
4.749985653267722,0,0.9547907422317358
4.829526419758777,0,0.9547907422317358
4.727261578385477,0,0.9547907422317358
4.504080226137777,0,0.9547907422317358
4.180952699094141,0,0.9547907422317358
3.7944680661235504,0,0.9547907422317358
3.3811613255211688,0,0.9547907422317358
2.9722119800957056,0,0.9547907422317358
2.624510534330256,0,0.9547907422317358
2.4081735898728027,0,0.9547907422317358
2.367788933636996,0,0.9547907422317358
2.4892186365598246,0,0.9547907422317358
2.724374558714307,0,0.9547907422317358
3.061598892229933,0,0.9547907422317358
3.5129265010772506,0,0.9547907422317358
4.048108940599136,0,0.9547907422317358
4.619659220476394,0,0.9547907422317358
5.201992466809497,0,0.9547907422317358
5.752614923718541,0,0.9547907422317358
6.227374277682302,0,0.9547907422317358
6.648258711846055,0,0.9547907422317358
7.057686868796605,0,0.9547907422317358
7.436576142293924,0,0.9547907422317358
7.749752605007709,0,0.9547907422317358
8.000565492606219,0,0.9547907422317358
8.17750639962042,0,0.9547907422317358
8.239269063143933,0,0.9547907422317358
8.175022397403376,1,0.9567339071008819
8.026424040641242,0,0.9567339071008819
7.846553723628111,0,0.9567339071008819
7.664097894111017,0,0.9567339071008819
7.491742216685451,0,0.9567339071008819
7.311055840839482,0,0.9567339071008819
7.0910362728727785,0,0.9567339071008819
6.844957221729216,0,0.9567339071008819
6.6056221713274255,0,0.9567339071008819
6.382081040968334,0,0.9567339071008819
6.162933217581397,0,0.9567339071008819
5.945889095788388,0,0.9567339071008819
5.723859918292985,0,0.9567339071008819
5.454934172948578,0,0.9567339071008819
5.11403524807296,0,0.9567339071008819
4.697589952762322,0,0.9567339071008819
4.1926836508535885,0,0.9567339071008819
3.6068793578679843,0,0.9567339071008819
2.9816686772824994,0,0.9567339071008819
2.3525426032612047,0,0.9567339071008819
1.7044915912755991,0,0.9567339071008819
1.020184325788063,0,0.9567339071008819
0.2966084148741438,0,0.9567339071008819
-0.5124320133125488,0,0.9567339071008819
-1.4667240749711599,0,0.9567339071008819
-2.5996619587954575,0,0.9567339071008819
-3.92040531985546,0,0.9567339071008819
-5.407010086741964,0,0.9567339071008819
-7.02262853437595,0,0.9567339071008819
-8.739083944277596,0,0.9567339071008819
-10.520799426868281,0,0.9567339071008819
-12.304845895439886,0,0.9567339071008819
-14.01987448399614,0,0.9567339071008819
-15.606981124850837,0,0.9567339071008819
-17.003229673503526,0,0.9567339071008819
-18.121213051669887,0,0.9567339071008819
-18.853277388937958,0,0.9567339071008819
-19.09901928603688,0,0.9567339071008819
-18.81581451863622,0,0.9567339071008819
-18.019169570528657,0,0.9567339071008819
-16.738353687073033,0,0.9567339071008819
-15.032199846368702,0,0.9567339071008819
-13.009406233321512,0,0.9567339071008819
-10.796054804701837,0,0.9567339071008819
-8.506785677327388,0,0.9567339071008819
-6.229145014711709,0,0.9567339071008819
-4.027902903084661,0,0.9567339071008819
-1.972022113937691,0,0.9567339071008819
-0.12914531203882126,0,0.9567339071008819
1.4590841406803579,0,0.9567339071008819
2.763357686807461,0,0.9567339071008819
3.7787371626593433,0,0.9567339071008819
4.525330467609487,0,0.9567339071008819
5.000574055179683,0,0.9567339071008819
5.220453211651263,0,0.9567339071008819
5.258078211747182,0,0.9567339071008819
5.177517728884328,0,0.9567339071008819
5.003725189935162,0,0.9567339071008819
4.7570078861841,0,0.9567339071008819
4.465455481072882,0,0.9567339071008819
4.147507164395912,0,0.9567339071008819
3.832672146371172,0,0.9567339071008819
3.5850745754320483,0,0.9567339071008819
3.437315487153291,0,0.9567339071008819
3.3832547098455223,0,0.9567339071008819
3.432976809348822,0,0.9567339071008819
3.5768806728038918,0,0.9567339071008819
3.7890974238396775,0,0.9567339071008819
4.07145525385219,0,0.9567339071008819
4.425300460090135,0,0.9567339071008819
4.834149739050687,0,0.9567339071008819
5.282201222556973,0,0.9567339071008819
5.749137918554478,0,0.9567339071008819
6.192123785533424,0,0.9567339071008819
6.573625578154785,0,0.9567339071008819
6.900660854207439,0,0.9567339071008819
7.181574583317029,0,0.9567339071008819
7.385262027120935,0,0.9567339071008819
7.49569610697331,0,0.9567339071008819
7.539789477071868,0,0.9567339071008819
7.519406138987147,1,0.9585833011673517
7.400161386735319,0,0.9585833011673517
7.194340799961558,0,0.9585833011673517
6.964160765179373,0,0.9585833011673517
6.746981159090816,0,0.9585833011673517
6.531452066064082,0,0.9585833011673517
6.279735161148675,0,0.9585833011673517
5.969995030636213,0,0.9585833011673517
5.63333659137688,0,0.9585833011673517
5.317854503201656,0,0.9585833011673517
5.033188386404536,0,0.9585833011673517
4.748477403309553,0,0.9585833011673517
4.432558068775724,0,0.9585833011673517
4.077608351082584,0,0.9585833011673517
3.682697885706429,0,0.9585833011673517
3.231155987997201,0,0.9585833011673517
2.665846220645771,0,0.9585833011673517
1.954897341007086,0,0.9585833011673517
1.1579788040223504,0,0.9585833011673517
0.3096828441472512,0,0.9585833011673517
-0.6709299410131712,0,0.9585833011673517
-1.883781528626092,0,0.9585833011673517
-3.3482739476844925,0,0.9585833011673517
-5.014063756498203,0,0.9585833011673517
-6.814156189745436,0,0.9585833011673517
-8.694067012550526,0,0.9585833011673517
-10.596743713823855,0,0.9585833011673517
-12.43743491043709,0,0.9585833011673517
-14.124293566936595,0,0.9585833011673517
-15.575507541457375,0,0.9585833011673517
-16.699719296916303,0,0.9585833011673517
-17.43334509015321,0,0.9585833011673517
-17.752733408788718,0,0.9585833011673517
-17.623691136371477,0,0.9585833011673517
-17.018176678246437,0,0.9585833011673517
-15.930722474474592,0,0.9585833011673517
-14.399313727406714,0,0.9585833011673517
-12.527082003236144,0,0.9585833011673517
-10.429706942951004,0,0.9585833011673517
-8.227780236163392,0,0.9585833011673517
-6.047190583594905,0,0.9585833011673517
-3.9547539141876875,0,0.9585833011673517
-1.9707138999644411,0,0.9585833011673517
-0.15121417877760954,0,0.9585833011673517
1.4260933943244443,0,0.9585833011673517
2.7514904251255667,0,0.9585833011673517
3.849308265907993,0,0.9585833011673517
4.688161170109561,0,0.9585833011673517
5.220514182646138,0,0.9585833011673517
5.439251855947233,0,0.9585833011673517
5.388643508864176,0,0.9585833011673517
5.158811461298381,0,0.9585833011673517
4.834016153897013,0,0.9585833011673517
4.468928937721395,0,0.9585833011673517
4.108102150994571,0,0.9585833011673517
3.7713194678439903,0,0.9585833011673517
3.472739956258982,0,0.9585833011673517
3.264603318102842,0,0.9585833011673517
3.185373497965414,0,0.9585833011673517
3.23048692044615,0,0.9585833011673517
3.3956292547711584,0,0.9585833011673517
3.674005823747723,0,0.9585833011673517
4.018041881050836,0,0.9585833011673517
4.360305758441872,0,0.9585833011673517
4.693784579528793,0,0.9585833011673517
5.063375415671685,0,0.9585833011673517
5.4748195816364555,0,0.9585833011673517
5.892999210596544,0,0.9585833011673517
6.300326932795066,0,0.9585833011673517
6.691389010502745,0,0.9585833011673517
7.045215239753564,0,0.9585833011673517
7.328079213607129,0,0.9585833011673517
7.514935451622945,0,0.9585833011673517
7.601511431906264,0,0.9585833011673517
7.601695250331954,0,0.9585833011673517
7.549533800782357,1,0.959727315916479
7.457989441124993,0,0.959727315916479
7.312751596926867,0,0.959727315916479
7.133492312898162,0,0.959727315916479
6.934893962279196,0,0.959727315916479
6.666151520127659,0,0.959727315916479
6.28885446284669,0,0.959727315916479
5.853006836138631,0,0.959727315916479
5.417276479678952,0,0.959727315916479
4.966181366629788,0,0.959727315916479
4.46470551362485,0,0.959727315916479
3.906957003809142,0,0.959727315916479
3.2726491089908696,0,0.959727315916479
2.520187687786133,0,0.959727315916479
1.6314150085201402,0,0.959727315916479
0.5700308402757417,0,0.959727315916479
-0.733208366760673,0,0.959727315916479
-2.2758502379385805,0,0.959727315916479
-3.989347220223029,0,0.959727315916479
-5.839128103052961,0,0.959727315916479
-7.789365305975528,0,0.959727315916479
-9.75017537578747,0,0.959727315916479
-11.630985893178622,0,0.959727315916479
-13.340970795209506,0,0.959727315916479
-14.771817528733033,0,0.959727315916479
-15.843805556963193,0,0.959727315916479
-16.507541989976602,0,0.959727315916479
-16.732987014710815,0,0.959727315916479
-16.526748791961776,0,0.959727315916479
-15.89964015701601,0,0.959727315916479
-14.840328112000845,0,0.959727315916479
-13.38390938020242,0,0.959727315916479
-11.635119994083572,0,0.959727315916479
-9.680890754615746,0,0.959727315916479
-7.58632449333183,0,0.959727315916479
-5.449246186200179,0,0.959727315916479
-3.3435079813162814,0,0.959727315916479
-1.3182215067797507,0,0.959727315916479
0.5166612366230182,0,0.959727315916479
2.0608090242868657,0,0.959727315916479
3.3149073413175953,0,0.959727315916479
4.3186477468127755,0,0.959727315916479
5.084774651095282,0,0.959727315916479
5.593623330478854,0,0.959727315916479
5.814699193731961,0,0.959727315916479
5.774369945489782,0,0.959727315916479
5.559078684681251,0,0.959727315916479
5.229539096187276,0,0.959727315916479
4.8262532388104615,0,0.959727315916479
4.423006080342195,0,0.959727315916479
4.105218389286166,0,0.959727315916479
3.9158000388525855,0,0.959727315916479
3.8437711954394214,0,0.959727315916479
3.8631455172287543,0,0.959727315916479
3.949019331008544,0,0.959727315916479
4.083488884272193,0,0.959727315916479
4.268906233919661,0,0.959727315916479
4.493091399773653,0,0.959727315916479
4.73191001271611,0,0.959727315916479
4.9934951185227705,0,0.959727315916479
5.2954239870155755,0,0.959727315916479
5.641691835944543,0,0.959727315916479
6.02533828182396,0,0.959727315916479
6.428411350279081,0,0.959727315916479
6.812219620087974,0,0.959727315916479
7.129145960349573,0,0.959727315916479
7.379724927855515,0,0.959727315916479
7.584107150036352,0,0.959727315916479
7.714900606905624,0,0.959727315916479
7.7296194272375685,0,0.959727315916479
7.627138274094624,1,0.959774641925049
7.446888771233632,0,0.959774641925049
7.237123670189802,0,0.959774641925049
7.020982766994052,0,0.959774641925049
6.791793369340005,0,0.959774641925049
6.55651237835028,0,0.959774641925049
6.34246285751684,0,0.959774641925049
6.1583236211887105,0,0.959774641925049
5.96854116570384,0,0.959774641925049
5.710584593143006,0,0.959774641925049
5.3593947453750195,0,0.959774641925049
4.951413154281292,0,0.959774641925049
4.544374534737437,0,0.959774641925049
4.167573454836641,0,0.959774641925049
3.822581350669563,0,0.959774641925049
3.5267337038585738,0,0.959774641925049
3.2789842750598197,0,0.959774641925049
3.003541361231886,0,0.959774641925049
2.6292442615693377,0,0.959774641925049
2.18100200003385,0,0.959774641925049
1.7126312523033005,0,0.959774641925049
1.2329937155922213,0,0.959774641925049
0.7374471825153143,0,0.959774641925049
0.2115655803883078,0,0.959774641925049
-0.37875522770743997,0,0.959774641925049
-1.0585570456205011,0,0.959774641925049
-1.8602655155491041,0,0.959774641925049
-2.8395885857397065,0,0.959774641925049
-4.026466306218249,0,0.959774641925049
-5.401299209082554,0,0.959774641925049
-6.943897112387722,0,0.959774641925049
-8.657282083367116,0,0.959774641925049
-10.513515815367414,0,0.959774641925049
-12.428939298447258,0,0.959774641925049
-14.279292502966436,0,0.959774641925049
-15.935499855341059,0,0.959774641925049
-17.31734324893902,0,0.959774641925049
-18.37463439475015,0,0.959774641925049
-19.06619507131453,0,0.959774641925049
-19.33853132163146,0,0.959774641925049
-19.11831222947716,0,0.959774641925049
-18.41726179021495,0,0.959774641925049
-17.315492196963326,0,0.959774641925049
-15.835866216341246,0,0.959774641925049
-14.01668629666315,0,0.959774641925049
-11.97305322305857,0,0.959774641925049
-9.800136394630892,0,0.959774641925049
-7.577960595658226,0,0.959774641925049
-5.400594318978749,0,0.959774641925049
-3.3377406657934143,0,0.959774641925049
-1.449228548079872,0,0.959774641925049
0.2058466432651444,0,0.959774641925049
1.5962397674637114,0,0.959774641925049
2.7106977548511604,0,0.959774641925049
3.5399874823648685,0,0.959774641925049
4.102136156829341,0,0.959774641925049
4.424677316091791,0,0.959774641925049
4.523509389039045,0,0.959774641925049
4.467215156807342,0,0.959774641925049
4.327456025833279,0,0.959774641925049
4.098897877580909,0,0.959774641925049
3.8033516140781396,0,0.959774641925049
3.5113236201033162,0,0.959774641925049
3.2426208856971823,0,0.959774641925049
2.999490506411887,0,0.959774641925049
2.8299598374050023,0,0.959774641925049
2.7872215707565546,0,0.959774641925049
2.870071082437802,0,0.959774641925049
3.044331883360759,0,0.959774641925049
3.3008009697770166,0,0.959774641925049
3.648368015475306,0,0.959774641925049
4.061945986730619,0,0.959774641925049
4.469312738173732,0,0.959774641925049
4.824111367653129,0,0.959774641925049
5.149467611636393,0,0.959774641925049
5.479410229405038,0,0.959774641925049
5.819636029633265,0,0.959774641925049
6.156815505760475,0,0.959774641925049
6.46736798559519,0,0.959774641925049
6.7281571445838,0,0.959774641925049
6.934465266429677,0,0.959774641925049
7.107935836475081,0,0.959774641925049
7.2694054187328465,0,0.959774641925049
7.399706837093616,0,0.959774641925049
7.467756259058732,0,0.959774641925049
7.470413200617996,0,0.959774641925049
7.404091510646587,1,0.9607785347986751
7.274135325628712,0,0.9607785347986751
7.09972634017611,0,0.9607785347986751
6.89447528157175,0,0.9607785347986751
6.6746848405583235,0,0.9607785347986751
6.42005712169973,0,0.9607785347986751
6.098158810373669,0,0.9607785347986751
5.734678845228414,0,0.9607785347986751
5.367167015080649,0,0.9607785347986751
4.999981904190823,0,0.9607785347986751
4.643141890059633,0,0.9607785347986751
4.300718765498386,0,0.9607785347986751
3.942843643366257,0,0.9607785347986751
3.5497167290523337,0,0.9607785347986751
3.125449350460876,0,0.9607785347986751
2.671199427375677,0,0.9607785347986751
2.1755859680100444,0,0.9607785347986751
1.6405755374841868,0,0.9607785347986751
1.082431266957035,0,0.9607785347986751
0.4874334085575553,0,0.9607785347986751
-0.1766846267506353,0,0.9607785347986751
-0.9291353708855302,0,0.9607785347986751
-1.8070000699963265,0,0.9607785347986751
-2.871832015143836,0,0.9607785347986751
-4.156145716907866,0,0.9607785347986751
-5.652573618891188,0,0.9607785347986751
-7.317654769178907,0,0.9607785347986751
-9.077775940963624,0,0.9607785347986751
-10.856421359722106,0,0.9607785347986751
-12.584285181646324,0,0.9607785347986751
-14.227725269749328,0,0.9607785347986751
-15.761136848230077,0,0.9607785347986751
-17.083944887487764,0,0.9607785347986751
-18.05200212208058,0,0.9607785347986751
-18.578999734266283,0,0.9607785347986751
-18.647268550417184,0,0.9607785347986751
-18.24086185844232,0,0.9607785347986751
-17.336732447571638,0,0.9607785347986751
-15.950589743658906,0,0.9607785347986751
-14.14327070955814,0,0.9607785347986751
-12.02203787506455,0,0.9607785347986751
-9.737659725665146,0,0.9607785347986751
-7.42423982725923,0,0.9607785347986751
-5.168447151943489,0,0.9607785347986751
-3.04288688088104,0,0.9607785347986751
-1.0928014847472876,0,0.9607785347986751
0.6795359678418699,0,0.9607785347986751
2.247662663086778,0,0.9607785347986751
3.5270926809884178,0,0.9607785347986751
4.45601540327839,0,0.9607785347986751
5.065933062253109,0,0.9607785347986751
5.416080917252715,0,0.9607785347986751
5.5310009610831035,0,0.9607785347986751
5.449304630254067,0,0.9607785347986751
5.234857435793811,0,0.9607785347986751
4.932942594966896,0,0.9607785347986751
4.565977776029365,0,0.9607785347986751
4.1531918849250715,0,0.9607785347986751
3.7364128508975973,0,0.9607785347986751
3.385468375616768,0,0.9607785347986751
3.1465970587982373,0,0.9607785347986751
3.022716309251048,0,0.9607785347986751
3.028886491098082,0,0.9607785347986751
3.1904422035786157,0,0.9607785347986751
3.474396486834709,0,0.9607785347986751
3.810360765724737,0,0.9607785347986751
4.1615816993039685,0,0.9607785347986751
4.529110609345083,0,0.9607785347986751
4.9223026538910535,0,0.9607785347986751
5.344562512927181,0,0.9607785347986751
5.801985360871962,0,0.9607785347986751
6.269631131649275,0,0.9607785347986751
6.682537859470568,0,0.9607785347986751
7.014273302246429,0,0.9607785347986751
7.273933504962606,0,0.9607785347986751
7.460889463596759,0,0.9607785347986751
7.580569432673321,0,0.9607785347986751
7.61787210811339,0,0.9607785347986751
7.535517925041079,1,0.9619682704464338
7.346800061243687,0,0.9619682704464338
7.120537741687754,0,0.9619682704464338
6.903928684558843,0,0.9619682704464338
6.673364774758135,0,0.9619682704464338
6.388178275353752,0,0.9619682704464338
6.058309670613592,0,0.9619682704464338
5.72280394594872,0,0.9619682704464338
5.400649819550014,0,0.9619682704464338
5.103235027607942,0,0.9619682704464338
4.844379183583173,0,0.9619682704464338
4.597156482864279,0,0.9619682704464338
4.318855210253509,0,0.9619682704464338
4.002318279667273,0,0.9619682704464338
3.650708516234013,0,0.9619682704464338
3.256361068672309,0,0.9619682704464338
2.8143214812430175,0,0.9619682704464338
2.3258428166457286,0,0.9619682704464338
1.7761525692301172,0,0.9619682704464338
1.121111429824571,0,0.9619682704464338
0.3303171060162372,0,0.9619682704464338
-0.602129141344629,0,0.9619682704464338
-1.7066940060305034,0,0.9619682704464338
-3.019321970492575,0,0.9619682704464338
-4.534506713642888,0,0.9619682704464338
-6.214325665938947,0,0.9619682704464338
-8.013489593938221,0,0.9619682704464338
-9.884369774404293,0,0.9619682704464338
-11.759597857645165,0,0.9619682704464338
-13.535254184112969,0,0.9619682704464338
-15.095157226787002,0,0.9619682704464338
-16.35986211035688,0,0.9619682704464338
-17.263758534208595,0,0.9619682704464338
-17.71410941163834,0,0.9619682704464338
-17.64285473318349,0,0.9619682704464338
-17.060955479773323,0,0.9619682704464338
-16.032159525583932,0,0.9619682704464338
-14.600551263673596,0,0.9619682704464338
-12.787789933893546,0,0.9619682704464338
-10.675253881381467,0,0.9619682704464338
-8.411310993325928,0,0.9619682704464338
-6.142588473987455,0,0.9619682704464338
-3.9720189137759436,0,0.9619682704464338
-1.9597209004191973,0,0.9619682704464338
-0.13499587889871856,0,0.9619682704464338
1.4899281516935243,0,0.9619682704464338
2.878321991682267,0,0.9619682704464338
3.9678445119144223,0,0.9619682704464338
4.745478755152836,0,0.9619682704464338
5.2633825832917,0,0.9619682704464338
5.57977556167119,0,0.9619682704464338
5.729257798267961,0,0.9619682704464338
5.716477499177109,0,0.9619682704464338
5.544984680975762,0,0.9619682704464338
5.254007675962692,0,0.9619682704464338
4.892526384544847,0,0.9619682704464338
4.497726557389342,0,0.9619682704464338
4.125262571962564,0,0.9619682704464338
3.836945139969237,0,0.9619682704464338
3.65502296377613,0,0.9619682704464338
3.5764429685251664,0,0.9619682704464338
3.5965678054035846,0,0.9619682704464338
3.6965339110499267,0,0.9619682704464338
3.8462927353771623,0,0.9619682704464338
4.047046851699665,0,0.9619682704464338
4.310541613080604,0,0.9619682704464338
4.610772476470947,0,0.9619682704464338
4.930345564480779,0,0.9619682704464338
5.28109587615767,0,0.9619682704464338
5.667944148778193,0,0.9619682704464338
6.096130100598179,0,0.9619682704464338
6.543518402770554,0,0.9619682704464338
6.929690904043116,0,0.9619682704464338
7.199106228892072,0,0.9619682704464338
7.356229612801065,0,0.9619682704464338
7.414833732602597,0,0.9619682704464338
7.387365035077794,1,0.9629067294080702
7.28960154395047,0,0.9629067294080702
7.138607372041506,0,0.9629067294080702
6.94457382869916,0,0.9629067294080702
6.701831412508641,0,0.9629067294080702
6.401507401881864,0,0.9629067294080702
6.050620869846429,0,0.9629067294080702
5.665757022546143,0,0.9629067294080702
5.279673107341943,0,0.9629067294080702
4.919767469404165,0,0.9629067294080702
4.572475975845244,0,0.9629067294080702
4.250824379410933,0,0.9629067294080702
3.9937888430061337,0,0.9629067294080702
3.783959800069621,0,0.9629067294080702
3.589979164605399,0,0.9629067294080702
3.406285268530475,0,0.9629067294080702
3.198998093739823,0,0.9629067294080702
2.933370127441952,0,0.9629067294080702
2.63719101967307,0,0.9629067294080702
2.3277206388114857,0,0.9629067294080702
1.9669359992398023,0,0.9629067294080702
1.524114453821125,0,0.9629067294080702
0.9849678466129274,0,0.9629067294080702
0.3393917186343157,0,0.9629067294080702
-0.42309151884530255,0,0.9629067294080702
-1.3264405616693526,0,0.9629067294080702
-2.406700408023605,0,0.9629067294080702
-3.704263585162523,0,0.9629067294080702
-5.227815186871242,0,0.9629067294080702
-6.951316151079606,0,0.9629067294080702
-8.827372876991276,0,0.9629067294080702
-10.760666331907926,0,0.9629067294080702
-12.641808072581759,0,0.9629067294080702
-14.400616598733299,0,0.9629067294080702
-15.946804108741027,0,0.9629067294080702
-17.150866975869597,0,0.9629067294080702
-17.9609353555791,0,0.9629067294080702
-18.376053185867814,0,0.9629067294080702
-18.351159272060265,0,0.9629067294080702
-17.869563151877365,0,0.9629067294080702
-16.959868229542714,0,0.9629067294080702
-15.642118854433473,0,0.9629067294080702
-13.964692878410268,0,0.9629067294080702
-12.028379321270338,0,0.9629067294080702
-9.944929335653935,0,0.9629067294080702
-7.8031837525148235,0,0.9629067294080702
-5.671619264926932,0,0.9629067294080702
-3.623801624717129,0,0.9629067294080702
-1.7480480810578842,0,0.9629067294080702
-0.11522531708668149,0,0.9629067294080702
1.2513393710133436,0,0.9629067294080702
2.3627799117313946,0,0.9629067294080702
3.2398222426939634,0,0.9629067294080702
3.894215107198619,0,0.9629067294080702
4.318420629014378,0,0.9629067294080702
4.52235409441507,0,0.9629067294080702
4.5495159264704865,0,0.9629067294080702
4.440238216695545,0,0.9629067294080702
4.2482582227334245,0,0.9629067294080702
4.052194654577216,0,0.9629067294080702
3.899749542618089,0,0.9629067294080702
3.7953058194229516,0,0.9629067294080702
3.7460953418882004,0,0.9629067294080702
3.758625782707307,0,0.9629067294080702
3.817147634704544,0,0.9629067294080702
3.9183938789870747,0,0.9629067294080702
4.065297822868009,0,0.9629067294080702
4.246611815853149,0,0.9629067294080702
4.464606825743438,0,0.9629067294080702
4.71426362491303,0,0.9629067294080702
4.975360972179191,0,0.9629067294080702
5.269944680620004,0,0.9629067294080702
5.641003456253248,0,0.9629067294080702
6.075441491294613,0,0.9629067294080702
6.5246186199927445,0,0.9629067294080702
6.946648855907653,0,0.9629067294080702
7.308425290349695,0,0.9629067294080702
7.597713332446659,0,0.9629067294080702
7.802432352389371,0,0.9629067294080702
7.925453405135475,0,0.9629067294080702
7.995639592287089,0,0.9629067294080702
7.98279993653298,1,0.9639605537409948
7.829360084123795,0,0.9639605537409948
7.554812177625679,0,0.9639605537409948
7.212548327947518,0,0.9639605537409948
6.834062956448975,0,0.9639605537409948
6.449709498976404,0,0.9639605537409948
6.081731277252825,0,0.9639605537409948
5.722754969686526,0,0.9639605537409948
5.363126813434062,0,0.9639605537409948
5.03430141532638,0,0.9639605537409948
4.775205394762557,0,0.9639605537409948
4.561738315254739,0,0.9639605537409948
4.332493203985385,0,0.9639605537409948
4.043117650014384,0,0.9639605537409948
3.6611690390947085,0,0.9639605537409948
3.1691039786407567,0,0.9639605537409948
2.6000992547950346,0,0.9639605537409948
1.9991590845039449,0,0.9639605537409948
1.3528353438738066,0,0.9639605537409948
0.6325071991183204,0,0.9639605537409948
-0.1904511237164615,0,0.9639605537409948
-1.1764128144655488,0,0.9639605537409948
-2.352595890546588,0,0.9639605537409948
-3.6990343094271374,0,0.9639605537409948
-5.2117599637865935,0,0.9639605537409948
-6.875296485969123,0,0.9639605537409948
-8.63260054520226,0,0.9639605537409948
-10.426331723763594,0,0.9639605537409948
-12.199481690453366,0,0.9639605537409948
-13.866726926465656,0,0.9639605537409948
-15.334738055503923,0,0.9639605537409948
-16.54030567857387,0,0.9639605537409948
-17.4297852266733,0,0.9639605537409948
-17.93449839520135,0,0.9639605537409948
-18.005690312014966,0,0.9639605537409948
-17.623820673727526,0,0.9639605537409948
-16.777784448962812,0,0.9639605537409948
-15.471759537912288,0,0.9639605537409948
-13.772454867640764,0,0.9639605537409948
-11.813558474518759,0,0.9639605537409948
-9.700118759962361,0,0.9639605537409948
-7.4954766975275655,0,0.9639605537409948
-5.294135383828836,0,0.9639605537409948
-3.21513370331049,0,0.9639605537409948
-1.3608626098417882,0,0.9639605537409948
0.22308360236677238,0,0.9639605537409948
1.5633823262895885,0,0.9639605537409948
2.673743334630541,0,0.9639605537409948
3.505963020786434,0,0.9639605537409948
4.042845723038753,0,0.9639605537409948
4.348716551291097,0,0.9639605537409948
4.5108420873273,0,0.9639605537409948
4.584182144075182,0,0.9639605537409948
4.574744743356421,0,0.9639605537409948
4.464647011992826,0,0.9639605537409948
4.273245938478586,0,0.9639605537409948
4.064954070319377,0,0.9639605537409948
3.877536807878424,0,0.9639605537409948
3.710353222055751,0,0.9639605537409948
3.5821502329615242,0,0.9639605537409948
3.5393755767999227,0,0.9639605537409948
3.624311510888299,0,0.9639605537409948
3.852246695964228,0,0.9639605537409948
4.209202462974259,0,0.9639605537409948
4.648622129871509,0,0.9639605537409948
5.106465653871967,0,0.9639605537409948
5.5592736258502775,0,0.9639605537409948
6.0237272450620125,0,0.9639605537409948
6.494585150209924,0,0.9639605537409948
6.947741545636187,0,0.9639605537409948
7.370687637745137,0,0.9639605537409948
7.733775600726115,0,0.9639605537409948
8.001423938026413,0,0.9639605537409948
8.18602888986959,0,0.9639605537409948
8.30745664074575,0,0.9639605537409948
8.352585165952615,0,0.9639605537409948
8.311234787406395,1,0.9647500354610108
8.179777947356087,0,0.9647500354610108
7.96257296281286,0,0.9647500354610108
7.676848663890813,0,0.9647500354610108
7.335521090033612,0,0.9647500354610108
6.974247007543325,0,0.9647500354610108
6.637814169031936,0,0.9647500354610108
6.318591052937992,0,0.9647500354610108
5.9864267157853615,0,0.9647500354610108
5.637148957414688,0,0.9647500354610108
5.295801240278268,0,0.9647500354610108
4.998945076532928,0,0.9647500354610108
4.727609234667656,0,0.9647500354610108
4.42658763366551,0,0.9647500354610108
4.094550196954417,0,0.9647500354610108
3.750165824918247,0,0.9647500354610108
3.366027743807273,0,0.9647500354610108
2.9050595408195905,0,0.9647500354610108
2.390264994262367,0,0.9647500354610108
1.865222965443278,0,0.9647500354610108
1.3114555248180364,0,0.9647500354610108
0.6751994129911848,0,0.9647500354610108
-0.093311953830606,0,0.9647500354610108
-1.036951092597054,0,0.9647500354610108
-2.1838020012789485,0,0.9647500354610108
-3.5499531023192477,0,0.9647500354610108
-5.1250045450922395,0,0.9647500354610108
-6.868735459200441,0,0.9647500354610108
-8.726874994470815,0,0.9647500354610108
-10.618335968007873,0,0.9647500354610108
-12.444918761298215,0,0.9647500354610108
-14.12785954416226,0,0.9647500354610108
-15.59964532330054,0,0.9647500354610108
-16.780973029421297,0,0.9647500354610108
-17.58778936742353,0,0.9647500354610108
-17.97290781413065,0,0.9647500354610108
-17.932362188206472,0,0.9647500354610108
-17.4461655720208,0,0.9647500354610108
-16.488758448706125,0,0.9647500354610108
-15.073980164731708,0,0.9647500354610108
-13.270995996009104,0,0.9647500354610108
-11.210498801595017,0,0.9647500354610108
-9.032025371930153,0,0.9647500354610108
-6.838137544917528,0,0.9647500354610108
-4.701153939511527,0,0.9647500354610108
-2.6814466653412365,0,0.9647500354610108
-0.8384361447057774,0,0.9647500354610108
0.7515567514126508,0,0.9647500354610108
2.016895982928285,0,0.9647500354610108
2.9688127786582683,0,0.9647500354610108
3.67794952695093,0,0.9647500354610108
4.177987558131727,0,0.9647500354610108
4.465374226157032,0,0.9647500354610108
4.547373360388754,0,0.9647500354610108
4.467070661213355,0,0.9647500354610108
4.309119805475762,0,0.9647500354610108
4.150937417368397,0,0.9647500354610108
3.9969864147465457,0,0.9647500354610108
3.8182606022055854,0,0.9647500354610108
3.6315438550437746,0,0.9647500354610108
3.4838942673291164,0,0.9647500354610108
3.4205124760228993,0,0.9647500354610108
3.45914424006206,0,0.9647500354610108
3.5589802691197683,0,0.9647500354610108
3.6800474696848156,0,0.9647500354610108
3.8321046511947334,0,0.9647500354610108
4.025002768710126,0,0.9647500354610108
4.241447880207348,0,0.9647500354610108
4.477941327626381,0,0.9647500354610108
4.760706493531595,0,0.9647500354610108
5.083629279614494,0,0.9647500354610108
5.4134702847047365,0,0.9647500354610108
5.748750800591947,0,0.9647500354610108
6.065254835514565,0,0.9647500354610108
6.29645213913982,0,0.9647500354610108
6.420988761801141,0,0.9647500354610108
6.471232553703859,0,0.9647500354610108
6.485937985728041,0,0.9647500354610108
6.4917919534714725,0,0.9647500354610108
6.482663037998346,1,0.9656437020571007
6.44759546495512,0,0.9656437020571007
6.402976460136531,0,0.9656437020571007
6.34999982404892,0,0.9656437020571007
6.275829769944915,0,0.9656437020571007
6.163012633887294,0,0.9656437020571007
5.967560437050023,0,0.9656437020571007
5.677883965563437,0,0.9656437020571007
5.348329669698157,0,0.9656437020571007
5.045856907269493,0,0.9656437020571007
4.80486175681785,0,0.9656437020571007
4.618405969865676,0,0.9656437020571007
4.459094890745434,0,0.9656437020571007
4.294299578462714,0,0.9656437020571007
4.102294168836557,0,0.9656437020571007
3.867971851903913,0,0.9656437020571007
3.5645900847205167,0,0.9656437020571007
3.180272922986832,0,0.9656437020571007
2.7019759002482173,0,0.9656437020571007
2.0978480347684827,0,0.9656437020571007
1.3825131021548858,0,0.9656437020571007
0.6193032506832884,0,0.9656437020571007
-0.1830395119638647,0,0.9656437020571007
-1.0919111533346844,0,0.9656437020571007
-2.16853829986489,0,0.9656437020571007
-3.4442098915622843,0,0.9656437020571007
-4.925600960436505,0,0.9656437020571007
-6.6000880242948385,0,0.9656437020571007
-8.427697900935971,0,0.9656437020571007
-10.317613290119542,0,0.9656437020571007
-12.176345000261513,0,0.9656437020571007
-13.92967430252132,0,0.9656437020571007
-15.49827257359426,0,0.9656437020571007
-16.787861256175812,0,0.9656437020571007
-17.69865324145662,0,0.9656437020571007
-18.166097023464776,0,0.9656437020571007
-18.15338389829552,0,0.9656437020571007
-17.626083466764673,0,0.9656437020571007
-16.59517832195177,0,0.9656437020571007
-15.156856429101257,0,0.9656437020571007
-13.426462158857944,0,0.9656437020571007
-11.485340114904577,0,0.9656437020571007
-9.41589551530145,0,0.9656437020571007
-7.308653937128943,0,0.9656437020571007
-5.233972232676787,0,0.9656437020571007
-3.211206426792457,0,0.9656437020571007
-1.2506786089893358,0,0.9656437020571007
0.5465656786391387,0,0.9656437020571007
2.025359008170531,0,0.9656437020571007
3.121596362759266,0,0.9656437020571007
3.8896155206020837,0,0.9656437020571007
4.4069838882515775,0,0.9656437020571007
4.712418108380637,0,0.9656437020571007
4.831238232232496,0,0.9656437020571007
4.819567216822763,0,0.9656437020571007
4.746143464700702,0,0.9656437020571007
4.6375304354227005,0,0.9656437020571007
4.467678256832499,0,0.9656437020571007
4.223856436338321,0,0.9656437020571007
3.9402059670688288,0,0.9656437020571007
3.656307698002611,0,0.9656437020571007
3.4034634310196688,0,0.9656437020571007
3.2052865596512823,0,0.9656437020571007
3.093298394296574,0,0.9656437020571007
3.12371670717642,0,0.9656437020571007
3.322517643788872,0,0.9656437020571007
3.639954325526804,0,0.9656437020571007
4.005170109461384,0,0.9656437020571007
4.393326490596885,0,0.9656437020571007
4.804280617967476,0,0.9656437020571007
5.233844559122135,0,0.9656437020571007
5.66664063170767,0,0.9656437020571007
6.061043270674332,0,0.9656437020571007
6.371615574509202,0,0.9656437020571007
6.581341768211931,0,0.9656437020571007
6.721558777062643,0,0.9656437020571007
6.842042253501243,0,0.9656437020571007
6.955688943477574,0,0.9656437020571007
7.051882072835538,0,0.9656437020571007
7.116343623559367,0,0.9656437020571007
7.128022003242454,0,0.9656437020571007
7.062559142805655,1,0.9664721286183491
6.909085207194425,0,0.9664721286183491
6.697227291691663,0,0.9664721286183491
6.468080203588568,0,0.9664721286183491
6.225803767340043,0,0.9664721286183491
5.959793742460045,0,0.9664721286183491
5.68929131707731,0,0.9664721286183491
5.450945049537629,0,0.9664721286183491
5.249607614764929,0,0.9664721286183491
5.049587751602055,0,0.9664721286183491
4.826489127896218,0,0.9664721286183491
4.588178311138876,0,0.9664721286183491
4.310315394250356,0,0.9664721286183491
3.940070016696251,0,0.9664721286183491
3.489447446627216,0,0.9664721286183491
3.0181580799747123,0,0.9664721286183491
2.56167790335064,0,0.9664721286183491
2.1234370745760986,0,0.9664721286183491
1.6656985470400856,0,0.9664721286183491
1.105605935941035,0,0.9664721286183491
0.3647737060146711,0,0.9664721286183491
-0.5891053460118062,0,0.9664721286183491
-1.7466507596418808,0,0.9664721286183491
-3.0610627872156537,0,0.9664721286183491
-4.488804113172829,0,0.9664721286183491
-6.038619920361461,0,0.9664721286183491
-7.72212131943039,0,0.9664721286183491
-9.496013896532217,0,0.9664721286183491
-11.288537470608619,0,0.9664721286183491
-13.039801059742096,0,0.9664721286183491
-14.677304754914658,0,0.9664721286183491
-16.077448574321565,0,0.9664721286183491
-17.12014828734102,0,0.9664721286183491
-17.764208000797336,0,0.9664721286183491
-18.01648514176873,0,0.9664721286183491
-17.853374878647756,0,0.9664721286183491
-17.235858224239614,0,0.9664721286183491
-16.176401512819663,0,0.9664721286183491
-14.737626174535553,0,0.9664721286183491
-12.994931771665758,0,0.9664721286183491
-11.014552888869412,0,0.9664721286183491
-8.870067950082708,0,0.9664721286183491
-6.657245542928315,0,0.9664721286183491
-4.46962089893831,0,0.9664721286183491
-2.3971574577515162,0,0.9664721286183491
-0.5366149831628795,0,0.9664721286183491
1.0328031285128805,0,0.9664721286183491
2.2947697290254676,0,0.9664721286183491
3.2675938292312203,0,0.9664721286183491
3.9488610459125995,0,0.9664721286183491
4.363745244344351,0,0.9664721286183491
4.576690524652619,0,0.9664721286183491
4.647996913169416,0,0.9664721286183491
4.62473473599108,0,0.9664721286183491
4.510821847056066,0,0.9664721286183491
4.287237469820629,0,0.9664721286183491
3.9834097231592196,0,0.9664721286183491
3.682088681755264,0,0.9664721286183491
3.467646812276353,0,0.9664721286183491
3.3682199036973577,0,0.9664721286183491
3.36569854148229,0,0.9664721286183491
3.449401147052572,0,0.9664721286183491
3.6223203985568473,0,0.9664721286183491
3.8845148248735084,0,0.9664721286183491
4.195618631564582,0,0.9664721286183491
4.489148707189477,0,0.9664721286183491
4.769154344206884,0,0.9664721286183491
5.097782586027899,0,0.9664721286183491
5.498144329442856,0,0.9664721286183491
5.942084888352439,0,0.9664721286183491
6.378466876896053,0,0.9664721286183491
6.7555161993728605,0,0.9664721286183491
7.0490070234745605,0,0.9664721286183491
7.258576342196615,0,0.9664721286183491
7.378608125181103,0,0.9664721286183491
7.42180928437639,0,0.9664721286183491
7.425100186384594,0,0.9664721286183491
7.40450973600126,1,0.9671643550653631
7.364887400020138,0,0.9671643550653631
7.306319843394106,0,0.9671643550653631
7.223305900675987,0,0.9671643550653631
7.119850887299961,0,0.9671643550653631
6.979193124937959,0,0.9671643550653631
6.757497557678512,0,0.9671643550653631
6.44296473602369,0,0.9671643550653631
6.064857015164159,0,0.9671643550653631
5.6586727804288905,0,0.9671643550653631
5.262618756473579,0,0.9671643550653631
4.901149309380645,0,0.9671643550653631
4.578132721348173,0,0.9671643550653631
4.289541584988527,0,0.9671643550653631
4.020742080873878,0,0.9671643550653631
3.743008099186973,0,0.9671643550653631
3.4375092037430433,0,0.9671643550653631
3.1046882213510516,0,0.9671643550653631
2.7293468464521626,0,0.9671643550653631
2.2851470193624355,0,0.9671643550653631
1.7561044844119502,0,0.9671643550653631
1.13559764066617,0,0.9671643550653631
0.4058511812640273,0,0.9671643550653631
-0.4724631094437765,0,0.9671643550653631
-1.519507541341317,0,0.9671643550653631
-2.7278971501009184,0,0.9671643550653631
-4.100567484629497,0,0.9671643550653631
-5.641651228091896,0,0.9671643550653631
-7.308784821370841,0,0.9671643550653631
-9.053566826974839,0,0.9671643550653631
-10.855175339672767,0,0.9671643550653631
-12.633918565554044,0,0.9671643550653631
-14.280727916933115,0,0.9671643550653631
-15.742304386285522,0,0.9671643550653631
-16.94700132667699,0,0.9671643550653631
-17.775043037722323,0,0.9671643550653631
-18.128771861414638,0,0.9671643550653631
-17.953786875944864,0,0.9671643550653631
-17.259503630582792,0,0.9671643550653631
-16.132109822810058,0,0.9671643550653631
-14.679376036279027,0,0.9671643550653631
-12.982983891470731,0,0.9671643550653631
-11.099017814442993,0,0.9671643550653631
-9.070099653335397,0,0.9671643550653631
-6.940521663662058,0,0.9671643550653631
-4.790091047661726,0,0.9671643550653631
-2.7333789493425003,0,0.9671643550653631
-0.8759972604973556,0,0.9671643550653631
0.7236727414965636,0,0.9671643550653631
2.0517809347547935,0,0.9671643550653631
3.1020344371877617,0,0.9671643550653631
3.8937639226681893,0,0.9671643550653631
4.474449913568608,0,0.9671643550653631
4.879133095883127,0,0.9671643550653631
5.107390761936962,0,0.9671643550653631
5.136867282834071,0,0.9671643550653631
5.006393081773938,0,0.9671643550653631
4.809688921765302,0,0.9671643550653631
4.599362883949153,0,0.9671643550653631
4.376052527196154,0,0.9671643550653631
4.127884455832512,0,0.9671643550653631
3.8714544068098773,0,0.9671643550653631
3.6573860138436447,0,0.9671643550653631
3.518673912823562,0,0.9671643550653631
3.4673363413538483,0,0.9671643550653631
3.5257555785661023,0,0.9671643550653631
3.694991501462113,0,0.9671643550653631
3.942700360000717,0,0.9671643550653631
4.2571788716884,0,0.9671643550653631
4.649445613144619,0,0.9671643550653631
5.108934658092032,0,0.9671643550653631
5.589819020853729,0,0.9671643550653631
6.019876226166388,0,0.9671643550653631
6.359527036046772,0,0.9671643550653631
6.6282779783980255,0,0.9671643550653631
6.838519166525395,0,0.9671643550653631
6.979637760464803,0,0.9671643550653631
7.063736687343699,0,0.9671643550653631
7.124575368393826,0,0.9671643550653631
7.1621375068971735,0,0.9671643550653631
7.134989593138781,1,0.9678943732790274
7.016895069201892,0,0.9678943732790274
6.812463065145259,0,0.9678943732790274
6.5546211028983485,0,0.9678943732790274
6.292318642499197,0,0.9678943732790274
6.036978327272565,0,0.9678943732790274
5.774203544677031,0,0.9678943732790274
5.516385756919872,0,0.9678943732790274
5.267389711563143,0,0.9678943732790274
4.992453863282557,0,0.9678943732790274
4.695909208938392,0,0.9678943732790274
4.425011295122008,0,0.9678943732790274
4.17102819810058,0,0.9678943732790274
3.892685293854143,0,0.9678943732790274
3.587170595346296,0,0.9678943732790274
3.288829440545229,0,0.9678943732790274
3.043255612131621,0,0.9678943732790274
2.864009294078163,0,0.9678943732790274
2.7324211530750597,0,0.9678943732790274
2.5971382880120406,0,0.9678943732790274
2.3638162699568133,0,0.9678943732790274
1.9946401652998038,0,0.9678943732790274
1.5388867582330092,0,0.9678943732790274
1.0152999130803797,0,0.9678943732790274
0.39508764608051394,0,0.9678943732790274
-0.34962212475080245,0,0.9678943732790274
-1.2401455932039758,0,0.9678943732790274
-2.296195725132681,0,0.9678943732790274
-3.5555130014056795,0,0.9678943732790274
-5.0366802808534015,0,0.9678943732790274
-6.703590756536872,0,0.9678943732790274
-8.507814343672722,0,0.9678943732790274
-10.400896075371254,0,0.9678943732790274
-12.319437012529137,0,0.9678943732790274
-14.195824080194852,0,0.9678943732790274
-15.93268910816285,0,0.9678943732790274
-17.38583493374128,0,0.9678943732790274
-18.45026922667939,0,0.9678943732790274
-19.104884487357396,0,0.9678943732790274
-19.329092395495266,0,0.9678943732790274
-19.069842450222318,0,0.9678943732790274
-18.297714884949507,0,0.9678943732790274
-17.030590879805224,0,0.9678943732790274
-15.333733625273087,0,0.9678943732790274
-13.31688244421224,0,0.9678943732790274
-11.093556177975536,0,0.9678943732790274
-8.761387613326121,0,0.9678943732790274
-6.418828088241497,0,0.9678943732790274
-4.159860063648372,0,0.9678943732790274
-2.0595849655637815,0,0.9678943732790274
-0.1638050411033977,0,0.9678943732790274
1.5029510408062932,0,0.9678943732790274
2.9138405339333273,0,0.9678943732790274
4.0210352732012575,0,0.9678943732790274
4.791342284293089,0,0.9678943732790274
5.268517311367648,0,0.9678943732790274
5.51917865408752,0,0.9678943732790274
5.569305555486294,0,0.9678943732790274
5.43565092363721,0,0.9678943732790274
5.1540248636790285,0,0.9678943732790274
4.782591666553169,0,0.9678943732790274
4.383943621443343,0,0.9678943732790274
4.00729568040532,0,0.9678943732790274
3.678172328411021,0,0.9678943732790274
3.4109354991270022,0,0.9678943732790274
3.235215728017831,0,0.9678943732790274
3.167398086564941,0,0.9678943732790274
3.196753497715811,0,0.9678943732790274
3.330703223596104,0,0.9678943732790274
3.586228092924476,0,0.9678943732790274
3.9383420488868985,0,0.9678943732790274
4.349128732890672,0,0.9678943732790274
4.818154999612824,0,0.9678943732790274
5.3394539573128945,0,0.9678943732790274
5.871026273751462,0,0.9678943732790274
6.379461775954794,0,0.9678943732790274
6.842986129213631,0,0.9678943732790274
7.242621660055543,0,0.9678943732790274
7.577592734139166,0,0.9678943732790274
7.824102943466574,0,0.9678943732790274
7.940897478410756,0,0.9678943732790274
7.935824238318803,1,0.9685668931108444
7.836808526053869,0,0.9685668931108444
7.6679073803441895,0,0.9685668931108444
7.467686702181347,0,0.9685668931108444
7.2550363486360645,0,0.9685668931108444
7.029898437363958,0,0.9685668931108444
6.799099022507774,0,0.9685668931108444
6.570186828204587,0,0.9685668931108444
6.3470370592672865,0,0.9685668931108444
6.131981192827588,0,0.9685668931108444
5.912132330911091,0,0.9685668931108444
5.648369623791928,0,0.9685668931108444
5.335030638242235,0,0.9685668931108444
5.019153969998739,0,0.9685668931108444
4.71899806684258,0,0.9685668931108444
4.413521566506217,0,0.9685668931108444
4.100128596848412,0,0.9685668931108444
3.785248832181778,0,0.9685668931108444
3.4609197766216613,0,0.9685668931108444
3.1362098196138706,0,0.9685668931108444
2.825230937284724,0,0.9685668931108444
2.523748660125291,0,0.9685668931108444
2.2363489608988494,0,0.9685668931108444
1.9561539047111167,0,0.9685668931108444
1.6351740482257247,0,0.9685668931108444
1.2323174358444653,0,0.9685668931108444
0.7459407957719001,0,0.9685668931108444
0.15462346632623486,0,0.9685668931108444
-0.5787989872562024,0,0.9685668931108444
-1.438086536888925,0,0.9685668931108444
-2.4116786910247368,0,0.9685668931108444
-3.5567941688504603,0,0.9685668931108444
-4.937048772188626,0,0.9685668931108444
-6.536325880269326,0,0.9685668931108444
-8.267205963732502,0,0.9685668931108444
-10.046127727044482,0,0.9685668931108444
-11.809244826484328,0,0.9685668931108444
-13.509135920607852,0,0.9685668931108444
-15.089684347602972,0,0.9685668931108444
-16.44945323870613,0,0.9685668931108444
-17.49727696992654,0,0.9685668931108444
-18.173489574190462,0,0.9685668931108444
-18.422592406210406,0,0.9685668931108444
-18.225352228629017,0,0.9685668931108444
-17.592860109134016,0,0.9685668931108444
-16.533528326954666,0,0.9685668931108444
-15.100937994108495,0,0.9685668931108444
-13.382494075090209,0,0.9685668931108444
-11.431283877874499,0,0.9685668931108444
-9.330949025800532,0,0.9685668931108444
-7.202628431063211,0,0.9685668931108444
-5.116644462893515,0,0.9685668931108444
-3.135022303801204,0,0.9685668931108444
-1.3378222054000393,0,0.9685668931108444
0.2420357897549357,0,0.9685668931108444
1.599327712119645,0,0.9685668931108444
2.7234344071084893,0,0.9685668931108444
3.6246409407480176,0,0.9685668931108444
4.313014874200998,0,0.9685668931108444
4.7629734928029,0,0.9685668931108444
4.940449124804992,0,0.9685668931108444
4.869293383004088,0,0.9685668931108444
4.635144995129535,0,0.9685668931108444
4.338606859135419,0,0.9685668931108444
4.05334219972272,0,0.9685668931108444
3.783117503300331,0,0.9685668931108444
3.521568630671622,0,0.9685668931108444
3.3169273497202205,0,0.9685668931108444
3.209804657009213,0,0.9685668931108444
3.179654376107893,0,0.9685668931108444
3.1861706827530067,0,0.9685668931108444
3.238057423988331,0,0.9685668931108444
3.3878220269491455,0,0.9685668931108444
3.666403520036138,0,0.9685668931108444
4.039938206677854,0,0.9685668931108444
4.444243655131621,0,0.9685668931108444
4.849865658710339,0,0.9685668931108444
5.262799722087492,0,0.9685668931108444
5.671611042812601,0,0.9685668931108444
6.045612600422283,0,0.9685668931108444
6.385196294198277,0,0.9685668931108444
6.684274912586187,0,0.9685668931108444
6.913736038367693,0,0.9685668931108444
7.083293161296093,0,0.9685668931108444
7.21214890299214,0,0.9685668931108444
7.286431726084201,0,0.9685668931108444
7.291864436822844,0,0.9685668931108444
7.2470343187771515,1,0.9687698060658361
7.1746569117360695,0,0.9687698060658361
7.065057519142019,0,0.9687698060658361
6.9059592874825775,0,0.9687698060658361
6.711607469366868,0,0.9687698060658361
6.521177786813121,0,0.9687698060658361
6.352638202884805,0,0.9687698060658361
6.165387532699257,0,0.9687698060658361
5.927857032004749,0,0.9687698060658361
5.661267680230523,0,0.9687698060658361
5.387352387066784,0,0.9687698060658361
5.105692904978749,0,0.9687698060658361
4.820060054903003,0,0.9687698060658361
4.534989941400353,0,0.9687698060658361
4.230703748767031,0,0.9687698060658361
3.886217544876828,0,0.9687698060658361
3.5220345265890765,0,0.9687698060658361
3.1757475468791414,0,0.9687698060658361
2.8706604047777566,0,0.9687698060658361
2.6135734745436388,0,0.9687698060658361
2.3715343742304262,0,0.9687698060658361
2.0841233115293187,0,0.9687698060658361
1.7207643521873583,0,0.9687698060658361
1.3028209133259983,0,0.9687698060658361
0.8704446672033628,0,0.9687698060658361
0.441744461880867,0,0.9687698060658361
-0.005082619802935305,0,0.9687698060658361
-0.5228331247076361,0,0.9687698060658361
-1.155793513637346,0,0.9687698060658361
-1.921445260395715,0,0.9687698060658361
-2.8449923492242184,0,0.9687698060658361
-3.9714205807557597,0,0.9687698060658361
-5.307565661574018,0,0.9687698060658361
-6.787108802026912,0,0.9687698060658361
-8.353756311109704,0,0.9687698060658361
-10.014754272532087,0,0.9687698060658361
-11.740234691300849,0,0.9687698060658361
-13.453236708588587,0,0.9687698060658361
-15.099248985311737,0,0.9687698060658361
-16.58719371468048,0,0.9687698060658361
-17.782181434603327,0,0.9687698060658361
-18.581487235669595,0,0.9687698060658361
-18.934646777488652,0,0.9687698060658361
-18.823957134520953,0,0.9687698060658361
-18.242285752818585,0,0.9687698060658361
-17.21069758484823,0,0.9687698060658361
-15.787021228848207,0,0.9687698060658361
-14.027019543841273,0,0.9687698060658361
-11.985177737204298,0,0.9687698060658361
-9.75061595094298,0,0.9687698060658361
-7.439373681638748,0,0.9687698060658361
-5.164152853074697,0,0.9687698060658361
-3.0243588970827466,0,0.9687698060658361
-1.0967322167536744,0,0.9687698060658361
0.5789533406245455,0,0.9687698060658361
1.9914233474539869,0,0.9687698060658361
3.139718932012109,0,0.9687698060658361
4.033744745215098,0,0.9687698060658361
4.676484768991276,0,0.9687698060658361
5.063198178845648,0,0.9687698060658361
5.224380457823399,0,0.9687698060658361
5.214836971237646,0,0.9687698060658361
5.09783625064837,0,0.9687698060658361
4.928401675594437,0,0.9687698060658361
4.70362559554533,0,0.9687698060658361
4.4033881971241335,0,0.9687698060658361
4.069617282487971,0,0.9687698060658361
3.7835058685139837,0,0.9687698060658361
3.591719041706285,0,0.9687698060658361
3.503623826537628,0,0.9687698060658361
3.5061497530082826,0,0.9687698060658361
3.565843669651498,0,0.9687698060658361
3.678952592294619,0,0.9687698060658361
3.868980603588261,0,0.9687698060658361
4.1343930889926215,0,0.9687698060658361
4.446994338730822,0,0.9687698060658361
4.788050333214889,0,0.9687698060658361
5.162443263884109,0,0.9687698060658361
5.572168413049281,0,0.9687698060658361
5.992428376322824,0,0.9687698060658361
6.373782588959341,0,0.9687698060658361
6.681525561294357,0,0.9687698060658361
6.922086611896748,0,0.9687698060658361
7.1169503988220155,0,0.9687698060658361
7.261774097713576,0,0.9687698060658361
7.330128323813907,0,0.9687698060658361
7.3204952020382414,1,0.9691018457963351
7.272283885426463,0,0.9691018457963351
7.224149635841704,0,0.9691018457963351
7.166664792544023,0,0.9691018457963351
7.060509003265099,0,0.9691018457963351
6.881703685326862,0,0.9691018457963351
6.622473881832412,0,0.9691018457963351
6.288363983207384,0,0.9691018457963351
5.9176420109342125,0,0.9691018457963351
5.56402238168549,0,0.9691018457963351
5.260077640508778,0,0.9691018457963351
5.012453414301274,0,0.9691018457963351
4.802983473736997,0,0.9691018457963351
4.607914744727102,0,0.9691018457963351
4.416533735542628,0,0.9691018457963351
4.205195805342092,0,0.9691018457963351
3.9414121803759583,0,0.9691018457963351
3.6029634599270053,0,0.9691018457963351
3.1515832102850547,0,0.9691018457963351
2.5512656974585255,0,0.9691018457963351
1.8215228366105272,0,0.9691018457963351
1.0044277265834693,0,0.9691018457963351
0.09301812205154586,0,0.9691018457963351
-0.9471171268137031,0,0.9691018457963351
-2.104334155045983,0,0.9691018457963351
-3.335608915595715,0,0.9691018457963351
-4.64384503157579,0,0.9691018457963351
-6.060671477322187,0,0.9691018457963351
-7.5804793249748945,0,0.9691018457963351
-9.179354779449207,0,0.9691018457963351
-10.842744021142572,0,0.9691018457963351
-12.53686113834198,0,0.9691018457963351
-14.159660007280582,0,0.9691018457963351
-15.557587393743658,0,0.9691018457963351
-16.621508788684427,0,0.9691018457963351
-17.303519887301807,0,0.9691018457963351
-17.57836403397547,0,0.9691018457963351
-17.437040883540146,0,0.9691018457963351
-16.867420123211435,0,0.9691018457963351
-15.889578553116198,0,0.9691018457963351
-14.58489994441942,0,0.9691018457963351
-13.025833101981105,0,0.9691018457963351
-11.251984994613185,0,0.9691018457963351
-9.298837832923521,0,0.9691018457963351
-7.211629860657913,0,0.9691018457963351
-5.070771401468729,0,0.9691018457963351
-2.992450131080762,0,0.9691018457963351
-1.083595793922857,0,0.9691018457963351
0.5977293706118149,0,0.9691018457963351
2.018018350161913,0,0.9691018457963351
3.1348306666080714,0,0.9691018457963351
3.924840459239759,0,0.9691018457963351
4.408609675857877,0,0.9691018457963351
4.6471748642888455,0,0.9691018457963351
4.712463051295011,0,0.9691018457963351
4.649910799307366,0,0.9691018457963351
4.492408413358781,0,0.9691018457963351
4.28373542557674,0,0.9691018457963351
4.062385102511917,0,0.9691018457963351
3.8439556052047297,0,0.9691018457963351
3.6537300873889897,0,0.9691018457963351
3.5358725208165533,0,0.9691018457963351
3.511271908204342,0,0.9691018457963351
3.5752745930172516,0,0.9691018457963351
3.710853947256515,0,0.9691018457963351
3.9003710732675136,0,0.9691018457963351
4.142928864125491,0,0.9691018457963351
4.441799194626999,0,0.9691018457963351
4.77577894931858,0,0.9691018457963351
5.095907142256234,0,0.9691018457963351
5.383486760741898,0,0.9691018457963351
5.692091545721922,0,0.9691018457963351
6.056445945939804,0,0.9691018457963351
6.424971789949958,0,0.9691018457963351
6.7684430575907255,0,0.9691018457963351
7.120572737651042,0,0.9691018457963351
7.474237137630678,0,0.9691018457963351
7.772364981244629,0,0.9691018457963351
7.966414528635037,0,0.9691018457963351
8.045226615994041,0,0.9691018457963351
8.020877745160925,1,0.9696833122464655
7.893637846116151,0,0.9696833122464655
7.6963688522342375,0,0.9696833122464655
7.491709717570709,0,0.9696833122464655
7.290640886235112,0,0.9696833122464655
7.062457562349908,0,0.9696833122464655
6.77269422820651,0,0.9696833122464655
6.40867445737425,0,0.9696833122464655
6.007648471265171,0,0.9696833122464655
5.619779631615411,0,0.9696833122464655
5.264795039852876,0,0.9696833122464655
4.936428649414475,0,0.9696833122464655
4.621427468669963,0,0.9696833122464655
4.302293771475638,0,0.9696833122464655
3.9626544041734357,0,0.9696833122464655
3.594825865204989,0,0.9696833122464655
3.167165075430805,0,0.9696833122464655
2.6391019691557296,0,0.9696833122464655
1.988892994424164,0,0.9696833122464655
1.1876663087215018,0,0.9696833122464655
0.2159848201866012,0,0.9696833122464655
-0.9151499405304602,0,0.9696833122464655
-2.196673056784721,0,0.9696833122464655
-3.646141591801826,0,0.9696833122464655
-5.280263798417569,0,0.9696833122464655
-7.09151656181375,0,0.9696833122464655
-9.047378187008206,0,0.9696833122464655
-11.07703810177283,0,0.9696833122464655
-13.070647846453042,0,0.9696833122464655
-14.88705625135792,0,0.9696833122464655
-16.380965933732117,0,0.9696833122464655
-17.446318536729393,0,0.9696833122464655
-18.029999341652264,0,0.9696833122464655
-18.127827573342852,0,0.9696833122464655
-17.75764189441753,0,0.9696833122464655
-16.945014931104886,0,0.9696833122464655
-15.74012677903765,0,0.9696833122464655
-14.207399705227227,0,0.9696833122464655
-12.404848328398803,0,0.9696833122464655
-10.384724292971853,0,0.9696833122464655
-8.236358587211793,0,0.9696833122464655
-6.102952022051517,0,0.9696833122464655
-4.084069567807049,0,0.9696833122464655
-2.191038496268648,0,0.9696833122464655
-0.4354701498009137,0,0.9696833122464655
1.123304622079422,0,0.9696833122464655
2.4213462492261875,0,0.9696833122464655
3.44358086089575,0,0.9696833122464655
4.198517672011856,0,0.9696833122464655
4.680266434843882,0,0.9696833122464655
4.909629867358222,0,0.9696833122464655
4.9440505333836375,0,0.9696833122464655
4.831462320311849,0,0.9696833122464655
4.62990585573409,0,0.9696833122464655
4.4246099591748065,0,0.9696833122464655
4.254193024074211,0,0.9696833122464655
4.099498262591203,0,0.9696833122464655
3.935717644188599,0,0.9696833122464655
3.759153375564137,0,0.9696833122464655
3.5981445724976853,0,0.9696833122464655
3.492373940740746,0,0.9696833122464655
3.4668622462232843,0,0.9696833122464655
3.5254958317628002,0,0.9696833122464655
3.6702555443934877,0,0.9696833122464655
3.904645696931917,0,0.9696833122464655
4.190844297451742,0,0.9696833122464655
4.4682082189469785,0,0.9696833122464655
4.729727233595784,0,0.9696833122464655
5.009076040919812,0,0.9696833122464655
5.325254558560771,0,0.9696833122464655
5.683898526218336,0,0.9696833122464655
6.071782634065215,0,0.9696833122464655
6.442760806778524,0,0.9696833122464655
6.765165127496857,0,0.9696833122464655
7.03275701367417,0,0.9696833122464655
7.218537634051843,0,0.9696833122464655
7.306892555186466,0,0.9696833122464655
7.310375413881713,0,0.9696833122464655
7.219687092059055,1,0.9701845519288348
7.046133007137254,0,0.9701845519288348
6.8509293252136345,0,0.9701845519288348
6.668189261599197,0,0.9701845519288348
6.506681342524025,0,0.9701845519288348
6.376749701610405,0,0.9701845519288348
6.236923370649357,0,0.9701845519288348
6.015119658846563,0,0.9701845519288348
5.713567822290021,0,0.9701845519288348
5.399255823706869,0,0.9701845519288348
5.093504213014165,0,0.9701845519288348
4.749633053134211,0,0.9701845519288348
4.325374850523785,0,0.9701845519288348
3.827508541186633,0,0.9701845519288348
3.3027417501832663,0,0.9701845519288348
2.8124322716271406,0,0.9701845519288348
2.3725616498718156,0,0.9701845519288348
1.9406502826429082,0,0.9701845519288348
1.4750809153869673,0,0.9701845519288348
0.9312389100260644,0,0.9701845519288348
0.25922597025449245,0,0.9701845519288348
-0.5571740848071766,0,0.9701845519288348
-1.534361600147919,0,0.9701845519288348
-2.7139826220442167,0,0.9701845519288348
-4.11130639220481,0,0.9701845519288348
-5.706011313695374,0,0.9701845519288348
-7.448646903951762,0,0.9701845519288348
-9.26073997775344,0,0.9701845519288348
-11.085644672691613,0,0.9701845519288348
-12.87774845825793,0,0.9701845519288348
-14.564107016517307,0,0.9701845519288348
-16.064130327221516,0,0.9701845519288348
-17.277796687569086,0,0.9701845519288348
-18.095602918643024,0,0.9701845519288348
-18.467580948247758,0,0.9701845519288348
-18.408897422744836,0,0.9701845519288348
-17.91540635431117,0,0.9701845519288348
-16.943680829055626,0,0.9701845519288348
-15.51453972835684,0,0.9701845519288348
-13.756386453767066,0,0.9701845519288348
-11.811843211354027,0,0.9701845519288348
-9.75320866508447,0,0.9701845519288348
-7.632066093129751,0,0.9701845519288348
-5.531985939571142,0,0.9701845519288348
-3.5288085552911745,0,0.9701845519288348
-1.66254453011449,0,0.9701845519288348
0.047886194754114625,0,0.9701845519288348
1.5621325960835766,0,0.9701845519288348
2.829256947002379,0,0.9701845519288348
3.8311795742931056,0,0.9701845519288348
4.574053871924683,0,0.9701845519288348
5.071822218525091,0,0.9701845519288348
5.349316842191527,0,0.9701845519288348
5.437105314370828,0,0.9701845519288348
5.337935584943469,0,0.9701845519288348
5.061579617820578,0,0.9701845519288348
4.671569332396186,0,0.9701845519288348
4.221245231379131,0,0.9701845519288348
3.735288190887857,0,0.9701845519288348
3.2637459247139144,0,0.9701845519288348
2.887907945316876,0,0.9701845519288348
2.6776545415006905,0,0.9701845519288348
2.6576444901739027,0,0.9701845519288348
2.816959063406169,0,0.9701845519288348
3.1351209942824374,0,0.9701845519288348
3.5936085344339572,0,0.9701845519288348
4.15088734044614,0,0.9701845519288348
4.738793604925641,0,0.9701845519288348
5.321643677983323,0,0.9701845519288348
5.900696732492647,0,0.9701845519288348
6.462989736019546,0,0.9701845519288348
6.983631007934656,0,0.9701845519288348
7.435974209951317,0,0.9701845519288348
7.790340469498572,0,0.9701845519288348
8.045431064100283,0,0.9701845519288348
8.204766741138037,0,0.9701845519288348
8.236449636586268,0,0.9701845519288348
8.140458761097545,1,0.970615137254972
7.974825741627821,0,0.970615137254972
7.786033283737699,0,0.970615137254972
7.584502147429285,0,0.970615137254972
7.382662561672608,0,0.970615137254972
7.199699765772283,0,0.970615137254972
7.007384752905753,0,0.970615137254972
6.7647949227387505,0,0.970615137254972
6.48016721014475,0,0.970615137254972
6.164903529866144,0,0.970615137254972
5.811221774025482,0,0.970615137254972
5.421578992967075,0,0.970615137254972
5.004242516944999,0,0.970615137254972
4.566149743943445,0,0.970615137254972
4.127030017926926,0,0.970615137254972
3.711078248121084,0,0.970615137254972
3.310868787332777,0,0.970615137254972
2.8903890064707523,0,0.970615137254972
2.4627910143432348,0,0.970615137254972
2.0816993850971373,0,0.970615137254972
1.739550234292978,0,0.970615137254972
1.3751597699087044,0,0.970615137254972
0.9446451695545869,0,0.970615137254972
0.4398800439526245,0,0.970615137254972
-0.1574693356878295,0,0.970615137254972
-0.8955740610850026,0,0.970615137254972
-1.8024454929258713,0,0.970615137254972
-2.8732419792141672,0,0.970615137254972
-4.091984140032675,0,0.970615137254972
-5.443693531745046,0,0.970615137254972
-6.920379276566913,0,0.970615137254972
-8.506334317753078,0,0.970615137254972
-10.172696665044391,0,0.970615137254972
-11.872030162336216,0,0.970615137254972
-13.521152744231133,0,0.970615137254972
-15.02284066013771,0,0.970615137254972
-16.28512088857538,0,0.970615137254972
-17.210650587604434,0,0.970615137254972
-17.723087761122258,0,0.970615137254972
-17.78202080627307,0,0.970615137254972
-17.366443004290595,0,0.970615137254972
-16.500014694223633,0,0.970615137254972
-15.240688887215061,0,0.970615137254972
-13.657105969780506,0,0.970615137254972
-11.843467595130317,0,0.970615137254972
-9.88479805697588,0,0.970615137254972
-7.846791365794112,0,0.970615137254972
-5.816968325563077,0,0.970615137254972
-3.8948008730226893,0,0.970615137254972
-2.1339657075671314,0,0.970615137254972
-0.5347480761506762,0,0.970615137254972
0.8743135198269129,0,0.970615137254972
2.035850637402539,0,0.970615137254972
2.9579460355357825,0,0.970615137254972
3.6728622787283256,0,0.970615137254972
4.160921719522618,0,0.970615137254972
4.407417313663933,0,0.970615137254972
4.440416065126898,0,0.970615137254972
4.313935866246123,0,0.970615137254972
4.111644874495514,0,0.970615137254972
3.9075247405183204,0,0.970615137254972
3.7103332774475,0,0.970615137254972
3.5092332751435524,0,0.970615137254972
3.3396879935404047,0,0.970615137254972
3.2413172116438407,0,0.970615137254972
3.2040379563547545,0,0.970615137254972
3.218629769352429,0,0.970615137254972
3.3173313871230623,0,0.970615137254972
3.5114293551405718,0,0.970615137254972
3.758358659473096,0,0.970615137254972
4.003885871434542,0,0.970615137254972
4.237481628195902,0,0.970615137254972
4.503428347046213,0,0.970615137254972
4.834587025011684,0,0.970615137254972
5.236312769382658,0,0.970615137254972
5.699792762009104,0,0.970615137254972
6.176138731505589,0,0.970615137254972
6.608195922348534,0,0.970615137254972
6.970103703372026,0,0.970615137254972
7.261129976079981,0,0.970615137254972
7.487846498325426,0,0.970615137254972
7.645928562615829,0,0.970615137254972
7.7378915940729565,0,0.970615137254972
7.775268491522349,0,0.970615137254972
7.7423672796826795,1,0.9710044557965237
7.607767873975951,0,0.9710044557965237
7.366657808352345,0,0.9710044557965237
7.059252340359031,0,0.9710044557965237
6.744008917989752,0,0.9710044557965237
6.437558138889815,0,0.9710044557965237
6.096472163586949,0,0.9710044557965237
5.704484869656958,0,0.9710044557965237
5.320403990854888,0,0.9710044557965237
4.967939798621178,0,0.9710044557965237
4.615561035266952,0,0.9710044557965237
4.269741749936403,0,0.9710044557965237
3.954790950428691,0,0.9710044557965237
3.6606636389856577,0,0.9710044557965237
3.3725734448408056,0,0.9710044557965237
3.1192571002407825,0,0.9710044557965237
2.9461286855233966,0,0.9710044557965237
2.838447558520959,0,0.9710044557965237
2.7118006169274405,0,0.9710044557965237
2.4687778736143304,0,0.9710044557965237
2.0687807890360626,0,0.9710044557965237
1.5604561310557692,0,0.9710044557965237
0.9995340774235723,0,0.9710044557965237
0.37490251606246955,0,0.9710044557965237
-0.3320298857541574,0,0.9710044557965237
-1.1222295950670942,0,0.9710044557965237
-2.02353603347356,0,0.9710044557965237
-3.084701083800301,0,0.9710044557965237
-4.34946530716742,0,0.9710044557965237
-5.839133157696022,0,0.9710044557965237
-7.534869096082787,0,0.9710044557965237
-9.381054251002498,0,0.9710044557965237
-11.310699192069501,0,0.9710044557965237
-13.242783318358951,0,0.9710044557965237
-15.063313250386365,0,0.9710044557965237
-16.6529898518702,0,0.9710044557965237
-17.914646742377602,0,0.9710044557965237
-18.777438901571518,0,0.9710044557965237
-19.197376599700156,0,0.9710044557965237
-19.145109808214297,0,0.9710044557965237
-18.612260542897086,0,0.9710044557965237
-17.619669586546113,0,0.9710044557965237
-16.191884153071708,0,0.9710044557965237
-14.37257748315847,0,0.9710044557965237
-12.27317791155602,0,0.9710044557965237
-10.025524447697922,0,0.9710044557965237
-7.715990715363464,0,0.9710044557965237
-5.407450138674762,0,0.9710044557965237
-3.177209388076889,0,0.9710044557965237
-1.1256234273910914,0,0.9710044557965237
0.6555812160426207,0,0.9710044557965237
2.1319438136700644,0,0.9710044557965237
3.317864309140784,0,0.9710044557965237
4.221103919352072,0,0.9710044557965237
4.840962270204785,0,0.9710044557965237
5.198654734558576,0,0.9710044557965237
5.307242145255057,0,0.9710044557965237
5.16562483890786,0,0.9710044557965237
4.848751164128455,0,0.9710044557965237
4.499338296703831,0,0.9710044557965237
4.182212015052419,0,0.9710044557965237
3.886900171725103,0,0.9710044557965237
3.630518941691789,0,0.9710044557965237
3.4356742265211757,0,0.9710044557965237
3.306110029721986,0,0.9710044557965237
3.2582758298384307,0,0.9710044557965237
3.3044127611185954,0,0.9710044557965237
3.4324457799346626,0,0.9710044557965237
3.6364323755852968,0,0.9710044557965237
3.941627656576031,0,0.9710044557965237
4.356644295625879,0,0.9710044557965237
4.825997709338915,0,0.9710044557965237
5.282630319896396,0,0.9710044557965237
5.713835244857669,0,0.9710044557965237
6.1406347604290765,0,0.9710044557965237
6.555579065594579,0,0.9710044557965237
6.918159017779638,0,0.9710044557965237
7.1964109658958275,0,0.9710044557965237
7.392719473124822,0,0.9710044557965237
7.511139961497232,0,0.9710044557965237
7.525858771078935,0,0.9710044557965237
7.447889579832373,1,0.9714775665631038
7.350726671248536,0,0.9714775665631038
7.278209524066544,0,0.9714775665631038
7.20193092284522,0,0.9714775665631038
7.090358474066294,0,0.9714775665631038
6.940486735171409,0,0.9714775665631038
6.741484106909561,0,0.9714775665631038
6.4951461575676275,0,0.9714775665631038
6.2266824474293685,0,0.9714775665631038
5.946660145487713,0,0.9714775665631038
5.662162962550466,0,0.9714775665631038
5.38472031206645,0,0.9714775665631038
5.130626917631668,0,0.9714775665631038
4.929213087922589,0,0.9714775665631038
4.7751611812911525,0,0.9714775665631038
4.629994958970393,0,0.9714775665631038
4.457075298137513,0,0.9714775665631038
4.212040426565754,0,0.9714775665631038
3.888530969799283,0,0.9714775665631038
3.5349200253159925,0,0.9714775665631038
3.1713213110094025,0,0.9714775665631038
2.7601776002208465,0,0.9714775665631038
2.2627271243235842,0,0.9714775665631038
1.6717201778662794,0,0.9714775665631038
0.993302332561948,0,0.9714775665631038
0.19499326342916418,0,0.9714775665631038
-0.7780154002930912,0,0.9714775665631038
-1.9119725314574623,0,0.9714775665631038
-3.165727270364119,0,0.9714775665631038
-4.540647296445659,0,0.9714775665631038
-6.038919523500831,0,0.9714775665631038
-7.641291399124783,0,0.9714775665631038
-9.329367534802362,0,0.9714775665631038
-11.07563099541795,0,0.9714775665631038
-12.804305755661549,0,0.9714775665631038
-14.411854994245505,0,0.9714775665631038
-15.81589296759633,0,0.9714775665631038
-16.964206868621897,0,0.9714775665631038
-17.81822055325061,0,0.9714775665631038
-18.330785840910664,0,0.9714775665631038
-18.444827303874767,0,0.9714775665631038
-18.10812094195781,0,0.9714775665631038
-17.306836348947265,0,0.9714775665631038
-16.074761535729905,0,0.9714775665631038
-14.466966005737687,0,0.9714775665631038
-12.55536452590047,0,0.9714775665631038
-10.415419060050636,0,0.9714775665631038
-8.126374683814914,0,0.9714775665631038
-5.8148957413325455,0,0.9714775665631038
-3.6401352989074724,0,0.9714775665631038
-1.710228145457446,0,0.9714775665631038
-0.05745414640452892,0,0.9714775665631038
1.319634286222909,0,0.9714775665631038
2.4573437586380096,0,0.9714775665631038
3.4158203229126194,0,0.9714775665631038
4.207180973087255,0,0.9714775665631038
4.78439442586067,0,0.9714775665631038
5.107598882980306,0,0.9714775665631038
5.198602960382033,0,0.9714775665631038
5.109431694315813,0,0.9714775665631038
4.890883769821765,0,0.9714775665631038
4.6177460595952855,0,0.9714775665631038
4.345388334297408,0,0.9714775665631038
4.090079643988963,0,0.9714775665631038
3.8870312885654874,0,0.9714775665631038
3.7657420799284123,0,0.9714775665631038
3.708228835440877,0,0.9714775665631038
3.680378219263604,0,0.9714775665631038
3.689964189875096,0,0.9714775665631038
3.8021943840841854,0,0.9714775665631038
4.0623339340926305,0,0.9714775665631038
4.435514141103004,0,0.9714775665631038
4.858164151485111,0,0.9714775665631038
5.287147874297411,0,0.9714775665631038
5.68528848131111,0,0.9714775665631038
6.048688847826333,0,0.9714775665631038
6.406578034079207,0,0.9714775665631038
6.756775053817326,0,0.9714775665631038
7.070583200516583,0,0.9714775665631038
7.321789736712397,0,0.9714775665631038
7.477176340135413,0,0.9714775665631038
7.515298373092209,0,0.9714775665631038
7.463686702632224,1,0.9719119521846616
7.355468765441385,0,0.9719119521846616
7.18673370474649,0,0.9719119521846616
6.97098615530952,0,0.9719119521846616
6.766629645992628,0,0.9719119521846616
6.623080602359727,0,0.9719119521846616
6.528170670681263,0,0.9719119521846616
6.434431938326521,0,0.9719119521846616
6.31774240657526,0,0.9719119521846616
6.179548160965792,0,0.9719119521846616
6.025891338119671,0,0.9719119521846616
5.840231724165956,0,0.9719119521846616
5.584427152893734,0,0.9719119521846616
5.259547892115967,0,0.9719119521846616
4.911997273231172,0,0.9719119521846616
4.567347411468922,0,0.9719119521846616
4.227798841467426,0,0.9719119521846616
3.899855358573932,0,0.9719119521846616
3.5825364037209564,0,0.9719119521846616
3.279595947303214,0,0.9719119521846616
3.005861912818563,0,0.9719119521846616
2.7516667053515924,0,0.9719119521846616
2.480663363874821,0,0.9719119521846616
2.1568255576717883,0,0.9719119521846616
1.7374392080493462,0,0.9719119521846616
1.193075978849738,0,0.9719119521846616
0.5179668741734272,0,0.9719119521846616
-0.32824099257258915,0,0.9719119521846616
-1.384929887671006,0,0.9719119521846616
-2.619405617970789,0,0.9719119521846616
-3.9860824742336174,0,0.9719119521846616
-5.487302879351806,0,0.9719119521846616
-7.155003646388753,0,0.9719119521846616
-8.987338852274743,0,0.9719119521846616
-10.89112365252315,0,0.9719119521846616
-12.737898114580616,0,0.9719119521846616
-14.4549165928805,0,0.9719119521846616
-16.00008837066203,0,0.9719119521846616
-17.299579408970047,0,0.9719119521846616
-18.269520080363424,0,0.9719119521846616
-18.85132408707148,0,0.9719119521846616
-18.986246424551435,0,0.9719119521846616
-18.607895356397872,0,0.9719119521846616
-17.702094747923812,0,0.9719119521846616
-16.341438897408416,0,0.9719119521846616
-14.626664967760533,0,0.9719119521846616
-12.66206261600678,0,0.9719119521846616
-10.58969902255799,0,0.9719119521846616
-8.530922510778247,0,0.9719119521846616
-6.52084889071053,0,0.9719119521846616
-4.568110539468234,0,0.9719119521846616
-2.7058690973870645,0,0.9719119521846616
-0.9841930098207967,0,0.9719119521846616
0.5432528969367119,0,0.9719119521846616
1.8529307869014404,0,0.9719119521846616
2.929719057541809,0,0.9719119521846616
3.744247184659863,0,0.9719119521846616
4.290884004352662,0,0.9719119521846616
4.588544438443009,0,0.9719119521846616
4.6706716914821,0,0.9719119521846616
4.583765790170589,0,0.9719119521846616
4.37569741342043,0,0.9719119521846616
4.109402640524173,0,0.9719119521846616
3.8583256927519556,0,0.9719119521846616
3.6601334475069844,0,0.9719119521846616
3.5156087462910635,0,0.9719119521846616
3.434277011192746,0,0.9719119521846616
3.4341587386583274,0,0.9719119521846616
3.507367855629788,0,0.9719119521846616
3.6455469456212253,0,0.9719119521846616
3.865339914170776,0,0.9719119521846616
4.171808797169029,0,0.9719119521846616
4.54533044773854,0,0.9719119521846616
4.952559115090833,0,0.9719119521846616
5.36441166599676,0,0.9719119521846616
5.783812029220933,0,0.9719119521846616
6.230350282624932,0,0.9719119521846616
6.700665440601061,0,0.9719119521846616
7.151541373256322,0,0.9719119521846616
7.525583987887564,0,0.9719119521846616
7.800161140844464,0,0.9719119521846616
7.982972519665195,0,0.9719119521846616
8.077511644195223,0,0.9719119521846616
8.08199781818897,0,0.9719119521846616
7.997936898849255,1,0.972251909045491
7.833570132333415,0,0.972251909045491
7.610095365787907,0,0.972251909045491
7.347702468886294,0,0.972251909045491
7.050324776665202,0,0.972251909045491
6.7309488474695165,0,0.972251909045491
6.423086746418682,0,0.972251909045491
6.135541938187894,0,0.972251909045491
5.829520005895076,0,0.972251909045491
5.4864334334560265,0,0.972251909045491
5.152204933353035,0,0.972251909045491
4.870642585524245,0,0.972251909045491
4.6397684167702336,0,0.972251909045491
4.4384607390761595,0,0.972251909045491
4.244121054578119,0,0.972251909045491
4.035921481948523,0,0.972251909045491
3.7910536555701033,0,0.972251909045491
3.482080949634325,0,0.972251909045491
3.073312926941696,0,0.972251909045491
2.5326468067043506,0,0.972251909045491
1.8665659187033954,0,0.972251909045491
1.0998079217804582,0,0.972251909045491
0.23735655418789575,0,0.972251909045491
-0.7311591483532525,0,0.972251909045491
-1.8453480929382766,0,0.972251909045491
-3.1656199970946397,0,0.972251909045491
-4.705040558451949,0,0.972251909045491
-6.412563662540213,0,0.972251909045491
-8.23434657545699,0,0.972251909045491
-10.125070024671679,0,0.972251909045491
-12.016920293325851,0,0.972251909045491
-13.84698495667221,0,0.972251909045491
-15.557697852601057,0,0.972251909045491
-17.049631288641628,0,0.972251909045491
-18.207563651800847,0,0.972251909045491
-18.953220129906715,0,0.972251909045491
-19.21752008570233,0,0.972251909045491
-18.94576770229941,0,0.972251909045491
-18.173095238696703,0,0.972251909045491
-16.962309835553025,0,0.972251909045491
-15.323853856586831,0,0.972251909045491
-13.308993265481192,0,0.972251909045491
-11.064639421344774,0,0.972251909045491
-8.745616520151316,0,0.972251909045491
-6.438304272744202,0,0.972251909045491
-4.207370930223361,0,0.972251909045491
-2.1375817376794424,0,0.972251909045491
-0.2881906182450597,0,0.972251909045491
1.2835548441275308,0,0.972251909045491
2.5302402106569795,0,0.972251909045491
3.5008961654445274,0,0.972251909045491
4.260261448960619,0,0.972251909045491
4.788190778671156,0,0.972251909045491
5.082121210835744,0,0.972251909045491
5.209515008351802,0,0.972251909045491
5.208562415621058,0,0.972251909045491
5.077761608710508,0,0.972251909045491
4.848045278222692,0,0.972251909045491
4.585864081748107,0,0.972251909045491
4.329724934467369,0,0.972251909045491
4.079796748749996,0,0.972251909045491
3.8673161933695943,0,0.972251909045491
3.7267493184420157,0,0.972251909045491
3.645888189397395,0,0.972251909045491
3.631911370023003,0,0.972251909045491
3.707922619231513,0,0.972251909045491
3.8583414006469687,0,0.972251909045491
4.0742379381545355,0,0.972251909045491
4.381657390022013,0,0.972251909045491
4.791055696948971,0,0.972251909045491
5.281376252513087,0,0.972251909045491
5.808088678243918,0,0.972251909045491
6.304557547838302,0,0.972251909045491
6.714574097925756,0,0.972251909045491
7.032422099164742,0,0.972251909045491
7.305232621711814,0,0.972251909045491
7.554299804174636,0,0.972251909045491
7.744503622172655,0,0.972251909045491
7.849861407775619,0,0.972251909045491
7.872514422764678,0,0.972251909045491
7.833512321045625,1,0.9726638684623827
7.764577198922776,0,0.9726638684623827
7.681446840863182,0,0.9726638684623827
7.561068980089334,0,0.9726638684623827
7.38123559262237,0,0.9726638684623827
7.172819465562796,0,0.9726638684623827
6.953260401071853,0,0.9726638684623827
6.677502508055033,0,0.9726638684623827
6.3130576404352965,0,0.9726638684623827
5.880846854923469,0,0.9726638684623827
5.415534644592172,0,0.9726638684623827
4.947678440045056,0,0.9726638684623827
4.521247074337868,0,0.9726638684623827
4.142644278710789,0,0.9726638684623827
3.7409322911199867,0,0.9726638684623827
3.2521443587546277,0,0.9726638684623827
2.667261182162613,0,0.9726638684623827
1.9845664422745206,0,0.9726638684623827
1.1630338353247174,0,0.9726638684623827
0.13473952381925514,0,0.9726638684623827
-1.1257872829653495,0,0.9726638684623827
-2.5816994905478263,0,0.9726638684623827
-4.195002580950405,0,0.9726638684623827
-5.97286552752212,0,0.9726638684623827
-7.921329325654859,0,0.9726638684623827
-9.965403325663877,0,0.9726638684623827
-11.988465368812962,0,0.9726638684623827
-13.904961858473742,0,0.9726638684623827
-15.63234742833589,0,0.9726638684623827
-17.070885018627408,0,0.9726638684623827
-18.11034264356644,0,0.9726638684623827
-18.656257575393145,0,0.9726638684623827
-18.682197052607243,0,0.9726638684623827
-18.216390290925446,0,0.9726638684623827
-17.28782282301437,0,0.9726638684623827
-15.92398528580849,0,0.9726638684623827
-14.208853474448777,0,0.9726638684623827
-12.274905292498202,0,0.9726638684623827
-10.210953269594562,0,0.9726638684623827
-8.054719050064541,0,0.9726638684623827
-5.873516157116864,0,0.9726638684623827
-3.769164092683758,0,0.9726638684623827
-1.8149631052461292,0,0.9726638684623827
-0.05526116656021821,0,0.9726638684623827
1.5006263487769835,0,0.9726638684623827
2.857403309321052,0,0.9726638684623827
3.9602121456742974,0,0.9726638684623827
4.764944306887766,0,0.9726638684623827
5.295384000536316,0,0.9726638684623827
5.568281664130019,0,0.9726638684623827
5.593615789869826,0,0.9726638684623827
5.422671834180658,0,0.9726638684623827
5.131227547128145,0,0.9726638684623827
4.778160342913876,0,0.9726638684623827
4.40474532612163,0,0.9726638684623827
4.0428121270965285,0,0.9726638684623827
3.7167572810029412,0,0.9726638684623827
3.4689642195185946,0,0.9726638684623827
3.348889236566679,0,0.9726638684623827
3.3797052979357036,0,0.9726638684623827
3.540779204211326,0,0.9726638684623827
3.7802133579308874,0,0.9726638684623827
4.0722868051832375,0,0.9726638684623827
4.409474549038323,0,0.9726638684623827
4.756656871096088,0,0.9726638684623827
5.08769269008779,0,0.9726638684623827
5.4261814876922845,0,0.9726638684623827
5.809836540786837,0,0.9726638684623827
6.220202332579479,0,0.9726638684623827
6.585971167364038,0,0.9726638684623827
6.858992868361628,0,0.9726638684623827
7.054571239445581,0,0.9726638684623827
7.215565398286726,0,0.9726638684623827
7.33533082691747,0,0.9726638684623827
7.360456448735783,0,0.9726638684623827
7.267896617042742,1,0.9728349421140373
7.091784388945103,0,0.9728349421140373
6.882702358959692,0,0.9728349421140373
6.665181629312513,0,0.9728349421140373
6.467265485471705,0,0.9728349421140373
6.307751321951316,0,0.9728349421140373
6.134363711322907,0,0.9728349421140373
5.907887054779081,0,0.9728349421140373
5.665674377783998,0,0.9728349421140373
5.4189090206402275,0,0.9728349421140373
5.126485201697723,0,0.9728349421140373
4.789543636255263,0,0.9728349421140373
4.434400040840561,0,0.9728349421140373
4.02404173369508,0,0.9728349421140373
3.507454186896031,0,0.9728349421140373
2.8900414911611634,0,0.9728349421140373
2.17209280052098,0,0.9728349421140373
1.3069470703475303,0,0.9728349421140373
0.25547883664532967,0,0.9728349421140373
-0.9889207438620929,0,0.9728349421140373
-2.4225101034721543,0,0.9728349421140373
-4.032337599968824,0,0.9728349421140373
-5.779192076030282,0,0.9728349421140373
-7.612666894634335,0,0.9728349421140373
-9.484962681602294,0,0.9728349421140373
-11.343927280495237,0,0.9728349421140373
-13.11968749825394,0,0.9728349421140373
-14.703451648475683,0,0.9728349421140373
-16.000747513025175,0,0.9728349421140373
-16.96675997051821,0,0.9728349421140373
-17.556213328314943,0,0.9728349421140373
-17.734560171824167,0,0.9728349421140373
-17.49530325806984,0,0.9728349421140373
-16.80295020384489,0,0.9728349421140373
-15.62261690761626,0,0.9728349421140373
-14.00991688610266,0,0.9728349421140373
-12.078546316675881,0,0.9728349421140373
-9.93953630279796,0,0.9728349421140373
-7.70122802040256,0,0.9728349421140373
-5.462522256747137,0,0.9728349421140373
-3.313527640530918,0,0.9728349421140373
-1.3378760231283824,0,0.9728349421140373
0.41978294378139436,0,0.9728349421140373
1.9634901205181097,0,0.9728349421140373
3.2917119561931742,0,0.9728349421140373
4.357807664128075,0,0.9728349421140373
5.112792664991205,0,0.9728349421140373
5.547694003109876,0,0.9728349421140373
5.695336605415945,0,0.9728349421140373
5.627114262156863,0,0.9728349421140373
5.4176181755702935,0,0.9728349421140373
5.121021831224372,0,0.9728349421140373
4.788520843188299,0,0.9728349421140373
4.45199016155078,0,0.9728349421140373
4.148738425763301,0,0.9728349421140373
3.9413550724397073,0,0.9728349421140373
3.8332426531750206,0,0.9728349421140373
3.8007531913316845,0,0.9728349421140373
3.8506684306650922,0,0.9728349421140373
3.9659660910780983,0,0.9728349421140373
4.132188045476646,0,0.9728349421140373
4.365975946943753,0,0.9728349421140373
4.662954886545503,0,0.9728349421140373
4.973141644111482,0,0.9728349421140373
5.258029108595874,0,0.9728349421140373
5.5361850532535515,0,0.9728349421140373
5.811370605625125,0,0.9728349421140373
6.052400334020371,0,0.9728349421140373
6.271604358129949,0,0.9728349421140373
6.499514112053753,0,0.9728349421140373
6.717112764588443,0,0.9728349421140373
6.8874000633025165,0,0.9728349421140373
6.99420319020753,0,0.9728349421140373
7.042715995791426,0,0.9728349421140373
7.041975179731047,1,0.972924025726583
6.989651706059655,0,0.972924025726583
6.897590256414854,0,0.972924025726583
6.781202862819386,0,0.972924025726583
6.635682918746271,0,0.972924025726583
6.470422093695959,0,0.972924025726583
6.3043101697024735,0,0.972924025726583
6.119520901900545,0,0.972924025726583
5.883665081478589,0,0.972924025726583
5.5907764568691185,0,0.972924025726583
5.245193721305472,0,0.972924025726583
4.85022399438741,0,0.972924025726583
4.411171747206683,0,0.972924025726583
3.923104977794158,0,0.972924025726583
3.367133539963306,0,0.972924025726583
2.726123797581018,0,0.972924025726583
1.9920689981763664,0,0.972924025726583
1.1544966743987612,0,0.972924025726583
0.21479598907053335,0,0.972924025726583
-0.8172594910409359,0,0.972924025726583
-1.9768132885764778,0,0.972924025726583
-3.3338289750801744,0,0.972924025726583
-4.90510540923313,0,0.972924025726583
-6.611331064838472,0,0.972924025726583
-8.351883855346783,0,0.972924025726583
-10.088531838604974,0,0.972924025726583
-11.81352286840551,0,0.972924025726583
-13.468833011083907,0,0.972924025726583
-14.93954353828696,0,0.972924025726583
-16.119757538342476,0,0.972924025726583
-16.938853051492643,0,0.972924025726583
-17.350445971428186,0,0.972924025726583
-17.32567271867429,0,0.972924025726583
-16.842429937589255,0,0.972924025726583
-15.911490202990343,0,0.972924025726583
-14.581790857331109,0,0.972924025726583
-12.9089729896406,0,0.972924025726583
-10.967801354994318,0,0.972924025726583
-8.860475004980287,0,0.972924025726583
-6.680505066095013,0,0.972924025726583
-4.499081784924817,0,0.972924025726583
-2.4001717842409658,0,0.972924025726583
-0.49331572134036095,0,0.972924025726583
1.130195452976813,0,0.972924025726583
2.4642646910180916,0,0.972924025726583
3.5554547376244265,0,0.972924025726583
4.3951909435808,0,0.972924025726583
4.956269049809065,0,0.972924025726583
5.261168545525567,0,0.972924025726583
5.351098251282548,0,0.972924025726583
5.270057387535278,0,0.972924025726583
5.064581091095071,0,0.972924025726583
4.787864800702943,0,0.972924025726583
4.494682736969297,0,0.972924025726583
4.210015052016695,0,0.972924025726583
3.9349071128102207,0,0.972924025726583
3.6800432956781335,0,0.972924025726583
3.479147451324372,0,0.972924025726583
3.3846892941245104,0,0.972924025726583
3.4342740954803648,0,0.972924025726583
3.613441599516054,0,0.972924025726583
3.8742551212561507,0,0.972924025726583
4.176493238793027,0,0.972924025726583
4.502372891656535,0,0.972924025726583
4.8530992790379415,0,0.972924025726583
5.227992580388027,0,0.972924025726583
5.600143961844202,0,0.972924025726583
5.940125979386057,0,0.972924025726583
6.244486933510476,0,0.972924025726583
6.506952923156597,0,0.972924025726583
6.716372603902932,0,0.972924025726583
6.884914847638514,0,0.972924025726583
7.011605442331381,0,0.972924025726583
7.058875290354934,0,0.972924025726583
7.023457003844614,1,0.9730218284359137
6.933477302499047,0,0.9730218284359137
6.7854942963636375,0,0.9730218284359137
6.586691501349875,0,0.9730218284359137
6.355046069898351,0,0.9730218284359137
6.083227107285157,0,0.9730218284359137
5.775197992052816,0,0.9730218284359137
5.4500057952442,0,0.9730218284359137
5.127470879229185,0,0.9730218284359137
4.822647619982666,0,0.9730218284359137
4.535962575293103,0,0.9730218284359137
4.24991172188735,0,0.9730218284359137
3.9161171654259523,0,0.9730218284359137
3.4877355338050635,0,0.9730218284359137
2.967612850436315,0,0.9730218284359137
2.3832106855546336,0,0.9730218284359137
1.7282143575427726,0,0.9730218284359137
0.9605048580037059,0,0.9730218284359137
0.06539165329394417,0,0.9730218284359137
-0.9488674105621857,0,0.9730218284359137
-2.1147809242873716,0,0.9730218284359137
-3.460571133539487,0,0.9730218284359137
-4.947447990870565,0,0.9730218284359137
-6.52881078097856,0,0.9730218284359137
-8.189085567664847,0,0.9730218284359137
-9.898408693079084,0,0.9730218284359137
-11.602202262984825,0,0.9730218284359137
-13.2282503171264,0,0.9730218284359137
-14.674800561653784,0,0.9730218284359137
-15.833917030378618,0,0.9730218284359137
-16.634405519034583,0,0.9730218284359137
-17.05192416012669,0,0.9730218284359137
-17.077655316894212,0,0.9730218284359137
-16.68913282951631,0,0.9730218284359137
-15.871593058096456,0,0.9730218284359137
-14.645755304963888,0,0.9730218284359137
-13.064058184155774,0,0.9730218284359137
-11.203345515683793,0,0.9730218284359137
-9.162001386654545,0,0.9730218284359137
-7.058494596281239,0,0.9730218284359137
-5.004065074994269,0,0.9730218284359137
-3.0797245265342412,0,0.9730218284359137
-1.332478107116245,0,0.9730218284359137
0.22920381935342013,0,0.9730218284359137
1.5914785667169913,0,0.9730218284359137
2.714444992032513,0,0.9730218284359137
3.5666785902413762,0,0.9730218284359137
4.148942718520813,0,0.9730218284359137
4.510734060656731,0,0.9730218284359137
4.720906850906288,0,0.9730218284359137
4.7971245997790435,0,0.9730218284359137
4.703720512482767,0,0.9730218284359137
4.455696585797058,0,0.9730218284359137
4.155369136922409,0,0.9730218284359137
3.880360118444308,0,0.9730218284359137
3.6364490099097284,0,0.9730218284359137
3.4358445590760525,0,0.9730218284359137
3.3258409097142327,0,0.9730218284359137
3.335270748081503,0,0.9730218284359137
3.455773202535499,0,0.9730218284359137
3.6698923359152436,0,0.9730218284359137
3.9470456694989573,0,0.9730218284359137
4.248634236726099,0,0.9730218284359137
4.581694557677704,0,0.9730218284359137
4.976846787769825,0,0.9730218284359137
5.425679501650486,0,0.9730218284359137
5.892389857343731,0,0.9730218284359137
6.34485133156178,0,0.9730218284359137
6.772159478038531,0,0.9730218284359137
7.147492740281017,0,0.9730218284359137
7.421221956876382,0,0.9730218284359137
7.610122231207231,0,0.9730218284359137
7.7697276531753525,0,0.9730218284359137
7.887477728153101,0,0.9730218284359137
7.9228394345003235,0,0.9730218284359137
7.868124319223415,1,0.9732035163990145
7.732803222755579,0,0.9732035163990145
7.543218591130528,0,0.9732035163990145
7.3208927481981805,0,0.9732035163990145
7.05953634905619,0,0.9732035163990145
6.748827968281836,0,0.9732035163990145
6.397960326364411,0,0.9732035163990145
6.02453274356086,0,0.9732035163990145
5.635589129709871,0,0.9732035163990145
5.254788923369074,0,0.9732035163990145
4.924368077973716,0,0.9732035163990145
4.650789724540628,0,0.9732035163990145
4.4001052871987545,0,0.9732035163990145
4.121236254859487,0,0.9732035163990145
3.7640903288485514,0,0.9732035163990145
3.3184332478994163,0,0.9732035163990145
2.801631940784071,0,0.9732035163990145
2.2151211321164204,0,0.9732035163990145
1.5183237291347371,0,0.9732035163990145
0.6416620510395963,0,0.9732035163990145
-0.4321369616080468,0,0.9732035163990145
-1.6696524081006399,0,0.9732035163990145
-3.0693308465328304,0,0.9732035163990145
-4.649466314312567,0,0.9732035163990145
-6.38378175353826,0,0.9732035163990145
-8.205231091199646,0,0.9732035163990145
-10.05832870815812,0,0.9732035163990145
-11.909559673896114,0,0.9732035163990145
-13.709648104784252,0,0.9732035163990145
-15.346628131993466,0,0.9732035163990145
-16.67059505548762,0,0.9732035163990145
-17.587357572151458,0,0.9732035163990145
-18.07027141390419,0,0.9732035163990145
-18.094963012253835,0,0.9732035163990145
-17.627555534690696,0,0.9732035163990145
-16.66827929938973,0,0.9732035163990145
-15.27457639049441,0,0.9732035163990145
-13.538235569455976,0,0.9732035163990145
-11.538603233102974,0,0.9732035163990145
-9.358325978450289,0,0.9732035163990145
-7.1198688046967575,0,0.9732035163990145
-4.938906292838813,0,0.9732035163990145
-2.8917216604892118,0,0.9732035163990145
-1.0358156695370897,0,0.9732035163990145
0.5815823725408314,0,0.9732035163990145
1.9391584630368248,0,0.9732035163990145
3.0413411342842664,0,0.9732035163990145
3.8800232453466497,0,0.9732035163990145
4.4500685013013905,0,0.9732035163990145
4.796697205634307,0,0.9732035163990145
4.963252930711494,0,0.9732035163990145
4.959081237237978,0,0.9732035163990145
4.804761572696931,0,0.9732035163990145
4.549048650755752,0,0.9732035163990145
4.2773607784531125,0,0.9732035163990145
4.0581537145940745,0,0.9732035163990145
3.8815976124444806,0,0.9732035163990145
3.7119539729614903,0,0.9732035163990145
3.547888892937913,0,0.9732035163990145
3.4069868874066955,0,0.9732035163990145
3.2932682684038865,0,0.9732035163990145
3.2227954262497414,0,0.9732035163990145
3.2337668719552735,0,0.9732035163990145
3.342594747042528,0,0.9732035163990145
3.5577158406981995,0,0.9732035163990145
3.895144071496726,0,0.9732035163990145
4.337410679911727,0,0.9732035163990145
4.83262104935146,0,0.9732035163990145
5.320150370315232,0,0.9732035163990145
5.7477701914207975,0,0.9732035163990145
6.113687990856835,0,0.9732035163990145
6.458916388255326,0,0.9732035163990145
6.800728920688826,0,0.9732035163990145
7.128219404886618,0,0.9732035163990145
7.417920815021755,0,0.9732035163990145
7.637638996474036,0,0.9732035163990145
7.7612602423013035,0,0.9732035163990145
7.772299465725017,0,0.9732035163990145
7.683109115215174,1,0.973525650342283
7.539615889989667,0,0.973525650342283
7.387363366634274,0,0.973525650342283
7.235042136795316,0,0.973525650342283
7.0429069315535235,0,0.973525650342283
6.759999066084006,0,0.973525650342283
6.3796480481055955,0,0.973525650342283
5.925077296711832,0,0.973525650342283
5.420207683774669,0,0.973525650342283
4.899007668958695,0,0.973525650342283
4.3936585233062475,0,0.973525650342283
3.931324896923693,0,0.973525650342283
3.521320459426872,0,0.973525650342283
3.1309478562176634,0,0.973525650342283
2.707242589465458,0,0.973525650342283
2.2154690649038544,0,0.973525650342283
1.657000099882905,0,0.973525650342283
1.0444491598764354,0,0.973525650342283
0.3590904167646015,0,0.973525650342283
-0.43488365938258566,0,0.973525650342283
-1.3466148957388222,0,0.973525650342283
-2.3950912997142857,0,0.973525650342283
-3.6283915612123048,0,0.973525650342283
-5.041300914454629,0,0.973525650342283
-6.573663065158238,0,0.973525650342283
-8.203050711614651,0,0.973525650342283
-9.94237161534132,0,0.973525650342283
-11.753111169286575,0,0.973525650342283
-13.528614471172679,0,0.973525650342283
-15.154110472890181,0,0.973525650342283
-16.551616227699956,0,0.973525650342283
-17.65646793011696,0,0.973525650342283
-18.381720699534704,0,0.973525650342283
-18.64685861664849,0,0.973525650342283
-18.423133381850228,0,0.973525650342283
-17.71863947383638,0,0.973525650342283
-16.542265474762843,0,0.973525650342283
-14.920968355817019,0,0.973525650342283
-12.919687578803268,0,0.973525650342283
-10.656115455263635,0,0.973525650342283
-8.278176185585073,0,0.973525650342283
-5.910924481787141,0,0.973525650342283
-3.6711693202805478,0,0.973525650342283
-1.6589712202395668,0,0.973525650342283
0.07534915311320683,0,0.973525650342283
1.5223516131008172,0,0.973525650342283
2.6913792738075157,0,0.973525650342283
3.593028773893903,0,0.973525650342283
4.243767869823264,0,0.973525650342283
4.657626130099405,0,0.973525650342283
4.854139638897491,0,0.973525650342283
4.865508917565961,0,0.973525650342283
4.712315177577052,0,0.973525650342283
4.427223956204572,0,0.973525650342283
4.053590306084652,0,0.973525650342283
3.6168214564186436,0,0.973525650342283
3.1558719243967177,0,0.973525650342283
2.7295317259541387,0,0.973525650342283
2.4120065482720774,0,0.973525650342283
2.2931372061665725,0,0.973525650342283
2.412836488853147,0,0.973525650342283
2.7178536509136055,0,0.973525650342283
3.1214156574535186,0,0.973525650342283
3.568019910237968,0,0.973525650342283
4.021790219750699,0,0.973525650342283
4.478783761521685,0,0.973525650342283
4.976987217501514,0,0.973525650342283
5.519235083412086,0,0.973525650342283
6.047837996050711,0,0.973525650342283
6.496377698977201,0,0.973525650342283
6.842790864591952,0,0.973525650342283
7.121880961978693,0,0.973525650342283
7.357286891898665,0,0.973525650342283
7.534269750835936,0,0.973525650342283
7.653238656763019,0,0.973525650342283
7.727921358160332,0,0.973525650342283
7.757346402944238,0,0.973525650342283
7.730315108940564,1,0.9738041155357261
7.639173066787841,0,0.9738041155357261
7.507645987444136,0,0.9738041155357261
7.355854942581716,0,0.9738041155357261
7.141687595554804,0,0.9738041155357261
6.825566302661699,0,0.9738041155357261
6.440518137280952,0,0.9738041155357261
6.039150066477784,0,0.9738041155357261
5.64114345426462,0,0.9738041155357261
5.258607921757609,0,0.9738041155357261
4.908659555529034,0,0.9738041155357261
4.600523938891429,0,0.9738041155357261
4.327938577285495,0,0.9738041155357261
4.064737400009721,0,0.9738041155357261
3.8065356750496937,0,0.9738041155357261
3.5772616623677194,0,0.9738041155357261
3.3604739626158255,0,0.9738041155357261
3.0981217724496584,0,0.9738041155357261
2.765321577095432,0,0.9738041155357261
2.3862324993398802,0,0.9738041155357261
1.9766642481849523,0,0.9738041155357261
1.5079239357617462,0,0.9738041155357261
0.9473804590922592,0,0.9738041155357261
0.28535391781392616,0,0.9738041155357261
-0.504214308735292,0,0.9738041155357261
-1.4625971738743506,0,0.9738041155357261
-2.6337818522619,0,0.9738041155357261
-4.032498268045975,0,0.9738041155357261
-5.600307483875659,0,0.9738041155357261
-7.2663810038838275,0,0.9738041155357261
-8.995821612562231,0,0.9738041155357261
-10.775263018994137,0,0.9738041155357261
-12.565960237423765,0,0.9738041155357261
-14.266469509633003,0,0.9738041155357261
-15.776910943928556,0,0.9738041155357261
-17.034946215516026,0,0.9738041155357261
-17.97627299313917,0,0.9738041155357261
-18.52253102242279,0,0.9738041155357261
-18.611709804072603,0,0.9738041155357261
-18.220173904387558,0,0.9738041155357261
-17.344639826012013,0,0.9738041155357261
-16.01006643461923,0,0.9738041155357261
-14.297567975256111,0,0.9738041155357261
-12.313591187173133,0,0.9738041155357261
-10.157803149520396,0,0.9738041155357261
-7.924738265899375,0,0.9738041155357261
-5.693387433358188,0,0.9738041155357261
-3.5506483018143857,0,0.9738041155357261
-1.6084424210468522,0,0.9738041155357261
0.049402423839344234,0,0.9738041155357261
1.4103455016936586,0,0.9738041155357261
2.5152314802154074,0,0.9738041155357261
3.400839569979519,0,0.9738041155357261
4.068072809408488,0,0.9738041155357261
4.506714752321529,0,0.9738041155357261
4.721182838642879,0,0.9738041155357261
4.7435167878070015,0,0.9738041155357261
4.634244238369589,0,0.9738041155357261
4.445636819388859,0,0.9738041155357261
4.199985417932924,0,0.9738041155357261
3.9073703904319097,0,0.9738041155357261
3.6089406374143826,0,0.9738041155357261
3.3884265384650365,0,0.9738041155357261
3.295361922538542,0,0.9738041155357261
3.3044936079747833,0,0.9738041155357261
3.3731840123462833,0,0.9738041155357261
3.4963069157486935,0,0.9738041155357261
3.6906787878267355,0,0.9738041155357261
3.974951498875448,0,0.9738041155357261
4.37907149007829,0,0.9738041155357261
4.908865025179275,0,0.9738041155357261
5.5115422712016935,0,0.9738041155357261
6.0990332733122905,0,0.9738041155357261
6.598144509092374,0,0.9738041155357261
6.982038748488049,0,0.9738041155357261
7.2578905041554105,0,0.9738041155357261
7.441928041955208,0,0.9738041155357261
7.557714727123608,0,0.9738041155357261
7.634202132223827,0,0.9738041155357261
7.673023414514628,0,0.9738041155357261
7.660451773820918,1,0.9741278153062327
7.594225721820092,0,0.9741278153062327
7.477255607018935,0,0.9741278153062327
7.33863487062757,0,0.9741278153062327
7.202665007571887,0,0.9741278153062327
7.058132504895378,0,0.9741278153062327
6.901508628276326,0,0.9741278153062327
6.735703563760273,0,0.9741278153062327
6.555470136025182,0,0.9741278153062327
6.34384436184255,0,0.9741278153062327
6.058463702626175,0,0.9741278153062327
5.695579908009711,0,0.9741278153062327
5.31935704052689,0,0.9741278153062327
4.958545408178213,0,0.9741278153062327
4.593240612360913,0,0.9741278153062327
4.233231799154729,0,0.9741278153062327
3.8978611119166753,0,0.9741278153062327
3.5760073588252865,0,0.9741278153062327
3.2350972890068403,0,0.9741278153062327
2.8605739880519554,0,0.9741278153062327
2.501359963819783,0,0.9741278153062327
2.193070549588348,0,0.9741278153062327
1.8887640793063842,0,0.9741278153062327
1.5580521670332474,0,0.9741278153062327
1.2188514651971945,0,0.9741278153062327
0.8723383575061484,0,0.9741278153062327
0.4900110281654112,0,0.9741278153062327
0.008468533701174216,0,0.9741278153062327
-0.6367965504174284,0,0.9741278153062327
-1.4648054820407648,0,0.9741278153062327
-2.480134958301775,0,0.9741278153062327
-3.6952527863333646,0,0.9741278153062327
-5.098102147788004,0,0.9741278153062327
-6.6490785342764385,0,0.9741278153062327
-8.314074470369054,0,0.9741278153062327
-10.07078467037066,0,0.9741278153062327
-11.87947006978966,0,0.9741278153062327
-13.662149528386923,0,0.9741278153062327
-15.323935767396287,0,0.9741278153062327
-16.75365023970325,0,0.9741278153062327
-17.40702788768946,0,0.9741278153062327
-15.716200946970236,0,0.9741278153062327
-9.55187925813506,0,0.9741278153062327
2.66105708461097,0,0.9741278153062327
21.555082172555267,0,0.9741278153062327
46.93228080281207,0,0.9741278153062327
77.92531417202268,0,0.9741278153062327
113.27501573834847,0,0.9741278153062327
151.49631887994673,0,0.9741278153062327
190.97127411589145,0,0.9741278153062327
230.1131110659124,0,0.9741278153062327
267.3766254690582,0,0.9741278153062327
301.25089111224514,0,0.9741278153062327
330.3632425321577,0,0.9741278153062327
353.4823509475419,0,0.9741278153062327
369.52277816249534,0,0.9741278153062327
377.58513012459673,0,0.9741278153062327
376.9827246344493,1,0.9711976385101336
367.3106835842209,0,0.9711976385101336
348.47687939082925,0,0.9711976385101336
320.76389425297066,0,0.9711976385101336
284.76862934608636,0,0.9711976385101336
241.14908003461687,0,0.9711976385101336
190.60437264083473,0,0.9711976385101336
134.01246431691862,0,0.9711976385101336
72.4118062687112,0,0.9711976385101336
6.991239210783449,0,0.9711976385101336
-60.87536099567351,0,0.9711976385101336
-129.76956264359148,0,0.9711976385101336
-198.34469535534595,0,0.9711976385101336
-265.25874678142475,0,0.9711976385101336
-329.24331049536966,0,0.9711976385101336
-389.21911964391956,0,0.9711976385101336
-444.2000510523314,0,0.9711976385101336
-493.18563488903476,0,0.9711976385101336
-535.1764527455268,0,0.9711976385101336
-569.2731851264871,0,0.9711976385101336
-594.764751190388,0,0.9711976385101336
-611.154962109546,0,0.9711976385101336
-618.1492304932052,0,0.9711976385101336
-615.5985957343133,0,0.9711976385101336
-603.5018794543128,0,0.9711976385101336
-582.0794013583663,0,0.9711976385101336
-551.7577258399194,0,0.9711976385101336
-513.0337864346407,0,0.9711976385101336
-466.4584277564845,0,0.9711976385101336
-412.751262085916,0,0.9711976385101336
-352.7935447936823,0,0.9711976385101336
-287.50669968803425,0,0.9711976385101336
-217.80538924701978,0,0.9711976385101336
-144.73518786988296,0,0.9711976385101336
-69.59726010510927,0,0.9711976385101336
6.139087994162727,0,0.9711976385101336
81.03743101195452,0,0.9711976385101336
153.7999863951047,0,0.9711976385101336
223.19688496668837,0,0.9711976385101336
287.9757730408487,0,0.9711976385101336
346.978727984487,0,0.9711976385101336
399.3519376096318,0,0.4855988192550668
444.45167862426143,0,0.4855988192550668
481.62396629852833,0,0.4855988192550668
510.17670647101266,0,0.4855988192550668
529.4625924252435,0,0.4855988192550668
539.0689091893756,0,0.4855988192550668
538.9566327016469,1,0.4855988192550668
529.3432231250699,0,0.4855988192550668
510.4907327183432,0,0.4855988192550668
482.668778271188,0,0.4855988192550668
446.2766052350336,0,0.4855988192550668
401.88959775336474,0,0.4855988192550668
350.23600407426477,0,0.4855988192550668
292.19956600303505,0,0.4855988192550668
228.7461227316792,0,0.4855988192550668
160.8935309281661,0,0.4855988192550668
89.80565627870567,0,0.4855988192550668
16.774375101231175,0,0.4855988192550668
-56.87730159790401,0,0.4855988192550668
-129.80869209314955,0,0.4855988192550668
-200.6752065777649,0,0.4855988192550668
-268.2123766290425,0,0.4855988192550668
-331.2493406443007,0,0.4855988192550668
-388.6492755929379,0,0.4855988192550668
-439.3553026001995,0,0.4855988192550668
-482.4740670593909,0,0.4855988192550668
-517.2219669884481,0,0.4855988192550668
-542.829831808768,0,0.4855988192550668
-558.6426126891514,0,0.4855988192550668
-564.2865831122767,0,0.4855988192550668
-559.6804285490919,0,0.4855988192550668
-544.9912089974596,0,0.4855988192550668
-520.5241207726325,0,0.4855988192550668
-486.66957111239867,0,0.4855988192550668
-444.051917146122,0,0.4855988192550668
-393.58222411387055,0,0.4855988192550668
-336.3675364509139,0,0.4855988192550668
-273.5801150379184,0,0.4855988192550668
-206.2950679077357,0,0.4855988192550668
-135.48717581705463,0,0.4855988192550668
-62.21769504802839,0,0.4855988192550668
12.266178189863542,0,0.4855988192550668
86.65581329339956,0,0.4855988192550668
159.6979992163465,0,0.4855988192550668
230.1719585935467,0,0.4855988192550668
296.8344767384994,0,0.4855988192550668
358.4223143597109,0,0.4855988192550668
413.77520860576215,0,0.4855988192550668
461.9733984402414,0,0.4855988192550668
502.31160543903087,0,0.4855988192550668
534.1872839097912,0,0.4855988192550668
557.0554502345035,0,0.4855988192550668
570.4706212580955,0,0.4855988192550668
574.1614531027242,0,0.4855988192550668
568.0185617876967,1,0.4855988192550668
552.026626508391,0,0.4855988192550668
526.3831545060162,0,0.4855988192550668
491.6444121077823,0,0.4855988192550668
448.55393956224407,0,0.4855988192550668
397.87067411726673,0,0.4855988192550668
340.4237356641211,0,0.4855988192550668
277.1404818285175,0,0.4855988192550668
208.99496412761977,0,0.4855988192550668
137.0012893793054,0,0.4855988192550668
62.33798083966634,0,0.4855988192550668
-13.530115286709702,0,0.4855988192550668
-88.97571719690026,0,0.4855988192550668
-162.474102123868,0,0.4855988192550668
-232.70792429964828,0,0.4855988192550668
-298.539860715159,0,0.4855988192550668
-359.00257070833806,0,0.4855988192550668
-413.30204719381817,0,0.4855988192550668
-460.77604544432654,0,0.4855988192550668
-500.7888462081949,0,0.4855988192550668
-532.687021636543,0,0.4855988192550668
-555.8409637649329,0,0.4855988192550668
-569.6902664695368,0,0.4855988192550668
-573.8826664464193,0,0.4855988192550668
-568.3878557269695,0,0.4855988192550668
-553.3451613150962,0,0.4855988192550668
-528.9078602278455,0,0.4855988192550668
-495.29960923158393,0,0.4855988192550668
-452.9218697026484,0,0.4855988192550668
-402.44586546661174,0,0.4855988192550668
-344.8194297053915,0,0.4855988192550668
-281.1573745363166,0,0.4855988192550668
-212.62275530692497,0,0.4855988192550668
-140.42351671778127,0,0.4855988192550668
-65.94605006648368,0,0.4855988192550668
9.266789469244983,0,0.4855988192550668
83.79482758057615,0,0.4855988192550668
156.49298474702036,0,0.4855988192550668
226.29924093130418,0,0.4855988192550668
292.00633952555876,0,0.4855988192550668
352.4015815271167,0,0.4855988192550668
406.5031703120316,0,0.4855988192550668
453.45572312127973,0,0.4855988192550668
492.404179038929,0,0.4855988192550668
522.592762972807,0,0.4855988192550668
543.4605560723313,0,0.4855988192550668
554.6857596257951,0,0.4855988192550668
556.165417264988,0,0.4855988192550668
547.8897346700818,1,0.4855988192550668
529.8995092359156,0,0.4855988192550668
502.3940218857608,0,0.4855988192550668
465.77195624404953,0,0.4855988192550668
420.59165980724447,0,0.4855988192550668
367.59158813797865,0,0.4855988192550668
307.7128108034226,0,0.4855988192550668
242.1070963458122,0,0.4855988192550668
172.12655547468626,0,0.4855988192550668
99.21175807400327,0,0.4855988192550668
24.81706731826074,0,0.4855988192550668
-49.55971796387931,0,0.4855988192550668
-122.47485069159657,0,0.4855988192550668
-192.6562046263212,0,0.4855988192550668
-258.9118013705006,0,0.4855988192550668
-320.073506312928,0,0.4855988192550668
-375.1378378485029,0,0.4855988192550668
-423.35151957318124,0,0.4855988192550668
-464.0879797237528,0,0.4855988192550668
-496.74795071352895,0,0.4855988192550668
-520.8356362181652,0,0.4855988192550668
-536.018720382639,0,0.4855988192550668
-542.0720811446631,0,0.4855988192550668
-538.8520866084174,0,0.4855988192550668
-526.3573078865887,0,0.4855988192550668
-504.81199373829776,0,0.4855988192550668
-474.72696277332386,0,0.4855988192550668
-436.8198097214641,0,0.4855988192550668
-391.8109165356913,0,0.4855988192550668
-340.31741741293047,0,0.4855988192550668
-282.956456387919,0,0.4855988192550668
-220.51606930487043,0,0.4855988192550668
-153.99566341732051,0,0.4855988192550668
-84.54099813034591,0,0.4855988192550668
-13.332739711037304,0,0.4855988192550668
58.50248700157527,0,0.4855988192550668
129.81185923786614,0,0.4855988192550668
199.2971417491764,0,0.4855988192550668
265.62635820580954,0,0.4855988192550668
327.6863785687188,0,0.4855988192550668
384.61479221301937,0,0.4855988192550668
435.644638756191,0,0.4855988192550668
479.9802279536259,0,0.4855988192550668
516.7065861013459,0,0.4855988192550668
544.8771328621747,0,0.4855988192550668
563.7071715523831,0,0.4855988192550668
572.692025594234,0,0.4855988192550668
571.7165886829507,1,0.4855988192550668
561.0168737515042,0,0.4855988192550668
540.9641931902012,0,0.4855988192550668
511.89893868239034,0,0.4855988192550668
474.12820035504757,0,0.4855988192550668
428.08031180008174,0,0.4855988192550668
374.4584043615902,0,0.4855988192550668
314.24873025324894,0,0.4855988192550668
248.56633253009267,0,0.4855988192550668
178.5160459119788,0,0.4855988192550668
105.27438366580708,0,0.4855988192550668
30.21728465296661,0,0.4855988192550668
-45.20649915698844,0,0.4855988192550668
-119.6373900548123,0,0.4855988192550668
-191.74927241155845,0,0.4855988192550668
-260.28341176229134,0,0.4855988192550668
-324.15460638360213,0,0.4855988192550668
-382.3677032090368,0,0.4855988192550668
-433.95462925346976,0,0.4855988192550668
-478.0773046880084,0,0.4855988192550668
-514.025767684947,0,0.4855988192550668
-541.157250720623,0,0.4855988192550668
-558.9979329749129,0,0.4855988192550668
-567.2726788068827,0,0.4855988192550668
-565.8694283500646,0,0.4855988192550668
-554.7807738340686,0,0.4855988192550668
-534.0549687185817,0,0.4855988192550668
-503.99024468435397,0,0.4855988192550668
-465.20307652600843,0,0.4855988192550668
-418.44776796425725,0,0.4855988192550668
-364.6685789234196,0,0.4855988192550668
-305.05525103408667,0,0.4855988192550668
-240.7471050614898,0,0.4855988192550668
-172.72753525815173,0,0.4855988192550668
-102.08492309534515,0,0.4855988192550668
-30.04113846379395,0,0.4855988192550668
42.24759772936004,0,0.4855988192550668
113.63931090554897,0,0.4855988192550668
182.83018654005787,0,0.4855988192550668
248.46898107781794,0,0.4855988192550668
309.3529411948102,0,0.4855988192550668
364.4792892745699,0,0.4855988192550668
413.1114652677499,0,0.4855988192550668
454.70110188707014,0,0.4855988192550668
488.64664016355965,0,0.4855988192550668
514.2943730711895,0,0.4855988192550668
531.1188832562217,0,0.4855988192550668
538.7146208148872,0,0.4855988192550668
536.7891890046369,1,0.4855988192550668
525.2867097286575,0,0.4855988192550668
504.37535544989294,0,0.4855988192550668
474.4420833633524,0,0.4855988192550668
436.1889641845346,0,0.4855988192550668
390.4526016873338,0,0.4855988192550668
337.9213549196562,0,0.4855988192550668
279.2935078517794,0,0.4855988192550668
215.57899361212964,0,0.4855988192550668
147.99847295622055,0,0.4855988192550668
77.7177418367623,0,0.4855988192550668
5.8727881882641695,0,0.4855988192550668
-66.20493208504307,0,0.4855988192550668
-137.04964794591635,0,0.4855988192550668
-205.36283894764628,0,0.4855988192550668
-269.96005786673953,0,0.4855988192550668
-329.5545423409913,0,0.4855988192550668
-382.88162703482055,0,0.4855988192550668
-428.87970444264397,0,0.4855988192550668
-466.6958224041988,0,0.4855988192550668
-495.7135593375596,0,0.4855988192550668
-515.5125990519667,0,0.4855988192550668
-525.7363580210632,0,0.4855988192550668
-526.2150178416432,0,0.4855988192550668
-517.060552643265,0,0.4855988192550668
-498.41271295165006,0,0.4855988192550668
-470.44415777510903,0,0.4855988192550668
-433.64079588268277,0,0.4855988192550668
-388.7246816241163,0,0.4855988192550668
-336.4321545865626,0,0.4855988192550668
-277.545420786611,0,0.4855988192550668
-213.02377704992887,0,0.4855988192550668
-144.0059923353145,0,0.4855988192550668
-71.68206366942357,0,0.4855988192550668
2.7573774583233392,0,0.4855988192550668
78.05323339623013,0,0.4855988192550668
152.83893247955822,0,0.4855988192550668
225.67247054492867,0,0.4855988192550668
295.1444119712816,0,0.4855988192550668
359.97238587641704,0,0.4855988192550668
419.01907428802036,0,0.4855988192550668
471.23035815508644,0,0.4855988192550668
515.5947703577299,0,0.4855988192550668
551.3173794813299,0,0.4855988192550668
577.8869922034011,0,0.4855988192550668
594.9323354473374,0,0.4855988192550668
602.2307612497749,0,0.4855988192550668
599.7212764950266,1,0.4855988192550668
587.4662674348286,0,0.4855988192550668
565.7233591353665,0,0.4855988192550668
534.9413817174933,0,0.4855988192550668
495.6722051046891,0,0.4855988192550668
448.56693005767306,0,0.4855988192550668
394.3698129378575,0,0.4855988192550668
333.8946429931293,0,0.4855988192550668
268.08590920218285,0,0.4855988192550668
198.09685774402834,0,0.4855988192550668
125.20765033778001,0,0.4855988192550668
50.68784919155397,0,0.4855988192550668
-24.208412438096563,0,0.4855988192550668
-98.2615294933201,0,0.4855988192550668
-170.31168217832956,0,0.4855988192550668
-239.2042578679881,0,0.4855988192550668
-303.7777047745868,0,0.4855988192550668
-362.94133992714814,0,0.4855988192550668
-415.7022275149496,0,0.4855988192550668
-461.10951156879094,0,0.4855988192550668
-498.3293427397737,0,0.4855988192550668
-526.7474049602305,0,0.4855988192550668
-545.9455053611962,0,0.4855988192550668
-555.7268091704511,0,0.4855988192550668
-556.1249261986159,0,0.4855988192550668
-547.2267011287432,0,0.4855988192550668
-529.0196386199185,0,0.4855988192550668
-501.5486194821728,0,0.4855988192550668
-465.1323663233616,0,0.4855988192550668
-420.30885624182446,0,0.4855988192550668
-367.7638521130805,0,0.4855988192550668
-308.36112108729697,0,0.4855988192550668
-243.15711961051923,0,0.4855988192550668
-173.44136461645746,0,0.4855988192550668
-100.69427680206833,0,0.4855988192550668
-26.437314482639056,0,0.4855988192550668
47.87004139653558,0,0.4855988192550668
120.89077553337562,0,0.4855988192550668
191.46478520706435,0,0.4855988192550668
258.5448439503648,0,0.4855988192550668
321.1233826264519,0,0.4855988192550668
378.2605735586752,0,0.4855988192550668
428.99809936912254,0,0.4855988192550668
472.31981641312655,0,0.4855988192550668
507.3322040538997,0,0.4855988192550668
533.3290901180201,0,0.4855988192550668
549.7228032938203,0,0.4855988192550668
556.124281738507,0,0.4855988192550668
552.4695222247552,1,0.4855988192550668
538.91566997929,0,0.4855988192550668
515.6574259423578,0,0.4855988192550668
482.9983606179887,0,0.4855988192550668
441.5325783521739,0,0.4855988192550668
392.11181272679,0,0.4855988192550668
335.7034575400573,0,0.4855988192550668
273.36695659242304,0,0.4855988192550668
206.20602947798744,0,0.4855988192550668
135.3247085494011,0,0.4855988192550668
61.90462529296805,0,0.4855988192550668
-12.832757735608693,0,0.4855988192550668
-87.6864683296958,0,0.4855988192550668
-161.4206621891437,0,0.4855988192550668
-232.75759841629934,0,0.4855988192550668
-300.36148254812394,0,0.4855988192550668
-362.8804754773001,0,0.4855988192550668
-419.14654317970445,0,0.4855988192550668
-468.2257788271878,0,0.4855988192550668
-509.3173661313855,0,0.4855988192550668
-541.7716353821086,0,0.4855988192550668
-565.0697927789082,0,0.4855988192550668
-578.7540194849402,0,0.4855988192550668
-582.5537881848448,0,0.4855988192550668
-576.5088830930046,0,0.4855988192550668
-560.9048284529895,0,0.4855988192550668
-536.1529523802255,0,0.4855988192550668
-502.70607274051963,0,0.4855988192550668
-461.05726068678246,0,0.4855988192550668
-411.8362139379992,0,0.4855988192550668
-355.8614393152809,0,0.4855988192550668
-294.074414002703,0,0.4855988192550668
-227.54566612251355,0,0.4855988192550668
-157.49677471065243,0,0.4855988192550668
-85.15440630422593,0,0.4855988192550668
-11.686985439657033,0,0.4855988192550668
61.663678592309765,0,0.4855988192550668
133.6232066318053,0,0.4855988192550668
203.04631539732347,0,0.4855988192550668
268.83970835281434,0,0.4855988192550668
329.8891178297169,0,0.4855988192550668
385.15036593074313,0,0.4855988192550668
433.6267053164434,0,0.4855988192550668
474.3996414007563,0,0.4855988192550668
506.79385003367315,0,0.4855988192550668
530.3224016302742,0,0.4855988192550668
544.5527171516718,0,0.4855988192550668
549.1517842326756,0,0.4855988192550668
543.959290204993,1,0.4855988192550668
529.0261950760021,0,0.4855988192550668
504.60311902559494,0,0.4855988192550668
471.0268320887577,0,0.4855988192550668
428.73798318677564,0,0.4855988192550668
378.43617162271374,0,0.4855988192550668
321.0204186649039,0,0.4855988192550668
257.4911628540601,0,0.4855988192550668
189.03436484074683,0,0.4855988192550668
116.9646520236673,0,0.4855988192550668
42.57902652117709,0,0.4855988192550668
-32.790560584079415,0,0.4855988192550668
-107.73627594340948,0,0.4855988192550668
-180.84580754030662,0,0.4855988192550668
-250.68454482307135,0,0.4855988192550668
-315.83727809912364,0,0.4855988192550668
-375.0869608523242,0,0.4855988192550668
-427.4626496417283,0,0.4855988192550668
-472.1406753870869,0,0.4855988192550668
-508.332702618427,0,0.4855988192550668
-535.2875443023553,0,0.4855988192550668
-552.4387167495942,0,0.4855988192550668
-559.5210075847634,0,0.4855988192550668
-556.5683447465216,0,0.4855988192550668
-543.8286926145116,0,0.4855988192550668
-521.6855172271172,0,0.4855988192550668
-490.69544066233857,0,0.4855988192550668
-451.6318764751523,0,0.4855988192550668
-405.3193589794446,0,0.4855988192550668
-352.4425145019608,0,0.4855988192550668
-293.72416211048005,0,0.4855988192550668
-230.11181047531676,0,0.4855988192550668
-162.55975810356148,0,0.4855988192550668
-91.98948871858427,0,0.4855988192550668
-19.54189418985775,0,0.4855988192550668
53.44400521147925,0,0.4855988192550668
125.6743570713758,0,0.4855988192550668
196.03880478326883,0,0.4855988192550668
263.5053446166585,0,0.4855988192550668
326.9474444717213,0,0.4855988192550668
385.2180676833605,0,0.4855988192550668
437.3204153652004,0,0.4855988192550668
482.40922282537053,0,0.4855988192550668
519.7056360589808,0,0.4855988192550668
548.486592623013,0,0.4855988192550668
568.1399863085663,0,0.4855988192550668
578.1503110652345,0,0.4855988192550668
578.1235932933854,1,0.4855988192550668
567.9608778496785,0,0.4855988192550668
547.9386445684821,0,0.4855988192550668
518.6105845353188,0,0.4855988192550668
480.63702914842406,0,0.4855988192550668
434.6565682705559,0,0.4855988192550668
381.32899973448906,0,0.4855988192550668
321.46064493126215,0,0.4855988192550668
256.0278477237904,0,0.4855988192550668
186.1673042284257,0,0.4855988192550668
113.24686197298645,0,0.4855988192550668
38.815209636225234,0,0.4855988192550668
-35.67998518427156,0,0.4855988192550668
-109.06719866427235,0,0.4855988192550668
-180.30754553753277,0,0.4855988192550668
-248.322829248874,0,0.4855988192550668
-312.00943698405393,0,0.4855988192550668
-370.31934697387425,0,0.4855988192550668
-422.25991792102724,0,0.4855988192550668
-466.86302977823243,0,0.4855988192550668
-503.30164216933116,0,0.4855988192550668
-530.9978545247263,0,0.4855988192550668
-549.54921396479,0,0.4855988192550668
-558.6724410703749,0,0.4855988192550668
-558.1823838489141,0,0.4855988192550668
-547.9703577888762,0,0.4855988192550668
-528.1303530612805,0,0.4855988192550668
-499.05282576451253,0,0.4855988192550668
-461.28395459471284,0,0.4855988192550668
-415.47331599233735,0,0.4855988192550668
-362.5049483178341,0,0.4855988192550668
-303.3837569481936,0,0.4855988192550668
-239.05461837210834,0,0.4855988192550668
-170.60200301867016,0,0.4855988192550668
-99.42755257572965,0,0.4855988192550668
-27.011198331572004,0,0.4855988192550668
45.307743161717326,0,0.4855988192550668
116.2512454056943,0,0.4855988192550668
184.555604578677,0,0.4855988192550668
249.0352069277152,0,0.4855988192550668
308.66624537701097,0,0.4855988192550668
362.6123707715847,0,0.4855988192550668
410.0848434485329,0,0.4855988192550668
450.29385123952227,0,0.4855988192550668
482.5154100150799,0,0.4855988192550668
506.1363263067231,0,0.4855988192550668
520.7535540642915,0,0.4855988192550668
526.1182406587671,0,0.4855988192550668
521.9932113947857,1,0.4855988192550668
508.2916683873524,0,0.4855988192550668
485.2925817212431,0,0.4855988192550668
453.52855852232045,0,0.4855988192550668
413.5551308046249,0,0.4855988192550668
365.9897738731635,0,0.4855988192550668
311.6009130996677,0,0.4855988192550668
251.2776545089438,0,0.4855988192550668
186.06926506551656,0,0.4855988192550668
117.22035769741252,0,0.4855988192550668
46.062822831620366,0,0.4855988192550668
-26.195434009581238,0,0.4855988192550668
-98.5013322122365,0,0.4855988192550668
-169.69411655585435,0,0.4855988192550668
-238.41851899669268,0,0.4855988192550668
-303.3577475556767,0,0.4855988192550668
-363.350623077915,0,0.4855988192550668
-417.30677815174636,0,0.4855988192550668
-464.2097527157405,0,0.4855988192550668
-503.15121908212535,0,0.4855988192550668
-533.3122186352848,0,0.4855988192550668
-554.1233228130899,0,0.4855988192550668
-565.3554338584394,0,0.4855988192550668
-566.9056894789661,0,0.4855988192550668
-558.7183853728583,0,0.4855988192550668
-540.8076298543841,0,0.4855988192550668
-513.2519620251093,0,0.4855988192550668
-476.39062281155077,0,0.4855988192550668
-430.92610158520915,0,0.4855988192550668
-377.77179373943574,0,0.4855988192550668
-317.90545020641713,0,0.4855988192550668
-252.37983868548935,0,0.4855988192550668
-182.45214868225762,0,0.4855988192550668
-109.51688535317432,0,0.4855988192550668
-34.8328477937842,0,0.4855988192550668
40.48564159877274,0,0.4855988192550668
115.24095191430642,0,0.4855988192550668
188.11612150237096,0,0.4855988192550668
257.801139361061,0,0.4855988192550668
323.11870127916995,0,0.4855988192550668
383.05578048517015,0,0.4855988192550668
436.6184019323717,0,0.4855988192550668
482.7046756937793,0,0.4855988192550668
520.2266620755967,0,0.4855988192550668
548.4103006602024,0,0.4855988192550668
566.945445098823,0,0.4855988192550668
575.8507425498539,0,0.4855988192550668
575.1833722970432,1,0.4855988192550668
564.9167847898062,0,0.4855988192550668
545.1192916902731,0,0.4855988192550668
516.0571530918974,0,0.4855988192550668
478.16076343543125,0,0.4855988192550668
432.02837496097703,0,0.4855988192550668
378.463022914145,0,0.4855988192550668
318.49259788633515,0,0.4855988192550668
253.27087977651425,0,0.4855988192550668
183.91481010786256,0,0.4855988192550668
111.49898170530169,0,0.4855988192550668
37.210201403364,0,0.4855988192550668
-37.677984733911764,0,0.4855988192550668
-111.94787779602342,0,0.4855988192550668
-184.39844688816936,0,0.4855988192550668
-253.79819278307124,0,0.4855988192550668
-318.9247503503208,0,0.4855988192550668
-378.63023515365785,0,0.4855988192550668
-431.95033569125275,0,0.4855988192550668
-478.10428865159133,0,0.4855988192550668
-516.3741305240678,0,0.4855988192550668
-546.0831630836105,0,0.4855988192550668
-566.704786579515,0,0.4855988192550668
-577.9282663929471,0,0.4855988192550668
-579.5645821861657,0,0.4855988192550668
-571.4508249364814,0,0.4855988192550668
-553.5815313153997,0,0.4855988192550668
-526.2236904038396,0,0.4855988192550668
-489.75600833152123,0,0.4855988192550668
-444.6373722289355,0,0.4855988192550668
-391.600923902377,0,0.4855988192550668
-331.6442766142501,0,0.4855988192550668
-265.8721522732735,0,0.4855988192550668
-195.41990145118163,0,0.4855988192550668
-121.43637444610059,0,0.4855988192550668
-45.1226844379816,0,0.4855988192550668
32.13773248662408,0,0.4855988192550668
108.73897859063968,0,0.4855988192550668
183.12402003200796,0,0.4855988192550668
254.01635126428866,0,0.4855988192550668
320.2447112519016,0,0.4855988192550668
380.516765258286,0,0.4855988192550668
433.5010812869505,0,0.4855988192550668
478.07365324492594,0,0.4855988192550668
513.496769548317,0,0.4855988192550668
539.3688742468399,0,0.4855988192550668
555.4222181413479,0,0.4855988192550668
561.4991502197823,0,0.4855988192550668
557.6314076081422,1,0.4855988192550668
543.9763036101955,0,0.4855988192550668
520.8218847691579,0,0.4855988192550668
488.69235295441746,0,0.4855988192550668
448.27895054489676,0,0.4855988192550668
400.34198093312443,0,0.4855988192550668
345.7474808721766,0,0.4855988192550668
285.4900309721822,0,0.4855988192550668
220.62106188475684,0,0.4855988192550668
152.2330988818941,0,0.4855988192550668
81.5780049115699,0,0.4855988192550668
9.978192577188253,0,0.4855988192550668
-61.36565829744405,0,0.4855988192550668
-131.3379527726089,0,0.4855988192550668
-198.9024030280032,0,0.4855988192550668
-263.102040261663,0,0.4855988192550668
-322.954723128654,0,0.4855988192550668
-377.45471796402376,0,0.4855988192550668
-425.6165123828827,0,0.4855988192550668
-466.5051576168464,0,0.4855988192550668
-499.3232139348045,0,0.4855988192550668
-523.454857235475,0,0.4855988192550668
-538.4074091170297,0,0.4855988192550668
-543.7779352095312,0,0.4855988192550668
-539.322216009778,0,0.4855988192550668
-525.0318338426803,0,0.4855988192550668
-501.11411750053225,0,0.4855988192550668
-467.93157713699355,0,0.4855988192550668
-426.0512014535939,0,0.4855988192550668
-376.2563083826789,0,0.4855988192550668
-319.4303858709349,0,0.4855988192550668
-256.52939212639313,0,0.4855988192550668
-188.61986371145827,0,0.4855988192550668
-116.89839425558334,0,0.4855988192550668
-42.710579346352745,0,0.4855988192550668
32.47797209295234,0,0.4855988192550668
107.21144320600739,0,0.4855988192550668
180.22574158446213,0,0.4855988192550668
250.47376499923038,0,0.4855988192550668
316.9588989346881,0,0.4855988192550668
378.67799998402495,0,0.4855988192550668
434.6918125972789,0,0.4855988192550668
484.0830094729431,0,0.4855988192550668
525.9629473471789,0,0.4855988192550668
559.5521929772756,0,0.4855988192550668
584.1835698974024,0,0.4855988192550668
599.3567204527903,0,0.4855988192550668
604.8257278453259,0,0.4855988192550668
600.5349328951268,1,0.4855988192550668
586.4630243978479,0,0.4855988192550668
562.7076221254132,0,0.4855988192550668
529.6518106714045,0,0.4855988192550668
487.82456782632875,0,0.4855988192550668
437.7676954566396,0,0.4855988192550668
380.1554223308626,0,0.4855988192550668
315.8971289817221,0,0.4855988192550668
246.1410960527157,0,0.4855988192550668
172.18331242265745,0,0.4855988192550668
95.36973590898604,0,0.4855988192550668
17.150696860662954,0,0.4855988192550668
-61.006876410822294,0,0.4855988192550668
-137.77526634011022,0,0.4855988192550668
-211.869292622118,0,0.4855988192550668
-281.9628840110576,0,0.4855988192550668
-346.71069524420244,0,0.4855988192550668
-404.8724420750497,0,0.4855988192550668
-455.4222351038396,0,0.4855988192550668
-497.45931792619336,0,0.4855988192550668
-530.2062241419023,0,0.4855988192550668
-553.0807925869187,0,0.4855988192550668
-565.7061157407207,0,0.4855988192550668
-567.9057105998675,0,0.4855988192550668
-559.6783712727749,0,0.4855988192550668
-541.2431547060182,0,0.4855988192550668
-513.0991763055677,0,0.4855988192550668
-476.0014067730524,0,0.4855988192550668
-430.8457404469696,0,0.4855988192550668
-378.5028831724485,0,0.4855988192550668
-319.79149234424375,0,0.4855988192550668
-255.63378114883167,0,0.4855988192550668
-187.15994604318382,0,0.4855988192550668
-115.69315191148046,0,0.4855988192550668
-42.59916070732097,0,0.4855988192550668
30.897338405184996,0,0.4855988192550668
103.67643486231556,0,0.4855988192550668
174.57606705476638,0,0.4855988192550668
242.3314638092123,0,0.4855988192550668
305.6682265492875,0,0.4855988192550668
363.4455746124612,0,0.4855988192550668
414.70328767372763,0,0.4855988192550668
458.618106672272,0,0.4855988192550668
494.4570262763544,0,0.4855988192550668
521.6643821807099,0,0.4855988192550668
539.9330189031083,0,0.4855988192550668
549.0652714939564,0,0.4855988192550668
548.7913992878094,1,0.4855988192550668
538.8750445967088,0,0.4855988192550668
519.3658587522962,0,0.4855988192550668
490.60332668317164,0,0.4855988192550668
453.1148125637847,0,0.4855988192550668
407.58652394960393,0,0.4855988192550668
354.82564104223513,0,0.4855988192550668
295.6743177753841,0,0.4855988192550668
231.05930255380238,0,0.4855988192550668
162.1640188972544,0,0.4855988192550668
90.34377265631018,0,0.4855988192550668
16.924029013253502,0,0.4855988192550668
-56.8063077764731,0,0.4855988192550668
-129.57944269016576,0,0.4855988192550668
-200.18641305393675,0,0.4855988192550668
-267.47314658300957,0,0.4855988192550668
-330.34884375165143,0,0.4855988192550668
-387.79675525135633,0,0.4855988192550668
-438.8988196229809,0,0.4855988192550668
-482.7970807056626,0,0.4855988192550668
-518.6475593290719,0,0.4855988192550668
-545.8052793158316,0,0.4855988192550668
-563.9043923849464,0,0.4855988192550668
-572.6928186341348,0,0.4855988192550668
-571.9624334633561,0,0.4855988192550668
-561.6163072020266,0,0.4855988192550668
-541.7277638070238,0,0.4855988192550668
-512.5930993812831,0,0.4855988192550668
-474.8060838811516,0,0.4855988192550668
-429.1368323428568,0,0.4855988192550668
-376.3842065142755,0,0.4855988192550668
-317.42577999022717,0,0.4855988192550668
-253.23417170471026,0,0.4855988192550668
-184.95698598537916,0,0.4855988192550668
-113.9132701745149,0,0.4855988192550668
-41.35123089635659,0,0.4855988192550668
31.561128920646365,0,0.4855988192550668
103.60311822049205,0,0.4855988192550668
173.5163289719956,0,0.4855988192550668
240.04493606384182,0,0.4855988192550668
302.0249986407018,0,0.4855988192550668
358.4939525457215,0,0.4855988192550668
408.6057572202711,0,0.4855988192550668
451.4327976446719,0,0.4855988192550668
486.04213605274515,0,0.4855988192550668
511.7260620319693,0,0.4855988192550668
528.0275861156142,0,0.4855988192550668
534.617378745997,0,0.4855988192550668
531.2423987388249,1,0.4855988192550668
517.8777403134055,0,0.4855988192550668
494.8379045208161,0,0.4855988192550668
462.6469052738528,0,0.4855988192550668
421.84481836374005,0,0.4855988192550668
373.005528676247,0,0.4855988192550668
316.90734466202355,0,0.4855988192550668
254.57105202719495,0,0.4855988192550668
187.20611037585087,0,0.4855988192550668
116.11414660908902,0,0.4855988192550668
42.60138650456665,0,0.4855988192550668
-31.994871914116388,0,0.4855988192550668
-106.27030804555746,0,0.4855988192550668
-178.80177394311744,0,0.4855988192550668
-248.22639474356177,0,0.4855988192550668
-313.33762219249843,0,0.4855988192550668
-373.1214144203425,0,0.4855988192550668
-426.6174419965654,0,0.4855988192550668
-472.8553412953442,0,0.4855988192550668
-510.9940267524091,0,0.4855988192550668
-540.397382209768,0,0.4855988192550668
-560.5729143136527,0,0.4855988192550668
-571.1661585570062,0,0.4855988192550668
-572.0683626759745,0,0.4855988192550668
-563.416758174337,0,0.4855988192550668
-545.437578778202,0,0.4855988192550668
-518.4535952508669,0,0.4855988192550668
-482.96473139870847,0,0.4855988192550668
-439.5769657755074,0,0.4855988192550668
-389.00744143964806,0,0.4855988192550668
-332.0576843144789,0,0.4855988192550668
-269.5077033209518,0,0.4855988192550668
-202.23033192750836,0,0.4855988192550668
-131.37848738554771,0,0.4855988192550668
-58.34027824762595,0,0.4855988192550668
15.46687280211559,0,0.4855988192550668
88.71621760326994,0,0.4855988192550668
160.2131508852766,0,0.4855988192550668
228.88206626521185,0,0.4855988192550668
293.7012918387257,0,0.4855988192550668
353.71650063530785,0,0.4855988192550668
407.9600607881578,0,0.4855988192550668
455.41453213986836,0,0.4855988192550668
495.1550635868371,0,0.4855988192550668
526.3183458826727,0,0.4855988192550668
548.1773659046899,0,0.4855988192550668
560.3600040638396,0,0.4855988192550668
562.7604013821481,0,0.4855988192550668
555.3863646253548,1,0.4855988192550668
538.4122640840468,0,0.4855988192550668
512.2164589681666,0,0.4855988192550668
477.29301025779245,0,0.4855988192550668
434.24870146389577,0,0.4855988192550668
383.8520396199855,0,0.4855988192550668
326.99022778275014,0,0.4855988192550668
264.7020697029306,0,0.4855988192550668
198.25224808478075,0,0.4855988192550668
128.96026029009633,0,0.4855988192550668
57.930825349183095,0,0.4855988192550668
-13.814965228349045,0,0.4855988192550668
-85.09805204019938,0,0.4855988192550668
-154.75429656971474,0,0.4855988192550668
-221.75148788654238,0,0.4855988192550668
-285.0127041522103,0,0.4855988192550668
-343.37281043261765,0,0.4855988192550668
-395.74557372262,0,0.4855988192550668
-441.31194089142105,0,0.4855988192550668
-479.48886635514606,0,0.4855988192550668
-509.64118241368436,0,0.4855988192550668
-531.0248581020747,0,0.4855988192550668
-543.0558172981349,0,0.4855988192550668
-545.4284415469306,0,0.4855988192550668
-538.013366915619,0,0.4855988192550668
-520.8262075194198,0,0.4855988192550668
-494.1851619719272,0,0.4855988192550668
-458.7236810672337,0,0.4855988192550668
-415.15321058076313,0,0.4855988192550668
-364.2000830080908,0,0.4855988192550668
-306.76757565049195,0,0.4855988192550668
-243.9247374935211,0,0.4855988192550668
-176.75728628668546,0,0.4855988192550668
-106.41800906530472,0,0.4855988192550668
-34.15732010054292,0,0.4855988192550668
38.8080635055151,0,0.4855988192550668
111.26352247030557,0,0.4855988192550668
181.8466454207791,0,0.4855988192550668
249.10362151050253,0,0.4855988192550668
311.639182832957,0,0.4855988192550668
368.2179641486983,0,0.4855988192550668
417.87721995225144,0,0.4855988192550668
459.8720197714499,0,0.4855988192550668
493.48680349276793,0,0.4855988192550668
518.0193694992072,0,0.4855988192550668
533.0336117436901,0,0.4855988192550668
538.4863837759286,0,0.4855988192550668
534.475944366559,1,0.4855988192550668
521.1054542259504,0,0.4855988192550668
498.6194117097654,0,0.4855988192550668
467.45593648299064,0,0.4855988192550668
428.1717126488352,0,0.4855988192550668
381.39234248175285,0,0.4855988192550668
327.86542872659084,0,0.4855988192550668
268.53832091743743,0,0.4855988192550668
204.4474042200139,0,0.4855988192550668
136.57679522509656,0,0.4855988192550668
65.97491190113718,0,0.4855988192550668
-6.140606007517419,0,0.4855988192550668
-78.46288001343568,0,0.4855988192550668
-149.65031790633506,0,0.4855988192550668
-218.35394508546003,0,0.4855988192550668
-283.3387490072918,0,0.4855988192550668
-343.58059045748894,0,0.4855988192550668
-398.23210266644037,0,0.4855988192550668
-446.569214122604,0,0.4855988192550668
-487.9212213532943,0,0.4855988192550668
-521.6065459829043,0,0.4855988192550668
-546.9900845027979,0,0.4855988192550668
-563.5494349125701,0,0.4855988192550668
-570.8406044780828,0,0.4855988192550668
-568.5173827622034,0,0.4855988192550668
-556.4160942095887,0,0.4855988192550668
-534.5878113379322,0,0.4855988192550668
-503.292131471479,0,0.4855988192550668
-463.00122037407596,0,0.4855988192550668
-414.4635477872488,0,0.4855988192550668
-358.63593091814073,0,0.4855988192550668
-296.56485820450547,0,0.4855988192550668
-229.44127739988213,0,0.4855988192550668
-158.51814857897375,0,0.4855988192550668
-84.95337758162461,0,0.4855988192550668
-9.83311782560994,0,0.4855988192550668
65.78478897117076,0,0.4855988192550668
140.75455951826476,0,0.4855988192550668
213.66802461356573,0,0.4855988192550668
282.9740278026786,0,0.4855988192550668
347.2798493600207,0,0.4855988192550668
405.4786382320052,0,0.4855988192550668
456.65101627963406,0,0.4855988192550668
499.92198408184765,0,0.4855988192550668
534.5718673143016,0,0.4855988192550668
560.1328619263925,0,0.4855988192550668
576.2351325297639,0,0.4855988192550668
582.5838870110568,0,0.4855988192550668
579.0727343937212,1,0.4855988192550668
565.7901229319453,0,0.4855988192550668
542.9600396386312,0,0.4855988192550668
510.93788663474487,0,0.4855988192550668
470.2707114695267,0,0.4855988192550668
421.7115132296583,0,0.4855988192550668
366.10391488774576,0,0.4855988192550668
304.3468109076043,0,0.4855988192550668
237.52534995464399,0,0.4855988192550668
166.89637359283822,0,0.4855988192550668
93.74521497253919,0,0.4855988192550668
19.370576128784062,0,0.4855988192550668
-54.85940982267491,0,0.4855988192550668
-127.59508113664249,0,0.4855988192550668
-197.6130873455418,0,0.4855988192550668
-263.7920228143667,0,0.4855988192550668
-325.0903066718966,0,0.4855988192550668
-380.50934970350494,0,0.4855988192550668
-429.08503974297963,0,0.4855988192550668
-469.9456162540376,0,0.4855988192550668
-502.3613351633645,0,0.4855988192550668
-525.7563892859346,0,0.4855988192550668
-539.609675001773,0,0.4855988192550668
-543.5102912399586,0,0.4855988192550668
-537.4376009365658,0,0.4855988192550668
-521.7169952314833,0,0.4855988192550668
-496.7017794099033,0,0.4855988192550668
-462.7949026706389,0,0.4855988192550668
-420.6703605333484,0,0.4855988192550668
-371.2327198283463,0,0.4855988192550668
-315.48365186161897,0,0.4855988192550668
-254.44351744638763,0,0.4855988192550668
-189.09553449245234,0,0.4855988192550668
-120.49786961781277,0,0.4855988192550668
-49.81170983054818,0,0.4855988192550668
21.843494426912983,0,0.4855988192550668
93.3339737452812,0,0.4855988192550668
163.45881741917302,0,0.4855988192550668
231.05488809431753,0,0.4855988192550668
294.9889583861053,0,0.4855988192550668
354.191510267779,0,0.4855988192550668
407.7583593194695,0,0.4855988192550668
454.810478312274,0,0.4855988192550668
494.38847715760943,0,0.4855988192550668
525.6582390085712,0,0.4855988192550668
548.0293735613071,0,0.4855988192550668
561.0581147452556,0,0.4855988192550668
564.4767861606198,0,0.4855988192550668
558.2494271062943,1,0.4855988192550668
542.4471672456921,0,0.4855988192550668
517.2507084863367,0,0.4855988192550668
483.0547365936337,0,0.4855988192550668
440.4221525621315,0,0.4855988192550668
390.0345561507632,0,0.4855988192550668
332.72235599118335,0,0.4855988192550668
269.49520466722134,0,0.4855988192550668
201.52054498328866,0,0.4855988192550668
130.06022631328005,0,0.4855988192550668
56.40747030783248,0,0.4855988192550668
-18.1234813664285,0,0.4855988192550668
-92.15240857178031,0,0.4855988192550668
-164.2009195139003,0,0.4855988192550668
-232.77077117265233,0,0.4855988192550668
-296.53435104619007,0,0.4855988192550668
-354.459109296868,0,0.4855988192550668
-405.7573050470016,0,0.4855988192550668
-449.7410168596542,0,0.4855988192550668
-485.74096266300705,0,0.4855988192550668
-513.0746771380849,0,0.4855988192550668
-531.123343986326,0,0.4855988192550668
-539.5345374780572,0,0.4855988192550668
-538.23652698948,0,0.4855988192550668
-527.3624783989309,0,0.4855988192550668
-507.1911359504666,0,0.4855988192550668
-478.0444909932421,0,0.4855988192550668
-440.30975947247555,0,0.4855988192550668
-394.54716304686775,0,0.4855988192550668
-341.5923001956566,0,0.4855988192550668
-282.49681810433424,0,0.4855988192550668
-218.30896612734847,0,0.4855988192550668
-150.04347371838594,0,0.4855988192550668
-78.82098066977892,0,0.4855988192550668
-5.884218704747819,0,0.4855988192550668
67.4686723425838,0,0.4855988192550668
139.96181095768162,0,0.4855988192550668
210.40323495669196,0,0.4855988192550668
277.5985286239138,0,0.4855988192550668
340.35858562140146,0,0.4855988192550668
397.67407282814963,0,0.4855988192550668
448.5970867629835,0,0.4855988192550668
492.08451690878815,0,0.4855988192550668
527.1904494650917,0,0.4855988192550668
553.2005120036812,0,0.4855988192550668
569.6306908298136,0,0.4855988192550668
576.2276935648052,0,0.4855988192550668
572.9844397783708,1,0.4855988192550668
560.1830294887533,0,0.4855988192550668
538.2219117069767,0,0.4855988192550668
507.36644763151884,0,0.4855988192550668
467.86854513608404,0,0.4855988192550668
420.27529443960714,0,0.4855988192550668
365.4063877045224,0,0.4855988192550668
304.1982072548272,0,0.4855988192550668
237.7181041086468,0,0.4855988192550668
167.13183857586975,0,0.4855988192550668
93.70409503086849,0,0.4855988192550668
18.84528221967493,0,0.4855988192550668
-55.991645558994364,0,0.4855988192550668
-129.3974878818446,0,0.4855988192550668
-200.03614832284885,0,0.4855988192550668
-266.74822005636247,0,0.4855988192550668
-328.4999827753895,0,0.4855988192550668
-384.26180824833244,0,0.4855988192550668
-433.18340385334744,0,0.4855988192550668
-474.68314553983106,0,0.4855988192550668
-508.20113045662623,0,0.4855988192550668
-533.1051840288416,0,0.4855988192550668
-548.9065337531684,0,0.4855988192550668
-555.3336023170049,0,0.4855988192550668
-552.2046434906192,0,0.4855988192550668
-539.4526453766858,0,0.4855988192550668
-517.2089794864752,0,0.4855988192550668
-485.8462052122634,0,0.4855988192550668
-445.98948979723775,0,0.4855988192550668
-398.37393755808733,0,0.4855988192550668
-343.7695119385131,0,0.4855988192550668
-283.07402565615035,0,0.4855988192550668
-217.33052356981347,0,0.4855988192550668
-147.66159084623627,0,0.4855988192550668
-75.23278686589748,0,0.4855988192550668
-1.2983038989530966,0,0.4855988192550668
72.81028954349611,0,0.4855988192550668
145.7640242208822,0,0.4855988192550668
216.27018904375294,0,0.4855988192550668
283.1041204886578,0,0.4855988192550668
345.0772043119118,0,0.4855988192550668
401.0609918015774,0,0.4855988192550668
450.04461149876505,0,0.4855988192550668
491.0816787012874,0,0.4855988192550668
523.2977201471844,0,0.4855988192550668
545.9804242872776,0,0.4855988192550668
558.6892338134915,0,0.4855988192550668
561.2577420532757,0,0.4855988192550668
553.7341865113726,1,0.4855988192550668
536.4624238748689,0,0.4855988192550668
509.97947043236104,0,0.4855988192550668
474.7971647457869,0,0.4855988192550668
431.48433406612173,0,0.4855988192550668
380.75134120737357,0,0.4855988192550668
323.4207286196557,0,0.4855988192550668
260.4766210845865,0,0.4855988192550668
193.10421511840485,0,0.4855988192550668
122.58027862660092,0,0.4855988192550668
50.11377155708955,0,0.4855988192550668
-23.14573682773143,0,0.4855988192550668
-96.07075263566554,0,0.4855988192550668
-167.57194220949748,0,0.4855988192550668
-236.47396376948666,0,0.4855988192550668
-301.4256900798029,0,0.4855988192550668
-361.10869205437314,0,0.4855988192550668
-414.45636298798127,0,0.4855988192550668
-460.5694406906597,0,0.4855988192550668
-498.6010681629855,0,0.4855988192550668
-527.8467259658041,0,0.4855988192550668
-547.8407986126597,0,0.4855988192550668
-558.3731029868086,0,0.4855988192550668
-559.411687212669,0,0.4855988192550668
-550.8919405285114,0,0.4855988192550668
-532.6737159586312,0,0.4855988192550668
-504.76856296796035,0,0.4855988192550668
-467.5080838767753,0,0.4855988192550668
-421.59296281279666,0,0.4855988192550668
-368.05490739931156,0,0.4855988192550668
-308.1075151198181,0,0.4855988192550668
-243.0308563641928,0,0.4855988192550668
-174.03509637061765,0,0.4855988192550668
-102.15888298257387,0,0.4855988192550668
-28.44241247767483,0,0.4855988192550668
45.94205783489372,0,0.4855988192550668
119.79192053895403,0,0.4855988192550668
191.8862123175754,0,0.4855988192550668
260.92612517325034,0,0.4855988192550668
325.6781009248723,0,0.4855988192550668
385.13288179514814,0,0.4855988192550668
438.3180147519859,0,0.4855988192550668
484.1450758405276,0,0.4855988192550668
521.6153075026111,0,0.4855988192550668
549.9978755276113,0,0.4855988192550668
568.8076902670051,0,0.4855988192550668
577.7449027264099,0,0.4855988192550668
576.707921327052,1,0.4855988192550668
565.7981187199609,0,0.4855988192550668
545.2576658431257,0,0.4855988192550668
515.4130919918514,0,0.4855988192550668
476.68402049569136,0,0.4855988192550668
429.64403794968064,0,0.4855988192550668
375.0514526310905,0,0.4855988192550668
313.87393153748764,0,0.4855988192550668
247.2150896303253,0,0.4855988192550668
176.1363600754586,0,0.4855988192550668
101.70127352390111,0,0.4855988192550668
25.10815915233541,0,0.4855988192550668
-52.347498048014515,0,0.4855988192550668
-129.2396234031006,0,0.4855988192550668
-204.02935225241322,0,0.4855988192550668
-275.3168843436381,0,0.4855988192550668
-341.8685813308082,0,0.4855988192550668
-402.4807967751273,0,0.4855988192550668
-456.08341862530517,0,0.4855988192550668
-501.7818740888428,0,0.4855988192550668
-538.7702071849528,0,0.4855988192550668
-566.331128523693,0,0.4855988192550668
-583.8723569712864,0,0.4855988192550668
-591.0427975898417,0,0.4855988192550668
-587.8194233053247,0,0.4855988192550668
-574.3884168360344,0,0.4855988192550668
-551.0189020879267,0,0.4855988192550668
-518.0749172139206,0,0.4855988192550668
-476.08249306989853,0,0.4855988192550668
-425.77486787336045,0,0.4855988192550668
-368.02060967609594,0,0.4855988192550668
-303.7989354276471,0,0.4855988192550668
-234.2996005381307,0,0.4855988192550668
-160.81227793920164,0,0.4855988192550668
-84.6328098211985,0,0.4855988192550668
-7.2399698034814,0,0.4855988192550668
69.76450553573858,0,0.4855988192550668
144.90032432722984,0,0.4855988192550668
216.88108868156348,0,0.4855988192550668
284.66297212687726,0,0.4855988192550668
347.38249048055934,0,0.4855988192550668
404.1328323017324,0,0.4855988192550668
453.89005717071933,0,0.4855988192550668
495.6896457473749,0,0.4855988192550668
528.8176592420485,0,0.4855988192550668
552.7460030829546,0,0.4855988192550668
567.0085872560617,0,0.4855988192550668
571.2982687151026,0,0.4855988192550668
565.5818331734589,1,0.4855988192550668
550.1049989347583,0,0.4855988192550668
525.30032138954,0,0.4855988192550668
491.64907809639595,0,0.4855988192550668
449.64746334131115,0,0.4855988192550668
399.8808990667701,0,0.4855988192550668
343.1496158803737,0,0.4855988192550668
280.50408322260586,0,0.4855988192550668
213.1295947788525,0,0.4855988192550668
142.2571516451995,0,0.4855988192550668
69.17962052278556,0,0.4855988192550668
-4.713266371261059,0,0.4855988192550668
-78.04774451363149,0,0.4855988192550668
-149.65314589506073,0,0.4855988192550668
-218.4834062894552,0,0.4855988192550668
-283.40360771868376,0,0.4855988192550668
-343.26162888067097,0,0.4855988192550668
-397.10711643294036,0,0.4855988192550668
-444.15832456853076,0,0.4855988192550668
-483.62862578108917,0,0.4855988192550668
-514.7903712418464,0,0.4855988192550668
-537.1405331191664,0,0.4855988192550668
-550.3673159858239,0,0.4855988192550668
-554.2445239479217,0,0.4855988192550668
-548.5820487796111,0,0.4855988192550668
-533.2476914296558,0,0.4855988192550668
-508.2976586336543,0,0.4855988192550668
-474.10644228454737,0,0.4855988192550668
-431.3274865220041,0,0.4855988192550668
-380.72933388769684,0,0.4855988192550668
-323.18839316166344,0,0.4855988192550668
-259.8190860437354,0,0.4855988192550668
-191.92355023749894,0,0.4855988192550668
-120.8411026145324,0,0.4855988192550668
-47.92585830055617,0,0.4855988192550668
25.448197193186477,0,0.4855988192550668
97.97600312350451,0,0.4855988192550668
168.46216911777083,0,0.4855988192550668
235.7400882981861,0,0.4855988192550668
298.7232395085988,0,0.4855988192550668
356.4775153517634,0,0.4855988192550668
408.0777007132771,0,0.4855988192550668
452.5823569539285,0,0.4855988192550668
489.2010627984508,0,0.4855988192550668
517.3784972543709,0,0.4855988192550668
536.6647406755031,0,0.4855988192550668
546.5216359090138,0,0.4855988192550668
546.4453646654935,1,0.4855988192550668
536.3033645644214,0,0.4855988192550668
516.4049960229534,0,0.4855988192550668
487.2421110534228,0,0.4855988192550668
449.30290935333744,0,0.4855988192550668
403.1667399308073,0,0.4855988192550668
349.64213591978364,0,0.4855988192550668
289.72045470614927,0,0.4855988192550668
224.4966606587392,0,0.4855988192550668
155.22079481339912,0,0.4855988192550668
83.25310687356797,0,0.4855988192550668
9.943952733884277,0,0.4855988192550668
-63.39621983485776,0,0.4855988192550668
-135.52700812474333,0,0.4855988192550668
-205.23378952920095,0,0.4855988192550668
-271.27563573721693,0,0.4855988192550668
-332.48474549107965,0,0.4855988192550668
-387.80943592741323,0,0.4855988192550668
-436.25492993190153,0,0.4855988192550668
-476.99224698962274,0,0.4855988192550668
-509.49183367447085,0,0.4855988192550668
-533.3527609542036,0,0.4855988192550668
-548.1683818535971,0,0.4855988192550668
-553.7177907947207,0,0.4855988192550668
-550.0257151373884,0,0.4855988192550668
-537.2100060741658,0,0.4855988192550668
-515.4490284032812,0,0.4855988192550668
-485.0270410261573,0,0.4855988192550668
-446.3738748381701,0,0.4855988192550668
-400.0504928350855,0,0.4855988192550668
-346.7067178779731,0,0.4855988192550668
-287.1331269786755,0,0.4855988192550668
-222.3012387705334,0,0.4855988192550668
-153.3087442446285,0,0.4855988192550668
-81.3510987893687,0,0.4855988192550668
-7.656638617559565,0,0.4855988192550668
66.6090269405694,0,0.4855988192550668
140.24028562620708,0,0.4855988192550668
211.84214739133228,0,0.4855988192550668
279.95516475641057,0,0.4855988192550668
343.337878392183,0,0.4855988192550668
401.0451295034407,0,0.4855988192550668
452.22573477927006,0,0.4855988192550668
495.92124485710366,0,0.4855988192550668
531.2138109647749,0,0.4855988192550668
557.4835088602382,0,0.4855988192550668
574.3375408662699,0,0.4855988192550668
581.5117341939412,0,0.4855988192550668
578.8945925811346,1,0.4855988192550668
566.5125506025907,0,0.4855988192550668
544.5302385305737,0,0.4855988192550668
513.312398904944,0,0.4855988192550668
473.4970536468438,0,0.4855988192550668
425.89565398128263,0,0.4855988192550668
371.3086548323532,0,0.4855988192550668
310.5325656159348,0,0.4855988192550668
244.517483245365,0,0.4855988192550668
174.40656838366402,0,0.4855988192550668
101.41371029611688,0,0.4855988192550668
26.79659336047315,0,0.4855988192550668
-48.03639635291671,0,0.4855988192550668
-121.60020716787315,0,0.4855988192550668
-192.53663227653664,0,0.4855988192550668
-259.6763518961583,0,0.4855988192550668
-322.03911021752725,0,0.4855988192550668
-378.7249863760542,0,0.4855988192550668
-428.79945073874364,0,0.4855988192550668
-471.3594652901565,0,0.4855988192550668
-505.59373294577705,0,0.4855988192550668
-530.826443761169,0,0.4855988192550668
-546.5534911406444,0,0.4855988192550668
-552.4562041131568,0,0.4855988192550668
-548.445739908678,0,0.4855988192550668
-534.6202780310102,0,0.4855988192550668
-511.21893147004147,0,0.4855988192550668
-478.67404089928266,0,0.4855988192550668
-437.5747254418089,0,0.4855988192550668
-388.5435790158321,0,0.4855988192550668
-332.3146253455327,0,0.4855988192550668
-269.93580636366016,0,0.4855988192550668
-202.70625823898698,0,0.4855988192550668
-131.91724756561135,0,0.4855988192550668
-58.78341320421391,0,0.4855988192550668
15.394280666951724,0,0.4855988192550668
89.19335046601432,0,0.4855988192550668
161.17741164889264,0,0.4855988192550668
229.94379123339786,0,0.4855988192550668
294.2545420501234,0,0.4855988192550668
353.12609963388536,0,0.4855988192550668
405.6625708352128,0,0.4855988192550668
450.91123884501036,0,0.4855988192550668
488.0502709648608,0,0.4855988192550668
516.6144251620124,0,0.4855988192550668
536.3661258843263,0,0.4855988192550668
547.0880186432498,0,0.4855988192550668
548.567036231957,0,0.4855988192550668
540.6963824239876,1,0.4855988192550668
523.5885376843179,0,0.4855988192550668
497.5532746940744,0,0.4855988192550668
462.96672136973683,0,0.4855988192550668
420.25131579534025,0,0.4855988192550668
369.96358741400275,0,0.4855988192550668
312.8596411740903,0,0.4855988192550668
249.92164878221158,0,0.4855988192550668
182.25993725521388,0,0.4855988192550668
110.9350029283614,0,0.4855988192550668
36.93174595294137,0,0.4855988192550668
-38.62085759034618,0,0.4855988192550668
-114.31187472696608,0,0.4855988192550668
-188.6291300445149,0,0.4855988192550668
-260.12374980035685,0,0.4855988192550668
-327.4119885385783,0,0.4855988192550668
-389.1953142046732,0,0.4855988192550668
-444.32203062080583,0,0.4855988192550668
-491.81550401963887,0,0.4855988192550668
-530.8855749836498,0,0.4855988192550668
-560.9880281448881,0,0.4855988192550668
-581.725807728579,0,0.4855988192550668
-592.6517934055039,0,0.4855988192550668
-593.448730214704,0,0.4855988192550668
-584.1393107881902,0,0.4855988192550668
-564.9443110192065,0,0.4855988192550668
-536.2291398292091,0,0.4855988192550668
-498.5955156677523,0,0.4855988192550668
-452.83935021979744,0,0.4855988192550668
-399.8301217191706,0,0.4855988192550668
-340.457649345079,0,0.4855988192550668
-275.6380055439994,0,0.4855988192550668
-206.34500876904974,0,0.4855988192550668
-133.6151730672648,0,0.4855988192550668
-58.5319509237156,0,0.4855988192550668
17.709635068600292,0,0.4855988192550668
93.78682792101928,0,0.4855988192550668
168.3740898450192,0,0.4855988192550668
240.1971872327812,0,0.4855988192550668
307.9747456024612,0,0.4855988192550668
370.4403945434179,0,0.4855988192550668
426.4396086069407,0,0.4855988192550668
474.9684976802902,0,0.4855988192550668
515.1171880554676,0,0.4855988192550668
546.0276550911613,0,0.4855988192550668
566.9994137494159,0,0.4855988192550668
577.6208446857164,0,0.4855988192550668
577.8253510737103,0,0.4855988192550668
567.8515346726268,1,0.4855988192550668
548.0599735874499,0,0.4855988192550668
518.8269720516872,0,0.4855988192550668
480.60884053074494,0,0.4855988192550668
434.00475039686415,0,0.4855988192550668
379.80871587712033,0,0.4855988192550668
319.00308292212554,0,0.4855988192550668
252.67234035938162,0,0.4855988192550668
181.9938707220905,0,0.4855988192550668
108.18516398639419,0,0.4855988192550668
32.40603384751149,0,0.4855988192550668
-44.10864965274481,0,0.4855988192550668
-119.96083641547727,0,0.4855988192550668
-193.77315897734627,0,0.4855988192550668
-264.3465857389824,0,0.4855988192550668
-330.6071580706144,0,0.4855988192550668
-391.4596960308651,0,0.4855988192550668
-445.80239934717747,0,0.4855988192550668
-492.656171380848,0,0.4855988192550668
-531.1944669788711,0,0.4855988192550668
-560.749243009667,0,0.4855988192550668
-580.8530495363707,0,0.4855988192550668
-591.1968464644222,0,0.4855988192550668
-591.5793683993564,0,0.4855988192550668
-581.9300654500744,0,0.4855988192550668
-562.3324976501077,0,0.4855988192550668
-532.9988737048137,0,0.4855988192550668
-494.2781261787637,0,0.4855988192550668
-446.773276691866,0,0.4855988192550668
-391.3774051136584,0,0.4855988192550668
-329.1520560959125,0,0.4855988192550668
-261.20035554082284,0,0.4855988192550668
-188.69563472435817,0,0.4855988192550668
-112.99882570852068,0,0.4855988192550668
-35.550729446263865,0,0.4855988192550668
42.33358987131038,0,0.4855988192550668
119.3422644209401,0,0.4855988192550668
194.04402362027108,0,0.4855988192550668
265.0730463454374,0,0.4855988192550668
331.11071485212926,0,0.4855988192550668
390.80098858253615,0,0.4855988192550668
443.0420518215604,0,0.4855988192550668
487.11423640304923,0,0.4855988192550668
522.4134520045551,0,0.4855988192550668
548.3803378252076,0,0.4855988192550668
564.6457377060979,0,0.4855988192550668
570.9970579104157,0,0.4855988192550668
567.3088728928398,1,0.4855988192550668
553.623585890658,0,0.4855988192550668
530.2405941298264,0,0.4855988192550668
497.64886254233545,0,0.4855988192550668
456.4073665753997,0,0.4855988192550668
407.1886639857473,0,0.4855988192550668
350.8761233885428,0,0.4855988192550668
288.58396594638793,0,0.4855988192550668
221.56414840513895,0,0.4855988192550668
151.0369727974543,0,0.4855988192550668
78.16561964547613,0,0.4855988192550668
4.187064128602249,0,0.4855988192550668
-69.52881105405984,0,0.4855988192550668
-141.59259046652295,0,0.4855988192550668
-210.78485437862113,0,0.4855988192550668
-276.0959554718171,0,0.4855988192550668
-336.60989165454146,0,0.4855988192550668
-391.4203427336754,0,0.4855988192550668
-439.61378645090986,0,0.4855988192550668
-480.39107652274777,0,0.4855988192550668
-513.1779790976445,0,0.4855988192550668
-537.4779980124375,0,0.4855988192550668
-552.7813567428883,0,0.4855988192550668
-558.6816439136317,0,0.4855988192550668
-554.9618932348268,0,0.4855988192550668
-541.5930190733651,0,0.4855988192550668
-518.6158549577459,0,0.4855988192550668
-486.2413227653228,0,0.4855988192550668
-445.0986521024789,0,0.4855988192550668
-396.0630663149919,0,0.4855988192550668
-340.05587359331594,0,0.4855988192550668
-278.0535069432976,0,0.4855988192550668
-211.0714009523954,0,0.4855988192550668
-140.26019702729607,0,0.4855988192550668
-66.9923230343704,0,0.4855988192550668
7.290951513515817,0,0.4855988192550668
81.28801280285937,0,0.4855988192550668
153.81333931752698,0,0.4855988192550668
223.6479780982106,0,0.4855988192550668
289.5204598875031,0,0.4855988192550668
350.2533234965796,0,0.4855988192550668
404.8521052943188,0,0.4855988192550668
452.41530305995605,0,0.4855988192550668
492.09999037162555,0,0.4855988192550668
523.1881766464398,0,0.4855988192550668
545.1282821556334,0,0.4855988192550668
557.5317852345253,0,0.4855988192550668
560.1123883068116,0,0.4855988192550668
552.6501208165869,1,0.4855988192550668
535.0958894463718,0,0.4855988192550668
507.7022281888621,0,0.4855988192550668
471.0526329238238,0,0.4855988192550668
425.990929930898,0,0.4855988192550668
373.4817788536598,0,0.4855988192550668
314.5597578540647,0,0.4855988192550668
250.30302714637116,0,0.4855988192550668
181.78079273036528,0,0.4855988192550668
110.08016835142938,0,0.4855988192550668
36.34910576142771,0,0.4855988192550668
-38.09272852713639,0,0.4855988192550668
-111.74145605826138,0,0.4855988192550668
-183.1267059603972,0,0.4855988192550668
-250.96637180720987,0,0.4855988192550668
-314.1875162296867,0,0.4855988192550668
-371.84511654154784,0,0.4855988192550668
-423.0371152159056,0,0.4855988192550668
-466.99029786851173,0,0.4855988192550668
-503.1182418746214,0,0.4855988192550668
-530.8907215372432,0,0.4855988192550668
-549.7703821230363,0,0.4855988192550668
-559.3135518905094,0,0.4855988192550668
-559.2354143162785,0,0.4855988192550668
-549.4862160046151,0,0.4855988192550668
-530.3358174860958,0,0.4855988192550668
-502.24503493191645,0,0.4855988192550668
-465.7113514468261,0,0.4855988192550668
-421.3494889666775,0,0.4855988192550668
-369.9694899313735,0,0.4855988192550668
-312.4680792079751,0,0.4855988192550668
-249.70609697392646,0,0.4855988192550668
-182.5550478053128,0,0.4855988192550668
-112.053209269505,0,0.4855988192550668
-39.44581462345015,0,0.4855988192550668
33.89502833103805,0,0.4855988192550668
106.56990734103852,0,0.4855988192550668
177.2499100689724,0,0.4855988192550668
244.76371157354842,0,0.4855988192550668
308.10041504963624,0,0.4855988192550668
366.270276155302,0,0.4855988192550668
418.2462463212648,0,0.4855988192550668
463.0963408482348,0,0.4855988192550668
500.04057385563283,0,0.4855988192550668
528.3428047595899,0,0.4855988192550668
547.3662976093179,0,0.4855988192550668
556.7558476716437,0,0.4855988192550668
556.3910738522395,1,0.4855988192550668
546.2752195737878,0,0.4855988192550668
526.5275764055214,0,0.4855988192550668
497.46094196088836,0,0.4855988192550668
459.65895124522143,0,0.4855988192550668
413.8240016388171,0,0.4855988192550668
360.61442641062905,0,0.4855988192550668
300.7271135816776,0,0.4855988192550668
235.02300230509366,0,0.4855988192550668
164.62206312329948,0,0.4855988192550668
90.93598244730103,0,0.4855988192550668
15.498989064494802,0,0.4855988192550668
-60.1838277531896,0,0.4855988192550668
-134.62990178050828,0,0.4855988192550668
-206.4399405566785,0,0.4855988192550668
-274.36343939866117,0,0.4855988192550668
-337.25347545466195,0,0.4855988192550668
-394.0947141723814,0,0.4855988192550668
-444.0615571251924,0,0.4855988192550668
-486.43209871894396,0,0.4855988192550668
-520.5203124180534,0,0.4855988192550668
-545.7419766514842,0,0.4855988192550668
-561.6524085861325,0,0.4855988192550668
-567.9826288565971,0,0.4855988192550668
-564.6513486408096,0,0.4855988192550668
-551.7057585759254,0,0.4855988192550668
-529.3807992745608,0,0.4855988192550668
-498.1373652890871,0,0.4855988192550668
-458.60832095628064,0,0.4855988192550668
-411.5954623797711,0,0.4855988192550668
-358.03054272084245,0,0.4855988192550668
-298.9214283689177,0,0.4855988192550668
-235.30519993520252,0,0.4855988192550668
-168.17343973701136,0,0.4855988192550668
-98.4859004636893,0,0.4855988192550668
-27.250265354971283,0,0.4855988192550668
44.4604095822592,0,0.4855988192550668
115.49217167689473,0,0.4855988192550668
184.6143844751592,0,0.4855988192550668
250.64928821364845,0,0.4855988192550668
312.5309169288639,0,0.4855988192550668
369.2308407327974,0,0.4855988192550668
419.7894724501481,0,0.4855988192550668
463.3998439590866,0,0.4855988192550668
499.378265627929,0,0.4855988192550668
527.0863828743012,0,0.4855988192550668
545.9584509717109,0,0.4855988192550668
555.562002657393,0,0.4855988192550668
555.5480547273488,1,0.4855988192550668
545.6877585963109,0,0.4855988192550668
526.0273737936153,0,0.4855988192550668
496.9025326045935,0,0.4855988192550668
458.79971426329905,0,0.4855988192550668
412.3216851737782,0,0.4855988192550668
359.54753534926834,0,0.4855988192550668
305.2568261651757,0,0.4855988192550668
254.16806884096724,0,0.4855988192550668
208.1660988324935,0,0.4855988192550668
167.51031185975344,0,0.4855988192550668
132.1979599845174,0,0.4855988192550668
102.05134225488302,0,0.4855988192550668
76.76113051762857,0,0.4855988192550668
55.89276412186231,0,0.4855988192550668
38.91222548197818,0,0.4855988192550668
25.274830663677232,0,0.4855988192550668
14.482924515658212,0,0.4855988192550668
6.082887257564083,0,0.4855988192550668
-0.3323682051784824,0,0.4855988192550668
-5.133812921133331,0,0.4855988192550668
-8.685804471423184,0,0.4855988192550668
-11.321668095784142,0,0.4855988192550668
-13.302259306701606,0,0.4855988192550668
-14.829118984508382,0,0.4855988192550668
-16.056483610807145,0,0.4855988192550668
-17.11797319549791,0,0.4855988192550668
-18.144595688161374,0,0.4855988192550668
-19.214111728313863,0,0.4855988192550668
-20.340549452460632,0,0.4855988192550668
-21.533146966604818,0,0.4855988192550668
-22.83736358041491,0,0.4855988192550668
-24.295954882181295,0,0.4855988192550668
-25.894469872525466,0,0.4855988192550668
-27.582265058093686,0,0.4855988192550668
-29.316993944479485,0,0.4855988192550668
-31.07315060283941,0,0.4855988192550668
-32.84626062531442,0,0.4855988192550668
-34.638521435140476,0,0.4855988192550668
-36.42637991643695,0,0.4855988192550668
-38.1861428696499,0,0.4855988192550668
-39.916546817966555,0,0.4855988192550668
-41.62857220967927,0,0.4855988192550668
-43.324696871825616,0,0.4855988192550668
-44.973895029319586,0,0.4855988192550668
-46.546875088344706,0,0.4855988192550668
-48.050407246452764,0,0.4855988192550668
-49.48320601486692,0,0.4855988192550668
-50.805090443161816,0,0.4855988192550668
-52.00004289935922,0,0.4855988192550668
-53.102906771642054,0,0.4855988192550668
-54.12671284122458,0,0.4855988192550668
-55.04759171026317,0,0.4855988192550668
-55.84770783874858,0,0.4855988192550668
-56.51423040675101,0,0.4855988192550668
-57.04479851238793,0,0.4855988192550668
-57.47799085252081,0,0.4855988192550668
-57.87548530286371,0,0.4855988192550668
-58.26364891613615,0,0.4855988192550668
-58.6309085193257,0,0.4855988192550668
-58.98659321385669,0,0.4855988192550668
-59.39032956124185,0,0.4855988192550668
-59.92832331994076,0,0.4855988192550668
-60.6535717579967,0,0.4855988192550668
-61.555697777179624,0,0.4855988192550668
-62.59783769552916,0,0.4855988192550668
-63.75171617256607,0,0.4855988192550668
-64.99862792124183,0,0.4855988192550668
-66.32228307092277,0,0.4855988192550668
-67.70479829375482,0,0.4855988192550668
-69.0859065161991,0,0.4855988192550668
-70.34442792549001,0,0.4855988192550668
-71.36119394297833,0,0.4855988192550668
-72.06082995325316,0,0.4855988192550668
-72.38266898416798,0,0.4855988192550668
-72.25568671624954,0,0.4855988192550668
-71.64442045538975,0,0.4855988192550668
-70.563153416111,0,0.4855988192550668
-69.01777848888257,0,0.4855988192550668
-67.0176523210726,0,0.4855988192550668
-64.64249280557499,0,0.4855988192550668
-62.0104147885863,0,0.4855988192550668
-59.201148554300616,0,0.4855988192550668
-56.286876394759176,0,0.4855988192550668
-53.36564624749336,0,0.4855988192550668
-50.52968734110078,0,0.4855988192550668
-47.85138916850513,0,0.4855988192550668
-45.380821529639086,0,0.4855988192550668
-43.141099438308935,0,0.4855988192550668
-41.13044525785603,0,0.4855988192550668
-39.337969941051746,0,0.4855988192550668
-37.75648749180304,0,0.4855988192550668
-36.37698182978459,0,0.4855988192550668
-35.186704454919514,0,0.4855988192550668
-34.16344187996205,0,0.4855988192550668
-33.25524789575881,0,0.4855988192550668
-32.416095734580246,0,0.4855988192550668
-31.630118535433688,0,0.4855988192550668
-30.851642581688274,0,0.4855988192550668
-30.034729684526592,0,0.4855988192550668
-29.180868677981135,0,0.4855988192550668
-28.285429141275166,0,0.4855988192550668
-27.339979380013894,0,0.4855988192550668
-26.368354608519656,0,0.4855988192550668
-25.390285529780055,0,0.4855988192550668
-24.39042308795144,0,0.4855988192550668
-23.360193031934234,0,0.4855988192550668
-22.322898624348404,0,0.4855988192550668
-21.305268491952177,0,0.4855988192550668
-20.314778133323053,0,0.4855988192550668
-19.331345040833238,0,0.4855988192550668
-18.324072337936283,0,0.4855988192550668
-17.29421962224096,0,0.4855988192550668
-16.284595817109633,0,0.4855988192550668
-15.334620460188647,0,0.4855988192550668
-14.461396901336999,0,0.4855988192550668
-13.65491022921312,0,0.4855988192550668
-12.884966310307746,0,0.4855988192550668
-12.152866190197766,0,0.4855988192550668
-11.473621435152353,0,0.4855988192550668
-10.840168661406688,0,0.4855988192550668
-10.24743412076597,0,0.4855988192550668
-9.682081074372624,0,0.4855988192550668
-9.126099210138731,0,0.4855988192550668
-8.588481691438497,0,0.4855988192550668
-8.086821529396689,0,0.4855988192550668
-7.634361593345537,0,0.4855988192550668
-7.239278563516566,0,0.4855988192550668
-6.902909051522041,0,0.4855988192550668
-6.627504652887303,0,0.4855988192550668
-6.408065065148119,0,0.4855988192550668
-6.247414775785313,0,0.4855988192550668
-6.159036680640118,0,0.4855988192550668
-6.13595551538174,0,0.4855988192550668
-6.149267055527533,0,0.4855988192550668
-6.157345772142668,0,0.4855988192550668
-6.115266209679819,0,0.4855988192550668
-6.017288989986021,0,0.4855988192550668
-5.8961802120296865,0,0.4855988192550668
-5.763894864302488,0,0.4855988192550668
-5.614537315575134,0,0.4855988192550668
-5.465779244424084,0,0.4855988192550668
-5.338506348165949,0,0.4855988192550668
-5.2028306659960695,0,0.4855988192550668
-5.0346906323228255,0,0.4855988192550668
-4.873858807648609,0,0.4855988192550668
-4.739002421133329,0,0.4855988192550668
-4.603697671776969,0,0.4855988192550668
-4.464167009088862,0,0.4855988192550668
-4.360396404132402,0,0.4855988192550668
-4.333663885744386,0,0.4855988192550668
-4.3880487553972065,0,0.4855988192550668
-4.514915479944422,0,0.4855988192550668
-4.732716206346244,0,0.4855988192550668
-5.075526292048394,0,0.4855988192550668
-5.546992835475363,0,0.4855988192550668
-6.124658279322195,0,0.4855988192550668
-6.803563985208475,0,0.4855988192550668
-7.610722148577846,0,0.4855988192550668
-8.58118168416037,0,0.4855988192550668
-9.722968822850644,0,0.4855988192550668
-11.006602968694065,0,0.4855988192550668
-12.375627417785863,0,0.4855988192550668
-13.764379685101247,0,0.4855988192550668
-15.131252995440295,0,0.4855988192550668
-16.444795125708026,0,0.4855988192550668
-17.60197384554327,0,0.4855988192550668
-18.433903763824446,0,0.4855988192550668
-18.830336452487277,0,0.4855988192550668
-18.77933928156174,0,0.4855988192550668
-18.29025180679448,0,0.4855988192550668
-17.36419723019665,0,0.4855988192550668
-15.998524182391714,0,0.4855988192550668
-14.214019413051975,0,0.4855988192550668
-12.109400620782234,0,0.4855988192550668
-9.81060125610272,0,0.4855988192550668
-7.398092568095693,0,0.4855988192550668
-4.947584443074099,0,0.4855988192550668
-2.565286499984779,0,0.4855988192550668
-0.33153211083816403,0,0.4855988192550668
1.7180725724056256,0,0.4855988192550668
3.516709582529608,0,0.4855988192550668
4.970323400533514,0,0.4855988192550668
6.053711616903066,0,0.4855988192550668
6.817203815994737,0,0.4855988192550668
7.309605901287675,0,0.4855988192550668
7.548071730399335,0,0.4855988192550668
7.5609901394581005,0,0.4855988192550668
7.410205526781789,0,0.4855988192550668
7.165324058789592,0,0.4855988192550668
6.882877142377399,0,0.4855988192550668
6.588256624957556,0,0.4855988192550668
6.284804542073447,0,0.4855988192550668
6.010199916042646,0,0.4855988192550668
5.849233631314824,0,0.4855988192550668
5.850004257635696,0,0.4855988192550668
5.979870264011732,0,0.4855988192550668
6.1911116029270845,0,0.4855988192550668
6.469150399143281,0,0.4855988192550668
6.824612836881327,0,0.4855988192550668
7.259030072817311,0,0.4855988192550668
7.739040229362924,0,0.4855988192550668
8.222152436882029,0,0.4855988192550668
8.686876886922503,0,0.4855988192550668
9.126595951405445,0,0.4855988192550668
9.519728899899393,0,0.4855988192550668
9.851343475754152,0,0.4855988192550668
10.147932011835826,0,0.4855988192550668
10.410450916972286,0,0.4855988192550668
10.595715876976058,0,0.4855988192550668
10.694237184046328,0,0.4855988192550668
10.721719722990315,0,0.4855988192550668
10.661123654531755,0,0.4855988192550668
10.47886273781468,0,0.4855988192550668
10.17073679177612,0,0.4855988192550668
9.76572791696002,0,0.4855988192550668
9.29909616404529,0,0.4855988192550668
8.801091113084595,0,0.4855988192550668
8.31562168550839,0,0.4855988192550668
7.880287046081407,0,0.4855988192550668
7.498319346219901,0,0.4855988192550668
7.178880162797547,0,0.4855988192550668
6.910100091412841,0,0.4855988192550668
6.626097907530747,0,0.4855988192550668
6.30462701501888,0,0.4855988192550668
5.9860138897194775,0,0.4855988192550668
5.692831465874565,0,0.4855988192550668
5.416395088717985,0,0.4855988192550668
5.15203940926387,0,0.4855988192550668
4.9130062878270415,0,0.4855988192550668
4.7114226621680615,0,0.4855988192550668
4.545371410928692,0,0.4855988192550668
4.390748109229911,0,0.4855988192550668
4.219517026246931,0,0.4855988192550668
4.030424035833761,0,0.4855988192550668
3.8276876285655446,0,0.4855988192550668
3.583914394453356,0,0.4855988192550668
3.2473037306761263,0,0.4855988192550668
2.812513981271022,0,0.4855988192550668
2.335934654457171,0,0.4855988192550668
1.8357962369287448,0,0.4855988192550668
1.2527138192097655,0,0.4855988192550668
0.5150621998743514,0,0.4855988192550668
-0.40141047051151685,0,0.4855988192550668
-1.4752257652253196,0,0.4855988192550668
-2.7073019506339433,0,0.4855988192550668
-4.136288713885564,0,0.4855988192550668
-5.763273115038762,0,0.4855988192550668
-7.546737659274686,0,0.4855988192550668
-9.436211210128842,0,0.4855988192550668
-11.369494248717464,0,0.4855988192550668
-13.277050252152147,0,0.4855988192550668
-15.049871626307736,0,0.4855988192550668
-16.536570608296312,0,0.4855988192550668
-17.613586210070924,0,0.4855988192550668
-18.220465083103818,0,0.4855988192550668
-18.339204294609893,0,0.4855988192550668
-17.964370240110455,0,0.4855988192550668
-17.105802818284484,0,0.4855988192550668
-15.792955316341255,0,0.4855988192550668
-14.075822459851448,0,0.4855988192550668
-12.061903705369776,0,0.4855988192550668
-9.890082757532834,0,0.4855988192550668
-7.662931909504572,0,0.4855988192550668
-5.459621076963969,0,0.4855988192550668
-3.3411532546853895,0,0.4855988192550668
-1.3602325746317634,0,0.4855988192550668
0.408762165328973,0,0.4855988192550668
1.9072717405083686,0,0.4855988192550668
3.1078233672570774,0,0.4855988192550668
4.011818984158809,0,0.4855988192550668
4.6560562908159335,0,0.4855988192550668
5.088249552157233,0,0.4855988192550668
5.348997294939251,0,0.4855988192550668
5.452685445924224,0,0.4855988192550668
5.393166533301332,0,0.4855988192550668
5.189551880408915,0,0.4855988192550668
4.9156825361477905,0,0.4855988192550668
4.667306683955481,0,0.4855988192550668
4.488969366509531,0,0.4855988192550668
4.36569549375419,0,0.4855988192550668
4.271856557066985,0,0.4855988192550668
4.203536987791201,0,0.4855988192550668
4.2007343445995105,0,0.4855988192550668
4.291779743716872,0,0.4855988192550668
4.4461550250014605,0,0.4855988192550668
4.658367031603929,0,0.4855988192550668
4.9433835205819445,0,0.4855988192550668
5.266106389404481,0,0.4855988192550668
5.598161658757946,0,0.4855988192550668
5.939594355676623,0,0.4855988192550668
6.273170571392556,0,0.4855988192550668
6.588376960958455,0,0.4855988192550668
6.907026730421895,0,0.4855988192550668
7.248169563139927,0,0.4855988192550668
7.578870116905227,0,0.4855988192550668
7.839289982098341,0,0.4855988192550668
8.016250094879162,0,0.4855988192550668
8.123786194882236,0,0.4855988192550668
8.151333068118976,0,0.4855988192550668
8.093039935546669,0,0.4855988192550668
7.985605612585648,0,0.4855988192550668
7.867651149372602,0,0.4855988192550668
7.735331294718166,0,0.4855988192550668
7.561177662962153,0,0.4855988192550668
7.328592495421958,0,0.4855988192550668
7.055593116491078,0,0.4855988192550668
6.776215413896697,0,0.4855988192550668
6.502189838266995,0,0.4855988192550668
6.211202450204222,0,0.4855988192550668
5.876990762186815,0,0.4855988192550668
5.508683776233583,0,0.4855988192550668
5.127455836729611,0,0.4855988192550668
4.741044262740618,0,0.4855988192550668
4.350296532204798,0,0.4855988192550668
3.956269191439701,0,0.4855988192550668
3.571986772419396,0,0.4855988192550668
3.215178237525718,0,0.4855988192550668
2.8966770593430735,0,0.4855988192550668
2.6165916767281168,0,0.4855988192550668
2.365648591742544,0,0.4855988192550668
2.1288244844065742,0,0.4855988192550668
1.890697969309382,0,0.4855988192550668
1.6433222447727276,0,0.4855988192550668
1.380830519840631,0,0.4855988192550668
1.10386573979514,0,0.4855988192550668
0.8103729397427539,0,0.4855988192550668
0.4755017041250318,0,0.4855988192550668
0.07966906404347204,0,0.4855988192550668
-0.37756273681019237,0,0.4855988192550668
-0.9119746599996105,0,0.4855988192550668
-1.5652905830061488,0,0.4855988192550668
-2.395039842025664,0,0.4855988192550668
-3.4482322829301815,0,0.4855988192550668
-4.731024093694159,0,0.4855988192550668
-6.215699394944353,0,0.4855988192550668
-7.847139355589157,0,0.4855988192550668
-9.547068049919325,0,0.4855988192550668
-11.254128385529231,0,0.4855988192550668
-12.95393841043837,0,0.4855988192550668
-14.625278026036458,0,0.4855988192550668
-16.19095996239586,0,0.4855988192550668
-17.54680582127218,0,0.4855988192550668
-18.586241171553738,0,0.4855988192550668
-19.21681842459533,0,0.4855988192550668
-19.380858793904363,0,0.4855988192550668
-19.054938131583548,0,0.4855988192550668
-18.249717360935463,0,0.4855988192550668
-17.016600032580378,0,0.4855988192550668
-15.426637147551133,0,0.4855988192550668
-13.528195384605853,0,0.4855988192550668
-11.377334776728299,0,0.4855988192550668
-9.10233557621655,0,0.4855988192550668
-6.834856386007357,0,0.4855988192550668
-4.634886091246613,0,0.4855988192550668
-2.5485613393336406,0,0.4855988192550668
-0.6436807322964595,0,0.4855988192550668
1.0050538279290804,0,0.4855988192550668
2.3472592951376607,0,0.4855988192550668
3.380728828528106,0,0.4855988192550668
4.112466827111535,0,0.4855988192550668
4.54066393951944,0,0.4855988192550668
4.673954461338274,0,0.4855988192550668
4.550339458198962,0,0.4855988192550668
4.253762757692099,0,0.4855988192550668
3.875987186729169,0,0.4855988192550668
3.4818457220995938,0,0.4855988192550668
3.1181050976661884,0,0.4855988192550668
2.8033506483400745,0,0.4855988192550668
2.5576546694564333,0,0.4855988192550668
2.434608508568831,0,0.4855988192550668
2.4528857374796367,0,0.4855988192550668
2.581268867786283,0,0.4855988192550668
2.8124020191239127,0,0.4855988192550668
3.147983989178024,0,0.4855988192550668
3.548481699956403,0,0.4855988192550668
3.9644244234012946,0,0.4855988192550668
4.399701526933244,0,0.4855988192550668
4.8879452029882335,0,0.4855988192550668
5.402961680775787,0,0.4855988192550668
5.88860077096018,0,0.4855988192550668
6.333645703430824,0,0.4855988192550668
6.736788923912336,0,0.4855988192550668
7.091865451065438,0,0.4855988192550668
7.4106334234201166,0,0.4855988192550668
7.680784349761884,0,0.4855988192550668
7.867724741726653,0,0.4855988192550668
7.97255106670379,0,0.4855988192550668
8.016695680970638,0,0.4855988192550668
8.005461683508079,0,0.4855988192550668
7.945202515128975,0,0.4855988192550668
7.858396756837984,0,0.4855988192550668
7.743049685782172,0,0.4855988192550668
7.56495480902818,0,0.4855988192550668
7.320955773801995,0,0.4855988192550668
7.014970183493368,0,0.4855988192550668
6.62676130446071,0,0.4855988192550668
6.188009073188349,0,0.4855988192550668
5.773149743791815,0,0.4855988192550668
5.418923199728176,0,0.4855988192550668
5.1087340830472785,0,0.4855988192550668
4.806093828169904,0,0.4855988192550668
4.500452894803337,0,0.4855988192550668
4.196680925150679,0,0.4855988192550668
3.8793998657479083,0,0.4855988192550668
3.5468641529337157,0,0.4855988192550668
3.243101684095732,0,0.4855988192550668
2.9843922628795734,0,0.4855988192550668
2.7279486779927433,0,0.4855988192550668
2.462968300040752,0,0.4855988192550668
2.1861616038897558,0,0.4855988192550668
1.8273044438701176,0,0.4855988192550668
1.3408992944255984,0,0.4855988192550668
0.7348158481459949,0,0.4855988192550668
-0.03332918387621596,0,0.4855988192550668
-1.0308314515165753,0,0.4855988192550668
-2.2452059553939296,0,0.4855988192550668
-3.6035395514430024,0,0.4855988192550668
-5.071263163246289,0,0.4855988192550668
-6.6656585684336624,0,0.4855988192550668
-8.379799899120625,0,0.4855988192550668
-10.154482528072634,0,0.4855988192550668
-11.916598466552701,0,0.4855988192550668
-13.607860632085167,0,0.4855988192550668
-15.159211704245658,0,0.4855988192550668
-16.4807684710353,0,0.4855988192550668
-17.497124080442383,0,0.4855988192550668
-18.139033488293247,0,0.4855988192550668
-18.327863753403975,0,0.4855988192550668
-18.003268766327515,0,0.4855988192550668
-17.16526212225679,0,0.4855988192550668
-15.894319818919058,0,0.4855988192550668
-14.320114354968004,0,0.4855988192550668
-12.543382673483343,0,0.4855988192550668
-10.594485079189022,0,0.4855988192550668
-8.485137586410264,0,0.4855988192550668
-6.27885778336894,0,0.4855988192550668
-4.102992757543279,0,0.4855988192550668
-2.0845360836592075,0,0.4855988192550668
-0.2954559925889871,0,0.4855988192550668
1.232099618362634,0,0.4855988192550668
2.4797314865738174,0,0.4855988192550668
3.429768102867109,0,0.4855988192550668
4.068898167662231,0,0.4855988192550668
4.4144451400551645,0,0.4855988192550668
4.5275020476002235,0,0.4855988192550668
4.477463737311712,0,0.4855988192550668
4.311033190561766,0,0.4855988192550668
4.075639812589807,0,0.4855988192550668
3.8173746940446454,0,0.4855988192550668
3.546875738573992,0,0.4855988192550668
3.26597285092293,0,0.4855988192550668
3.0187191278846957,0,0.4855988192550668
2.8641278267044736,0,0.4855988192550668
2.834251027213571,0,0.4855988192550668
2.945452819872087,0,0.4855988192550668
3.188143896190292,0,0.4855988192550668
3.525805338759442,0,0.4855988192550668
3.9356986926057944,0,0.4855988192550668
4.398439548053227,0,0.4855988192550668
4.8618404927491765,0,0.4855988192550668
5.273075469819233,0,0.4855988192550668
5.621072198872583,0,0.4855988192550668
5.924112097070905,0,0.4855988192550668
6.191400794157636,0,0.4855988192550668
6.406499713051578,0,0.4855988192550668
6.566202864126873,0,0.4855988192550668
6.690934306241245,0,0.4855988192550668
6.787045200140905,0,0.4855988192550668
6.860752829424051,0,0.4855988192550668
6.927336243495298,0,0.4855988192550668
6.969939930422636,0,0.4855988192550668
6.9579835102731336,0,0.4855988192550668
6.905278061779025,0,0.4855988192550668
6.852619715328323,0,0.4855988192550668
6.811560471893175,0,0.4855988192550668
6.759047911935681,0,0.4855988192550668
6.668326957873551,0,0.4855988192550668
6.532535951838366,0,0.4855988192550668
6.353698718932302,0,0.4855988192550668
6.115731825039039,0,0.9711976385101336
5.807919600462356,0,0.9711976385101336
5.4403752097787015,0,0.9711976385101336
5.028147494874726,0,0.9711976385101336
4.601503884523289,0,0.9711976385101336
4.184089262322544,0,0.9711976385101336
3.773044889207907,0,0.9711976385101336
3.3666912066704513,0,0.9711976385101336
2.9687802208756175,0,0.9711976385101336
2.5986160857007046,0,0.9711976385101336
2.282783406661079,0,0.9711976385101336
2.0028381536343205,0,0.9711976385101336
1.7022852694236514,0,0.9711976385101336
1.325428253553534,0,0.9711976385101336
0.8243596571092987,0,0.9711976385101336
0.14711613564119141,0,0.9711976385101336
-0.7319767353791159,0,0.9711976385101336
-1.7831062302881835,0,0.9711976385101336
-3.003622916502873,0,0.9711976385101336
-4.435727145372877,0,0.9711976385101336
-6.061239502364152,0,0.9711976385101336
-7.815102061158686,0,0.9711976385101336
-9.662069865007616,0,0.9711976385101336
-11.568043761611536,0,0.9711976385101336
-13.45843993938384,0,0.9711976385101336
-15.200467031599388,0,0.9711976385101336
-16.62933561608567,0,0.9711976385101336
-17.639622995033967,0,0.9711976385101336
-18.21322900449764,0,0.9711976385101336
-18.37132241908237,0,0.9711976385101336
-18.102517315110504,0,0.9711976385101336
-17.36375389566231,0,0.9711976385101336
-16.169958057689065,0,0.9711976385101336
-14.591434554131531,0,0.9711976385101336
-12.717641794250046,0,0.9711976385101336
-10.65303846362882,0,0.9711976385101336
-8.472949058824518,0,0.9711976385101336
-6.231077699641703,0,0.9711976385101336
-4.002588383195882,0,0.9711976385101336
-1.8702904463725376,0,0.9711976385101336
0.08671858958984373,0,0.9711976385101336
1.788233641559856,0,0.9711976385101336
3.188461226317371,0,0.9711976385101336
4.291519031825007,0,0.9711976385101336
5.104037753608995,0,0.9711976385101336
5.621475752479763,0,0.9711976385101336
5.867669614327376,0,0.9711976385101336
5.9123839688366795,0,0.9711976385101336
5.83332743173964,0,0.9711976385101336
5.645010876419684,0,0.9711976385101336
5.30974185092516,0,0.9711976385101336
4.8290248143016905,0,0.9711976385101336
4.282932070390168,0,0.9711976385101336
3.8012435377499925,0,0.9711976385101336
3.4851309010881546,0,0.9711976385101336
3.3639297189339525,0,0.9711976385101336
3.4090128794678405,0,0.9711976385101336
3.5545855108223345,0,0.9711976385101336
3.759395620801644,0,0.9711976385101336
4.023150546489732,0,0.9711976385101336
4.330921326683043,0,0.9711976385101336
4.6571971125889275,0,0.9711976385101336
5.019103683975486,0,0.9711976385101336
5.458391522995508,0,0.9711976385101336
5.949958579271327,0,0.9711976385101336
6.38274537100298,0,0.9711976385101336
6.68114813919486,0,0.9711976385101336
6.894398213944013,0,0.9711976385101336
7.101695156706563,0,0.9711976385101336
7.304591047518273,0,0.9711976385101336
7.473316469613611,0,0.9711976385101336
7.606052281371152,0,0.9711976385101336
7.697916778475013,0,0.9711976385101336
7.7302151351681685,0,0.9711976385101336
7.686306740341022,1,0.9711976385101336
7.545982088830373,0,0.9711976385101336
7.321811465597813,0,0.9711976385101336
7.077019156538089,0,0.9711976385101336
6.870027002840881,0,0.9711976385101336
6.691314176718529,0,0.9711976385101336
6.484358540668586,0,0.9711976385101336
6.239309537971086,0,0.9711976385101336
5.981591691486227,0,0.9711976385101336
5.7051521022745035,0,0.9711976385101336
5.391758757151329,0,0.9711976385101336
5.036432457033147,0,0.9711976385101336
4.643865966783314,0,0.9711976385101336
4.235670495812773,0,0.9711976385101336
3.8475874208165797,0,0.9711976385101336
3.4889885425687757,0,0.9711976385101336
3.1388659985057212,0,0.9711976385101336
2.7964237971874533,0,0.9711976385101336
2.4783175958029555,0,0.9711976385101336
2.1863919213018237,0,0.9711976385101336
1.885775014040642,0,0.9711976385101336
1.5012230650401615,0,0.9711976385101336
0.9918493627442975,0,0.9711976385101336
0.4003641090250965,0,0.9711976385101336
-0.23268776573257152,0,0.9711976385101336
-0.9560873540107399,0,0.9711976385101336
-1.8647987016100942,0,0.9711976385101336
-2.99851941314483,0,0.9711976385101336
-4.324355080069471,0,0.9711976385101336
-5.801828015698224,0,0.9711976385101336
-7.409127081022651,0,0.9711976385101336
-9.115922474067832,0,0.9711976385101336
-10.884381818806974,0,0.9711976385101336
-12.67581126333524,0,0.9711976385101336
-14.419847903623692,0,0.9711976385101336
-16.016339525041598,0,0.9711976385101336
-17.379802168939406,0,0.9711976385101336
-18.430555595242335,0,0.9711976385101336
-19.077597728360185,0,0.9711976385101336
-19.270101916326464,0,0.9711976385101336
-18.98859819459915,0,0.9711976385101336
-18.224380463924025,0,0.9711976385101336
-17.02169755346407,0,0.9711976385101336
-15.448631251147175,0,0.9711976385101336
-13.58427691248467,0,0.9711976385101336
-11.53422532176683,0,0.9711976385101336
-9.376824103961015,0,0.9711976385101336
-7.144210366607382,0,0.9711976385101336
-4.893503759243207,0,0.9711976385101336
-2.7519298835737818,0,0.9711976385101336
-0.8378106647416107,0,0.9711976385101336
0.7946323245755628,0,0.9711976385101336
2.1277131467549513,0,0.9711976385101336
3.169251305424453,0,0.9711976385101336
3.9289142218139124,0,0.9711976385101336
4.419501137231556,0,0.9711976385101336
4.684896864347091,0,0.9711976385101336
4.772664738930862,0,0.9711976385101336
4.708747400337762,0,0.9711976385101336
4.537103790941699,0,0.9711976385101336
4.325132510407835,0,0.9711976385101336
4.091927787111035,0,0.9711976385101336
3.812278566857323,0,0.9711976385101336
3.508788951201742,0,0.9711976385101336
3.2602769392824005,0,0.9711976385101336
3.1153197994904254,0,0.9711976385101336
3.0793046963026804,0,0.9711976385101336
3.154204534356058,0,0.9711976385101336
3.336041799647137,0,0.9711976385101336
3.610261656911584,0,0.9711976385101336
3.92547213613505,0,0.9711976385101336
4.22416965375622,0,0.9711976385101336
4.515712167791548,0,0.9711976385101336
4.8395282829323545,0,0.9711976385101336
5.212515688802446,0,0.9711976385101336
5.616313762319426,0,0.9711976385101336
5.9995048211049955,0,0.9711976385101336
6.317081384411188,0,0.9711976385101336
6.544124290619903,0,0.9711976385101336
6.683139453360693,0,0.9711976385101336
6.775496349439053,0,0.9711976385101336
6.862152157870805,0,0.9711976385101336
6.972010174891751,0,0.9711976385101336
7.10062929095492,0,0.9711976385101336
7.177056993892491,0,0.9711976385101336
7.161022871852567,1,0.9713612689770507
7.096351865543461,0,0.9713612689770507
7.013167050259753,0,0.9713612689770507
6.904553163651108,0,0.9713612689770507
6.764568912305528,0,0.9713612689770507
6.576746012229768,0,0.9713612689770507
6.323942020038355,0,0.9713612689770507
6.008150704267971,0,0.9713612689770507
5.644393209320144,0,0.9713612689770507
5.257396436583349,0,0.9713612689770507
4.877965762047691,0,0.9713612689770507
4.529469573942225,0,0.9713612689770507
4.209158125907006,0,0.9713612689770507
3.8854953960779604,0,0.9713612689770507
3.552916580622431,0,0.9713612689770507
3.244269934056414,0,0.9713612689770507
2.9362743602851387,0,0.9713612689770507
2.564653545846165,0,0.9713612689770507
2.118545373598034,0,0.9713612689770507
1.6110657199267688,0,0.9713612689770507
1.0349428096743523,0,0.9713612689770507
0.3372148113637861,0,0.9713612689770507
-0.5702280742881984,0,0.9713612689770507
-1.704634308602454,0,0.9713612689770507
-3.0078638444491315,0,0.9713612689770507
-4.437774999296933,0,0.9713612689770507
-5.99441173410748,0,0.9713612689770507
-7.6798260393428786,0,0.9713612689770507
-9.44596782981672,0,0.9713612689770507
-11.217096136102626,0,0.9713612689770507
-12.92254683949817,0,0.9713612689770507
-14.488780534775264,0,0.9713612689770507
-15.840201986073883,0,0.9713612689770507
-16.9061325591046,0,0.9713612689770507
-17.61966119270589,0,0.9713612689770507
-17.935410483210315,0,0.9713612689770507
-17.840597826041467,0,0.9713612689770507
-17.311071052982918,0,0.9713612689770507
-16.326534738437424,0,0.9713612689770507
-14.922006841979355,0,0.9713612689770507
-13.164663712267435,0,0.9713612689770507
-11.132615745576787,0,0.9713612689770507
-8.939641257274749,0,0.9713612689770507
-6.742004371227922,0,0.9713612689770507
-4.664323438948531,0,0.9713612689770507
-2.7376474240171076,0,0.9713612689770507
-0.9676117188998585,0,0.9713612689770507
0.6067556733329893,0,0.9713612689770507
1.9498732376554084,0,0.9713612689770507
3.0359538748580963,0,0.9713612689770507
3.8344365750660474,0,0.9713612689770507
4.34939053563439,0,0.9713612689770507
4.629423010647354,0,0.9713612689770507
4.717421105535129,0,0.9713612689770507
4.645674685117255,0,0.9713612689770507
4.463735176528122,0,0.9713612689770507
4.2152844935779585,0,0.9713612689770507
3.929629996911512,0,0.9713612689770507
3.667615391860332,0,0.9713612689770507
3.4890231419453803,0,0.9713612689770507
3.3864243952822752,0,0.9713612689770507
3.32788375594867,0,0.9713612689770507
3.319212863365117,0,0.9713612689770507
3.3950500735301303,0,0.9713612689770507
3.583307256607304,0,0.9713612689770507
3.8854084179690433,0,0.9713612689770507
4.270731031276675,0,0.9713612689770507
4.698597529732533,0,0.9713612689770507
5.132627435041417,0,0.9713612689770507
5.53626633421236,0,0.9713612689770507
5.8855079330995475,0,0.9713612689770507
6.167141369664415,0,0.9713612689770507
6.369984259216371,0,0.9713612689770507
6.505672292204518,0,0.9713612689770507
6.6183931410420564,0,0.9713612689770507
6.728098958590673,0,0.9713612689770507
6.804045623454807,0,0.9713612689770507
6.836689532452638,0,0.9713612689770507
6.856067683019134,0,0.9713612689770507
6.876753714855095,0,0.9713612689770507
6.88967065227826,0,0.9713612689770507
6.880886789794431,1,0.9716804491419697
6.836236622305224,0,0.9716804491419697
6.750425140682055,0,0.9716804491419697
6.648631938022267,0,0.9716804491419697
6.567072146092653,0,0.9716804491419697
6.493423283922175,0,0.9716804491419697
6.382368728921727,0,0.9716804491419697
6.219573985434771,0,0.9716804491419697
6.022426434142083,0,0.9716804491419697
5.795073922093901,0,0.9716804491419697
5.520426298798007,0,0.9716804491419697
5.183636707429866,0,0.9716804491419697
4.79272923560474,0,0.9716804491419697
4.388634143586579,0,0.9716804491419697
4.007213849765444,0,0.9716804491419697
3.6543459529612696,0,0.9716804491419697
3.3166966759815453,0,0.9716804491419697
2.972019759577016,0,0.9716804491419697
2.6010788227625734,0,0.9716804491419697
2.1923964797604722,0,0.9716804491419697
1.7644493922461688,0,0.9716804491419697
1.3441525466154698,0,0.9716804491419697
0.9041798596171301,0,0.9716804491419697
0.39410475772474934,0,0.9716804491419697
-0.21113440756927432,0,0.9716804491419697
-0.9367041123535396,0,0.9716804491419697
-1.8029618319538177,0,0.9716804491419697
-2.8022174220461022,0,0.9716804491419697
-3.935100160965879,0,0.9716804491419697
-5.23668576633381,0,0.9716804491419697
-6.732024572939483,0,0.9716804491419697
-8.371210326672331,0,0.9716804491419697
-10.051817788584641,0,0.9716804491419697
-11.719543724545604,0,0.9716804491419697
-13.355679979462225,0,0.9716804491419697
-14.900717541602772,0,0.9716804491419697
-16.279963525015418,0,0.9716804491419697
-17.41417512591212,0,0.9716804491419697
-18.211627938963193,0,0.9716804491419697
-18.627633373439345,0,0.9716804491419697
-18.649707093449244,0,0.9716804491419697
-18.240365765014307,0,0.9716804491419697
-17.397175382298105,0,0.9716804491419697
-16.168297436490523,0,0.9716804491419697
-14.573037947866196,0,0.9716804491419697
-12.653159239829906,0,0.9716804491419697
-10.540364873857094,0,0.9716804491419697
-8.36664409778542,0,0.9716804491419697
-6.219221706859145,0,0.9716804491419697
-4.1705651544220075,0,0.9716804491419697
-2.2642663838835047,0,0.9716804491419697
-0.5263129550171816,0,0.9716804491419697
1.004746559487328,0,0.9716804491419697
2.2723145137567164,0,0.9716804491419697
3.2379100114566772,0,0.9716804491419697
3.9298774406907393,0,0.9716804491419697
4.428626343921989,0,0.9716804491419697
4.807035067619196,0,0.9716804491419697
5.062344084348969,0,0.9716804491419697
5.151990392124546,0,0.9716804491419697
5.087233106531174,0,0.9716804491419697
4.899530742815677,0,0.9716804491419697
4.615498902164522,0,0.9716804491419697
4.296692763873454,0,0.9716804491419697
3.997471492623715,0,0.9716804491419697
3.7423124644798857,0,0.9716804491419697
3.571175175617976,0,0.9716804491419697
3.5161514310403597,0,0.9716804491419697
3.557624352507608,0,0.9716804491419697
3.673146217248188,0,0.9716804491419697
3.888783365361022,0,0.9716804491419697
4.2410731422301176,0,0.9716804491419697
4.7189514067505565,0,0.9716804491419697
5.25011273624366,0,0.9716804491419697
5.768106838396294,0,0.9716804491419697
6.274489816280746,0,0.9716804491419697
6.767325410957483,0,0.9716804491419697
7.197866973135491,0,0.9716804491419697
7.548311510272643,0,0.9716804491419697
7.844577114095863,0,0.9716804491419697
8.089576291995082,0,0.9716804491419697
8.247394875174184,0,0.9716804491419697
8.285237304540036,0,0.9716804491419697
8.215126520550623,1,0.9719364206970631
8.07756856227097,0,0.9719364206970631
7.889010633078734,0,0.9719364206970631
7.65483550579948,0,0.9719364206970631
7.40873196610087,0,0.9719364206970631
7.187712510193797,0,0.9719364206970631
6.975548216844483,0,0.9719364206970631
6.712270732519781,0,0.9719364206970631
6.363988347129548,0,0.9719364206970631
5.9467276426737214,0,0.9719364206970631
5.507001124610119,0,0.9719364206970631
5.088362654639172,0,0.9719364206970631
4.714604204813575,0,0.9719364206970631
4.3902666715329834,0,0.9719364206970631
4.086354624329617,0,0.9719364206970631
3.7639445482646288,0,0.9719364206970631
3.4201481246213157,0,0.9719364206970631
3.0811193783411404,0,0.9719364206970631
2.7517512384396166,0,0.9719364206970631
2.3931119784480086,0,0.9719364206970631
1.9682917620282572,0,0.9719364206970631
1.4904273692448127,0,0.9719364206970631
1.0021490142058085,0,0.9719364206970631
0.5149833217364022,0,0.9719364206970631
-0.014822007459207788,0,0.9719364206970631
-0.6504006888903404,0,0.9719364206970631
-1.4468456741475118,0,0.9719364206970631
-2.456420881217262,0,0.9719364206970631
-3.710308452039218,0,0.9719364206970631
-5.182362411203797,0,0.9719364206970631
-6.816894190623876,0,0.9719364206970631
-8.583756833959491,0,0.9719364206970631
-10.467363158030215,0,0.9719364206970631
-12.38746901363079,0,0.9719364206970631
-14.173451592283776,0,0.9719364206970631
-15.697300054721135,0,0.9719364206970631
-16.936281092575996,0,0.9719364206970631
-17.837207392025018,0,0.9719364206970631
-18.287353783346166,0,0.9719364206970631
-18.264180276286922,0,0.9719364206970631
-17.82970177576278,0,0.9719364206970631
-16.982838296138514,0,0.9719364206970631
-15.689223669909023,0,0.9719364206970631
-14.0242738653692,0,0.9719364206970631
-12.13364348491617,0,0.9719364206970631
-10.084861308839697,0,0.9719364206970631
-7.912227374121264,0,0.9719364206970631
-5.717498585006292,0,0.9719364206970631
-3.6031956521938637,0,0.9719364206970631
-1.6264357923769766,0,0.9719364206970631
0.14139987873587362,0,0.9719364206970631
1.615752718864309,0,0.9719364206970631
2.7714389793672445,0,0.9719364206970631
3.640043138037634,0,0.9719364206970631
4.247150559520781,0,0.9719364206970631
4.592785382605244,0,0.9719364206970631
4.6847659751796344,0,0.9719364206970631
4.582278684240231,0,0.9719364206970631
4.368382333838338,0,0.9719364206970631
4.104031901573764,0,0.9719364206970631
3.8431789570592265,0,0.9719364206970631
3.615892587688747,0,0.9719364206970631
3.394404032413127,0,0.9719364206970631
3.1549703931887647,0,0.9719364206970631
2.943900837345791,0,0.9719364206970631
2.835098513006001,0,0.9719364206970631
2.882374553356865,0,0.9719364206970631
3.100831567636849,0,0.9719364206970631
3.447724071806604,0,0.9719364206970631
3.8714485003126087,0,0.9719364206970631
4.338991682837716,0,0.9719364206970631
4.815025337320775,0,0.9719364206970631
5.286355722525945,0,0.9719364206970631
5.7470675771488695,0,0.9719364206970631
6.172024740112311,0,0.9719364206970631
6.558535154748443,0,0.9719364206970631
6.925015069258699,0,0.9719364206970631
7.247288792750323,0,0.9719364206970631
7.465225432918612,0,0.9719364206970631
7.568457787630428,0,0.9719364206970631
7.588923512363708,0,0.9719364206970631
7.540111168726406,1,0.9722366527335744
7.4560641120026485,0,0.9722366527335744
7.382729980545641,0,0.9722366527335744
7.3181295172516405,0,0.9722366527335744
7.248649523814252,0,0.9722366527335744
7.163916400718554,0,0.9722366527335744
7.038180839087462,0,0.9722366527335744
6.858342470382746,0,0.9722366527335744
6.627379989755411,0,0.9722366527335744
6.355945750829878,0,0.9722366527335744
6.057203774795692,0,0.9722366527335744
5.732318306409352,0,0.9722366527335744
5.369782884981111,0,0.9722366527335744
4.970649135734336,0,0.9722366527335744
4.5788393297577406,0,0.9722366527335744
4.24657110758795,0,0.9722366527335744
3.9692421205153194,0,0.9722366527335744
3.683148551261612,0,0.9722366527335744
3.3491276278005375,0,0.9722366527335744
3.0042242745224943,0,0.9722366527335744
2.6889456276415147,0,0.9722366527335744
2.396992575354422,0,0.9722366527335744
2.1078520761817954,0,0.9722366527335744
1.7864292370333772,0,0.9722366527335744
1.392819752239632,0,0.9722366527335744
0.9270514698791225,0,0.9722366527335744
0.40383730308520116,0,0.9722366527335744
-0.17199346746603072,0,0.9722366527335744
-0.7817280879530235,0,0.9722366527335744
-1.4471904387840806,0,0.9722366527335744
-2.256079823116305,0,0.9722366527335744
-3.2554980906120585,0,0.9722366527335744
-4.438562727975125,0,0.9722366527335744
-5.814517401413021,0,0.9722366527335744
-7.368394371087817,0,0.9722366527335744
-9.033196955950807,0,0.9722366527335744
-10.763149976790011,0,0.9722366527335744
-12.542518731034225,0,0.9722366527335744
-14.310034112362914,0,0.9722366527335744
-15.962003200254275,0,0.9722366527335744
-17.396437354740648,0,0.9722366527335744
-18.48136288190828,0,0.9722366527335744
-19.080768403364345,0,0.9722366527335744
-19.147711550249465,0,0.9722366527335744
-18.70931535102772,0,0.9722366527335744
-17.80334763547708,0,0.9722366527335744
-16.473743281069332,0,0.9722366527335744
-14.782342888568548,0,0.9722366527335744
-12.81474274715819,0,0.9722366527335744
-10.674262944287916,0,0.9722366527335744
-8.469802316894416,0,0.9722366527335744
-6.301808971029681,0,0.9722366527335744
-4.226247070303417,0,0.9722366527335744
-2.2683842942794628,0,0.9722366527335744
-0.471818380496428,0,0.9722366527335744
1.1219044293656726,0,0.9722366527335744
2.4796192012321843,0,0.9722366527335744
3.543011277963312,0,0.9722366527335744
4.282787099903014,0,0.9722366527335744
4.734654985144267,0,0.9722366527335744
4.942956325071032,0,0.9722366527335744
4.946109108022545,0,0.9722366527335744
4.782729828124773,0,0.9722366527335744
4.4933749349238035,0,0.9722366527335744
4.119449548091785,0,0.9722366527335744
3.7067874039624797,0,0.9722366527335744
3.32960465042335,0,0.9722366527335744
3.0584333461416793,0,0.9722366527335744
2.9135571069825374,0,0.9722366527335744
2.8766635412305765,0,0.9722366527335744
2.946220561782199,0,0.9722366527335744
3.151243694842125,0,0.9722366527335744
3.4879269636399406,0,0.9722366527335744
3.8867888320748913,0,0.9722366527335744
4.265131218824385,0,0.9722366527335744
4.614366262823664,0,0.9722366527335744
5.0028215993777225,0,0.9722366527335744
5.466447666864572,0,0.9722366527335744
5.977560113805852,0,0.9722366527335744
6.507378479399424,0,0.9722366527335744
7.006701003498453,0,0.9722366527335744
7.406281358159196,0,0.9722366527335744
7.698743632596897,0,0.9722366527335744
7.92150011800353,0,0.9722366527335744
8.093909345808138,0,0.9722366527335744
8.214121680702934,0,0.9722366527335744
8.275094459170097,0,0.9722366527335744
8.296079295324382,0,0.9722366527335744
8.286167730269312,1,0.9721682327197356
8.19668894312995,0,0.9721682327197356
7.981318024039612,0,0.9721682327197356
7.64392099623418,0,0.9721682327197356
7.21987762392112,0,0.9721682327197356
6.756203209625397,0,0.9721682327197356
6.297216020203876,0,0.9721682327197356
5.866643286751418,0,0.9721682327197356
5.464080207155012,0,0.9721682327197356
5.07692544585552,0,0.9721682327197356
4.703014247561639,0,0.9721682327197356
4.343431675840826,0,0.9721682327197356
3.990883648996478,0,0.9721682327197356
3.655040225209275,0,0.9721682327197356
3.3380654395907547,0,0.9721682327197356
3.0220185638378023,0,0.9721682327197356
2.727700135910582,0,0.9721682327197356
2.499665230222005,0,0.9721682327197356
2.3237837907378123,0,0.9721682327197356
2.1269412851128275,0,0.9721682327197356
1.8482152609801252,0,0.9721682327197356
1.4626728785000909,0,0.9721682327197356
0.966595356852869,0,0.9721682327197356
0.38724223623085074,0,0.9721682327197356
-0.24615564245820803,0,0.9721682327197356
-0.9575537367725254,0,0.9721682327197356
-1.7838779613613134,0,0.9721682327197356
-2.7313401515056275,0,0.9721682327197356
-3.8207476125648325,0,0.9721682327197356
-5.102087874217157,0,0.9721682327197356
-6.601096178300399,0,0.9721682327197356
-8.277776864526203,0,0.9721682327197356
-10.050479877985124,0,0.9721682327197356
-11.8399073976635,0,0.9721682327197356
-13.564842934784739,0,0.9721682327197356
-15.129017858725687,0,0.9721682327197356
-16.434556250263537,0,0.9721682327197356
-17.414351340394674,0,0.9721682327197356
-18.032166534574824,0,0.9721682327197356
-18.26258082318115,0,0.9721682327197356
-18.092206703049012,0,0.9721682327197356
-17.495263748454555,0,0.9721682327197356
-16.47037865020515,0,0.9721682327197356
-15.078666105924128,0,0.9721682327197356
-13.381521073493682,0,0.9721682327197356
-11.4437461310969,0,0.9721682327197356
-9.366878866575162,0,0.9721682327197356
-7.242790463272161,0,0.9721682327197356
-5.140859743784127,0,0.9721682327197356
-3.132829863194526,0,0.9721682327197356
-1.264749912253234,0,0.9721682327197356
0.43671891370485116,0,0.9721682327197356
1.9050096098923575,0,0.9721682327197356
3.0735858065115664,0,0.9721682327197356
3.9502618322955683,0,0.9721682327197356
4.56730333320177,0,0.9721682327197356
4.940444091908223,0,0.9721682327197356
5.112459617775146,0,0.9721682327197356
5.148548922985039,0,0.9721682327197356
5.091053497622935,0,0.9721682327197356
4.958031722166329,0,0.9721682327197356
4.765149948419306,0,0.9721682327197356
4.54190055276127,0,0.9721682327197356
4.332916414726725,0,0.9721682327197356
4.174934615046031,0,0.9721682327197356
4.077484767697364,0,0.9721682327197356
4.042667048272694,0,0.9721682327197356
4.094631389995019,0,0.9721682327197356
4.244923549973813,0,0.9721682327197356
4.473596872614936,0,0.9721682327197356
4.758835700763547,0,0.9721682327197356
5.074873498126669,0,0.9721682327197356
5.408921028391483,0,0.9721682327197356
5.767211188895405,0,0.9721682327197356
6.1458913443690335,0,0.9721682327197356
6.524011303837349,0,0.9721682327197356
6.862496410844054,0,0.9721682327197356
7.129718538869933,0,0.9721682327197356
7.328733818256687,0,0.9721682327197356
7.472607597645797,0,0.9721682327197356
7.547642225087329,0,0.9721682327197356
7.535517630247144,1,0.972456157282047
7.444178953192364,0,0.972456157282047
7.288961791258436,0,0.972456157282047
7.09438485077586,0,0.972456157282047
6.888737482668308,0,0.972456157282047
6.679934924259485,0,0.972456157282047
6.45461968863298,0,0.972456157282047
6.170664972851611,0,0.972456157282047
5.806900104909654,0,0.972456157282047
5.4196822168270495,0,0.972456157282047
5.057733533329759,0,0.972456157282047
4.702896203985114,0,0.972456157282047
4.344776935979059,0,0.972456157282047
4.009968387295705,0,0.972456157282047
3.7218833631368833,0,0.972456157282047
3.493678822951461,0,0.972456157282047
3.32928815054451,0,0.972456157282047
3.1982711766513767,0,0.972456157282047
3.062471677097876,0,0.972456157282047
2.921856988123065,0,0.972456157282047
2.775782539463109,0,0.972456157282047
2.593992470885757,0,0.972456157282047
2.364811289429687,0,0.972456157282047
2.114185873015111,0,0.972456157282047
1.8780772901383163,0,0.972456157282047
1.6587871947901094,0,0.972456157282047
1.3936608833896493,0,0.972456157282047
1.0322596026587205,0,0.972456157282047
0.5913879528274385,0,0.972456157282047
0.049295356855807146,0,0.972456157282047
-0.6505862096486305,0,0.972456157282047
-1.4991114250098927,0,0.972456157282047
-2.466963016642273,0,0.972456157282047
-3.5467876899214983,0,0.972456157282047
-4.761473503164296,0,0.972456157282047
-6.151624138230095,0,0.972456157282047
-7.711261533078102,0,0.972456157282047
-9.397878913028283,0,0.972456157282047
-11.156592979923506,0,0.972456157282047
-12.923862694770381,0,0.972456157282047
-14.646374711267354,0,0.972456157282047
-16.238019874597896,0,0.972456157282047
-17.560037094201846,0,0.972456157282047
-18.484684033067296,0,0.972456157282047
-18.9351208965339,0,0.972456157282047
-18.89047035988914,0,0.972456157282047
-18.379145845119258,0,0.972456157282047
-17.438016243896787,0,0.972456157282047
-16.093069789896266,0,0.972456157282047
-14.419064625697494,0,0.972456157282047
-12.536629482258448,0,0.972456157282047
-10.516961707543944,0,0.972456157282047
-8.392242570973872,0,0.972456157282047
-6.25083204227153,0,0.972456157282047
-4.227845922626719,0,0.972456157282047
-2.404171178402013,0,0.972456157282047
-0.7729812938001215,0,0.972456157282047
0.6928642180088626,0,0.972456157282047
1.9784604111729267,0,0.972456157282047
3.042349485890762,0,0.972456157282047
3.8647993992699283,0,0.972456157282047
4.459636771873621,0,0.972456157282047
4.833448531951608,0,0.972456157282047
4.962504880384466,0,0.972456157282047
4.86119124452956,0,0.972456157282047
4.620757181975425,0,0.972456157282047
4.328903721796651,0,0.972456157282047
4.011607161680204,0,0.972456157282047
3.6750445442715143,0,0.972456157282047
3.3609822848448223,0,0.972456157282047
3.139752151608413,0,0.972456157282047
3.0488852754743068,0,0.972456157282047
3.069217846311758,0,0.972456157282047
3.17832683576117,0,0.972456157282047
3.3862878711311404,0,0.972456157282047
3.6878579702842567,0,0.972456157282047
4.036425969523366,0,0.972456157282047
4.413676300820951,0,0.972456157282047
4.842475105815844,0,0.972456157282047
5.334027884473395,0,0.972456157282047
5.8662402973685674,0,0.972456157282047
6.381532870864523,0,0.972456157282047
6.843950445781431,0,0.972456157282047
7.270730863574441,0,0.972456157282047
7.671493992731914,0,0.972456157282047
8.029041433499437,0,0.972456157282047
8.332384324011763,0,0.972456157282047
8.569431431448194,0,0.972456157282047
8.724752468598373,0,0.972456157282047
8.779639901348899,0,0.972456157282047
8.695986732075374,1,0.9722198617226452
8.46691621473071,0,0.9722198617226452
8.141406684484972,0,0.9722198617226452
7.762896079121331,0,0.9722198617226452
7.350938892724181,0,0.9722198617226452
6.9390601411496515,0,0.9722198617226452
6.551927518205378,0,0.9722198617226452
6.164389862831661,0,0.9722198617226452
5.763333163494225,0,0.9722198617226452
5.379937199966368,0,0.9722198617226452
5.030268720932075,0,0.9722198617226452
4.698668789671591,0,0.9722198617226452
4.373569288166768,0,0.9722198617226452
4.067426947560848,0,0.9722198617226452
3.7872456123676743,0,0.9722198617226452
3.5416613317275867,0,0.9722198617226452
3.3604955916043924,0,0.9722198617226452
3.233126386252863,0,0.9722198617226452
3.0936639103035923,0,0.9722198617226452
2.900974833238301,0,0.9722198617226452
2.68186699987923,0,0.9722198617226452
2.4591730112486254,0,0.9722198617226452
2.2173520978135306,0,0.9722198617226452
1.9509705343050143,0,0.9722198617226452
1.6663654119138178,0,0.9722198617226452
1.3574722883928843,0,0.9722198617226452
0.9985069879403317,0,0.9722198617226452
0.5903521535443338,0,0.9722198617226452
0.16341969001879844,0,0.9722198617226452
-0.28241162830948513,0,0.9722198617226452
-0.7674666917767765,0,0.9722198617226452
-1.3225225144522794,0,0.9722198617226452
-2.0115238996999993,0,0.9722198617226452
-2.904633498992365,0,0.9722198617226452
-4.026096582715072,0,0.9722198617226452
-5.342422805696447,0,0.9722198617226452
-6.782752820861715,0,0.9722198617226452
-8.292744580227604,0,0.9722198617226452
-9.87388329800071,0,0.9722198617226452
-11.521776693561037,0,0.9722198617226452
-13.17583227802776,0,0.9722198617226452
-14.761126431981767,0,0.9722198617226452
-16.228273074987502,0,0.9722198617226452
-17.517731055537705,0,0.9722198617226452
-18.535856574437354,0,0.9722198617226452
-19.213313190345342,0,0.9722198617226452
-19.51528097112739,0,0.9722198617226452
-19.394901284004703,0,0.9722198617226452
-18.79307795047565,0,0.9722198617226452
-17.704265557774782,0,0.9722198617226452
-16.197174261135718,0,0.9722198617226452
-14.349682972431667,0,0.9722198617226452
-12.241101420174438,0,0.9722198617226452
-9.979142032248864,0,0.9722198617226452
-7.671361401105739,0,0.9722198617226452
-5.400430538206675,0,0.9722198617226452
-3.261265888994142,0,0.9722198617226452
-1.3520432352403746,0,0.9722198617226452
0.29380859619769173,0,0.9722198617226452
1.6908432348635338,0,0.9722198617226452
2.8499712245152877,0,0.9722198617226452
3.7817110124393585,0,0.9722198617226452
4.494456178556001,0,0.9722198617226452
4.978898107406344,0,0.9722198617226452
5.248420328667087,0,0.9722198617226452
5.360165882387809,0,0.9722198617226452
5.370448379617778,0,0.9722198617226452
5.2969774862951295,0,0.9722198617226452
5.118578126735535,0,0.9722198617226452
4.845731350160282,0,0.9722198617226452
4.566285680156554,0,0.9722198617226452
4.383557833715323,0,0.9722198617226452
4.335305172761763,0,0.9722198617226452
4.378353334659465,0,0.9722198617226452
4.4634764108694505,0,0.9722198617226452
4.597423933598634,0,0.9722198617226452
4.813425530182346,0,0.9722198617226452
5.121917215596363,0,0.9722198617226452
5.503141586846903,0,0.9722198617226452
5.929709141754268,0,0.9722198617226452
6.368923934654322,0,0.9722198617226452
6.77661163290789,0,0.9722198617226452
7.127437417316786,0,0.9722198617226452
7.430082276731413,0,0.9722198617226452
7.687881292823654,0,0.9722198617226452
7.891002358708616,0,0.9722198617226452
8.049402668960647,0,0.9722198617226452
8.157049250637533,0,0.9722198617226452
8.181817280691021,0,0.9722198617226452
8.142932405746752,1,0.9721125022203391
8.075054000253786,0,0.9721125022203391
7.967703197593575,0,0.9721125022203391
7.809657939949711,0,0.9721125022203391
7.590456383105166,0,0.9721125022203391
7.313153383558855,0,0.9721125022203391
7.0122491327202745,0,0.9721125022203391
6.6929392770559835,0,0.9721125022203391
6.344282953357316,0,0.9721125022203391
5.987797952131607,0,0.9721125022203391
5.6289217514480265,0,0.9721125022203391
5.239844124212181,0,0.9721125022203391
4.82541506399596,0,0.9721125022203391
4.428865864683843,0,0.9721125022203391
4.055268314948136,0,0.9721125022203391
3.664559081512756,0,0.9721125022203391
3.239690732289047,0,0.9721125022203391
2.789815133648475,0,0.9721125022203391
2.319742482060032,0,0.9721125022203391
1.8259588825248962,0,0.9721125022203391
1.2850013962173803,0,0.9721125022203391
0.6679120136940228,0,0.9721125022203391
0.002747266830712046,0,0.9721125022203391
-0.6376714719593428,0,0.9721125022203391
-1.266537099158979,0,0.9721125022203391
-1.9878699105622126,0,0.9721125022203391
-2.8446202852467604,0,0.9721125022203391
-3.830229427718472,0,0.9721125022203391
-4.978542285639374,0,0.9721125022203391
-6.308536334201204,0,0.9721125022203391
-7.794871584865794,0,0.9721125022203391
-9.398467773456321,0,0.9721125022203391
-11.051371551266215,0,0.9721125022203391
-12.668513898943978,0,0.9721125022203391
-14.177868130712815,0,0.9721125022203391
-15.52253609224062,0,0.9721125022203391
-16.650681109747698,0,0.9721125022203391
-17.470560374098387,0,0.9721125022203391
-17.85799788692163,0,0.9721125022203391
-17.731072485708818,0,0.9721125022203391
-17.08914170004888,0,0.9721125022203391
-16.00216947886614,0,0.9721125022203391
-14.557662937597529,0,0.9721125022203391
-12.842486689128105,0,0.9721125022203391
-10.9252328329725,0,0.9721125022203391
-8.83111535615924,0,0.9721125022203391
-6.626106048250943,0,0.9721125022203391
-4.438036065769173,0,0.9721125022203391
-2.3709520829658635,0,0.9721125022203391
-0.4886504409246084,0,0.9721125022203391
1.1736389569978312,0,0.9721125022203391
2.585915463640578,0,0.9721125022203391
3.708325844498978,0,0.9721125022203391
4.524854070660754,0,0.9721125022203391
5.053560603911146,0,0.9721125022203391
5.341938315180268,0,0.9721125022203391
5.434726924306485,0,0.9721125022203391
5.338666533187871,0,0.9721125022203391
5.071477845442005,0,0.9721125022203391
4.701909000366177,0,0.9721125022203391
4.31584970590066,0,0.9721125022203391
3.963728440136014,0,0.9721125022203391
3.6548339681194646,0,0.9721125022203391
3.4014704655665997,0,0.9721125022203391
3.2293546395662305,0,0.9721125022203391
3.166495174950624,0,0.9721125022203391
3.230755628526135,0,0.9721125022203391
3.3980545929905843,0,0.9721125022203391
3.632819362456377,0,0.9721125022203391
3.954026111125567,0,0.9721125022203391
4.390057472071871,0,0.9721125022203391
4.890761666712584,0,0.9721125022203391
5.375587058110943,0,0.9721125022203391
5.824430778704349,0,0.9721125022203391
6.249510467003226,0,0.9721125022203391
6.639742691284052,0,0.9721125022203391
6.979895172815112,0,0.9721125022203391
7.288408322403301,0,0.9721125022203391
7.576465542863452,0,0.9721125022203391
7.791143490722713,0,0.9721125022203391
7.878378004511617,0,0.9721125022203391
7.8510994093409625,1,0.9723877600401588
7.7520168193479995,0,0.9723877600401588
7.606225171058948,0,0.9723877600401588
7.424171575279591,0,0.9723877600401588
7.2213187402488614,0,0.9723877600401588
6.994649027768042,0,0.9723877600401588
6.718552980867144,0,0.9723877600401588
6.409994125114802,0,0.9723877600401588
6.136300657874579,0,0.9723877600401588
5.926422704155756,0,0.9723877600401588
5.725581267267239,0,0.9723877600401588
5.479985796743191,0,0.9723877600401588
5.201846453715117,0,0.9723877600401588
4.9218726131088255,0,0.9723877600401588
4.636427551734705,0,0.9723877600401588
4.323050436011222,0,0.9723877600401588
3.9960084798561404,0,0.9723877600401588
3.6856003044813983,0,0.9723877600401588
3.3812939219904554,0,0.9723877600401588
3.057860325294508,0,0.9723877600401588
2.7252792743535252,0,0.9723877600401588
2.408846392828843,0,0.9723877600401588
2.0948936367899083,0,0.9723877600401588
1.760042567747729,0,0.9723877600401588
1.4121861796364081,0,0.9723877600401588
1.054761171199193,0,0.9723877600401588
0.6849174769936867,0,0.9723877600401588
0.285740289036104,0,0.9723877600401588
-0.21008637717239176,0,0.9723877600401588
-0.8705410520877318,0,0.9723877600401588
-1.707081101656374,0,0.9723877600401588
-2.711011614176524,0,0.9723877600401588
-3.8865097894570444,0,0.9723877600401588
-5.218393866407953,0,0.9723877600401588
-6.70664001663652,0,0.9723877600401588
-8.384779579207104,0,0.9723877600401588
-10.206866907613861,0,0.9723877600401588
-12.042678430088474,0,0.9723877600401588
-13.794677871173583,0,0.9723877600401588
-15.418772028633711,0,0.9723877600401588
-16.841253225067714,0,0.9723877600401588
-17.93094014453273,0,0.9723877600401588
-18.597921083362955,0,0.9723877600401588
-18.836315805861414,0,0.9723877600401588
-18.638462874180263,0,0.9723877600401588
-17.980162583216007,0,0.9723877600401588
-16.887244327002044,0,0.9723877600401588
-15.417401815356781,0,0.9723877600401588
-13.63420142737284,0,0.9723877600401588
-11.629236054089644,0,0.9723877600401588
-9.500914484150563,0,0.9723877600401588
-7.337528746126889,0,0.9723877600401588
-5.218954889406847,0,0.9723877600401588
-3.232143741732206,0,0.9723877600401588
-1.4815266993492917,0,0.9723877600401588
-0.005481118177667721,0,0.9723877600401588
1.240102371580176,0,0.9723877600401588
2.2709932734919693,0,0.9723877600401588
3.0752149030162217,0,0.9723877600401588
3.6846590262848,0,0.9723877600401588
4.1369438191072305,0,0.9723877600401588
4.423805707582758,0,0.9723877600401588
4.546941677500679,0,0.9723877600401588
4.554793199480926,0,0.9723877600401588
4.465966898403343,0,0.9723877600401588
4.266150525199296,0,0.9723877600401588
4.007577967823343,0,0.9723877600401588
3.7688459527244094,0,0.9723877600401588
3.563374420738087,0,0.9723877600401588
3.3896068028380117,0,0.9723877600401588
3.2703397194651123,0,0.9723877600401588
3.2310192554648207,0,0.9723877600401588
3.3014627852973573,0,0.9723877600401588
3.4952156359482265,0,0.9723877600401588
3.785078075681248,0,0.9723877600401588
4.1356869767563005,0,0.9723877600401588
4.5395689303628926,0,0.9723877600401588
4.991087365337171,0,0.9723877600401588
5.460057101209228,0,0.9723877600401588
5.907309838852215,0,0.9723877600401588
6.297886714638316,0,0.9723877600401588
6.609768240169628,0,0.9723877600401588
6.833301943148447,0,0.9723877600401588
6.964456723345115,0,0.9723877600401588
7.027707881287842,0,0.9723877600401588
7.068483965173533,0,0.9723877600401588
7.103840738221743,0,0.9723877600401588
7.131389261505297,0,0.9723877600401588
7.144958058679067,0,0.9723877600401588
7.1293447404367605,1,0.9722996693361152
7.077055547111067,0,0.9722996693361152
6.990833379707242,0,0.9722996693361152
6.881970092883629,0,0.9722996693361152
6.751124493584818,0,0.9722996693361152
6.580557160169752,0,0.9722996693361152
6.3703918628430865,0,0.9722996693361152
6.1221560524428265,0,0.9722996693361152
5.81405851843446,0,0.9722996693361152
5.439851453568997,0,0.9722996693361152
5.0186855400674375,0,0.9722996693361152
4.5705390034947655,0,0.9722996693361152
4.110238868847275,0,0.9722996693361152
3.651994564331971,0,0.9722996693361152
3.221816457259525,0,0.9722996693361152
2.846385768692396,0,0.9722996693361152
2.5298320498083684,0,0.9722996693361152
2.259549668680783,0,0.9722996693361152
2.0178281144197605,0,0.9722996693361152
1.7831096854779795,0,0.9722996693361152
1.5217953887529996,0,0.9722996693361152
1.1894030009648722,0,0.9722996693361152
0.7626264526850303,0,0.9722996693361152
0.2583213991760758,0,0.9722996693361152
-0.32575844494165057,0,0.9722996693361152
-1.0534882421633225,0,0.9722996693361152
-1.9790033981284318,0,0.9722996693361152
-3.0921129326937207,0,0.9722996693361152
-4.356740876378012,0,0.9722996693361152
-5.7626050179931685,0,0.9722996693361152
-7.330979219464319,0,0.9722996693361152
-9.048122470527012,0,0.9722996693361152
-10.837876222225336,0,0.9722996693361152
-12.63653276060469,0,0.9722996693361152
-14.398285570824063,0,0.9722996693361152
-16.031312514978723,0,0.9722996693361152
-17.408725510366114,0,0.9722996693361152
-18.405164579687064,0,0.9722996693361152
-18.919141417168298,0,0.9722996693361152
-18.909597828331645,0,0.9722996693361152
-18.38683612018626,0,0.9722996693361152
-17.378902447012333,0,0.9722996693361152
-15.916992159663005,0,0.9722996693361152
-14.06644716406943,0,0.9722996693361152
-11.977864492429724,0,0.9722996693361152
-9.790772998067231,0,0.9722996693361152
-7.540875594138752,0,0.9722996693361152
-5.262339963367925,0,0.9722996693361152
-3.0643687824100576,0,0.9722996693361152
-1.0774066500291655,0,0.9722996693361152
0.6063641644202531,0,0.9722996693361152
1.9618225641199698,0,0.9722996693361152
3.0400946316222535,0,0.9722996693361152
3.907074755551157,0,0.9722996693361152
4.560973997796509,0,0.9722996693361152
4.971178683105882,0,0.9722996693361152
5.165492321001524,0,0.9722996693361152
5.191423898628277,0,0.9722996693361152
5.072104805656084,0,0.9722996693361152
4.851463192648873,0,0.9722996693361152
4.567267819530432,0,0.9722996693361152
4.234686439102823,0,0.9722996693361152
3.9078297257993393,0,0.9722996693361152
3.6539471422549665,0,0.9722996693361152
3.5068896677403116,0,0.9722996693361152
3.5029727286375536,0,0.9722996693361152
3.671104668671874,0,0.9722996693361152
3.964002299185747,0,0.9722996693361152
4.29871008121828,0,0.9722996693361152
4.632598353220432,0,0.9722996693361152
4.956686921979992,0,0.9722996693361152
5.291129250320478,0,0.9722996693361152
5.656364398178513,0,0.9722996693361152
6.045077503332366,0,0.9722996693361152
6.431244653088742,0,0.9722996693361152
6.755976720931105,0,0.9722996693361152
6.9827223001290815,0,0.9722996693361152
7.1460299875188795,0,0.9722996693361152
7.284253028752974,0,0.9722996693361152
7.406724224140698,0,0.9722996693361152
7.508313700813737,0,0.9722996693361152
7.5876466703867775,0,0.9722996693361152
7.629789130298424,0,0.9722996693361152
7.572440290404473,1,0.9725367685808505
7.383608546298396,0,0.9725367685808505
7.1119567589647295,0,0.9725367685808505
6.8172321317021245,0,0.9725367685808505
6.51158840938563,0,0.9725367685808505
6.178191150411402,0,0.9725367685808505
5.818116214957897,0,0.9725367685808505
5.454956595613681,0,0.9725367685808505
5.109547857475023,0,0.9725367685808505
4.776637451819489,0,0.9725367685808505
4.4417263197032675,0,0.9725367685808505
4.100731327071015,0,0.9725367685808505
3.75742924985401,0,0.9725367685808505
3.4380672751611545,0,0.9725367685808505
3.185468220285712,0,0.9725367685808505
3.0258847830223736,0,0.9725367685808505
2.9482026781992134,0,0.9725367685808505
2.9087570177218,0,0.9725367685808505
2.8502205155033464,0,0.9725367685808505
2.7422931562683317,0,0.9725367685808505
2.5999071105630827,0,0.9725367685808505
2.418928431416755,0,0.9725367685808505
2.1590335257775575,0,0.9725367685808505
1.7912669470454607,0,0.9725367685808505
1.307797552108941,0,0.9725367685808505
0.7243206725424819,0,0.9725367685808505
0.05793984264473194,0,0.9725367685808505
-0.7055572174855179,0,0.9725367685808505
-1.5900370411543767,0,0.9725367685808505
-2.603272267375898,0,0.9725367685808505
-3.768660355978668,0,0.9725367685808505
-5.137838292102342,0,0.9725367685808505
-6.723410734906795,0,0.9725367685808505
-8.468375705960808,0,0.9725367685808505
-10.295928287153773,0,0.9725367685808505
-12.12542793248904,0,0.9725367685808505
-13.87026471447814,0,0.9725367685808505
-15.455251222373477,0,0.9725367685808505
-16.79924710500727,0,0.9725367685808505
-17.820561626665278,0,0.9725367685808505
-18.457059989249018,0,0.9725367685808505
-18.66952921871226,0,0.9725367685808505
-18.460766451644698,0,0.9725367685808505
-17.833894362257467,0,0.9725367685808505
-16.76650431283892,0,0.9725367685808505
-15.278796336017505,0,0.9725367685808505
-13.458682457215767,0,0.9725367685808505
-11.414483459629455,0,0.9725367685808505
-9.233333403366805,0,0.9725367685808505
-6.996765615495248,0,0.9725367685808505
-4.8193849583853945,0,0.9725367685808505
-2.825399669964932,0,0.9725367685808505
-1.0716669949607283,0,0.9725367685808505
0.4511466449052101,0,0.9725367685808505
1.7441738675190095,0,0.9725367685808505
2.7968907369238605,0,0.9725367685808505
3.6065368704398653,0,0.9725367685808505
4.176646099258835,0,0.9725367685808505
4.5397238701740426,0,0.9725367685808505
4.737080381104022,0,0.9725367685808505
4.771128910098727,0,0.9725367685808505
4.643639481233537,0,0.9725367685808505
4.4068152613724845,0,0.9725367685808505
4.13021605622551,0,0.9725367685808505
3.8609203508244794,0,0.9725367685808505
3.6211325620334653,0,0.9725367685808505
3.4220423503458717,0,0.9725367685808505
3.2808429153891336,0,0.9725367685808505
3.218147533413415,0,0.9725367685808505
3.2304705869452146,0,0.9725367685808505
3.293591525852451,0,0.9725367685808505
3.4265516815804355,0,0.9725367685808505
3.6825261134266456,0,0.9725367685808505
4.056151175412303,0,0.9725367685808505
4.487472786258739,0,0.9725367685808505
4.931146118816588,0,0.9725367685808505
5.393575708051646,0,0.9725367685808505
5.908571730399523,0,0.9725367685808505
6.448356411167593,0,0.9725367685808505
6.923459669546451,0,0.9725367685808505
7.277788250366579,0,0.9725367685808505
7.522037288822664,0,0.9725367685808505
7.679425222383047,0,0.9725367685808505
7.751106880125806,0,0.9725367685808505
7.7496274856365455,1,0.9727411931982113
7.699451231669039,0,0.9727411931982113
7.6155784854957576,0,0.9727411931982113
7.508962086344667,0,0.9727411931982113
7.39349848270084,0,0.9727411931982113
7.268531252699278,0,0.9727411931982113
7.106212635701318,0,0.9727411931982113
6.884571121687985,0,0.9727411931982113
6.610831323057411,0,0.9727411931982113
6.3245371422096515,0,0.9727411931982113
6.053226070577548,0,0.9727411931982113
5.773215256020837,0,0.9727411931982113
5.474319809799349,0,0.9727411931982113
5.180496172149173,0,0.9727411931982113
4.900196354871739,0,0.9727411931982113
4.6350452748254805,0,0.9727411931982113
4.389480033665587,0,0.9727411931982113
4.153214314902776,0,0.9727411931982113
3.897965301098754,0,0.9727411931982113
3.5853237225273578,0,0.9727411931982113
3.2088987301899903,0,0.9727411931982113
2.7962854350724804,0,0.9727411931982113
2.339335467358856,0,0.9727411931982113
1.808780638802402,0,0.9727411931982113
1.2032547589205762,0,0.9727411931982113
0.510255672977667,0,0.9727411931982113
-0.2887210144371891,0,0.9727411931982113
-1.1865370830110324,0,0.9727411931982113
-2.214947546280192,0,0.9727411931982113
-3.434767592551504,0,0.9727411931982113
-4.835751218280371,0,0.9727411931982113
-6.376121719043985,0,0.9727411931982113
-8.062552922889427,0,0.9727411931982113
-9.89134249315047,0,0.9727411931982113
-11.78781733885335,0,0.9727411931982113
-13.63927304110995,0,0.9727411931982113
-15.327012383290867,0,0.9727411931982113
-16.74615257129912,0,0.9727411931982113
-17.8250148155493,0,0.9727411931982113
-18.50416992941287,0,0.9727411931982113
-18.734460512829475,0,0.9727411931982113
-18.502287669950473,0,0.9727411931982113
-17.805203309685574,0,0.9727411931982113
-16.644448650564183,0,0.9727411931982113
-15.071406475615401,0,0.9727411931982113
-13.18461548285566,0,0.9727411931982113
-11.08052102796154,0,0.9727411931982113
-8.868761725709751,0,0.9727411931982113
-6.6593334213670285,0,0.9727411931982113
-4.506338552361791,0,0.9727411931982113
-2.4782406186451698,0,0.9727411931982113
-0.6609332838819583,0,0.9727411931982113
0.922560044391862,0,0.9727411931982113
2.2666803000338995,0,0.9727411931982113
3.3471451312308353,0,0.9727411931982113
4.138404534283548,0,0.9727411931982113
4.623371155145562,0,0.9727411931982113
4.809357793378197,0,0.9727411931982113
4.754013314646413,0,0.9727411931982113
4.567386818600569,0,0.9727411931982113
4.352122538488207,0,0.9727411931982113
4.151783881230461,0,0.9727411931982113
3.963390010570127,0,0.9727411931982113
3.774446756562665,0,0.9727411931982113
3.5993657449679497,0,0.9727411931982113
3.481661665709815,0,0.9727411931982113
3.4301096525045787,0,0.9727411931982113
3.415341943204699,0,0.9727411931982113
3.435932564118464,0,0.9727411931982113
3.513782880953355,0,0.9727411931982113
3.6677579796023982,0,0.9727411931982113
3.892093766882732,0,0.9727411931982113
4.157259483270472,0,0.9727411931982113
4.449720186816197,0,0.9727411931982113
4.761916531775908,0,0.9727411931982113
5.0752989576071466,0,0.9727411931982113
5.3697541669553965,0,0.9727411931982113
5.635369566086312,0,0.9727411931982113
5.889458258496841,0,0.9727411931982113
6.156780748455391,0,0.9727411931982113
6.430425244734527,0,0.9727411931982113
6.691787768252535,0,0.9727411931982113
6.94478126364275,0,0.9727411931982113
7.17344573275706,0,0.9727411931982113
7.3289605708457115,0,0.9727411931982113
7.401740568102475,0,0.9727411931982113
7.430908057959013,0,0.9727411931982113
7.436329731205158,0,0.9727411931982113
7.393523661643531,1,0.9727466318040678
7.26103752296351,0,0.9727466318040678
7.028183278183019,0,0.9727466318040678
6.743454208024704,0,0.9727466318040678
6.45953202964114,0,0.9727466318040678
6.177789026620289,0,0.9727466318040678
5.884053353292863,0,0.9727466318040678
5.583632565661867,0,0.9727466318040678
5.295868405166015,0,0.9727466318040678
5.036342858810087,0,0.9727466318040678
4.789580127815293,0,0.9727466318040678
4.525464296429778,0,0.9727466318040678
4.228204106859829,0,0.9727466318040678
3.913318485454154,0,0.9727466318040678
3.6115603833799828,0,0.9727466318040678
3.3070366440023604,0,0.9727466318040678
2.9619268428508296,0,0.9727466318040678
2.574215119996862,0,0.9727466318040678
2.155829185921346,0,0.9727466318040678
1.7134243944852336,0,0.9727466318040678
1.2607287006077093,0,0.9727466318040678
0.8122348389591437,0,0.9727466318040678
0.3525237486173334,0,0.9727466318040678
-0.18529597134558518,0,0.9727466318040678
-0.8864520795105532,0,0.9727466318040678
-1.7824165002448362,0,0.9727466318040678
-2.83288289418532,0,0.9727466318040678
-3.9989109253343464,0,0.9727466318040678
-5.3234649270604315,0,0.9727466318040678
-6.8640658150596945,0,0.9727466318040678
-8.571290329572735,0,0.9727466318040678
-10.351508339555393,0,0.9727466318040678
-12.154455494602002,0,0.9727466318040678
-13.917281987636963,0,0.9727466318040678
-15.54455717067606,0,0.9727466318040678
-16.94923160132352,0,0.9727466318040678
-18.04506709240362,0,0.9727466318040678
-18.749857661253206,0,0.9727466318040678
-19.012569398629914,0,0.9727466318040678
-18.810950263838077,0,0.9727466318040678
-18.14549754711134,0,0.9727466318040678
-17.04331575295518,0,0.9727466318040678
-15.552666268290256,0,0.9727466318040678
-13.732262735650307,0,0.9727466318040678
-11.652583605890786,0,0.9727466318040678
-9.414334319810902,0,0.9727466318040678
-7.140439890857365,0,0.9727466318040678
-4.940761696106681,0,0.9727466318040678
-2.8940221567141777,0,0.9727466318040678
-1.0421157148161373,0,0.9727466318040678
0.5755833385317018,0,0.9727466318040678
1.9217705360246984,0,0.9727466318040678
2.998008341411279,0,0.9727466318040678
3.791711318495547,0,0.9727466318040678
4.2830543522626305,0,0.9727466318040678
4.5088090661066795,0,0.9727466318040678
4.516616076638986,0,0.9727466318040678
4.345909175984675,0,0.9727466318040678
4.053872573759608,0,0.9727466318040678
3.6961985213581916,0,0.9727466318040678
3.3397478930341493,0,0.9727466318040678
3.0546370461916252,0,0.9727466318040678
2.865030502149598,0,0.9727466318040678
2.7858537037329563,0,0.9727466318040678
2.829822140559767,0,0.9727466318040678
2.9505137632995324,0,0.9727466318040678
3.099910704167316,0,0.9727466318040678
3.300205131007863,0,0.9727466318040678
3.593243746652822,0,0.9727466318040678
3.967701012857094,0,0.9727466318040678
4.380176438259528,0,0.9727466318040678
4.830103328166538,0,0.9727466318040678
5.331292624179378,0,0.9727466318040678
5.831335109039966,0,0.9727466318040678
6.256510595040931,0,0.9727466318040678
6.60867279565397,0,0.9727466318040678
6.952362938833324,0,0.9727466318040678
7.3078371427345346,0,0.9727466318040678
7.612004370548174,0,0.9727466318040678
7.807718848348187,0,0.9727466318040678
7.903677348132455,0,0.9727466318040678
7.926048456845173,0,0.9727466318040678
7.8833853100572115,1,0.9729869789632813
7.795559960054936,0,0.9729869789632813
7.69481076007241,0,0.9729869789632813
7.576375980854112,0,0.9729869789632813
7.399698848749495,0,0.9729869789632813
7.170636741340887,0,0.9729869789632813
6.944445970266616,0,0.9729869789632813
6.727537301289934,0,0.9729869789632813
6.483674418206771,0,0.9729869789632813
6.212130659269564,0,0.9729869789632813
5.9162814498064265,0,0.9729869789632813
5.574773310380121,0,0.9729869789632813
5.192934199723581,0,0.9729869789632813
4.788102988523819,0,0.9729869789632813
4.367634398236595,0,0.9729869789632813
3.950139649153964,0,0.9729869789632813
3.546622303422323,0,0.9729869789632813
3.1440336455995306,0,0.9729869789632813
2.7121933657347066,0,0.9729869789632813
2.223172006092026,0,0.9729869789632813
1.69637996669678,0,0.9729869789632813
1.17193787329001,0,0.9729869789632813
0.6241126176733887,0,0.9729869789632813
-0.007224731977137827,0,0.9729869789632813
-0.7364811156702998,0,0.9729869789632813
-1.5338282393731635,0,0.9729869789632813
-2.3913509742912917,0,0.9729869789632813
-3.3759296450496814,0,0.9729869789632813
-4.571603790302778,0,0.9729869789632813
-5.9974706007026715,0,0.9729869789632813
-7.600726226716094,0,0.9729869789632813
-9.31699874118995,0,0.9729869789632813
-11.09993687477676,0,0.9729869789632813
-12.887392653587586,0,0.9729869789632813
-14.60387266708817,0,0.9729869789632813
-16.160979604222014,0,0.9729869789632813
-17.460853976373475,0,0.9729869789632813
-18.42582824008106,0,0.9729869789632813
-18.99021361178977,0,0.9729869789632813
-19.072459925856965,0,0.9729869789632813
-18.601627278910417,0,0.9729869789632813
-17.594334491616287,0,0.9729869789632813
-16.14680969805072,0,0.9729869789632813
-14.355982801233536,0,0.9729869789632813
-12.287034855174454,0,0.9729869789632813
-10.008020193146917,0,0.9729869789632813
-7.6394244316523165,0,0.9729869789632813
-5.313776870481217,0,0.9729869789632813
-3.1137146622706466,0,0.9729869789632813
-1.1071054333913328,0,0.9729869789632813
0.633812943613717,0,0.9729869789632813
2.0818937116288665,0,0.9729869789632813
3.2477246899105805,0,0.9729869789632813
4.147542618602334,0,0.9729869789632813
4.8030157561994455,0,0.9729869789632813
5.226629547878913,0,0.9729869789632813
5.422092446094666,0,0.9729869789632813
5.406386368985032,0,0.9729869789632813
5.235159426818484,0,0.9729869789632813
4.993636145694009,0,0.9729869789632813
4.724366163143622,0,0.9729869789632813
4.431611850729493,0,0.9729869789632813
4.145867038902529,0,0.9729869789632813
3.897346539009138,0,0.9729869789632813
3.6985384062920246,0,0.9729869789632813
3.5747091882382263,0,0.9729869789632813
3.559871715669376,0,0.9729869789632813
3.658725685714454,0,0.9729869789632813
3.85959649529454,0,0.9729869789632813
4.170622532158645,0,0.9729869789632813
4.564260850641564,0,0.9729869789632813
4.982463731995863,0,0.9729869789632813
5.413569345532809,0,0.9729869789632813
5.8703194584105,0,0.9729869789632813
6.318601996030439,0,0.9729869789632813
6.697443391114609,0,0.9729869789632813
6.998082241759916,0,0.9729869789632813
7.253480353150825,0,0.9729869789632813
7.503086988070867,0,0.9729869789632813
7.759434856380997,0,0.9729869789632813
7.981752693776013,0,0.9729869789632813
8.131504058709064,0,0.9729869789632813
8.190611505164542,0,0.9729869789632813
8.149350352897978,1,0.973206393683849
8.016869486871581,0,0.973206393683849
7.786242323271936,0,0.973206393683849
7.4627174044839455,0,0.973206393683849
7.12349593998911,0,0.973206393683849
6.83249683622489,0,0.973206393683849
6.572613660121033,0,0.973206393683849
6.303030660910713,0,0.973206393683849
5.995395241744268,0,0.973206393683849
5.641098492681577,0,0.973206393683849
5.243865610837646,0,0.973206393683849
4.807058950100796,0,0.973206393683849
4.366135406382007,0,0.973206393683849
3.9838503907312135,0,0.973206393683849
3.694726816489168,0,0.973206393683849
3.4847101970873875,0,0.973206393683849
3.3065308987559456,0,0.973206393683849
3.125125841369405,0,0.973206393683849
2.9422933635900024,0,0.973206393683849
2.7474014778721125,0,0.973206393683849
2.5048023332980276,0,0.973206393683849
2.213689167560799,0,0.973206393683849
1.9118228358675697,0,0.973206393683849
1.6049628717354747,0,0.973206393683849
1.2441176034793895,0,0.973206393683849
0.8040301804919758,0,0.973206393683849
0.31931142226370207,0,0.973206393683849
-0.19188479019217433,0,0.973206393683849
-0.7755162401412616,0,0.973206393683849
-1.4939873204905987,0,0.973206393683849
-2.3877796205804973,0,0.973206393683849
-3.4734548150346045,0,0.973206393683849
-4.734282736921005,0,0.973206393683849
-6.147456952127004,0,0.973206393683849
-7.69432612150633,0,0.973206393683849
-9.336424669598452,0,0.973206393683849
-11.040218853845575,0,0.973206393683849
-12.782740959976255,0,0.973206393683849
-14.510408632828792,0,0.973206393683849
-16.12351344623874,0,0.973206393683849
-17.494787394143398,0,0.973206393683849
-18.518678979434664,0,0.973206393683849
-19.13748191747914,0,0.973206393683849
-19.304976036823575,0,0.973206393683849
-18.9682846910569,0,0.973206393683849
-18.110714930374,0,0.973206393683849
-16.79267968902916,0,0.973206393683849
-15.11202232936059,0,0.973206393683849
-13.14257564291609,0,0.973206393683849
-10.961528491069199,0,0.973206393683849
-8.671516174730346,0,0.973206393683849
-6.3822058829490205,0,0.973206393683849
-4.206016780475262,0,0.973206393683849
-2.210271578596437,0,0.973206393683849
-0.41254501790111886,0,0.973206393683849
1.1594497272690587,0,0.973206393683849
2.47169540930101,0,0.973206393683849
3.5141823808395025,0,0.973206393683849
4.285253793278499,0,0.973206393683849
4.7794123702380285,0,0.973206393683849
5.0252410697048235,0,0.973206393683849
5.0866032233576215,0,0.973206393683849
4.998050267853715,0,0.973206393683849
4.779913694183781,0,0.973206393683849
4.503312977290289,0,0.973206393683849
4.2417417319719135,0,0.973206393683849
4.025241188591131,0,0.973206393683849
3.8481733710875177,0,0.973206393683849
3.674917931914917,0,0.973206393683849
3.5100460722875866,0,0.973206393683849
3.3997035610186734,0,0.973206393683849
3.3595478270468946,0,0.973206393683849
3.3960516594052583,0,0.973206393683849
3.518629839919683,0,0.973206393683849
3.705979548582283,0,0.973206393683849
3.9381508909266354,0,0.973206393683849
4.219712077324386,0,0.973206393683849
4.539622559529218,0,0.973206393683849
4.878528314957641,0,0.973206393683849
5.247383212110473,0,0.973206393683849
5.657686230511853,0,0.973206393683849
6.083724512066009,0,0.973206393683849
6.487078171445393,0,0.973206393683849
6.835312647733156,0,0.973206393683849
7.10167597412014,0,0.973206393683849
7.277194121934421,0,0.973206393683849
7.369997042044932,0,0.973206393683849
7.391564429952299,0,0.973206393683849
7.347651211609741,1,0.9732174847082713
7.251474235308986,0,0.9732174847082713
7.116272447426309,0,0.9732174847082713
6.928708570195305,0,0.9732174847082713
6.690052825014956,0,0.9732174847082713
6.438471959478712,0,0.9732174847082713
6.189561181161402,0,0.9732174847082713
5.936144006079125,0,0.9732174847082713
5.687047898433545,0,0.9732174847082713
5.4424305559352275,0,0.9732174847082713
5.188545154035892,0,0.9732174847082713
4.932672608994815,0,0.9732174847082713
4.683474813092487,0,0.9732174847082713
4.425259994394619,0,0.9732174847082713
4.154115357825815,0,0.9732174847082713
3.8734134704819128,0,0.9732174847082713
3.5871895894544683,0,0.9732174847082713
3.3354580400358875,0,0.9732174847082713
3.1384167506198803,0,0.9732174847082713
2.969150834967957,0,0.9732174847082713
2.794059737602418,0,0.9732174847082713
2.572132768317739,0,0.9732174847082713
2.3003497692623776,0,0.9732174847082713
2.025169459230413,0,0.9732174847082713
1.7578158335710552,0,0.9732174847082713
1.4803137893216436,0,0.9732174847082713
1.1874431993087573,0,0.9732174847082713
0.8165941582612752,0,0.9732174847082713
0.27442694432918735,0,0.9732174847082713
-0.44247413561724674,0,0.9732174847082713
-1.3007740597914592,0,0.9732174847082713
-2.307760994995213,0,0.9732174847082713
-3.4775358435336186,0,0.9732174847082713
-4.835300320003896,0,0.9732174847082713
-6.415551838096416,0,0.9732174847082713
-8.195310593572785,0,0.9732174847082713
-10.089158950929914,0,0.9732174847082713
-12.006795957320413,0,0.9732174847082713
-13.865576539131075,0,0.9732174847082713
-15.57434390639894,0,0.9732174847082713
-17.0493850289504,0,0.9732174847082713
-18.22039056401296,0,0.9732174847082713
-19.011570303861742,0,0.9732174847082713
-19.36352091448268,0,0.9732174847082713
-19.244714558060128,0,0.9732174847082713
-18.63759132411539,0,0.9732174847082713
-17.56661223761089,0,0.9732174847082713
-16.11927219521959,0,0.9732174847082713
-14.39728705463867,0,0.9732174847082713
-12.460062343449605,0,0.9732174847082713
-10.352127415649827,0,0.9732174847082713
-8.14778495640409,0,0.9732174847082713
-5.937011956922416,0,0.9732174847082713
-3.7975983970641076,0,0.9732174847082713
-1.7964299746175156,0,0.9732174847082713
-0.00512155884445787,0,0.9732174847082713
1.5140436632012797,0,0.9732174847082713
2.7435424339913745,0,0.9732174847082713
3.6952860950754784,0,0.9732174847082713
4.36652315858709,0,0.9732174847082713
4.7563420899897935,0,0.9732174847082713
4.884920011453449,0,0.9732174847082713
4.783698464659921,0,0.9732174847082713
4.531176445925333,0,0.9732174847082713
4.2363594608968205,0,0.9732174847082713
3.950911082587235,0,0.9732174847082713
3.692088084604183,0,0.9732174847082713
3.4818846669399734,0,0.9732174847082713
3.3167701899568978,0,0.9732174847082713
3.197575759172306,0,0.9732174847082713
3.1575440079487067,0,0.9732174847082713
3.2270239080268097,0,0.9732174847082713
3.399251355086839,0,0.9732174847082713
3.6392659912373415,0,0.9732174847082713
3.934344777555118,0,0.9732174847082713
4.293519667276843,0,0.9732174847082713
4.700788299167422,0,0.9732174847082713
5.131091824398646,0,0.9732174847082713
5.580436922660701,0,0.9732174847082713
6.02737461499567,0,0.9732174847082713
6.426757774940293,0,0.9732174847082713
6.7636191329856485,0,0.9732174847082713
7.044911813014203,0,0.9732174847082713
7.280164031167693,0,0.9732174847082713
7.485328141208833,0,0.9732174847082713
7.643220640106875,0,0.9732174847082713
7.707047769952946,0,0.9732174847082713
7.666504431880794,1,0.973292797199249
7.556508283785903,0,0.973292797199249
7.41711769567878,0,0.973292797199249
7.267888443700596,0,0.973292797199249
7.10540726014963,0,0.973292797199249
6.923084224903653,0,0.973292797199249
6.721996803462285,0,0.973292797199249
6.518476655772152,0,0.973292797199249
6.31450486929765,0,0.973292797199249
6.07647146796141,0,0.973292797199249
5.80152676629479,0,0.973292797199249
5.504062262789972,0,0.973292797199249
5.161457485365055,0,0.973292797199249
4.772638026961311,0,0.973292797199249
4.3911916236415145,0,0.973292797199249
4.069246786826067,0,0.973292797199249
3.8241105887966973,0,0.973292797199249
3.6526591310721037,0,0.973292797199249
3.5130678081774653,0,0.973292797199249
3.33849881572725,0,0.973292797199249
3.10276264592552,0,0.973292797199249
2.7902516316674424,0,0.973292797199249
2.380027508898384,0,0.973292797199249
1.8977464303269527,0,0.973292797199249
1.3667679827884927,0,0.973292797199249
0.7564615604189009,0,0.973292797199249
0.01729851867549534,0,0.973292797199249
-0.8923979211324781,0,0.973292797199249
-1.9863495073382587,0,0.973292797199249
-3.2419955625193633,0,0.973292797199249
-4.635080113358168,0,0.973292797199249
-6.149908533134874,0,0.973292797199249
-7.762874844055526,0,0.973292797199249
-9.443716714927943,0,0.973292797199249
-11.141282846752409,0,0.973292797199249
-12.804359329452401,0,0.973292797199249
-14.406013536148288,0,0.973292797199249
-15.894639764760083,0,0.973292797199249
-17.18234252942328,0,0.973292797199249
-18.186382549303943,0,0.973292797199249
-18.812676382299273,0,0.973292797199249
-18.952074066487516,0,0.973292797199249
-18.553644447150248,0,0.973292797199249
-17.649831313832458,0,0.973292797199249
-16.31873515044423,0,0.973292797199249
-14.633989411290408,0,0.973292797199249
-12.649754299669095,0,0.973292797199249
-10.437756279546607,0,0.973292797199249
-8.106373382628668,0,0.973292797199249
-5.785528512986633,0,0.973292797199249
-3.5873343242540745,0,0.973292797199249
-1.5790824295309493,0,0.973292797199249
0.1933114809188594,0,0.973292797199249
1.6934062742713865,0,0.973292797199249
2.924939536970871,0,0.973292797199249
3.9125366824176737,0,0.973292797199249
4.653600844190636,0,0.973292797199249
5.140287370539631,0,0.973292797199249
5.389467755198354,0,0.973292797199249
5.421010354131663,0,0.973292797199249
5.260732198722307,0,0.973292797199249
4.97753754389029,0,0.973292797199249
4.654940584435514,0,0.973292797199249
4.332776749405422,0,0.973292797199249
4.0105459329151145,0,0.973292797199249
3.702487741640746,0,0.973292797199249
3.4859672189362185,0,0.973292797199249
3.429512362654333,0,0.973292797199249
3.503083847371733,0,0.973292797199249
3.6457186441220837,0,0.973292797199249
3.8427756629152467,0,0.973292797199249
4.102368713832018,0,0.973292797199249
4.41629842354081,0,0.973292797199249
4.75413333168501,0,0.973292797199249
5.073803712078895,0,0.973292797199249
5.356902111681333,0,0.973292797199249
5.629838980518217,0,0.973292797199249
5.911515540710056,0,0.973292797199249
6.1966607714293875,0,0.973292797199249
6.485420607168756,0,0.973292797199249
6.757334300740627,0,0.973292797199249
6.967006063302275,0,0.973292797199249
7.0928072868347956,0,0.973292797199249
7.1358799836907645,0,0.973292797199249
7.101001734176466,1,0.9734831348551447
7.015533665701103,0,0.9734831348551447
6.926803965741692,0,0.9734831348551447
6.868557805008211,0,0.9734831348551447
6.840985359480505,0,0.9734831348551447
6.809776979606773,0,0.9734831348551447
6.725703137698191,0,0.9734831348551447
6.5871583829688065,0,0.9734831348551447
6.443198232656285,0,0.9734831348551447
6.28836648807337,0,0.9734831348551447
6.0711877477877705,0,0.9734831348551447
5.794850361608437,0,0.9734831348551447
5.496047188881972,0,0.9734831348551447
5.202974846518481,0,0.9734831348551447
4.932385086245109,0,0.9734831348551447
4.670528752535379,0,0.9734831348551447
4.384685424331177,0,0.9734831348551447
4.069135842073081,0,0.9734831348551447
3.748994683164537,0,0.9734831348551447
3.419400856096903,0,0.9734831348551447
3.051415567709609,0,0.9734831348551447
2.6355253642924343,0,0.9734831348551447
2.156620099155785,0,0.9734831348551447
1.6006692434475664,0,0.9734831348551447
0.9919230049894322,0,0.9734831348551447
0.37542647286496833,0,0.9734831348551447
-0.235663530163837,0,0.9734831348551447
-0.8821298969278442,0,0.9734831348551447
-1.6258928152484124,0,0.9734831348551447
-2.516393583757867,0,0.9734831348551447
-3.583030387190133,0,0.9734831348551447
-4.834062902851528,0,0.9734831348551447
-6.249764268803741,0,0.9734831348551447
-7.780467185999413,0,0.9734831348551447
-9.392744258208513,0,0.9734831348551447
-11.102534550315928,0,0.9734831348551447
-12.868776095095715,0,0.9734831348551447
-14.542835852146132,0,0.9734831348551447
-16.0093798821012,0,0.9734831348551447
-17.225531845100043,0,0.9734831348551447
-18.13542000669873,0,0.9734831348551447
-18.65892274746748,0,0.9734831348551447
-18.74010797184846,0,0.9734831348551447
-18.37291651675143,0,0.9734831348551447
-17.57002789361858,0,0.9734831348551447
-16.362464860906602,0,0.9734831348551447
-14.80635562734188,0,0.9734831348551447
-12.951300176603096,0,0.9734831348551447
-10.865336990335285,0,0.9734831348551447
-8.651946035440387,0,0.9734831348551447
-6.420265437147171,0,0.9734831348551447
-4.265697388831364,0,0.9734831348551447
-2.2532144416479154,0,0.9734831348551447
-0.42986052509407036,0,0.9734831348551447
1.1601888802619005,0,0.9734831348551447
2.471602252755969,0,0.9734831348551447
3.4839080137589895,0,0.9734831348551447
4.234658543679666,0,0.9734831348551447
4.7582565599255995,0,0.9734831348551447
5.060331897112361,0,0.9734831348551447
5.172836394739712,0,0.9734831348551447
5.1585927953347595,0,0.9734831348551447
5.071151574398538,0,0.9734831348551447
4.931197440172032,0,0.9734831348551447
4.770494060860679,0,0.9734831348551447
4.647309006575097,0,0.9734831348551447
4.567989373056634,0,0.9734831348551447
4.489679359211865,0,0.9734831348551447
4.39894875073686,0,0.9734831348551447
4.326490201901929,0,0.9734831348551447
4.329312836403485,0,0.9734831348551447
4.450164476754543,0,0.9734831348551447
4.671235795857719,0,0.9734831348551447
4.9353194144518415,0,0.9734831348551447
5.200209690016015,0,0.9734831348551447
5.4553192382162585,0,0.9734831348551447
5.720772991128152,0,0.9734831348551447
6.016820016984981,0,0.9734831348551447
6.316581219897433,0,0.9734831348551447
6.586753570372132,0,0.9734831348551447
6.8367430798270155,0,0.9734831348551447
7.079453980356062,0,0.9734831348551447
7.299071986553952,0,0.9734831348551447
7.467098957496395,0,0.9734831348551447
7.571569848449814,0,0.9734831348551447
7.627645143977109,0,0.9734831348551447
7.645456843449739,0,0.9734831348551447
7.6094139311592315,1,0.9768042508580779
7.498183587492055,0,0.9768042508580779
7.299059434678206,0,0.9768042508580779
7.027851707490989,0,0.9768042508580779
6.7201358158921,0,0.9768042508580779
6.379601202744007,0,0.9768042508580779
6.000867250759743,0,0.9768042508580779
5.610926966236887,0,0.9768042508580779
5.221973372034989,0,0.9768042508580779
4.823521690853519,0,0.9768042508580779
4.422893801744716,0,0.9768042508580779
4.023538991264627,0,0.9768042508580779
3.6284412545598674,0,0.9768042508580779
3.2546623293331196,0,0.9768042508580779
2.903462240937876,0,0.9768042508580779
2.564963976732955,0,0.9768042508580779
2.254755303805341,0,0.9768042508580779
2.0037672091772034,0,0.9768042508580779
1.7860394195642126,0,0.9768042508580779
1.5427704555047057,0,0.9768042508580779
1.281398303620268,0,0.9768042508580779
1.0399718938094926,0,0.9768042508580779
0.822782522270422,0,0.9768042508580779
0.6333912621214847,0,0.9768042508580779
0.4767400507180479,0,0.9768042508580779
0.3296661884435652,0,0.9768042508580779
0.16782501014002663,0,0.9768042508580779
-0.01611691009861067,0,0.9768042508580779
-0.2620782210021402,0,0.9768042508580779
-0.6406346977043912,0,0.9768042508580779
-1.1901634070208555,0,0.9768042508580779
-1.9333458662334828,0,0.9768042508580779
-2.8897353605164278,0,0.9768042508580779
-4.056280023183603,0,0.9768042508580779
-5.435495554689513,0,0.9768042508580779
-7.024157073749609,0,0.9768042508580779
-8.778881187519177,0,0.9768042508580779
-10.642442725167392,0,0.9768042508580779
-12.542874882236301,0,0.9768042508580779
-14.353667768782309,0,0.9768042508580779
-15.951817686714557,0,0.9768042508580779
-17.285472408258194,0,0.9768042508580779
-18.31056146261025,0,0.9768042508580779
-18.94224732795462,0,0.9768042508580779
-19.104369351106545,0,0.9768042508580779
-18.770669250243312,0,0.9768042508580779
-17.960515673995545,0,0.9768042508580779
-16.734118675813548,0,0.9768042508580779
-15.182251841873867,0,0.9768042508580779
-13.383815561658807,0,0.9768042508580779
-11.40017780699086,0,0.9768042508580779
-9.319762239521047,0,0.9768042508580779
-7.227266469492329,0,0.9768042508580779
-5.167394415751987,0,0.9768042508580779
-3.1814433588033273,0,0.9768042508580779
-1.3148250939031088,0,0.9768042508580779
0.3664905334108078,0,0.9768042508580779
1.79438510542342,0,0.9768042508580779
2.9524753358618177,0,0.9768042508580779
3.8433153209256066,0,0.9768042508580779
4.458783355148414,0,0.9768042508580779
4.797633571673015,0,0.9768042508580779
4.880634346284696,0,0.9768042508580779
4.776951048567884,0,0.9768042508580779
4.592061850555619,0,0.9768042508580779
4.378691439955139,0,0.9768042508580779
4.124827196075356,0,0.9768042508580779
3.8456035246195555,0,0.9768042508580779
3.608479351962748,0,0.9768042508580779
3.4670657723627083,0,0.9768042508580779
3.4068709809768056,0,0.9768042508580779
3.3955001679531254,0,0.9768042508580779
3.4313833113188625,0,0.9768042508580779
3.518209324998372,0,0.9768042508580779
3.666646266797367,0,0.9768042508580779
3.8933782655120037,0,0.9768042508580779
4.200084981532747,0,0.9768042508580779
4.585725284151262,0,0.9768042508580779
5.040646528756256,0,0.9768042508580779
5.520099001330056,0,0.9768042508580779
6.001059397210432,0,0.9768042508580779
6.5013740883789195,0,0.9768042508580779
6.995536131829241,0,0.9768042508580779
7.437371583169078,0,0.9768042508580779
7.820512834594034,0,0.9768042508580779
8.133734733573641,0,0.9768042508580779
8.340355533790177,0,0.9768042508580779
8.43210076183659,0,0.9768042508580779
8.445578958906975,0,0.9768042508580779
8.423701598234985,1,0.9796815657249606
8.370871570334929,0,0.9796815657249606
8.255735111673289,0,0.9796815657249606
8.083946301817324,0,0.9796815657249606
7.886250815639891,0,0.9796815657249606
7.627976192748349,0,0.9796815657249606
7.271777082083937,0,0.9796815657249606
6.860200085787513,0,0.9796815657249606
6.418766065950276,0,0.9796815657249606
5.93039320169067,0,0.9796815657249606
5.414938918612374,0,0.9796815657249606
4.919624982935658,0,0.9796815657249606
4.490312401068122,0,0.9796815657249606
4.137526788529047,0,0.9796815657249606
3.808209388425854,0,0.9796815657249606
3.452813373993245,0,0.9796815657249606
3.0835515979197137,0,0.9796815657249606
2.720780526345642,0,0.9796815657249606
2.352740109919687,0,0.9796815657249606
1.9791041580896163,0,0.9796815657249606
1.6250015582334962,0,0.9796815657249606
1.2869104467900039,0,0.9796815657249606
0.9415674881734396,0,0.9796815657249606
0.5955079137626331,0,0.9796815657249606
0.2198179336418062,0,0.9796815657249606
-0.26324926863254766,0,0.9796815657249606
-0.8836315154255329,0,0.9796815657249606
-1.624033699987002,0,0.9796815657249606
-2.483473397352752,0,0.9796815657249606
-3.49042648341441,0,0.9796815657249606
-4.670185657090768,0,0.9796815657249606
-6.035384366310846,0,0.9796815657249606
-7.589436134677225,0,0.9796815657249606
-9.303936918949015,0,0.9796815657249606
-11.106914997678315,0,0.9796815657249606
-12.89874444965936,0,0.9796815657249606
-14.57819240418347,0,0.9796815657249606
-16.062973739959162,0,0.9796815657249606
-17.277466577988157,0,0.9796815657249606
-18.11197515857601,0,0.9796815657249606
-18.455221617298186,0,0.9796815657249606
-18.27053076110164,0,0.9796815657249606
-17.602368949412142,0,0.9796815657249606
-16.52516887930298,0,0.9796815657249606
-15.100981668194697,0,0.9796815657249606
-13.370372152773577,0,0.9796815657249606
-11.382001635766429,0,0.9796815657249606
-9.224650845081435,0,0.9796815657249606
-6.986660662359185,0,0.9796815657249606
-4.754073843440045,0,0.9796815657249606
-2.643581698045587,0,0.9796815657249606
-0.744516524246713,0,0.9796815657249606
0.8993236118313855,0,0.9796815657249606
2.254521671819234,0,0.9796815657249606
3.318835603830485,0,0.9796815657249606
4.1273716922669985,0,0.9796815657249606
4.715874721023789,0,0.9796815657249606
5.102819259026971,0,0.9796815657249606
5.312377507972183,0,0.9796815657249606
5.377012266706274,0,0.9796815657249606
5.302247387770086,0,0.9796815657249606
5.083758935819853,0,0.9796815657249606
4.719812696691005,0,0.9796815657249606
4.2324544164664015,0,0.9796815657249606
3.7330321816554592,0,0.9796815657249606
3.358690115373195,0,0.9796815657249606
3.16576523258792,0,0.9796815657249606
3.1481126093702967,0,0.9796815657249606
3.2718142272938366,0,0.9796815657249606
3.4830344474654362,0,0.9796815657249606
3.7400879488397094,0,0.9796815657249606
4.023394480139128,0,0.9796815657249606
4.3268718860727935,0,0.9796815657249606
4.661642916458533,0,0.9796815657249606
5.03644245966678,0,0.9796815657249606
5.441347339102901,0,0.9796815657249606
5.859666166587826,0,0.9796815657249606
6.2650835797463955,0,0.9796815657249606
6.60522164695866,0,0.9796815657249606
6.833343778808557,0,0.9796815657249606
6.964100297196818,0,0.9796815657249606
7.038172268608254,0,0.9796815657249606
7.055912837428238,0,0.9796815657249606
7.0119464221122145,1,0.9796922893892316
6.938382167647208,0,0.9796922893892316
6.876361867778384,0,0.9796922893892316
6.840010003830016,0,0.9796922893892316
6.801992310346363,0,0.9796922893892316
6.711716422049902,0,0.9796922893892316
6.546702761956742,0,0.9796922893892316
6.333719304626867,0,0.9796922893892316
6.107172964461952,0,0.9796922893892316
5.879214124987685,0,0.9796922893892316
5.654936641191252,0,0.9796922893892316
5.429278230733977,0,0.9796922893892316
5.172874771102434,0,0.9796922893892316
4.864126265144994,0,0.9796922893892316
4.517057020207471,0,0.9796922893892316
4.15363388721414,0,0.9796922893892316
3.7853429834727192,0,0.9796922893892316
3.435990215404105,0,0.9796922893892316
3.1132714448381438,0,0.9796922893892316
2.774370992443408,0,0.9796922893892316
2.3996133310590158,0,0.9796922893892316
2.0314026307040134,0,0.9796922893892316
1.6994702806701838,0,0.9796922893892316
1.3563460196904968,0,0.9796922893892316
0.9258236920908604,0,0.9796922893892316
0.3983838561937184,0,0.9796922893892316
-0.1903158491150725,0,0.9796922893892316
-0.848125354582049,0,0.9796922893892316
-1.6379778983729933,0,0.9796922893892316
-2.621653938733576,0,0.9796922893892316
-3.8427042703560597,0,0.9796922893892316
-5.319956295126543,0,0.9796922893892316
-7.007572892530393,0,0.9796922893892316
-8.805067843406507,0,0.9796922893892316
-10.61250484560048,0,0.9796922893892316
-12.369701612559984,0,0.9796922893892316
-14.03180574428381,0,0.9796922893892316
-15.529819806177244,0,0.9796922893892316
-16.78232069295298,0,0.9796922893892316
-17.70472287783052,0,0.9796922893892316
-18.21340827626622,0,0.9796922893892316
-18.259045113644806,0,0.9796922893892316
-17.850308193993015,0,0.9796922893892316
-17.046990587590816,0,0.9796922893892316
-15.904186218128045,0,0.9796922893892316
-14.421340578923623,0,0.9796922893892316
-12.61121406527415,0,0.9796922893892316
-10.56379255081079,0,0.9796922893892316
-8.398758223592067,0,0.9796922893892316
-6.214316148230219,0,0.9796922893892316
-4.07374154348323,0,0.9796922893892316
-2.0332549530729365,0,0.9796922893892316
-0.1623550494700092,0,0.9796922893892316
1.4840325270400143,0,0.9796922893892316
2.866095653773371,0,0.9796922893892316
3.9656123659507743,0,0.9796922893892316
4.7993616184123775,0,0.9796922893892316
5.3663034677920916,0,0.9796922893892316
5.657349454542582,0,0.9796922893892316
5.71398712213814,0,0.9796922893892316
5.594482413383124,0,0.9796922893892316
5.359593110289293,0,0.9796922893892316
5.077170017569422,0,0.9796922893892316
4.7768011183343475,0,0.9796922893892316
4.4694746759369535,0,0.9796922893892316
4.181538198530954,0,0.9796922893892316
3.9328905539706764,0,0.9796922893892316
3.7387862859122785,0,0.9796922893892316
3.60405455346256,0,0.9796922893892316
3.517296877137991,0,0.9796922893892316
3.491845458991468,0,0.9796922893892316
3.5637954780268384,0,0.9796922893892316
3.7488952477205335,0,0.9796922893892316
4.029929999091704,0,0.9796922893892316
4.370618172227154,0,0.9796922893892316
4.747400074059946,0,0.9796922893892316
5.151411322345063,0,0.9796922893892316
5.582235383440146,0,0.9796922893892316
6.037621814041549,0,0.9796922893892316
6.472365541482839,0,0.9796922893892316
6.832338472269575,0,0.9796922893892316
7.105431793221274,0,0.9796922893892316
7.286874614293042,0,0.9796922893892316
7.35961289335646,0,0.9796922893892316
7.333378810398557,1,0.9796672501951313
7.240020667118205,0,0.9796672501951313
7.101883432150465,0,0.9796672501951313
6.94221289629476,0,0.9796672501951313
6.773585264602896,0,0.9796672501951313
6.5949278491466625,0,0.9796672501951313
6.404036162060705,0,0.9796672501951313
6.186797742280108,0,0.9796672501951313
5.939771981114849,0,0.9796672501951313
5.675096237050106,0,0.9796672501951313
5.395511630335635,0,0.9796672501951313
5.094671931101384,0,0.9796672501951313
4.775870818268794,0,0.9796672501951313
4.471780282863023,0,0.9796672501951313
4.2133826682783475,0,0.9796672501951313
3.9941790566285267,0,0.9796672501951313
3.775109213703245,0,0.9796672501951313
3.536142205699899,0,0.9796672501951313
3.307630772512733,0,0.9796672501951313
3.073995705238035,0,0.9796672501951313
2.762935516393602,0,0.9796672501951313
2.3662934930682824,0,0.9796672501951313
1.9187748817468917,0,0.9796672501951313
1.419246804993917,0,0.9796672501951313
0.8558004064413103,0,0.9796672501951313
0.23272137567954748,0,0.9796672501951313
-0.43928519821072726,0,0.9796672501951313
-1.156855500713168,0,0.9796672501951313
-1.9262925918597862,0,0.9796672501951313
-2.775257429805088,0,0.9796672501951313
-3.7631121734305966,0,0.9796672501951313
-4.9294059056198,0,0.9796672501951313
-6.2721667462346655,0,0.9796672501951313
-7.7810036176529875,0,0.9796672501951313
-9.435802405701564,0,0.9796672501951313
-11.19882862327395,0,0.9796672501951313
-13.000418209574999,0,0.9796672501951313
-14.738640500715949,0,0.9796672501951313
-16.312975760077624,0,0.9796672501951313
-17.620971023059273,0,0.9796672501951313
-18.543006929812705,0,0.9796672501951313
-18.975711120307828,0,0.9796672501951313
-18.900009390075084,0,0.9796672501951313
-18.36529724044886,0,0.9796672501951313
-17.39267942500856,0,0.9796672501951313
-16.000779702115274,0,0.9796672501951313
-14.270134334951091,0,0.9796672501951313
-12.304309094984092,0,0.9796672501951313
-10.19674004945068,0,0.9796672501951313
-8.012740413072677,0,0.9796672501951313
-5.802591571299087,0,0.9796672501951313
-3.661018129258793,0,0.9796672501951313
-1.6952788161236871,0,0.9796672501951313
0.042836343409973,0,0.9796672501951313
1.5246603108921846,0,0.9796672501951313
2.7113737342973283,0,0.9796672501951313
3.5797908683384922,0,0.9796672501951313
4.150173779838007,0,0.9796672501951313
4.47688201541847,0,0.9796672501951313
4.612049083641788,0,0.9796672501951313
4.592587832253701,0,0.9796672501951313
4.45677401227403,0,0.9796672501951313
4.267209980886166,0,0.9796672501951313
4.084062415566835,0,0.9796672501951313
3.934857129461938,0,0.9796672501951313
3.8501274956844886,0,0.9796672501951313
3.8663227627852907,0,0.9796672501951313
3.979955525721998,0,0.9796672501951313
4.140667746969268,0,0.9796672501951313
4.310358340505458,0,0.9796672501951313
4.513088025167755,0,0.9796672501951313
4.774828466168601,0,0.9796672501951313
5.081135049177221,0,0.9796672501951313
5.427754414828864,0,0.9796672501951313
5.820730800129601,0,0.9796672501951313
6.251716846497127,0,0.9796672501951313
6.696085508053522,0,0.9796672501951313
7.101109830854476,0,0.9796672501951313
7.42941689921085,0,0.9796672501951313
7.691528500318748,0,0.9796672501951313
7.900899419939714,0,0.9796672501951313
8.061362216024278,0,0.9796672501951313
8.078834787910594,0,0.9796672501951313
8.162188527861744,0,0.9796672501951313
9.811450797367808,0,0.9796672501951313
15.486852789596167,0,0.9796672501951313
27.148721777292657,0,0.9796672501951313
45.58161227953696,0,0.9796672501951313
70.29219205825689,0,0.9796672501951313
99.90885810203527,0,0.9796672501951313
133.01410941300347,0,0.9796672501951313
168.39672287860722,0,0.9796672501951313
205.12905915804953,0,0.9796672501951313
242.4609800486823,0,0.9796672501951313
279.11018819464783,0,0.9796672501951313
313.3593753038456,0,0.9796672501951313
343.72691931154225,0,0.9796672501951313
368.58206371339594,0,0.9796672501951313
386.03905558249653,0,0.9796672501951313
394.9693387703035,0,0.9796672501951313
394.983048380047,0,0.9796672501951313
385.55855682358526,1,0.9776356158038417
366.2392280164561,0,0.9776356158038417
337.2322080646962,0,0.9776356158038417
299.1543881150404,0,0.9776356158038417
252.62536358574351,0,0.9776356158038417
198.56863627774752,0,0.9776356158038417
138.42752516745452,0,0.9776356158038417
73.7951217040198,0,0.9776356158038417
6.138678918354488,0,0.9776356158038417
-63.06424916560747,0,0.9776356158038417
-132.15975479480292,0,0.9776356158038417
-199.5209890015141,0,0.9776356158038417
-263.9508473725662,0,0.9776356158038417
-324.75939278705016,0,0.9776356158038417
-381.4796829124286,0,0.9776356158038417
-433.5639923489412,0,0.9776356158038417
-479.9720738483834,0,0.9776356158038417
-519.173766841424,0,0.9776356158038417
-550.0091078933312,0,0.9776356158038417
-572.096242335125,0,0.9776356158038417
-585.561539938346,0,0.9776356158038417
-590.7752565932019,0,0.9776356158038417
-587.9004392062905,0,0.9776356158038417
-577.0259092200206,0,0.9776356158038417
-558.7033257103606,0,0.9776356158038417
-533.55029229853,0,0.9776356158038417
-501.5383931560934,0,0.9776356158038417
-462.17410907699076,0,0.9776356158038417
-415.2111117056128,0,0.9776356158038417
-360.8729905870539,0,0.9776356158038417
-299.74440568727823,0,0.9776356158038417
-232.84868328306524,0,0.9776356158038417
-161.48699437274294,0,0.9776356158038417
-86.92219326703781,0,0.9776356158038417
-10.572163356667552,0,0.9776356158038417
65.88688379314479,0,0.9776356158038417
140.87610222590462,0,0.9776356158038417
212.94730914602127,0,0.9776356158038417
280.7365059180505,0,0.9776356158038417
343.1517193685314,0,0.9776356158038417
399.46608019795167,0,0.9776356158038417
449.3493481689698,0,0.48881780790192086
492.7632315420082,0,0.48881780790192086
529.6661652272124,0,0.48881780790192086
559.7157865608879,0,0.48881780790192086
582.2569381006117,0,0.48881780790192086
596.414341193723,0,0.48881780790192086
601.0921627604743,0,0.48881780790192086
595.4242270394742,1,0.48881780790192086
579.4013893407148,0,0.48881780790192086
553.7202757604706,0,0.48881780790192086
519.2012144259215,0,0.48881780790192086
476.5449931178054,0,0.48881780790192086
426.44482150134695,0,0.48881780790192086
369.79471365687533,0,0.48881780790192086
307.6911670696205,0,0.48881780790192086
241.2679509649275,0,0.48881780790192086
171.8013438558258,0,0.48881780790192086
100.65698680967874,0,0.48881780790192086
28.7491901924989,0,0.48881780790192086
-43.26385195245284,0,0.48881780790192086
-114.22009177515385,0,0.48881780790192086
-182.4665065339646,0,0.48881780790192086
-246.44486208671088,0,0.48881780790192086
-304.8733573510415,0,0.48881780790192086
-356.3817523035431,0,0.48881780790192086
-399.43032211601343,0,0.48881780790192086
-432.7120538150404,0,0.48881780790192086
-455.45584714347865,0,0.48881780790192086
-467.54726063618153,0,0.48881780790192086
-469.54944325928426,0,0.48881780790192086
-462.2274103539982,0,0.48881780790192086
-446.0609216029346,0,0.48881780790192086
-421.33216499748636,0,0.48881780790192086
-388.2578655763025,0,0.48881780790192086
-347.11876327021383,0,0.48881780790192086
-298.6201778337094,0,0.48881780790192086
-243.96354918933486,0,0.48881780790192086
-184.5926436845091,0,0.48881780790192086
-122.17270993983863,0,0.48881780790192086
-58.30118865136732,0,0.48881780790192086
5.812298334231599,0,0.48881780790192086
69.16196988045337,0,0.48881780790192086
130.96867469148606,0,0.48881780790192086
190.45519659879136,0,0.48881780790192086
246.44597137814864,0,0.48881780790192086
297.68578246675185,0,0.48881780790192086
343.38096023089196,0,0.48881780790192086
383.2679467381623,0,0.48881780790192086
416.94372295973307,0,0.48881780790192086
443.2760613506121,0,0.48881780790192086
460.9674006446216,0,0.48881780790192086
469.3879588093691,0,0.48881780790192086
468.4934473294792,1,0.48881780790192086
458.50542330203365,0,0.48881780790192086
440.09159806706873,0,0.48881780790192086
414.15033083197005,0,0.48881780790192086
381.0999134312522,0,0.48881780790192086
341.04192515480577,0,0.48881780790192086
294.2581992828143,0,0.48881780790192086
240.94985095350913,0,0.48881780790192086
181.1281095635298,0,0.48881780790192086
115.16716235488974,0,0.48881780790192086
44.21160796416032,0,0.48881780790192086
-30.290770667548188,0,0.48881780790192086
-107.26964770459827,0,0.48881780790192086
-185.500968504238,0,0.48881780790192086
-262.9244378115083,0,0.48881780790192086
-337.4126362498456,0,0.48881780790192086
-407.4540172863883,0,0.48881780790192086
-471.45185534628195,0,0.48881780790192086
-527.3590351805252,0,0.48881780790192086
-573.5002985208681,0,0.48881780790192086
-608.8323599340712,0,0.48881780790192086
-632.8200394559858,0,0.48881780790192086
-645.8015298077706,0,0.48881780790192086
-648.7213834326707,0,0.48881780790192086
-642.442897372489,0,0.48881780790192086
-627.4612511982973,0,0.48881780790192086
-603.9417678973878,0,0.48881780790192086
-572.0850739286572,0,0.48881780790192086
-532.5157999202142,0,0.48881780790192086
-486.11771415266276,0,0.48881780790192086
-433.5308767937683,0,0.48881780790192086
-375.3549306317587,0,0.48881780790192086
-312.5040366037269,0,0.48881780790192086
-245.76338839538343,0,0.48881780790192086
-175.57853384877734,0,0.48881780790192086
-102.63582525996628,0,0.48881780790192086
-28.395036407606288,0,0.48881780790192086
45.268093091329604,0,0.48881780790192086
116.73208043439043,0,0.48881780790192086
184.51798593544035,0,0.48881780790192086
246.9877144864951,0,0.48881780790192086
302.7683612090585,0,0.48881780790192086
351.1657592888939,0,0.48881780790192086
391.6891716418491,0,0.48881780790192086
423.7852263233083,0,0.48881780790192086
447.3768825179255,0,0.48881780790192086
462.7379987478273,0,0.48881780790192086
469.8323013602352,0,0.48881780790192086
468.3247982898296,1,0.48881780790192086
457.8400623285407,0,0.48881780790192086
438.09230747917286,0,0.48881780790192086
409.1334005997632,0,0.48881780790192086
371.75029602920443,0,0.48881780790192086
327.37093669827505,0,0.48881780790192086
277.2458430219692,0,0.48881780790192086
221.93144140144076,0,0.48881780790192086
161.61125455890624,0,0.48881780790192086
96.80026819001588,0,0.48881780790192086
28.71705092524001,0,0.48881780790192086
-41.09791756881712,0,0.48881780790192086
-111.36669006849115,0,0.48881780790192086
-181.02179049698157,0,0.48881780790192086
-248.85011708963677,0,0.48881780790192086
-313.3871761750721,0,0.48881780790192086
-373.055745119396,0,0.48881780790192086
-426.75729114614626,0,0.48881780790192086
-474.13273009695627,0,0.48881780790192086
-514.8745400276027,0,0.48881780790192086
-548.2902998149668,0,0.48881780790192086
-573.4278271225417,0,0.48881780790192086
-589.2812416680218,0,0.48881780790192086
-594.909963785229,0,0.48881780790192086
-589.6208155371772,0,0.48881780790192086
-573.4702171574498,0,0.48881780790192086
-547.2225381190573,0,0.48881780790192086
-511.89186123209265,0,0.48881780790192086
-468.47658045160375,0,0.48881780790192086
-417.7747451470913,0,0.48881780790192086
-360.86901795731995,0,0.48881780790192086
-299.3070291442683,0,0.48881780790192086
-234.22950794271924,0,0.48881780790192086
-166.00133840412286,0,0.48881780790192086
-94.86318528239948,0,0.48881780790192086
-21.660167316588797,0,0.48881780790192086
52.32210339029104,0,0.48881780790192086
126.01127964658056,0,0.48881780790192086
198.62587066069622,0,0.48881780790192086
269.33919935760287,0,0.48881780790192086
337.0031532019101,0,0.48881780790192086
400.1427348946337,0,0.48881780790192086
457.1254439369228,0,0.48881780790192086
506.51235461464273,0,0.48881780790192086
547.6473293607487,0,0.48881780790192086
580.2566265192639,0,0.48881780790192086
603.5262466104443,0,0.48881780790192086
616.5461658919079,0,0.48881780790192086
619.0479190892379,0,0.48881780790192086
610.9721236468594,1,0.48881780790192086
592.0137010129396,0,0.48881780790192086
562.0291277631859,0,0.48881780790192086
521.2779115536068,0,0.48881780790192086
470.384781777283,0,0.48881780790192086
410.43590685325887,0,0.48881780790192086
342.8855875031979,0,0.48881780790192086
269.42706453494435,0,0.48881780790192086
192.00776371234096,0,0.48881780790192086
112.65811492892755,0,0.48881780790192086
32.993236104336425,0,0.48881780790192086
-45.71377836846783,0,0.48881780790192086
-122.08650242514278,0,0.48881780790192086
-195.0135956956571,0,0.48881780790192086
-263.8977616417793,0,0.48881780790192086
-328.2526552606816,0,0.48881780790192086
-387.41419288498565,0,0.48881780790192086
-440.2386128384365,0,0.48881780790192086
-485.3622436534888,0,0.48881780790192086
-521.9053658922629,0,0.48881780790192086
-549.0181160597755,0,0.48881780790192086
-565.3789652433716,0,0.48881780790192086
-569.9764402712315,0,0.48881780790192086
-562.5666018081216,0,0.48881780790192086
-543.5047501089446,0,0.48881780790192086
-513.6972272751489,0,0.48881780790192086
-474.2369914312739,0,0.48881780790192086
-425.9280239707033,0,0.48881780790192086
-369.4997698065209,0,0.48881780790192086
-306.1892267936875,0,0.48881780790192086
-237.53838839743102,0,0.48881780790192086
-164.98675306818126,0,0.48881780790192086
-89.98329061483324,0,0.48881780790192086
-13.919895366720823,0,0.48881780790192086
61.97739660036484,0,0.48881780790192086
136.75800056452695,0,0.48881780790192086
209.7930614038698,0,0.48881780790192086
280.4185476301607,0,0.48881780790192086
347.7202720656182,0,0.48881780790192086
410.5966099341897,0,0.48881780790192086
467.8656401074926,0,0.48881780790192086
518.3809015854761,0,0.48881780790192086
560.8588122456329,0,0.48881780790192086
593.8041238179073,0,0.48881780790192086
616.0803815304026,0,0.48881780790192086
627.3460422422529,0,0.48881780790192086
627.8853344041697,0,0.48881780790192086
618.0879416423618,1,0.48881780790192086
597.9412265592772,0,0.48881780790192086
567.5377862897798,0,0.48881780790192086
527.8536156258677,0,0.48881780790192086
480.1752695875297,0,0.48881780790192086
425.4603741534442,0,0.48881780790192086
364.7563703141785,0,0.48881780790192086
299.2452832500094,0,0.48881780790192086
229.71170022568876,0,0.48881780790192086
156.6655352466597,0,0.48881780790192086
80.6105292221246,0,0.48881780790192086
2.135173439085558,0,0.48881780790192086
-77.4624675708976,0,0.48881780790192086
-155.888429263177,0,0.48881780790192086
-230.56030051557337,0,0.48881780790192086
-299.43118616532723,0,0.48881780790192086
-361.4637103275555,0,0.48881780790192086
-416.42810549400247,0,0.48881780790192086
-464.106149019341,0,0.48881780790192086
-503.99608764331373,0,0.48881780790192086
-535.1828629723665,0,0.48881780790192086
-556.1754719864088,0,0.48881780790192086
-565.8979104663075,0,0.48881780790192086
-564.3992341667234,0,0.48881780790192086
-552.0338945857047,0,0.48881780790192086
-529.0935330360013,0,0.48881780790192086
-496.1922125235284,0,0.48881780790192086
-454.1127033803658,0,0.48881780790192086
-403.7620395190643,0,0.48881780790192086
-346.42963135388123,0,0.48881780790192086
-283.7171947250242,0,0.48881780790192086
-217.22887377035985,0,0.48881780790192086
-148.07361669673344,0,0.48881780790192086
-76.94007468541241,0,0.48881780790192086
-4.550747194256528,0,0.48881780790192086
68.30450006735563,0,0.48881780790192086
140.34798615134602,0,0.48881780790192086
209.77234792124443,0,0.48881780790192086
275.2976804445272,0,0.48881780790192086
336.2667710407875,0,0.48881780790192086
391.86240017885984,0,0.48881780790192086
441.0713102346002,0,0.48881780790192086
482.91955183642506,0,0.48881780790192086
516.4765811644737,0,0.48881780790192086
540.9429524047035,0,0.48881780790192086
555.7688326041725,0,0.48881780790192086
560.6985025148376,0,0.48881780790192086
555.6288653962664,1,0.48881780790192086
540.5389219271874,0,0.48881780790192086
515.9496841568736,0,0.48881780790192086
482.7868060345374,0,0.48881780790192086
441.60284662904064,0,0.48881780790192086
392.7022360293668,0,0.48881780790192086
336.77980322107993,0,0.48881780790192086
274.9559785135004,0,0.48881780790192086
208.42482997437915,0,0.48881780790192086
138.34923752266627,0,0.48881780790192086
65.81810709056002,0,0.48881780790192086
-8.050269547039228,0,0.48881780790192086
-82.05247515588118,0,0.48881780790192086
-155.36542238271338,0,0.48881780790192086
-227.42667851455175,0,0.48881780790192086
-297.2630966742196,0,0.48881780790192086
-363.49118453839657,0,0.48881780790192086
-424.59035730755636,0,0.48881780790192086
-478.95619742165906,0,0.48881780790192086
-525.1822064330241,0,0.48881780790192086
-562.4678261524772,0,0.48881780790192086
-590.348528785154,0,0.48881780790192086
-608.2887935315325,0,0.48881780790192086
-615.9358251917834,0,0.48881780790192086
-613.2100562930463,0,0.48881780790192086
-600.2103425606266,0,0.48881780790192086
-577.6141503043032,0,0.48881780790192086
-546.6210096551416,0,0.48881780790192086
-507.92946744547663,0,0.48881780790192086
-461.5114899253778,0,0.48881780790192086
-407.50629679321776,0,0.48881780790192086
-346.5158451908045,0,0.48881780790192086
-279.2854334456557,0,0.48881780790192086
-206.64449519071496,0,0.48881780790192086
-129.73389981866893,0,0.48881780790192086
-50.06902004518811,0,0.48881780790192086
30.516483285541348,0,0.48881780790192086
110.10507033741558,0,0.48881780790192086
187.31092045996056,0,0.48881780790192086
260.9771022025693,0,0.48881780790192086
329.4243897622134,0,0.48881780790192086
391.10867269688947,0,0.48881780790192086
445.2015336078389,0,0.48881780790192086
490.98887198942566,0,0.48881780790192086
527.4890668522138,0,0.48881780790192086
553.7401900847166,0,0.48881780790192086
569.2671190633974,0,0.48881780790192086
574.0612046193944,0,0.48881780790192086
568.4133934442617,1,0.48881780790192086
553.1191731616481,0,0.48881780790192086
529.1630088859056,0,0.48881780790192086
497.1955029734993,0,0.48881780790192086
457.56261367209027,0,0.48881780790192086
410.2745285350055,0,0.48881780790192086
355.0757292937174,0,0.48881780790192086
292.3033042240872,0,0.48881780790192086
223.44189415275525,0,0.48881780790192086
150.43894558001674,0,0.48881780790192086
75.18320075658752,0,0.48881780790192086
-0.38344020817493085,0,0.48881780790192086
-74.65414117989484,0,0.48881780790192086
-146.68809741135513,0,0.48881780790192086
-215.76035000068842,0,0.48881780790192086
-281.4197063320572,0,0.48881780790192086
-343.73037537674435,0,0.48881780790192086
-401.98013748891253,0,0.48881780790192086
-454.0443375729593,0,0.48881780790192086
-498.00713606772285,0,0.48881780790192086
-532.9278201522568,0,0.48881780790192086
-558.3032609497587,0,0.48881780790192086
-573.9283501941876,0,0.48881780790192086
-579.7673275791916,0,0.48881780790192086
-575.9445147467055,0,0.48881780790192086
-562.7892572043733,0,0.48881780790192086
-540.6312085971455,0,0.48881780790192086
-509.8629263270024,0,0.48881780790192086
-471.06104638215976,0,0.48881780790192086
-424.785362090256,0,0.48881780790192086
-371.4608276474816,0,0.48881780790192086
-311.3754990729184,0,0.48881780790192086
-244.88969112150005,0,0.48881780790192086
-172.8135460107352,0,0.48881780790192086
-96.6310064319073,0,0.48881780790192086
-18.594170911802376,0,0.48881780790192086
59.04806737714635,0,0.48881780790192086
134.85537609323643,0,0.48881780790192086
208.00475494609972,0,0.48881780790192086
278.096094726748,0,0.48881780790192086
344.7925690728429,0,0.48881780790192086
407.2040071688488,0,0.48881780790192086
463.8125918947242,0,0.48881780790192086
512.9767145987046,0,0.48881780790192086
553.6106939482623,0,0.48881780790192086
585.1022126190147,0,0.48881780790192086
606.7038817447635,0,0.48881780790192086
617.5738012678197,0,0.48881780790192086
617.1160202492632,1,0.48881780790192086
605.3532928376349,0,0.48881780790192086
582.9046300977664,0,0.48881780790192086
550.2266096466954,0,0.48881780790192086
507.50169902889473,0,0.48881780790192086
455.2954507754923,0,0.48881780790192086
394.84007439441723,0,0.48881780790192086
327.837837711498,0,0.48881780790192086
256.01776499766476,0,0.48881780790192086
181.05012039612683,0,0.48881780790192086
104.90011386174183,0,0.48881780790192086
29.65184482324353,0,0.48881780790192086
-43.08411119164096,0,0.48881780790192086
-112.04247706187496,0,0.48881780790192086
-175.86253016592337,0,0.48881780790192086
-233.37662164891904,0,0.48881780790192086
-283.73547834448686,0,0.48881780790192086
-326.2364853160753,0,0.48881780790192086
-360.52712122005715,0,0.48881780790192086
-386.50127991515654,0,0.48881780790192086
-404.10912904299187,0,0.48881780790192086
-413.43613692973986,0,0.48881780790192086
-414.54740130948585,0,0.48881780790192086
-407.44579869116694,0,0.48881780790192086
-392.2234467339038,0,0.48881780790192086
-369.032969758695,0,0.48881780790192086
-338.1206183681566,0,0.48881780790192086
-299.7548519001805,0,0.48881780790192086
-254.10599334534527,0,0.48881780790192086
-201.49122838049726,0,0.48881780790192086
-142.53067344493832,0,0.48881780790192086
-78.3111506293395,0,0.48881780790192086
-10.867100579903298,0,0.48881780790192086
57.30618250015566,0,0.48881780790192086
124.61941823291937,0,0.48881780790192086
190.5956190408107,0,0.48881780790192086
255.06326219738685,0,0.48881780790192086
317.6458536654118,0,0.48881780790192086
377.72258249731067,0,0.48881780790192086
434.52249565118376,0,0.48881780790192086
486.990290694088,0,0.48881780790192086
533.6294730782237,0,0.48881780790192086
572.8283022341471,0,0.48881780790192086
603.3379393802388,0,0.48881780790192086
624.2608789481418,0,0.48881780790192086
635.0016220077633,0,0.48881780790192086
635.3608762735252,0,0.48881780790192086
625.5978010850112,1,0.48881780790192086
606.5278247755753,0,0.48881780790192086
579.0192090093788,0,0.48881780790192086
543.4573935796908,0,0.48881780790192086
500.0444951662988,0,0.48881780790192086
449.28925409487874,0,0.48881780790192086
392.16783889755294,0,0.48881780790192086
329.71830952471686,0,0.48881780790192086
262.8526255141287,0,0.48881780790192086
192.63821746969575,0,0.48881780790192086
119.99475994832966,0,0.48881780790192086
45.6895991845201,0,0.48881780790192086
-29.02552363258519,0,0.48881780790192086
-102.49981958383425,0,0.48881780790192086
-173.25022178778147,0,0.48881780790192086
-240.21456942215394,0,0.48881780790192086
-302.48780483290653,0,0.48881780790192086
-358.81536195679917,0,0.48881780790192086
-407.797731978133,0,0.48881780790192086
-448.4305245232509,0,0.48881780790192086
-479.9630642289931,0,0.48881780790192086
-501.8682022603982,0,0.48881780790192086
-514.114278928367,0,0.48881780790192086
-516.8798199961965,0,0.48881780790192086
-510.2959950103189,0,0.48881780790192086
-494.7753783474418,0,0.48881780790192086
-471.16655267275695,0,0.48881780790192086
-440.23549239067677,0,0.48881780790192086
-402.20410748978196,0,0.48881780790192086
-357.1209626888408,0,0.48881780790192086
-305.3770910488923,0,0.48881780790192086
-247.58535918922894,0,0.48881780790192086
-184.49906776753187,0,0.48881780790192086
-117.11825919792969,0,0.48881780790192086
-46.452674486391864,0,0.48881780790192086
26.326385350817123,0,0.48881780790192086
99.43045351412547,0,0.48881780790192086
170.8989499649306,0,0.48881780790192086
239.41905707175343,0,0.48881780790192086
304.2762558706127,0,0.48881780790192086
364.69348960556346,0,0.48881780790192086
419.6027171894773,0,0.48881780790192086
467.9609801617465,0,0.48881780790192086
508.86494112107954,0,0.48881780790192086
541.4399351925779,0,0.48881780790192086
564.9930875213321,0,0.48881780790192086
579.0521196073526,0,0.48881780790192086
583.4857792018748,0,0.48881780790192086
578.8041525947714,1,0.48881780790192086
565.7738127900965,0,0.48881780790192086
544.7928660318538,0,0.48881780790192086
515.7664902552435,0,0.48881780790192086
478.3996826844098,0,0.48881780790192086
432.53937658122385,0,0.48881780790192086
378.370629079251,0,0.48881780790192086
316.6331535101837,0,0.48881780790192086
248.72804399529588,0,0.48881780790192086
176.36497619413083,0,0.48881780790192086
100.89572911791667,0,0.48881780790192086
23.085829877318176,0,0.48881780790192086
-56.45248009829724,0,0.48881780790192086
-136.66342508857713,0,0.48881780790192086
-215.89347696522935,0,0.48881780790192086
-292.36565183429747,0,0.48881780790192086
-364.4722386382029,0,0.48881780790192086
-430.59766133701237,0,0.48881780790192086
-489.0512263915925,0,0.48881780790192086
-538.3049951843697,0,0.48881780790192086
-577.2479627204866,0,0.48881780790192086
-605.1332068460829,0,0.48881780790192086
-621.6633156584679,0,0.48881780790192086
-627.0638768533202,0,0.48881780790192086
-621.6540560635044,0,0.48881780790192086
-605.6914846068431,0,0.48881780790192086
-579.4946256644109,0,0.48881780790192086
-543.6328178386476,0,0.48881780790192086
-499.27913714518104,0,0.48881780790192086
-447.771766558795,0,0.48881780790192086
-390.16131571486534,0,0.48881780790192086
-327.81987678188017,0,0.48881780790192086
-262.39848557223706,0,0.48881780790192086
-195.081725353093,0,0.48881780790192086
-126.8839513893348,0,0.48881780790192086
-59.09160472825452,0,0.48881780790192086
7.144785845073571,0,0.48881780790192086
70.78264845522926,0,0.48881780790192086
130.32025121348155,0,0.48881780790192086
184.29512610905783,0,0.48881780790192086
232.26278496290047,0,0.48881780790192086
274.374803566253,0,0.48881780790192086
310.32664526208845,0,0.48881780790192086
339.19466458981054,0,0.48881780790192086
359.96934084960907,0,0.48881780790192086
372.2209690150687,0,0.48881780790192086
376.15265498648034,0,0.48881780790192086
372.07695359642275,1,0.48881780790192086
360.2990800403715,0,0.48881780790192086
341.11313171341465,0,0.48881780790192086
314.4353448310157,0,0.48881780790192086
279.91795749832846,0,0.48881780790192086
237.77450090658178,0,0.48881780790192086
189.02011064118008,0,0.48881780790192086
134.90840869732696,0,0.48881780790192086
76.55356613498058,0,0.48881780790192086
14.876127367761274,0,0.48881780790192086
-49.26693034487954,0,0.48881780790192086
-115.09807568589152,0,0.48881780790192086
-181.80704851693076,0,0.48881780790192086
-247.9797886555596,0,0.48881780790192086
-311.9935439278896,0,0.48881780790192086
-372.72367511944833,0,0.48881780790192086
-428.967729486733,0,0.48881780790192086
-479.28345544443914,0,0.48881780790192086
-522.643415639414,0,0.48881780790192086
-558.3174759079668,0,0.48881780790192086
-585.7022524920897,0,0.48881780790192086
-604.7320481860198,0,0.48881780790192086
-615.5585274690499,0,0.48881780790192086
-617.9715658963061,0,0.48881780790192086
-611.5428390605958,0,0.48881780790192086
-595.8659678121699,0,0.48881780790192086
-571.0212702894227,0,0.48881780790192086
-537.8763031602193,0,0.48881780790192086
-497.20156223306117,0,0.48881780790192086
-448.9411141516226,0,0.48881780790192086
-393.329895371572,0,0.48881780790192086
-331.74755743104663,0,0.48881780790192086
-265.7087158802868,0,0.48881780790192086
-196.1212877808598,0,0.48881780790192086
-123.63276293625776,0,0.48881780790192086
-49.26649356504956,0,0.48881780790192086
25.74521990606588,0,0.48881780790192086
100.59039964126157,0,0.48881780790192086
174.42367630172114,0,0.48881780790192086
245.8684542548781,0,0.48881780790192086
313.0133074873384,0,0.48881780790192086
373.570459730663,0,0.48881780790192086
425.70003905466757,0,0.48881780790192086
468.47704783596663,0,0.48881780790192086
501.58772040859344,0,0.48881780790192086
524.9792656564051,0,0.48881780790192086
538.5223844592012,0,0.48881780790192086
542.0529821373414,0,0.48881780790192086
535.6964981601303,1,0.48881780790192086
519.7494125324004,0,0.48881780790192086
494.4988831730289,0,0.48881780790192086
460.50899086572537,0,0.48881780790192086
418.86570651490723,0,0.48881780790192086
370.8870527793717,0,0.48881780790192086
317.3488946883905,0,0.48881780790192086
258.49239573683366,0,0.48881780790192086
195.15598675800695,0,0.48881780790192086
128.9432931646606,0,0.48881780790192086
61.425320135823426,0,0.48881780790192086
-6.077885684114122,0,0.48881780790192086
-72.40704273443608,0,0.48881780790192086
-136.36001792112313,0,0.48881780790192086
-196.5472756401026,0,0.48881780790192086
-251.83903079087173,0,0.48881780790192086
-301.7033218267477,0,0.48881780790192086
-345.86627191796276,0,0.48881780790192086
-383.9009183652791,0,0.48881780790192086
-415.3972989313217,0,0.48881780790192086
-440.08975865624944,0,0.48881780790192086
-457.2511608499318,0,0.48881780790192086
-465.6086839550758,0,0.48881780790192086
-464.3375975993882,0,0.48881780790192086
-453.60865860122897,0,0.48881780790192086
-434.02054689625805,0,0.48881780790192086
-406.0917096745046,0,0.48881780790192086
-370.37145507347094,0,0.48881780790192086
-327.3364213498635,0,0.48881780790192086
-277.12259999169106,0,0.48881780790192086
-219.7897864328217,0,0.48881780790192086
-155.87466284584247,0,0.48881780790192086
-86.56464891075872,0,0.48881780790192086
-13.402075311361019,0,0.48881780790192086
62.08678401080714,0,0.48881780790192086
138.47093188119788,0,0.48881780790192086
214.11026019802344,0,0.48881780790192086
287.11690228664594,0,0.48881780790192086
355.65142658155514,0,0.48881780790192086
418.1382102131216,0,0.48881780790192086
473.50319092145355,0,0.48881780790192086
520.8994653345792,0,0.48881780790192086
559.2891107308402,0,0.48881780790192086
587.7691637925969,0,0.48881780790192086
605.8368540910559,0,0.48881780790192086
613.6197622507063,0,0.48881780790192086
611.9925792361815,1,0.48881780790192086
601.7706586666678,0,0.48881780790192086
583.3195691003456,0,0.48881780790192086
556.8605096654105,0,0.48881780790192086
522.5602564502044,0,0.48881780790192086
480.51363007870106,0,0.48881780790192086
430.7201276053226,0,0.48881780790192086
373.55776740175423,0,0.48881780790192086
310.383591012946,0,0.48881780790192086
243.29466463130456,0,0.48881780790192086
174.01134355955767,0,0.48881780790192086
102.97690884525703,0,0.48881780790192086
30.056800251747273,0,0.48881780790192086
-44.26017704630863,0,0.48881780790192086
-118.95843424478099,0,0.48881780790192086
-193.01233671319233,0,0.48881780790192086
-265.06751117593336,0,0.48881780790192086
-333.20023045995833,0,0.48881780790192086
-395.58978997859504,0,0.48881780790192086
-450.92316551645644,0,0.48881780790192086
-497.94693535209257,0,0.48881780790192086
-535.3432054941698,0,0.48881780790192086
-562.0341993560448,0,0.48881780790192086
-577.3101164402206,0,0.48881780790192086
-581.1977488606534,0,0.48881780790192086
-574.6247633149912,0,0.48881780790192086
-558.7421962485279,0,0.48881780790192086
-534.4066315333838,0,0.48881780790192086
-502.21941381011345,0,0.48881780790192086
-462.507578777646,0,0.48881780790192086
-415.4178673787523,0,0.48881780790192086
-361.0570900247076,0,0.48881780790192086
-299.7047982371268,0,0.48881780790192086
-232.2741139274736,0,0.48881780790192086
-160.33855786614487,0,0.48881780790192086
-85.81135568865204,0,0.48881780790192086
-10.554394466402861,0,0.48881780790192086
63.68589405173455,0,0.48881780790192086
135.1295368324298,0,0.48881780790192086
202.59147669824299,0,0.48881780790192086
265.61879978226716,0,0.48881780790192086
323.56444497947615,0,0.48881780790192086
375.32772808600294,0,0.48881780790192086
419.92783858328266,0,0.48881780790192086
456.78323624713397,0,0.48881780790192086
485.2710052156966,0,0.48881780790192086
504.71672511683346,0,0.48881780790192086
515.1410491706345,0,0.48881780790192086
517.1438270206438,0,0.48881780790192086
511.2339149345406,1,0.48881780790192086
497.908345249861,0,0.48881780790192086
477.5759742551261,0,0.48881780790192086
450.0179928818002,0,0.48881780790192086
414.7108223955806,0,0.48881780790192086
371.71451151296105,0,0.48881780790192086
321.7407210737366,0,0.48881780790192086
265.624223892257,0,0.48881780790192086
204.05750616722466,0,0.48881780790192086
137.72040359447774,0,0.48881780790192086
67.52422753547943,0,0.48881780790192086
-5.336568255226682,0,0.48881780790192086
-79.36598325375682,0,0.48881780790192086
-153.04293696927152,0,0.48881780790192086
-225.1280367034422,0,0.48881780790192086
-294.2661541313545,0,0.48881780790192086
-358.7186943194445,0,0.48881780790192086
-416.70831481849785,0,0.48881780790192086
-466.9732059054331,0,0.48881780790192086
-509.0037046750372,0,0.48881780790192086
-542.3716569659576,0,0.48881780790192086
-566.3073663740934,0,0.48881780790192086
-580.3355052265562,0,0.48881780790192086
-584.5108955158788,0,0.48881780790192086
-579.0610762468142,0,0.48881780790192086
-564.2729559449566,0,0.48881780790192086
-540.4472067100575,0,0.48881780790192086
-507.87163875918804,0,0.48881780790192086
-467.2035810523725,0,0.48881780790192086
-419.57423774174913,0,0.48881780790192086
-365.56176682325764,0,0.48881780790192086
-305.06437427846214,0,0.48881780790192086
-238.802773093068,0,0.48881780790192086
-168.72819532318533,0,0.48881780790192086
-97.147486621483,0,0.48881780790192086
-26.091131379791875,0,0.48881780790192086
43.19875253787013,0,0.48881780790192086
110.25482185788276,0,0.48881780790192086
174.5381784064696,0,0.48881780790192086
235.24069618487442,0,0.48881780790192086
291.5689046755254,0,0.48881780790192086
342.55823292743986,0,0.48881780790192086
387.4282077497285,0,0.48881780790192086
426.0605659330207,0,0.48881780790192086
458.2496825941627,0,0.48881780790192086
483.0313479484039,0,0.48881780790192086
499.1454726171404,0,0.48881780790192086
505.4976127953726,0,0.48881780790192086
501.4487951881213,1,0.48881780790192086
487.14284183474405,0,0.48881780790192086
463.4009502642441,0,0.48881780790192086
431.27382062399204,0,0.48881780790192086
391.56031438074785,0,0.48881780790192086
344.5152647049715,0,0.48881780790192086
290.16346922023274,0,0.48881780790192086
229.08357741134517,0,0.48881780790192086
162.60465121536348,0,0.48881780790192086
92.29675537640273,0,0.48881780790192086
19.613589781890102,0,0.48881780790192086
-54.04985013167943,0,0.48881780790192086
-127.22833120562319,0,0.48881780790192086
-198.6037415035389,0,0.48881780790192086
-267.2126033291748,0,0.48881780790192086
-332.15877946653114,0,0.48881780790192086
-392.5060664583627,0,0.48881780790192086
-447.4681739215539,0,0.48881780790192086
-496.1511755995986,0,0.48881780790192086
-537.4883351771518,0,0.48881780790192086
-570.7389232102918,0,0.48881780790192086
-595.5419689176903,0,0.48881780790192086
-611.5839464883256,0,0.48881780790192086
-618.5023465836017,0,0.48881780790192086
-615.9462617290576,0,0.48881780790192086
-603.6906479467423,0,0.48881780790192086
-581.7767527046664,0,0.48881780790192086
-550.5103626344085,0,0.48881780790192086
-510.35401690043483,0,0.48881780790192086
-462.1618758119045,0,0.48881780790192086
-407.3228531833639,0,0.48881780790192086
-347.21877219781976,0,0.48881780790192086
-282.80165842117526,0,0.48881780790192086
-214.69302923525578,0,0.48881780790192086
-143.5691806471376,0,0.48881780790192086
-70.60008819034194,0,0.48881780790192086
2.4869588379910974,0,0.48881780790192086
73.94588056968418,0,0.48881780790192086
142.81173564461187,0,0.48881780790192086
208.79496840730187,0,0.48881780790192086
271.5499140017878,0,0.48881780790192086
330.47129532967546,0,0.48881780790192086
384.6118848117857,0,0.48881780790192086
432.69218474521585,0,0.48881780790192086
473.43247418960954,0,0.48881780790192086
505.6886897998554,0,0.48881780790192086
528.508604591893,0,0.48881780790192086
541.3602670285476,0,0.48881780790192086
544.0944059822956,0,0.48881780790192086
536.6796457718361,1,0.48881780790192086
519.1348381625517,0,0.48881780790192086
491.73114086461067,0,0.48881780790192086
455.1504874627431,0,0.48881780790192086
410.12720713427024,0,0.48881780790192086
357.3553181649694,0,0.48881780790192086
298.1159345673612,0,0.48881780790192086
234.07151915154637,0,0.48881780790192086
166.29377079141668,0,0.48881780790192086
95.22746823053835,0,0.48881780790192086
21.369269881445906,0,0.48881780790192086
-54.16209018980562,0,0.48881780790192086
-129.2782052321009,0,0.48881780790192086
-201.36841181264037,0,0.48881780790192086
-268.4801324920897,0,0.48881780790192086
-329.872564504259,0,0.48881780790192086
-385.3226575843078,0,0.48881780790192086
-434.0375960368581,0,0.48881780790192086
-474.4235427205303,0,0.48881780790192086
-504.99582666678447,0,0.48881780790192086
-525.1186408449229,0,0.48881780790192086
-534.5938099365057,0,0.48881780790192086
-533.3600670978242,0,0.48881780790192086
-521.8176480851198,0,0.48881780790192086
-500.59616549306094,0,0.48881780790192086
-470.1561047947525,0,0.48881780790192086
-430.8009899642155,0,0.48881780790192086
-382.88489054312504,0,0.48881780790192086
-327.3305646950035,0,0.48881780790192086
-265.78002919875064,0,0.48881780790192086
-200.02790751686166,0,0.48881780790192086
-131.51824314483255,0,0.48881780790192086
-61.23281348600866,0,0.48881780790192086
10.172934948749873,0,0.48881780790192086
82.02946775298402,0,0.48881780790192086
153.17204008521475,0,0.48881780790192086
221.97033267282816,0,0.48881780790192086
287.08688305623036,0,0.48881780790192086
347.7227808004286,0,0.48881780790192086
402.98048464169466,0,0.48881780790192086
451.6303432392128,0,0.48881780790192086
492.7351125716186,0,0.48881780790192086
526.0654121101041,0,0.48881780790192086
551.5898492876076,0,0.48881780790192086
568.9673159893257,0,0.48881780790192086
577.5811485135064,0,0.48881780790192086
576.6482648131383,1,0.48881780790192086
565.7705457160496,0,0.48881780790192086
545.1964376941531,0,0.48881780790192086
515.0600162012083,0,0.48881780790192086
475.39577728352344,0,0.48881780790192086
426.8972316676396,0,0.48881780790192086
370.76840121880184,0,0.48881780790192086
308.25894556266286,0,0.48881780790192086
240.45933161979482,0,0.48881780790192086
168.0890428695639,0,0.48881780790192086
92.02376319430002,0,0.48881780790192086
14.097004445128093,0,0.48881780790192086
-63.38630205650405,0,0.48881780790192086
-138.31702837371049,0,0.48881780790192086
-208.69352701991187,0,0.48881780790192086
-273.1115543937214,0,0.48881780790192086
-331.2485056502358,0,0.48881780790192086
-383.18466655854905,0,0.48881780790192086
-428.6849872467734,0,0.48881780790192086
-467.0264730589649,0,0.48881780790192086
-497.06150658841034,0,0.48881780790192086
-517.7107497066726,0,0.48881780790192086
-528.402592586277,0,0.48881780790192086
-528.7267927045198,0,0.48881780790192086
-518.315584817597,0,0.48881780790192086
-497.5969695784639,0,0.48881780790192086
-467.8228487340765,0,0.48881780790192086
-430.1214871789136,0,0.48881780790192086
-385.22694916188055,0,0.48881780790192086
-333.6427926799788,0,0.48881780790192086
-275.7043622217275,0,0.48881780790192086
-212.24170675198422,0,0.48881780790192086
-144.688377177853,0,0.48881780790192086
-74.34792570805206,0,0.48881780790192086
-2.4197541402660416,0,0.48881780790192086
69.83125744831639,0,0.48881780790192086
141.4762998938849,0,0.48881780790192086
211.8643116451231,0,0.48881780790192086
280.21380316213714,0,0.48881780790192086
345.4278587021072,0,0.48881780790192086
406.1179013899398,0,0.48881780790192086
460.93292315905353,0,0.48881780790192086
508.67068576808884,0,0.48881780790192086
548.3145912296472,0,0.48881780790192086
579.1424509933746,0,0.48881780790192086
600.7828786719466,0,0.48881780790192086
613.3061083103876,0,0.48881780790192086
616.7468685196242,0,0.48881780790192086
610.826486041829,1,0.48881780790192086
595.4678093045177,0,0.48881780790192086
570.8954226414744,0,0.48881780790192086
537.2915034949738,0,0.48881780790192086
494.9697505868554,0,0.48881780790192086
444.55614005019333,0,0.48881780790192086
386.6059665682403,0,0.48881780790192086
321.5059317113566,0,0.48881780790192086
250.0525539791633,0,0.48881780790192086
173.83367099393925,0,0.48881780790192086
94.86490043053864,0,0.48881780790192086
14.935939283397403,0,0.48881780790192086
-64.71267590756908,0,0.48881780790192086
-142.90406200991552,0,0.48881780790192086
-218.00154119147135,0,0.48881780790192086
-288.14967955012105,0,0.48881780790192086
-351.77248471684544,0,0.48881780790192086
-407.91870622075675,0,0.48881780790192086
-456.12456041611006,0,0.48881780790192086
-496.0196059599723,0,0.48881780790192086
-527.2530924871218,0,0.48881780790192086
-549.6885777009114,0,0.48881780790192086
-563.2944300066104,0,0.48881780790192086
-567.8434637346568,0,0.48881780790192086
-563.0979775956455,0,0.48881780790192086
-549.1221601431835,0,0.48881780790192086
-526.3823367397192,0,0.48881780790192086
-495.57273204902737,0,0.48881780790192086
-457.2698482103916,0,0.48881780790192086
-411.9980867545801,0,0.48881780790192086
-360.2256576019219,0,0.48881780790192086
-302.1861827179417,0,0.48881780790192086
-238.40872366545676,0,0.48881780790192086
-169.9841994809516,0,0.48881780790192086
-97.98580613504242,0,0.48881780790192086
-23.59473428517522,0,0.48881780790192086
51.40594665449734,0,0.48881780790192086
125.14883467881876,0,0.48881780790192086
196.3613203713187,0,0.48881780790192086
264.10702122882634,0,0.48881780790192086
327.2680288390695,0,0.48881780790192086
384.8411124209509,0,0.48881780790192086
436.19400434217226,0,0.48881780790192086
480.66000429953925,0,0.48881780790192086
517.4361719953207,0,0.48881780790192086
545.6524656720677,0,0.48881780790192086
564.3039919635052,0,0.48881780790192086
572.3476338447391,0,0.48881780790192086
568.9039660703344,1,0.48881780790192086
553.541658541473,0,0.48881780790192086
526.581587659677,0,0.48881780790192086
489.11477159800575,0,0.48881780790192086
442.48864636954477,0,0.48881780790192086
387.79691754029307,0,0.48881780790192086
326.1289560829833,0,0.48881780790192086
258.8226780512079,0,0.48881780790192086
187.24791321246437,0,0.48881780790192086
112.97572167473815,0,0.48881780790192086
37.87348594035557,0,0.48881780790192086
-36.332935142330584,0,0.48881780790192086
-108.28770731199833,0,0.48881780790192086
-176.8502355515462,0,0.48881780790192086
-240.9429466140407,0,0.48881780790192086
-299.76266806448416,0,0.48881780790192086
-352.73373741458613,0,0.48881780790192086
-399.0175451744309,0,0.48881780790192086
-437.5758553841287,0,0.48881780790192086
-467.5261354803199,0,0.48881780790192086
-488.22351385276517,0,0.48881780790192086
-499.3651750957754,0,0.48881780790192086
-501.1198526168497,0,0.48881780790192086
-493.93815898725666,0,0.48881780790192086
-477.911574030479,0,0.48881780790192086
-452.6777276261089,0,0.48881780790192086
-418.2619320153895,0,0.48881780790192086
-375.48935759998704,0,0.48881780790192086
-325.5598771832322,0,0.48881780790192086
-269.407503793561,0,0.48881780790192086
-207.63089707668712,0,0.48881780790192086
-140.95087105172777,0,0.48881780790192086
-70.37366138035935,0,0.48881780790192086
2.8165892005342856,0,0.48881780790192086
77.26766051230877,0,0.48881780790192086
151.80657285108393,0,0.48881780790192086
225.2083115318643,0,0.48881780790192086
296.05189541747836,0,0.48881780790192086
362.8099619471867,0,0.48881780790192086
423.79810141471745,0,0.48881780790192086
477.527767185702,0,0.48881780790192086
523.2570596406388,0,0.48881780790192086
560.7230629072309,0,0.48881780790192086
589.8939062008643,0,0.48881780790192086
611.1632960731538,0,0.48881780790192086
624.8008945300122,0,0.48881780790192086
630.4215200375918,0,0.48881780790192086
627.3036979142151,1,0.48881780790192086
614.5886006707752,0,0.48881780790192086
591.4883858291898,0,0.48881780790192086
557.7586666493212,0,0.48881780790192086
513.6423743826298,0,0.48881780790192086
459.6134743167819,0,0.48881780790192086
396.55368882017063,0,0.48881780790192086
326.0464222407919,0,0.48881780790192086
250.21775655172698,0,0.48881780790192086
171.25207455287946,0,0.48881780790192086
91.19759534342417,0,0.48881780790192086
11.753829545515442,0,0.48881780790192086
-66.06890999415322,0,0.48881780790192086
-141.89137416938158,0,0.48881780790192086
-215.48532586004347,0,0.48881780790192086
-286.1323931292751,0,0.48881780790192086
-352.3617046315784,0,0.48881780790192086
-412.5159721625306,0,0.48881780790192086
-465.39489211731046,0,0.48881780790192086
-510.22544013238956,0,0.48881780790192086
-546.4514487399063,0,0.48881780790192086
-573.483539440464,0,0.48881780790192086
-590.5238200086757,0,0.48881780790192086
-596.8431781053976,0,0.48881780790192086
-592.0063882354717,0,0.48881780790192086
-575.8582007799624,0,0.48881780790192086
-548.6103743189408,0,0.48881780790192086
-511.0391881650912,0,0.48881780790192086
-464.4384717154514,0,0.48881780790192086
-410.2277191440032,0,0.48881780790192086
-351.3994225269135,0,0.48881780790192086
-293.95604895090406,0,0.48881780790192086
-243.2186830962689,0,0.48881780790192086
-200.5740829149243,0,0.48881780790192086
-165.43938129809277,0,0.48881780790192086
-137.09115174500545,0,0.48881780790192086
-114.71256671911247,0,0.48881780790192086
-97.39533919044817,0,0.48881780790192086
-84.24167898345745,0,0.48881780790192086
-74.42719987070527,0,0.48881780790192086
-67.16011904321238,0,0.48881780790192086
-61.74343721588255,0,0.48881780790192086
-57.63728957436374,0,0.48881780790192086
-54.382790161668474,0,0.48881780790192086
-51.56657438429212,0,0.48881780790192086
-48.87016041531763,0,0.48881780790192086
-46.080993039534015,0,0.48881780790192086
-43.075121194030515,0,0.48881780790192086
-39.78705392492601,0,0.48881780790192086
-36.19986946037145,0,0.48881780790192086
-32.38875237682476,0,0.48881780790192086
-28.47562002112968,0,0.48881780790192086
-24.527375444624393,0,0.48881780790192086
-20.556277137505248,0,0.48881780790192086
-16.583951629923696,0,0.48881780790192086
-12.69683329905259,0,0.48881780790192086
-9.011872623359855,0,0.48881780790192086
-5.557567482788926,0,0.48881780790192086
-2.2881454778752954,0,0.48881780790192086
0.8060370791214094,0,0.48881780790192086
3.7224277862360395,0,0.48881780790192086
6.481972111663578,0,0.48881780790192086
9.089200835105352,0,0.48881780790192086
11.53418041707115,0,0.48881780790192086
13.845708224419623,0,0.48881780790192086
16.0846928624373,0,0.48881780790192086
18.27830431421825,0,0.48881780790192086
20.42859496255802,0,0.48881780790192086
22.52503878313542,0,0.48881780790192086
24.545424175615178,0,0.48881780790192086
26.502032397612023,0,0.48881780790192086
28.42486648141772,0,0.48881780790192086
30.329165278252866,0,0.48881780790192086
32.212962221997635,0,0.48881780790192086
34.04108325902305,0,0.48881780790192086
35.778728669917086,0,0.48881780790192086
37.41985202300982,0,0.48881780790192086
38.967634826463005,0,0.48881780790192086
40.425447625315336,0,0.48881780790192086
41.791554514407586,0,0.48881780790192086
43.05492376579497,0,0.48881780790192086
44.18454910730551,0,0.48881780790192086
45.14146999910352,0,0.48881780790192086
45.92956228746692,0,0.48881780790192086
46.596484639842636,0,0.48881780790192086
47.15746329073209,0,0.48881780790192086
47.57716954268668,0,0.48881780790192086
47.8593594433561,0,0.48881780790192086
48.057817114737944,0,0.48881780790192086
48.16629026859324,0,0.48881780790192086
48.123136890106046,0,0.48881780790192086
47.924414808873166,0,0.48881780790192086
47.62697816705793,0,0.48881780790192086
47.28212722805954,0,0.48881780790192086
46.92879033251736,0,0.48881780790192086
46.612328991845175,0,0.48881780790192086
46.361198869915334,0,0.48881780790192086
46.15321828817583,0,0.48881780790192086
45.943490185842315,0,0.48881780790192086
45.72228352316106,0,0.48881780790192086
45.48944351175594,0,0.48881780790192086
45.20681277522733,0,0.48881780790192086
44.82747398719442,0,0.48881780790192086
44.341634203678815,0,0.48881780790192086
43.77635667897022,0,0.48881780790192086
43.12923450149612,0,0.48881780790192086
42.36374245108016,0,0.48881780790192086
41.49971244860849,0,0.48881780790192086
40.59661506844466,0,0.48881780790192086
39.671817131323834,0,0.48881780790192086
38.717910894652334,0,0.48881780790192086
37.704156368995456,0,0.48881780790192086
36.57035628457624,0,0.48881780790192086
35.29912126533696,0,0.48881780790192086
33.892581225016194,0,0.48881780790192086
32.31529963071831,0,0.48881780790192086
30.546098606619815,0,0.48881780790192086
28.60797336860802,0,0.48881780790192086
26.530751993638695,0,0.48881780790192086
24.32895736069525,0,0.48881780790192086
22.014820229732425,0,0.48881780790192086
19.615561563801286,0,0.48881780790192086
17.22137177534805,0,0.48881780790192086
14.98740742614682,0,0.48881780790192086
13.032356775436725,0,0.48881780790192086
11.425903694990804,0,0.48881780790192086
10.260693721863909,0,0.48881780790192086
9.590449934474325,0,0.48881780790192086
9.383624757952463,0,0.48881780790192086
9.61251191705446,0,0.48881780790192086
10.238526281519162,0,0.48881780790192086
11.178801961208865,0,0.48881780790192086
12.373159507786275,0,0.48881780790192086
13.786189516098728,0,0.48881780790192086
15.356875875815993,0,0.48881780790192086
16.980783759790558,0,0.48881780790192086
18.535499401945682,0,0.48881780790192086
19.92546579248587,0,0.48881780790192086
21.092845841256747,0,0.48881780790192086
22.009280421563375,0,0.48881780790192086
22.674840877537008,0,0.48881780790192086
23.087757816566718,0,0.48881780790192086
23.23481375308588,0,0.48881780790192086
23.129891951950086,0,0.48881780790192086
22.818593551052135,0,0.48881780790192086
22.360835076700624,0,0.48881780790192086
21.81233824908943,0,0.48881780790192086
21.193263756284146,0,0.48881780790192086
20.495425525760208,0,0.48881780790192086
19.747733340270557,0,0.48881780790192086
19.040734808405535,0,0.48881780790192086
18.441129318754662,0,0.48881780790192086
17.932864479181855,0,0.48881780790192086
17.484105382409872,0,0.48881780790192086
17.09775631753557,0,0.48881780790192086
16.78013183480529,0,0.48881780790192086
16.51492779486956,0,0.48881780790192086
16.290257622218423,0,0.48881780790192086
16.124746391896274,0,0.48881780790192086
16.014010257315856,0,0.48881780790192086
15.917178741892949,0,0.48881780790192086
15.825050642335757,0,0.48881780790192086
15.764105313500734,0,0.48881780790192086
15.748607415118551,0,0.48881780790192086
15.752709014964973,0,0.48881780790192086
15.712456779243341,0,0.48881780790192086
15.578542194904532,0,0.48881780790192086
15.346524095246709,0,0.48881780790192086
15.024735466674102,0,0.48881780790192086
14.64383945687771,0,0.48881780790192086
14.25774834160584,0,0.48881780790192086
13.881616380128008,0,0.48881780790192086
13.473740348141511,0,0.48881780790192086
13.00253445492011,0,0.48881780790192086
12.494058166619505,0,0.48881780790192086
11.976871812653494,0,0.48881780790192086
11.455918298337842,0,0.48881780790192086
10.930332412759508,0,0.48881780790192086
10.38555430066903,0,0.48881780790192086
9.831018277676801,0,0.48881780790192086
9.297189710103586,0,0.48881780790192086
8.79997159783109,0,0.48881780790192086
8.362722412047127,0,0.48881780790192086
7.998594403354218,0,0.48881780790192086
7.674896652177254,0,0.48881780790192086
7.345617181240442,0,0.48881780790192086
7.00415691081959,0,0.48881780790192086
6.651327244985401,0,0.48881780790192086
6.257889502570706,0,0.48881780790192086
5.801618650297628,0,0.48881780790192086
5.279221371406605,0,0.48881780790192086
4.714287445791188,0,0.48881780790192086
4.1328234229866005,0,0.48881780790192086
3.522817597234241,0,0.48881780790192086
2.861825764401842,0,0.48881780790192086
2.1251392449163586,0,0.48881780790192086
1.2848543795213003,0,0.48881780790192086
0.31743996380062,0,0.48881780790192086
-0.7919824663066851,0,0.48881780790192086
-2.032770039217112,0,0.48881780790192086
-3.387701338596492,0,0.48881780790192086
-4.865324630297531,0,0.48881780790192086
-6.501604709081708,0,0.48881780790192086
-8.30595180376437,0,0.48881780790192086
-10.224166381550742,0,0.48881780790192086
-12.191978690433977,0,0.48881780790192086
-14.14187849161298,0,0.48881780790192086
-15.973643027913283,0,0.48881780790192086
-17.577341291279183,0,0.48881780790192086
-18.847177203764637,0,0.48881780790192086
-19.704658699753615,0,0.48881780790192086
-20.106343311439606,0,0.48881780790192086
-20.010641240192868,0,0.48881780790192086
-19.38740961330488,0,0.48881780790192086
-18.264636820057007,0,0.48881780790192086
-16.73815017501119,0,0.48881780790192086
-14.937042455629635,0,0.48881780790192086
-12.98089828954444,0,0.48881780790192086
-10.939792107882578,0,0.48881780790192086
-8.847383216566717,0,0.48881780790192086
-6.755040291203158,0,0.48881780790192086
-4.750882823844799,0,0.48881780790192086
-2.9410839309114536,0,0.48881780790192086
-1.387901392390805,0,0.48881780790192086
-0.07458059312423201,0,0.48881780790192086
1.0351987819352484,0,0.48881780790192086
1.9367566513571925,0,0.48881780790192086
2.6135545110666127,0,0.48881780790192086
3.0832290175063886,0,0.48881780790192086
3.3621594781030706,0,0.48881780790192086
3.4338120642267898,0,0.48881780790192086
3.294809011978069,0,0.48881780790192086
3.0080572424319083,0,0.48881780790192086
2.671118937204001,0,0.48881780790192086
2.352344460532557,0,0.48881780790192086
2.1165017351370103,0,0.48881780790192086
2.02169647513964,0,0.48881780790192086
2.0544670691491205,0,0.48881780790192086
2.1562449361822127,0,0.48881780790192086
2.285701251244552,0,0.48881780790192086
2.4310207292472463,0,0.48881780790192086
2.6001268688191925,0,0.48881780790192086
2.805547715354431,0,0.48881780790192086
3.062383088450405,0,0.48881780790192086
3.3694235295276744,0,0.48881780790192086
3.6730082931788868,0,0.48881780790192086
3.937805968325967,0,0.48881780790192086
4.200177440915694,0,0.48881780790192086
4.487060599959923,0,0.48881780790192086
4.789648248286251,0,0.48881780790192086
5.095731909204216,0,0.48881780790192086
5.397028621217316,0,0.48881780790192086
5.681546306094941,0,0.48881780790192086
5.924024627902497,0,0.48881780790192086
6.092215797138609,0,0.48881780790192086
6.151378524979064,0,0.48881780790192086
6.093974112355553,0,0.48881780790192086
5.975755062551142,0,0.48881780790192086
5.848111801997023,0,0.48881780790192086
5.697254087852299,0,0.48881780790192086
5.508464036868137,0,0.48881780790192086
5.292945154683261,0,0.48881780790192086
5.06277412995363,0,0.48881780790192086
4.828210839969139,0,0.48881780790192086
4.581639002714849,0,0.48881780790192086
4.313699926572232,0,0.48881780790192086
4.0408877782281545,0,0.48881780790192086
3.7787845034405794,0,0.48881780790192086
3.5120813282569476,0,0.48881780790192086
3.2054918992958683,0,0.48881780790192086
2.848241704975991,0,0.48881780790192086
2.4645596446723497,0,0.48881780790192086
2.0520334597451266,0,0.48881780790192086
1.5916355387355565,0,0.48881780790192086
1.104417036692535,0,0.48881780790192086
0.5964883032128485,0,0.48881780790192086
0.02852218448135079,0,0.48881780790192086
-0.6411514956131837,0,0.48881780790192086
-1.4488889893421297,0,0.48881780790192086
-2.4164786375728755,0,0.48881780790192086
-3.5402866387650307,0,0.48881780790192086
-4.814115477346402,0,0.48881780790192086
-6.244252635176299,0,0.48881780790192086
-7.844085747954005,0,0.48881780790192086
-9.607092734136248,0,0.48881780790192086
-11.45570091906066,0,0.48881780790192086
-13.275931404427565,0,0.48881780790192086
-14.99178758835267,0,0.48881780790192086
-16.525783708631625,0,0.48881780790192086
-17.786169839598514,0,0.48881780790192086
-18.702764787408,0,0.48881780790192086
-19.19747096576424,0,0.48881780790192086
-19.205181918718438,0,0.48881780790192086
-18.71443029375358,0,0.48881780790192086
-17.741686798126487,0,0.48881780790192086
-16.33810899965734,0,0.48881780790192086
-14.598739265808833,0,0.48881780790192086
-12.606053079789836,0,0.48881780790192086
-10.420510180196114,0,0.48881780790192086
-8.129764985449345,0,0.48881780790192086
-5.860313393334504,0,0.48881780790192086
-3.7522093974321615,0,0.48881780790192086
-1.89419752393832,0,0.48881780790192086
-0.28918559115773373,0,0.48881780790192086
1.0955066188819274,0,0.48881780790192086
2.259726386070631,0,0.48881780790192086
3.158404278023,0,0.48881780790192086
3.763664697437416,0,0.48881780790192086
4.101702781956751,0,0.48881780790192086
4.237731595137289,0,0.48881780790192086
4.248443198598036,0,0.48881780790192086
4.152007007164938,0,0.48881780790192086
3.9145855934308917,0,0.48881780790192086
3.590642426012511,0,0.48881780790192086
3.3090514834114733,0,0.48881780790192086
3.1171999153816703,0,0.48881780790192086
2.983918341987425,0,0.48881780790192086
2.899898649598214,0,0.48881780790192086
2.893323836251484,0,0.48881780790192086
2.967678693503392,0,0.48881780790192086
3.0993589934337287,0,0.48881780790192086
3.297291437890379,0,0.48881780790192086
3.5806838278975133,0,0.48881780790192086
3.934134761406362,0,0.48881780790192086
4.333512769194471,0,0.48881780790192086
4.765632843721076,0,0.48881780790192086
5.2066803565130515,0,0.48881780790192086
5.617557122861048,0,0.48881780790192086
5.977968500491951,0,0.48881780790192086
6.315039914382516,0,0.48881780790192086
6.666021275604008,0,0.48881780790192086
7.008755755472726,0,0.48881780790192086
7.288601451833803,0,0.48881780790192086
7.497310713527905,0,0.48881780790192086
7.657177474835333,0,0.48881780790192086
7.774236089150498,0,0.48881780790192086
7.83001726894319,0,0.48881780790192086
7.786730006243244,0,0.48881780790192086
7.639367041635961,0,0.48881780790192086
7.446832721734337,0,0.48881780790192086
7.272893596263875,0,0.48881780790192086
7.125921908326462,0,0.48881780790192086
6.964732344099658,0,0.48881780790192086
6.734077504977386,0,0.48881780790192086
6.403850723633053,0,0.48881780790192086
6.001297318602052,0,0.48881780790192086
5.579499570324122,0,0.48881780790192086
5.181241833590911,0,0.48881780790192086
4.82729733443577,0,0.48881780790192086
4.486701352348648,0,0.48881780790192086
4.112814008256275,0,0.48881780790192086
3.7102837635907786,0,0.48881780790192086
3.32987511977476,0,0.48881780790192086
2.9969113609280726,0,0.48881780790192086
2.6570321986130736,0,0.48881780790192086
2.2427213085335316,0,0.48881780790192086
1.734583769792028,0,0.48881780790192086
1.126306892845312,0,0.48881780790192086
0.3858311013415486,0,0.48881780790192086
-0.5569487734487596,0,0.48881780790192086
-1.736052648330216,0,0.48881780790192086
-3.0932505651033173,0,0.48881780790192086
-4.5795652234457735,0,0.48881780790192086
-6.208277498586874,0,0.48881780790192086
-7.9764677641482615,0,0.48881780790192086
-9.835305130554064,0,0.48881780790192086
-11.708521937228465,0,0.48881780790192086
-13.485952465467873,0,0.48881780790192086
-15.059026367819865,0,0.48881780790192086
-16.363912567231413,0,0.48881780790192086
-17.337924509014233,0,0.48881780790192086
-17.909926058944308,0,0.48881780790192086
-18.053525771826145,0,0.48881780790192086
-17.778915142659713,0,0.48881780790192086
-17.096627548747993,0,0.48881780790192086
-16.00946975042654,0,0.48881780790192086
-14.529780083566529,0,0.48881780790192086
-12.706436055366016,0,0.48881780790192086
-10.632843014502734,0,0.48881780790192086
-8.42790268936609,0,0.48881780790192086
-6.206107447154081,0,0.48881780790192086
-4.074867661157124,0,0.48881780790192086
-2.147256583820978,0,0.48881780790192086
-0.5225872866967133,0,0.48881780790192086
0.7735671977922424,0,0.48881780790192086
1.8017310309906869,0,0.48881780790192086
2.6306463695315485,0,0.48881780790192086
3.298663914012597,0,0.48881780790192086
3.8096274739446025,0,0.48881780790192086
4.13592538480291,0,0.48881780790192086
4.298658263938701,0,0.48881780790192086
4.375160919085705,0,0.48881780790192086
4.383096022838184,0,0.48881780790192086
4.283261867789115,0,0.48881780790192086
4.091094688402933,0,0.48881780790192086
3.8856232165040967,0,0.48881780790192086
3.7404204752604326,0,0.48881780790192086
3.6813150652103968,0,0.48881780790192086
3.695078370597734,0,0.48881780790192086
3.7574389221337685,0,0.48881780790192086
3.8601941811711216,0,0.48881780790192086
4.015048968026293,0,0.48881780790192086
4.208762699184025,0,0.48881780790192086
4.415592326684265,0,0.48881780790192086
4.652762120975834,0,0.48881780790192086
4.939878234655161,0,0.48881780790192086
5.252474662420719,0,0.48881780790192086
5.564619957600722,0,0.48881780790192086
5.8599087478053145,0,0.48881780790192086
6.096936056177178,0,0.48881780790192086
6.256217706705993,0,0.48881780790192086
6.395175856522382,0,0.48881780790192086
6.567937412744893,0,0.48881780790192086
6.751759762498535,0,0.48881780790192086
6.918455441586511,0,0.48881780790192086
7.072697050593489,0,0.48881780790192086
7.197512558729238,0,0.48881780790192086
7.258864360419601,0,0.48881780790192086
7.2493916026346605,0,0.48881780790192086
7.176040686389731,0,0.48881780790192086
7.031819352347382,0,0.48881780790192086
6.827215417462096,0,0.48881780790192086
6.597541762462546,0,0.48881780790192086
6.344924122878848,0,0.48881780790192086
6.0532703741131,0,0.48881780790192086
5.735611828285675,0,0.48881780790192086
5.421602168539435,0,0.48881780790192086
5.131327287318444,0,0.48881780790192086
4.860617018024437,0,0.48881780790192086
4.595192858019728,0,0.48881780790192086
4.3087523827428775,0,0.48881780790192086
3.9535679615541284,0,0.48881780790192086
3.5289779243375436,0,0.48881780790192086
3.094709638126753,0,0.48881780790192086
2.656775692479909,0,0.48881780790192086
2.170463591738659,0,0.48881780790192086
1.6421203761698007,0,0.48881780790192086
1.0766288602864604,0,0.48881780790192086
0.4046817546472558,0,0.48881780790192086
-0.4253453410359815,0,0.48881780790192086
-1.401557353427917,0,0.48881780790192086
-2.5309876691023496,0,0.48881780790192086
-3.85230945353847,0,0.48881780790192086
-5.3793857829309655,0,0.48881780790192086
-7.091872881839944,0,0.48881780790192086
-8.947748271407573,0,0.48881780790192086
-10.861022545987824,0,0.48881780790192086
-12.72455877251602,0,0.48881780790192086
-14.48461270068597,0,0.48881780790192086
-16.098453824700847,0,0.48881780790192086
-17.4477642602993,0,0.48881780790192086
-18.414536500521315,0,0.48881780790192086
-18.942642471993203,0,0.48881780790192086
-18.963965692245807,0,0.48881780790192086
-18.432009796425604,0,0.48881780790192086
-17.41172366552656,0,0.48881780790192086
-16.001486342426382,0,0.48881780790192086
-14.268949952635289,0,0.48881780790192086
-12.30972121130564,0,0.48881780790192086
-10.230470413660203,0,0.48881780790192086
-8.099572587842463,0,0.48881780790192086
-5.956141376006568,0,0.48881780790192086
-3.8457072647565935,0,0.48881780790192086
-1.8485042479244878,0,0.48881780790192086
-0.03959519956725663,0,0.48881780790192086
1.5384932768308694,0,0.48881780790192086
2.850200920989981,0,0.48881780790192086
3.8597652259814157,0,0.48881780790192086
4.5577873179124015,0,0.48881780790192086
4.965918413016757,0,0.48881780790192086
5.11936982991115,0,0.48881780790192086
5.080132885813691,0,0.48881780790192086
4.919448328909942,0,0.48881780790192086
4.694350441614758,0,0.48881780790192086
4.467553697409828,0,0.48881780790192086
4.281203744975733,0,0.48881780790192086
4.129533357014528,0,0.48881780790192086
4.010357739203209,0,0.48881780790192086
3.9461190874442287,0,0.48881780790192086
3.9413215316082315,0,0.48881780790192086
4.004915450524047,0,0.48881780790192086
4.1497068499814675,0,0.48881780790192086
4.337801926594134,0,0.48881780790192086
4.561350905395853,0,0.48881780790192086
4.874360188555203,0,0.48881780790192086
5.273880187487048,0,0.48881780790192086
5.707883751235858,0,0.48881780790192086
6.148791502788317,0,0.48881780790192086
6.561198236340021,0,0.48881780790192086
6.899353086429067,0,0.48881780790192086
7.151401987121302,0,0.48881780790192086
7.334333995095443,0,0.48881780790192086
7.471746303344796,0,0.48881780790192086
7.558872494543967,0,0.48881780790192086
7.570429480671081,0,0.48881780790192086
7.509281878775435,0,0.48881780790192086
7.391693239505364,0,0.48881780790192086
7.233939046663308,0,0.48881780790192086
7.071755071305247,0,0.48881780790192086
6.915421189791797,0,0.48881780790192086
6.731693308870115,0,0.48881780790192086
6.508462997237847,0,0.48881780790192086
6.243449167612419,0,0.48881780790192086
5.930899925794865,0,0.48881780790192086
5.60662884350625,0,0.48881780790192086
5.311267914974126,0,0.9776356158038417
5.044222483731274,0,0.9776356158038417
4.791959440779556,0,0.9776356158038417
4.559614044421984,0,0.9776356158038417
4.349272839631732,0,0.9776356158038417
4.122720688631261,0,0.9776356158038417
3.8597975590942157,0,0.9776356158038417
3.6075402699412336,0,0.9776356158038417
3.3926756984320243,0,0.9776356158038417
3.176471824174923,0,0.9776356158038417
2.8964103504645777,0,0.9776356158038417
2.494915475768788,0,0.9776356158038417
1.9475011396236532,0,0.9776356158038417
1.2546842737347137,0,0.9776356158038417
0.4165830822608633,0,0.9776356158038417
-0.5751679120958292,0,0.9776356158038417
-1.7326876978425596,0,0.9776356158038417
-3.042934183614388,0,0.9776356158038417
-4.491285404510464,0,0.9776356158038417
-6.08145496546784,0,0.9776356158038417
-7.779728914129067,0,0.9776356158038417
-9.525976628058666,0,0.9776356158038417
-11.269668678352268,0,0.9776356158038417
-12.96342692917927,0,0.9776356158038417
-14.576266373164307,0,0.9776356158038417
-16.04749453513096,0,0.9776356158038417
-17.269317762475076,0,0.9776356158038417
-18.150389736437855,0,0.9776356158038417
-18.62161383343889,0,0.9776356158038417
-18.638897297227285,0,0.9776356158038417
-18.19757169210649,0,0.9776356158038417
-17.298475351189012,0,0.9776356158038417
-15.945037077292524,0,0.9776356158038417
-14.202926206948437,0,0.9776356158038417
-12.210619397819617,0,0.9776356158038417
-10.097257469339977,0,0.9776356158038417
-7.931256441350829,0,0.9776356158038417
-5.768918622227932,0,0.9776356158038417
-3.683075575094076,0,0.9776356158038417
-1.743593654362734,0,0.9776356158038417
-0.019121565412378853,0,0.9776356158038417
1.443094156658502,0,0.9776356158038417
2.6395642274370488,0,0.9776356158038417
3.585447913418465,0,0.9776356158038417
4.290991232801379,0,0.9776356158038417
4.769552317496415,0,0.9776356158038417
5.046149144497552,0,0.9776356158038417
5.140291822643182,0,0.9776356158038417
5.069004152637459,0,0.9776356158038417
4.888588743435323,0,0.9776356158038417
4.670245642094233,0,0.9776356158038417
4.455514190425226,0,0.9776356158038417
4.279143210981807,0,0.9776356158038417
4.139798318097809,0,0.9776356158038417
3.9922274372107824,0,0.9776356158038417
3.8278043611203936,0,0.9776356158038417
3.699458431876713,0,0.9776356158038417
3.680924438546857,0,0.9776356158038417
3.807735693087996,0,0.9776356158038417
4.066526378937555,0,0.9776356158038417
4.411249010273466,0,0.9776356158038417
4.774710328610072,0,0.9776356158038417
5.138164494589278,0,0.9776356158038417
5.534205678913203,0,0.9776356158038417
5.959437908180639,0,0.9776356158038417
6.3677184264272135,0,0.9776356158038417
6.731142427144684,0,0.9776356158038417
7.055065583798915,0,0.9776356158038417
7.352762577371246,0,0.9776356158038417
7.629152454066096,0,0.9776356158038417
7.862849140041033,0,0.9776356158038417
8.018486088710372,0,0.9776356158038417
8.07093250704038,0,0.9776356158038417
8.005090428300164,1,0.9776356158038417
7.822247893946642,0,0.9776356158038417
7.557385760450479,0,0.9776356158038417
7.27271510477283,0,0.9776356158038417
7.013641089764049,0,0.9776356158038417
6.795720096064579,0,0.9776356158038417
6.592439615025186,0,0.9776356158038417
6.3295421811602655,0,0.9776356158038417
5.961819015231909,0,0.9776356158038417
5.525526605047181,0,0.9776356158038417
5.079874778968752,0,0.9776356158038417
4.628876883130851,0,0.9776356158038417
4.138291561318613,0,0.9776356158038417
3.61718071935531,0,0.9776356158038417
3.124305309113615,0,0.9776356158038417
2.690118735772321,0,0.9776356158038417
2.2933308373350916,0,0.9776356158038417
1.8944917313386138,0,0.9776356158038417
1.4638727560587472,0,0.9776356158038417
0.9890941140634417,0,0.9776356158038417
0.43051258808331355,0,0.9776356158038417
-0.2744391930174022,0,0.9776356158038417
-1.1380893877464229,0,0.9776356158038417
-2.1408052712536216,0,0.9776356158038417
-3.3010360423408045,0,0.9776356158038417
-4.651762683485615,0,0.9776356158038417
-6.179026305723336,0,0.9776356158038417
-7.8399165369838935,0,0.9776356158038417
-9.588129112087513,0,0.9776356158038417
-11.362980033130725,0,0.9776356158038417
-13.092286670274087,0,0.9776356158038417
-14.678472088316253,0,0.9776356158038417
-16.02146404592581,0,0.9776356158038417
-17.052801909873697,0,0.9776356158038417
-17.712084599376958,0,0.9776356158038417
-17.959017321464035,0,0.9776356158038417
-17.783102104644215,0,0.9776356158038417
-17.179787748974192,0,0.9776356158038417
-16.174270653352693,0,0.9776356158038417
-14.825088225980492,0,0.9776356158038417
-13.165324856367823,0,0.9776356158038417
-11.206975785410544,0,0.9776356158038417
-9.026324981151895,0,0.9776356158038417
-6.771847132419093,0,0.9776356158038417
-4.588965171655831,0,0.9776356158038417
-2.5671560874339456,0,0.9776356158038417
-0.7340881275425746,0,0.9776356158038417
0.8961844368330825,0,0.9776356158038417
2.2869205360698492,0,0.9776356158038417
3.3837012871526584,0,0.9776356158038417
4.153400797818786,0,0.9776356158038417
4.62505149624854,0,0.9776356158038417
4.8569148851909985,0,0.9776356158038417
4.897229052855824,0,0.9776356158038417
4.801128984769792,0,0.9776356158038417
4.625968337606509,0,0.9776356158038417
4.3971178526943415,0,0.9776356158038417
4.124641774450903,0,0.9776356158038417
3.8269599591132337,0,0.9776356158038417
3.539004449789596,0,0.9776356158038417
3.314101374092411,0,0.9776356158038417
3.1860187906306137,0,0.9776356158038417
3.1579430347966997,0,0.9776356158038417
3.220290633865716,0,0.9776356158038417
3.3693121522010485,0,0.9776356158038417
3.6195139714124958,0,0.9776356158038417
3.9657760365938453,0,0.9776356158038417
4.360560041260008,0,0.9776356158038417
4.758868046703489,0,0.9776356158038417
5.162077668683089,0,0.9776356158038417
5.592027188699853,0,0.9776356158038417
6.02640156478286,0,0.9776356158038417
6.432697679053513,0,0.9776356158038417
6.829344885897917,0,0.9776356158038417
7.234144113674848,0,0.9776356158038417
7.626675806708524,0,0.9776356158038417
7.9461401508778176,0,0.9776356158038417
8.120298561016122,0,0.9776356158038417
8.138437791791215,0,0.9776356158038417
8.040367896809265,1,0.9779030318578548
7.872404342639725,0,0.9779030318578548
7.6647508529666375,0,0.9779030318578548
7.417896404551171,0,0.9779030318578548
7.141910540632078,0,0.9779030318578548
6.867961712898373,0,0.9779030318578548
6.6072130220545775,0,0.9779030318578548
6.351177626613987,0,0.9779030318578548
6.102358783955856,0,0.9779030318578548
5.856133754492065,0,0.9779030318578548
5.578267953959386,0,0.9779030318578548
5.25966688029018,0,0.9779030318578548
4.940638738207208,0,0.9779030318578548
4.646258592560527,0,0.9779030318578548
4.363616923704962,0,0.9779030318578548
4.077517201168048,0,0.9779030318578548
3.772244068137286,0,0.9779030318578548
3.4321066083196263,0,0.9779030318578548
3.0765584450620636,0,0.9779030318578548
2.7383377741286994,0,0.9779030318578548
2.394565900132877,0,0.9779030318578548
1.966090518432001,0,0.9779030318578548
1.3929543880365052,0,0.9779030318578548
0.6719720840121759,0,0.9779030318578548
-0.19223372957884022,0,0.9779030318578548
-1.2091183717441691,0,0.9779030318578548
-2.3820060750229755,0,0.9779030318578548
-3.6984849257906025,0,0.9779030318578548
-5.1385835378977065,0,0.9779030318578548
-6.69823032151963,0,0.9779030318578548
-8.365968919591026,0,0.9779030318578548
-10.105808822316655,0,0.9779030318578548
-11.856074075799947,0,0.9779030318578548
-13.521085518555,0,0.9779030318578548
-15.038935320739018,0,0.9779030318578548
-16.390056231635185,0,0.9779030318578548
-17.51119052089963,0,0.9779030318578548
-18.302846788555012,0,0.9779030318578548
-18.672930742481608,0,0.9779030318578548
-18.559232510743595,0,0.9779030318578548
-17.974804637163555,0,0.9779030318578548
-16.974223953905,0,0.9779030318578548
-15.583643172558887,0,0.9779030318578548
-13.832685030903326,0,0.9779030318578548
-11.795673480669624,0,0.9779030318578548
-9.5818473865218,0,0.9779030318578548
-7.329571301702533,0,0.9779030318578548
-5.165827933734391,0,0.9779030318578548
-3.166472185716761,0,0.9779030318578548
-1.3721295833189957,0,0.9779030318578548
0.1957614779796543,0,0.9779030318578548
1.5154658150554683,0,0.9779030318578548
2.5780940478474177,0,0.9779030318578548
3.4131367234144006,0,0.9779030318578548
4.032133795862806,0,0.9779030318578548
4.39231883545651,0,0.9779030318578548
4.4917453653132045,0,0.9779030318578548
4.423801417992052,0,0.9779030318578548
4.277632776440557,0,0.9779030318578548
4.103096998894801,0,0.9779030318578548
3.945901369852336,0,0.9779030318578548
3.824345597088249,0,0.9779030318578548
3.72918501060088,0,0.9779030318578548
3.6450861116460587,0,0.9779030318578548
3.5779030674345393,0,0.9779030318578548
3.56258911379472,0,0.9779030318578548
3.6226928779796426,0,0.9779030318578548
3.7568092041902488,0,0.9779030318578548
3.941705281359834,0,0.9779030318578548
4.164216883279806,0,0.9779030318578548
4.435741490028425,0,0.9779030318578548
4.73085904291799,0,0.9779030318578548
5.0106242016638785,0,0.9779030318578548
5.2721021139951665,0,0.9779030318578548
5.525224906544414,0,0.9779030318578548
5.789785229817711,0,0.9779030318578548
6.0691119497778105,0,0.9779030318578548
6.331108210180289,0,0.9779030318578548
6.562897099864294,0,0.9779030318578548
6.7846869253777236,0,0.9779030318578548
6.998421953137149,0,0.9779030318578548
7.179398297777871,0,0.9779030318578548
7.291505190544026,0,0.9779030318578548
7.3079770012546295,0,0.9779030318578548
7.24150599070237,1,0.9781203377790634
7.115779608401388,0,0.9781203377790634
6.944089071530136,0,0.9781203377790634
6.744185434447993,0,0.9781203377790634
6.522587811903546,0,0.9781203377790634
6.273948205128665,0,0.9781203377790634
6.006884131305039,0,0.9781203377790634
5.752882536306496,0,0.9781203377790634
5.5313079836246555,0,0.9781203377790634
5.298473027737621,0,0.9781203377790634
4.994016772893282,0,0.9781203377790634
4.598783112960199,0,0.9781203377790634
4.105069930605516,0,0.9781203377790634
3.5116077782308857,0,0.9781203377790634
2.8192384804814683,0,0.9781203377790634
1.992845629281806,0,0.9781203377790634
0.9905407745115327,0,0.9781203377790634
-0.17919041440908984,0,0.9781203377790634
-1.4982753773861532,0,0.9781203377790634
-2.979907942500134,0,0.9781203377790634
-4.618229314099598,0,0.9781203377790634
-6.386853255346239,0,0.9781203377790634
-8.269447406898312,0,0.9781203377790634
-10.212186106612599,0,0.9781203377790634
-12.090676599557824,0,0.9781203377790634
-13.768112037258433,0,0.9781203377790634
-15.140808628048635,0,0.9781203377790634
-16.141980775054883,0,0.9781203377790634
-16.763782074443164,0,0.9781203377790634
-17.016230610078072,0,0.9781203377790634
-16.8632294957782,0,0.9781203377790634
-16.27521666753591,0,0.9781203377790634
-15.28072294362024,0,0.9781203377790634
-13.92972742810349,0,0.9781203377790634
-12.284523805810519,0,0.9781203377790634
-10.429441235195073,0,0.9781203377790634
-8.440457743299135,0,0.9781203377790634
-6.384616138879619,0,0.9781203377790634
-4.331112935760971,0,0.9781203377790634
-2.3458957126062367,0,0.9781203377790634
-0.5093188422662046,0,0.9781203377790634
1.1142018040295598,0,0.9781203377790634
2.50590389968594,0,0.9781203377790634
3.638946855020777,0,0.9781203377790634
4.485399583466825,0,0.9781203377790634
5.053740665551246,0,0.9781203377790634
5.352791238396001,0,0.9781203377790634
5.396161009957638,0,0.9781203377790634
5.2437327557672715,0,0.9781203377790634
4.971954944248844,0,0.9781203377790634
4.613843927495211,0,0.9781203377790634
4.18483882484703,0,0.9781203377790634
3.73285554762237,0,0.9781203377790634
3.312066339077357,0,0.9781203377790634
2.9735067062253746,0,0.9781203377790634
2.777222548026138,0,0.9781203377790634
2.7305878780445334,0,0.9781203377790634
2.7757886082297234,0,0.9781203377790634
2.8777177615801413,0,0.9781203377790634
3.0454688945859125,0,0.9781203377790634
3.30426346837411,0,0.9781203377790634
3.6666920604365427,0,0.9781203377790634
4.099810996524072,0,0.9781203377790634
4.557026932309121,0,0.9781203377790634
5.0235717313896044,0,0.9781203377790634
5.507945849287826,0,0.9781203377790634
6.017580146815842,0,0.9781203377790634
6.53442539919865,0,0.9781203377790634
6.997674255155747,0,0.9781203377790634
7.350811770016424,0,0.9781203377790634
7.60327877417859,0,0.9781203377790634
7.777883251060215,0,0.9781203377790634
7.850467610633402,0,0.9781203377790634
7.809445198267765,1,0.9777190859867391
7.700262725045955,0,0.9777190859867391
7.568354961730931,0,0.9777190859867391
7.4047595239373445,0,0.9777190859867391
7.169386274137183,0,0.9777190859867391
6.827536058594755,0,0.9777190859867391
6.381119792830006,0,0.9777190859867391
5.883525502197521,0,0.9777190859867391
5.391828549656451,0,0.9777190859867391
4.939325935858195,0,0.9777190859867391
4.528529870058892,0,0.9777190859867391
4.104738132226132,0,0.9777190859867391
3.5802519467696325,0,0.9777190859867391
2.9214777805863323,0,0.9777190859867391
2.1664973737236926,0,0.9777190859867391
1.3106861640047427,0,0.9777190859867391
0.2830267795062716,0,0.9777190859867391
-0.9608122203108459,0,0.9777190859867391
-2.4146586594689294,0,0.9777190859867391
-4.041851125238859,0,0.9777190859867391
-5.7921603691473145,0,0.9777190859867391
-7.611544784374763,0,0.9777190859867391
-9.453238780572223,0,0.9777190859867391
-11.273999675930844,0,0.9777190859867391
-13.02272665540557,0,0.9777190859867391
-14.62200510454375,0,0.9777190859867391
-15.93834586120031,0,0.9777190859867391
-16.852091521828267,0,0.9777190859867391
-17.32045316194428,0,0.9777190859867391
-17.324610628376547,0,0.9777190859867391
-16.856870253436,0,0.9777190859867391
-15.936948696893477,0,0.9777190859867391
-14.588505897814706,0,0.9777190859867391
-12.875601304619792,0,0.9777190859867391
-10.920157299931764,0,0.9777190859867391
-8.816065501940802,0,0.9777190859867391
-6.622752671536665,0,0.9777190859867391
-4.433683141468484,0,0.9777190859867391
-2.353945814506228,0,0.9777190859867391
-0.4376583351463764,0,0.9777190859867391
1.2838203376182498,0,0.9777190859867391
2.740089594088752,0,0.9777190859867391
3.8553898467692496,0,0.9777190859867391
4.634245133884055,0,0.9777190859867391
5.166735481144096,0,0.9777190859867391
5.518392250759458,0,0.9777190859867391
5.673792094438238,0,0.9777190859867391
5.610188753445235,0,0.9777190859867391
5.377922285655706,0,0.9777190859867391
5.0677787815381015,0,0.9777190859867391
4.699478942516628,0,0.9777190859867391
4.277089127437359,0,0.9777190859867391
3.872152691252778,0,0.9777190859867391
3.541235742844768,0,0.9777190859867391
3.308601522381547,0,0.9777190859867391
3.1939591547518353,0,0.9777190859867391
3.190549500168411,0,0.9777190859867391
3.285933263637072,0,0.9777190859867391
3.4766265216097,0,0.9777190859867391
3.738976609344287,0,0.9777190859867391
4.056388080290313,0,0.9777190859867391
4.449207853299565,0,0.9777190859867391
4.911710568905277,0,0.9777190859867391
5.400482011336631,0,0.9777190859867391
5.8907329611918735,0,0.9777190859867391
6.368239763058728,0,0.9777190859867391
6.795365192215947,0,0.9777190859867391
7.13628376075989,0,0.9777190859867391
7.394510106805718,0,0.9777190859867391
7.573728182906665,0,0.9777190859867391
7.661592682852847,0,0.9777190859867391
7.678261258906461,0,0.9777190859867391
7.657238931815613,1,0.9773107630185272
7.5961821752007985,0,0.9773107630185272
7.485413648472943,0,0.9773107630185272
7.340837965345774,0,0.9773107630185272
7.163617965782019,0,0.9773107630185272
6.929702827711076,0,0.9773107630185272
6.64905202396045,0,0.9773107630185272
6.370319904527091,0,0.9773107630185272
6.110115935317689,0,0.9773107630185272
5.838021715440223,0,0.9773107630185272
5.539993612288428,0,0.9773107630185272
5.219616924656318,0,0.9773107630185272
4.861881146075985,0,0.9773107630185272
4.45600646579105,0,0.9773107630185272
4.007998471883773,0,0.9773107630185272
3.521920549995728,0,0.9773107630185272
3.0013303802292044,0,0.9773107630185272
2.4658790826162837,0,0.9773107630185272
1.959981400290221,0,0.9773107630185272
1.5315558896959294,0,0.9773107630185272
1.1658344904042386,0,0.9773107630185272
0.7985822117799922,0,0.9773107630185272
0.4087239229549405,0,0.9773107630185272
-0.024445334467022108,0,0.9773107630185272
-0.5547080176685311,0,0.9773107630185272
-1.2090712368693686,0,0.9773107630185272
-2.0242718141879354,0,0.9773107630185272
-3.031590034343456,0,0.9773107630185272
-4.21018770185128,0,0.9773107630185272
-5.524955247464709,0,0.9773107630185272
-6.931999475093616,0,0.9773107630185272
-8.409854428499699,0,0.9773107630185272
-9.973411815860603,0,0.9773107630185272
-11.617027383282903,0,0.9773107630185272
-13.290398392419444,0,0.9773107630185272
-14.91234441081614,0,0.9773107630185272
-16.390520828483776,0,0.9773107630185272
-17.612901041707314,0,0.9773107630185272
-18.460789835460695,0,0.9773107630185272
-18.873753912438463,0,0.9773107630185272
-18.845171376507626,0,0.9773107630185272
-18.368167583238254,0,0.9773107630185272
-17.44341345670258,0,0.9773107630185272
-16.104962780307194,0,0.9773107630185272
-14.406675984445757,0,0.9773107630185272
-12.410618231601752,0,0.9773107630185272
-10.201379824659567,0,0.9773107630185272
-7.903535354957798,0,0.9773107630185272
-5.645511373579156,0,0.9773107630185272
-3.480902256566246,0,0.9773107630185272
-1.444945945049804,0,0.9773107630185272
0.3610878488006734,0,0.9773107630185272
1.8591911821550995,0,0.9773107630185272
3.05380082186203,0,0.9773107630185272
3.9721881715042153,0,0.9773107630185272
4.632819007689576,0,0.9773107630185272
5.037672407144999,0,0.9773107630185272
5.180614762000663,0,0.9773107630185272
5.092896912036978,0,0.9773107630185272
4.832968703618801,0,0.9773107630185272
4.464675131319107,0,0.9773107630185272
4.070248108584033,0,0.9773107630185272
3.7225896805748997,0,0.9773107630185272
3.4521404615441225,0,0.9773107630185272
3.253263783565507,0,0.9773107630185272
3.121094788648306,0,0.9773107630185272
3.0706545297001826,0,0.9773107630185272
3.1110773789760473,0,0.9773107630185272
3.2170175517531034,0,0.9773107630185272
3.3683374592548496,0,0.9773107630185272
3.5873661712365896,0,0.9773107630185272
3.8761789541582954,0,0.9773107630185272
4.2115553092294995,0,0.9773107630185272
4.586448966848832,0,0.9773107630185272
4.979129857241715,0,0.9773107630185272
5.371757267071819,0,0.9773107630185272
5.766464909951823,0,0.9773107630185272
6.14027972717323,0,0.9773107630185272
6.464077218943704,0,0.9773107630185272
6.732821923598358,0,0.9773107630185272
6.949820374258821,0,0.9773107630185272
7.110013180678379,0,0.9773107630185272
7.209336745504153,0,0.9773107630185272
7.26221101771717,0,0.9773107630185272
7.266429826163695,0,0.9773107630185272
7.19874479913899,1,0.9772600696342986
7.077034545009942,0,0.9772600696342986
6.9304381786619516,0,0.9772600696342986
6.738280186257294,0,0.9772600696342986
6.492350685804949,0,0.9772600696342986
6.228072591282142,0,0.9772600696342986
5.959202762611884,0,0.9772600696342986
5.675405734203446,0,0.9772600696342986
5.368112731892593,0,0.9772600696342986
5.037685242350284,0,0.9772600696342986
4.704039775711668,0,0.9772600696342986
4.377746569543147,0,0.9772600696342986
4.056698198792522,0,0.9772600696342986
3.7396038271274725,0,0.9772600696342986
3.3841988234003804,0,0.9772600696342986
2.9160928068237433,0,0.9772600696342986
2.3124769855293392,0,0.9772600696342986
1.6142713254745957,0,0.9772600696342986
0.8489056980147004,0,0.9772600696342986
0.007094487711410344,0,0.9772600696342986
-0.9221976979534048,0,0.9772600696342986
-1.9519840371090997,0,0.9772600696342986
-3.1039400743058825,0,0.9772600696342986
-4.399555792131865,0,0.9772600696342986
-5.8574197771702385,0,0.9772600696342986
-7.488887403314919,0,0.9772600696342986
-9.274251840511157,0,0.9772600696342986
-11.12492875108698,0,0.9772600696342986
-12.912416948064802,0,0.9772600696342986
-14.53013704385437,0,0.9772600696342986
-15.881966345707951,0,0.9772600696342986
-16.879271587647555,0,0.9772600696342986
-17.466832454488273,0,0.9772600696342986
-17.60203460333304,0,0.9772600696342986
-17.24732281229903,0,0.9772600696342986
-16.412817871103815,0,0.9772600696342986
-15.1783679046011,0,0.9772600696342986
-13.641924410308105,0,0.9772600696342986
-11.863076760132971,0,0.9772600696342986
-9.886841341564068,0,0.9772600696342986
-7.774826388840183,0,0.9772600696342986
-5.631363594226736,0,0.9772600696342986
-3.5951353661274075,0,0.9772600696342986
-1.7537971604780356,0,0.9772600696342986
-0.12919221020665772,0,0.9772600696342986
1.2834118813283346,0,0.9772600696342986
2.4917394374150446,0,0.9772600696342986
3.482852647287056,0,0.9772600696342986
4.240644982619802,0,0.9772600696342986
4.768009042140189,0,0.9772600696342986
5.082977779341812,0,0.9772600696342986
5.199836029668366,0,0.9772600696342986
5.136710997803284,0,0.9772600696342986
4.954421594082366,0,0.9772600696342986
4.721813870326311,0,0.9772600696342986
4.470496218005677,0,0.9772600696342986
4.232666634099625,0,0.9772600696342986
4.041377863759868,0,0.9772600696342986
3.8916216739922507,0,0.9772600696342986
3.768841931006284,0,0.9772600696342986
3.684170488620794,0,0.9772600696342986
3.6742962206578618,0,0.9772600696342986
3.7863945278164373,0,0.9772600696342986
4.040510648952597,0,0.9772600696342986
4.413093085463753,0,0.9772600696342986
4.8637340469160675,0,0.9772600696342986
5.354134175318822,0,0.9772600696342986
5.836200542308331,0,0.9772600696342986
6.258542733862043,0,0.9772600696342986
6.598548877316429,0,0.9772600696342986
6.865532729064192,0,0.9772600696342986
7.064238839353736,0,0.9772600696342986
7.204148301705437,0,0.9772600696342986
7.321867526816374,0,0.9772600696342986
7.418527200420609,0,0.9772600696342986
7.454359331822265,0,0.9772600696342986
7.4149107752943815,1,0.977152891192076
7.312254925058821,0,0.977152891192076
7.182905308069026,0,0.977152891192076
7.064796572174018,0,0.977152891192076
6.919197670267436,0,0.977152891192076
6.675433421096241,0,0.977152891192076
6.3548659929513365,0,0.977152891192076
6.047290934384805,0,0.977152891192076
5.781391415577,0,0.977152891192076
5.5045198593599665,0,0.977152891192076
5.176893605851317,0,0.977152891192076
4.763281205759131,0,0.977152891192076
4.202611352903055,0,0.977152891192076
3.4977952931639096,0,0.977152891192076
2.710240210822237,0,0.977152891192076
1.8611484549499566,0,0.977152891192076
0.9072832451797271,0,0.977152891192076
-0.227437613661071,0,0.977152891192076
-1.5766774360387594,0,0.977152891192076
-3.110226651119018,0,0.977152891192076
-4.780639929904148,0,0.977152891192076
-6.555775062667843,0,0.977152891192076
-8.415993134038438,0,0.977152891192076
-10.29322850220966,0,0.977152891192076
-12.079380311039007,0,0.977152891192076
-13.69778438786836,0,0.977152891192076
-15.10571541786512,0,0.977152891192076
-16.249324514545624,0,0.977152891192076
-17.040255238330513,0,0.977152891192076
-17.404214592590677,0,0.977152891192076
-17.3087825758425,0,0.977152891192076
-16.761890822380405,0,0.977152891192076
-15.802941363135144,0,0.977152891192076
-14.459344320829818,0,0.977152891192076
-12.784912263093483,0,0.977152891192076
-10.87141536343169,0,0.977152891192076
-8.796253340744903,0,0.977152891192076
-6.639093817972134,0,0.977152891192076
-4.476838732317594,0,0.977152891192076
-2.381411607735973,0,0.977152891192076
-0.42903636767271,0,0.977152891192076
1.315220297762152,0,0.977152891192076
2.7789939838294435,0,0.977152891192076
3.9240932862692635,0,0.977152891192076
4.765392815716187,0,0.977152891192076
5.301827420692037,0,0.977152891192076
5.539632985218276,0,0.977152891192076
5.5340261190515285,0,0.977152891192076
5.359403687700503,0,0.977152891192076
5.078973910252529,0,0.977152891192076
4.73825369527586,0,0.977152891192076
4.380776310310996,0,0.977152891192076
4.0509480188283,0,0.977152891192076
3.778854423410038,0,0.977152891192076
3.5850193276521267,0,0.977152891192076
3.4820115028888745,0,0.977152891192076
3.4568947138791657,0,0.977152891192076
3.4926958761313758,0,0.977152891192076
3.588447928052208,0,0.977152891192076
3.7345738473157235,0,0.977152891192076
3.929805521883179,0,0.977152891192076
4.198944281034629,0,0.977152891192076
4.536966052631249,0,0.977152891192076
4.904582765304463,0,0.977152891192076
5.278562899034107,0,0.977152891192076
5.642410562191567,0,0.977152891192076
5.973744946736334,0,0.977152891192076
6.258512514976787,0,0.977152891192076
6.504203080702273,0,0.977152891192076
6.728487806130226,0,0.977152891192076
6.913722254075826,0,0.977152891192076
7.039825890474702,0,0.977152891192076
7.1378227826268175,0,0.977152891192076
7.221053598412126,0,0.977152891192076
7.252030834268357,0,0.977152891192076
7.211360573865116,1,0.9769500532441683
7.123898412992401,0,0.9769500532441683
7.013531185902408,0,0.9769500532441683
6.864268056159782,0,0.9769500532441683
6.6376460093109735,0,0.9769500532441683
6.318710379070382,0,0.9769500532441683
5.9556943398151585,0,0.9769500532441683
5.609364998338482,0,0.9769500532441683
5.269854156222909,0,0.9769500532441683
4.906163665269876,0,0.9769500532441683
4.529300102537162,0,0.9769500532441683
4.144422049392333,0,0.9769500532441683
3.7252733477812714,0,0.9769500532441683
3.2802243983695876,0,0.9769500532441683
2.86828664241851,0,0.9769500532441683
2.518357111291169,0,0.9769500532441683
2.2032149583031857,0,0.9769500532441683
1.897740841506152,0,0.9769500532441683
1.5829684928345145,0,0.9769500532441683
1.214749671708489,0,0.9769500532441683
0.735431286478944,0,0.9769500532441683
0.08850972948820077,0,0.9769500532441683
-0.7479015792677448,0,0.9769500532441683
-1.7443744638906764,0,0.9769500532441683
-2.889915212211655,0,0.9769500532441683
-4.209799747701281,0,0.9769500532441683
-5.69240647838349,0,0.9769500532441683
-7.325537802958021,0,0.9769500532441683
-9.122922575129747,0,0.9769500532441683
-11.024941010978537,0,0.9769500532441683
-12.913250653620654,0,0.9769500532441683
-14.68478846375082,0,0.9769500532441683
-16.239466148883015,0,0.9769500532441683
-17.477584160334438,0,0.9769500532441683
-18.33188039091167,0,0.9769500532441683
-18.75055574568466,0,0.9769500532441683
-18.67854021528682,0,0.9769500532441683
-18.120048474188586,0,0.9769500532441683
-17.1403085372675,0,0.9769500532441683
-15.784512959245706,0,0.9769500532441683
-14.0703832386027,0,0.9769500532441683
-12.047644569456411,0,0.9769500532441683
-9.83013837334483,0,0.9769500532441683
-7.580110941083363,0,0.9769500532441683
-5.4497660310432074,0,0.9769500532441683
-3.5000117423883967,0,0.9769500532441683
-1.7351783808199621,0,0.9769500532441683
-0.18676397931362718,0,0.9769500532441683
1.125484946125194,0,0.9769500532441683
2.2059640059537022,0,0.9769500532441683
3.0448801124359446,0,0.9769500532441683
3.6467155038631627,0,0.9769500532441683
4.044396459441833,0,0.9769500532441683
4.2686647166720375,0,0.9769500532441683
4.35155888574342,0,0.9769500532441683
4.340033107787683,0,0.9769500532441683
4.273526938464757,0,0.9769500532441683
4.173241367349755,0,0.9769500532441683
4.054238999851493,0,0.9769500532441683
3.9489534112593465,0,0.9769500532441683
3.8981177097830235,0,0.9769500532441683
3.9118007550893137,0,0.9769500532441683
3.9832771812891923,0,0.9769500532441683
4.111249091775678,0,0.9769500532441683
4.283934951032003,0,0.9769500532441683
4.478609001024394,0,0.9769500532441683
4.695590439664157,0,0.9769500532441683
4.954518509973197,0,0.9769500532441683
5.242815783808871,0,0.9769500532441683
5.527396340584635,0,0.9769500532441683
5.818511460993783,0,0.9769500532441683
6.144111737496362,0,0.9769500532441683
6.494282889724861,0,0.9769500532441683
6.845656572333806,0,0.9769500532441683
7.169629692189432,0,0.9769500532441683
7.413837035751474,0,0.9769500532441683
7.524885203574208,0,0.9769500532441683
7.494806039625797,1,0.9770603799986602
7.361351302246916,0,0.9770603799986602
7.161322946126034,0,0.9770603799986602
6.928011394956615,0,0.9770603799986602
6.6875168336174164,0,0.9770603799986602
6.42570268767816,0,0.9770603799986602
6.122223768902042,0,0.9770603799986602
5.788862342133347,0,0.9770603799986602
5.44315128503708,0,0.9770603799986602
5.11804007624078,0,0.9770603799986602
4.853010426087469,0,0.9770603799986602
4.626031076876694,0,0.9770603799986602
4.3934866989335015,0,0.9770603799986602
4.151010673330376,0,0.9770603799986602
3.8991638707736516,0,0.9770603799986602
3.640593954682429,0,0.9770603799986602
3.366416712872099,0,0.9770603799986602
3.01026126332353,0,0.9770603799986602
2.5018976298834223,0,0.9770603799986602
1.8391392831212259,0,0.9770603799986602
1.0521044252650675,0,0.9770603799986602
0.12429022793227196,0,0.9770603799986602
-0.9891488664622218,0,0.9770603799986602
-2.2660073936684424,0,0.9770603799986602
-3.64274030380533,0,0.9770603799986602
-5.102299801260252,0,0.9770603799986602
-6.659814700353817,0,0.9770603799986602
-8.320236929737955,0,0.9770603799986602
-10.043703888420566,0,0.9770603799986602
-11.73823371325138,0,0.9770603799986602
-13.310416965199229,0,0.9770603799986602
-14.687961722801663,0,0.9770603799986602
-15.790048913971866,0,0.9770603799986602
-16.55543853953721,0,0.9770603799986602
-16.958055991232925,0,0.9770603799986602
-16.927297093862837,0,0.9770603799986602
-16.38574544103432,0,0.9770603799986602
-15.351180775772917,0,0.9770603799986602
-13.910183081957458,0,0.9770603799986602
-12.149077933878633,0,0.9770603799986602
-10.143343574509142,0,0.9770603799986602
-8.00146305284253,0,0.9770603799986602
-5.862122890403339,0,0.9770603799986602
-3.839404735755062,0,0.9770603799986602
-1.993811798937864,0,0.9770603799986602
-0.34310597327919096,0,0.9770603799986602
1.0974481197727917,0,0.9770603799986602
2.309986953564239,0,0.9770603799986602
3.29477630372685,0,0.9770603799986602
4.043374114244316,0,0.9770603799986602
4.530770076382266,0,0.9770603799986602
4.762507371718372,0,0.9770603799986602
4.777786118888443,0,0.9770603799986602
4.62211748289307,0,0.9770603799986602
4.3476696736994205,0,0.9770603799986602
4.008814591403696,0,0.9770603799986602
3.66403857797715,0,0.9770603799986602
3.375113123070114,0,0.9770603799986602
3.191457232324347,0,0.9770603799986602
3.140374593583437,0,0.9770603799986602
3.2079920742483132,0,0.9770603799986602
3.3561516725066194,0,0.9770603799986602
3.55600747020742,0,0.9770603799986602
3.7803949337569667,0,0.9770603799986602
4.019065155644444,0,0.9770603799986602
4.304221771770726,0,0.9770603799986602
4.659093979482796,0,0.9770603799986602
5.04464147222771,0,0.9770603799986602
5.425718930424518,0,0.9770603799986602
5.823391757878903,0,0.9770603799986602
6.2438984560963435,0,0.9770603799986602
6.646023236808346,0,0.9770603799986602
6.992729090221408,0,0.9770603799986602
7.264694309827791,0,0.9770603799986602
7.4356004221735965,0,0.9770603799986602
7.504640567691352,0,0.9770603799986602
7.519887473349278,0,0.9770603799986602
7.514711752740797,1,0.977631858377092
7.471600523586799,0,0.977631858377092
7.349364307642218,0,0.977631858377092
7.145417127394079,0,0.977631858377092
6.912658016269217,0,0.977631858377092
6.670696814499045,0,0.977631858377092
6.3981069170535765,0,0.977631858377092
6.111315671006457,0,0.977631858377092
5.832459338010741,0,0.977631858377092
5.5302522906868985,0,0.977631858377092
5.170023850490081,0,0.977631858377092
4.763980323707288,0,0.977631858377092
4.3404282934642655,0,0.977631858377092
3.910279377374153,0,0.977631858377092
3.469262776158451,0,0.977631858377092
3.0105905124568975,0,0.977631858377092
2.5092325213864095,0,0.977631858377092
1.9164842858656104,0,0.977631858377092
1.1984463307260749,0,0.977631858377092
0.3108491333722219,0,0.977631858377092
-0.809146863479889,0,0.977631858377092
-2.1639505728484876,0,0.977631858377092
-3.717154669890686,0,0.977631858377092
-5.459462843694307,0,0.977631858377092
-7.365307780716501,0,0.977631858377092
-9.334780745345885,0,0.977631858377092
-11.234280960209016,0,0.977631858377092
-12.976922708204452,0,0.977631858377092
-14.51366479986107,0,0.977631858377092
-15.800620596813811,0,0.977631858377092
-16.790102834509877,0,0.977631858377092
-17.40711807287633,0,0.977631858377092
-17.580214292054617,0,0.977631858377092
-17.281618171358133,0,0.977631858377092
-16.523215754771588,0,0.977631858377092
-15.343601616597445,0,0.977631858377092
-13.80285947067996,0,0.977631858377092
-11.994399618229862,0,0.977631858377092
-10.031421649571886,0,0.977631858377092
-7.997266054410341,0,0.977631858377092
-5.931991737658431,0,0.977631858377092
-3.8795546824674174,0,0.977631858377092
-1.9055203233017106,0,0.977631858377092
-0.06917257735267991,0,0.977631858377092
1.5704540531035331,0,0.977631858377092
2.940277380834472,0,0.977631858377092
4.006195089542809,0,0.977631858377092
4.800033689580634,0,0.977631858377092
5.344449459641823,0,0.977631858377092
5.633935600007109,0,0.977631858377092
5.709363252254573,0,0.977631858377092
5.6582406923052675,0,0.977631858377092
5.51051616869739,0,0.977631858377092
5.219724164854394,0,0.977631858377092
4.795251425425647,0,0.977631858377092
4.341526576119831,0,0.977631858377092
3.9358846986000846,0,0.977631858377092
3.586948309032554,0,0.977631858377092
3.3061049618977334,0,0.977631858377092
3.121836066465305,0,0.977631858377092
3.0696495623227156,0,0.977631858377092
3.180408023056073,0,0.977631858377092
3.419834546076194,0,0.977631858377092
3.730834730215366,0,0.977631858377092
4.100016552113326,0,0.977631858377092
4.5170576848726895,0,0.977631858377092
4.9765814179772105,0,0.977631858377092
5.480598853995905,0,0.977631858377092
6.0111138706373755,0,0.977631858377092
6.526809763301141,0,0.977631858377092
6.959399008783899,0,0.977631858377092
7.276803221673124,0,0.977631858377092
7.520945724743454,0,0.977631858377092
7.708548121783072,0,0.977631858377092
7.803262738044809,0,0.977631858377092
7.810149498358481,0,0.977631858377092
7.763487053540252,1,0.977572282706313
7.652451242722062,0,0.977572282706313
7.4390396281007405,0,0.977572282706313
7.138530458562061,0,0.977572282706313
6.821296539236606,0,0.977572282706313
6.515593847310293,0,0.977572282706313
6.201435170779897,0,0.977572282706313
5.866818694072893,0,0.977572282706313
5.523466923199906,0,0.977572282706313
5.1839136539174175,0,0.977572282706313
4.820795576480649,0,0.977572282706313
4.411326710969297,0,0.977572282706313
3.974968814060915,0,0.977572282706313
3.5157864787809467,0,0.977572282706313
3.0307230683876023,0,0.977572282706313
2.554880083898614,0,0.977572282706313
2.1060932205758545,0,0.977572282706313
1.6488907800897887,0,0.977572282706313
1.1422917188813906,0,0.977572282706313
0.5440288775145999,0,0.977572282706313
-0.1985700844828998,0,0.977572282706313
-1.122615096710975,0,0.977572282706313
-2.2455398317562443,0,0.977572282706313
-3.533744269925741,0,0.977572282706313
-4.919558189610192,0,0.977572282706313
-6.404231547129914,0,0.977572282706313
-8.017522162399151,0,0.977572282706313
-9.715028660057826,0,0.977572282706313
-11.437431218012929,0,0.977572282706313
-13.154173783704334,0,0.977572282706313
-14.792832571000083,0,0.977572282706313
-16.23883442745897,0,0.977572282706313
-17.38977449087192,0,0.977572282706313
-18.163883174771502,0,0.977572282706313
-18.50035570164665,0,0.977572282706313
-18.357630536708495,0,0.977572282706313
-17.744494714139783,0,0.977572282706313
-16.73222895434016,0,0.977572282706313
-15.378979167859436,0,0.977572282706313
-13.712493070313242,0,0.977572282706313
-11.782096071761067,0,0.977572282706313
-9.67046737702114,0,0.977572282706313
-7.472578595429613,0,0.977572282706313
-5.262922468625276,0,0.977572282706313
-3.1132149188970484,0,0.977572282706313
-1.1354913764556203,0,0.977572282706313
0.5754470089963408,0,0.977572282706313
2.0013944515037383,0,0.977572282706313
3.158524164840012,0,0.977572282706313
4.053436750905444,0,0.977572282706313
4.694197011699298,0,0.977572282706313
5.107811600282167,0,0.977572282706313
5.3113322475629365,0,0.977572282706313
5.318449365883013,0,0.977572282706313
5.176040040045268,0,0.977572282706313
4.939042887166061,0,0.977572282706313
4.677226958305581,0,0.977572282706313
4.449077806784916,0,0.977572282706313
4.242307398196868,0,0.977572282706313
4.066399955603186,0,0.977572282706313
3.976294584044354,0,0.977572282706313
3.9736721426421173,0,0.977572282706313
4.043003103072973,0,0.977572282706313
4.1850056324761615,0,0.977572282706313
4.370559745700471,0,0.977572282706313
4.569225670222816,0,0.977572282706313
4.793487519953006,0,0.977572282706313
5.056519798617863,0,0.977572282706313
5.33103466931557,0,0.977572282706313
5.587191700656116,0,0.977572282706313
5.840650714361927,0,0.977572282706313
6.116896197548048,0,0.977572282706313
6.368949085011282,0,0.977572282706313
6.5257421580876525,0,0.977572282706313
6.592658559692471,0,0.977572282706313
6.638160854871214,0,0.977572282706313
6.717885382371499,0,0.977572282706313
6.803102671233479,0,0.977572282706313
6.831833149565167,0,0.977572282706313
6.803872989705132,1,0.977602950426527
6.729706129154113,0,0.977602950426527
6.578779988373483,0,0.977602950426527
6.348406576574095,0,0.977602950426527
6.08307243667379,0,0.977602950426527
5.8055603080979115,0,0.977602950426527
5.500789117173274,0,0.977602950426527
5.159223291105013,0,0.977602950426527
4.799595477667474,0,0.977602950426527
4.451588409495597,0,0.977602950426527
4.131327169772679,0,0.977602950426527
3.8332249630529374,0,0.977602950426527
3.5376367643981133,0,0.977602950426527
3.2300430851624604,0,0.977602950426527
2.9199481926669746,0,0.977602950426527
2.654862073349373,0,0.977602950426527
2.4810793501017487,0,0.977602950426527
2.369182393011487,0,0.977602950426527
2.266488931964665,0,0.977602950426527
2.161319760636796,0,0.977602950426527
2.0419280331604606,0,0.977602950426527
1.9085806913678003,0,0.977602950426527
1.76049303146198,0,0.977602950426527
1.561935449699257,0,0.977602950426527
1.2963141487963579,0,0.977602950426527
0.9576427731437425,0,0.977602950426527
0.5213301860683137,0,0.977602950426527
-0.026418142680914844,0,0.977602950426527
-0.6960816385294936,0,0.977602950426527
-1.4952285327218746,0,0.977602950426527
-2.4247058856328225,0,0.977602950426527
-3.5088869293771947,0,0.977602950426527
-4.776553611654395,0,0.977602950426527
-6.230144099376839,0,0.977602950426527
-7.851493772621227,0,0.977602950426527
-9.588247517359688,0,0.977602950426527
-11.366380221301084,0,0.977602950426527
-13.105323789693093,0,0.977602950426527
-14.710515133718644,0,0.977602950426527
-16.09510803183207,0,0.977602950426527
-17.178231918417186,0,0.977602950426527
-17.89788454299036,0,0.977602950426527
-18.204915241869575,0,0.977602950426527
-18.025061023851414,0,0.977602950426527
-17.32546182029901,0,0.977602950426527
-16.177331438146943,0,0.977602950426527
-14.695419858206455,0,0.977602950426527
-12.958163165773115,0,0.977602950426527
-11.025732381792999,0,0.977602950426527
-8.996265722904685,0,0.977602950426527
-6.97742949872216,0,0.977602950426527
-5.01183089135152,0,0.977602950426527
-3.1119259186919748,0,0.977602950426527
-1.360834460268302,0,0.977602950426527
0.1464403015054643,0,0.977602950426527
1.4072398782537952,0,0.977602950426527
2.4530648352705473,0,0.977602950426527
3.261258735040105,0,0.977602950426527
3.786412845924643,0,0.977602950426527
4.032582810730179,0,0.977602950426527
4.04941318248119,0,0.977602950426527
3.900843707169718,0,0.977602950426527
3.6620337310109603,0,0.977602950426527
3.3982435033401335,0,0.977602950426527
3.1402328342000514,0,0.977602950426527
2.9003412121766523,0,0.977602950426527
2.7068123170038083,0,0.977602950426527
2.5692758049455944,0,0.977602950426527
2.4512609949758297,0,0.977602950426527
2.3731275185582885,0,0.977602950426527
2.4168682244006154,0,0.977602950426527
2.6022849524441587,0,0.977602950426527
2.8951324975286883,0,0.977602950426527
3.2808061662505357,0,0.977602950426527
3.7470836031292776,0,0.977602950426527
4.25524441246885,0,0.977602950426527
4.782343400121287,0,0.977602950426527
5.3217454803071895,0,0.977602950426527
5.834821129386467,0,0.977602950426527
6.283626319804879,0,0.977602950426527
6.677575312288803,0,0.977602950426527
7.043609245636996,0,0.977602950426527
7.383966608551083,0,0.977602950426527
7.684200653323648,0,0.977602950426527
7.924726539589796,0,0.977602950426527
8.0988655369143,0,0.977602950426527
8.219996413492785,0,0.977602950426527
8.283112936105352,0,0.977602950426527
8.290116041113523,0,0.977602950426527
8.257502771884326,1,0.9774882604838483
8.155957195274471,0,0.9774882604838483
7.944618778749424,0,0.9774882604838483
7.630645634573237,0,0.9774882604838483
7.241495460276652,0,0.9774882604838483
6.796605693995538,0,0.9774882604838483
6.321340621597228,0,0.9774882604838483
5.855116101731653,0,0.9774882604838483
5.4396605908295275,0,0.9774882604838483
5.096235736446469,0,0.9774882604838483
4.806086706389698,0,0.9774882604838483
4.527788379973872,0,0.9774882604838483
4.240310675000828,0,0.9774882604838483
3.947997102433502,0,0.9774882604838483
3.6358040338721334,0,0.9774882604838483
3.2543646457546833,0,0.9774882604838483
2.7920439562166695,0,0.9774882604838483
2.3187454328387362,0,0.9774882604838483
1.9167843625597338,0,0.9774882604838483
1.6171838950198192,0,0.9774882604838483
1.4064120591717053,0,0.9774882604838483
1.2539185849415597,0,0.9774882604838483
1.1160203552890364,0,0.9774882604838483
0.9300246676821677,0,0.9774882604838483
0.6382655867446333,0,0.9774882604838483
0.21338306576232835,0,0.9774882604838483
-0.33364328879654803,0,0.9774882604838483
-0.9708941941304124,0,0.9774882604838483
-1.7109936828967103,0,0.9774882604838483
-2.6315495293171067,0,0.9774882604838483
-3.7918017835805666,0,0.9774882604838483
-5.17301786012193,0,0.9774882604838483
-6.713189875426813,0,0.9774882604838483
-8.378370236457744,0,0.9774882604838483
-10.175616420014379,0,0.9774882604838483
-12.06660505052782,0,0.9774882604838483
-13.928141735948149,0,0.9774882604838483
-15.634285100667922,0,0.9774882604838483
-17.09389842633772,0,0.9774882604838483
-18.225773791880265,0,0.9774882604838483
-18.978110965985437,0,0.9774882604838483
-19.309023469138932,0,0.9774882604838483
-19.151887182553303,0,0.9774882604838483
-18.460971380522132,0,0.9774882604838483
-17.261175422127668,0,0.9774882604838483
-15.646999811029422,0,0.9774882604838483
-13.728931943516105,0,0.9774882604838483
-11.583614731584854,0,0.9774882604838483
-9.281126545288007,0,0.9774882604838483
-6.940899606632736,0,0.9774882604838483
-4.704287992058305,0,0.9774882604838483
-2.6613396430163205,0,0.9774882604838483
-0.845586781797722,0,0.9774882604838483
0.7309584045163555,0,0.9774882604838483
2.053316385964818,0,0.9774882604838483
3.109617895310424,0,0.9774882604838483
3.9081886730699877,0,0.9774882604838483
4.4586980664814755,0,0.9774882604838483
4.76835166602412,0,0.9774882604838483
4.857605611952655,0,0.9774882604838483
4.7661677664018365,0,0.9774882604838483
4.547342345226058,0,0.9774882604838483
4.255865831106393,0,0.9774882604838483
3.9541438236624056,0,0.9774882604838483
3.680841712895411,0,0.9774882604838483
3.4416292039984393,0,0.9774882604838483
3.256534959379174,0,0.9774882604838483
3.1519854473590185,0,0.9774882604838483
3.1387320063864084,0,0.9774882604838483
3.237275724492946,0,0.9774882604838483
3.482937380131447,0,0.9774882604838483
3.8667637458524853,0,0.9774882604838483
4.337501536315394,0,0.9774882604838483
4.862540440193567,0,0.9774882604838483
5.4140597798564825,0,0.9774882604838483
5.957226652151179,0,0.9774882604838483
6.46135557622671,0,0.9774882604838483
6.889427920304951,0,0.9774882604838483
7.2254867762007375,0,0.9774882604838483
7.506071168974104,0,0.9774882604838483
7.766067511816504,0,0.9774882604838483
7.988283681941311,0,0.9774882604838483
8.145724136624212,0,0.9774882604838483
8.216494295156567,0,0.9774882604838483
8.181111440828367,1,0.9774660964919554
8.052696338618508,0,0.9774660964919554
7.861286637072541,0,0.9774660964919554
7.631845923274201,0,0.9774660964919554
7.385944178979687,0,0.9774660964919554
7.1219343120515815,0,0.9774660964919554
6.81668425716165,0,0.9774660964919554
6.486251871002802,0,0.9774660964919554
6.168060327565196,0,0.9774660964919554
5.854258752240123,0,0.9774660964919554
5.544265338231612,0,0.9774660964919554
5.255126299998949,0,0.9774660964919554
4.972103036122863,0,0.9774660964919554
4.680152885457226,0,0.9774660964919554
4.35445087194611,0,0.9774660964919554
3.967564373915671,0,0.9774660964919554
3.543709029171158,0,0.9774660964919554
3.1135540301828115,0,0.9774660964919554
2.6691586349887193,0,0.9774660964919554
2.1744417930144744,0,0.9774660964919554
1.5821743872734488,0,0.9774660964919554
0.8498546647127643,0,0.9774660964919554
-0.03390937571466596,0,0.9774660964919554
-1.0379129316184126,0,0.9774660964919554
-2.1552555831056033,0,0.9774660964919554
-3.4105452200004014,0,0.9774660964919554
-4.807217130675743,0,0.9774660964919554
-6.366905523321605,0,0.9774660964919554
-8.110974557249028,0,0.9774660964919554
-9.963673960582897,0,0.9774660964919554
-11.799452866233137,0,0.9774660964919554
-13.542208297411946,0,0.9774660964919554
-15.129445306339958,0,0.9774660964919554
-16.479257868109606,0,0.9774660964919554
-17.522886977728415,0,0.9774660964919554
-18.193593411693126,0,0.9774660964919554
-18.41655165964512,0,0.9774660964919554
-18.144530222361826,0,0.9774660964919554
-17.380309566559156,0,0.9774660964919554
-16.149264051098026,0,0.9774660964919554
-14.493557893101494,0,0.9774660964919554
-12.500732235126351,0,0.9774660964919554
-10.300863775472793,0,0.9774660964919554
-8.04817238029718,0,0.9774660964919554
-5.864208002685667,0,0.9774660964919554
-3.789012702196416,0,0.9774660964919554
-1.8300539964028977,0,0.9774660964919554
-0.03417465924341542,0,0.9774660964919554
1.5185323211770436,0,0.9774660964919554
2.780676116360814,0,0.9774660964919554
3.753690484388154,0,0.9774660964919554
4.454957956130638,0,0.9774660964919554
4.9048449981203746,0,0.9774660964919554
5.139667907327,0,0.9774660964919554
5.203378677277934,0,0.9774660964919554
5.110590062267085,0,0.9774660964919554
4.889615817522205,0,0.9774660964919554
4.605494856988586,0,0.9774660964919554
4.297421011376236,0,0.9774660964919554
4.002875222738137,0,0.9774660964919554
3.7818244851388956,0,0.9774660964919554
3.6515738412155185,0,0.9774660964919554
3.5933194623667672,0,0.9774660964919554
3.6141486873335613,0,0.9774660964919554
3.7229740558121143,0,0.9774660964919554
3.8997561059104497,0,0.9774660964919554
4.133756572346977,0,0.9774660964919554
4.439459622294525,0,0.9774660964919554
4.823345539109662,0,0.9774660964919554
5.252968380446268,0,0.9774660964919554
5.681287723089363,0,0.9774660964919554
6.0697097681814896,0,0.9774660964919554
6.36472760596068,0,0.9774660964919554
6.561715521068614,0,0.9774660964919554
6.7348716322839195,0,0.9774660964919554
6.908549126752541,0,0.9774660964919554
7.055437457006524,0,0.9774660964919554
7.1856394739947635,0,0.9774660964919554
7.306952345912202,0,0.9774660964919554
7.382693712058789,0,0.9774660964919554
7.382981878400353,0,0.9774660964919554
7.34058273785606,1,0.9776341319949532
7.28214046942431,0,0.9776341319949532
7.160151922787011,0,0.9776341319949532
6.92079704603209,0,0.9776341319949532
6.554167233015808,0,0.9776341319949532
6.105177151359971,0,0.9776341319949532
5.648317913564442,0,0.9776341319949532
5.184641703942274,0,0.9776341319949532
4.642095343670826,0,0.9776341319949532
3.975819131437988,0,0.9776341319949532
3.1535320930048907,0,0.9776341319949532
2.129232088931201,0,0.9776341319949532
0.9167685951272458,0,0.9776341319949532
-0.4310359931589517,0,0.9776341319949532
-1.9134992476211488,0,0.9776341319949532
-3.5556430596305955,0,0.9776341319949532
-5.3474096912473135,0,0.9776341319949532
-7.238148007962531,0,0.9776341319949532
-9.150255097131536,0,0.9776341319949532
-11.022968983391555,0,0.9776341319949532
-12.806623650632165,0,0.9776341319949532
-14.397205154414449,0,0.9776341319949532
-15.681191423686158,0,0.9776341319949532
-16.593313362624052,0,0.9776341319949532
-17.077743411965542,0,0.9776341319949532
-17.091987729634283,0,0.9776341319949532
-16.635986594662164,0,0.9776341319949532
-15.719000792059516,0,0.9776341319949532
-14.346618941131279,0,0.9776341319949532
-12.581684713745895,0,0.9776341319949532
-10.553452351667906,0,0.9776341319949532
-8.384277911553028,0,0.9776341319949532
-6.17192121259663,0,0.9776341319949532
-4.012730298246137,0,0.9776341319949532
-1.9829390751743643,0,0.9776341319949532
-0.1162650131500849,0,0.9776341319949532
1.5763662014492117,0,0.9776341319949532
3.04191891212774,0,0.9776341319949532
4.185645679102927,0,0.9776341319949532
4.981353631364307,0,0.9776341319949532
5.490895901616799,0,0.9776341319949532
5.772199777543858,0,0.9776341319949532
5.85694175330604,0,0.9776341319949532
5.787511098019406,0,0.9776341319949532
5.627965567515091,0,0.9776341319949532
5.443105327224413,0,0.9776341319949532
5.241353784291504,0,0.9776341319949532
4.982857718486718,0,0.9776341319949532
4.689163285278979,0,0.9776341319949532
4.433583316340455,0,0.9776341319949532
4.239262670119011,0,0.9776341319949532
4.101120116940827,0,0.9776341319949532
4.0393364518160775,0,0.9776341319949532
4.0611788207940975,0,0.9776341319949532
4.141695131880363,0,0.9776341319949532
4.286039057835336,0,0.9776341319949532
4.54065046433704,0,0.9776341319949532
4.906521968105862,0,0.9776341319949532
5.306384529074788,0,0.9776341319949532
5.6650511379997575,0,0.9776341319949532
5.98124668823534,0,0.9776341319949532
6.285701120049936,0,0.9776341319949532
6.5751371918990555,0,0.9776341319949532
6.835525297228818,0,0.9776341319949532
7.073803185787582,0,0.9776341319949532
7.2890591476470075,0,0.9776341319949532
7.432664344563282,0,0.9776341319949532
7.460833983965337,0,0.9776341319949532
7.405726013396591,1,0.9767271765306975
7.316783388648694,0,0.9767271765306975
7.197129754001728,0,0.9767271765306975
7.0288145219610945,0,0.9767271765306975
6.7983845842713535,0,0.9767271765306975
6.49294403403685,0,0.9767271765306975
6.11161633300171,0,0.9767271765306975
5.700483488538297,0,0.9767271765306975
5.326806233032336,0,0.9767271765306975
5.007063081942052,0,0.9767271765306975
4.722077032279081,0,0.9767271765306975
4.455810272497607,0,0.9767271765306975
4.192740767911394,0,0.9767271765306975
3.932693289435624,0,0.9767271765306975
3.6603839169431067,0,0.9767271765306975
3.316573861919675,0,0.9767271765306975
2.878513831709455,0,0.9767271765306975
2.3885776057357897,0,0.9767271765306975
1.8706313824008813,0,0.9767271765306975
1.3120567196607515,0,0.9767271765306975
0.6905675517551209,0,0.9767271765306975
-0.041981706283638134,0,0.9767271765306975
-0.9458408367823581,0,0.9767271765306975
-2.0482358785814205,0,0.9767271765306975
-3.340957243527758,0,0.9767271765306975
-4.817241535858537,0,0.9767271765306975
-6.478134720148432,0,0.9767271765306975
-8.298685451477693,0,0.9767271765306975
-10.225495201381445,0,0.9767271765306975
-12.19542773436246,0,0.9767271765306975
-14.120165838172188,0,0.9767271765306975
-15.85654613927222,0,0.9767271765306975
-17.249652957937403,0,0.9767271765306975
-18.210785822227137,0,0.9767271765306975
-18.723855485768574,0,0.9767271765306975
-18.79844056756906,0,0.9767271765306975
-18.413032831010646,0,0.9767271765306975
-17.545216059686272,0,0.9767271765306975
-16.221874271740752,0,0.9767271765306975
-14.490548895845098,0,0.9767271765306975
-12.429047709078663,0,0.9767271765306975
-10.178806627315174,0,0.9767271765306975
-7.890565823976811,0,0.9767271765306975
-5.638780160832156,0,0.9767271765306975
-3.4717980733298033,0,0.9767271765306975
-1.4885671493336086,0,0.9767271765306975
0.2338806891440086,0,0.9767271765306975
1.6866463345021963,0,0.9767271765306975
2.868247768638637,0,0.9767271765306975
3.7628139324739114,0,0.9767271765306975
4.350050534018749,0,0.9767271765306975
4.627620312027571,0,0.9767271765306975
4.666169964459474,0,0.9767271765306975
4.556712803669806,0,0.9767271765306975
4.335384566197271,0,0.9767271765306975
4.03778003106795,0,0.9767271765306975
3.7214917631861812,0,0.9767271765306975
3.4356235090384843,0,0.9767271765306975
3.2128894644208272,0,0.9767271765306975
3.065754863077996,0,0.9767271765306975
3.0051280287980804,0,0.9767271765306975
3.050985529977223,0,0.9767271765306975
3.201904263638786,0,0.9767271765306975
3.4177767099759526,0,0.9767271765306975
3.653548900176877,0,0.9767271765306975
3.8981953070283857,0,0.9767271765306975
4.173965259579469,0,0.9767271765306975
4.492501838785987,0,0.9767271765306975
4.830600934077281,0,0.9767271765306975
5.177370621832478,0,0.9767271765306975
5.552385357824649,0,0.9767271765306975
5.945584136625638,0,0.9767271765306975
6.313020836884203,0,0.9767271765306975
6.6349097892418465,0,0.9767271765306975
6.902529306420948,0,0.9767271765306975
7.093911018533202,0,0.9767271765306975
7.202850273220514,0,0.9767271765306975
7.2347518043857075,0,0.9767271765306975
7.185730067589006,1,0.9766628086444301
7.051031545952834,0,0.9766628086444301
6.843851361832451,0,0.9766628086444301
6.597662530093264,0,0.9766628086444301
6.347249155820924,0,0.9766628086444301
6.113099634013563,0,0.9766628086444301
5.884495069843152,0,0.9766628086444301
5.629790763153012,0,0.9766628086444301
5.346830771905983,0,0.9766628086444301
5.059562236200415,0,0.9766628086444301
4.771572390961176,0,0.9766628086444301
4.476174804744747,0,0.9766628086444301
4.174719717612733,0,0.9766628086444301
3.8813613330293384,0,0.9766628086444301
3.6208219292939283,0,0.9766628086444301
3.3875159902415652,0,0.9766628086444301
3.1621702080226086,0,0.9766628086444301
2.9532452796074535,0,0.9766628086444301
2.758032992441399,0,0.9766628086444301
2.5436005388605545,0,0.9766628086444301
2.309172606566442,0,0.9766628086444301
2.0956464915758284,0,0.9766628086444301
1.8864581981111754,0,0.9766628086444301
1.6102895719955905,0,0.9766628086444301
1.2472078198957548,0,0.9766628086444301
0.8225440779462926,0,0.9766628086444301
0.3549443337372603,0,0.9766628086444301
-0.16341165353837397,0,0.9766628086444301
-0.794340847260955,0,0.9766628086444301
-1.6155230559067635,0,0.9766628086444301
-2.6292169510676904,0,0.9766628086444301
-3.782296476546934,0,0.9766628086444301
-5.058476191627084,0,0.9766628086444301
-6.469817765909504,0,0.9766628086444301
-8.020459281812201,0,0.9766628086444301
-9.705945371261965,0,0.9766628086444301
-11.489410947867174,0,0.9766628086444301
-13.290495407565222,0,0.9766628086444301
-14.995265242051056,0,0.9766628086444301
-16.474661916576455,0,0.9766628086444301
-17.62375841184983,0,0.9766628086444301
-18.380332246826487,0,0.9766628086444301
-18.702277632065442,0,0.9766628086444301
-18.565020656275337,0,0.9766628086444301
-17.965742133015965,0,0.9766628086444301
-16.90910265506315,0,0.9766628086444301
-15.419250020779264,0,0.9766628086444301
-13.560928853069084,0,0.9766628086444301
-11.437936104050893,0,0.9766628086444301
-9.170591594524522,0,0.9766628086444301
-6.868761902333687,0,0.9766628086444301
-4.62335846226496,0,0.9766628086444301
-2.5253095954059153,0,0.9766628086444301
-0.6480388344625393,0,0.9766628086444301
0.9787594150840458,0,0.9766628086444301
2.3288992475396793,0,0.9766628086444301
3.38568434057773,0,0.9766628086444301
4.171522166058135,0,0.9766628086444301
4.707163030003709,0,0.9766628086444301
5.017411053417596,0,0.9766628086444301
5.163169320079144,0,0.9766628086444301
5.172000748307655,0,0.9766628086444301
5.0267981079366555,0,0.9766628086444301
4.755063350848753,0,0.9766628086444301
4.425142209674121,0,0.9766628086444301
4.101073550360585,0,0.9766628086444301
3.830718925638731,0,0.9766628086444301
3.636117203075246,0,0.9766628086444301
3.506941773198055,0,0.9766628086444301
3.4245837657109126,0,0.9766628086444301
3.3930433992457463,0,0.9766628086444301
3.4307201087486114,0,0.9766628086444301
3.571909720089847,0,0.9766628086444301
3.8345661960137085,0,0.9766628086444301
4.161682574461002,0,0.9766628086444301
4.481448258801051,0,0.9766628086444301
4.7982520302146625,0,0.9766628086444301
5.150204348437823,0,0.9766628086444301
5.534126373218456,0,0.9766628086444301
5.9137643911931725,0,0.9766628086444301
6.257054499206029,0,0.9766628086444301
6.559732024974679,0,0.9766628086444301
6.837072147852317,0,0.9766628086444301
7.078130858588237,0,0.9766628086444301
7.238218318506322,0,0.9766628086444301
7.302478172827419,0,0.9766628086444301
7.304317284688515,0,0.9766628086444301
7.259527139169351,1,0.9766393593330824
7.1619670268792825,0,0.9766393593330824
7.017859412633635,0,0.9766393593330824
6.834756274299725,0,0.9766393593330824
6.622026751044117,0,0.9766393593330824
6.400404371046981,0,0.9766393593330824
6.184832876022715,0,0.9766393593330824
5.951099001012359,0,0.9766393593330824
5.677943424759298,0,0.9766393593330824
5.3852060886459325,0,0.9766393593330824
5.089378875180505,0,0.9766393593330824
4.800798750437278,0,0.9766393593330824
4.532312006374752,0,0.9766393593330824
4.288541149393643,0,0.9766393593330824
4.059433151839926,0,0.9766393593330824
3.8168176948350436,0,0.9766393593330824
3.529831351298755,0,0.9766393593330824
3.194200546078839,0,0.9766393593330824
2.8450049806688256,0,0.9766393593330824
2.5033926789873515,0,0.9766393593330824
2.1560935234022796,0,0.9766393593330824
1.7924167334986536,0,0.9766393593330824
1.3731582387145895,0,0.9766393593330824
0.8214497559353049,0,0.9766393593330824
0.09384079869060509,0,0.9766393593330824
-0.7963581337950006,0,0.9766393593330824
-1.8366525917079135,0,0.9766393593330824
-3.048067150186365,0,0.9766393593330824
-4.444947902961396,0,0.9766393593330824
-6.017595283040587,0,0.9766393593330824
-7.7328743380780605,0,0.9766393593330824
-9.527031166905449,0,0.9766393593330824
-11.322286771381552,0,0.9766393593330824
-13.037786284788629,0,0.9766393593330824
-14.606366932905912,0,0.9766393593330824
-15.983963794615912,0,0.9766393593330824
-17.1270969195985,0,0.9766393593330824
-17.962516043191158,0,0.9766393593330824
-18.395571374495894,0,0.9766393593330824
-18.349351224707966,0,0.9766393593330824
-17.791805523015814,0,0.9766393593330824
-16.750252205398596,0,0.9766393593330824
-15.279947679134999,0,0.9766393593330824
-13.450352925903632,0,0.9766393593330824
-11.362540694636762,0,0.9766393593330824
-9.140027682987379,0,0.9766393593330824
-6.923100297514535,0,0.9766393593330824
-4.810284109922433,0,0.9766393593330824
-2.834696047099599,0,0.9766393593330824
-1.0342964337833802,0,0.9766393593330824
0.5418803599700072,0,0.9766393593330824
1.858761378901953,0,0.9766393593330824
2.9056081367028144,0,0.9766393593330824
3.689743382799495,0,0.9766393593330824
4.224144966653057,0,0.9766393593330824
4.545937741744232,0,0.9766393593330824
4.701760795218201,0,0.9766393593330824
4.719143021858975,0,0.9766393593330824
4.615170784445427,0,0.9766393593330824
4.411157045736636,0,0.9766393593330824
4.120444187652464,0,0.9766393593330824
3.763822464430046,0,0.9766393593330824
3.405333872661054,0,0.9766393593330824
3.1156166242633927,0,0.9766393593330824
2.912934871101556,0,0.9766393593330824
2.7713239292622074,0,0.9766393593330824
2.6816107131878053,0,0.9766393593330824
2.6946840267187366,0,0.9766393593330824
2.875078924823497,0,0.9766393593330824
3.215670440532414,0,0.9766393593330824
3.6660945181516813,0,0.9766393593330824
4.198074978871205,0,0.9766393593330824
4.7808856274861675,0,0.9766393593330824
5.35733423831993,0,0.9766393593330824
5.874827715996517,0,0.9766393593330824
6.3192376845443015,0,0.9766393593330824
6.6826105181809785,0,0.9766393593330824
6.952778726505335,0,0.9766393593330824
7.1432469568310095,0,0.9766393593330824
7.287999866776683,0,0.9766393593330824
7.444810048734203,0,0.9766393593330824
7.615122406620002,0,0.9766393593330824
7.704895590049069,0,0.9766393593330824
7.670160664645487,1,0.9766500726366725
7.569815143931572,0,0.9766500726366725
7.463920400077002,0,0.9766500726366725
7.349665628366241,0,0.9766500726366725
7.187452628943088,0,0.9766500726366725
6.9626696477426115,0,0.9766500726366725
6.699471517123533,0,0.9766500726366725
6.406196529901959,0,0.9766500726366725
6.068905257589151,0,0.9766500726366725
5.701690438690395,0,0.9766500726366725
5.3140061471591995,0,0.9766500726366725
4.89047574355683,0,0.9766500726366725
4.4361520464986235,0,0.9766500726366725
3.9520225791361425,0,0.9766500726366725
3.4423819963967133,0,0.9766500726366725
2.935592366400272,0,0.9766500726366725
2.4017429012575495,0,0.9766500726366725
1.766669195885803,0,0.9766500726366725
0.9999773672597392,0,0.9766500726366725
0.09965538459242683,0,0.9766500726366725
-0.9204172885778735,0,0.9766500726366725
-2.018022187249579,0,0.9766500726366725
-3.1940194900869154,0,0.9766500726366725
-4.5290473882561235,0,0.9766500726366725
-6.072356848379106,0,0.9766500726366725
-7.773944108469737,0,0.9766500726366725
-9.54619428157083,0,0.9766500726366725
-11.320468375894215,0,0.9766500726366725
-13.033614520567605,0,0.9766500726366725
-14.600641757887606,0,0.9766500726366725
-15.952778992988822,0,0.9766500726366725
-17.048339923770627,0,0.9766500726366725
-17.800854073878206,0,0.9766500726366725
-18.077985869659596,0,0.9766500726366725
-17.80928223002801,0,0.9766500726366725
-17.042807698770194,0,0.9766500726366725
-15.869893348209496,0,0.9766500726366725
-14.367552865000196,0,0.9766500726366725
-12.621215634696417,0,0.9766500726366725
-10.710590647068885,0,0.9766500726366725
-8.684710563893374,0,0.9766500726366725
-6.57375425764478,0,0.9766500726366725
-4.418465441013026,0,0.9766500726366725
-2.308061764498778,0,0.9766500726366725
-0.3529153520600804,0,0.9766500726366725
1.3585487295938197,0,0.9766500726366725
2.7542571116560364,0,0.9766500726366725
3.8165201872668173,0,0.9766500726366725
4.588415129162908,0,0.9766500726366725
5.119255502930637,0,0.9766500726366725
5.443127636538917,0,0.9766500726366725
5.580258922568869,0,0.9766500726366725
5.568564243088132,0,0.9766500726366725
5.4333603725733735,0,0.9766500726366725
5.1741781701001575,0,0.9766500726366725
4.84802809686668,0,0.9766500726366725
4.534316293246376,0,0.9766500726366725
4.262891162184155,0,0.9766500726366725
4.0421323764606925,0,0.9766500726366725
3.885154778063644,0,0.9766500726366725
3.819634376119413,0,0.9766500726366725
3.883967739534398,0,0.9766500726366725
4.088954232837797,0,0.9766500726366725
4.394516133236808,0,0.9766500726366725
4.734149212087739,0,0.9766500726366725
5.0690801499921285,0,0.9766500726366725
5.421172391404869,0,0.9766500726366725
5.8149211265502885,0,0.9766500726366725
6.219114920642101,0,0.9766500726366725
6.5776444824045255,0,0.9766500726366725
6.8502225392351725,0,0.9766500726366725
7.037513551480739,0,0.9766500726366725
7.177684360548262,0,0.9766500726366725
7.302116604340969,0,0.9766500726366725
7.413294958487149,0,0.9766500726366725
7.504528435809814,0,0.9766500726366725
7.565610293409653,0,0.9766500726366725
7.581800407354456,0,0.9766500726366725
7.552713562941889,1,0.9765812156536567
7.492295327111782,0,0.9765812156536567
7.413754473111997,0,0.9765812156536567
7.30175063602062,0,0.9765812156536567
7.106188807978164,0,0.9765812156536567
6.794558757412325,0,0.9765812156536567
6.379108978848376,0,0.9765812156536567
5.895323069976144,0,0.9765812156536567
5.384124177028483,0,0.9765812156536567
4.883244493276821,0,0.9765812156536567
4.417326012953536,0,0.9765812156536567
3.9889699984097766,0,0.9765812156536567
3.5777353987927287,0,0.9765812156536567
3.150630024311302,0,0.9765812156536567
2.674190800294836,0,0.9765812156536567
2.1347159988211812,0,0.9765812156536567
1.55787119995831,0,0.9765812156536567
0.9488301302794263,0,0.9765812156536567
0.24762691517439667,0,0.9765812156536567
-0.5927869396977883,0,0.9765812156536567
-1.5855415267026696,0,0.9765812156536567
-2.751816507324366,0,0.9765812156536567
-4.088361058987883,0,0.9765812156536567
-5.574938491668851,0,0.9765812156536567
-7.209776252400403,0,0.9765812156536567
-8.961901554030272,0,0.9765812156536567
-10.759128641775469,0,0.9765812156536567
-12.521864675489848,0,0.9765812156536567
-14.185158683084618,0,0.9765812156536567
-15.696833585670753,0,0.9765812156536567
-16.94137535754212,0,0.9765812156536567
-17.769879614708724,0,0.9765812156536567
-18.121975397100115,0,0.9765812156536567
-17.98827477421137,0,0.9765812156536567
-17.37402393352952,0,0.9765812156536567
-16.322031551324542,0,0.9765812156536567
-14.877565082512389,0,0.9765812156536567
-13.10801188035747,0,0.9765812156536567
-11.119787673847478,0,0.9765812156536567
-9.005204984069046,0,0.9765812156536567
-6.832799106030036,0,0.9765812156536567
-4.683326569511448,0,0.9765812156536567
-2.643457710735336,0,0.9765812156536567
-0.7727515269800899,0,0.9765812156536567
0.8754930725176592,0,0.9765812156536567
2.238171638172531,0,0.9765812156536567
3.295251801583394,0,0.9765812156536567
4.073820734693514,0,0.9765812156536567
4.589832643219452,0,0.9765812156536567
4.853404091990403,0,0.9765812156536567
4.891826474364608,0,0.9765812156536567
4.759708649828476,0,0.9765812156536567
4.534944217225428,0,0.9765812156536567
4.264825779118896,0,0.9765812156536567
3.9671244957499328,0,0.9765812156536567
3.668410039384303,0,0.9765812156536567
3.3869383057455185,0,0.9765812156536567
3.122368537875923,0,0.9765812156536567
2.9019852685885357,0,0.9765812156536567
2.77998709765334,0,0.9765812156536567
2.7601359119003517,0,0.9765812156536567
2.8183737836530978,0,0.9765812156536567
2.9745984592662724,0,0.9765812156536567
3.253781947683846,0,0.9765812156536567
3.6575206000195073,0,0.9765812156536567
4.185858450921261,0,0.9765812156536567
4.801787137652399,0,0.9765812156536567
5.437682410812248,0,0.9765812156536567
6.039805767475048,0,0.9765812156536567
6.554576770741356,0,0.9765812156536567
6.956344772640842,0,0.9765812156536567
7.264563776481593,0,0.9765812156536567
7.506282217255729,0,0.9765812156536567
7.709002534891565,0,0.9765812156536567
7.886843735162281,0,0.9765812156536567
8.023935522370962,0,0.9765812156536567
8.090649554153396,0,0.9765812156536567
8.060737481145413,1,0.9766043677673872
7.919202401340013,0,0.9766043677673872
7.677209492772889,0,0.9766043677673872
7.382226099110875,0,0.9766043677673872
7.09069076246139,0,0.9766043677673872
6.811362347433859,0,0.9766043677673872
6.493556248721879,0,0.9766043677673872
6.093025917094865,0,0.9766043677673872
5.61825992836705,0,0.9766043677673872
5.1033579560375975,0,0.9766043677673872
4.582807951525605,0,0.9766043677673872
4.100486792572846,0,0.9766043677673872
3.702600090402321,0,0.9766043677673872
3.3889878485923357,0,0.9766043677673872
3.102102678485851,0,0.9766043677673872
2.81217142208944,0,0.9766043677673872
2.539074155695038,0,0.9766043677673872
2.275133003542894,0,0.9766043677673872
2.004388078743711,0,0.9766043677673872
1.7494339727965953,0,0.9766043677673872
1.51305838696506,0,0.9766043677673872
1.2622754034256978,0,0.9766043677673872
0.968520065350155,0,0.9766043677673872
0.6230915841883438,0,0.9766043677673872
0.25613488929700073,0,0.9766043677673872
-0.11941789025971351,0,0.9766043677673872
-0.5507928853844732,0,0.9766043677673872
-1.0908314148501426,0,0.9766043677673872
-1.7767980779374972,0,0.9766043677673872
-2.6420096825338075,0,0.9766043677673872
-3.7154083619815887,0,0.9766043677673872
-4.995797299144406,0,0.9766043677673872
-6.445537153967087,0,0.9766043677673872
-8.036833403348751,0,0.9766043677673872
-9.762932540519154,0,0.9766043677673872
-11.579608232236959,0,0.9766043677673872
-13.381188452073712,0,0.9766043677673872
-15.05459311603246,0,0.9766043677673872
-16.510276588259636,0,0.9766043677673872
-17.670967373299447,0,0.9766043677673872
-18.46103549518728,0,0.9766043677673872
-18.814042889695965,0,0.9766043677673872
-18.682720084221813,0,0.9766043677673872
-18.035816709441313,0,0.9766043677673872
-16.908292706196708,0,0.9766043677673872
-15.40521458842281,0,0.9766043677673872
-13.604807859684499,0,0.9766043677673872
-11.564768503864512,0,0.9766043677673872
-9.37699832791722,0,0.9766043677673872
-7.134336126937142,0,0.9766043677673872
-4.923051409305928,0,0.9766043677673872
-2.839225427297684,0,0.9766043677673872
-0.9533181884449085,0,0.9766043677673872
0.7048720959022444,0,0.9766043677673872
2.115202990263189,0,0.9766043677673872
3.2541338392882833,0,0.9766043677673872
4.111696328941053,0,0.9766043677673872
4.718856748854459,0,0.9766043677673872
5.127402263680274,0,0.9766043677673872
5.353206231380643,0,0.9766043677673872
5.397822789747353,0,0.9766043677673872
5.285225822600182,0,0.9766043677673872
5.043886224796454,0,0.9766043677673872
4.710645831048244,0,0.9766043677673872
4.3343866318917845,0,0.9766043677673872
3.966868580022756,0,0.9766043677673872
3.6662716713056973,0,0.9766043677673872
3.4787360924131567,0,0.9766043677673872
3.4121348873401263,0,0.9766043677673872
3.449624616134211,0,0.9766043677673872
3.574154354835502,0,0.9766043677673872
3.779218087119686,0,0.9766043677673872
4.0709150959649785,0,0.9766043677673872
4.424413343019605,0,0.9766043677673872
4.7913429087530846,0,0.9766043677673872
5.175777819380967,0,0.9766043677673872
5.591317004211903,0,0.9766043677673872
5.979038535197329,0,0.9766043677673872
6.284732165310191,0,0.9766043677673872
6.5284853123942135,0,0.9766043677673872
6.727099767923277,0,0.9766043677673872
6.875028476252291,0,0.9766043677673872
6.989569533371278,0,0.9766043677673872
7.085081156564956,0,0.9766043677673872
7.165372123510311,0,0.9766043677673872
7.2363467918441255,0,0.9766043677673872
7.282784156828474,0,0.9766043677673872
7.280494388806561,1,0.9765575979124896
7.222953280290355,0,0.9765575979124896
7.104033445407846,0,0.9765575979124896
6.8915622818284366,0,0.9765575979124896
6.57276058878285,0,0.9765575979124896
6.206362109123953,0,0.9765575979124896
5.847376655410749,0,0.9765575979124896
5.495096044873546,0,0.9765575979124896
5.150174911005618,0,0.9765575979124896
4.835372235634109,0,0.9765575979124896
4.553483741384974,0,0.9765575979124896
4.276018050138953,0,0.9765575979124896
3.9890603274957037,0,0.9765575979124896
3.692457726597081,0,0.9765575979124896
3.3625921185193643,0,0.9765575979124896
2.965554773738304,0,0.9765575979124896
2.4612568554826617,0,0.9765575979124896
1.8137164160815546,0,0.9765575979124896
1.04306798790355,0,0.9765575979124896
0.18621087163105893,0,0.9765575979124896
-0.7850574378344056,0,0.9765575979124896
-1.9207551893028425,0,0.9765575979124896
-3.234629339582289,0,0.9765575979124896
-4.721039413913678,0,0.9765575979124896
-6.367948613004553,0,0.9765575979124896
-8.157877855909788,0,0.9765575979124896
-10.054202230749947,0,0.9765575979124896
-11.979231699834537,0,0.9765575979124896
-13.835885182050953,0,0.9765575979124896
-15.53743582582813,0,0.9765575979124896
-16.993639283973785,0,0.9765575979124896
-18.09734838006925,0,0.9765575979124896
-18.754248174821964,0,0.9765575979124896
-18.91780954797078,0,0.9765575979124896
-18.570145304386333,0,0.9765575979124896
-17.714993138861992,0,0.9765575979124896
-16.40162560319453,0,0.9765575979124896
-14.697882702498982,0,0.9765575979124896
-12.691994580724632,0,0.9765575979124896
-10.490999115746336,0,0.9765575979124896
-8.190818778539057,0,0.9765575979124896
-5.8945935681107695,0,0.9765575979124896
-3.684406340416883,0,0.9765575979124896
-1.632078078012181,0,0.9765575979124896
0.16740867443225435,0,0.9765575979124896
1.6840407270559452,0,0.9765575979124896
2.9547527776343343,0,0.9765575979124896
3.9816162584586756,0,0.9765575979124896
4.737520590299265,0,0.9765575979124896
5.225471514936652,0,0.9765575979124896
5.482793941642325,0,0.9765575979124896
5.542938653231536,0,0.9765575979124896
5.420092096469429,0,0.9765575979124896
5.126481712513756,0,0.9765575979124896
4.705897782593004,0,0.9765575979124896
4.2785664192849024,0,0.9765575979124896
3.9614280198797314,0,0.9765575979124896
3.765217933506849,0,0.9765575979124896
3.656677953307131,0,0.9765575979124896
3.614561922908133,0,0.9765575979124896
3.6322587545855494,0,0.9765575979124896
3.7296495009001602,0,0.9765575979124896
3.9278920831942856,0,0.9765575979124896
4.214835825753997,0,0.9765575979124896
4.546029323032652,0,0.9765575979124896
4.9004195278436,0,0.9765575979124896
5.286565608150192,0,0.9765575979124896
5.679520686854977,0,0.9765575979124896
6.041468506233989,0,0.9765575979124896
6.346547449974567,0,0.9765575979124896
6.570287813286108,0,0.9765575979124896
6.722424937432552,0,0.9765575979124896
6.837742624118057,0,0.9765575979124896
6.930814340528654,0,0.9765575979124896
6.990301851655852,0,0.9765575979124896
6.990780256346164,0,0.9765575979124896
6.908626076309965,1,0.9764156305523953
6.763886191113817,0,0.9764156305523953
6.621484263639176,0,0.9764156305523953
6.502122368521819,0,0.9764156305523953
6.360382538917934,0,0.9764156305523953
6.174709896645311,0,0.9764156305523953
5.972018901723539,0,0.9764156305523953
5.7775601688948415,0,0.9764156305523953
5.577446376315426,0,0.9764156305523953
5.325868822237576,0,0.9764156305523953
4.998136229781607,0,0.9764156305523953
4.600395328912476,0,0.9764156305523953
4.133303316438518,0,0.9764156305523953
3.585376945292857,0,0.9764156305523953
2.937366414123879,0,0.9764156305523953
2.16725042420597,0,0.9764156305523953
1.2511314192516656,0,0.9764156305523953
0.16208905494095033,0,0.9764156305523953
-1.1053217824100445,0,0.9764156305523953
-2.5261172855788967,0,0.9764156305523953
-4.077346563066306,0,0.9764156305523953
-5.744993418572475,0,0.9764156305523953
-7.501796537438979,0,0.9764156305523953
-9.315001314400323,0,0.9764156305523953
-11.129612757952374,0,0.9764156305523953
-12.856132162309246,0,0.9764156305523953
-14.403535079095791,0,0.9764156305523953
-15.669339364282001,0,0.9764156305523953
-16.53543547670044,0,0.9764156305523953
-16.93095569645667,0,0.9764156305523953
-16.86347781012506,0,0.9764156305523953
-16.36052225627568,0,0.9764156305523953
-15.424808819750329,0,0.9764156305523953
-14.0718909080857,0,0.9764156305523953
-12.368033202691484,0,0.9764156305523953
-10.41476588746662,0,0.9764156305523953
-8.324481303511694,0,0.9764156305523953
-6.205945661478562,0,0.9764156305523953
-4.122249655639354,0,0.9764156305523953
-2.0962717337163443,0,0.9764156305523953
-0.21813255565224596,0,0.9764156305523953
1.3825913631984996,0,0.9764156305523953
2.6601420012170416,0,0.9764156305523953
3.6323712068645615,0,0.9764156305523953
4.3439187695984085,0,0.9764156305523953
4.824916135801516,0,0.9764156305523953
5.07129591575265,0,0.9764156305523953
5.122870055829334,0,0.9764156305523953
5.059565313465784,0,0.9764156305523953
4.938249874206829,0,0.9764156305523953
4.77310748483729,0,0.9764156305523953
4.537559275120124,0,0.9764156305523953
4.215670865369801,0,0.9764156305523953
3.8367703679720924,0,0.9764156305523953
3.461863689256301,0,0.9764156305523953
3.172489136894394,0,0.9764156305523953
3.020125924824527,0,0.9764156305523953
2.9957578451579137,0,0.9764156305523953
3.06990235382909,0,0.9764156305523953
3.2282551638822983,0,0.9764156305523953
3.486343449621083,0,0.9764156305523953
3.8651449735221632,0,0.9764156305523953
4.349418500519761,0,0.9764156305523953
4.8956626372727845,0,0.9764156305523953
5.460737838005604,0,0.9764156305523953
6.0237337359591345,0,0.9764156305523953
6.571006834034555,0,0.9764156305523953
7.0602333770488945,0,0.9764156305523953
7.458091917612038,0,0.9764156305523953
7.763914284282775,0,0.9764156305523953
7.972264792879021,0,0.9764156305523953
8.073455812021557,0,0.9764156305523953
8.084594213254432,0,0.9764156305523953
8.051009992395727,1,0.9761225009400298
7.995420153266383,0,0.9761225009400298
7.8982113924562745,0,0.9761225009400298
7.752199983901793,0,0.9761225009400298
7.579159354679773,0,0.9761225009400298
7.377762610687523,0,0.9761225009400298
7.129367282712068,0,0.9761225009400298
6.846450144136948,0,0.9761225009400298
6.548384461557425,0,0.9761225009400298
6.214990080232334,0,0.9761225009400298
5.812235681955015,0,0.9761225009400298
5.35728741528782,0,0.9761225009400298
4.898480238328946,0,0.9761225009400298
4.439736788613706,0,0.9761225009400298
3.9536978552146014,0,0.9761225009400298
3.4140357392134053,0,0.9761225009400298
2.7797602359265907,0,0.9761225009400298
2.022770232624305,0,0.9761225009400298
1.134462772663664,0,0.9761225009400298
0.09378227183287699,0,0.9761225009400298
-1.1131652032483614,0,0.9761225009400298
-2.486585857504816,0,0.9761225009400298
-4.01444470420749,0,0.9761225009400298
-5.662243740028462,0,0.9761225009400298
-7.41142169798129,0,0.9761225009400298
-9.259805968239002,0,0.9761225009400298
-11.160648555075522,0,0.9761225009400298
-13.013052524063502,0,0.9761225009400298
-14.692000900517288,0,0.9761225009400298
-16.091030011710533,0,0.9761225009400298
-17.160274811715105,0,0.9761225009400298
-17.8716750031452,0,0.9761225009400298
-18.183710844180737,0,0.9761225009400298
-18.059682747906677,0,0.9761225009400298
-17.476675347844782,0,0.9761225009400298
-16.445984143076124,0,0.9761225009400298
-15.025518031717501,0,0.9761225009400298
-13.299005967707577,0,0.9761225009400298
-11.365366256107315,0,0.9761225009400298
-9.30441266404576,0,0.9761225009400298
-7.1623686218847755,0,0.9761225009400298
-5.025762366242346,0,0.9761225009400298
-3.014939880180421,0,0.9761225009400298
-1.20152088575849,0,0.9761225009400298
0.37450228204067176,0,0.9761225009400298
1.6928815568379205,0,0.9761225009400298
2.7603600915514916,0,0.9761225009400298
3.5748179866642675,0,0.9761225009400298
4.133723413306819,0,0.9761225009400298
4.454803523471787,0,0.9761225009400298
4.575040454540253,0,0.9761225009400298
4.552170298524094,0,0.9761225009400298
4.429894310697226,0,0.9761225009400298
4.222689318815218,0,0.9761225009400298
3.9702670433051352,0,0.9761225009400298
3.7392846037648377,0,0.9761225009400298
3.5633848043588876,0,0.9761225009400298
3.4400474935089576,0,0.9761225009400298
3.3682733817773043,0,0.9761225009400298
3.365644231271193,0,0.9761225009400298
3.453129535059765,0,0.9761225009400298
3.6274927321011843,0,0.9761225009400298
3.8563492364992715,0,0.9761225009400298
4.107744960386027,0,0.9761225009400298
4.39452072030681,0,0.9761225009400298
4.757418279211795,0,0.9761225009400298
5.188621996062535,0,0.9761225009400298
5.626948862105593,0,0.9761225009400298
6.022799755008228,0,0.9761225009400298
6.351364343494445,0,0.9761225009400298
6.59940174763987,0,0.9761225009400298
6.774301746036451,0,0.9761225009400298
6.890758605890499,0,0.9761225009400298
6.956140823835178,0,0.9761225009400298
6.977761674095589,0,0.9761225009400298
6.9829283237595945,0,0.9761225009400298
7.016817167672052,0,0.9761225009400298
7.085134329913906,0,0.9761225009400298
7.134520059242471,0,0.9761225009400298
7.1210152874195884,1,0.9761910184144691
7.047732373682459,0,0.9761910184144691
6.93043484097863,0,0.9761910184144691
6.788047245884313,0,0.9761910184144691
6.6241132898741375,0,0.9761910184144691
6.407885970688885,0,0.9761910184144691
6.130971112277574,0,0.9761910184144691
5.815195722262704,0,0.9761910184144691
5.468849001443933,0,0.9761910184144691
5.08035681530521,0,0.9761910184144691
4.624261702713831,0,0.9761910184144691
4.0977583340906545,0,0.9761910184144691
3.5318723832156476,0,0.9761910184144691
2.9460573026517167,0,0.9761910184144691
2.3116062459671713,0,0.9761910184144691
1.5772584255904003,0,0.9761910184144691
0.7388324877613107,0,0.9761910184144691
-0.18624084196661667,0,0.9761910184144691
-1.2139706995014372,0,0.9761910184144691
-2.385938503822635,0,0.9761910184144691
-3.754802555319822,0,0.9761910184144691
-5.342388033141846,0,0.9761910184144691
-7.115680544852303,0,0.9761910184144691
-9.006260831543067,0,0.9761910184144691
-10.93812353403873,0,0.9761910184144691
-12.821200260650203,0,0.9761910184144691
-14.53471928341667,0,0.9761910184144691
-15.98987028383788,0,0.9761910184144691
-17.154657867603678,0,0.9761910184144691
-17.987355755083403,0,0.9761910184144691
-18.41489501980493,0,0.9761910184144691
-18.36297353925961,0,0.9761910184144691
-17.788605636472102,0,0.9761910184144691
-16.727963809541166,0,0.9761910184144691
-15.286668193897517,0,0.9761910184144691
-13.54892415646623,0,0.9761910184144691
-11.566175422480093,0,0.9761910184144691
-9.416801550614515,0,0.9761910184144691
-7.197247239432807,0,0.9761910184144691
-5.003590258678244,0,0.9761910184144691
-2.940502263951932,0,0.9761910184144691
-1.0731354859328974,0,0.9761910184144691
0.5815494763034933,0,0.9761910184144691
1.9861764746899795,0,0.9761910184144691
3.093057621535834,0,0.9761910184144691
3.895672211402027,0,0.9761910184144691
4.432997803290064,0,0.9761910184144691
4.758911714277448,0,0.9761910184144691
4.90992131348228,0,0.9761910184144691
4.9039473449152595,0,0.9761910184144691
4.749527888218977,0,0.9761910184144691
4.466593737558787,0,0.9761910184144691
4.09114046673245,0,0.9761910184144691
3.6811276950868437,0,0.9761910184144691
3.33081671248636,0,0.9761910184144691
3.0857226470328682,0,0.9761910184144691
2.9260398934566614,0,0.9761910184144691
2.878908179973466,0,0.9761910184144691
2.989784905182766,0,0.9761910184144691
3.2401828862022635,0,0.9761910184144691
3.571283295994566,0,0.9761910184144691
3.9480913788368026,0,0.9761910184144691
4.376104714660728,0,0.9761910184144691
4.844250120540389,0,0.9761910184144691
5.322515896044132,0,0.9761910184144691
5.787125152260921,0,0.9761910184144691
6.204460977830614,0,0.9761910184144691
6.550631932353736,0,0.9761910184144691
6.832935569306727,0,0.9761910184144691
7.079895324401653,0,0.9761910184144691
7.318152598396331,0,0.9761910184144691
7.541699770608174,0,0.9761910184144691
7.711527386215699,0,0.9761910184144691
7.78626699369051,0,0.9761910184144691
7.747825219038133,1,0.9759506966153423
7.616920703689141,0,0.9759506966153423
7.425676997731374,0,0.9759506966153423
7.18173467998449,0,0.9759506966153423
6.890836113365268,0,0.9759506966153423
6.575853051030701,0,0.9759506966153423
6.258914577682616,0,0.9759506966153423
5.9519820662090215,0,0.9759506966153423
5.658425391034239,0,0.9759506966153423
5.365771823249803,0,0.9759506966153423
5.063710351960914,0,0.9759506966153423
4.759260402518529,0,0.9759506966153423
4.457745113026977,0,0.9759506966153423
4.169577544899346,0,0.9759506966153423
3.903692541331652,0,0.9759506966153423
3.618634224167241,0,0.9759506966153423
3.2556667828071655,0,0.9759506966153423
2.808580312719698,0,0.9759506966153423
2.28448795600519,0,0.9759506966153423
1.649991674216911,0,0.9759506966153423
0.8509115127884747,0,0.9759506966153423
-0.14072574295045476,0,0.9759506966153423
-1.3073123333184193,0,0.9759506966153423
-2.627452490410738,0,0.9759506966153423
-4.120568500905621,0,0.9759506966153423
-5.812426067735428,0,0.9759506966153423
-7.68459246796252,0,0.9759506966153423
-9.680461644112764,0,0.9759506966153423
-11.705167808633085,0,0.9759506966153423
-13.636103293195859,0,0.9759506966153423
-15.35801184107714,0,0.9759506966153423
-16.775296291139018,0,0.9759506966153423
-17.827411251256155,0,0.9759506966153423
-18.464001615087636,0,0.9759506966153423
-18.628263522109854,0,0.9759506966153423
-18.30405039430601,0,0.9759506966153423
-17.50723870607697,0,0.9759506966153423
-16.275535508058937,0,0.9759506966153423
-14.698355497079248,0,0.9759506966153423
-12.884861732872444,0,0.9759506966153423
-10.92610623293515,0,0.9759506966153423
-8.880333864060079,0,0.9759506966153423
-6.759356535055332,0,0.9759506966153423
-4.602120412581921,0,0.9759506966153423
-2.547964157833892,0,0.9759506966153423
-0.731510252835595,0,0.9759506966153423
0.8083028116797897,0,0.9759506966153423
2.0548193409570232,0,0.9759506966153423
3.013741856168651,0,0.9759506966153423
3.7336642667112976,0,0.9759506966153423
4.24242854996838,0,0.9759506966153423
4.548794414943917,0,0.9759506966153423
4.656157896374224,0,0.9759506966153423
4.588894457483683,0,0.9759506966153423
4.413944209152919,0,0.9759506966153423
4.195765087113316,0,0.9759506966153423
3.9757217029572423,0,0.9759506966153423
3.781850860526604,0,0.9759506966153423
3.6253086755062247,0,0.9759506966153423
3.5046433379539033,0,0.9759506966153423
3.441054268579126,0,0.9759506966153423
3.447606468612815,0,0.9759506966153423
3.4956608780872402,0,0.9759506966153423
3.594272212541651,0,0.9759506966153423
3.786748536495939,0,0.9759506966153423
4.080458126341492,0,0.9759506966153423
4.464074117730347,0,0.9759506966153423
4.905546474170401,0,0.9759506966153423
5.352586723359946,0,0.9759506966153423
5.7627989652924345,0,0.9759506966153423
6.09382881472284,0,0.9759506966153423
6.318885569119644,0,0.9759506966153423
6.453417729470544,0,0.9759506966153423
6.532947909052795,0,0.9759506966153423
6.591927142952371,0,0.9759506966153423
6.67076203754095,0,0.9759506966153423
6.783303095054996,0,0.9759506966153423
6.885193600830558,0,0.9759506966153423
6.935911861284166,0,0.9759506966153423
6.944591004405815,0,0.9759506966153423
6.918118764157944,1,0.9759418517923729
6.834804995419149,0,0.9759418517923729
6.69818390771659,0,0.9759418517923729
6.540042561270333,0,0.9759418517923729
6.373922777563077,0,0.9759418517923729
6.2080268428690575,0,0.9759418517923729
6.034196960238335,0,0.9759418517923729
5.813611859793085,0,0.9759418517923729
5.533666818131425,0,0.9759418517923729
5.213392584858515,0,0.9759418517923729
4.8788619907902735,0,0.9759418517923729
4.550651243546978,0,0.9759418517923729
4.248181612486038,0,0.9759418517923729
4.0005337500502804,0,0.9759418517923729
3.7936492875591146,0,0.9759418517923729
3.5577546040377346,0,0.9759418517923729
3.21784981877634,0,0.9759418517923729
2.740343721885865,0,0.9759418517923729
2.1436791191293048,0,0.9759418517923729
1.4297193735472555,0,0.9759418517923729
0.5523092037387755,0,0.9759418517923729
-0.5084800142303731,0,0.9759418517923729
-1.729726385534263,0,0.9759418517923729
-3.1100039634681673,0,0.9759418517923729
-4.655172029718578,0,0.9759418517923729
-6.33844206177957,0,0.9759418517923729
-8.127851229211416,0,0.9759418517923729
-9.997497805346327,0,0.9759418517923729
-11.885711114925183,0,0.9759418517923729
-13.67512637622805,0,0.9759418517923729
-15.246310012076735,0,0.9759418517923729
-16.531568224554043,0,0.9759418517923729
-17.489230501379843,0,0.9759418517923729
-18.055543608832473,0,0.9759418517923729
-18.166920740921164,0,0.9759418517923729
-17.79197216240859,0,0.9759418517923729
-16.93197633580997,0,0.9759418517923729
-15.640526484616691,0,0.9759418517923729
-14.017509730443438,0,0.9759418517923729
-12.15970211760654,0,0.9759418517923729
-10.143064801981835,0,0.9759418517923729
-8.064700851124538,0,0.9759418517923729
-6.0232331923300615,0,0.9759418517923729
-4.060524532157293,0,0.9759418517923729
-2.20632656187469,0,0.9759418517923729
-0.5171441615191017,0,0.9759418517923729
0.9638414846646481,0,0.9759418517923729
2.2062840707571216,0,0.9759418517923729
3.1695750731912837,0,0.9759418517923729
3.8515560517520724,0,0.9759418517923729
4.302742252186787,0,0.9759418517923729
4.564051075299189,0,0.9759418517923729
4.642208029638162,0,0.9759418517923729
4.555362153333707,0,0.9759418517923729
4.35606740686885,0,0.9759418517923729
4.095500873892244,0,0.9759418517923729
3.835162331016007,0,0.9759418517923729
3.6303561364897505,0,0.9759418517923729
3.4745134373410194,0,0.9759418517923729
3.35274358533243,0,0.9759418517923729
3.273634145970078,0,0.9759418517923729
3.241457325492955,0,0.9759418517923729
3.271183536364266,0,0.9759418517923729
3.3754418053055613,0,0.9759418517923729
3.563372283580961,0,0.9759418517923729
3.8569691645991124,0,0.9759418517923729
4.255189284295806,0,0.9759418517923729
4.724415902463858,0,0.9759418517923729
5.215612070978405,0,0.9759418517923729
5.686992065394299,0,0.9759418517923729
6.12015038836083,0,0.9759418517923729
6.49156286612378,0,0.9759418517923729
6.775612774152997,0,0.9759418517923729
6.977778609238446,0,0.9759418517923729
7.129437224231021,0,0.9759418517923729
7.244230986457522,0,0.9759418517923729
7.303195409557928,0,0.9759418517923729
7.318223834674511,0,0.9759418517923729
7.317610206926297,1,0.9758889803409775
7.2764026267123,0,0.9758889803409775
7.160058204575812,0,0.9758889803409775
6.9701238949074,0,0.9758889803409775
6.728896010452401,0,0.9758889803409775
6.466914369398215,0,0.9758889803409775
6.200868906562734,0,0.9758889803409775
5.9298778640133865,0,0.9758889803409775
5.655725749784931,0,0.9758889803409775
5.382969226413647,0,0.9758889803409775
5.121372356441036,0,0.9758889803409775
4.875145717905266,0,0.9758889803409775
4.631840278297416,0,0.9758889803409775
4.38407966214374,0,0.9758889803409775
4.146148020424674,0,0.9758889803409775
3.9321107076322273,0,0.9758889803409775
3.7252669812301265,0,0.9758889803409775
3.5027310207303697,0,0.9758889803409775
3.2634360089979486,0,0.9758889803409775
3.0051004486286987,0,0.9758889803409775
2.7075439669518366,0,0.9758889803409775
2.360381293079832,0,0.9758889803409775
1.9744501572011692,0,0.9758889803409775
1.5629745415973968,0,0.9758889803409775
1.149030527918958,0,0.9758889803409775
0.733814234008602,0,0.9758889803409775
0.2751638923558041,0,0.9758889803409775
-0.2586827332539608,0,0.9758889803409775
-0.8739659265366503,0,0.9758889803409775
-1.572426592836776,0,0.9758889803409775
-2.3730701177829014,0,0.9758889803409775
-3.29628182144745,0,0.9758889803409775
-4.3393982135359765,0,0.9758889803409775
-5.509465963944116,0,0.9758889803409775
-6.8317493389377235,0,0.9758889803409775
-8.313587791513996,0,0.9758889803409775
-9.929456829841454,0,0.9758889803409775
-11.641727231389106,0,0.9758889803409775
-13.395666494454828,0,0.9758889803409775
-15.09457939318476,0,0.9758889803409775
-16.609960091857566,0,0.9758889803409775
-17.81199677547051,0,0.9758889803409775
-18.603684075882217,0,0.9758889803409775
-18.944092248039773,0,0.9758889803409775
-18.839948483850485,0,0.9758889803409775
-18.313640086187334,0,0.9758889803409775
-17.39795137122621,0,0.9758889803409775
-16.134843685039087,0,0.9758889803409775
-14.564902783904719,0,0.9758889803409775
-12.751079305431993,0,0.9758889803409775
-10.768608274944194,0,0.9758889803409775
-8.665559475862148,0,0.9758889803409775
-6.495183630239672,0,0.9758889803409775
-4.3595182381142035,0,0.9758889803409775
-2.3493515115222645,0,0.9758889803409775
-0.5057700119319608,0,0.9758889803409775
1.1049605910767129,0,0.9758889803409775
2.4219531092890243,0,0.9758889803409775
3.4590362298174595,0,0.9758889803409775
4.229336041846598,0,0.9758889803409775
4.731672975518836,0,0.9758889803409775
5.006293517148639,0,0.9758889803409775
5.098089415176634,0,0.9758889803409775
5.031658104285219,0,0.9758889803409775
4.855593150733074,0,0.9758889803409775
4.62961928119212,0,0.9758889803409775
4.379868085678471,0,0.9758889803409775
4.132132872613705,0,0.9758889803409775
3.926183881306346,0,0.9758889803409775
3.766264442770056,0,0.9758889803409775
3.627626809223,0,0.9758889803409775
3.5224853705247026,0,0.9758889803409775
3.51172396333369,0,0.9758889803409775
3.6346939477687585,0,0.9758889803409775
3.875139870324167,0,0.9758889803409775
4.208965074329816,0,0.9758889803409775
4.627134587711901,0,0.9758889803409775
5.102449634020842,0,0.9758889803409775
5.57659561919081,0,0.9758889803409775
6.005007836258921,0,0.9758889803409775
6.395608656020115,0,0.9758889803409775
6.782062953427417,0,0.9758889803409775
7.18250334981912,0,0.9758889803409775
7.580966137773914,0,0.9758889803409775
7.915480378480026,0,0.9758889803409775
8.122851302760019,0,0.9758889803409775
8.208062648971875,0,0.9758889803409775
8.210673784132231,0,0.9758889803409775
8.13774255918122,1,0.9757142927119412
7.992508728840957,0,0.9757142927119412
7.798770337849914,0,0.9757142927119412
7.556592552874717,0,0.9757142927119412
7.250817540837162,0,0.9757142927119412
6.892375746437826,0,0.9757142927119412
6.508767064892986,0,0.9757142927119412
6.121817851043218,0,0.9757142927119412
5.736626979006229,0,0.9757142927119412
5.34829810300492,0,0.9757142927119412
4.9758888337986225,0,0.9757142927119412
4.646120735428559,0,0.9757142927119412
4.343354510179986,0,0.9757142927119412
4.048283994155855,0,0.9757142927119412
3.7702410017763714,0,0.9757142927119412
3.5123393996099286,0,0.9757142927119412
3.27885716087997,0,0.9757142927119412
3.0777889293325424,0,0.9757142927119412
2.8813533978335655,0,0.9757142927119412
2.6437699509099066,0,0.9757142927119412
2.3548319664543755,0,0.9757142927119412
2.0259104692270236,0,0.9757142927119412
1.6316601225522291,0,0.9757142927119412
1.115874341726724,0,0.9757142927119412
0.44840891556480755,0,0.9757142927119412
-0.3690455212743169,0,0.9757142927119412
-1.333468717517489,0,0.9757142927119412
-2.436096340276383,0,0.9757142927119412
-3.66337680853808,0,0.9757142927119412
-5.029798960109103,0,0.9757142927119412
-6.565054129609933,0,0.9757142927119412
-8.255826664818613,0,0.9757142927119412
-10.024259277546285,0,0.9757142927119412
-11.77469682779009,0,0.9757142927119412
-13.447864804250628,0,0.9757142927119412
-15.010059583212337,0,0.9757142927119412
-16.397373736676453,0,0.9757142927119412
-17.51230724857172,0,0.9757142927119412
-18.281032223611415,0,0.9757142927119412
-18.66588812232197,0,0.9757142927119412
-18.641338564744903,0,0.9757142927119412
-18.186232934101383,0,0.9757142927119412
-17.287174804809098,0,0.9757142927119412
-15.965995711360847,0,0.9757142927119412
-14.288019438348705,0,0.9757142927119412
-12.337305779729357,0,0.9757142927119412
-10.197083828789244,0,0.9757142927119412
-7.933011117751202,0,0.9757142927119412
-5.632216411024712,0,0.9757142927119412
-3.432675612955684,0,0.9757142927119412
-1.436328624765902,0,0.9757142927119412
0.31762099283761114,0,0.9757142927119412
1.7855508163174882,0,0.9757142927119412
2.9376810597375482,0,0.9757142927119412
3.7865239457607305,0,0.9757142927119412
4.364997659137863,0,0.9757142927119412
4.714914873695587,0,0.9757142927119412
4.875609482800054,0,0.9757142927119412
4.885337277943553,0,0.9757142927119412
4.783463251802655,0,0.9757142927119412
4.609749678028249,0,0.9757142927119412
4.385478481777977,0,0.9757142927119412
4.119025879268729,0,0.9757142927119412
3.8735083135968074,0,0.9757142927119412
3.7278425485458233,0,0.9757142927119412
3.6868491350551653,0,0.9757142927119412
3.7082194751666773,0,0.9757142927119412
3.7702665450544233,0,0.9757142927119412
3.8925842503459758,0,0.9757142927119412
4.085013364247192,0,0.9757142927119412
4.318325243993198,0,0.9757142927119412
4.589846841785217,0,0.9757142927119412
4.923541914201944,0,0.9757142927119412
5.279150844914882,0,0.9757142927119412
5.593760433042991,0,0.9757142927119412
5.873654232772788,0,0.9757142927119412
6.154324697190728,0,0.9757142927119412
6.448262256551645,0,0.9757142927119412
6.748571314613321,0,0.9757142927119412
7.031925955966189,0,0.9757142927119412
7.265367405980897,0,0.9757142927119412
7.428748170210976,0,0.9757142927119412
7.515943857226092,0,0.9757142927119412
7.533246610899481,0,0.9757142927119412
7.524690916896135,1,0.9756940902138806
7.5181694141958975,0,0.9756940902138806
7.466362762702674,0,0.9756940902138806
7.350086007173455,0,0.9756940902138806
7.217617414534494,0,0.9756940902138806
7.078198078017935,0,0.9756940902138806
6.893016785802126,0,0.9756940902138806
6.636936329595398,0,0.9756940902138806
6.322146923357159,0,0.9756940902138806
5.98934174047556,0,0.9756940902138806
5.6500984738562,0,0.9756940902138806
5.2869587573155234,0,0.9756940902138806
4.917837983619948,0,0.9756940902138806
4.568309242750294,0,0.9756940902138806
4.237189555888116,0,0.9756940902138806
3.9217325884541667,0,0.9756940902138806
3.624910438010038,0,0.9756940902138806
3.3631162216469512,0,0.9756940902138806
3.143951248275291,0,0.9756940902138806
2.925040763822121,0,0.9756940902138806
2.664503018648499,0,0.9756940902138806
2.3913777259572377,0,0.9756940902138806
2.1612744996873023,0,0.9756940902138806
1.9724746010347733,0,0.9756940902138806
1.7944244586790756,0,0.9756940902138806
1.609633824369315,0,0.9756940902138806
1.3645057956235058,0,0.9756940902138806
0.9962384268081147,0,0.9756940902138806
0.4914507811703223,0,0.9756940902138806
-0.1342392063894554,0,0.9756940902138806
-0.8705040370904001,0,0.9756940902138806
-1.7442995403045076,0,0.9756940902138806
-2.8008079455012798,0,0.9756940902138806
-4.062446713612472,0,0.9756940902138806
-5.522274599355022,0,0.9756940902138806
-7.154136092306322,0,0.9756940902138806
-8.927067079769293,0,0.9756940902138806
-10.792598485759113,0,0.9756940902138806
-12.695232527183226,0,0.9756940902138806
-14.585340731006335,0,0.9756940902138806
-16.363090309623903,0,0.9756940902138806
-17.883158380116615,0,0.9756940902138806
-19.03931774924764,0,0.9756940902138806
-19.773386422977232,0,0.9756940902138806
-20.03741500566333,0,0.9756940902138806
-19.810225283906234,0,0.9756940902138806
-19.105788041911683,0,0.9756940902138806
-17.956970169098188,0,0.9756940902138806
-16.42007659641482,0,0.9756940902138806
-14.569263305953973,0,0.9756940902138806
-12.470855155615416,0,0.9756940902138806
-10.185117865219162,0,0.9756940902138806
-7.808545559390116,0,0.9756940902138806
-5.469393591994073,0,0.9756940902138806
-3.27420209365613,0,0.9756940902138806
-1.3040803667732357,0,0.9756940902138806
0.3526804538993182,0,0.9756940902138806
1.6407198442878361,0,0.9756940902138806
2.6041387173714146,0,0.9756940902138806
3.3492696224714034,0,0.9756940902138806
3.931462653634018,0,0.9756940902138806
4.300780070562841,0,0.9756940902138806
4.40668793421886,0,0.9756940902138806
4.2914944202906415,0,0.9756940902138806
4.044029630554111,0,0.9756940902138806
3.745764420535637,0,0.9756940902138806
3.4541975819224326,0,0.9756940902138806
3.2346010033952055,0,0.9756940902138806
3.1429062824401126,0,0.9756940902138806
3.1560978414864356,0,0.9756940902138806
3.228399799914849,0,0.9756940902138806
3.35557244815347,0,0.9756940902138806
3.5408931571234166,0,0.9756940902138806
3.778086199178829,0,0.9756940902138806
4.070344331485628,0,0.9756940902138806
4.419604463313818,0,0.9756940902138806
4.811944019946353,0,0.9756940902138806
5.24239924401115,0,0.9756940902138806
5.723651197582925,0,0.9756940902138806
6.2392539921397985,0,0.9756940902138806
6.729689938724087,0,0.9756940902138806
7.144514228998917,0,0.9756940902138806
7.476764789970805,0,0.9756940902138806
7.787338124619045,0,0.9756940902138806
8.15217752205335,0,0.9756940902138806
8.53713953709353,0,0.9756940902138806
8.83066580369489,0,0.9756940902138806
8.9709842447485,0,0.9756940902138806
8.971358614312468,0,0.9756940902138806
8.888664826159271,1,0.9756437688810106
8.77214851031805,0,0.9756437688810106
8.629933430509539,0,0.9756437688810106
8.437448579360764,0,0.9756437688810106
8.163337820942228,0,0.9756437688810106
7.816257644433837,0,0.9756437688810106
7.429418389003913,0,0.9756437688810106
7.010952357934337,0,0.9756437688810106
6.5444353251321825,0,0.9756437688810106
6.001231549863305,0,0.9756437688810106
5.396635944830014,0,0.9756437688810106
4.838609742896199,0,0.9756437688810106
4.416692470799685,0,0.9756437688810106
4.083547958699374,0,0.9756437688810106
3.7404415316816744,0,0.9756437688810106
3.3710454304297444,0,0.9756437688810106
3.0272205100691663,0,0.9756437688810106
2.720352486978686,0,0.9756437688810106
2.4129402046303614,0,0.9756437688810106
2.1050465470415793,0,0.9756437688810106
1.8234409736604906,0,0.9756437688810106
1.5571636312176973,0,0.9756437688810106
1.280567067884185,0,0.9756437688810106
0.9929165317661751,0,0.9756437688810106
0.71644082451112,0,0.9756437688810106
0.46750918451787143,0,0.9756437688810106
0.2064155583481967,0,0.9756437688810106
-0.1370804496777215,0,0.9756437688810106
-0.6171405649508869,0,0.9756437688810106
-1.2678795697208392,0,0.9756437688810106
-2.080814907609068,0,0.9756437688810106
-3.0457560887228317,0,0.9756437688810106
-4.202166831667661,0,0.9756437688810106
-5.566147761007525,0,0.9756437688810106
-7.098646312506743,0,0.9756437688810106
-8.766693525472819,0,0.9756437688810106
-10.531658151658393,0,0.9756437688810106
-12.327717138659713,0,0.9756437688810106
-14.080286381929916,0,0.9756437688810106
-15.695995674320287,0,0.9756437688810106
-17.083141591082615,0,0.9756437688810106
-18.181970421826342,0,0.9756437688810106
-18.909815214969154,0,0.9756437688810106
-19.160220695024783,0,0.9756437688810106
-18.904923621412127,0,0.9756437688810106
-18.180378308035685,0,0.9756437688810106
-17.008978840253963,0,0.9756437688810106
-15.428294134423954,0,0.9756437688810106
-13.526234830334552,0,0.9756437688810106
-11.388963210326935,0,0.9756437688810106
-9.08618914702695,0,0.9756437688810106
-6.7427676820763836,0,0.9756437688810106
-4.508682025609897,0,0.9756437688810106
-2.466279417574979,0,0.9756437688810106
-0.6549021687415455,0,0.9756437688810106
0.8904741354399732,0,0.9756437688810106
2.1594454920871424,0,0.9756437688810106
3.1650702434657525,0,0.9756437688810106
3.915307327196984,0,0.9756437688810106
4.422315113389605,0,0.9756437688810106
4.720478308761893,0,0.9756437688810106
4.834809969721121,0,0.9756437688810106
4.776246931697278,0,0.9756437688810106
4.591959529193903,0,0.9756437688810106
4.358564543283204,0,0.9756437688810106
4.1234166041727,0,0.9756437688810106
