filtered,peak,sqi_after
0.0,0,0.0
510.180298564154,0,0.0
2370.5871817246107,0,0.0
5585.402252819611,0,0.0
9569.871625699092,0,0.0
13865.462059432783,0,0.0
18125.250808679615,0,0.0
22098.58785902219,0,0.0
25615.812496738003,0,0.0
28573.64872828316,0,0.0
30921.751079745467,0,0.0
32650.671801974866,0,0.0
33781.346125493095,0,0.0
34356.06792471337,0,0.0
34430.95048988662,0,0.0
34069.870085455936,0,0.0
33339.73215138322,0,0.0
32306.845079642233,0,0.0
31034.29385746923,0,0.0
29580.145442047076,0,0.0
27996.33213188795,0,0.0
26328.130249613918,0,0.0
24614.021939000864,0,0.0
22885.856784123735,0,0.0
21169.28844346028,0,0.0
19484.324605099777,0,0.0
17845.965190744726,0,0.0
16264.91279918642,0,0.0
14748.252315443746,0,0.0
13300.066100543636,0,0.0
11922.029590556134,0,0.0
10613.975945320155,0,0.0
9374.349762005264,0,0.0
8200.598879360643,0,0.0
7089.534731446698,0,0.0
6037.635720761602,0,0.0
5041.280784081572,0,0.0
4096.856337412467,0,0.0
3200.8367081185806,0,0.0
2349.914414791494,0,0.0
1541.0663765275306,0,0.0
771.5578952206129,0,0.0
38.94219085578294,0,0.0
-658.9502315799765,0,0.0
-1324.0039807628923,0,0.0
-1957.8343859093234,0,0.0
-2561.8565348634784,0,0.0
-3137.308863185515,0,0.0
-3685.222243349329,0,0.0
-4206.462343098903,0,0.0
-4701.8326880478,0,0.0
-5172.077330279694,0,0.0
-5617.850874938322,0,0.0
-6039.784496104732,0,0.0
-6438.493778629302,0,0.0
-6814.519569099106,0,0.0
-7168.358876930015,0,0.0
-7500.514070563502,0,0.0
-7811.5050699369385,0,0.0
-8101.850487339085,0,0.0
-8372.040259967207,0,0.0
-8622.585059460946,0,0.0
-8854.055158879473,0,0.0
-9067.042380593999,0,0.0
-9262.121127971437,0,0.0
-9439.844682159573,0,0.0
-9600.76804771712,0,0.0
-9745.43570332601,0,0.0
-9874.375396641386,0,0.0
-9988.139916021277,0,0.0
-10087.291757239096,0,0.0
-10172.377410412862,0,0.0
-10243.930706074569,0,0.0
-10302.447568861908,0,0.0
-10348.416856507081,0,0.0
-10382.341766760404,0,0.0
-10404.696220333664,0,0.0
-10415.962341139752,0,0.0
-10416.67152453028,0,0.0
-10407.343528250038,0,0.0
-10388.446721112497,0,0.0
-10360.416062245793,0,0.0
-10323.671877222285,0,0.0
-10278.640764614534,0,0.0
-10225.744367484918,0,0.0
-10165.410720932021,0,0.0
-10098.085521616806,0,0.0
-10024.166952591186,0,0.0
-9944.009298412746,0,0.0
-9857.966472142618,0,0.0
-9766.376946262744,0,0.0
-9669.541461713696,0,0.0
-9567.724196703875,0,0.0
-9461.193350152898,0,0.0
-9350.238779242658,0,0.0
-9235.118455772741,0,0.0
-9116.001809495376,0,0.0
-8993.025862515588,0,0.0
-8866.397006094801,0,0.0
-8736.370105834527,0,0.0
-8603.180836262163,0,0.0
-8467.046596975328,0,0.0
-8328.204318467144,0,0.0
-8186.914009909057,0,0.0
-8043.449411024779,0,0.0
-7898.103239158784,0,0.0
-7751.170880348158,0,0.0
-7602.952329854552,0,0.0
-7453.746961115125,0,0.0
-7303.818410506763,0,0.0
-7153.417492447422,0,0.0
-7002.804766584577,0,0.0
-6852.1877964378245,0,0.0
-6701.7041714904235,0,0.0
-6551.516730730255,0,0.0
-6401.800046468873,0,0.0
-6252.6230863149185,0,0.0
-6104.017368051952,0,0.0
-5956.079774911375,0,0.0
-5808.916886618213,0,0.0
-5662.617278759713,0,0.0
-5517.274610430398,0,0.0
-5372.981200190838,0,0.0
-5229.801727278332,0,0.0
-5087.756993668299,0,0.0
-4946.892602662336,0,0.0
-4807.3129354343355,0,0.0
-4669.103684652506,0,0.0
-4532.32481280048,0,0.0
-4397.034507477576,0,0.0
-4263.272007833537,0,0.0
-4131.092051328775,0,0.0
-4000.59332177569,0,0.0
-3871.864696476093,0,0.0
-3744.9504435246126,0,0.0
-3619.888123680905,0,0.0
-3496.7320388280036,0,0.0
-3375.545317632415,0,0.0
-3256.38811701654,0,0.0
-3139.3100195816237,0,0.0
-3024.3511815396737,0,0.0
-2911.54932014415,0,0.0
-2800.93458289501,0,0.0
-2692.494349114507,0,0.0
-2586.189862115666,0,0.0
-2482.016339007314,0,0.0
-2380.0071398444825,0,0.0
-2280.195860352389,0,0.0
-2182.56626734668,0,0.0
-2087.0682444449153,0,0.0
-1993.7114759554854,0,0.0
-1902.553192128624,0,0.0
-1813.5991369057356,0,0.0
-1726.8165138774843,0,0.0
-1642.1815856266387,0,0.0
-1559.6506852318282,0,0.0
-1479.1663917609544,0,0.0
-1400.7176240058718,0,0.0
-1324.3214504935536,0,0.0
-1249.9671240658326,0,0.0
-1177.637389693446,0,0.0
-1107.3241104789895,0,0.0
-1039.0091571112723,0,0.0
-972.6957958235589,0,0.0
-908.4330241658386,0,0.0
-846.2573362368391,0,0.0
-786.1425533825916,0,0.0
-728.0418674951048,0,0.0
-671.9481096027564,0,0.0
-617.8898792684519,0,0.0
-565.8883973160264,0,0.0
-515.9127091338962,0,0.0
-467.8682105741607,0,0.0
-421.6300523920026,0,0.0
-377.0712217792321,0,0.0
-334.0924905530876,0,0.0
-292.59885526900126,0,0.0
-252.4534092453088,0,0.0
-213.55490233973484,0,0.0
-175.85341648815822,0,0.0
-139.25425491366437,0,0.0
-103.63337139293881,0,0.0
-68.9296187975397,0,0.0
-35.1650435288433,0,0.0
-2.39396081165381,0,0.0
29.32489712051336,0,0.0
59.92603512617996,0,0.0
89.33912516176416,0,0.0
117.49446380904817,0,0.0
144.3295794912665,0,0.0
169.78957621949442,0,0.0
193.83313287172857,0,0.0
216.4566672406266,0,0.0
237.67752965760462,0,0.0
257.4988419528854,0,0.0
275.95443133329115,0,0.0
293.14076797170355,0,0.0
309.1526497210751,0,0.0
324.04706778893694,0,0.0
337.87286849642896,0,0.0
350.6647824145777,0,0.0
362.4447971240026,0,0.0
373.268592911344,0,0.0
383.2337102950399,0,0.0
392.4281768389845,0,0.0
400.90283349761563,0,0.0
408.7008175652226,0,0.0
415.8648820093133,0,0.0
422.4292215383154,0,0.0
428.4150302827844,0,0.0
433.8225099041828,0,0.0
438.656736756164,0,0.0
442.9519614447932,0,0.0
446.7116695869548,0,0.0
449.8829064478328,0,0.0
452.4619931190696,0,0.0
454.5229742097236,0,0.0
456.11745906952257,0,0.0
457.22800460373077,0,0.0
457.8191769034629,0,0.0
457.886869209304,0,0.0
457.4402798641042,0,0.0
456.47193578085756,0,0.0
454.9954161803193,0,0.0
453.0643089520732,0,0.0
450.72769506343474,0,0.0
448.0129399993851,0,0.0
444.9355086498068,0,0.0
441.5253193339889,0,0.0
437.81297710469687,0,0.0
433.7993295238185,0,0.0
429.4873424232057,0,0.0
424.9024111865935,0,0.0
420.0885837268099,0,0.0
415.10531139152346,0,0.0
409.9877287509874,0,0.0
404.7089110609198,0,0.0
399.2300143506218,0,0.0
393.5502734320804,0,0.0
387.68521017993413,0,0.0
381.65422004547753,0,0.0
375.44864908996584,0,0.0
369.03361286094525,0,0.0
362.42217696850565,0,0.0
355.654536442863,0,0.0
348.73161101831005,0,0.0
341.6260025171623,0,0.0
334.306327364599,0,0.0
326.7537124010558,0,0.0
318.9764830959533,0,0.0
311.0075989752654,0,0.0
302.90007566703235,0,0.0
294.7025418528364,0,0.0
286.4512142973234,0,0.0
278.2247798062222,0,0.0
270.16367873671027,0,0.0
262.4247138884577,0,0.0
255.12872288153932,0,0.0
248.3254577074614,0,0.0
242.02670611869544,0,0.0
236.24085946862255,0,0.0
230.94099426005616,0,0.0
226.07883244877476,0,0.0
221.61087634906337,0,0.0
217.4668635951999,0,0.0
213.55235431512926,0,0.0
209.76136729005165,0,0.0
205.96793145385755,0,0.0
202.0571650717554,0,0.0
197.96980386500337,0,0.0
193.68231512915509,0,0.0
189.1620179244996,0,0.0
184.39752085149306,0,0.0
179.43121272193258,0,0.0
174.31458056971468,0,0.0
169.08271446959958,0,0.0
163.77459912964846,0,0.0
158.43462322191877,0,0.0
153.0895234727356,0,0.0
147.74458718982373,0,0.0
142.42041319219447,0,0.0
137.16853790083675,0,0.0
132.0300202962091,0,0.0
127.02155124661607,0,0.0
122.16489198943786,0,0.0
117.48231107407246,0,0.0
112.98298841688566,0,0.0
108.67163884075565,0,0.0
104.54440784589008,0,0.0
100.57680701761952,0,0.0
96.75152695339385,0,0.0
93.07434593119878,0,0.0
89.547088586005,0,0.0
86.14600367337152,0,0.0
82.80811564912547,0,0.0
79.47547403957117,0,0.0
76.12969348148063,0,0.0
72.7791064189017,0,0.0
69.46822644146812,0,0.0
66.24857488336654,0,0.0
63.11121829581376,0,0.0
59.99108006977284,0,0.0
56.86040425154526,0,0.0
53.75461703647804,0,0.0
50.712966675997876,0,0.0
47.74448988309962,0,0.0
44.818060065334876,0,0.0
41.892745466528034,0,0.0
38.970175242993705,0,0.0
36.10659094212347,0,0.0
33.34683167858582,0,0.0
30.670314618567136,0,0.0
28.054172165923475,0,0.0
25.516627190384206,0,0.0
23.08216278433017,0,0.0
20.751098616683574,0,0.0
18.4984004367578,0,0.0
16.316315098538382,0,0.0
14.222787731475874,0,0.0
12.2149920080842,0,0.0
10.281630755548653,0,0.0
8.44458549771702,0,0.0
6.710393616099679,0,0.0
5.024300124787922,0,0.0
3.337166187258218,0,0.0
1.6576562692136165,0,0.0
0.0073830048193347375,0,0.0
-1.631210455360865,0,0.0
-3.301395942053645,0,0.0
-5.041508895511369,0,0.0
-6.872136391517113,0,0.0
-8.775620561360208,0,0.0
-10.744768311010256,0,0.0
-12.844310035919168,0,0.0
-15.132019858848974,0,0.0
-17.59292447423628,0,0.0
-20.176357787459093,0,0.0
-22.798132488607745,0,0.0
-25.353528098759963,0,0.0
-27.77458943135311,0,0.0
-30.00839723889596,0,0.0
-31.968244981039888,0,0.0
-33.5429708810048,0,0.0
-34.63905892514193,0,0.0
-35.21291645821042,0,0.0
-35.2398812243558,0,0.0
-34.712988030650365,0,0.0
-33.689133927707125,0,0.0
-32.26357324137025,0,0.0
-30.520713879382793,0,0.0
-28.552973794314312,0,0.0
-26.49432098398756,0,0.0
-24.47451701631615,0,0.0
-22.579536209213337,0,0.0
-20.86503842784428,0,0.0
-19.360387047652175,0,0.0
-18.099553332975443,0,0.0
-17.11209110238039,0,0.0
-16.37686128786822,0,0.0
-15.851227594266154,0,0.0
-15.493096736029303,0,0.0
-15.253664051367721,0,0.0
-15.10553301004821,0,0.0
-15.029603760570359,0,0.0
-15.004399995182041,0,0.0
-15.048305294710794,0,0.0
-15.1539615092942,0,0.0
-15.24156707710856,0,0.0
-15.27664939417571,0,0.0
-15.280354145677377,0,0.0
-15.236662399148509,0,0.0
-15.114162804195187,0,0.0
-14.915909788538379,0,0.0
-14.666585971795413,0,0.0
-14.363164397451225,0,0.0
-13.978546770532832,0,0.0
-13.511546676198602,0,0.0
-12.973305837008029,0,0.0
-12.377159542090478,0,0.0
-11.75751459380534,0,0.0
-11.139777639606544,0,0.0
-10.5446604896813,0,0.0
-9.999200955684648,0,0.0
-9.48483310373382,0,0.0
-8.973320445578498,0,0.0
-8.490335666618144,0,0.0
-8.073418055606226,0,0.0
-7.736253062205695,0,0.0
-7.4709818737649085,0,0.0
-7.241567580297268,0,0.0
-7.026620246259993,0,0.0
-6.845740194303242,0,0.0
-6.693451138764106,0,0.0
-6.546055544907476,0,0.0
-6.424621063631058,0,0.0
-6.352270657499631,0,0.0
-6.2972605530135475,0,0.0
-6.222510552281326,0,0.0
-6.151116776842042,0,0.0
-6.123561083147911,0,0.0
-6.1484644855310675,0,0.0
-6.2281669970600575,0,0.0
-6.360476362697357,0,0.0
-6.532500767755481,0,0.0
-6.752031282577269,0,0.0
-7.029135691886476,0,0.0
-7.309766753047587,0,0.0
-7.539379794088384,0,0.0
-7.772153882859144,0,0.0
-8.103050520006342,0,0.0
-8.572590337884694,0,0.0
-9.16629504631933,0,0.0
-9.872028911547444,0,0.0
-10.736261561847599,0,0.0
-11.805762419675245,0,0.0
-13.064704124950298,0,0.0
-14.481137084239064,0,0.0
-16.042203432249256,0,0.0
-17.72344933043876,0,0.0
-19.46255545500438,0,0.0
-21.13426938831483,0,0.0
-22.55510531338417,0,0.0
-23.58526683465982,0,0.0
-24.16268288045821,0,0.0
-24.23706377520718,0,0.0
-23.78832585694101,0,0.0
-22.845763847502557,0,0.0
-21.468556782122388,0,0.0
-19.752235251286596,0,0.0
-17.77626313821311,0,0.0
-15.579996489296745,0,0.0
-13.229739446256575,0,0.0
-10.830328155214666,0,0.0
-8.476141770499675,0,0.0
-6.238774014845866,0,0.0
-4.18155278460362,0,0.0
-2.3521205303883863,0,0.0
-0.783114780220402,0,0.0
0.49543623594234826,0,0.0
1.4592445581994757,0,0.0
2.114465169306783,0,0.0
2.496427721012877,0,0.0
2.6394132008607625,0,0.0
2.6011891060842465,0,0.0
2.455074980479398,0,0.0
2.243561825581018,0,0.0
1.9991558119087727,0,0.0
1.7635052692346118,0,0.0
1.5824438866261927,0,0.0
1.4963094589569819,0,0.0
1.5145026473171437,0,0.0
1.61699250644813,0,0.0
1.8041347912452028,0,0.0
2.1125176135982686,0,0.0
2.5514506768564402,0,0.0
3.0675650176461198,0,0.0
3.5961557825464543,0,0.0
4.124234189072728,0,0.0
4.6748412443808105,0,0.0
5.244778033834005,0,0.0
5.793297284482049,0,0.0
6.275792676109038,0,0.0
6.686024641989585,0,0.0
7.058807514524812,0,0.0
7.404365945561845,0,0.0
7.687037880028513,0,0.0
7.867491556159524,0,0.0
7.921380678211136,0,0.0
7.861990924670145,0,0.0
7.738370696831443,0,0.0
7.573406839432839,0,0.0
7.342642644879029,0,0.0
7.0301271781194306,0,0.0
6.671100365472743,0,0.0
6.324356099930123,0,0.0
6.016871849201312,0,0.0
5.744804127881775,0,0.0
5.507516406366431,0,0.0
5.297533039243896,0,0.0
5.103771158765467,0,0.0
4.907389689717794,0,0.0
4.663452824080911,0,0.0
4.3653836473633545,0,0.0
4.044091650296746,0,0.0
3.7005911481933347,0,0.0
3.3395070137463265,0,0.0
2.9661626475825877,0,0.0
2.550349355782886,0,0.0
2.060298964536504,0,0.0
1.4484783255316085,0,0.0
0.6561706230312552,0,0.0
-0.3356443607346315,0,0.0
-1.5286833337551524,0,0.0
-2.9281201550374005,0,0.0
-4.518813923698535,0,0.0
-6.246952489161585,0,0.0
-8.055133671034055,0,0.0
-9.901357303867803,0,0.0
-11.714023948203204,0,0.0
-13.405435023601129,0,0.0
-14.91577612790043,0,0.0
-16.180892233420042,0,0.0
-17.09943230232415,0,0.0
-17.581407323055675,0,0.0
-17.58189031702502,0,0.0
-17.09427058519934,0,0.0
-16.140867373580406,0,0.0
-14.74558096187343,0,0.0
-12.961318296233078,0,0.0
-10.89460175727176,0,0.0
-8.65603205552934,0,0.0
-6.331413812000872,0,0.0
-4.005374431577377,0,0.0
-1.7964422789058003,0,0.0
0.17908123198931977,0,0.0
1.8760148555263187,0,0.0
3.2807402552371094,0,0.0
4.371786752549469,0,0.0
5.1580841420737125,0,0.0
5.657503537523776,0,0.0
5.895338667815506,0,0.0
5.935357369445482,0,0.0
5.830229245506107,0,0.0
5.613972870671948,0,0.0
5.343034466394896,0,0.0
5.074695795495989,0,0.0
4.842400942725828,0,0.0
4.666320453289853,0,0.0
4.558412750336385,0,0.0
4.5191084189792585,0,0.0
4.523300742309647,0,0.0
4.543969131695614,0,0.0
4.599964560682212,0,0.0
4.736126502681239,0,0.0
4.976102584146676,0,0.0
5.2939433404629535,0,0.0
5.650440577324182,0,0.0
6.04233371821594,0,0.0
6.4579766115740584,0,0.0
6.871077806102926,0,0.0
7.2672823224757055,0,0.0
7.625678355143834,0,0.0
7.925866345076897,0,0.0
8.149882353263763,0,0.0
8.288377518218276,0,0.0
8.346409232863232,0,0.0
8.310431009347967,0,0.0
8.169879707374763,0,0.0
7.950255846484324,0,0.0
7.681131041982972,0,0.4
7.397328915796905,0,0.4
7.131166762987242,0,0.4
6.87865756569778,0,0.4
6.626077972276489,0,0.4
6.35732400479499,0,0.4
6.031474731657113,0,0.4
5.615021213595429,0,0.4
5.122563354425489,0,0.4
4.598078271564468,0,0.4
4.104712313839533,0,0.4
3.704734766836944,0,0.4
3.3958236055390234,0,0.4
3.137587249317215,0,0.4
2.914401658362248,0,0.4
2.7163626709219466,0,0.4
2.5184339369834072,0,0.4
2.295284785574511,0,0.4
2.0552419898647245,0,0.4
1.8379995684611603,0,0.4
1.6224616592188297,0,0.4
1.3340202998446113,0,0.4
0.9524818117845889,0,0.4
0.49375902658679494,0,0.4
-0.05274464569717195,0,0.4
-0.7157617118586452,0,0.4
-1.5203402208387276,0,0.4
-2.487733524035183,0,0.4
-3.644375853667988,0,0.4
-5.028925156319818,0,0.4
-6.649436897512108,0,0.4
-8.438784297346299,0,0.4
-10.300012925393641,0,0.4
-12.156963687478273,0,0.4
-13.950316413014107,0,0.4
-15.620650473443048,0,0.4
-17.081863676405288,0,0.4
-18.202554090004938,0,0.4
-18.87451436608505,0,0.4
-19.06342343894824,0,0.4
-18.74979671402211,0,0.4
-17.928390841071273,0,0.4
-16.646371875412495,0,0.4
-14.974878120666348,0,0.4
-13.007194439520166,0,0.4
-10.86927719071014,0,0.4
-8.669251153961474,0,0.4
-6.47291620242997,0,0.4
-4.343915454097568,0,0.4
-2.349626163620823,0,0.4
-0.5355748062826028,0,0.4
1.0535873777970453,0,0.4
2.374618285759379,0,0.4
3.4266432350150495,0,0.4
4.22718756172815,0,0.4
4.78301863613654,0,0.4
5.102957151957736,0,0.4
5.201953718405926,0,0.4
5.114187884630743,0,0.4
4.894719032506991,0,0.4
4.611267894839034,0,0.4
4.318130212797432,0,0.4
4.02331042343372,0,0.4
3.7324393944597487,0,0.4
3.4795088628656834,0,0.4
3.293626915418892,0,0.4
3.200337214089601,0,0.4
3.2147631245368267,0,0.4
3.338971589002131,0,0.4
3.5986233380163624,0,0.4
3.9995145370822005,0,0.4
4.474802954862782,0,0.4
4.935001807640384,0,0.4
5.337379847385364,0,0.4
5.6965923890689885,0,0.4
6.02649545468968,0,0.4
6.327295562265367,0,0.4
6.614775045701393,0,0.4
6.888318419896123,0,0.4
7.1193491958940625,0,0.4
7.274814489701274,0,0.4
7.362430629223036,0,0.4
7.4174508138799915,0,0.4
7.419041730598897,0,0.4
7.350349425807084,0,0.4
7.255740112979003,0,0.4
7.167910181831899,0,0.4
7.084885573488911,0,0.4
6.9685850077599465,0,0.4
6.759996223725357,0,0.4
6.470751181646688,0,0.4
6.177429641416741,0,0.4
5.902616392972738,0,0.4
5.626239933604546,0,0.4
5.365846238383694,0,0.4
5.125761816118928,0,0.4
4.843904578015553,0,0.4
4.475073958976705,0,0.4
4.041898369305634,0,0.4
3.5667023449024975,0,0.4
3.0487620829540507,0,0.4
2.508896716049021,0,0.4
1.9953599282160357,0,0.4
1.5265518183666609,0,0.4
1.0458931729123386,0,0.4
0.46014495434228264,0,0.4
-0.2793857511023212,0,0.4
-1.1558602017995643,0,0.4
-2.154005944529809,0,0.4
-3.3080944136327113,0,0.4
-4.667787293485824,0,0.4
-6.2411648824613914,0,0.4
-7.999439538552697,0,0.4
-9.89690325397196,0,0.4
-11.837342807784148,0,0.4
-13.69125358377942,0,0.4
-15.364929708217323,0,0.4
-16.779185727912484,0,0.4
-17.84175127522703,0,0.4
-18.496289807582105,0,0.4
-18.731547705187413,0,0.4
-18.540900489046578,0,0.4
-17.893393218208494,0,0.4
-16.773734569399668,0,0.4
-15.240718481733126,0,0.4
-13.390824585561719,0,0.4
-11.301194771316705,0,0.4
-9.038048765796148,0,0.4
-6.696369113392274,0,0.4
-4.3973968717649,0,0.4
-2.2514825951454287,0,0.4
-0.33045601071879893,0,0.4
1.3334696073364625,0,0.4
2.7099845042219606,0,0.4
3.777147755684682,0,0.4
4.553912821779086,0,0.4
5.072317799540272,0,0.4
5.350936709501169,0,0.4
5.417053361207028,0,0.4
5.320050054495987,0,0.4
5.116663649121445,0,0.4
4.862707662875468,0,0.4
4.598273718035131,0,0.4
4.355405561679962,0,0.4
4.172229881019137,0,0.4
4.048471701048911,0,0.4
3.943336363554402,0,0.4
3.859553558157966,0,0.4
3.860830586975039,0,0.4
4.009083182960679,0,0.4
4.32299880210207,0,0.4
4.762153472181046,0,0.4
5.23534682426425,0,0.4
5.66445366740519,0,0.4
6.041298242517635,0,0.4
6.373388705550407,0,0.4
6.6515091863147395,0,0.4
6.90599244527854,0,0.4
7.163884578156728,0,0.4
7.383851554765115,0,0.4
7.521163150365101,0,0.4
7.555760274312133,0,0.4
7.47065831790308,1,0.4
7.286160013095731,0,0.4
7.042032153364349,0,0.4
6.773699529314442,0,0.4
6.5319068925710075,0,0.4
6.346809002122198,0,0.4
6.192424157398688,0,0.4
6.0239260203327465,0,0.4
5.83099472926582,0,0.4
5.601651518455517,0,0.4
5.291824768024874,0,0.4
4.919888698484752,0,0.4
4.549521449907977,0,0.4
4.1883342707304845,0,0.4
3.8375043999781897,0,0.4
3.4953791584011467,0,0.4
3.108966818265042,0,0.4
2.6441707498098816,0,0.4
2.1083991664978714,0,0.4
1.4802439183699123,0,0.4
0.7095644308719511,0,0.4
-0.21474560964052875,0,0.4
-1.2717546343253827,0,0.4
-2.4659564400610003,0,0.4
-3.8102177443124337,0,0.4
-5.301928160229388,0,0.4
-6.942192118427412,0,0.4
-8.715081859305936,0,0.4
-10.54356167199819,0,0.4
-12.312238754955489,0,0.4
-13.922167200261951,0,0.4
-15.315679491390542,0,0.4
-16.45981098437771,0,0.4
-17.304151338198313,0,0.4
-17.78789258042679,0,0.4
-17.846312117982873,0,0.4
-17.425722788071276,0,0.4
-16.551505607382584,0,0.4
-15.302975921560774,0,0.4
-13.747805587029644,0,0.4
-11.938708093380923,0,0.4
-9.939031711973616,0,0.4
-7.852323128758089,0,0.4
-5.762805992883124,0,0.4
-3.709440778200205,0,0.4
-1.7510768541879222,0,0.4
0.0618624987916116,0,0.4
1.691995810694398,0,0.4
3.0726463766948378,0,0.4
4.174041292618152,0,0.4
5.0311188006963325,0,0.4
5.664244517319413,0,0.4
6.050787655951806,0,0.4
6.186885014006028,0,0.4
6.116760309655193,1,0.4
5.889616598029607,0,0.4
5.546617523042038,0,0.4
5.14301517673493,0,0.4
4.756783609198446,0,0.4
4.460963348609026,0,0.4
4.262243785608248,0,0.4
4.130776389790534,0,0.4
4.07723396535915,0,0.4
4.122127418513532,0,0.4
4.255848017712502,0,0.4
4.456750079180333,0,0.4
4.7089157966982755,0,0.4
5.001117466406665,0,0.4
5.311398194236965,0,0.4
5.617583426424161,0,0.4
5.931842304171783,0,0.4
6.270362289853859,0,0.4
6.596438056080544,0,0.4
6.873870642060348,0,0.4
7.091512219543045,0,0.4
7.228044964005885,0,0.4
7.314197150201048,0,0.4
7.398607621183391,0,0.4
7.453643680776901,0,0.4
7.445701128668693,0,0.4
7.386006589333873,0,0.4
7.277999867567742,0,0.4
7.110892784088468,0,0.4
6.892474246432121,0,0.4
6.633088370621683,0,0.4
6.326214522447176,0,0.4
5.962298089438094,0,0.4
5.53528784766597,0,0.4
5.048985944144414,0,0.4
4.535252690307165,0,0.4
4.044181288433056,0,0.4
3.61170049932361,0,0.4
3.2496363988748715,0,0.4
2.94212131129844,0,0.4
2.6611333085366233,0,0.4
2.4074362235073536,0,0.4
2.1917391960868624,0,0.4
1.9709156329907176,0,0.4
1.6715018093016145,0,0.4
1.2518707820167438,0,0.4
0.6873509915620762,0,0.4
-0.02244458111466828,0,0.4
-0.8458753098601277,0,0.4
-1.7830997606577115,0,0.4
-2.872557882420163,0,0.4
-4.142127733787811,0,0.4
-5.5794555719324785,0,0.4
-7.1427126861712225,0,0.4
-8.797681613389202,0,0.4
-10.518100271075857,0,0.4
-12.265430251853916,0,0.4
-13.970935913375945,0,0.4
-15.531771597671078,0,0.4
-16.84500921000723,0,0.4
-17.836000641569736,0,0.4
-18.451526383675013,0,0.4
-18.642550483307392,0,0.4
-18.363353916141836,0,0.4
-17.59018614684055,0,0.4
-16.352417627078044,0,0.4
-14.729635123746121,0,0.4
-12.811943046133457,0,0.4
-10.682600841006018,0,0.4
-8.41854189808223,0,0.4
-6.114260742204705,0,0.4
-3.9053398967605557,0,0.4
-1.9010381922708615,0,0.4
-0.11048434872246453,0,0.4
1.4778337931883563,0,0.4
2.8329475552045635,0,0.4
3.9283980801229905,0,0.4
4.722361165373886,0,0.4
5.165321024656612,0,0.4
5.287769473624501,0,0.4
5.189670145946803,0,0.4
4.972608482209015,0,0.4
4.697811332375165,0,0.4
4.386055368254337,0,0.4
4.072690667768944,0,0.4
3.8113156650730486,0,0.4
3.6284874507888962,0,0.4
3.513705697826809,0,0.4
3.454287592100697,0,0.4
3.467816381562436,0,0.4
3.5641148698567995,0,0.4
3.711080024500474,0,0.4
3.8804905617971235,0,0.4
4.097186992541537,0,0.4
4.405591861656342,0,0.4
4.805573675671499,0,0.4
5.251641155721426,0,0.4
5.695797765017281,0,0.4
6.1093992048443555,0,0.4
6.483681604382122,0,0.4
6.8182973342589355,0,0.4
7.085551004552477,0,0.4
7.259682286108433,0,0.4
7.374439613046119,0,0.4
7.460913439742455,0,0.4
7.493754605499682,0,0.4
7.434506368548988,1,0.4
7.267350704982281,0,0.4
7.023402949258219,0,0.4
6.758249298449282,0,0.4
6.503547234560942,0,0.4
6.264915537251276,0,0.4
6.0228721212204555,0,0.4
5.750977773986217,0,0.4
5.4321146169816865,0,0.4
5.0755783956447384,0,0.4
4.719789030449728,0,0.4
4.372651471955352,0,0.4
4.008499060966576,0,0.4
3.634374997908077,0,0.4
3.288399510614719,0,0.4
2.971204635555309,0,0.4
2.6579993122758157,0,0.4
2.3579738762147056,0,0.4
2.100952055493661,0,0.4
1.8791706574651084,0,0.4
1.6065303450379165,0,0.4
1.2069690524788075,0,0.4
0.6872996752396088,0,0.4
0.04295604549362313,0,0.4
-0.760560916547227,0,0.4
-1.7189120103330107,0,0.4
-2.8283209830142932,0,0.4
-4.117895289305968,0,0.4
-5.596720420886757,0,0.4
-7.250051679888718,0,0.4
-9.043171312328784,0,0.4
-10.88973506301441,0,0.4
-12.683180296900336,0,0.4
-14.354580467058511,0,0.4
-15.86346970091285,0,0.4
-17.1260702190675,0,0.4
-18.005381738865267,0,0.4
-18.408531306524402,0,0.4
-18.3311962521521,0,0.4
-17.796812826638995,0,0.4
-16.805813216433666,0,0.4
-15.360959349122128,0,0.4
-13.515691963346422,0,0.4
-11.363302064111949,0,0.4
-9.024760708056792,0,0.4
-6.659335405778909,0,0.4
-4.402377718748373,0,0.4
-2.3091427336334114,0,0.4
-0.4074020192690434,0,0.4
1.2586938973515747,0,0.4
2.6443735251006086,0,0.4
3.709060391583817,0,0.4
4.459993704501072,0,0.4
4.975967160274665,0,0.4
5.314791912155673,0,0.4
5.481393932130951,0,0.4
5.489005233205605,0,0.4
5.357912404833809,0,0.4
5.112698085437025,0,0.4
4.801309188064478,0,0.4
4.454000274434074,0,0.4
4.082916772773012,0,0.4
3.7465958169301,0,0.4
3.5283827146151765,0,0.4
3.456769165578526,0,0.4
3.5087747306039687,0,0.4
3.65743120548645,0,0.4
3.891391024487879,0,0.4
4.220262966256045,0,0.4
4.622752354414121,0,0.4
5.021406021005201,0,0.4
5.386177396101292,0,0.4
5.764475455461779,0,0.4
6.172940666662451,0,0.4
6.562731100139553,0,0.4
6.884004717110961,0,0.4
7.114696751815004,0,0.4
7.247256565422494,0,0.4
7.288164250557498,0,0.4
7.267313418387843,1,0.9200387867348971
7.220104292791671,0,0.9200387867348971
7.156794879281913,0,0.9200387867348971
7.072995423509802,0,0.9200387867348971
6.956744192549083,0,0.9200387867348971
6.800247624133,0,0.9200387867348971
6.6097144560545456,0,0.9200387867348971
6.3772285934251665,0,0.9200387867348971
6.115076351249951,0,0.9200387867348971
5.87493348292623,0,0.9200387867348971
5.6620859672175925,0,0.9200387867348971
5.425711452507701,0,0.9200387867348971
5.143961999411086,0,0.9200387867348971
4.841772148097132,0,0.9200387867348971
4.551040348965415,0,0.9200387867348971
4.273989874940006,0,0.9200387867348971
3.9838659926040205,0,0.9200387867348971
3.671500335204655,0,0.9200387867348971
3.3519156683022358,0,0.9200387867348971
3.027526177715159,0,0.9200387867348971
2.689190339279147,0,0.9200387867348971
2.340387350419032,0,0.9200387867348971
1.9660580554310318,0,0.9200387867348971
1.5257334132437113,0,0.9200387867348971
1.001871198651642,0,0.9200387867348971
0.3796703862710717,0,0.9200387867348971
-0.37320153533367734,0,0.9200387867348971
-1.2852118972405469,0,0.9200387867348971
-2.376944105145001,0,0.9200387867348971
-3.6653359553287173,0,0.9200387867348971
-5.160460997574496,0,0.9200387867348971
-6.827490550989779,0,0.9200387867348971
-8.59745152290285,0,0.9200387867348971
-10.425352753145745,0,0.9200387867348971
-12.26449557692004,0,0.9200387867348971
-14.027229253327965,0,0.9200387867348971
-15.614506982031125,0,0.9200387867348971
-16.955277100249155,0,0.9200387867348971
-17.993843216859492,0,0.9200387867348971
-18.648833977152588,0,0.9200387867348971
-18.83187514657049,0,0.9200387867348971
-18.511753175676542,0,0.9200387867348971
-17.71804508768126,0,0.9200387867348971
-16.489283191223027,0,0.9200387867348971
-14.872918078841305,0,0.9200387867348971
-12.949551732979801,0,0.9200387867348971
-10.80533994897395,0,0.9200387867348971
-8.52247250173138,0,0.9200387867348971
-6.218710873522308,0,0.9200387867348971
-4.035677481637243,0,0.9200387867348971
-2.0629281760265252,0,0.9200387867348971
-0.3310572479384091,0,0.9200387867348971
1.1448321842608618,0,0.9200387867348971
2.373743963701795,0,0.9200387867348971
3.3663363904342862,0,0.9200387867348971
4.10221363558374,0,0.9200387867348971
4.58495045353494,0,0.9200387867348971
4.865451517581246,0,0.9200387867348971
4.97787935455433,0,0.9200387867348971
4.935480186567098,0,0.9200387867348971
4.791127207763853,0,0.9200387867348971
4.614331291583964,0,0.9200387867348971
4.429324016208763,0,0.9200387867348971
4.219394797758471,0,0.9200387867348971
3.9820123653037114,0,0.9200387867348971
3.774250356886959,0,0.9200387867348971
3.659159008975924,0,0.9200387867348971
3.6505588497285455,0,0.9200387867348971
3.741328112548574,0,0.9200387867348971
3.904934852885919,0,0.9200387867348971
4.100363145571185,0,0.9200387867348971
4.318955280417314,0,0.9200387867348971
4.571569654977071,0,0.9200387867348971
4.869871295337472,0,0.9200387867348971
5.248100062766969,0,0.9200387867348971
5.709836205680243,0,0.9200387867348971
6.20416415195045,0,0.9200387867348971
6.6859156475902335,0,0.9200387867348971
7.105005130900011,0,0.9200387867348971
7.409764670252565,0,0.9200387867348971
7.6056512638195946,0,0.9200387867348971
7.712401783544736,0,0.9200387867348971
7.715065668235345,0,0.9200387867348971
7.61392725100152,1,0.9312576394570309
7.447659299580136,0,0.9312576394570309
7.247671860903437,0,0.9312576394570309
7.004229740959571,0,0.9312576394570309
6.702430281232824,0,0.9312576394570309
6.365761659669958,0,0.9312576394570309
6.043208473745694,0,0.9312576394570309
5.768750157558315,0,0.9312576394570309
5.521931381193226,0,0.9312576394570309
5.253180028633667,0,0.9312576394570309
4.965293033736312,0,0.9312576394570309
4.7010571767929665,0,0.9312576394570309
4.478326414135658,0,0.9312576394570309
4.282785725922401,0,0.9312576394570309
4.065459912602323,0,0.9312576394570309
3.761013721745817,0,0.9312576394570309
3.346558484837188,0,0.9312576394570309
2.874216102856591,0,0.9312576394570309
2.420918881093105,0,0.9312576394570309
2.006090179554338,0,0.9312576394570309
1.582204701501754,0,0.9312576394570309
1.0802467152357542,0,0.9312576394570309
0.4542329034663756,0,0.9312576394570309
-0.285288323314863,0,0.9312576394570309
-1.102474749332999,0,0.9312576394570309
-2.0162911916667197,0,0.9312576394570309
-3.0947923742419263,0,0.9312576394570309
-4.385561351712495,0,0.9312576394570309
-5.887412457737633,0,0.9312576394570309
-7.563221538481911,0,0.9312576394570309
-9.346301187540526,0,0.9312576394570309
-11.14122292619518,0,0.9312576394570309
-12.863550566897102,0,0.9312576394570309
-14.45621190897802,0,0.9312576394570309
-15.84613140051416,0,0.9312576394570309
-16.926633242244858,0,0.9312576394570309
-17.620775821706708,0,0.9312576394570309
-17.921056532906388,0,0.9312576394570309
-17.81959185396494,0,0.9312576394570309
-17.27085221486072,0,0.9312576394570309
-16.246670525663415,0,0.9312576394570309
-14.796634550389124,0,0.9312576394570309
-13.034658159876852,0,0.9312576394570309
-11.060430674340749,0,0.9312576394570309
-8.94694646296177,0,0.9312576394570309
-6.787577454755849,0,0.9312576394570309
-4.6982628310274865,0,0.9312576394570309
-2.75916714752596,0,0.9312576394570309
-0.9827254179252886,0,0.9312576394570309
0.6246694024937465,0,0.9312576394570309
2.0044351064421253,0,0.9312576394570309
3.0908446809105463,0,0.9312576394570309
3.8795706525718563,0,0.9312576394570309
4.4222775901443985,0,0.9312576394570309
4.771650024400412,0,0.9312576394570309
4.9305738616175425,0,0.9312576394570309
4.896544868560444,0,0.9312576394570309
4.747884114173788,0,0.9312576394570309
4.579889281825374,0,0.9312576394570309
4.405545072238502,0,0.9312576394570309
4.218578589939651,0,0.9312576394570309
4.054577566103394,0,0.9312576394570309
3.9389780449119933,0,0.9312576394570309
3.8694048320935095,0,0.9312576394570309
3.838885455166905,0,0.9312576394570309
3.8522465735518088,0,0.9312576394570309
3.9435233628973467,0,0.9312576394570309
4.119447573627011,0,0.9312576394570309
4.328966054263641,0,0.9312576394570309
4.550957485580788,0,0.9312576394570309
4.830003659792771,0,0.9312576394570309
5.190437576565285,0,0.9312576394570309
5.5757814797133,0,0.9312576394570309
5.935972658208398,0,0.9312576394570309
6.285964315318694,0,0.9312576394570309
6.622685093873976,0,0.9312576394570309
6.910758438563033,0,0.9312576394570309
7.143531079875331,0,0.9312576394570309
7.321553878996369,0,0.9312576394570309
7.427487461357253,0,0.9312576394570309
7.464695086284241,0,0.9312576394570309
7.46015317419215,1,0.9385867358551578
7.426488577981213,0,0.9385867358551578
7.363530991351389,0,0.9385867358551578
7.274423783340013,0,0.9385867358551578
7.160457514007379,0,0.9385867358551578
7.013360245811629,0,0.9385867358551578
6.798878603243464,0,0.9385867358551578
6.472074590902112,0,0.9385867358551578
6.022747548468969,0,0.9385867358551578
5.500094563029519,0,0.9385867358551578
4.979916705352997,0,0.9385867358551578
4.488411867733285,0,0.9385867358551578
4.005100747562982,0,0.9385867358551578
3.513040436878402,0,0.9385867358551578
3.0027933793597366,0,0.9385867358551578
2.4677780697315312,0,0.9385867358551578
1.9036215537844008,0,0.9385867358551578
1.3062196184801234,0,0.9385867358551578
0.6751750544483843,0,0.9385867358551578
0.01137690221859506,0,0.9385867358551578
-0.7198880486623276,0,0.9385867358551578
-1.5993206567152292,0,0.9385867358551578
-2.669097398906939,0,0.9385867358551578
-3.9039246705392388,0,0.9385867358551578
-5.28287309430984,0,0.9385867358551578
-6.782421796780553,0,0.9385867358551578
-8.349154883249502,0,0.9385867358551578
-9.951084322617957,0,0.9385867358551578
-11.574673910301783,0,0.9385867358551578
-13.174018756002718,0,0.9385867358551578
-14.680039912249269,0,0.9385867358551578
-16.020420396168372,0,0.9385867358551578
-17.09197348899079,0,0.9385867358551578
-17.76006566849181,0,0.9385867358551578
-17.92913758315096,0,0.9385867358551578
-17.572920444351176,0,0.9385867358551578
-16.713918576677237,0,0.9385867358551578
-15.426508831450583,0,0.9385867358551578
-13.808473938465635,0,0.9385867358551578
-11.933408025265193,0,0.9385867358551578
-9.859086420690366,0,0.9385867358551578
-7.662985669318969,0,0.9385867358551578
-5.440190646323787,0,0.9385867358551578
-3.269162953615407,0,0.9385867358551578
-1.222470608036631,0,0.9385867358551578
0.6159667511618122,0,0.9385867358551578
2.193276239865228,0,0.9385867358551578
3.501461465882193,0,0.9385867358551578
4.5303071052545985,0,0.9385867358551578
5.253702146350944,0,0.9385867358551578
5.674182404965997,0,0.9385867358551578
5.8446826615629455,0,0.9385867358551578
5.819378724485073,0,0.9385867358551578
5.617282388376385,0,0.9385867358551578
5.268813416290105,0,0.9385867358551578
4.842859778823103,0,0.9385867358551578
4.40704461594909,0,0.9385867358551578
4.001097045984528,0,0.9385867358551578
3.641505606895583,0,0.9385867358551578
3.3581368158276046,0,0.9385867358551578
3.2063002402153153,0,0.9385867358551578
3.2050100520877622,0,0.9385867358551578
3.333247053973847,0,0.9385867358551578
3.5834821061058095,0,0.9385867358551578
3.9507644209943074,0,0.9385867358551578
4.401715507963674,0,0.9385867358551578
4.891956522549728,0,0.9385867358551578
5.403813893676527,0,0.9385867358551578
5.935160070340439,0,0.9385867358551578
6.4575375305576665,0,0.9385867358551578
6.901189667622336,0,0.9385867358551578
7.202313694757985,0,0.9385867358551578
7.36063035497508,0,0.9385867358551578
7.414479906481922,0,0.9385867358551578
7.390752152554684,1,0.9424090279084206
7.315492098792953,0,0.9424090279084206
7.239462507508101,0,0.9424090279084206
7.192784153660189,0,0.9424090279084206
7.15680194719017,0,0.9424090279084206
7.1169400536968945,0,0.9424090279084206
7.052749336688738,0,0.9424090279084206
6.9094095890414815,0,0.9424090279084206
6.666759209775441,0,0.9424090279084206
6.361050766017542,0,0.9424090279084206
6.020060971160824,0,0.9424090279084206
5.638818978770374,0,0.9424090279084206
5.211371163963729,0,0.9424090279084206
4.7499065162187515,0,0.9424090279084206
4.2683522963073335,0,0.9424090279084206
3.7574552485442774,0,0.9424090279084206
3.17865679229745,0,0.9424090279084206
2.4894660652347427,0,0.9424090279084206
1.6581535933917602,0,0.9424090279084206
0.676099391611348,0,0.9424090279084206
-0.44858076185520235,0,0.9424090279084206
-1.7360844214573212,0,0.9424090279084206
-3.2160828671624495,0,0.9424090279084206
-4.874935572927201,0,0.9424090279084206
-6.66825479879382,0,0.9424090279084206
-8.550466709203748,0,0.9424090279084206
-10.460793219785273,0,0.9424090279084206
-12.323148134684669,0,0.9424090279084206
-14.068772752304646,0,0.9424090279084206
-15.59279227962812,0,0.9424090279084206
-16.753623615423525,0,0.9424090279084206
-17.46423255892341,0,0.9424090279084206
-17.693808944362477,0,0.9424090279084206
-17.423841855210654,0,0.9424090279084206
-16.67714388550101,0,0.9424090279084206
-15.513431922956471,0,0.9424090279084206
-13.970757207554472,0,0.9424090279084206
-12.097352305166782,0,0.9424090279084206
-9.999144157380542,0,0.9424090279084206
-7.795972348440998,0,0.9424090279084206
-5.595987601548968,0,0.9424090279084206
-3.486904364048858,0,0.9424090279084206
-1.520111839989582,0,0.9424090279084206
0.24126121869341438,0,0.9424090279084206
1.7153927275871488,0,0.9424090279084206
2.8938769453737487,0,0.9424090279084206
3.8360245120452836,0,0.9424090279084206
4.567208742248214,0,0.9424090279084206
5.0634235801608565,0,0.9424090279084206
5.32706062282453,0,0.9424090279084206
5.4084737852413625,0,0.9424090279084206
5.342068468681068,0,0.9424090279084206
5.160486028318954,0,0.9424090279084206
4.926173981299197,0,0.9424090279084206
4.689378426989885,0,0.9424090279084206
4.484486386863702,0,0.9424090279084206
4.328419333154426,0,0.9424090279084206
4.2092052003039235,0,0.9424090279084206
4.113278282323401,0,0.9424090279084206
4.054034393680207,0,0.9424090279084206
4.064390473528543,0,0.9424090279084206
4.15491816723147,0,0.9424090279084206
4.314748147555731,0,0.9424090279084206
4.541308952210864,0,0.9424090279084206
4.844970400985591,0,0.9424090279084206
5.2253582927038655,0,0.9424090279084206
5.645319090264432,0,0.9424090279084206
6.060556955387573,0,0.9424090279084206
6.436248070229573,0,0.9424090279084206
6.736994790742288,0,0.9424090279084206
6.96027001754484,0,0.9424090279084206
7.137883006755585,0,0.9424090279084206
7.2732603935587035,0,0.9424090279084206
7.346012513177645,0,0.9424090279084206
7.3652645590452925,0,0.9424090279084206
7.340559663544908,1,0.9459136725885882
7.25935758194201,0,0.9459136725885882
7.122056555070004,0,0.9459136725885882
6.944110532050562,0,0.9459136725885882
6.737975843502832,0,0.9459136725885882
6.513663551217318,0,0.9459136725885882
6.292851373430427,0,0.9459136725885882
6.093905035189762,0,0.9459136725885882
5.897631900592354,0,0.9459136725885882
5.6697089712646,0,0.9459136725885882
5.404424899702055,0,0.9459136725885882
5.120401155744907,0,0.9459136725885882
4.838618153329558,0,0.9459136725885882
4.575232498594777,0,0.9459136725885882
4.330171820122179,0,0.9459136725885882
4.079179369401122,0,0.9459136725885882
3.7909764131588064,0,0.9459136725885882
3.456393544232633,0,0.9459136725885882
3.0913065864431046,0,0.9459136725885882
2.7004921331081424,0,0.9459136725885882
2.275480634122527,0,0.9459136725885882
1.8187599836673907,0,0.9459136725885882
1.3045329845101103,0,0.9459136725885882
0.6672126913194137,0,0.9459136725885882
-0.1258397288560914,0,0.9459136725885882
-1.0474816985702537,0,0.9459136725885882
-2.0881640212735597,0,0.9459136725885882
-3.2946532362135,0,0.9459136725885882
-4.682961358219509,0,0.9459136725885882
-6.228097761456434,0,0.9459136725885882
-7.927257470979931,0,0.9459136725885882
-9.762819270168213,0,0.9459136725885882
-11.666064286942088,0,0.9459136725885882
-13.54269610326136,0,0.9459136725885882
-15.285368677110286,0,0.9459136725885882
-16.776818011541568,0,0.9459136725885882
-17.921424802826294,0,0.9459136725885882
-18.665281885778615,0,0.9459136725885882
-18.978695530643527,0,0.9459136725885882
-18.833379690320253,0,0.9459136725885882
-18.21301953115755,0,0.9459136725885882
-17.14754655847554,0,0.9459136725885882
-15.698997740943483,0,0.9459136725885882
-13.942845277926764,0,0.9459136725885882
-11.96419366038909,0,0.9459136725885882
-9.833960152839548,0,0.9459136725885882
-7.624089121917589,0,0.9459136725885882
-5.429398708553714,0,0.9459136725885882
-3.3502342034103476,0,0.9459136725885882
-1.4751507051466768,0,0.9459136725885882
0.1303247096418069,0,0.9459136725885882
1.4339793988029883,0,0.9459136725885882
2.4342753287490395,0,0.9459136725885882
3.1640021223442845,0,0.9459136725885882
3.6804951885135186,0,0.9459136725885882
4.010489744336541,0,0.9459136725885882
4.156823129795947,0,0.9459136725885882
4.160447007837853,0,0.9459136725885882
4.076468973466782,0,0.9459136725885882
3.9292548248639063,0,0.9459136725885882
3.7321998438744544,0,0.9459136725885882
3.5181510897265604,0,0.9459136725885882
3.3333707396968397,0,0.9459136725885882
3.204315321322693,0,0.9459136725885882
3.1373947574094907,0,0.9459136725885882
3.1402931436797243,0,0.9459136725885882
3.2294964050516914,0,0.9459136725885882
3.426799866106658,0,0.9459136725885882
3.7131733873689843,0,0.9459136725885882
4.040679442493297,0,0.9459136725885882
4.412980064409112,0,0.9459136725885882
4.842632084565272,0,0.9459136725885882
5.287345740009756,0,0.9459136725885882
5.700960702854027,0,0.9459136725885882
6.067339752827941,0,0.9459136725885882
6.38494049249787,0,0.9459136725885882
6.649330698623672,0,0.9459136725885882
6.856047698832018,0,0.9459136725885882
7.017625196252561,0,0.9459136725885882
7.1444795610336875,0,0.9459136725885882
7.232138841753465,0,0.9459136725885882
7.267718237462667,0,0.9459136725885882
7.218699431255874,1,0.9495041454689435
7.078362623767255,0,0.9495041454689435
6.8849256096537745,0,0.9495041454689435
6.643069211770755,0,0.9495041454689435
6.340083961494314,0,0.9495041454689435
5.99031915040805,0,0.9495041454689435
5.621647060253957,0,0.9495041454689435
5.285462583088066,0,0.9495041454689435
5.001482933207947,0,0.9495041454689435
4.73431014014344,0,0.9495041454689435
4.470788572671461,0,0.9495041454689435
4.238743045892469,0,0.9495041454689435
4.053640899341628,0,0.9495041454689435
3.881511941878854,0,0.9495041454689435
3.6748755557963277,0,0.9495041454689435
3.4120079540556048,0,0.9495041454689435
3.094891844584582,0,0.9495041454689435
2.739758640987566,0,0.9495041454689435
2.35262443301772,0,0.9495041454689435
1.9151961499917267,0,0.9495041454689435
1.3976039534785314,0,0.9495041454689435
0.7660881589690988,0,0.9495041454689435
-0.016537347326825505,0,0.9495041454689435
-0.977876063947356,0,0.9495041454689435
-2.119159216069339,0,0.9495041454689435
-3.4133745318058426,0,0.9495041454689435
-4.83752717855133,0,0.9495041454689435
-6.413309647351459,0,0.9495041454689435
-8.158425602031066,0,0.9495041454689435
-9.996452612504505,0,0.9495041454689435
-11.816363865888478,0,0.9495041454689435
-13.556714547089781,0,0.9495041454689435
-15.155660161797753,0,0.9495041454689435
-16.525643997179667,0,0.9495041454689435
-17.579549067225205,0,0.9495041454689435
-18.2273786978284,0,0.9495041454689435
-18.38760935415886,0,0.9495041454689435
-18.023374918147123,0,0.9495041454689435
-17.13532899875771,0,0.9495041454689435
-15.759902814831028,0,0.9495041454689435
-14.01172106065196,0,0.9495041454689435
-12.027768739616345,0,0.9495041454689435
-9.88238145545398,0,0.9495041454689435
-7.638877471818565,0,0.9495041454689435
-5.380571202453326,0,0.9495041454689435
-3.1789317287500003,0,0.9495041454689435
-1.1146120907125918,0,0.9495041454689435
0.7220079746492559,0,0.9495041454689435
2.2611640646877116,0,0.9495041454689435
3.4696760297795666,0,0.9495041454689435
4.363716303961951,0,0.9495041454689435
4.987049217859807,0,0.9495041454689435
5.368790885016049,0,0.9495041454689435
5.518354359773614,0,0.9495041454689435
5.463593210391798,0,0.9495041454689435
5.248438357887477,0,0.9495041454689435
4.90652367848454,0,0.9495041454689435
4.500682187355588,0,0.9495041454689435
4.104389855531441,0,0.9495041454689435
3.7411858567535408,0,0.9495041454689435
3.4261910224284358,0,0.9495041454689435
3.1855863182985646,0,0.9495041454689435
3.0289706052806737,0,0.9495041454689435
2.973017168791719,0,0.9495041454689435
3.0396804431973736,0,0.9495041454689435
3.2259825155149473,0,0.9495041454689435
3.5313559884372974,0,0.9495041454689435
3.9626677078744246,0,0.9495041454689435
4.488810654241712,0,0.9495041454689435
5.0604611873864656,0,0.9495041454689435
5.640776049122545,0,0.9495041454689435
6.184235357549922,0,0.9495041454689435
6.648217781248549,0,0.9495041454689435
7.019721660865132,0,0.9495041454689435
7.302726396507926,0,0.9495041454689435
7.495179990310393,0,0.9495041454689435
7.597089749640784,0,0.9495041454689435
7.630209743058704,0,0.9495041454689435
7.619872733473264,1,0.9522852101115998
7.5757097407357445,0,0.9522852101115998
7.500310316342817,0,0.9522852101115998
7.403724535317262,0,0.9522852101115998
7.298130995009565,0,0.9522852101115998
7.184661932415704,0,0.9522852101115998
7.051204633589475,0,0.9522852101115998
6.855911077115409,0,0.9522852101115998
6.564879601788174,0,0.9522852101115998
6.206711031298124,0,0.9522852101115998
5.824146192721945,0,0.9522852101115998
5.445028460813962,0,0.9522852101115998
5.106090863435587,0,0.9522852101115998
4.826195008330266,0,0.9522852101115998
4.58736929984277,0,0.9522852101115998
4.353557925855452,0,0.9522852101115998
4.0932734146188,0,0.9522852101115998
3.7945672400992834,0,0.9522852101115998
3.460537387569636,0,0.9522852101115998
3.0994878713069562,0,0.9522852101115998
2.703681464052666,0,0.9522852101115998
2.255583755139506,0,0.9522852101115998
1.7559168613169536,0,0.9522852101115998
1.186137113748604,0,0.9522852101115998
0.5028266179938059,0,0.9522852101115998
-0.29988262994864023,0,0.9522852101115998
-1.2299627077366293,0,0.9522852101115998
-2.3482690128321884,0,0.9522852101115998
-3.668075774751508,0,0.9522852101115998
-5.108194433061604,0,0.9522852101115998
-6.6152035142644,0,0.9522852101115998
-8.202964146642284,0,0.9522852101115998
-9.870041028468831,0,0.9522852101115998
-11.575666045028088,0,0.9522852101115998
-13.246094915031875,0,0.9522852101115998
-14.790698321719315,0,0.9522852101115998
-16.15565408261257,0,0.9522852101115998
-17.313202692090904,0,0.9522852101115998
-18.178993269541497,0,0.9522852101115998
-18.618861923293434,0,0.9522852101115998
-18.538941507085298,0,0.9522852101115998
-17.918133603023666,0,0.9522852101115998
-16.79874770170176,0,0.9522852101115998
-15.269435563611498,0,0.9522852101115998
-13.417176329063667,0,0.9522852101115998
-11.31115605788267,0,0.9522852101115998
-9.042526149093316,0,0.9522852101115998
-6.7345526206458475,0,0.9522852101115998
-4.51456981915665,0,0.9522852101115998
-2.4620824465818063,0,0.9522852101115998
-0.6081845910217174,0,0.9522852101115998
0.9938405172530512,0,0.9522852101115998
2.3043115194494272,0,0.9522852101115998
3.3408690259995795,0,0.9522852101115998
4.115767094387857,0,0.9522852101115998
4.6283538919473814,0,0.9522852101115998
4.896726378125462,0,0.9522852101115998
4.961905917739992,0,0.9522852101115998
4.873999869461259,0,0.9522852101115998
4.686287756169442,0,0.9522852101115998
4.469183530936034,0,0.9522852101115998
4.280903969805397,0,0.9522852101115998
4.1358862935005565,0,0.9522852101115998
4.016924109236465,0,0.9522852101115998
3.9148785582579357,0,0.9522852101115998
3.864236777177379,0,0.9522852101115998
3.9001997736354053,0,0.9522852101115998
4.019096631977275,0,0.9522852101115998
4.212344030127881,0,0.9522852101115998
4.471130013857788,0,0.9522852101115998
4.774221885868093,0,0.9522852101115998
5.0968150005343595,0,0.9522852101115998
5.425611453374631,0,0.9522852101115998
5.769975091939275,0,0.9522852101115998
6.116282939771524,0,0.9522852101115998
6.442481741785961,0,0.9522852101115998
6.778944719186486,0,0.9522852101115998
7.131369382846217,0,0.9522852101115998
7.43150665372784,0,0.9522852101115998
7.60984694473542,0,0.9522852101115998
7.646720293513377,0,0.9522852101115998
7.5674808074655155,1,0.9547907422317358
7.4099348206659705,0,0.9547907422317358
7.204411343079631,0,0.9547907422317358
6.970365462445665,0,0.9547907422317358
6.72312771534858,0,0.9547907422317358
6.481866443519453,0,0.9547907422317358
6.251027344040261,0,0.9547907422317358
6.010342742491106,0,0.9547907422317358
5.754887588988835,0,0.9547907422317358
5.5163116295701755,0,0.9547907422317358
5.321406072996739,0,0.9547907422317358
5.160419454044414,0,0.9547907422317358
4.9988601471100065,0,0.9547907422317358
4.789783861061584,0,0.9547907422317358
4.495782014885034,0,0.9547907422317358
4.136072720660465,0,0.9547907422317358
3.764254953407507,0,0.9547907422317358
3.3852681246771525,0,0.9547907422317358
2.977788935120073,0,0.9547907422317358
2.5745971189620116,0,0.9547907422317358
2.229180818704411,0,0.9547907422317358
1.9425410296878376,0,0.9547907422317358
1.6663767329120336,0,0.9547907422317358
1.3577633630999366,0,0.9547907422317358
1.009853607556452,0,0.9547907422317358
0.6080613192016425,0,0.9547907422317358
0.11171407549136211,0,0.9547907422317358
-0.5038858706731084,0,0.9547907422317358
-1.2669512847605437,0,0.9547907422317358
-2.2138228932258506,0,0.9547907422317358
-3.352742498196184,0,0.9547907422317358
-4.682678810911359,0,0.9547907422317358
-6.185864731535352,0,0.9547907422317358
-7.846339861246409,0,0.9547907422317358
-9.662790064591267,0,0.9547907422317358
-11.551534172309966,0,0.9547907422317358
-13.364628384154134,0,0.9547907422317358
-15.00063629301249,0,0.9547907422317358
-16.40241699646311,0,0.9547907422317358
-17.536284909303344,0,0.9547907422317358
-18.364404366316755,0,0.9547907422317358
-18.79172663058472,0,0.9547907422317358
-18.722515895062514,0,0.9547907422317358
-18.13363179721204,0,0.9547907422317358
-17.067498077900794,0,0.9547907422317358
-15.623989024095446,0,0.9547907422317358
-13.901233425600344,0,0.9547907422317358
-11.948507287888527,0,0.9547907422317358
-9.814336069066009,0,0.9547907422317358
-7.574520607170989,0,0.9547907422317358
-5.338236222905554,0,0.9547907422317358
-3.224996933948182,0,0.9547907422317358
-1.3086355790157198,0,0.9547907422317358
0.3721861086998526,0,0.9547907422317358
1.7859430212804992,0,0.9547907422317358
2.9232626567477316,0,0.9547907422317358
3.7965388131210194,0,0.9547907422317358
4.41068644403753,0,0.9547907422317358
4.749985653267722,0,0.9547907422317358
4.829526419758777,0,0.9547907422317358
4.727261578385477,0,0.9547907422317358
4.504080226137777,0,0.9547907422317358
4.180952699094141,0,0.9547907422317358
3.7944680661235504,0,0.9547907422317358
3.3811613255211688,0,0.9547907422317358
2.9722119800957056,0,0.9547907422317358
2.624510534330256,0,0.9547907422317358
2.4081735898728027,0,0.9547907422317358
2.367788933636996,0,0.9547907422317358
2.4892186365598246,0,0.9547907422317358
2.724374558714307,0,0.9547907422317358
3.061598892229933,0,0.9547907422317358
3.5129265010772506,0,0.9547907422317358
4.048108940599136,0,0.9547907422317358
4.619659220476394,0,0.9547907422317358
5.201992466809497,0,0.9547907422317358
5.752614923718541,0,0.9547907422317358
6.227374277682302,0,0.9547907422317358
6.648258711846055,0,0.9547907422317358
7.057686868796605,0,0.9547907422317358
7.436576142293924,0,0.9547907422317358
7.749752605007709,0,0.9547907422317358
8.000565492606219,0,0.9547907422317358
8.17750639962042,0,0.9547907422317358
8.239269063143933,0,0.9547907422317358
8.175022397403376,1,0.9567339071008819
8.026424040641242,0,0.9567339071008819
7.846553723628111,0,0.9567339071008819
7.664097894111017,0,0.9567339071008819
7.491742216685451,0,0.9567339071008819
7.311055840839482,0,0.9567339071008819
7.0910362728727785,0,0.9567339071008819
6.844957221729216,0,0.9567339071008819
6.6056221713274255,0,0.9567339071008819
6.382081040968334,0,0.9567339071008819
6.162933217581397,0,0.9567339071008819
5.945889095788388,0,0.9567339071008819
5.723859918292985,0,0.9567339071008819
5.454934172948578,0,0.9567339071008819
5.11403524807296,0,0.9567339071008819
4.697589952762322,0,0.9567339071008819
4.1926836508535885,0,0.9567339071008819
3.6068793578679843,0,0.9567339071008819
2.9816686772824994,0,0.9567339071008819
2.3525426032612047,0,0.9567339071008819
1.7044915912755991,0,0.9567339071008819
1.020184325788063,0,0.9567339071008819
0.2966084148741438,0,0.9567339071008819
-0.5124320133125488,0,0.9567339071008819
-1.4667240749711599,0,0.9567339071008819
-2.5996619587954575,0,0.9567339071008819
-3.92040531985546,0,0.9567339071008819
-5.407010086741964,0,0.9567339071008819
-7.02262853437595,0,0.9567339071008819
-8.739083944277596,0,0.9567339071008819
-10.520799426868281,0,0.9567339071008819
-12.304845895439886,0,0.9567339071008819
-14.01987448399614,0,0.9567339071008819
-15.606981124850837,0,0.9567339071008819
-17.003229673503526,0,0.9567339071008819
-18.121213051669887,0,0.9567339071008819
-18.853277388937958,0,0.9567339071008819
-19.09901928603688,0,0.9567339071008819
-18.81581451863622,0,0.9567339071008819
-18.019169570528657,0,0.9567339071008819
-16.738353687073033,0,0.9567339071008819
-15.032199846368702,0,0.9567339071008819
-13.009406233321512,0,0.9567339071008819
-10.796054804701837,0,0.9567339071008819
-8.506785677327388,0,0.9567339071008819
-6.229145014711709,0,0.9567339071008819
-4.027902903084661,0,0.9567339071008819
-1.972022113937691,0,0.9567339071008819
-0.12914531203882126,0,0.9567339071008819
1.4590841406803579,0,0.9567339071008819
2.763357686807461,0,0.9567339071008819
3.7787371626593433,0,0.9567339071008819
4.525330467609487,0,0.9567339071008819
5.000574055179683,0,0.9567339071008819
5.220453211651263,0,0.9567339071008819
5.258078211747182,0,0.9567339071008819
5.177517728884328,0,0.9567339071008819
5.003725189935162,0,0.9567339071008819
4.7570078861841,0,0.9567339071008819
4.465455481072882,0,0.9567339071008819
4.147507164395912,0,0.9567339071008819
3.832672146371172,0,0.9567339071008819
3.5850745754320483,0,0.9567339071008819
3.437315487153291,0,0.9567339071008819
3.3832547098455223,0,0.9567339071008819
3.432976809348822,0,0.9567339071008819
3.5768806728038918,0,0.9567339071008819
3.7890974238396775,0,0.9567339071008819
4.07145525385219,0,0.9567339071008819
4.425300460090135,0,0.9567339071008819
4.834149739050687,0,0.9567339071008819
5.282201222556973,0,0.9567339071008819
5.749137918554478,0,0.9567339071008819
6.192123785533424,0,0.9567339071008819
6.573625578154785,0,0.9567339071008819
6.900660854207439,0,0.9567339071008819
7.181574583317029,0,0.9567339071008819
7.385262027120935,0,0.9567339071008819
7.49569610697331,0,0.9567339071008819
7.539789477071868,0,0.9567339071008819
7.519406138987147,1,0.9585833011673517
7.400161386735319,0,0.9585833011673517
7.194340799961558,0,0.9585833011673517
6.964160765179373,0,0.9585833011673517
6.746981159090816,0,0.9585833011673517
6.531452066064082,0,0.9585833011673517
6.279735161148675,0,0.9585833011673517
5.969995030636213,0,0.9585833011673517
5.63333659137688,0,0.9585833011673517
5.317854503201656,0,0.9585833011673517
5.033188386404536,0,0.9585833011673517
4.748477403309553,0,0.9585833011673517
4.432558068775724,0,0.9585833011673517
4.077608351082584,0,0.9585833011673517
3.682697885706429,0,0.9585833011673517
3.231155987997201,0,0.9585833011673517
2.665846220645771,0,0.9585833011673517
1.954897341007086,0,0.9585833011673517
1.1579788040223504,0,0.9585833011673517
0.3096828441472512,0,0.9585833011673517
-0.6709299410131712,0,0.9585833011673517
-1.883781528626092,0,0.9585833011673517
-3.3482739476844925,0,0.9585833011673517
-5.014063756498203,0,0.9585833011673517
-6.814156189745436,0,0.9585833011673517
-8.694067012550526,0,0.9585833011673517
-10.596743713823855,0,0.9585833011673517
-12.43743491043709,0,0.9585833011673517
-14.124293566936595,0,0.9585833011673517
-15.575507541457375,0,0.9585833011673517
-16.699719296916303,0,0.9585833011673517
-17.43334509015321,0,0.9585833011673517
-17.752733408788718,0,0.9585833011673517
-17.623691136371477,0,0.9585833011673517
-17.018176678246437,0,0.9585833011673517
-15.930722474474592,0,0.9585833011673517
-14.399313727406714,0,0.9585833011673517
-12.527082003236144,0,0.9585833011673517
-10.429706942951004,0,0.9585833011673517
-8.227780236163392,0,0.9585833011673517
-6.047190583594905,0,0.9585833011673517
-3.9547539141876875,0,0.9585833011673517
-1.9707138999644411,0,0.9585833011673517
-0.15121417877760954,0,0.9585833011673517
1.4260933943244443,0,0.9585833011673517
2.7514904251255667,0,0.9585833011673517
3.849308265907993,0,0.9585833011673517
4.688161170109561,0,0.9585833011673517
5.220514182646138,0,0.9585833011673517
5.439251855947233,0,0.9585833011673517
5.388643508864176,0,0.9585833011673517
5.158811461298381,0,0.9585833011673517
4.834016153897013,0,0.9585833011673517
4.468928937721395,0,0.9585833011673517
4.108102150994571,0,0.9585833011673517
3.7713194678439903,0,0.9585833011673517
3.472739956258982,0,0.9585833011673517
3.264603318102842,0,0.9585833011673517
3.185373497965414,0,0.9585833011673517
3.23048692044615,0,0.9585833011673517
3.3956292547711584,0,0.9585833011673517
3.674005823747723,0,0.9585833011673517
4.018041881050836,0,0.9585833011673517
4.360305758441872,0,0.9585833011673517
4.693784579528793,0,0.9585833011673517
5.063375415671685,0,0.9585833011673517
5.4748195816364555,0,0.9585833011673517
5.892999210596544,0,0.9585833011673517
6.300326932795066,0,0.9585833011673517
6.691389010502745,0,0.9585833011673517
7.045215239753564,0,0.9585833011673517
7.328079213607129,0,0.9585833011673517
7.514935451622945,0,0.9585833011673517
7.601511431906264,0,0.9585833011673517
7.601695250331954,0,0.9585833011673517
7.549533800782357,1,0.959727315916479
7.457989441124993,0,0.959727315916479
7.312751596926867,0,0.959727315916479
7.133492312898162,0,0.959727315916479
6.934893962279196,0,0.959727315916479
6.666151520127659,0,0.959727315916479
6.28885446284669,0,0.959727315916479
5.853006836138631,0,0.959727315916479
5.417276479678952,0,0.959727315916479
4.966181366629788,0,0.959727315916479
4.46470551362485,0,0.959727315916479
3.906957003809142,0,0.959727315916479
3.2726491089908696,0,0.959727315916479
2.520187687786133,0,0.959727315916479
1.6314150085201402,0,0.959727315916479
0.5700308402757417,0,0.959727315916479
-0.733208366760673,0,0.959727315916479
-2.2758502379385805,0,0.959727315916479
-3.989347220223029,0,0.959727315916479
-5.839128103052961,0,0.959727315916479
-7.789365305975528,0,0.959727315916479
-9.75017537578747,0,0.959727315916479
-11.630985893178622,0,0.959727315916479
-13.340970795209506,0,0.959727315916479
-14.771817528733033,0,0.959727315916479
-15.843805556963193,0,0.959727315916479
-16.507541989976602,0,0.959727315916479
-16.732987014710815,0,0.959727315916479
-16.526748791961776,0,0.959727315916479
-15.89964015701601,0,0.959727315916479
-14.840328112000845,0,0.959727315916479
-13.38390938020242,0,0.959727315916479
-11.635119994083572,0,0.959727315916479
-9.680890754615746,0,0.959727315916479
-7.58632449333183,0,0.959727315916479
-5.449246186200179,0,0.959727315916479
-3.3435079813162814,0,0.959727315916479
-1.3182215067797507,0,0.959727315916479
0.5166612366230182,0,0.959727315916479
2.0608090242868657,0,0.959727315916479
3.3149073413175953,0,0.959727315916479
4.3186477468127755,0,0.959727315916479
5.084774651095282,0,0.959727315916479
5.593623330478854,0,0.959727315916479
5.814699193731961,0,0.959727315916479
5.774369945489782,0,0.959727315916479
5.559078684681251,0,0.959727315916479
5.229539096187276,0,0.959727315916479
4.8262532388104615,0,0.959727315916479
4.423006080342195,0,0.959727315916479
4.105218389286166,0,0.959727315916479
3.9158000388525855,0,0.959727315916479
3.8437711954394214,0,0.959727315916479
3.8631455172287543,0,0.959727315916479
3.949019331008544,0,0.959727315916479
4.083488884272193,0,0.959727315916479
4.268906233919661,0,0.959727315916479
4.493091399773653,0,0.959727315916479
4.73191001271611,0,0.959727315916479
4.9934951185227705,0,0.959727315916479
5.2954239870155755,0,0.959727315916479
5.641691835944543,0,0.959727315916479
6.02533828182396,0,0.959727315916479
6.428411350279081,0,0.959727315916479
6.812219620087974,0,0.959727315916479
7.129145960349573,0,0.959727315916479
7.379724927855515,0,0.959727315916479
7.584107150036352,0,0.959727315916479
7.714900606905624,0,0.959727315916479
7.7296194272375685,0,0.959727315916479
7.627138274094624,1,0.959774641925049
7.446888771233632,0,0.959774641925049
7.237123670189802,0,0.959774641925049
7.020982766994052,0,0.959774641925049
6.791793369340005,0,0.959774641925049
6.55651237835028,0,0.959774641925049
6.34246285751684,0,0.959774641925049
6.1583236211887105,0,0.959774641925049
5.96854116570384,0,0.959774641925049
5.710584593143006,0,0.959774641925049
5.3593947453750195,0,0.959774641925049
4.951413154281292,0,0.959774641925049
4.544374534737437,0,0.959774641925049
4.167573454836641,0,0.959774641925049
3.822581350669563,0,0.959774641925049
3.5267337038585738,0,0.959774641925049
3.2789842750598197,0,0.959774641925049
3.003541361231886,0,0.959774641925049
2.6292442615693377,0,0.959774641925049
2.18100200003385,0,0.959774641925049
1.7126312523033005,0,0.959774641925049
1.2329937155922213,0,0.959774641925049
0.7374471825153143,0,0.959774641925049
0.2115655803883078,0,0.959774641925049
-0.37875522770743997,0,0.959774641925049
-1.0585570456205011,0,0.959774641925049
-1.8602655155491041,0,0.959774641925049
-2.8395885857397065,0,0.959774641925049
-4.026466306218249,0,0.959774641925049
-5.401299209082554,0,0.959774641925049
-6.943897112387722,0,0.959774641925049
-8.657282083367116,0,0.959774641925049
-10.513515815367414,0,0.959774641925049
-12.428939298447258,0,0.959774641925049
-14.279292502966436,0,0.959774641925049
-15.935499855341059,0,0.959774641925049
-17.31734324893902,0,0.959774641925049
-18.37463439475015,0,0.959774641925049
-19.06619507131453,0,0.959774641925049
-19.33853132163146,0,0.959774641925049
-19.11831222947716,0,0.959774641925049
-18.41726179021495,0,0.959774641925049
-17.315492196963326,0,0.959774641925049
-15.835866216341246,0,0.959774641925049
-14.01668629666315,0,0.959774641925049
-11.97305322305857,0,0.959774641925049
-9.800136394630892,0,0.959774641925049
-7.577960595658226,0,0.959774641925049
-5.400594318978749,0,0.959774641925049
-3.3377406657934143,0,0.959774641925049
-1.449228548079872,0,0.959774641925049
0.2058466432651444,0,0.959774641925049
1.5962397674637114,0,0.959774641925049
2.7106977548511604,0,0.959774641925049
3.5399874823648685,0,0.959774641925049
4.102136156829341,0,0.959774641925049
4.424677316091791,0,0.959774641925049
4.523509389039045,0,0.959774641925049
4.467215156807342,0,0.959774641925049
4.327456025833279,0,0.959774641925049
4.098897877580909,0,0.959774641925049
3.8033516140781396,0,0.959774641925049
3.5113236201033162,0,0.959774641925049
3.2426208856971823,0,0.959774641925049
2.999490506411887,0,0.959774641925049
2.8299598374050023,0,0.959774641925049
2.7872215707565546,0,0.959774641925049
2.870071082437802,0,0.959774641925049
3.044331883360759,0,0.959774641925049
3.3008009697770166,0,0.959774641925049
3.648368015475306,0,0.959774641925049
4.061945986730619,0,0.959774641925049
4.469312738173732,0,0.959774641925049
4.824111367653129,0,0.959774641925049
5.149467611636393,0,0.959774641925049
5.479410229405038,0,0.959774641925049
5.819636029633265,0,0.959774641925049
6.156815505760475,0,0.959774641925049
6.46736798559519,0,0.959774641925049
6.7281571445838,0,0.959774641925049
6.934465266429677,0,0.959774641925049
7.107935836475081,0,0.959774641925049
7.2694054187328465,0,0.959774641925049
7.399706837093616,0,0.959774641925049
7.467756259058732,0,0.959774641925049
7.470413200617996,0,0.959774641925049
7.404091510646587,1,0.9607785347986751
7.274135325628712,0,0.9607785347986751
7.09972634017611,0,0.9607785347986751
6.89447528157175,0,0.9607785347986751
6.6746848405583235,0,0.9607785347986751
6.42005712169973,0,0.9607785347986751
6.098158810373669,0,0.9607785347986751
5.734678845228414,0,0.9607785347986751
5.367167015080649,0,0.9607785347986751
4.999981904190823,0,0.9607785347986751
4.643141890059633,0,0.9607785347986751
4.300718765498386,0,0.9607785347986751
3.942843643366257,0,0.9607785347986751
3.5497167290523337,0,0.9607785347986751
3.125449350460876,0,0.9607785347986751
2.671199427375677,0,0.9607785347986751
2.1755859680100444,0,0.9607785347986751
1.6405755374841868,0,0.9607785347986751
1.082431266957035,0,0.9607785347986751
0.4874334085575553,0,0.9607785347986751
-0.1766846267506353,0,0.9607785347986751
-0.9291353708855302,0,0.9607785347986751
-1.8070000699963265,0,0.9607785347986751
-2.871832015143836,0,0.9607785347986751
-4.156145716907866,0,0.9607785347986751
-5.652573618891188,0,0.9607785347986751
-7.317654769178907,0,0.9607785347986751
-9.077775940963624,0,0.9607785347986751
-10.856421359722106,0,0.9607785347986751
-12.584285181646324,0,0.9607785347986751
-14.227725269749328,0,0.9607785347986751
-15.761136848230077,0,0.9607785347986751
-17.083944887487764,0,0.9607785347986751
-18.05200212208058,0,0.9607785347986751
-18.578999734266283,0,0.9607785347986751
-18.647268550417184,0,0.9607785347986751
-18.24086185844232,0,0.9607785347986751
-17.336732447571638,0,0.9607785347986751
-15.950589743658906,0,0.9607785347986751
-14.14327070955814,0,0.9607785347986751
-12.02203787506455,0,0.9607785347986751
-9.737659725665146,0,0.9607785347986751
-7.42423982725923,0,0.9607785347986751
-5.168447151943489,0,0.9607785347986751
-3.04288688088104,0,0.9607785347986751
-1.0928014847472876,0,0.9607785347986751
0.6795359678418699,0,0.9607785347986751
2.247662663086778,0,0.9607785347986751
3.5270926809884178,0,0.9607785347986751
4.45601540327839,0,0.9607785347986751
5.065933062253109,0,0.9607785347986751
5.416080917252715,0,0.9607785347986751
5.5310009610831035,0,0.9607785347986751
5.449304630254067,0,0.9607785347986751
5.234857435793811,0,0.9607785347986751
4.932942594966896,0,0.9607785347986751
4.565977776029365,0,0.9607785347986751
4.1531918849250715,0,0.9607785347986751
3.7364128508975973,0,0.9607785347986751
3.385468375616768,0,0.9607785347986751
3.1465970587982373,0,0.9607785347986751
3.022716309251048,0,0.9607785347986751
3.028886491098082,0,0.9607785347986751
3.1904422035786157,0,0.9607785347986751
3.474396486834709,0,0.9607785347986751
3.810360765724737,0,0.9607785347986751
4.1615816993039685,0,0.9607785347986751
4.529110609345083,0,0.9607785347986751
4.9223026538910535,0,0.9607785347986751
5.344562512927181,0,0.9607785347986751
5.801985360871962,0,0.9607785347986751
6.269631131649275,0,0.9607785347986751
6.682537859470568,0,0.9607785347986751
7.014273302246429,0,0.9607785347986751
7.273933504962606,0,0.9607785347986751
7.460889463596759,0,0.9607785347986751
7.580569432673321,0,0.9607785347986751
7.61787210811339,0,0.9607785347986751
7.535517925041079,1,0.9619682704464338
7.346800061243687,0,0.9619682704464338
7.120537741687754,0,0.9619682704464338
6.903928684558843,0,0.9619682704464338
6.673364774758135,0,0.9619682704464338
6.388178275353752,0,0.9619682704464338
6.058309670613592,0,0.9619682704464338
5.72280394594872,0,0.9619682704464338
5.400649819550014,0,0.9619682704464338
5.103235027607942,0,0.9619682704464338
4.844379183583173,0,0.9619682704464338
4.597156482864279,0,0.9619682704464338
4.318855210253509,0,0.9619682704464338
4.002318279667273,0,0.9619682704464338
3.650708516234013,0,0.9619682704464338
3.256361068672309,0,0.9619682704464338
2.8143214812430175,0,0.9619682704464338
2.3258428166457286,0,0.9619682704464338
1.7761525692301172,0,0.9619682704464338
1.121111429824571,0,0.9619682704464338
0.3303171060162372,0,0.9619682704464338
-0.602129141344629,0,0.9619682704464338
-1.7066940060305034,0,0.9619682704464338
-3.019321970492575,0,0.9619682704464338
-4.534506713642888,0,0.9619682704464338
-6.214325665938947,0,0.9619682704464338
-8.013489593938221,0,0.9619682704464338
-9.884369774404293,0,0.9619682704464338
-11.759597857645165,0,0.9619682704464338
-13.535254184112969,0,0.9619682704464338
-15.095157226787002,0,0.9619682704464338
-16.35986211035688,0,0.9619682704464338
-17.263758534208595,0,0.9619682704464338
-17.71410941163834,0,0.9619682704464338
-17.64285473318349,0,0.9619682704464338
-17.060955479773323,0,0.9619682704464338
-16.032159525583932,0,0.9619682704464338
-14.600551263673596,0,0.9619682704464338
-12.787789933893546,0,0.9619682704464338
-10.675253881381467,0,0.9619682704464338
-8.411310993325928,0,0.9619682704464338
-6.142588473987455,0,0.9619682704464338
-3.9720189137759436,0,0.9619682704464338
-1.9597209004191973,0,0.9619682704464338
-0.13499587889871856,0,0.9619682704464338
1.4899281516935243,0,0.9619682704464338
2.878321991682267,0,0.9619682704464338
3.9678445119144223,0,0.9619682704464338
4.745478755152836,0,0.9619682704464338
5.2633825832917,0,0.9619682704464338
5.57977556167119,0,0.9619682704464338
5.729257798267961,0,0.9619682704464338
5.716477499177109,0,0.9619682704464338
5.544984680975762,0,0.9619682704464338
5.254007675962692,0,0.9619682704464338
4.892526384544847,0,0.9619682704464338
4.497726557389342,0,0.9619682704464338
4.125262571962564,0,0.9619682704464338
3.836945139969237,0,0.9619682704464338
3.65502296377613,0,0.9619682704464338
3.5764429685251664,0,0.9619682704464338
3.5965678054035846,0,0.9619682704464338
3.6965339110499267,0,0.9619682704464338
3.8462927353771623,0,0.9619682704464338
4.047046851699665,0,0.9619682704464338
4.310541613080604,0,0.9619682704464338
4.610772476470947,0,0.9619682704464338
4.930345564480779,0,0.9619682704464338
5.28109587615767,0,0.9619682704464338
5.667944148778193,0,0.9619682704464338
6.096130100598179,0,0.9619682704464338
6.543518402770554,0,0.9619682704464338
6.929690904043116,0,0.9619682704464338
7.199106228892072,0,0.9619682704464338
7.356229612801065,0,0.9619682704464338
7.414833732602597,0,0.9619682704464338
7.387365035077794,1,0.9629067294080702
7.28960154395047,0,0.9629067294080702
7.138607372041506,0,0.9629067294080702
6.94457382869916,0,0.9629067294080702
6.701831412508641,0,0.9629067294080702
6.401507401881864,0,0.9629067294080702
6.050620869846429,0,0.9629067294080702
5.665757022546143,0,0.9629067294080702
5.279673107341943,0,0.9629067294080702
4.919767469404165,0,0.9629067294080702
4.572475975845244,0,0.9629067294080702
4.250824379410933,0,0.9629067294080702
3.9937888430061337,0,0.9629067294080702
3.783959800069621,0,0.9629067294080702
3.589979164605399,0,0.9629067294080702
3.406285268530475,0,0.9629067294080702
3.198998093739823,0,0.9629067294080702
2.933370127441952,0,0.9629067294080702
2.63719101967307,0,0.9629067294080702
2.3277206388114857,0,0.9629067294080702
1.9669359992398023,0,0.9629067294080702
1.524114453821125,0,0.9629067294080702
0.9849678466129274,0,0.9629067294080702
0.3393917186343157,0,0.9629067294080702
-0.42309151884530255,0,0.9629067294080702
-1.3264405616693526,0,0.9629067294080702
-2.406700408023605,0,0.9629067294080702
-3.704263585162523,0,0.9629067294080702
-5.227815186871242,0,0.9629067294080702
-6.951316151079606,0,0.9629067294080702
-8.827372876991276,0,0.9629067294080702
-10.760666331907926,0,0.9629067294080702
-12.641808072581759,0,0.9629067294080702
-14.400616598733299,0,0.9629067294080702
-15.946804108741027,0,0.9629067294080702
-17.150866975869597,0,0.9629067294080702
-17.9609353555791,0,0.9629067294080702
-18.376053185867814,0,0.9629067294080702
-18.351159272060265,0,0.9629067294080702
-17.869563151877365,0,0.9629067294080702
-16.959868229542714,0,0.9629067294080702
-15.642118854433473,0,0.9629067294080702
-13.964692878410268,0,0.9629067294080702
-12.028379321270338,0,0.9629067294080702
-9.944929335653935,0,0.9629067294080702
-7.8031837525148235,0,0.9629067294080702
-5.671619264926932,0,0.9629067294080702
-3.623801624717129,0,0.9629067294080702
-1.7480480810578842,0,0.9629067294080702
-0.11522531708668149,0,0.9629067294080702
1.2513393710133436,0,0.9629067294080702
2.3627799117313946,0,0.9629067294080702
3.2398222426939634,0,0.9629067294080702
3.894215107198619,0,0.9629067294080702
4.318420629014378,0,0.9629067294080702
4.52235409441507,0,0.9629067294080702
4.5495159264704865,0,0.9629067294080702
4.440238216695545,0,0.9629067294080702
4.2482582227334245,0,0.9629067294080702
4.052194654577216,0,0.9629067294080702
3.899749542618089,0,0.9629067294080702
3.7953058194229516,0,0.9629067294080702
3.7460953418882004,0,0.9629067294080702
3.758625782707307,0,0.9629067294080702
3.817147634704544,0,0.9629067294080702
3.9183938789870747,0,0.9629067294080702
4.065297822868009,0,0.9629067294080702
4.246611815853149,0,0.9629067294080702
4.464606825743438,0,0.9629067294080702
4.71426362491303,0,0.9629067294080702
4.975360972179191,0,0.9629067294080702
5.269944680620004,0,0.9629067294080702
5.641003456253248,0,0.9629067294080702
6.075441491294613,0,0.9629067294080702
6.5246186199927445,0,0.9629067294080702
6.946648855907653,0,0.9629067294080702
7.308425290349695,0,0.9629067294080702
7.597713332446659,0,0.9629067294080702
7.802432352389371,0,0.9629067294080702
7.925453405135475,0,0.9629067294080702
7.995639592287089,0,0.9629067294080702
7.98279993653298,1,0.9639605537409948
7.829360084123795,0,0.9639605537409948
7.554812177625679,0,0.9639605537409948
7.212548327947518,0,0.9639605537409948
6.834062956448975,0,0.9639605537409948
6.449709498976404,0,0.9639605537409948
6.081731277252825,0,0.9639605537409948
5.722754969686526,0,0.9639605537409948
5.363126813434062,0,0.9639605537409948
5.03430141532638,0,0.9639605537409948
4.775205394762557,0,0.9639605537409948
4.561738315254739,0,0.9639605537409948
4.332493203985385,0,0.9639605537409948
4.043117650014384,0,0.9639605537409948
3.6611690390947085,0,0.9639605537409948
3.1691039786407567,0,0.9639605537409948
2.6000992547950346,0,0.9639605537409948
1.9991590845039449,0,0.9639605537409948
1.3528353438738066,0,0.9639605537409948
0.6325071991183204,0,0.9639605537409948
-0.1904511237164615,0,0.9639605537409948
-1.1764128144655488,0,0.9639605537409948
-2.352595890546588,0,0.9639605537409948
-3.6990343094271374,0,0.9639605537409948
-5.2117599637865935,0,0.9639605537409948
-6.875296485969123,0,0.9639605537409948
-8.63260054520226,0,0.9639605537409948
-10.426331723763594,0,0.9639605537409948
-12.199481690453366,0,0.9639605537409948
-13.866726926465656,0,0.9639605537409948
-15.334738055503923,0,0.9639605537409948
-16.54030567857387,0,0.9639605537409948
-17.4297852266733,0,0.9639605537409948
-17.93449839520135,0,0.9639605537409948
-18.005690312014966,0,0.9639605537409948
-17.623820673727526,0,0.9639605537409948
-16.777784448962812,0,0.9639605537409948
-15.471759537912288,0,0.9639605537409948
-13.772454867640764,0,0.9639605537409948
-11.813558474518759,0,0.9639605537409948
-9.700118759962361,0,0.9639605537409948
-7.4954766975275655,0,0.9639605537409948
-5.294135383828836,0,0.9639605537409948
-3.21513370331049,0,0.9639605537409948
-1.3608626098417882,0,0.9639605537409948
0.22308360236677238,0,0.9639605537409948
1.5633823262895885,0,0.9639605537409948
2.673743334630541,0,0.9639605537409948
3.505963020786434,0,0.9639605537409948
4.042845723038753,0,0.9639605537409948
4.348716551291097,0,0.9639605537409948
4.5108420873273,0,0.9639605537409948
4.584182144075182,0,0.9639605537409948
4.574744743356421,0,0.9639605537409948
4.464647011992826,0,0.9639605537409948
4.273245938478586,0,0.9639605537409948
4.064954070319377,0,0.9639605537409948
3.877536807878424,0,0.9639605537409948
3.710353222055751,0,0.9639605537409948
3.5821502329615242,0,0.9639605537409948
3.5393755767999227,0,0.9639605537409948
3.624311510888299,0,0.9639605537409948
3.852246695964228,0,0.9639605537409948
4.209202462974259,0,0.9639605537409948
4.648622129871509,0,0.9639605537409948
5.106465653871967,0,0.9639605537409948
5.5592736258502775,0,0.9639605537409948
6.0237272450620125,0,0.9639605537409948
6.494585150209924,0,0.9639605537409948
6.947741545636187,0,0.9639605537409948
7.370687637745137,0,0.9639605537409948
7.733775600726115,0,0.9639605537409948
8.001423938026413,0,0.9639605537409948
8.18602888986959,0,0.9639605537409948
8.30745664074575,0,0.9639605537409948
8.352585165952615,0,0.9639605537409948
8.311234787406395,1,0.9647500354610108
8.179777947356087,0,0.9647500354610108
7.96257296281286,0,0.9647500354610108
7.676848663890813,0,0.9647500354610108
7.335521090033612,0,0.9647500354610108
6.974247007543325,0,0.9647500354610108
6.637814169031936,0,0.9647500354610108
6.318591052937992,0,0.9647500354610108
5.9864267157853615,0,0.9647500354610108
5.637148957414688,0,0.9647500354610108
5.295801240278268,0,0.9647500354610108
4.998945076532928,0,0.9647500354610108
4.727609234667656,0,0.9647500354610108
4.42658763366551,0,0.9647500354610108
4.094550196954417,0,0.9647500354610108
3.750165824918247,0,0.9647500354610108
3.366027743807273,0,0.9647500354610108
2.9050595408195905,0,0.9647500354610108
2.390264994262367,0,0.9647500354610108
1.865222965443278,0,0.9647500354610108
1.3114555248180364,0,0.9647500354610108
0.6751994129911848,0,0.9647500354610108
-0.093311953830606,0,0.9647500354610108
-1.036951092597054,0,0.9647500354610108
-2.1838020012789485,0,0.9647500354610108
-3.5499531023192477,0,0.9647500354610108
-5.1250045450922395,0,0.9647500354610108
-6.868735459200441,0,0.9647500354610108
-8.726874994470815,0,0.9647500354610108
-10.618335968007873,0,0.9647500354610108
-12.444918761298215,0,0.9647500354610108
-14.12785954416226,0,0.9647500354610108
-15.59964532330054,0,0.9647500354610108
-16.780973029421297,0,0.9647500354610108
-17.58778936742353,0,0.9647500354610108
-17.97290781413065,0,0.9647500354610108
-17.932362188206472,0,0.9647500354610108
-17.4461655720208,0,0.9647500354610108
-16.488758448706125,0,0.9647500354610108
-15.073980164731708,0,0.9647500354610108
-13.270995996009104,0,0.9647500354610108
-11.210498801595017,0,0.9647500354610108
-9.032025371930153,0,0.9647500354610108
-6.838137544917528,0,0.9647500354610108
-4.701153939511527,0,0.9647500354610108
-2.6814466653412365,0,0.9647500354610108
-0.8384361447057774,0,0.9647500354610108
0.7515567514126508,0,0.9647500354610108
2.016895982928285,0,0.9647500354610108
2.9688127786582683,0,0.9647500354610108
3.67794952695093,0,0.9647500354610108
4.177987558131727,0,0.9647500354610108
4.465374226157032,0,0.9647500354610108
4.547373360388754,0,0.9647500354610108
4.467070661213355,0,0.9647500354610108
4.309119805475762,0,0.9647500354610108
4.150937417368397,0,0.9647500354610108
3.9969864147465457,0,0.9647500354610108
3.8182606022055854,0,0.9647500354610108
3.6315438550437746,0,0.9647500354610108
3.4838942673291164,0,0.9647500354610108
3.4205124760228993,0,0.9647500354610108
3.45914424006206,0,0.9647500354610108
3.5589802691197683,0,0.9647500354610108
3.6800474696848156,0,0.9647500354610108
3.8321046511947334,0,0.9647500354610108
4.025002768710126,0,0.9647500354610108
4.241447880207348,0,0.9647500354610108
4.477941327626381,0,0.9647500354610108
4.760706493531595,0,0.9647500354610108
5.083629279614494,0,0.9647500354610108
5.4134702847047365,0,0.9647500354610108
5.748750800591947,0,0.9647500354610108
6.065254835514565,0,0.9647500354610108
6.29645213913982,0,0.9647500354610108
6.420988761801141,0,0.9647500354610108
6.471232553703859,0,0.9647500354610108
6.485937985728041,0,0.9647500354610108
6.4917919534714725,0,0.9647500354610108
6.482663037998346,1,0.9656437020571007
6.44759546495512,0,0.9656437020571007
6.402976460136531,0,0.9656437020571007
6.34999982404892,0,0.9656437020571007
6.275829769944915,0,0.9656437020571007
6.163012633887294,0,0.9656437020571007
5.967560437050023,0,0.9656437020571007
5.677883965563437,0,0.9656437020571007
5.348329669698157,0,0.9656437020571007
5.045856907269493,0,0.9656437020571007
4.80486175681785,0,0.9656437020571007
4.618405969865676,0,0.9656437020571007
4.459094890745434,0,0.9656437020571007
4.294299578462714,0,0.9656437020571007
4.102294168836557,0,0.9656437020571007
3.867971851903913,0,0.9656437020571007
3.5645900847205167,0,0.9656437020571007
3.180272922986832,0,0.9656437020571007
2.7019759002482173,0,0.9656437020571007
2.0978480347684827,0,0.9656437020571007
1.3825131021548858,0,0.9656437020571007
0.6193032506832884,0,0.9656437020571007
-0.1830395119638647,0,0.9656437020571007
-1.0919111533346844,0,0.9656437020571007
-2.16853829986489,0,0.9656437020571007
-3.4442098915622843,0,0.9656437020571007
-4.925600960436505,0,0.9656437020571007
-6.6000880242948385,0,0.9656437020571007
-8.427697900935971,0,0.9656437020571007
-10.317613290119542,0,0.9656437020571007
-12.176345000261513,0,0.9656437020571007
-13.92967430252132,0,0.9656437020571007
-15.49827257359426,0,0.9656437020571007
-16.787861256175812,0,0.9656437020571007
-17.69865324145662,0,0.9656437020571007
-18.166097023464776,0,0.9656437020571007
-18.15338389829552,0,0.9656437020571007
-17.626083466764673,0,0.9656437020571007
-16.59517832195177,0,0.9656437020571007
-15.156856429101257,0,0.9656437020571007
-13.426462158857944,0,0.9656437020571007
-11.485340114904577,0,0.9656437020571007
-9.41589551530145,0,0.9656437020571007
-7.308653937128943,0,0.9656437020571007
-5.233972232676787,0,0.9656437020571007
-3.211206426792457,0,0.9656437020571007
-1.2506786089893358,0,0.9656437020571007
0.5465656786391387,0,0.9656437020571007
2.025359008170531,0,0.9656437020571007
3.121596362759266,0,0.9656437020571007
3.8896155206020837,0,0.9656437020571007
4.4069838882515775,0,0.9656437020571007
4.712418108380637,0,0.9656437020571007
4.831238232232496,0,0.9656437020571007
4.819567216822763,0,0.9656437020571007
4.746143464700702,0,0.9656437020571007
4.6375304354227005,0,0.9656437020571007
4.467678256832499,0,0.9656437020571007
4.223856436338321,0,0.9656437020571007
3.9402059670688288,0,0.9656437020571007
3.656307698002611,0,0.9656437020571007
3.4034634310196688,0,0.9656437020571007
3.2052865596512823,0,0.9656437020571007
3.093298394296574,0,0.9656437020571007
3.12371670717642,0,0.9656437020571007
3.322517643788872,0,0.9656437020571007
3.639954325526804,0,0.9656437020571007
4.005170109461384,0,0.9656437020571007
4.393326490596885,0,0.9656437020571007
4.804280617967476,0,0.9656437020571007
5.233844559122135,0,0.9656437020571007
5.66664063170767,0,0.9656437020571007
6.061043270674332,0,0.9656437020571007
6.371615574509202,0,0.9656437020571007
6.581341768211931,0,0.9656437020571007
6.721558777062643,0,0.9656437020571007
6.842042253501243,0,0.9656437020571007
6.955688943477574,0,0.9656437020571007
7.051882072835538,0,0.9656437020571007
7.116343623559367,0,0.9656437020571007
7.128022003242454,0,0.9656437020571007
7.062559142805655,1,0.9664721286183491
6.909085207194425,0,0.9664721286183491
6.697227291691663,0,0.9664721286183491
6.468080203588568,0,0.9664721286183491
6.225803767340043,0,0.9664721286183491
5.959793742460045,0,0.9664721286183491
5.68929131707731,0,0.9664721286183491
5.450945049537629,0,0.9664721286183491
5.249607614764929,0,0.9664721286183491
5.049587751602055,0,0.9664721286183491
4.826489127896218,0,0.9664721286183491
4.588178311138876,0,0.9664721286183491
4.310315394250356,0,0.9664721286183491
3.940070016696251,0,0.9664721286183491
3.489447446627216,0,0.9664721286183491
3.0181580799747123,0,0.9664721286183491
2.56167790335064,0,0.9664721286183491
2.1234370745760986,0,0.9664721286183491
1.6656985470400856,0,0.9664721286183491
1.105605935941035,0,0.9664721286183491
0.3647737060146711,0,0.9664721286183491
-0.5891053460118062,0,0.9664721286183491
-1.7466507596418808,0,0.9664721286183491
-3.0610627872156537,0,0.9664721286183491
-4.488804113172829,0,0.9664721286183491
-6.038619920361461,0,0.9664721286183491
-7.72212131943039,0,0.9664721286183491
-9.496013896532217,0,0.9664721286183491
-11.288537470608619,0,0.9664721286183491
-13.039801059742096,0,0.9664721286183491
-14.677304754914658,0,0.9664721286183491
-16.077448574321565,0,0.9664721286183491
-17.12014828734102,0,0.9664721286183491
-17.764208000797336,0,0.9664721286183491
-18.01648514176873,0,0.9664721286183491
-17.853374878647756,0,0.9664721286183491
-17.235858224239614,0,0.9664721286183491
-16.176401512819663,0,0.9664721286183491
-14.737626174535553,0,0.9664721286183491
-12.994931771665758,0,0.9664721286183491
-11.014552888869412,0,0.9664721286183491
-8.870067950082708,0,0.9664721286183491
-6.657245542928315,0,0.9664721286183491
-4.46962089893831,0,0.9664721286183491
-2.3971574577515162,0,0.9664721286183491
-0.5366149831628795,0,0.9664721286183491
1.0328031285128805,0,0.9664721286183491
2.2947697290254676,0,0.9664721286183491
3.2675938292312203,0,0.9664721286183491
3.9488610459125995,0,0.9664721286183491
4.363745244344351,0,0.9664721286183491
4.576690524652619,0,0.9664721286183491
4.647996913169416,0,0.9664721286183491
4.62473473599108,0,0.9664721286183491
4.510821847056066,0,0.9664721286183491
4.287237469820629,0,0.9664721286183491
3.9834097231592196,0,0.9664721286183491
3.682088681755264,0,0.9664721286183491
3.467646812276353,0,0.9664721286183491
3.3682199036973577,0,0.9664721286183491
3.36569854148229,0,0.9664721286183491
3.449401147052572,0,0.9664721286183491
3.6223203985568473,0,0.9664721286183491
3.8845148248735084,0,0.9664721286183491
4.195618631564582,0,0.9664721286183491
4.489148707189477,0,0.9664721286183491
4.769154344206884,0,0.9664721286183491
5.097782586027899,0,0.9664721286183491
5.498144329442856,0,0.9664721286183491
5.942084888352439,0,0.9664721286183491
6.378466876896053,0,0.9664721286183491
6.7555161993728605,0,0.9664721286183491
7.0490070234745605,0,0.9664721286183491
7.258576342196615,0,0.9664721286183491
7.378608125181103,0,0.9664721286183491
7.42180928437639,0,0.9664721286183491
7.425100186384594,0,0.9664721286183491
7.40450973600126,1,0.9671643550653631
7.364887400020138,0,0.9671643550653631
7.306319843394106,0,0.9671643550653631
7.223305900675987,0,0.9671643550653631
7.119850887299961,0,0.9671643550653631
6.979193124937959,0,0.9671643550653631
6.757497557678512,0,0.9671643550653631
6.44296473602369,0,0.9671643550653631
6.064857015164159,0,0.9671643550653631
5.6586727804288905,0,0.9671643550653631
5.262618756473579,0,0.9671643550653631
4.901149309380645,0,0.9671643550653631
4.578132721348173,0,0.9671643550653631
4.289541584988527,0,0.9671643550653631
4.020742080873878,0,0.9671643550653631
3.743008099186973,0,0.9671643550653631
3.4375092037430433,0,0.9671643550653631
3.1046882213510516,0,0.9671643550653631
2.7293468464521626,0,0.9671643550653631
2.2851470193624355,0,0.9671643550653631
1.7561044844119502,0,0.9671643550653631
1.13559764066617,0,0.9671643550653631
0.4058511812640273,0,0.9671643550653631
-0.4724631094437765,0,0.9671643550653631
-1.519507541341317,0,0.9671643550653631
-2.7278971501009184,0,0.9671643550653631
-4.100567484629497,0,0.9671643550653631
-5.641651228091896,0,0.9671643550653631
-7.308784821370841,0,0.9671643550653631
-9.053566826974839,0,0.9671643550653631
-10.855175339672767,0,0.9671643550653631
-12.633918565554044,0,0.9671643550653631
-14.280727916933115,0,0.9671643550653631
-15.742304386285522,0,0.9671643550653631
-16.94700132667699,0,0.9671643550653631
-17.775043037722323,0,0.9671643550653631
-18.128771861414638,0,0.9671643550653631
-17.953786875944864,0,0.9671643550653631
-17.259503630582792,0,0.9671643550653631
-16.132109822810058,0,0.9671643550653631
-14.679376036279027,0,0.9671643550653631
-12.982983891470731,0,0.9671643550653631
-11.099017814442993,0,0.9671643550653631
-9.070099653335397,0,0.9671643550653631
-6.940521663662058,0,0.9671643550653631
-4.790091047661726,0,0.9671643550653631
-2.7333789493425003,0,0.9671643550653631
-0.8759972604973556,0,0.9671643550653631
0.7236727414965636,0,0.9671643550653631
2.0517809347547935,0,0.9671643550653631
3.1020344371877617,0,0.9671643550653631
3.8937639226681893,0,0.9671643550653631
4.474449913568608,0,0.9671643550653631
4.879133095883127,0,0.9671643550653631
5.107390761936962,0,0.9671643550653631
5.136867282834071,0,0.9671643550653631
5.006393081773938,0,0.9671643550653631
4.809688921765302,0,0.9671643550653631
4.599362883949153,0,0.9671643550653631
4.376052527196154,0,0.9671643550653631
4.127884455832512,0,0.9671643550653631
3.8714544068098773,0,0.9671643550653631
3.6573860138436447,0,0.9671643550653631
3.518673912823562,0,0.9671643550653631
3.4673363413538483,0,0.9671643550653631
3.5257555785661023,0,0.9671643550653631
3.694991501462113,0,0.9671643550653631
3.942700360000717,0,0.9671643550653631
4.2571788716884,0,0.9671643550653631
4.649445613144619,0,0.9671643550653631
5.108934658092032,0,0.9671643550653631
5.589819020853729,0,0.9671643550653631
6.019876226166388,0,0.9671643550653631
6.359527036046772,0,0.9671643550653631
6.6282779783980255,0,0.9671643550653631
6.838519166525395,0,0.9671643550653631
6.979637760464803,0,0.9671643550653631
7.063736687343699,0,0.9671643550653631
7.124575368393826,0,0.9671643550653631
7.1621375068971735,0,0.9671643550653631
7.134989593138781,1,0.9678943732790274
7.016895069201892,0,0.9678943732790274
6.812463065145259,0,0.9678943732790274
6.5546211028983485,0,0.9678943732790274
6.292318642499197,0,0.9678943732790274
6.036978327272565,0,0.9678943732790274
5.774203544677031,0,0.9678943732790274
5.516385756919872,0,0.9678943732790274
5.267389711563143,0,0.9678943732790274
4.992453863282557,0,0.9678943732790274
4.695909208938392,0,0.9678943732790274
4.425011295122008,0,0.9678943732790274
4.17102819810058,0,0.9678943732790274
3.892685293854143,0,0.9678943732790274
3.587170595346296,0,0.9678943732790274
3.288829440545229,0,0.9678943732790274
3.043255612131621,0,0.9678943732790274
2.864009294078163,0,0.9678943732790274
2.7324211530750597,0,0.9678943732790274
2.5971382880120406,0,0.9678943732790274
2.3638162699568133,0,0.9678943732790274
1.9946401652998038,0,0.9678943732790274
1.5388867582330092,0,0.9678943732790274
1.0152999130803797,0,0.9678943732790274
0.39508764608051394,0,0.9678943732790274
-0.34962212475080245,0,0.9678943732790274
-1.2401455932039758,0,0.9678943732790274
-2.296195725132681,0,0.9678943732790274
-3.5555130014056795,0,0.9678943732790274
-5.0366802808534015,0,0.9678943732790274
-6.703590756536872,0,0.9678943732790274
-8.507814343672722,0,0.9678943732790274
-10.400896075371254,0,0.9678943732790274
-12.319437012529137,0,0.9678943732790274
-14.195824080194852,0,0.9678943732790274
-15.93268910816285,0,0.9678943732790274
-17.38583493374128,0,0.9678943732790274
-18.45026922667939,0,0.9678943732790274
-19.104884487357396,0,0.9678943732790274
-19.329092395495266,0,0.9678943732790274
-19.069842450222318,0,0.9678943732790274
-18.297714884949507,0,0.9678943732790274
-17.030590879805224,0,0.9678943732790274
-15.333733625273087,0,0.9678943732790274
-13.31688244421224,0,0.9678943732790274
-11.093556177975536,0,0.9678943732790274
-8.761387613326121,0,0.9678943732790274
-6.418828088241497,0,0.9678943732790274
-4.159860063648372,0,0.9678943732790274
-2.0595849655637815,0,0.9678943732790274
-0.1638050411033977,0,0.9678943732790274
1.5029510408062932,0,0.9678943732790274
2.9138405339333273,0,0.9678943732790274
4.0210352732012575,0,0.9678943732790274
4.791342284293089,0,0.9678943732790274
5.268517311367648,0,0.9678943732790274
5.51917865408752,0,0.9678943732790274
5.569305555486294,0,0.9678943732790274
5.43565092363721,0,0.9678943732790274
5.1540248636790285,0,0.9678943732790274
4.782591666553169,0,0.9678943732790274
4.383943621443343,0,0.9678943732790274
4.00729568040532,0,0.9678943732790274
3.678172328411021,0,0.9678943732790274
3.4109354991270022,0,0.9678943732790274
3.235215728017831,0,0.9678943732790274
3.167398086564941,0,0.9678943732790274
3.196753497715811,0,0.9678943732790274
3.330703223596104,0,0.9678943732790274
3.586228092924476,0,0.9678943732790274
3.9383420488868985,0,0.9678943732790274
4.349128732890672,0,0.9678943732790274
4.818154999612824,0,0.9678943732790274
5.3394539573128945,0,0.9678943732790274
5.871026273751462,0,0.9678943732790274
6.379461775954794,0,0.9678943732790274
6.842986129213631,0,0.9678943732790274
7.242621660055543,0,0.9678943732790274
7.577592734139166,0,0.9678943732790274
7.824102943466574,0,0.9678943732790274
7.940897478410756,0,0.9678943732790274
7.935824238318803,1,0.9685668931108444
7.836808526053869,0,0.9685668931108444
7.6679073803441895,0,0.9685668931108444
7.467686702181347,0,0.9685668931108444
7.2550363486360645,0,0.9685668931108444
7.029898437363958,0,0.9685668931108444
6.799099022507774,0,0.9685668931108444
6.570186828204587,0,0.9685668931108444
6.3470370592672865,0,0.9685668931108444
6.131981192827588,0,0.9685668931108444
5.912132330911091,0,0.9685668931108444
5.648369623791928,0,0.9685668931108444
5.335030638242235,0,0.9685668931108444
5.019153969998739,0,0.9685668931108444
4.71899806684258,0,0.9685668931108444
4.413521566506217,0,0.9685668931108444
4.100128596848412,0,0.9685668931108444
3.785248832181778,0,0.9685668931108444
3.4609197766216613,0,0.9685668931108444
3.1362098196138706,0,0.9685668931108444
2.825230937284724,0,0.9685668931108444
2.523748660125291,0,0.9685668931108444
2.2363489608988494,0,0.9685668931108444
1.9561539047111167,0,0.9685668931108444
1.6351740482257247,0,0.9685668931108444
1.2323174358444653,0,0.9685668931108444
0.7459407957719001,0,0.9685668931108444
0.15462346632623486,0,0.9685668931108444
-0.5787989872562024,0,0.9685668931108444
-1.438086536888925,0,0.9685668931108444
-2.4116786910247368,0,0.9685668931108444
-3.5567941688504603,0,0.9685668931108444
-4.937048772188626,0,0.9685668931108444
-6.536325880269326,0,0.9685668931108444
-8.267205963732502,0,0.9685668931108444
-10.046127727044482,0,0.9685668931108444
-11.809244826484328,0,0.9685668931108444
-13.509135920607852,0,0.9685668931108444
-15.089684347602972,0,0.9685668931108444
-16.44945323870613,0,0.9685668931108444
-17.49727696992654,0,0.9685668931108444
-18.173489574190462,0,0.9685668931108444
-18.422592406210406,0,0.9685668931108444
-18.225352228629017,0,0.9685668931108444
-17.592860109134016,0,0.9685668931108444
-16.533528326954666,0,0.9685668931108444
-15.100937994108495,0,0.9685668931108444
-13.382494075090209,0,0.9685668931108444
-11.431283877874499,0,0.9685668931108444
-9.330949025800532,0,0.9685668931108444
-7.202628431063211,0,0.9685668931108444
-5.116644462893515,0,0.9685668931108444
-3.135022303801204,0,0.9685668931108444
-1.3378222054000393,0,0.9685668931108444
0.2420357897549357,0,0.9685668931108444
1.599327712119645,0,0.9685668931108444
2.7234344071084893,0,0.9685668931108444
3.6246409407480176,0,0.9685668931108444
4.313014874200998,0,0.9685668931108444
4.7629734928029,0,0.9685668931108444
4.940449124804992,0,0.9685668931108444
4.869293383004088,0,0.9685668931108444
4.635144995129535,0,0.9685668931108444
4.338606859135419,0,0.9685668931108444
4.05334219972272,0,0.9685668931108444
3.783117503300331,0,0.9685668931108444
3.521568630671622,0,0.9685668931108444
3.3169273497202205,0,0.9685668931108444
3.209804657009213,0,0.9685668931108444
3.179654376107893,0,0.9685668931108444
3.1861706827530067,0,0.9685668931108444
3.238057423988331,0,0.9685668931108444
3.3878220269491455,0,0.9685668931108444
3.666403520036138,0,0.9685668931108444
4.039938206677854,0,0.9685668931108444
4.444243655131621,0,0.9685668931108444
4.849865658710339,0,0.9685668931108444
5.262799722087492,0,0.9685668931108444
5.671611042812601,0,0.9685668931108444
6.045612600422283,0,0.9685668931108444
6.385196294198277,0,0.9685668931108444
6.684274912586187,0,0.9685668931108444
6.913736038367693,0,0.9685668931108444
7.083293161296093,0,0.9685668931108444
7.21214890299214,0,0.9685668931108444
7.286431726084201,0,0.9685668931108444
7.291864436822844,0,0.9685668931108444
7.2470343187771515,1,0.9687698060658361
7.1746569117360695,0,0.9687698060658361
7.065057519142019,0,0.9687698060658361
6.9059592874825775,0,0.9687698060658361
6.711607469366868,0,0.9687698060658361
6.521177786813121,0,0.9687698060658361
6.352638202884805,0,0.9687698060658361
6.165387532699257,0,0.9687698060658361
5.927857032004749,0,0.9687698060658361
5.661267680230523,0,0.9687698060658361
5.387352387066784,0,0.9687698060658361
5.105692904978749,0,0.9687698060658361
4.820060054903003,0,0.9687698060658361
4.534989941400353,0,0.9687698060658361
4.230703748767031,0,0.9687698060658361
3.886217544876828,0,0.9687698060658361
3.5220345265890765,0,0.9687698060658361
3.1757475468791414,0,0.9687698060658361
2.8706604047777566,0,0.9687698060658361
2.6135734745436388,0,0.9687698060658361
2.3715343742304262,0,0.9687698060658361
2.0841233115293187,0,0.9687698060658361
1.7207643521873583,0,0.9687698060658361
1.3028209133259983,0,0.9687698060658361
0.8704446672033628,0,0.9687698060658361
0.441744461880867,0,0.9687698060658361
-0.005082619802935305,0,0.9687698060658361
-0.5228331247076361,0,0.9687698060658361
-1.155793513637346,0,0.9687698060658361
-1.921445260395715,0,0.9687698060658361
-2.8449923492242184,0,0.9687698060658361
-3.9714205807557597,0,0.9687698060658361
-5.307565661574018,0,0.9687698060658361
-6.787108802026912,0,0.9687698060658361
-8.353756311109704,0,0.9687698060658361
-10.014754272532087,0,0.9687698060658361
-11.740234691300849,0,0.9687698060658361
-13.453236708588587,0,0.9687698060658361
-15.099248985311737,0,0.9687698060658361
-16.58719371468048,0,0.9687698060658361
-17.782181434603327,0,0.9687698060658361
-18.581487235669595,0,0.9687698060658361
-18.934646777488652,0,0.9687698060658361
-18.823957134520953,0,0.9687698060658361
-18.242285752818585,0,0.9687698060658361
-17.21069758484823,0,0.9687698060658361
-15.787021228848207,0,0.9687698060658361
-14.027019543841273,0,0.9687698060658361
-11.985177737204298,0,0.9687698060658361
-9.75061595094298,0,0.9687698060658361
-7.439373681638748,0,0.9687698060658361
-5.164152853074697,0,0.9687698060658361
-3.0243588970827466,0,0.9687698060658361
-1.0967322167536744,0,0.9687698060658361
0.5789533406245455,0,0.9687698060658361
1.9914233474539869,0,0.9687698060658361
3.139718932012109,0,0.9687698060658361
4.033744745215098,0,0.9687698060658361
4.676484768991276,0,0.9687698060658361
5.063198178845648,0,0.9687698060658361
5.224380457823399,0,0.9687698060658361
5.214836971237646,0,0.9687698060658361
5.09783625064837,0,0.9687698060658361
4.928401675594437,0,0.9687698060658361
4.70362559554533,0,0.9687698060658361
4.4033881971241335,0,0.9687698060658361
4.069617282487971,0,0.9687698060658361
3.7835058685139837,0,0.9687698060658361
3.591719041706285,0,0.9687698060658361
3.503623826537628,0,0.9687698060658361
3.5061497530082826,0,0.9687698060658361
3.565843669651498,0,0.9687698060658361
3.678952592294619,0,0.9687698060658361
3.868980603588261,0,0.9687698060658361
4.1343930889926215,0,0.9687698060658361
4.446994338730822,0,0.9687698060658361
4.788050333214889,0,0.9687698060658361
5.162443263884109,0,0.9687698060658361
5.572168413049281,0,0.9687698060658361
5.992428376322824,0,0.9687698060658361
6.373782588959341,0,0.9687698060658361
6.681525561294357,0,0.9687698060658361
6.922086611896748,0,0.9687698060658361
7.1169503988220155,0,0.9687698060658361
7.261774097713576,0,0.9687698060658361
7.330128323813907,0,0.9687698060658361
7.3204952020382414,1,0.9691018457963351
7.272283885426463,0,0.9691018457963351
7.224149635841704,0,0.9691018457963351
7.166664792544023,0,0.9691018457963351
7.060509003265099,0,0.9691018457963351
6.881703685326862,0,0.9691018457963351
6.622473881832412,0,0.9691018457963351
6.288363983207384,0,0.9691018457963351
5.9176420109342125,0,0.9691018457963351
5.56402238168549,0,0.9691018457963351
5.260077640508778,0,0.9691018457963351
5.012453414301274,0,0.9691018457963351
4.802983473736997,0,0.9691018457963351
4.607914744727102,0,0.9691018457963351
4.416533735542628,0,0.9691018457963351
4.205195805342092,0,0.9691018457963351
3.9414121803759583,0,0.9691018457963351
3.6029634599270053,0,0.9691018457963351
3.1515832102850547,0,0.9691018457963351
2.5512656974585255,0,0.9691018457963351
1.8215228366105272,0,0.9691018457963351
1.0044277265834693,0,0.9691018457963351
0.09301812205154586,0,0.9691018457963351
-0.9471171268137031,0,0.9691018457963351
-2.104334155045983,0,0.9691018457963351
-3.335608915595715,0,0.9691018457963351
-4.64384503157579,0,0.9691018457963351
-6.060671477322187,0,0.9691018457963351
-7.5804793249748945,0,0.9691018457963351
-9.179354779449207,0,0.9691018457963351
-10.842744021142572,0,0.9691018457963351
-12.53686113834198,0,0.9691018457963351
-14.159660007280582,0,0.9691018457963351
-15.557587393743658,0,0.9691018457963351
-16.621508788684427,0,0.9691018457963351
-17.303519887301807,0,0.9691018457963351
-17.57836403397547,0,0.9691018457963351
-17.437040883540146,0,0.9691018457963351
-16.867420123211435,0,0.9691018457963351
-15.889578553116198,0,0.9691018457963351
-14.58489994441942,0,0.9691018457963351
-13.025833101981105,0,0.9691018457963351
-11.251984994613185,0,0.9691018457963351
-9.298837832923521,0,0.9691018457963351
-7.211629860657913,0,0.9691018457963351
-5.070771401468729,0,0.9691018457963351
-2.992450131080762,0,0.9691018457963351
-1.083595793922857,0,0.9691018457963351
0.5977293706118149,0,0.9691018457963351
2.018018350161913,0,0.9691018457963351
3.1348306666080714,0,0.9691018457963351
3.924840459239759,0,0.9691018457963351
4.408609675857877,0,0.9691018457963351
4.6471748642888455,0,0.9691018457963351
4.712463051295011,0,0.9691018457963351
4.649910799307366,0,0.9691018457963351
4.492408413358781,0,0.9691018457963351
4.28373542557674,0,0.9691018457963351
4.062385102511917,0,0.9691018457963351
3.8439556052047297,0,0.9691018457963351
3.6537300873889897,0,0.9691018457963351
3.5358725208165533,0,0.9691018457963351
3.511271908204342,0,0.9691018457963351
3.5752745930172516,0,0.9691018457963351
3.710853947256515,0,0.9691018457963351
3.9003710732675136,0,0.9691018457963351
4.142928864125491,0,0.9691018457963351
4.441799194626999,0,0.9691018457963351
4.77577894931858,0,0.9691018457963351
5.095907142256234,0,0.9691018457963351
5.383486760741898,0,0.9691018457963351
5.692091545721922,0,0.9691018457963351
6.056445945939804,0,0.9691018457963351
6.424971789949958,0,0.9691018457963351
6.7684430575907255,0,0.9691018457963351
7.120572737651042,0,0.9691018457963351
7.474237137630678,0,0.9691018457963351
7.772364981244629,0,0.9691018457963351
7.966414528635037,0,0.9691018457963351
8.045226615994041,0,0.9691018457963351
8.020877745160925,1,0.9696833122464655
7.893637846116151,0,0.9696833122464655
7.6963688522342375,0,0.9696833122464655
7.491709717570709,0,0.9696833122464655
7.290640886235112,0,0.9696833122464655
7.062457562349908,0,0.9696833122464655
6.77269422820651,0,0.9696833122464655
6.40867445737425,0,0.9696833122464655
6.007648471265171,0,0.9696833122464655
5.619779631615411,0,0.9696833122464655
5.264795039852876,0,0.9696833122464655
4.936428649414475,0,0.9696833122464655
4.621427468669963,0,0.9696833122464655
4.302293771475638,0,0.9696833122464655
3.9626544041734357,0,0.9696833122464655
3.594825865204989,0,0.9696833122464655
3.167165075430805,0,0.9696833122464655
2.6391019691557296,0,0.9696833122464655
1.988892994424164,0,0.9696833122464655
1.1876663087215018,0,0.9696833122464655
0.2159848201866012,0,0.9696833122464655
-0.9151499405304602,0,0.9696833122464655
-2.196673056784721,0,0.9696833122464655
-3.646141591801826,0,0.9696833122464655
-5.280263798417569,0,0.9696833122464655
-7.09151656181375,0,0.9696833122464655
-9.047378187008206,0,0.9696833122464655
-11.07703810177283,0,0.9696833122464655
-13.070647846453042,0,0.9696833122464655
-14.88705625135792,0,0.9696833122464655
-16.380965933732117,0,0.9696833122464655
-17.446318536729393,0,0.9696833122464655
-18.029999341652264,0,0.9696833122464655
-18.127827573342852,0,0.9696833122464655
-17.75764189441753,0,0.9696833122464655
-16.945014931104886,0,0.9696833122464655
-15.74012677903765,0,0.9696833122464655
-14.207399705227227,0,0.9696833122464655
-12.404848328398803,0,0.9696833122464655
-10.384724292971853,0,0.9696833122464655
-8.236358587211793,0,0.9696833122464655
-6.102952022051517,0,0.9696833122464655
-4.084069567807049,0,0.9696833122464655
-2.191038496268648,0,0.9696833122464655
-0.4354701498009137,0,0.9696833122464655
1.123304622079422,0,0.9696833122464655
2.4213462492261875,0,0.9696833122464655
3.44358086089575,0,0.9696833122464655
4.198517672011856,0,0.9696833122464655
4.680266434843882,0,0.9696833122464655
4.909629867358222,0,0.9696833122464655
4.9440505333836375,0,0.9696833122464655
4.831462320311849,0,0.9696833122464655
4.62990585573409,0,0.9696833122464655
4.4246099591748065,0,0.9696833122464655
4.254193024074211,0,0.9696833122464655
4.099498262591203,0,0.9696833122464655
3.935717644188599,0,0.9696833122464655
3.759153375564137,0,0.9696833122464655
3.5981445724976853,0,0.9696833122464655
3.492373940740746,0,0.9696833122464655
3.4668622462232843,0,0.9696833122464655
3.5254958317628002,0,0.9696833122464655
3.6702555443934877,0,0.9696833122464655
3.904645696931917,0,0.9696833122464655
4.190844297451742,0,0.9696833122464655
4.4682082189469785,0,0.9696833122464655
4.729727233595784,0,0.9696833122464655
5.009076040919812,0,0.9696833122464655
5.325254558560771,0,0.9696833122464655
5.683898526218336,0,0.9696833122464655
6.071782634065215,0,0.9696833122464655
6.442760806778524,0,0.9696833122464655
6.765165127496857,0,0.9696833122464655
7.03275701367417,0,0.9696833122464655
7.218537634051843,0,0.9696833122464655
7.306892555186466,0,0.9696833122464655
7.310375413881713,0,0.9696833122464655
7.219687092059055,1,0.9701845519288348
7.046133007137254,0,0.9701845519288348
6.8509293252136345,0,0.9701845519288348
6.668189261599197,0,0.9701845519288348
6.506681342524025,0,0.9701845519288348
6.376749701610405,0,0.9701845519288348
6.236923370649357,0,0.9701845519288348
6.015119658846563,0,0.9701845519288348
5.713567822290021,0,0.9701845519288348
5.399255823706869,0,0.9701845519288348
5.093504213014165,0,0.9701845519288348
4.749633053134211,0,0.9701845519288348
4.325374850523785,0,0.9701845519288348
3.827508541186633,0,0.9701845519288348
3.3027417501832663,0,0.9701845519288348
2.8124322716271406,0,0.9701845519288348
2.3725616498718156,0,0.9701845519288348
1.9406502826429082,0,0.9701845519288348
1.4750809153869673,0,0.9701845519288348
0.9312389100260644,0,0.9701845519288348
0.25922597025449245,0,0.9701845519288348
-0.5571740848071766,0,0.9701845519288348
-1.534361600147919,0,0.9701845519288348
-2.7139826220442167,0,0.9701845519288348
-4.11130639220481,0,0.9701845519288348
-5.706011313695374,0,0.9701845519288348
-7.448646903951762,0,0.9701845519288348
-9.26073997775344,0,0.9701845519288348
-11.085644672691613,0,0.9701845519288348
-12.87774845825793,0,0.9701845519288348
-14.564107016517307,0,0.9701845519288348
-16.064130327221516,0,0.9701845519288348
-17.277796687569086,0,0.9701845519288348
-18.095602918643024,0,0.9701845519288348
-18.467580948247758,0,0.9701845519288348
-18.408897422744836,0,0.9701845519288348
-17.91540635431117,0,0.9701845519288348
-16.943680829055626,0,0.9701845519288348
-15.51453972835684,0,0.9701845519288348
-13.756386453767066,0,0.9701845519288348
-11.811843211354027,0,0.9701845519288348
-9.75320866508447,0,0.9701845519288348
-7.632066093129751,0,0.9701845519288348
-5.531985939571142,0,0.9701845519288348
-3.5288085552911745,0,0.9701845519288348
-1.66254453011449,0,0.9701845519288348
0.047886194754114625,0,0.9701845519288348
1.5621325960835766,0,0.9701845519288348
2.829256947002379,0,0.9701845519288348
3.8311795742931056,0,0.9701845519288348
4.574053871924683,0,0.9701845519288348
5.071822218525091,0,0.9701845519288348
5.349316842191527,0,0.9701845519288348
5.437105314370828,0,0.9701845519288348
5.337935584943469,0,0.9701845519288348
5.061579617820578,0,0.9701845519288348
4.671569332396186,0,0.9701845519288348
4.221245231379131,0,0.9701845519288348
3.735288190887857,0,0.9701845519288348
3.2637459247139144,0,0.9701845519288348
2.887907945316876,0,0.9701845519288348
2.6776545415006905,0,0.9701845519288348
2.6576444901739027,0,0.9701845519288348
2.816959063406169,0,0.9701845519288348
3.1351209942824374,0,0.9701845519288348
3.5936085344339572,0,0.9701845519288348
4.15088734044614,0,0.9701845519288348
4.738793604925641,0,0.9701845519288348
5.321643677983323,0,0.9701845519288348
5.900696732492647,0,0.9701845519288348
6.462989736019546,0,0.9701845519288348
6.983631007934656,0,0.9701845519288348
7.435974209951317,0,0.9701845519288348
7.790340469498572,0,0.9701845519288348
8.045431064100283,0,0.9701845519288348
8.204766741138037,0,0.9701845519288348
8.236449636586268,0,0.9701845519288348
8.140458761097545,1,0.970615137254972
7.974825741627821,0,0.970615137254972
7.786033283737699,0,0.970615137254972
7.584502147429285,0,0.970615137254972
7.382662561672608,0,0.970615137254972
7.199699765772283,0,0.970615137254972
7.007384752905753,0,0.970615137254972
6.7647949227387505,0,0.970615137254972
6.48016721014475,0,0.970615137254972
6.164903529866144,0,0.970615137254972
5.811221774025482,0,0.970615137254972
5.421578992967075,0,0.970615137254972
5.004242516944999,0,0.970615137254972
4.566149743943445,0,0.970615137254972
4.127030017926926,0,0.970615137254972
3.711078248121084,0,0.970615137254972
3.310868787332777,0,0.970615137254972
2.8903890064707523,0,0.970615137254972
2.4627910143432348,0,0.970615137254972
2.0816993850971373,0,0.970615137254972
1.739550234292978,0,0.970615137254972
1.3751597699087044,0,0.970615137254972
0.9446451695545869,0,0.970615137254972
0.4398800439526245,0,0.970615137254972
-0.1574693356878295,0,0.970615137254972
-0.8955740610850026,0,0.970615137254972
-1.8024454929258713,0,0.970615137254972
-2.8732419792141672,0,0.970615137254972
-4.091984140032675,0,0.970615137254972
-5.443693531745046,0,0.970615137254972
-6.920379276566913,0,0.970615137254972
-8.506334317753078,0,0.970615137254972
-10.172696665044391,0,0.970615137254972
-11.872030162336216,0,0.970615137254972
-13.521152744231133,0,0.970615137254972
-15.02284066013771,0,0.970615137254972
-16.28512088857538,0,0.970615137254972
-17.210650587604434,0,0.970615137254972
-17.723087761122258,0,0.970615137254972
-17.78202080627307,0,0.970615137254972
-17.366443004290595,0,0.970615137254972
-16.500014694223633,0,0.970615137254972
-15.240688887215061,0,0.970615137254972
-13.657105969780506,0,0.970615137254972
-11.843467595130317,0,0.970615137254972
-9.88479805697588,0,0.970615137254972
-7.846791365794112,0,0.970615137254972
-5.816968325563077,0,0.970615137254972
-3.8948008730226893,0,0.970615137254972
-2.1339657075671314,0,0.970615137254972
-0.5347480761506762,0,0.970615137254972
0.8743135198269129,0,0.970615137254972
2.035850637402539,0,0.970615137254972
2.9579460355357825,0,0.970615137254972
3.6728622787283256,0,0.970615137254972
4.160921719522618,0,0.970615137254972
4.407417313663933,0,0.970615137254972
4.440416065126898,0,0.970615137254972
4.313935866246123,0,0.970615137254972
4.111644874495514,0,0.970615137254972
3.9075247405183204,0,0.970615137254972
3.7103332774475,0,0.970615137254972
3.5092332751435524,0,0.970615137254972
3.3396879935404047,0,0.970615137254972
3.2413172116438407,0,0.970615137254972
3.2040379563547545,0,0.970615137254972
3.218629769352429,0,0.970615137254972
3.3173313871230623,0,0.970615137254972
3.5114293551405718,0,0.970615137254972
3.758358659473096,0,0.970615137254972
4.003885871434542,0,0.970615137254972
4.237481628195902,0,0.970615137254972
4.503428347046213,0,0.970615137254972
4.834587025011684,0,0.970615137254972
5.236312769382658,0,0.970615137254972
5.699792762009104,0,0.970615137254972
6.176138731505589,0,0.970615137254972
6.608195922348534,0,0.970615137254972
6.970103703372026,0,0.970615137254972
7.261129976079981,0,0.970615137254972
7.487846498325426,0,0.970615137254972
7.645928562615829,0,0.970615137254972
7.7378915940729565,0,0.970615137254972
7.775268491522349,0,0.970615137254972
7.7423672796826795,1,0.9710044557965237
7.607767873975951,0,0.9710044557965237
7.366657808352345,0,0.9710044557965237
7.059252340359031,0,0.9710044557965237
6.744008917989752,0,0.9710044557965237
6.437558138889815,0,0.9710044557965237
6.096472163586949,0,0.9710044557965237
5.704484869656958,0,0.9710044557965237
5.320403990854888,0,0.9710044557965237
4.967939798621178,0,0.9710044557965237
4.615561035266952,0,0.9710044557965237
4.269741749936403,0,0.9710044557965237
3.954790950428691,0,0.9710044557965237
3.6606636389856577,0,0.9710044557965237
3.3725734448408056,0,0.9710044557965237
3.1192571002407825,0,0.9710044557965237
2.9461286855233966,0,0.9710044557965237
2.838447558520959,0,0.9710044557965237
2.7118006169274405,0,0.9710044557965237
2.4687778736143304,0,0.9710044557965237
2.0687807890360626,0,0.9710044557965237
1.5604561310557692,0,0.9710044557965237
0.9995340774235723,0,0.9710044557965237
0.37490251606246955,0,0.9710044557965237
-0.3320298857541574,0,0.9710044557965237
-1.1222295950670942,0,0.9710044557965237
-2.02353603347356,0,0.9710044557965237
-3.084701083800301,0,0.9710044557965237
-4.34946530716742,0,0.9710044557965237
-5.839133157696022,0,0.9710044557965237
-7.534869096082787,0,0.9710044557965237
-9.381054251002498,0,0.9710044557965237
-11.310699192069501,0,0.9710044557965237
-13.242783318358951,0,0.9710044557965237
-15.063313250386365,0,0.9710044557965237
-16.6529898518702,0,0.9710044557965237
-17.914646742377602,0,0.9710044557965237
-18.777438901571518,0,0.9710044557965237
-19.197376599700156,0,0.9710044557965237
-19.145109808214297,0,0.9710044557965237
-18.612260542897086,0,0.9710044557965237
-17.619669586546113,0,0.9710044557965237
-16.191884153071708,0,0.9710044557965237
-14.37257748315847,0,0.9710044557965237
-12.27317791155602,0,0.9710044557965237
-10.025524447697922,0,0.9710044557965237
-7.715990715363464,0,0.9710044557965237
-5.407450138674762,0,0.9710044557965237
-3.177209388076889,0,0.9710044557965237
-1.1256234273910914,0,0.9710044557965237
0.6555812160426207,0,0.9710044557965237
2.1319438136700644,0,0.9710044557965237
3.317864309140784,0,0.9710044557965237
4.221103919352072,0,0.9710044557965237
4.840962270204785,0,0.9710044557965237
5.198654734558576,0,0.9710044557965237
5.307242145255057,0,0.9710044557965237
5.16562483890786,0,0.9710044557965237
4.848751164128455,0,0.9710044557965237
4.499338296703831,0,0.9710044557965237
4.182212015052419,0,0.9710044557965237
3.886900171725103,0,0.9710044557965237
3.630518941691789,0,0.9710044557965237
3.4356742265211757,0,0.9710044557965237
3.306110029721986,0,0.9710044557965237
3.2582758298384307,0,0.9710044557965237
3.3044127611185954,0,0.9710044557965237
3.4324457799346626,0,0.9710044557965237
3.6364323755852968,0,0.9710044557965237
3.941627656576031,0,0.9710044557965237
4.356644295625879,0,0.9710044557965237
4.825997709338915,0,0.9710044557965237
5.282630319896396,0,0.9710044557965237
5.713835244857669,0,0.9710044557965237
6.1406347604290765,0,0.9710044557965237
6.555579065594579,0,0.9710044557965237
6.918159017779638,0,0.9710044557965237
7.1964109658958275,0,0.9710044557965237
7.392719473124822,0,0.9710044557965237
7.511139961497232,0,0.9710044557965237
7.525858771078935,0,0.9710044557965237
7.447889579832373,1,0.9714775665631038
7.350726671248536,0,0.9714775665631038
7.278209524066544,0,0.9714775665631038
7.20193092284522,0,0.9714775665631038
7.090358474066294,0,0.9714775665631038
6.940486735171409,0,0.9714775665631038
6.741484106909561,0,0.9714775665631038
6.4951461575676275,0,0.9714775665631038
6.2266824474293685,0,0.9714775665631038
5.946660145487713,0,0.9714775665631038
5.662162962550466,0,0.9714775665631038
5.38472031206645,0,0.9714775665631038
5.130626917631668,0,0.9714775665631038
4.929213087922589,0,0.9714775665631038
4.7751611812911525,0,0.9714775665631038
4.629994958970393,0,0.9714775665631038
4.457075298137513,0,0.9714775665631038
4.212040426565754,0,0.9714775665631038
3.888530969799283,0,0.9714775665631038
3.5349200253159925,0,0.9714775665631038
3.1713213110094025,0,0.9714775665631038
2.7601776002208465,0,0.9714775665631038
2.2627271243235842,0,0.9714775665631038
1.6717201778662794,0,0.9714775665631038
0.993302332561948,0,0.9714775665631038
0.19499326342916418,0,0.9714775665631038
-0.7780154002930912,0,0.9714775665631038
-1.9119725314574623,0,0.9714775665631038
-3.165727270364119,0,0.9714775665631038
-4.540647296445659,0,0.9714775665631038
-6.038919523500831,0,0.9714775665631038
-7.641291399124783,0,0.9714775665631038
-9.329367534802362,0,0.9714775665631038
-11.07563099541795,0,0.9714775665631038
-12.804305755661549,0,0.9714775665631038
-14.411854994245505,0,0.9714775665631038
-15.81589296759633,0,0.9714775665631038
-16.964206868621897,0,0.9714775665631038
-17.81822055325061,0,0.9714775665631038
-18.330785840910664,0,0.9714775665631038
-18.444827303874767,0,0.9714775665631038
-18.10812094195781,0,0.9714775665631038
-17.306836348947265,0,0.9714775665631038
-16.074761535729905,0,0.9714775665631038
-14.466966005737687,0,0.9714775665631038
-12.55536452590047,0,0.9714775665631038
-10.415419060050636,0,0.9714775665631038
-8.126374683814914,0,0.9714775665631038
-5.8148957413325455,0,0.9714775665631038
-3.6401352989074724,0,0.9714775665631038
-1.710228145457446,0,0.9714775665631038
-0.05745414640452892,0,0.9714775665631038
1.319634286222909,0,0.9714775665631038
2.4573437586380096,0,0.9714775665631038
3.4158203229126194,0,0.9714775665631038
4.207180973087255,0,0.9714775665631038
4.78439442586067,0,0.9714775665631038
5.107598882980306,0,0.9714775665631038
5.198602960382033,0,0.9714775665631038
5.109431694315813,0,0.9714775665631038
4.890883769821765,0,0.9714775665631038
4.6177460595952855,0,0.9714775665631038
4.345388334297408,0,0.9714775665631038
4.090079643988963,0,0.9714775665631038
3.8870312885654874,0,0.9714775665631038
3.7657420799284123,0,0.9714775665631038
3.708228835440877,0,0.9714775665631038
3.680378219263604,0,0.9714775665631038
3.689964189875096,0,0.9714775665631038
3.8021943840841854,0,0.9714775665631038
4.0623339340926305,0,0.9714775665631038
4.435514141103004,0,0.9714775665631038
4.858164151485111,0,0.9714775665631038
5.287147874297411,0,0.9714775665631038
5.68528848131111,0,0.9714775665631038
6.048688847826333,0,0.9714775665631038
6.406578034079207,0,0.9714775665631038
6.756775053817326,0,0.9714775665631038
7.070583200516583,0,0.9714775665631038
7.321789736712397,0,0.9714775665631038
7.477176340135413,0,0.9714775665631038
7.515298373092209,0,0.9714775665631038
7.463686702632224,1,0.9719119521846616
7.355468765441385,0,0.9719119521846616
7.18673370474649,0,0.9719119521846616
6.97098615530952,0,0.9719119521846616
6.766629645992628,0,0.9719119521846616
6.623080602359727,0,0.9719119521846616
6.528170670681263,0,0.9719119521846616
6.434431938326521,0,0.9719119521846616
6.31774240657526,0,0.9719119521846616
6.179548160965792,0,0.9719119521846616
6.025891338119671,0,0.9719119521846616
5.840231724165956,0,0.9719119521846616
5.584427152893734,0,0.9719119521846616
5.259547892115967,0,0.9719119521846616
4.911997273231172,0,0.9719119521846616
4.567347411468922,0,0.9719119521846616
4.227798841467426,0,0.9719119521846616
3.899855358573932,0,0.9719119521846616
3.5825364037209564,0,0.9719119521846616
3.279595947303214,0,0.9719119521846616
3.005861912818563,0,0.9719119521846616
2.7516667053515924,0,0.9719119521846616
2.480663363874821,0,0.9719119521846616
2.1568255576717883,0,0.9719119521846616
1.7374392080493462,0,0.9719119521846616
1.193075978849738,0,0.9719119521846616
0.5179668741734272,0,0.9719119521846616
-0.32824099257258915,0,0.9719119521846616
-1.384929887671006,0,0.9719119521846616
-2.619405617970789,0,0.9719119521846616
-3.9860824742336174,0,0.9719119521846616
-5.487302879351806,0,0.9719119521846616
-7.155003646388753,0,0.9719119521846616
-8.987338852274743,0,0.9719119521846616
-10.89112365252315,0,0.9719119521846616
-12.737898114580616,0,0.9719119521846616
-14.4549165928805,0,0.9719119521846616
-16.00008837066203,0,0.9719119521846616
-17.299579408970047,0,0.9719119521846616
-18.269520080363424,0,0.9719119521846616
-18.85132408707148,0,0.9719119521846616
-18.986246424551435,0,0.9719119521846616
-18.607895356397872,0,0.9719119521846616
-17.702094747923812,0,0.9719119521846616
-16.341438897408416,0,0.9719119521846616
-14.626664967760533,0,0.9719119521846616
-12.66206261600678,0,0.9719119521846616
-10.58969902255799,0,0.9719119521846616
-8.530922510778247,0,0.9719119521846616
-6.52084889071053,0,0.9719119521846616
-4.568110539468234,0,0.9719119521846616
-2.7058690973870645,0,0.9719119521846616
-0.9841930098207967,0,0.9719119521846616
0.5432528969367119,0,0.9719119521846616
1.8529307869014404,0,0.9719119521846616
2.929719057541809,0,0.9719119521846616
3.744247184659863,0,0.9719119521846616
4.290884004352662,0,0.9719119521846616
4.588544438443009,0,0.9719119521846616
4.6706716914821,0,0.9719119521846616
4.583765790170589,0,0.9719119521846616
4.37569741342043,0,0.9719119521846616
4.109402640524173,0,0.9719119521846616
3.8583256927519556,0,0.9719119521846616
3.6601334475069844,0,0.9719119521846616
3.5156087462910635,0,0.9719119521846616
3.434277011192746,0,0.9719119521846616
3.4341587386583274,0,0.9719119521846616
3.507367855629788,0,0.9719119521846616
3.6455469456212253,0,0.9719119521846616
3.865339914170776,0,0.9719119521846616
4.171808797169029,0,0.9719119521846616
4.54533044773854,0,0.9719119521846616
4.952559115090833,0,0.9719119521846616
5.36441166599676,0,0.9719119521846616
5.783812029220933,0,0.9719119521846616
6.230350282624932,0,0.9719119521846616
6.700665440601061,0,0.9719119521846616
7.151541373256322,0,0.9719119521846616
7.525583987887564,0,0.9719119521846616
7.800161140844464,0,0.9719119521846616
7.982972519665195,0,0.9719119521846616
8.077511644195223,0,0.9719119521846616
8.08199781818897,0,0.9719119521846616
7.997936898849255,1,0.972251909045491
7.833570132333415,0,0.972251909045491
7.610095365787907,0,0.972251909045491
7.347702468886294,0,0.972251909045491
7.050324776665202,0,0.972251909045491
6.7309488474695165,0,0.972251909045491
6.423086746418682,0,0.972251909045491
6.135541938187894,0,0.972251909045491
5.829520005895076,0,0.972251909045491
5.4864334334560265,0,0.972251909045491
5.152204933353035,0,0.972251909045491
4.870642585524245,0,0.972251909045491
4.6397684167702336,0,0.972251909045491
4.4384607390761595,0,0.972251909045491
4.244121054578119,0,0.972251909045491
4.035921481948523,0,0.972251909045491
3.7910536555701033,0,0.972251909045491
3.482080949634325,0,0.972251909045491
3.073312926941696,0,0.972251909045491
2.5326468067043506,0,0.972251909045491
1.8665659187033954,0,0.972251909045491
1.0998079217804582,0,0.972251909045491
0.23735655418789575,0,0.972251909045491
-0.7311591483532525,0,0.972251909045491
-1.8453480929382766,0,0.972251909045491
-3.1656199970946397,0,0.972251909045491
-4.705040558451949,0,0.972251909045491
-6.412563662540213,0,0.972251909045491
-8.23434657545699,0,0.972251909045491
-10.125070024671679,0,0.972251909045491
-12.016920293325851,0,0.972251909045491
-13.84698495667221,0,0.972251909045491
-15.557697852601057,0,0.972251909045491
-17.049631288641628,0,0.972251909045491
-18.207563651800847,0,0.972251909045491
-18.953220129906715,0,0.972251909045491
-19.21752008570233,0,0.972251909045491
-18.94576770229941,0,0.972251909045491
-18.173095238696703,0,0.972251909045491
-16.962309835553025,0,0.972251909045491
-15.323853856586831,0,0.972251909045491
-13.308993265481192,0,0.972251909045491
-11.064639421344774,0,0.972251909045491
-8.745616520151316,0,0.972251909045491
-6.438304272744202,0,0.972251909045491
-4.207370930223361,0,0.972251909045491
-2.1375817376794424,0,0.972251909045491
-0.2881906182450597,0,0.972251909045491
1.2835548441275308,0,0.972251909045491
2.5302402106569795,0,0.972251909045491
3.5008961654445274,0,0.972251909045491
4.260261448960619,0,0.972251909045491
4.788190778671156,0,0.972251909045491
5.082121210835744,0,0.972251909045491
5.209515008351802,0,0.972251909045491
5.208562415621058,0,0.972251909045491
5.077761608710508,0,0.972251909045491
4.848045278222692,0,0.972251909045491
4.585864081748107,0,0.972251909045491
4.329724934467369,0,0.972251909045491
4.079796748749996,0,0.972251909045491
3.8673161933695943,0,0.972251909045491
3.7267493184420157,0,0.972251909045491
3.645888189397395,0,0.972251909045491
3.631911370023003,0,0.972251909045491
3.707922619231513,0,0.972251909045491
3.8583414006469687,0,0.972251909045491
4.0742379381545355,0,0.972251909045491
4.381657390022013,0,0.972251909045491
4.791055696948971,0,0.972251909045491
5.281376252513087,0,0.972251909045491
5.808088678243918,0,0.972251909045491
6.304557547838302,0,0.972251909045491
6.714574097925756,0,0.972251909045491
7.032422099164742,0,0.972251909045491
7.305232621711814,0,0.972251909045491
7.554299804174636,0,0.972251909045491
7.744503622172655,0,0.972251909045491
7.849861407775619,0,0.972251909045491
7.872514422764678,0,0.972251909045491
7.833512321045625,1,0.9726638684623827
7.764577198922776,0,0.9726638684623827
7.681446840863182,0,0.9726638684623827
7.561068980089334,0,0.9726638684623827
7.38123559262237,0,0.9726638684623827
7.172819465562796,0,0.9726638684623827
6.953260401071853,0,0.9726638684623827
6.677502508055033,0,0.9726638684623827
6.3130576404352965,0,0.9726638684623827
5.880846854923469,0,0.9726638684623827
5.415534644592172,0,0.9726638684623827
4.947678440045056,0,0.9726638684623827
4.521247074337868,0,0.9726638684623827
4.142644278710789,0,0.9726638684623827
3.7409322911199867,0,0.9726638684623827
3.2521443587546277,0,0.9726638684623827
2.667261182162613,0,0.9726638684623827
1.9845664422745206,0,0.9726638684623827
1.1630338353247174,0,0.9726638684623827
0.13473952381925514,0,0.9726638684623827
-1.1257872829653495,0,0.9726638684623827
-2.5816994905478263,0,0.9726638684623827
-4.195002580950405,0,0.9726638684623827
-5.97286552752212,0,0.9726638684623827
-7.921329325654859,0,0.9726638684623827
-9.965403325663877,0,0.9726638684623827
-11.988465368812962,0,0.9726638684623827
-13.904961858473742,0,0.9726638684623827
-15.63234742833589,0,0.9726638684623827
-17.070885018627408,0,0.9726638684623827
-18.11034264356644,0,0.9726638684623827
-18.656257575393145,0,0.9726638684623827
-18.682197052607243,0,0.9726638684623827
-18.216390290925446,0,0.9726638684623827
-17.28782282301437,0,0.9726638684623827
-15.92398528580849,0,0.9726638684623827
-14.208853474448777,0,0.9726638684623827
-12.274905292498202,0,0.9726638684623827
-10.210953269594562,0,0.9726638684623827
-8.054719050064541,0,0.9726638684623827
-5.873516157116864,0,0.9726638684623827
-3.769164092683758,0,0.9726638684623827
-1.8149631052461292,0,0.9726638684623827
-0.05526116656021821,0,0.9726638684623827
1.5006263487769835,0,0.9726638684623827
2.857403309321052,0,0.9726638684623827
3.9602121456742974,0,0.9726638684623827
4.764944306887766,0,0.9726638684623827
5.295384000536316,0,0.9726638684623827
5.568281664130019,0,0.9726638684623827
5.593615789869826,0,0.9726638684623827
5.422671834180658,0,0.9726638684623827
5.131227547128145,0,0.9726638684623827
4.778160342913876,0,0.9726638684623827
4.40474532612163,0,0.9726638684623827
4.0428121270965285,0,0.9726638684623827
3.7167572810029412,0,0.9726638684623827
3.4689642195185946,0,0.9726638684623827
3.348889236566679,0,0.9726638684623827
3.3797052979357036,0,0.9726638684623827
3.540779204211326,0,0.9726638684623827
3.7802133579308874,0,0.9726638684623827
4.0722868051832375,0,0.9726638684623827
4.409474549038323,0,0.9726638684623827
4.756656871096088,0,0.9726638684623827
5.08769269008779,0,0.9726638684623827
5.4261814876922845,0,0.9726638684623827
5.809836540786837,0,0.9726638684623827
6.220202332579479,0,0.9726638684623827
6.585971167364038,0,0.9726638684623827
6.858992868361628,0,0.9726638684623827
7.054571239445581,0,0.9726638684623827
7.215565398286726,0,0.9726638684623827
7.33533082691747,0,0.9726638684623827
7.360456448735783,0,0.9726638684623827
7.267896617042742,1,0.9728349421140373
7.091784388945103,0,0.9728349421140373
6.882702358959692,0,0.9728349421140373
6.665181629312513,0,0.9728349421140373
6.467265485471705,0,0.9728349421140373
6.307751321951316,0,0.9728349421140373
6.134363711322907,0,0.9728349421140373
5.907887054779081,0,0.9728349421140373
5.665674377783998,0,0.9728349421140373
5.4189090206402275,0,0.9728349421140373
5.126485201697723,0,0.9728349421140373
4.789543636255263,0,0.9728349421140373
4.434400040840561,0,0.9728349421140373
4.02404173369508,0,0.9728349421140373
3.507454186896031,0,0.9728349421140373
2.8900414911611634,0,0.9728349421140373
2.17209280052098,0,0.9728349421140373
1.3069470703475303,0,0.9728349421140373
0.25547883664532967,0,0.9728349421140373
-0.9889207438620929,0,0.9728349421140373
-2.4225101034721543,0,0.9728349421140373
-4.032337599968824,0,0.9728349421140373
-5.779192076030282,0,0.9728349421140373
-7.612666894634335,0,0.9728349421140373
-9.484962681602294,0,0.9728349421140373
-11.343927280495237,0,0.9728349421140373
-13.11968749825394,0,0.9728349421140373
-14.703451648475683,0,0.9728349421140373
-16.000747513025175,0,0.9728349421140373
-16.96675997051821,0,0.9728349421140373
-17.556213328314943,0,0.9728349421140373
-17.734560171824167,0,0.9728349421140373
-17.49530325806984,0,0.9728349421140373
-16.80295020384489,0,0.9728349421140373
-15.62261690761626,0,0.9728349421140373
-14.00991688610266,0,0.9728349421140373
-12.078546316675881,0,0.9728349421140373
-9.93953630279796,0,0.9728349421140373
-7.70122802040256,0,0.9728349421140373
-5.462522256747137,0,0.9728349421140373
-3.313527640530918,0,0.9728349421140373
-1.3378760231283824,0,0.9728349421140373
0.41978294378139436,0,0.9728349421140373
1.9634901205181097,0,0.9728349421140373
3.2917119561931742,0,0.9728349421140373
4.357807664128075,0,0.9728349421140373
5.112792664991205,0,0.9728349421140373
5.547694003109876,0,0.9728349421140373
5.695336605415945,0,0.9728349421140373
5.627114262156863,0,0.9728349421140373
5.4176181755702935,0,0.9728349421140373
5.121021831224372,0,0.9728349421140373
4.788520843188299,0,0.9728349421140373
4.45199016155078,0,0.9728349421140373
4.148738425763301,0,0.9728349421140373
3.9413550724397073,0,0.9728349421140373
3.8332426531750206,0,0.9728349421140373
3.8007531913316845,0,0.9728349421140373
3.8506684306650922,0,0.9728349421140373
3.9659660910780983,0,0.9728349421140373
4.132188045476646,0,0.9728349421140373
4.365975946943753,0,0.9728349421140373
4.662954886545503,0,0.9728349421140373
4.973141644111482,0,0.9728349421140373
5.258029108595874,0,0.9728349421140373
5.5361850532535515,0,0.9728349421140373
5.811370605625125,0,0.9728349421140373
6.052400334020371,0,0.9728349421140373
6.271604358129949,0,0.9728349421140373
6.499514112053753,0,0.9728349421140373
6.717112764588443,0,0.9728349421140373
6.8874000633025165,0,0.9728349421140373
6.99420319020753,0,0.9728349421140373
7.042715995791426,0,0.9728349421140373
7.041975179731047,1,0.972924025726583
6.989651706059655,0,0.972924025726583
6.897590256414854,0,0.972924025726583
6.781202862819386,0,0.972924025726583
6.635682918746271,0,0.972924025726583
6.470422093695959,0,0.972924025726583
6.3043101697024735,0,0.972924025726583
6.119520901900545,0,0.972924025726583
5.883665081478589,0,0.972924025726583
5.5907764568691185,0,0.972924025726583
5.245193721305472,0,0.972924025726583
4.85022399438741,0,0.972924025726583
4.411171747206683,0,0.972924025726583
3.923104977794158,0,0.972924025726583
3.367133539963306,0,0.972924025726583
2.726123797581018,0,0.972924025726583
1.9920689981763664,0,0.972924025726583
1.1544966743987612,0,0.972924025726583
0.21479598907053335,0,0.972924025726583
-0.8172594910409359,0,0.972924025726583
-1.9768132885764778,0,0.972924025726583
-3.3338289750801744,0,0.972924025726583
-4.90510540923313,0,0.972924025726583
-6.611331064838472,0,0.972924025726583
-8.351883855346783,0,0.972924025726583
-10.088531838604974,0,0.972924025726583
-11.81352286840551,0,0.972924025726583
-13.468833011083907,0,0.972924025726583
-14.93954353828696,0,0.972924025726583
-16.119757538342476,0,0.972924025726583
-16.938853051492643,0,0.972924025726583
-17.350445971428186,0,0.972924025726583
-17.32567271867429,0,0.972924025726583
-16.842429937589255,0,0.972924025726583
-15.911490202990343,0,0.972924025726583
-14.581790857331109,0,0.972924025726583
-12.9089729896406,0,0.972924025726583
-10.967801354994318,0,0.972924025726583
-8.860475004980287,0,0.972924025726583
-6.680505066095013,0,0.972924025726583
-4.499081784924817,0,0.972924025726583
-2.4001717842409658,0,0.972924025726583
-0.49331572134036095,0,0.972924025726583
1.130195452976813,0,0.972924025726583
2.4642646910180916,0,0.972924025726583
3.5554547376244265,0,0.972924025726583
4.3951909435808,0,0.972924025726583
4.956269049809065,0,0.972924025726583
5.261168545525567,0,0.972924025726583
5.351098251282548,0,0.972924025726583
5.270057387535278,0,0.972924025726583
5.064581091095071,0,0.972924025726583
4.787864800702943,0,0.972924025726583
4.494682736969297,0,0.972924025726583
4.210015052016695,0,0.972924025726583
3.9349071128102207,0,0.972924025726583
3.6800432956781335,0,0.972924025726583
3.479147451324372,0,0.972924025726583
3.3846892941245104,0,0.972924025726583
3.4342740954803648,0,0.972924025726583
3.613441599516054,0,0.972924025726583
3.8742551212561507,0,0.972924025726583
4.176493238793027,0,0.972924025726583
4.502372891656535,0,0.972924025726583
4.8530992790379415,0,0.972924025726583
5.227992580388027,0,0.972924025726583
5.600143961844202,0,0.972924025726583
5.940125979386057,0,0.972924025726583
6.244486933510476,0,0.972924025726583
6.506952923156597,0,0.972924025726583
6.716372603902932,0,0.972924025726583
6.884914847638514,0,0.972924025726583
7.011605442331381,0,0.972924025726583
7.058875290354934,0,0.972924025726583
7.023457003844614,1,0.9730218284359137
6.933477302499047,0,0.9730218284359137
6.7854942963636375,0,0.9730218284359137
6.586691501349875,0,0.9730218284359137
6.355046069898351,0,0.9730218284359137
6.083227107285157,0,0.9730218284359137
5.775197992052816,0,0.9730218284359137
5.4500057952442,0,0.9730218284359137
5.127470879229185,0,0.9730218284359137
4.822647619982666,0,0.9730218284359137
4.535962575293103,0,0.9730218284359137
4.24991172188735,0,0.9730218284359137
3.9161171654259523,0,0.9730218284359137
3.4877355338050635,0,0.9730218284359137
2.967612850436315,0,0.9730218284359137
2.3832106855546336,0,0.9730218284359137
1.7282143575427726,0,0.9730218284359137
0.9605048580037059,0,0.9730218284359137
0.06539165329394417,0,0.9730218284359137
-0.9488674105621857,0,0.9730218284359137
-2.1147809242873716,0,0.9730218284359137
-3.460571133539487,0,0.9730218284359137
-4.947447990870565,0,0.9730218284359137
-6.52881078097856,0,0.9730218284359137
-8.189085567664847,0,0.9730218284359137
-9.898408693079084,0,0.9730218284359137
-11.602202262984825,0,0.9730218284359137
-13.2282503171264,0,0.9730218284359137
-14.674800561653784,0,0.9730218284359137
-15.833917030378618,0,0.9730218284359137
-16.634405519034583,0,0.9730218284359137
-17.05192416012669,0,0.9730218284359137
-17.077655316894212,0,0.9730218284359137
-16.68913282951631,0,0.9730218284359137
-15.871593058096456,0,0.9730218284359137
-14.645755304963888,0,0.9730218284359137
-13.064058184155774,0,0.9730218284359137
-11.203345515683793,0,0.9730218284359137
-9.162001386654545,0,0.9730218284359137
-7.058494596281239,0,0.9730218284359137
-5.004065074994269,0,0.9730218284359137
-3.0797245265342412,0,0.9730218284359137
-1.332478107116245,0,0.9730218284359137
0.22920381935342013,0,0.9730218284359137
1.5914785667169913,0,0.9730218284359137
2.714444992032513,0,0.9730218284359137
3.5666785902413762,0,0.9730218284359137
4.148942718520813,0,0.9730218284359137
4.510734060656731,0,0.9730218284359137
4.720906850906288,0,0.9730218284359137
4.7971245997790435,0,0.9730218284359137
4.703720512482767,0,0.9730218284359137
4.455696585797058,0,0.9730218284359137
4.155369136922409,0,0.9730218284359137
3.880360118444308,0,0.9730218284359137
3.6364490099097284,0,0.9730218284359137
3.4358445590760525,0,0.9730218284359137
3.3258409097142327,0,0.9730218284359137
3.335270748081503,0,0.9730218284359137
3.455773202535499,0,0.9730218284359137
3.6698923359152436,0,0.9730218284359137
3.9470456694989573,0,0.9730218284359137
4.248634236726099,0,0.9730218284359137
4.581694557677704,0,0.9730218284359137
4.976846787769825,0,0.9730218284359137
5.425679501650486,0,0.9730218284359137
5.892389857343731,0,0.9730218284359137
6.34485133156178,0,0.9730218284359137
6.772159478038531,0,0.9730218284359137
7.147492740281017,0,0.9730218284359137
7.421221956876382,0,0.9730218284359137
7.610122231207231,0,0.9730218284359137
7.7697276531753525,0,0.9730218284359137
7.887477728153101,0,0.9730218284359137
7.9228394345003235,0,0.9730218284359137
7.868124319223415,1,0.9732035163990145
7.732803222755579,0,0.9732035163990145
7.543218591130528,0,0.9732035163990145
7.3208927481981805,0,0.9732035163990145
7.05953634905619,0,0.9732035163990145
6.748827968281836,0,0.9732035163990145
6.397960326364411,0,0.9732035163990145
6.02453274356086,0,0.9732035163990145
5.635589129709871,0,0.9732035163990145
5.254788923369074,0,0.9732035163990145
4.924368077973716,0,0.9732035163990145
4.650789724540628,0,0.9732035163990145
4.4001052871987545,0,0.9732035163990145
4.121236254859487,0,0.9732035163990145
3.7640903288485514,0,0.9732035163990145
3.3184332478994163,0,0.9732035163990145
2.801631940784071,0,0.9732035163990145
2.2151211321164204,0,0.9732035163990145
1.5183237291347371,0,0.9732035163990145
0.6416620510395963,0,0.9732035163990145
-0.4321369616080468,0,0.9732035163990145
-1.6696524081006399,0,0.9732035163990145
-3.0693308465328304,0,0.9732035163990145
-4.649466314312567,0,0.9732035163990145
-6.38378175353826,0,0.9732035163990145
-8.205231091199646,0,0.9732035163990145
-10.05832870815812,0,0.9732035163990145
-11.909559673896114,0,0.9732035163990145
-13.709648104784252,0,0.9732035163990145
-15.346628131993466,0,0.9732035163990145
-16.67059505548762,0,0.9732035163990145
-17.587357572151458,0,0.9732035163990145
-18.07027141390419,0,0.9732035163990145
-18.094963012253835,0,0.9732035163990145
-17.627555534690696,0,0.9732035163990145
-16.66827929938973,0,0.9732035163990145
-15.27457639049441,0,0.9732035163990145
-13.538235569455976,0,0.9732035163990145
-11.538603233102974,0,0.9732035163990145
-9.358325978450289,0,0.9732035163990145
-7.1198688046967575,0,0.9732035163990145
-4.938906292838813,0,0.9732035163990145
-2.8917216604892118,0,0.9732035163990145
-1.0358156695370897,0,0.9732035163990145
0.5815823725408314,0,0.9732035163990145
1.9391584630368248,0,0.9732035163990145
3.0413411342842664,0,0.9732035163990145
3.8800232453466497,0,0.9732035163990145
4.4500685013013905,0,0.9732035163990145
4.796697205634307,0,0.9732035163990145
4.963252930711494,0,0.9732035163990145
4.959081237237978,0,0.9732035163990145
4.804761572696931,0,0.9732035163990145
4.549048650755752,0,0.9732035163990145
4.2773607784531125,0,0.9732035163990145
4.0581537145940745,0,0.9732035163990145
3.8815976124444806,0,0.9732035163990145
3.7119539729614903,0,0.9732035163990145
3.547888892937913,0,0.9732035163990145
3.4069868874066955,0,0.9732035163990145
3.2932682684038865,0,0.9732035163990145
3.2227954262497414,0,0.9732035163990145
3.2337668719552735,0,0.9732035163990145
3.342594747042528,0,0.9732035163990145
3.5577158406981995,0,0.9732035163990145
3.895144071496726,0,0.9732035163990145
4.337410679911727,0,0.9732035163990145
4.83262104935146,0,0.9732035163990145
5.320150370315232,0,0.9732035163990145
5.7477701914207975,0,0.9732035163990145
6.113687990856835,0,0.9732035163990145
6.458916388255326,0,0.9732035163990145
6.800728920688826,0,0.9732035163990145
7.128219404886618,0,0.9732035163990145
7.417920815021755,0,0.9732035163990145
7.637638996474036,0,0.9732035163990145
7.7612602423013035,0,0.9732035163990145
7.772299465725017,0,0.9732035163990145
7.683109115215174,1,0.973525650342283
7.539615889989667,0,0.973525650342283
7.387363366634274,0,0.973525650342283
7.235042136795316,0,0.973525650342283
7.0429069315535235,0,0.973525650342283
6.759999066084006,0,0.973525650342283
6.3796480481055955,0,0.973525650342283
5.925077296711832,0,0.973525650342283
5.420207683774669,0,0.973525650342283
4.899007668958695,0,0.973525650342283
4.3936585233062475,0,0.973525650342283
3.931324896923693,0,0.973525650342283
3.521320459426872,0,0.973525650342283
3.1309478562176634,0,0.973525650342283
2.707242589465458,0,0.973525650342283
2.2154690649038544,0,0.973525650342283
1.657000099882905,0,0.973525650342283
1.0444491598764354,0,0.973525650342283
0.3590904167646015,0,0.973525650342283
-0.43488365938258566,0,0.973525650342283
-1.3466148957388222,0,0.973525650342283
-2.3950912997142857,0,0.973525650342283
-3.6283915612123048,0,0.973525650342283
-5.041300914454629,0,0.973525650342283
-6.573663065158238,0,0.973525650342283
-8.203050711614651,0,0.973525650342283
-9.94237161534132,0,0.973525650342283
-11.753111169286575,0,0.973525650342283
-13.528614471172679,0,0.973525650342283
-15.154110472890181,0,0.973525650342283
-16.551616227699956,0,0.973525650342283
-17.65646793011696,0,0.973525650342283
-18.381720699534704,0,0.973525650342283
-18.64685861664849,0,0.973525650342283
-18.423133381850228,0,0.973525650342283
-17.71863947383638,0,0.973525650342283
-16.542265474762843,0,0.973525650342283
-14.920968355817019,0,0.973525650342283
-12.919687578803268,0,0.973525650342283
-10.656115455263635,0,0.973525650342283
-8.278176185585073,0,0.973525650342283
-5.910924481787141,0,0.973525650342283
-3.6711693202805478,0,0.973525650342283
-1.6589712202395668,0,0.973525650342283
0.07534915311320683,0,0.973525650342283
1.5223516131008172,0,0.973525650342283
2.6913792738075157,0,0.973525650342283
3.593028773893903,0,0.973525650342283
4.243767869823264,0,0.973525650342283
4.657626130099405,0,0.973525650342283
4.854139638897491,0,0.973525650342283
4.865508917565961,0,0.973525650342283
4.712315177577052,0,0.973525650342283
4.427223956204572,0,0.973525650342283
4.053590306084652,0,0.973525650342283
3.6168214564186436,0,0.973525650342283
3.1558719243967177,0,0.973525650342283
2.7295317259541387,0,0.973525650342283
2.4120065482720774,0,0.973525650342283
2.2931372061665725,0,0.973525650342283
2.412836488853147,0,0.973525650342283
2.7178536509136055,0,0.973525650342283
3.1214156574535186,0,0.973525650342283
3.568019910237968,0,0.973525650342283
4.021790219750699,0,0.973525650342283
4.478783761521685,0,0.973525650342283
4.976987217501514,0,0.973525650342283
5.519235083412086,0,0.973525650342283
6.047837996050711,0,0.973525650342283
6.496377698977201,0,0.973525650342283
6.842790864591952,0,0.973525650342283
7.121880961978693,0,0.973525650342283
7.357286891898665,0,0.973525650342283
7.534269750835936,0,0.973525650342283
7.653238656763019,0,0.973525650342283
7.727921358160332,0,0.973525650342283
7.757346402944238,0,0.973525650342283
7.730315108940564,1,0.9738041155357261
7.639173066787841,0,0.9738041155357261
7.507645987444136,0,0.9738041155357261
7.355854942581716,0,0.9738041155357261
7.141687595554804,0,0.9738041155357261
6.825566302661699,0,0.9738041155357261
6.440518137280952,0,0.9738041155357261
6.039150066477784,0,0.9738041155357261
5.64114345426462,0,0.9738041155357261
5.258607921757609,0,0.9738041155357261
4.908659555529034,0,0.9738041155357261
4.600523938891429,0,0.9738041155357261
4.327938577285495,0,0.9738041155357261
4.064737400009721,0,0.9738041155357261
3.8065356750496937,0,0.9738041155357261
3.5772616623677194,0,0.9738041155357261
3.3604739626158255,0,0.9738041155357261
3.0981217724496584,0,0.9738041155357261
2.765321577095432,0,0.9738041155357261
2.3862324993398802,0,0.9738041155357261
1.9766642481849523,0,0.9738041155357261
1.5079239357617462,0,0.9738041155357261
0.9473804590922592,0,0.9738041155357261
0.28535391781392616,0,0.9738041155357261
-0.504214308735292,0,0.9738041155357261
-1.4625971738743506,0,0.9738041155357261
-2.6337818522619,0,0.9738041155357261
-4.032498268045975,0,0.9738041155357261
-5.600307483875659,0,0.9738041155357261
-7.2663810038838275,0,0.9738041155357261
-8.995821612562231,0,0.9738041155357261
-10.775263018994137,0,0.9738041155357261
-12.565960237423765,0,0.9738041155357261
-14.266469509633003,0,0.9738041155357261
-15.776910943928556,0,0.9738041155357261
-17.034946215516026,0,0.9738041155357261
-17.97627299313917,0,0.9738041155357261
-18.52253102242279,0,0.9738041155357261
-18.611709804072603,0,0.9738041155357261
-18.220173904387558,0,0.9738041155357261
-17.344639826012013,0,0.9738041155357261
-16.01006643461923,0,0.9738041155357261
-14.297567975256111,0,0.9738041155357261
-12.313591187173133,0,0.9738041155357261
-10.157803149520396,0,0.9738041155357261
-7.924738265899375,0,0.9738041155357261
-5.693387433358188,0,0.9738041155357261
-3.5506483018143857,0,0.9738041155357261
-1.6084424210468522,0,0.9738041155357261
0.049402423839344234,0,0.9738041155357261
1.4103455016936586,0,0.9738041155357261
2.5152314802154074,0,0.9738041155357261
3.400839569979519,0,0.9738041155357261
4.068072809408488,0,0.9738041155357261
4.506714752321529,0,0.9738041155357261
4.721182838642879,0,0.9738041155357261
4.7435167878070015,0,0.9738041155357261
4.634244238369589,0,0.9738041155357261
4.445636819388859,0,0.9738041155357261
4.199985417932924,0,0.9738041155357261
3.9073703904319097,0,0.9738041155357261
3.6089406374143826,0,0.9738041155357261
3.3884265384650365,0,0.9738041155357261
3.295361922538542,0,0.9738041155357261
3.3044936079747833,0,0.9738041155357261
3.3731840123462833,0,0.9738041155357261
3.4963069157486935,0,0.9738041155357261
3.6906787878267355,0,0.9738041155357261
3.974951498875448,0,0.9738041155357261
4.37907149007829,0,0.9738041155357261
4.908865025179275,0,0.9738041155357261
5.5115422712016935,0,0.9738041155357261
6.0990332733122905,0,0.9738041155357261
6.598144509092374,0,0.9738041155357261
6.982038748488049,0,0.9738041155357261
7.2578905041554105,0,0.9738041155357261
7.441928041955208,0,0.9738041155357261
7.557714727123608,0,0.9738041155357261
7.634202132223827,0,0.9738041155357261
7.673023414514628,0,0.9738041155357261
7.660451773820918,1,0.9741278153062327
7.594225721820092,0,0.9741278153062327
7.477255607018935,0,0.9741278153062327
7.33863487062757,0,0.9741278153062327
7.202665007571887,0,0.9741278153062327
7.058132504895378,0,0.9741278153062327
6.901508628276326,0,0.9741278153062327
6.735703563760273,0,0.9741278153062327
6.555470136025182,0,0.9741278153062327
6.34384436184255,0,0.9741278153062327
6.058463702626175,0,0.9741278153062327
5.695579908009711,0,0.9741278153062327
5.31935704052689,0,0.9741278153062327
4.958545408178213,0,0.9741278153062327
4.593240612360913,0,0.9741278153062327
4.233231799154729,0,0.9741278153062327
3.8978611119166753,0,0.9741278153062327
3.5760073588252865,0,0.9741278153062327
3.2350972890068403,0,0.9741278153062327
2.8605739880519554,0,0.9741278153062327
2.501359963819783,0,0.9741278153062327
2.193070549588348,0,0.9741278153062327
1.8887640793063842,0,0.9741278153062327
1.5580521670332474,0,0.9741278153062327
1.2188514651971945,0,0.9741278153062327
0.8723383575061484,0,0.9741278153062327
0.4900110281654112,0,0.9741278153062327
0.008468533701174216,0,0.9741278153062327
-0.6367965504174284,0,0.9741278153062327
-1.4648054820407648,0,0.9741278153062327
-2.480134958301775,0,0.9741278153062327
-3.6952527863333646,0,0.9741278153062327
-5.098102147788004,0,0.9741278153062327
-6.6490785342764385,0,0.9741278153062327
-8.314074470369054,0,0.9741278153062327
-10.07078467037066,0,0.9741278153062327
-11.87947006978966,0,0.9741278153062327
-13.662149528386923,0,0.9741278153062327
-15.323935767396287,0,0.9741278153062327
-16.76893787519594,0,0.9741278153062327
-17.90093517229256,0,0.9741278153062327
-18.6409471651702,0,0.9741278153062327
-18.94325401822731,0,0.9741278153062327
-18.815137840490596,0,0.9741278153062327
-18.283645494009885,0,0.9741278153062327
-17.336437378459625,0,0.9741278153062327
-15.96351802337158,0,0.9741278153062327
-14.217837330541506,0,0.9741278153062327
-12.201416184561548,0,0.9741278153062327
-10.021843197088863,0,0.9741278153062327
-7.764197700023526,0,0.9741278153062327
-5.516387946473742,0,0.9741278153062327
-3.393414202484123,0,0.9741278153062327
-1.4986533148320094,0,0.9741278153062327
0.1181633903054913,0,0.9741278153062327
1.4702028980609887,0,0.9741278153062327
2.5744368814725003,0,0.9741278153062327
3.4083361831995482,0,0.9741278153062327
3.965945766261244,0,0.9741278153062327
4.277900492361162,0,0.9741278153062327
4.404458526606409,0,0.9741278153062327
4.413134154009613,0,0.9741278153062327
4.322691152888512,0,0.9741278153062327
4.144120398735978,0,0.9741278153062327
3.929234081469626,0,0.9741278153062327
3.7315945299903257,0,0.9741278153062327
3.5877300275491564,0,0.9741278153062327
3.5126336666898252,0,0.9741278153062327
3.4900431662685865,0,0.9741278153062327
3.5067028220124326,0,0.9741278153062327
3.582413859343451,0,0.9741278153062327
3.729424220580249,0,0.9741278153062327
3.9233875304929944,0,0.9741278153062327
4.143405334584971,0,0.9741278153062327
4.398701980330947,0,0.9741278153062327
4.715058904732848,0,0.9741278153062327
5.110235103743207,0,0.9741278153062327
5.569088853636855,0,0.9741278153062327
6.033571230547606,0,0.9741278153062327
6.442368494357062,0,0.9741278153062327
6.777677302393457,0,0.9741278153062327
7.037769156287245,0,0.9741278153062327
7.20824091488503,0,0.9741278153062327
7.291584422120061,0,0.9741278153062327
7.313538078460723,0,0.9741278153062327
7.288042605406983,1,0.9742689322679488
7.211005579420946,0,0.9742689322679488
7.077882202247499,0,0.9742689322679488
6.891612748045392,0,0.9742689322679488
6.677222105820882,0,0.9742689322679488
6.490171846369988,0,0.9742689322679488
6.368592913275514,0,0.9742689322679488
6.266847847106803,0,0.9742689322679488
6.126478463194002,0,0.9742689322679488
5.979333994204851,0,0.9742689322679488
5.8685560463419515,0,0.9742689322679488
5.753231016221507,0,0.9742689322679488
5.569438345366666,0,0.9742689322679488
5.31274627109438,0,0.9742689322679488
5.004712741860227,0,0.9742689322679488
4.645644486916149,0,0.9742689322679488
4.2266171734696485,0,0.9742689322679488
3.745823342223582,0,0.9742689322679488
3.2245883386288767,0,0.9742689322679488
2.7210676793415427,0,0.9742689322679488
2.288584292253139,0,0.9742689322679488
1.9106720750576422,0,0.9742689322679488
1.5253912132289986,0,0.9742689322679488
1.064266014051794,0,0.9742689322679488
0.4660587212539845,0,0.9742689322679488
-0.28759632615831143,0,0.9742689322679488
-1.1868527638702144,0,0.9742689322679488
-2.2457114604692427,0,0.9742689322679488
-3.484471181538938,0,0.9742689322679488
-4.8621047879052455,0,0.9742689322679488
-6.31557753522466,0,0.9742689322679488
-7.846145441877877,0,0.9742689322679488
-9.478951419320923,0,0.9742689322679488
-11.198208248606752,0,0.9742689322679488
-12.941824088411952,0,0.9742689322679488
-14.606676232616161,0,0.9742689322679488
-16.079799649890003,0,0.9742689322679488
-17.260155002848894,0,0.9742689322679488
-18.052449027902597,0,0.9742689322679488
-18.384933854568867,0,0.9742689322679488
-18.212555342026295,0,0.9742689322679488
-17.525749628275324,0,0.9742689322679488
-16.383675759803932,0,0.9742689322679488
-14.873814822528518,0,0.9742689322679488
-13.061006461339938,0,0.9742689322679488
-10.997341673712386,0,0.9742689322679488
-8.757356448754722,0,0.9742689322679488
-6.461404135593615,0,0.9742689322679488
-4.2439213086377165,0,0.9742689322679488
-2.196240711046318,0,0.9742689322679488
-0.3524364681818942,0,0.9742689322679488
1.2511790329907186,0,0.9742689322679488
2.5671786816210287,0,0.9742689322679488
3.5865610929401934,0,0.9742689322679488
4.321275002698095,0,0.9742689322679488
4.804763923328319,0,0.9742689322679488
5.097322897950785,0,0.9742689322679488
5.232856425536547,0,0.9742689322679488
5.2190239520731545,0,0.9742689322679488
5.08083717945797,0,0.9742689322679488
4.863355969973636,0,0.9742689322679488
4.628614422341718,0,0.9742689322679488
4.444048244025071,0,0.9742689322679488
4.32173884124008,0,0.9742689322679488
4.226023189145983,0,0.9742689322679488
4.157064252887017,0,0.9742689322679488
4.148022752524818,0,0.9742689322679488
4.200814436549613,0,0.9742689322679488
4.276894258602597,0,0.9742689322679488
4.369479921317064,0,0.9742689322679488
4.531330447518817,0,0.9742689322679488
4.7924695127090216,0,0.9742689322679488
5.131513627758578,0,0.9742689322679488
5.515902863584202,0,0.9742689322679488
5.915291761816447,0,0.9742689322679488
6.305096111535245,0,0.9742689322679488
6.651006639808934,0,0.9742689322679488
6.915257306829413,0,0.9742689322679488
7.101169159013217,0,0.9742689322679488
7.244181757174786,0,0.9742689322679488
7.378940331834204,0,0.9742689322679488
7.522188898790983,0,0.9742689322679488
7.656413877774915,0,0.9742689322679488
7.753331922881002,0,0.9742689322679488
7.793198012428951,0,0.9742689322679488
7.7472325744303205,1,0.9744130159666351
7.594663245424431,0,0.9744130159666351
7.329666917447771,0,0.9744130159666351
6.959513617275447,0,0.9744130159666351
6.5377929081379245,0,0.9744130159666351
6.1122080415485165,0,0.9744130159666351
5.672018780870505,0,0.9744130159666351
5.201135971258577,0,0.9744130159666351
4.719003764131304,0,0.9744130159666351
4.272101141888751,0,0.9744130159666351
3.8864978307897684,0,0.9744130159666351
3.54955796912665,0,0.9744130159666351
3.2409938380643677,0,0.9744130159666351
2.9430571823558513,0,0.9744130159666351
2.64887480462016,0,0.9744130159666351
2.363655188784949,0,0.9744130159666351
2.0946252679695867,0,0.9744130159666351
1.8520297380796298,0,0.9744130159666351
1.6428466136436681,0,0.9744130159666351
1.463418834899229,0,0.9744130159666351
1.2939748641184563,0,0.9744130159666351
1.0949435257674505,0,0.9744130159666351
0.8458662392007541,0,0.9744130159666351
0.5689512753588581,0,0.9744130159666351
0.25673967984061935,0,0.9744130159666351
-0.14016134611285216,0,0.9744130159666351
-0.6442870715208656,0,0.9744130159666351
-1.264059548600162,0,0.9744130159666351
-2.021792380359468,0,0.9744130159666351
-2.94234034868204,0,0.9744130159666351
-4.063431719558541,0,0.9744130159666351
-5.433385301102124,0,0.9744130159666351
-7.054502680709589,0,0.9744130159666351
-8.837588635987679,0,0.9744130159666351
-10.653499993119757,0,0.9744130159666351
-12.428804898304737,0,0.9744130159666351
-14.137841452342673,0,0.9744130159666351
-15.71915858685537,0,0.9744130159666351
-17.070311339716188,0,0.9744130159666351
-18.10143100194211,0,0.9744130159666351
-18.731415856492134,0,0.9744130159666351
-18.87939284470493,0,0.9744130159666351
-18.52771548923777,0,0.9744130159666351
-17.735175070388568,0,0.9744130159666351
-16.561195481445015,0,0.9744130159666351
-15.026225956209142,0,0.9744130159666351
-13.159999532811153,0,0.9744130159666351
-11.060017219708588,0,0.9744130159666351
-8.848020811124655,0,0.9744130159666351
-6.599750141533064,0,0.9744130159666351
-4.386553193411514,0,0.9744130159666351
-2.3177908852292908,0,0.9744130159666351
-0.48356227041433947,0,0.9744130159666351
1.0727811375561043,0,0.9744130159666351
2.3497121588906698,0,0.9744130159666351
3.3869013838909163,0,0.9744130159666351
4.193226274937931,0,0.9744130159666351
4.735190993334617,0,0.9744130159666351
5.018557263711512,0,0.9744130159666351
5.0874504460440875,0,0.9744130159666351
4.986691520099216,0,0.9744130159666351
4.7560541559695215,0,0.9744130159666351
4.440141704046916,0,0.9744130159666351
4.102300965567127,0,0.9744130159666351
3.796088169499884,0,0.9744130159666351
3.551951212959637,0,0.9744130159666351
3.3999126549127,0,0.9744130159666351
3.345149356379602,0,0.9744130159666351
3.3459514691371535,0,0.9744130159666351
3.361439281284734,0,0.9744130159666351
3.3935100502760442,0,0.9744130159666351
3.508143316455846,0,0.9744130159666351
3.795152206707479,0,0.9744130159666351
4.255692280247018,0,0.9744130159666351
4.812911145346896,0,0.9744130159666351
5.391163727228361,0,0.9744130159666351
5.931510356446045,0,0.9744130159666351
6.40829061772449,0,0.9744130159666351
6.822067683409576,0,0.9744130159666351
7.1676027829891495,0,0.9744130159666351
7.432351852353259,0,0.9744130159666351
7.6096877260319085,0,0.9744130159666351
7.705358473753958,0,0.9744130159666351
7.734855026989397,0,0.9744130159666351
7.718646876768969,1,0.97461360711884
7.669804748314416,0,0.97461360711884
7.557947352717005,0,0.97461360711884
7.349448106993166,0,0.97461360711884
7.090373699980308,0,0.97461360711884
6.833424047842074,0,0.97461360711884
6.553416647673239,0,0.97461360711884
6.22833394433367,0,0.97461360711884
5.887025323367221,0,0.97461360711884
5.551244633228888,0,0.97461360711884
5.232805864535599,0,0.97461360711884
4.953792784105657,0,0.97461360711884
4.712556385692443,0,0.97461360711884
4.484791367397152,0,0.97461360711884
4.253106589625026,0,0.97461360711884
3.992912105245916,0,0.97461360711884
3.6722501325444354,0,0.97461360711884
3.2772169639963664,0,0.97461360711884
2.827662449291806,0,0.97461360711884
2.343471714269045,0,0.97461360711884
1.7979591869162903,0,0.97461360711884
1.1549693242985408,0,0.97461360711884
0.391929992047104,0,0.97461360711884
-0.520510430951406,0,0.97461360711884
-1.5934598701407492,0,0.97461360711884
-2.812613154498854,0,0.97461360711884
-4.185697035394834,0,0.97461360711884
-5.730480174562759,0,0.97461360711884
-7.410285500882012,0,0.97461360711884
-9.157653358537692,0,0.97461360711884
-10.931809867874426,0,0.97461360711884
-12.699870932335694,0,0.97461360711884
-14.381365078606041,0,0.97461360711884
-15.850968275788983,0,0.97461360711884
-17.019138080878985,0,0.97461360711884
-17.82918717188238,0,0.97461360711884
-18.183226871590907,0,0.97461360711884
-18.01063207491363,0,0.97461360711884
-17.332113956257903,0,0.97461360711884
-16.196884032088082,0,0.97461360711884
-14.687183518991402,0,0.97461360711884
-12.911167424852541,0,0.97461360711884
-10.932305188416162,0,0.97461360711884
-8.7997610388048,0,0.97461360711884
-6.600691248769968,0,0.97461360711884
-4.436050524866271,0,0.97461360711884
-2.372978623001497,0,0.97461360711884
-0.4654596146388505,0,0.97461360711884
1.194081634781239,0,0.97461360711884
2.5298982944211748,0,0.97461360711884
3.5445840407590157,0,0.97461360711884
4.27807237578446,0,0.97461360711884
4.756936734916998,0,0.97461360711884
5.012141348783014,0,0.97461360711884
5.099550226797128,0,0.97461360711884
5.046946132164142,0,0.97461360711884
4.8586941825023,0,0.97461360711884
4.58908369026966,0,0.97461360711884
4.308562113327552,0,0.97461360711884
4.035934743266567,0,0.97461360711884
3.7801745700519334,0,0.97461360711884
3.5953763630064253,0,0.97461360711884
3.5255662581590053,0,0.97461360711884
3.5559908628328563,0,0.97461360711884
3.656539166702453,0,0.97461360711884
3.8056400409452764,0,0.97461360711884
4.004370359688391,0,0.97461360711884
4.282559786989336,0,0.97461360711884
4.640824051649101,0,0.97461360711884
5.04084383622008,0,0.97461360711884
5.452818164150927,0,0.97461360711884
5.864154636674452,0,0.97461360711884
6.2682655374568945,0,0.97461360711884
6.649536835171689,0,0.97461360711884
6.993207891270579,0,0.97461360711884
7.28662570385649,0,0.97461360711884
7.506640473566728,0,0.97461360711884
7.652106011035524,0,0.97461360711884
7.7409540662309,0,0.97461360711884
7.769747086140199,0,0.97461360711884
7.714181312773333,1,0.9748989977750031
7.589371606153698,0,0.9748989977750031
7.441620162158144,0,0.9748989977750031
7.261095856377488,0,0.9748989977750031
7.03173619299318,0,0.9748989977750031
6.769794058256327,0,0.9748989977750031
6.467729357204148,0,0.9748989977750031
6.121277813378508,0,0.9748989977750031
5.750663683830495,0,0.9748989977750031
5.359032941102912,0,0.9748989977750031
4.945216715862231,0,0.9748989977750031
4.556852322059554,0,0.9748989977750031
4.251117146983937,0,0.9748989977750031
4.024169251082729,0,0.9748989977750031
3.829477895503204,0,0.9748989977750031
3.616483575463348,0,0.9748989977750031
3.353546235729937,0,0.9748989977750031
3.0616668245943544,0,0.9748989977750031
2.7610303212899305,0,0.9748989977750031
2.4173691068891205,0,0.9748989977750031
1.9946376919710493,0,0.9748989977750031
1.4558152552960941,0,0.9748989977750031
0.7523944496001163,0,0.9748989977750031
-0.1434392435188001,0,0.9748989977750031
-1.2331261308727781,0,0.9748989977750031
-2.512095564667395,0,0.9748989977750031
-3.9796614624335827,0,0.9748989977750031
-5.62625585269791,0,0.9748989977750031
-7.446139024427644,0,0.9748989977750031
-9.402437494370817,0,0.9748989977750031
-11.385132993353217,0,0.9748989977750031
-13.285577485503138,0,0.9748989977750031
-15.04081091786461,0,0.9748989977750031
-16.596993264753905,0,0.9748989977750031
-17.886329603050715,0,0.9748989977750031
-18.830372345782205,0,0.9748989977750031
-19.3678795459186,0,0.9748989977750031
-19.4433874160044,0,0.9748989977750031
-18.99723369069019,0,0.9748989977750031
-18.016705020726164,0,0.9748989977750031
-16.55603766192354,0,0.9748989977750031
-14.696884523669214,0,0.9748989977750031
-12.523918338661046,0,0.9748989977750031
-10.168278170759862,0,0.9748989977750031
-7.804429286216336,0,0.9748989977750031
-5.559329218203935,0,0.9748989977750031
-3.4835468011271713,0,0.9748989977750031
-1.59406031178287,0,0.9748989977750031
0.08958064859518389,0,0.9748989977750031
1.5446505373935668,0,0.9748989977750031
2.7480763646144015,0,0.9748989977750031
3.6693814849177087,0,0.9748989977750031
4.315244444007727,0,0.9748989977750031
4.74578942075004,0,0.9748989977750031
5.002982138604247,0,0.9748989977750031
5.087687813438379,0,0.9748989977750031
5.0227793270709045,0,0.9748989977750031
4.865117454171473,0,0.9748989977750031
4.646902070000582,0,0.9748989977750031
4.381364351835145,0,0.9748989977750031
4.1098881382652985,0,0.9748989977750031
3.891790561355665,0,0.9748989977750031
3.7733909349437194,0,0.9748989977750031
3.7643827953098676,0,0.9748989977750031
3.836540419565603,0,0.9748989977750031
3.9882615310448615,0,0.9748989977750031
4.2516943578230055,0,0.9748989977750031
4.6066259820272775,0,0.9748989977750031
4.992765690699351,0,0.9748989977750031
5.360032108550333,0,0.9748989977750031
5.679325303167009,0,0.9748989977750031
5.976818151947945,0,0.9748989977750031
6.291099627791586,0,0.9748989977750031
6.60767357503466,0,0.9748989977750031
6.890277241767895,0,0.9748989977750031
7.117521600332275,0,0.9748989977750031
7.275847141504707,0,0.9748989977750031
7.354229534445796,0,0.9748989977750031
7.373561256572234,0,0.9748989977750031
7.3807204482581135,0,0.9748989977750031
7.37277485673657,1,0.9751749749416403
7.299896983958951,0,0.9751749749416403
7.1514649781144355,0,0.9751749749416403
6.966103593092657,0,0.9751749749416403
6.77607867267473,0,0.9751749749416403
6.574156865038095,0,0.9751749749416403
6.34863979976962,0,0.9751749749416403
6.129209071633851,0,0.9751749749416403
5.938024328538923,0,0.9751749749416403
5.742683364685707,0,0.9751749749416403
5.516739599312698,0,0.9751749749416403
5.275908936230479,0,0.9751749749416403
5.013102448854628,0,0.9751749749416403
4.700320228667209,0,0.9751749749416403
4.366451711317065,0,0.9751749749416403
4.0484588745045995,0,0.9751749749416403
3.7338650316685014,0,0.9751749749416403
3.4229566475239697,0,0.9751749749416403
3.1230299471075336,0,0.9751749749416403
2.820294188002964,0,0.9751749749416403
2.5023938897950755,0,0.9751749749416403
2.130383228159259,0,0.9751749749416403
1.6590176839752222,0,0.9751749749416403
1.0786035625378327,0,0.9751749749416403
0.36513926767003835,0,0.9751749749416403
-0.502241153016877,0,0.9751749749416403
-1.4992126896887132,0,0.9751749749416403
-2.625089039143754,0,0.9751749749416403
-3.9117887766420885,0,0.9751749749416403
-5.367096346548844,0,0.9751749749416403
-6.978032668094129,0,0.9751749749416403
-8.70642555442022,0,0.9751749749416403
-10.484939689169165,0,0.9751749749416403
-12.256478067120105,0,0.9751749749416403
-13.972316158292951,0,0.9751749749416403
-15.568424817595904,0,0.9751749749416403
-16.97077387826035,0,0.9751749749416403
-18.097578868203396,0,0.9751749749416403
-18.853886152865368,0,0.9751749749416403
-19.140562582612283,0,0.9751749749416403
-18.911553132617517,0,0.9751749749416403
-18.203795126054416,0,0.9751749749416403
-17.07357639603477,0,0.9751749749416403
-15.554083213682102,0,0.9751749749416403
-13.682186894968858,0,0.9751749749416403
-11.535673862540456,0,0.9751749749416403
-9.236130848871104,0,0.9751749749416403
-6.92389067239939,0,0.9751749749416403
-4.729089668062181,0,0.9751749749416403
-2.7253927644713514,0,0.9751749749416403
-0.9166850385171751,0,0.9751749749416403
0.6939536310926511,0,0.9751749749416403
2.052333930145428,0,0.9751749749416403
3.116811730121442,0,0.9751749749416403
3.9062358571967764,0,0.9751749749416403
4.466376619926308,0,0.9751749749416403
4.848868933651341,0,0.9751749749416403
5.081330555375717,0,0.9751749749416403
5.155632866789685,0,0.9751749749416403
5.071810612521516,0,0.9751749749416403
4.860447836318441,0,0.9751749749416403
4.557156575683297,0,0.9751749749416403
4.198291274323794,0,0.9751749749416403
3.8538050919512203,0,0.9751749749416403
3.600219465619732,0,0.9751749749416403
3.4693588336023673,0,0.9751749749416403
3.4645251370885055,0,0.9751749749416403
3.560486321940872,0,0.9751749749416403
3.6999170426379173,0,0.9751749749416403
3.869783250690735,0,0.9751749749416403
4.099559896338501,0,0.9751749749416403
4.3770021703283835,0,0.9751749749416403
4.689728950770359,0,0.9751749749416403
5.0536292822394655,0,0.9751749749416403
5.462511313584849,0,0.9751749749416403
5.896997100965991,0,0.9751749749416403
6.320372526798916,0,0.9751749749416403
6.696005367792068,0,0.9751749749416403
7.036430845656286,0,0.9751749749416403
7.345257208541243,0,0.9751749749416403
7.571080257182042,0,0.9751749749416403
7.692370308476694,0,0.9751749749416403
7.753204922001891,0,0.9751749749416403
7.798282358350295,0,0.9751749749416403
7.818323306604791,0,0.9751749749416403
7.7475381281966245,1,0.9753043723955704
7.550007911451565,0,0.9753043723955704
7.256656991266022,0,0.9753043723955704
6.887619534948774,0,0.9753043723955704
6.45832881241866,0,0.9753043723955704
6.0359182825469375,0,0.9753043723955704
5.686265779135826,0,0.9753043723955704
5.402906117281829,0,0.9753043723955704
5.148993793420468,0,0.9753043723955704
4.9087137956025595,0,0.9753043723955704
4.663772079827265,0,0.9753043723955704
4.397830028310661,0,0.9753043723955704
4.093944959345843,0,0.9753043723955704
3.723154309277163,0,0.9753043723955704
3.2883956936036447,0,0.9753043723955704
2.7954450652206813,0,0.9753043723955704
2.1963767396837484,0,0.9753043723955704
1.4524282783890565,0,0.9753043723955704
0.5841364409007169,0,0.9753043723955704
-0.398124625330724,0,0.9753043723955704
-1.5208529556484744,0,0.9753043723955704
-2.784624593719707,0,0.9753043723955704
-4.191246572070251,0,0.9753043723955704
-5.771264777552515,0,0.9753043723955704
-7.502783089266387,0,0.9753043723955704
-9.307615776675636,0,0.9753043723955704
-11.10231978148863,0,0.9753043723955704
-12.803463821869633,0,0.9753043723955704
-14.330486483567224,0,0.9753043723955704
-15.594767123721597,0,0.9753043723955704
-16.511116812660998,0,0.9753043723955704
-17.023345462085942,0,0.9753043723955704
-17.08926790266467,0,0.9753043723955704
-16.672337358016787,0,0.9753043723955704
-15.766789145456807,0,0.9753043723955704
-14.437130951152477,0,0.9753043723955704
-12.800500304836476,0,0.9753043723955704
-10.941428227427265,0,0.9753043723955704
-8.911662644024268,0,0.9753043723955704
-6.798643794811696,0,0.9753043723955704
-4.703299555393602,0,0.9753043723955704
-2.723396211491364,0,0.9753043723955704
-0.9534855295368883,0,0.9753043723955704
0.5745547219304996,0,0.9753043723955704
1.855968740425185,0,0.9753043723955704
2.8614240897722496,0,0.9753043723955704
3.594501143349079,0,0.9753043723955704
4.113689212411955,0,0.9753043723955704
4.468822183784298,0,0.9753043723955704
4.6481121842885464,0,0.9753043723955704
4.641543704585209,0,0.9753043723955704
4.519799407215546,0,0.9753043723955704
4.348338210134866,0,0.9753043723955704
4.1163397793629,0,0.9753043723955704
3.823463350870105,0,0.9753043723955704
3.514530201035445,0,0.9753043723955704
3.221152973806019,0,0.9753043723955704
2.955313269188213,0,0.9753043723955704
2.7510269555811586,0,0.9753043723955704
2.6728001168193964,0,0.9753043723955704
2.7698534618497566,0,0.9753043723955704
3.0269148745362178,0,0.9753043723955704
3.385553930543548,0,0.9753043723955704
3.80988446344712,0,0.9753043723955704
4.291144231369413,0,0.9753043723955704
4.793557730774138,0,0.9753043723955704
5.237460821378977,0,0.9753043723955704
5.560949655170459,0,0.9753043723955704
5.7858937397662,0,0.9753043723955704
5.989783684036267,0,0.9753043723955704
6.209970489346514,0,0.9753043723955704
6.414855103814307,0,0.9753043723955704
6.556218020227213,0,0.9753043723955704
6.623437023717652,0,0.9753043723955704
6.668003114316407,0,0.9753043723955704
6.754625733800809,0,0.9753043723955704
6.875952603741691,0,0.9753043723955704
6.960152338286908,0,0.9753043723955704
6.968663328056794,0,0.9753043723955704
6.922579610797055,1,0.975554618539333
6.842422867156141,0,0.975554618539333
6.715856130573404,0,0.975554618539333
6.516971578004686,0,0.975554618539333
6.250067580808031,0,0.975554618539333
5.955620355225196,0,0.975554618539333
5.662160830735445,0,0.975554618539333
5.358802816880081,0,0.975554618539333
5.030439364284216,0,0.975554618539333
4.669741913925787,0,0.975554618539333
4.255398119390313,0,0.975554618539333
3.7837664452450217,0,0.975554618539333
3.2912891681634338,0,0.975554618539333
2.812391708667211,0,0.975554618539333
2.3432102042792997,0,0.975554618539333
1.856372918757889,0,0.975554618539333
1.3271164423196646,0,0.975554618539333
0.7435513036462805,0,0.975554618539333
0.10070059661752731,0,0.975554618539333
-0.601281637284952,0,0.975554618539333
-1.3763841028136665,0,0.975554618539333
-2.289554973273591,0,0.975554618539333
-3.3955277764095677,0,0.975554618539333
-4.68527073264885,0,0.975554618539333
-6.133894136037611,0,0.975554618539333
-7.714319463436517,0,0.975554618539333
-9.398717441224795,0,0.975554618539333
-11.159983134175624,0,0.975554618539333
-12.9496123663689,0,0.975554618539333
-14.694375094224538,0,0.975554618539333
-16.281077019925277,0,0.975554618539333
-17.57064589313073,0,0.975554618539333
-18.455602384993554,0,0.975554618539333
-18.89367596409782,0,0.975554618539333
-18.891287978726886,0,0.975554618539333
-18.45575144437546,0,0.975554618539333
-17.580079919006252,0,0.975554618539333
-16.27250226132127,0,0.975554618539333
-14.591151698529938,0,0.975554618539333
-12.623173130593806,0,0.975554618539333
-10.445894047013743,0,0.975554618539333
-8.128978702157644,0,0.975554618539333
-5.750326660584343,0,0.975554618539333
-3.446810400178913,0,0.975554618539333
-1.3867049891850085,0,0.975554618539333
0.3582322240425644,0,0.975554618539333
1.8091169555371311,0,0.975554618539333
2.9760238538894526,0,0.975554618539333
3.8534556837134435,0,0.975554618539333
4.474333741143295,0,0.975554618539333
4.896903657112412,0,0.975554618539333
5.1434777821963475,0,0.975554618539333
5.214476625312783,0,0.975554618539333
5.152025296328676,0,0.975554618539333
5.012808268222986,0,0.975554618539333
4.834692448922067,0,0.975554618539333
4.6462071115529,0,0.975554618539333
4.4587327115329725,0,0.975554618539333
4.268923742175578,0,0.975554618539333
4.087415327048665,0,0.975554618539333
3.969713538654391,0,0.975554618539333
3.9676586236381355,0,0.975554618539333
4.072954521266592,0,0.975554618539333
4.254229094886782,0,0.975554618539333
4.48210109717565,0,0.975554618539333
4.7201394548059765,0,0.975554618539333
4.943964569063579,0,0.975554618539333
5.16796092855931,0,0.975554618539333
5.443800873742191,0,0.975554618539333
5.800483774662003,0,0.975554618539333
6.203862278960295,0,0.975554618539333
6.607502918796518,0,0.975554618539333
6.989633580848478,0,0.975554618539333
7.332733140332868,0,0.975554618539333
7.604476103952255,0,0.975554618539333
7.764961814919005,0,0.975554618539333
7.803155196044737,0,0.975554618539333
7.756749144393464,1,0.9757441051413935
7.672009065565297,0,0.9757441051413935
7.565885583988963,0,0.9757441051413935
7.421960838132126,0,0.9757441051413935
7.209564664879321,0,0.9757441051413935
6.9240415846607455,0,0.9757441051413935
6.579436818364465,0,0.9757441051413935
6.194158824509067,0,0.9757441051413935
5.804130638793354,0,0.9757441051413935
5.422074235223051,0,0.9757441051413935
5.0256527582750055,0,0.9757441051413935
4.611470562152776,0,0.9757441051413935
4.195326604999171,0,0.9757441051413935
3.7988382885768917,0,0.9757441051413935
3.4381907390447815,0,0.9757441051413935
3.1037378485374725,0,0.9757441051413935
2.797422422817699,0,0.9757441051413935
2.5403945114339215,0,0.9757441051413935
2.341986286347554,0,0.9757441051413935
2.1923658232364787,0,0.9757441051413935
2.0781501941757425,0,0.9757441051413935
1.9900256877442686,0,0.9757441051413935
1.8813716706946793,0,0.9757441051413935
1.6955433613641084,0,0.9757441051413935
1.429315030630674,0,0.9757441051413935
1.0971911610865897,0,0.9757441051413935
0.6901482704869489,0,0.9757441051413935
0.17794020002289734,0,0.9757441051413935
-0.4905508131070162,0,0.9757441051413935
-1.3446546072147454,0,0.9757441051413935
-2.3684838554366516,0,0.9757441051413935
-3.5603610444133236,0,0.9757441051413935
-4.934827188167551,0,0.9757441051413935
-6.490046911022436,0,0.9757441051413935
-8.210312522399978,0,0.9757441051413935
-10.051842444702034,0,0.9757441051413935
-11.954446883544465,0,0.9757441051413935
-13.8376435892471,0,0.9757441051413935
-15.60326366722308,0,0.9757441051413935
-17.18208740835679,0,0.9757441051413935
-18.487896744617004,0,0.9757441051413935
-19.386516447538078,0,0.9757441051413935
-19.77252716152378,0,0.9757441051413935
-19.621250813178147,0,0.9757441051413935
-18.96474501506447,0,0.9757441051413935
-17.839600148240304,0,0.9757441051413935
-16.28764607219635,0,0.9757441051413935
-14.376592420677543,0,0.9757441051413935
-12.19806987510573,0,0.9757441051413935
-9.869848669920108,0,0.9757441051413935
-7.5302743731842705,0,0.9757441051413935
-5.296202685957653,0,0.9757441051413935
-3.2152597160156615,0,0.9757441051413935
-1.2915406598143606,0,0.9757441051413935
0.4563541009978162,0,0.9757441051413935
1.9900128680504638,0,0.9757441051413935
3.2680432076952624,0,0.9757441051413935
4.25171673742373,0,0.9757441051413935
4.919864448437877,0,0.9757441051413935
5.291495476906205,0,0.9757441051413935
5.434532657191745,0,0.9757441051413935
5.433942816895994,0,0.9757441051413935
5.338965000593848,0,0.9757441051413935
5.160573839355044,0,0.9757441051413935
4.910826078576204,0,0.9757441051413935
4.621686521688677,0,0.9757441051413935
4.346791418281586,0,0.9757441051413935
4.1403904192979155,0,0.9757441051413935
4.005054655934373,0,0.9757441051413935
3.9222739731249554,0,0.9757441051413935
3.90311575473286,0,0.9757441051413935
3.9406297079397192,0,0.9757441051413935
4.004712936705979,0,0.9757441051413935
4.0999543085943655,0,0.9757441051413935
4.268320078918275,0,0.9757441051413935
4.5116400070914215,0,0.9757441051413935
4.79171633667065,0,0.9757441051413935
5.118745106369063,0,0.9757441051413935
5.518848161002225,0,0.9757441051413935
5.962949957028498,0,0.9757441051413935
6.400449754469704,0,0.9757441051413935
6.805848243561831,0,0.9757441051413935
7.165859752560333,0,0.9757441051413935
7.457370337642967,0,0.9757441051413935
7.6496410717042655,0,0.9757441051413935
7.733148563180643,0,0.9757441051413935
7.734971404443299,0,0.9757441051413935
7.697235325884271,1,0.9757256385973277
7.637813182334056,0,0.9757256385973277
7.535450970743962,0,0.9757256385973277
7.372348595373175,0,0.9757256385973277
7.145576541483071,0,0.9757256385973277
6.845672267137369,0,0.9757256385973277
6.464226321035082,0,0.9757256385973277
6.020245992402059,0,0.9757256385973277
5.573721881376698,0,0.9757256385973277
5.163778746995345,0,0.9757256385973277
4.771099559608929,0,0.9757256385973277
4.389168452952226,0,0.9757256385973277
4.046210629226767,0,0.9757256385973277
3.763476296167787,0,0.9757256385973277
3.5339059913191684,0,0.9757256385973277
3.3077534837303486,0,0.9757256385973277
3.038485347341704,0,0.9757256385973277
2.7426401132475884,0,0.9757256385973277
2.470992042188159,0,0.9757256385973277
2.268212996043271,0,0.9757256385973277
2.1355158014174696,0,0.9757256385973277
2.0080036130403807,0,0.9757256385973277
1.8384999270030293,0,0.9757256385973277
1.6425219946665073,0,0.9757256385973277
1.4413023969627148,0,0.9757256385973277
1.2444704482348439,0,0.9757256385973277
1.0442098542567455,0,0.9757256385973277
0.8142244561625887,0,0.9757256385973277
0.5375638812030767,0,0.9757256385973277
0.18423608969794253,0,0.9757256385973277
-0.31519704621326067,0,0.9757256385973277
-1.0101061455849558,0,0.9757256385973277
-1.8824724529626848,0,0.9757256385973277
-2.9010151716162946,0,0.9757256385973277
-4.067393372123539,0,0.9757256385973277
-5.397942574079957,0,0.9757256385973277
-6.903109170453628,0,0.9757256385973277
-8.566346219020396,0,0.9757256385973277
-10.343326795408725,0,0.9757256385973277
-12.187826049409937,0,0.9757256385973277
-14.031499742434768,0,0.9757256385973277
-15.763312335520109,0,0.9757256385973277
-17.255836419394395,0,0.9757256385973277
-18.398906517073918,0,0.9757256385973277
-19.134301836724777,0,0.9757256385973277
-19.43976787431764,0,0.9757256385973277
-19.290662398091023,0,0.9757256385973277
-18.671005340102642,0,0.9757256385973277
-17.59858421790307,0,0.9757256385973277
-16.124307395775123,0,0.9757256385973277
-14.313463533303034,0,0.9757256385973277
-12.24003033188107,0,0.9757256385973277
-9.998359053273113,0,0.9757256385973277
-7.7064437800283985,0,0.9757256385973277
-5.46381922909676,0,0.9757256385973277
-3.330583704798313,0,0.9757256385973277
-1.3547910179967029,0,0.9757256385973277
0.4123975084480823,0,0.9757256385973277
1.9123113379952497,0,0.9757256385973277
3.103416821592685,0,0.9757256385973277
3.979198256136935,0,0.9757256385973277
4.566867667895008,0,0.9757256385973277
4.928492096477317,0,0.9757256385973277
5.115340369686403,0,0.9757256385973277
5.146502366610479,0,0.9757256385973277
5.060831993526893,0,0.9757256385973277
4.915502854377914,0,0.9757256385973277
4.729415443584328,0,0.9757256385973277
4.505250492132678,0,0.9757256385973277
4.288203334715072,0,0.9757256385973277
4.121158100140078,0,0.9757256385973277
4.020321693054261,0,0.9757256385973277
4.004584886353572,0,0.9757256385973277
4.050589704077966,0,0.9757256385973277
4.124924579989904,0,0.9757256385973277
4.247838188978665,0,0.9757256385973277
4.430929469504689,0,0.9757256385973277
4.647623569249648,0,0.9757256385973277
4.891632929098761,0,0.9757256385973277
5.18814669288947,0,0.9757256385973277
5.534151501803039,0,0.9757256385973277
5.882335471098909,0,0.9757256385973277
6.207847251162004,0,0.9757256385973277
6.530226749485224,0,0.9757256385973277
6.856935910828564,0,0.9757256385973277
7.166429334049734,0,0.9757256385973277
7.4370116536945154,0,0.9757256385973277
7.657129393333041,0,0.9757256385973277
7.826768890796195,0,0.9757256385973277
7.94987000500705,0,0.9757256385973277
8.003638836444171,0,0.9757256385973277
7.9609398797254745,1,0.9753391822970781
7.8303015301211625,0,0.9753391822970781
7.624641318885901,0,0.9753391822970781
7.36357650037866,0,0.9753391822970781
7.068906737012894,0,0.9753391822970781
6.726285753688832,0,0.9753391822970781
6.356024567842213,0,0.9753391822970781
6.0232330664106595,0,0.9753391822970781
5.742204641315642,0,0.9753391822970781
5.459549997721389,0,0.9753391822970781
5.126433217632609,0,0.9753391822970781
4.785262408008348,0,0.9753391822970781
4.499883490719924,0,0.9753391822970781
4.242364357103857,0,0.9753391822970781
3.95069042985451,0,0.9753391822970781
3.6199616093273215,0,0.9753391822970781
3.2763132772060564,0,0.9753391822970781
2.9235285731778307,0,0.9753391822970781
2.559548140445026,0,0.9753391822970781
2.178439739198911,0,0.9753391822970781
1.7547142844718495,0,0.9753391822970781
1.2648790830202805,0,0.9753391822970781
0.7029089682590979,0,0.9753391822970781
0.05165665598291325,0,0.9753391822970781
-0.7251232045517007,0,0.9753391822970781
-1.6454381461717276,0,0.9753391822970781
-2.719033960465729,0,0.9753391822970781
-3.973191986796211,0,0.9753391822970781
-5.437167565481157,0,0.9753391822970781
-7.105415400030463,0,0.9753391822970781
-8.92461242503,0,0.9753391822970781
-10.819226267601595,0,0.9753391822970781
-12.696872010084018,0,0.9753391822970781
-14.462384530574214,0,0.9753391822970781
-16.02991849142869,0,0.9753391822970781
-17.320372830925837,0,0.9753391822970781
-18.28206283619789,0,0.9753391822970781
-18.8568889218467,0,0.9753391822970781
-18.960116589738764,0,0.9753391822970781
-18.542169332150777,0,0.9753391822970781
-17.610085754666436,0,0.9753391822970781
-16.226855686759478,0,0.9753391822970781
-14.508889312747751,0,0.9753391822970781
-12.547341669431711,0,0.9753391822970781
-10.383048928403664,0,0.9753391822970781
-8.093147124600295,0,0.9753391822970781
-5.815253746471281,0,0.9753391822970781
-3.675726411209918,0,0.9753391822970781
-1.7327454208080444,0,0.9753391822970781
-0.004157192208294476,0,0.9753391822970781
1.479939173638521,0,0.9753391822970781
2.6813168144651636,0,0.9753391822970781
3.580446856476829,0,0.9753391822970781
4.1920947160683175,0,0.9753391822970781
4.557612339066127,0,0.9753391822970781
4.728767240989037,0,0.9753391822970781
4.7634831666561395,0,0.9753391822970781
4.6989553919249545,0,0.9753391822970781
4.5394931865804065,0,0.9753391822970781
4.283094106047911,0,0.9753391822970781
3.960329364679817,0,0.9753391822970781
3.6444921248776723,0,0.9753391822970781
3.386654571920851,0,0.9753391822970781
3.188894561332769,0,0.9753391822970781
3.0448123905264426,0,0.9753391822970781
2.954652330969664,0,0.9753391822970781
2.9398703031572304,0,0.9753391822970781
3.034271937528959,0,0.9753391822970781
3.2495251977991293,0,0.9753391822970781
3.5911993537704525,0,0.9753391822970781
4.043616823471192,0,0.9753391822970781
4.541528471831482,0,0.9753391822970781
5.045879569541814,0,0.9753391822970781
5.560588906461277,0,0.9753391822970781
6.077576717431421,0,0.9753391822970781
6.5821119964170265,0,0.9753391822970781
7.048587823164506,0,0.9753391822970781
7.453412020537261,0,0.9753391822970781
7.797603862035189,0,0.9753391822970781
8.068181877337933,0,0.9753391822970781
8.233164181064105,0,0.9753391822970781
8.279743924006864,0,0.9753391822970781
8.202841696481796,1,0.9755684259626265
8.016142310396567,0,0.9755684259626265
7.776440197806588,0,0.9755684259626265
7.5255627370515565,0,0.9755684259626265
7.263096995003144,0,0.9755684259626265
6.960705397152755,0,0.9755684259626265
6.579401223425438,0,0.9755684259626265
6.118239212937423,0,0.9755684259626265
5.619242491596303,0,0.9755684259626265
5.143898286825467,0,0.9755684259626265
4.738836696332221,0,0.9755684259626265
4.40023174679067,0,0.9755684259626265
4.1107407619844745,0,0.9755684259626265
3.8795608326677056,0,0.9755684259626265
3.7063691876078466,0,0.9755684259626265
3.5536625484403213,0,0.9755684259626265
3.3766884361193488,0,0.9755684259626265
3.155586984662959,0,0.9755684259626265
2.9223650682756745,0,0.9755684259626265
2.7202351955635753,0,0.9755684259626265
2.5078471595185428,0,0.9755684259626265
2.207619659029331,0,0.9755684259626265
1.8185687129537558,0,0.9755684259626265
1.3614566395752383,0,0.9755684259626265
0.7970518442031582,0,0.9755684259626265
0.08163769653929312,0,0.9755684259626265
-0.7909686099648254,0,0.9755684259626265
-1.8285394529870413,0,0.9755684259626265
-3.056854472834097,0,0.9755684259626265
-4.496920644987297,0,0.9755684259626265
-6.152826853282456,0,0.9755684259626265
-7.998429106652434,0,0.9755684259626265
-9.969152401454796,0,0.9755684259626265
-11.97533833713124,0,0.9755684259626265
-13.887265636130596,0,0.9755684259626265
-15.561851937237426,0,0.9755684259626265
-16.920470816663624,0,0.9755684259626265
-17.935666526582157,0,0.9755684259626265
-18.576487227232867,0,0.9755684259626265
-18.79061717303259,0,0.9755684259626265
-18.517067582072514,0,0.9755684259626265
-17.7404990453159,0,0.9755684259626265
-16.512991313039795,0,0.9755684259626265
-14.93417607242489,0,0.9755684259626265
-13.098973908134168,0,0.9755684259626265
-11.055775238394547,0,0.9755684259626265
-8.869633909240495,0,0.9755684259626265
-6.643980596396404,0,0.9755684259626265
-4.4726970238710475,0,0.9755684259626265
-2.43131529172306,0,0.9755684259626265
-0.5696461032518341,0,0.9755684259626265
1.0751068436680014,0,0.9755684259626265
2.4546053990088383,0,0.9755684259626265
3.5342705703742947,0,0.9755684259626265
4.3165547106116655,0,0.9755684259626265
4.819360676850851,0,0.9755684259626265
5.065745574232508,0,0.9755684259626265
5.102575145605209,0,0.9755684259626265
5.006250094385205,0,0.9755684259626265
4.842128605533156,0,0.9755684259626265
4.637233266756981,0,0.9755684259626265
4.415631101681368,0,0.9755684259626265
4.191134052346661,0,0.9755684259626265
3.957348522582706,0,0.9755684259626265
3.736005223391019,0,0.9755684259626265
3.5772707899398264,0,0.9755684259626265
3.5284889338518726,0,0.9755684259626265
3.609978882169735,0,0.9755684259626265
3.790332610173444,0,0.9755684259626265
4.018588493567867,0,0.9755684259626265
4.283956869169155,0,0.9755684259626265
4.598829940685684,0,0.9755684259626265
4.957655808855664,0,0.9755684259626265
5.335895781993832,0,0.9755684259626265
5.70407247485391,0,0.9755684259626265
6.0491129756930695,0,0.9755684259626265
6.375868825461556,0,0.9755684259626265
6.689263568816818,0,0.9755684259626265
6.970760186676278,0,0.9755684259626265
7.188375018230744,0,0.9755684259626265
7.329829894722252,0,0.9755684259626265
7.397033937623412,0,0.9755684259626265
7.390150810270798,1,0.9757914263476206
7.309572305362901,0,0.9757914263476206
7.157364510347557,0,0.9757914263476206
6.9359927347525,0,0.9757914263476206
6.667272018784197,0,0.9757914263476206
6.391431928163617,0,0.9757914263476206
6.125055172903972,0,0.9757914263476206
5.843113859859135,0,0.9757914263476206
5.5143191682166695,0,0.9757914263476206
5.148662458741726,0,0.9757914263476206
4.775306432005787,0,0.9757914263476206
4.400076142062798,0,0.9757914263476206
4.046183995725954,0,0.9757914263476206
3.7737099014562068,0,0.9757914263476206
3.605069108243434,0,0.9757914263476206
3.4899436747825088,0,0.9757914263476206
3.3635022970153297,0,0.9757914263476206
3.215129051378328,0,0.9757914263476206
3.071754133695167,0,0.9757914263476206
2.922778399061139,0,0.9757914263476206
2.719312869372232,0,0.9757914263476206
2.4249490363474275,0,0.9757914263476206
2.0623170310993038,0,0.9757914263476206
1.7053094297137625,0,0.9757914263476206
1.3649121217244824,0,0.9757914263476206
0.9531357005178047,0,0.9757914263476206
0.3993922457167772,0,0.9757914263476206
-0.30336036708687253,0,0.9757914263476206
-1.150772826608794,0,0.9757914263476206
-2.132482224277059,0,0.9757914263476206
-3.2255930460237385,0,0.9757914263476206
-4.432781337028161,0,0.9757914263476206
-5.775025792447924,0,0.9757914263476206
-7.222149181768916,0,0.9757914263476206
-8.716531869131535,0,0.9757914263476206
-10.263208373206169,0,0.9757914263476206
-11.885651666870059,0,0.9757914263476206
-13.536231137301769,0,0.9757914263476206
-15.11391333962782,0,0.9757914263476206
-16.509711837108043,0,0.9757914263476206
-17.634663087036145,0,0.9757914263476206
-18.419046008734767,0,0.9757914263476206
-18.79578927885819,0,0.9757914263476206
-18.708764306443356,0,0.9757914263476206
-18.116615908254776,0,0.9757914263476206
-17.021458765007555,0,0.9757914263476206
-15.505801731235195,0,0.9757914263476206
-13.690035912801646,0,0.9757914263476206
-11.669131151655689,0,0.9757914263476206
-9.518809086045135,0,0.9757914263476206
-7.305502271680292,0,0.9757914263476206
-5.086863510024373,0,0.9757914263476206
-2.9371957927748604,0,0.9757914263476206
-0.9484444322352311,0,0.9757914263476206
0.7788885574447697,0,0.9757914263476206
2.186224524274052,0,0.9757914263476206
3.2883927403114996,0,0.9757914263476206
4.107775134376981,0,0.9757914263476206
4.663537740196577,0,0.9757914263476206
4.994298356942744,0,0.9757914263476206
5.154585093955323,0,0.9757914263476206
5.205596785542884,0,0.9757914263476206
5.154662658621325,0,0.9757914263476206
4.9870382916418,0,0.9757914263476206
4.755882858049419,0,0.9757914263476206
4.5290685713041645,0,0.9757914263476206
4.326531918119735,0,0.9757914263476206
4.157441932692501,0,0.9757914263476206
4.043065468831469,0,0.9757914263476206
4.005855051161549,0,0.9757914263476206
4.076510340414159,0,0.9757914263476206
4.269208746947592,0,0.9757914263476206
4.54411129375216,0,0.9757914263476206
4.848475407041247,0,0.9757914263476206
5.171139651745471,0,0.9757914263476206
5.5304950194194396,0,0.9757914263476206
5.910342815557778,0,0.9757914263476206
6.258103607589211,0,0.9757914263476206
6.568479140060925,0,0.9757914263476206
6.850884503468137,0,0.9757914263476206
7.086952640887436,0,0.9757914263476206
7.300034854999845,0,0.9757914263476206
7.504496634784803,0,0.9757914263476206
7.646097688639577,0,0.9757914263476206
7.696590192107654,0,0.9757914263476206
7.673703963696012,1,0.9759181936883511
7.582094804334949,0,0.9759181936883511
7.448717122701964,0,0.9759181936883511
7.3390967142904335,0,0.9759181936883511
7.278942572184059,0,0.9759181936883511
7.226572576654902,0,0.9759181936883511
7.121866848827247,0,0.9759181936883511
6.939098153544213,0,0.9759181936883511
6.697227377470506,0,0.9759181936883511
6.408760535724909,0,0.9759181936883511
6.062521371816355,0,0.9759181936883511
5.663167675101275,0,0.9759181936883511
5.240332471685364,0,0.9759181936883511
4.820005378171965,0,0.9759181936883511
4.411369961095367,0,0.9759181936883511
4.034751033518052,0,0.9759181936883511
3.712014119125078,0,0.9759181936883511
3.4268056316848012,0,0.9759181936883511
3.15128430419232,0,0.9759181936883511
2.8773564687802855,0,0.9759181936883511
2.6040569515320553,0,0.9759181936883511
2.3276621063936807,0,0.9759181936883511
2.040906416011276,0,0.9759181936883511
1.7483160921069065,0,0.9759181936883511
1.4653636678630608,0,0.9759181936883511
1.20039085187891,0,0.9759181936883511
0.9706955761783443,0,0.9759181936883511
0.7845958935460678,0,0.9759181936883511
0.6155156351450417,0,0.9759181936883511
0.418170220751899,0,0.9759181936883511
0.1400268834119868,0,0.9759181936883511
-0.23587282199342188,0,0.9759181936883511
-0.7053835065449768,0,0.9759181936883511
-1.313440188352912,0,0.9759181936883511
-2.1168991346427832,0,0.9759181936883511
-3.1209265567559004,0,0.9759181936883511
-4.301999396851468,0,0.9759181936883511
-5.652083508865905,0,0.9759181936883511
-7.144785650049585,0,0.9759181936883511
-8.716648426837724,0,0.9759181936883511
-10.332010858870968,0,0.9759181936883511
-11.98503022941966,0,0.9759181936883511
-13.64309751257202,0,0.9759181936883511
-15.219169773257756,0,0.9759181936883511
-16.616304118888323,0,0.9759181936883511
-17.782944783555013,0,0.9759181936883511
-18.668553159964635,0,0.9759181936883511
-19.170812508602115,0,0.9759181936883511
-19.18832858246745,0,0.9759181936883511
-18.710129760058475,0,0.9759181936883511
-17.801265266561785,0,0.9759181936883511
-16.52191190966985,0,0.9759181936883511
-14.883843953898701,0,0.9759181936883511
-12.907944818339987,0,0.9759181936883511
-10.71365408091403,0,0.9759181936883511
-8.436916372628154,0,0.9759181936883511
-6.152696856379191,0,0.9759181936883511
-3.9601663300111642,0,0.9759181936883511
-1.9737346918857435,0,0.9759181936883511
-0.24703428102954977,0,0.9759181936883511
1.2033755584744419,0,0.9759181936883511
2.3801590548268172,0,0.9759181936883511
3.305721296095658,0,0.9759181936883511
3.9947679233745093,0,0.9759181936883511
4.460069337088958,0,0.9759181936883511
4.730963427018773,0,0.9759181936883511
4.836343325781395,0,0.9759181936883511
4.791954820062095,0,0.9759181936883511
4.628078977341826,0,0.9759181936883511
4.401217061096155,0,0.9759181936883511
4.152287807632732,0,0.9759181936883511
3.9084055061605865,0,0.9759181936883511
3.7159053320646382,0,0.9759181936883511
3.611659251429908,0,0.9759181936883511
3.6031564030156624,0,0.9759181936883511
3.6956309389659427,0,0.9759181936883511
3.893184348982253,0,0.9759181936883511
4.17043317696176,0,0.9759181936883511
4.48526391832828,0,0.9759181936883511
4.807787161212023,0,0.9759181936883511
5.118739135896148,0,0.9759181936883511
5.433401610878124,0,0.9759181936883511
5.802833993507436,0,0.9759181936883511
6.234755473386334,0,0.9759181936883511
6.675097691400223,0,0.9759181936883511
7.084917778254678,0,0.9759181936883511
7.459533840786638,0,0.9759181936883511
7.77504020165627,0,0.9759181936883511
7.992757470225786,0,0.9759181936883511
8.111852095599197,0,0.9759181936883511
8.143584802250704,0,0.9759181936883511
8.071295252714341,1,0.9755976384727154
7.888240488725,0,0.9755976384727154
7.620275353271169,0,0.9755976384727154
7.316411983397315,0,0.9755976384727154
7.031260212929726,0,0.9755976384727154
6.775629167421324,0,0.9755976384727154
6.524868221066297,0,0.9755976384727154
6.274908245558155,0,0.9755976384727154
6.039510668653114,0,0.9755976384727154
5.818228753795656,0,0.9755976384727154
5.583609504143953,0,0.9755976384727154
5.2997067043631585,0,0.9755976384727154
4.945614967843457,0,0.9755976384727154
4.528095345743773,0,0.9755976384727154
4.083958589068794,0,0.9755976384727154
3.6645201110763392,0,0.9755976384727154
3.318616581513586,0,0.9755976384727154
3.041713552702114,0,0.9755976384727154
2.761995659315988,0,0.9755976384727154
2.4348556647734063,0,0.9755976384727154
2.0477644976700047,0,0.9755976384727154
1.5510619577452653,0,0.9755976384727154
0.9045744383269454,0,0.9755976384727154
0.10526932634522967,0,0.9755976384727154
-0.8734275824687885,0,0.9755976384727154
-2.077018305740709,0,0.9755976384727154
-3.511350351786882,0,0.9755976384727154
-5.136006086199536,0,0.9755976384727154
-6.892435231773654,0,0.9755976384727154
-8.721157580465768,0,0.9755976384727154
-10.561395356541462,0,0.9755976384727154
-12.348159862935532,0,0.9755976384727154
-14.018260147205895,0,0.9755976384727154
-15.523121982722056,0,0.9755976384727154
-16.806560467423417,0,0.9755976384727154
-17.77265210702534,0,0.9755976384727154
-18.318900582207785,0,0.9755976384727154
-18.372257671209915,0,0.9755976384727154
-17.903278384403936,0,0.9755976384727154
-16.943283194128806,0,0.9755976384727154
-15.582949567762997,0,0.9755976384727154
-13.928776945604122,0,0.9755976384727154
-12.046663569098557,0,0.9755976384727154
-9.982305537223485,0,0.9755976384727154
-7.800667383144115,0,0.9755976384727154
-5.582962743055488,0,0.9755976384727154
-3.4351443632646768,0,0.9755976384727154
-1.4586812360293422,0,0.9755976384727154
0.3014242110278856,0,0.9755976384727154
1.8261491363377078,0,0.9755976384727154
3.093051349773737,0,0.9755976384727154
4.102054549668123,0,0.9755976384727154
4.861499197340125,0,0.9755976384727154
5.3683122003108386,0,0.9755976384727154
5.617657082186354,0,0.9755976384727154
5.602285804366941,0,0.9755976384727154
5.345788770430554,0,0.9755976384727154
4.938139515678974,0,0.9755976384727154
4.500497969404514,0,0.9755976384727154
4.11870797876979,0,0.9755976384727154
3.8196571248135913,0,0.9755976384727154
3.6016725050509715,0,0.9755976384727154
3.4595990100328864,0,0.9755976384727154
3.397778980372795,0,0.9755976384727154
3.426582835399355,0,0.9755976384727154
3.542668783942567,0,0.9755976384727154
3.7366402658836506,0,0.9755976384727154
4.004421068536188,0,0.9755976384727154
4.3389920919049825,0,0.9755976384727154
4.719456656344409,0,0.9755976384727154
5.13714730593705,0,0.9755976384727154
5.604970118981651,0,0.9755976384727154
6.099927273195586,0,0.9755976384727154
6.565738433583436,0,0.9755976384727154
6.9633953131724375,0,0.9755976384727154
7.299582063550213,0,0.9755976384727154
7.59277131596329,0,0.9755976384727154
7.808470411359272,0,0.9755976384727154
7.925989780659901,0,0.9755976384727154
7.982748960374572,0,0.9755976384727154
7.987045624896159,0,0.9755976384727154
7.903540706790363,1,0.9758179141851233
7.719346799794981,0,0.9758179141851233
7.46744814114306,0,0.9758179141851233
7.199868220901007,0,0.9758179141851233
6.944765585172152,0,0.9758179141851233
6.688184072365124,0,0.9758179141851233
6.398040344071534,0,0.9758179141851233
6.07214093648662,0,0.9758179141851233
5.7427061114096745,0,0.9758179141851233
5.4114646544142,0,0.9758179141851233
5.055954740623706,0,0.9758179141851233
4.692166216073112,0,0.9758179141851233
4.3569806812410015,0,0.9758179141851233
4.063210804509777,0,0.9758179141851233
3.7827164399017774,0,0.9758179141851233
3.463229265122588,0,0.9758179141851233
3.086818290261711,0,0.9758179141851233
2.690724261295434,0,0.9758179141851233
2.313771336186401,0,0.9758179141851233
1.947510486228247,0,0.9758179141851233
1.54732302057317,0,0.9758179141851233
1.0933881941927168,0,0.9758179141851233
0.5964953636954544,0,0.9758179141851233
0.028471820195760972,0,0.9758179141851233
-0.6829451545216488,0,0.9758179141851233
-1.5994775734981228,0,0.9758179141851233
-2.7326315411501,0,0.9758179141851233
-4.06014297141389,0,0.9758179141851233
-5.5648717456608,0,0.9758179141851233
-7.206877388456221,0,0.9758179141851233
-8.924045856530613,0,0.9758179141851233
-10.675455220473552,0,0.9758179141851233
-12.424293807991972,0,0.9758179141851233
-14.109298824787764,0,0.9758179141851233
-15.649367993017746,0,0.9758179141851233
-16.95444113128049,0,0.9758179141851233
-17.920055744370075,0,0.9758179141851233
-18.45622037287501,0,0.9758179141851233
-18.53736821225758,0,0.9758179141851233
-18.168027451348205,0,0.9758179141851233
-17.36561982245074,0,0.9758179141851233
-16.185188637853216,0,0.9758179141851233
-14.681494315267365,0,0.9758179141851233
-12.886974623276924,0,0.9758179141851233
-10.83843706413178,0,0.9758179141851233
-8.612807661745222,0,0.9758179141851233
-6.327423047174941,0,0.9758179141851233
-4.103113923112909,0,0.9758179141851233
-2.050655381611527,0,0.9758179141851233
-0.2463259244053551,0,0.9758179141851233
1.2902804082462547,0,0.9758179141851233
2.5502487073967477,0,0.9758179141851233
3.5288612953821397,0,0.9758179141851233
4.25992180298119,0,0.9758179141851233
4.776073902439922,0,0.9758179141851233
5.076112033919088,0,0.9758179141851233
5.168553570339628,0,0.9758179141851233
5.106981335710022,0,0.9758179141851233
4.95111252226834,0,0.9758179141851233
4.7416325127085095,0,0.9758179141851233
4.508235466252933,0,0.9758179141851233
4.250225885338898,0,0.9758179141851233
3.973406352372023,0,0.9758179141851233
3.743950888115332,0,0.9758179141851233
3.6163334341560702,0,0.9758179141851233
3.585059872824088,0,0.9758179141851233
3.6469724270041812,0,0.9758179141851233
3.801007428257893,0,0.9758179141851233
4.019047128672878,0,0.9758179141851233
4.268955313090448,0,0.9758179141851233
4.524343625745132,0,0.9758179141851233
4.770743431889991,0,0.9758179141851233
5.01661698530994,0,0.9758179141851233
5.291777333772173,0,0.9758179141851233
5.627143131503781,0,0.9758179141851233
5.994637769917562,0,0.9758179141851233
6.327388859401496,0,0.9758179141851233
6.614228089835046,0,0.9758179141851233
6.887543600446225,0,0.9758179141851233
7.145849765685366,0,0.9758179141851233
7.340691318692064,0,0.9758179141851233
7.438559090480098,0,0.9758179141851233
7.452164829732144,0,0.9758179141851233
7.4047955740153775,1,0.976011377294057
7.301444062895617,0,0.976011377294057
7.142620581981634,0,0.976011377294057
6.9376456846421934,0,0.976011377294057
6.682880321519631,0,0.976011377294057
6.37670479926379,0,0.976011377294057
6.022214981015228,0,0.976011377294057
5.60739366906256,0,0.976011377294057
5.154336506309878,0,0.976011377294057
4.692400155354166,0,0.976011377294057
4.208379324941022,0,0.976011377294057
3.7139789402688344,0,0.976011377294057
3.245262183755338,0,0.976011377294057
2.813783489684885,0,0.976011377294057
2.423447953821627,0,0.976011377294057
2.067722145726505,0,0.976011377294057
1.7053680790938641,0,0.976011377294057
1.283048946921595,0,0.976011377294057
0.7731208320358278,0,0.976011377294057
0.15780647487766913,0,0.976011377294057
-0.5944010654314742,0,0.976011377294057
-1.5279529626121628,0,0.976011377294057
-2.6870519900185097,0,0.976011377294057
-4.061519169841856,0,0.976011377294057
-5.589595272384547,0,0.976011377294057
-7.231398510788862,0,0.976011377294057
-8.971239699831695,0,0.976011377294057
-10.782478608190788,0,0.976011377294057
-12.597158318808747,0,0.976011377294057
-14.286102179031477,0,0.976011377294057
-15.720876276322125,0,0.976011377294057
-16.822110855337897,0,0.976011377294057
-17.519134293707186,0,0.976011377294057
-17.74435119518185,0,0.976011377294057
-17.468499243295167,0,0.976011377294057
-16.726269787243204,0,0.976011377294057
-15.590274597285715,0,0.976011377294057
-14.101791831313733,0,0.976011377294057
-12.286162333720444,0,0.976011377294057
-10.217926988702194,0,0.976011377294057
-8.02527865570273,0,0.976011377294057
-5.82163963550764,0,0.976011377294057
-3.681732771618924,0,0.976011377294057
-1.6902121318503338,0,0.976011377294057
0.07831891398792101,0,0.976011377294057
1.582591985948604,0,0.976011377294057
2.794164719135742,0,0.976011377294057
3.732050147716036,0,0.976011377294057
4.452412396166747,0,0.976011377294057
4.965901060965437,0,0.976011377294057
5.256555516879574,0,0.976011377294057
5.349893249178704,0,0.976011377294057
5.292518023927389,0,0.976011377294057
5.119320697111009,0,0.976011377294057
4.865209810988461,0,0.976011377294057
4.576511145485011,0,0.976011377294057
4.302355815384961,0,0.976011377294057
4.057106920942505,0,0.976011377294057
3.8188488589016054,0,0.976011377294057
3.598473433214034,0,0.976011377294057
3.4518651852980944,0,0.976011377294057
3.432864880608651,0,0.976011377294057
3.561802756074683,0,0.976011377294057
3.8064043240610537,0,0.976011377294057
4.113716563931427,0,0.976011377294057
4.447658614468723,0,0.976011377294057
4.7870008003754725,0,0.976011377294057
5.111370830392571,0,0.976011377294057
5.394909077105998,0,0.976011377294057
5.63668747530244,0,0.976011377294057
5.871175957506604,0,0.976011377294057
6.13592474109496,0,0.976011377294057
6.444036775635663,0,0.976011377294057
6.7561704382533465,0,0.976011377294057
7.002450441997008,0,0.976011377294057
7.15814421702398,0,0.976011377294057
7.244697588831562,0,0.976011377294057
7.270288896698875,0,0.976011377294057
7.246150834296323,1,0.9761761720763492
7.209713308328948,0,0.9761761720763492
7.150533203322575,0,0.9761761720763492
6.996877950202559,0,0.9761761720763492
6.710413320109049,0,0.9761761720763492
6.323234953392621,0,0.9761761720763492
5.901803144515626,0,0.9761761720763492
5.493242209171493,0,0.9761761720763492
5.096025410223648,0,0.9761761720763492
4.7074248080275085,0,0.9761761720763492
4.36868296590461,0,0.9761761720763492
4.107541389969229,0,0.9761761720763492
3.8743122443369344,0,0.9761761720763492
3.5909437926344805,0,0.9761761720763492
3.215671435451702,0,0.9761761720763492
2.741469503761562,0,0.9761761720763492
2.1838032052141854,0,0.9761761720763492
1.5591392421775967,0,0.9761761720763492
0.8411257408886806,0,0.9761761720763492
-0.02984824928991503,0,0.9761761720763492
-1.0903475517345338,0,0.9761761720763492
-2.3472341859536,0,0.9761761720763492
-3.788363968469948,0,0.9761761720763492
-5.392274550624693,0,0.9761761720763492
-7.136063046350827,0,0.9761761720763492
-8.982010945993324,0,0.9761761720763492
-10.883312350596238,0,0.9761761720763492
-12.793719096382786,0,0.9761761720763492
-14.63167660501172,0,0.9761761720763492
-16.24992129047081,0,0.9761761720763492
-17.501886226094108,0,0.9761761720763492
-18.305817729099452,0,0.9761761720763492
-18.638531317854437,0,0.9761761720763492
-18.505912040268047,0,0.9761761720763492
-17.884264733196584,0,0.9761761720763492
-16.737362263405807,0,0.9761761720763492
-15.112120694755895,0,0.9761761720763492
-13.13778411858191,0,0.9761761720763492
-10.943762005980647,0,0.9761761720763492
-8.64031669250525,0,0.9761761720763492
-6.334481267433059,0,0.9761761720763492
-4.103511328367719,0,0.9761761720763492
-2.011776562737742,0,0.9761761720763492
-0.13536806873053883,0,0.9761761720763492
1.4812147417999626,0,0.9761761720763492
2.8235151799078175,0,0.9761761720763492
3.8900052098868283,0,0.9761761720763492
4.692744307405728,0,0.9761761720763492
5.2269372218017764,0,0.9761761720763492
5.496595335392796,0,0.9761761720763492
5.5500389532481345,0,0.9761761720763492
5.439997704494991,0,0.9761761720763492
5.217797022637087,0,0.9761761720763492
4.942426280402645,0,0.9761761720763492
4.641373480982131,0,0.9761761720763492
4.331879364448746,0,0.9761761720763492
4.074029767566611,0,0.9761761720763492
3.924706531934439,0,0.9761761720763492
3.8763013665297295,0,0.9761761720763492
3.9074509970592883,0,0.9761761720763492
4.011378797513086,0,0.9761761720763492
4.155071445903102,0,0.9761761720763492
4.331396550969182,0,0.9761761720763492
4.579104549543967,0,0.9761761720763492
4.883770591456833,0,0.9761761720763492
5.197483049983606,0,0.9761761720763492
5.521948356500769,0,0.9761761720763492
5.854656473849529,0,0.9761761720763492
6.169249493635043,0,0.9761761720763492
6.447805246732594,0,0.9761761720763492
6.663473290831116,0,0.9761761720763492
6.830726319827004,0,0.9761761720763492
6.9868098309992686,0,0.9761761720763492
7.120356981501648,0,0.9761761720763492
7.233873952490579,0,0.9761761720763492
7.340587964597191,0,0.9761761720763492
7.3924520152166195,0,0.9761761720763492
7.327654456524566,1,0.9763041079501565
7.1353893209422905,0,0.9763041079501565
6.854818044467573,0,0.9763041079501565
6.559514071171214,0,0.9763041079501565
6.308290355834403,0,0.9763041079501565
6.0968094954571415,0,0.9763041079501565
5.873587822285262,0,0.9763041079501565
5.598723373495926,0,0.9763041079501565
5.303863803343202,0,0.9763041079501565
5.065677036108767,0,0.9763041079501565
4.891565934247739,0,0.9763041079501565
4.69563077496289,0,0.9763041079501565
4.423678874017242,0,0.9763041079501565
4.095460233730529,0,0.9763041079501565
3.718889092531228,0,0.9763041079501565
3.2935637813367897,0,0.9763041079501565
2.834648399675045,0,0.9763041079501565
2.3412525933195427,0,0.9763041079501565
1.7982071782754094,0,0.9763041079501565
1.1744956867836291,0,0.9763041079501565
0.44081662536409405,0,0.9763041079501565
-0.41960278124429357,0,0.9763041079501565
-1.4396471748467266,0,0.9763041079501565
-2.6340152976663602,0,0.9763041079501565
-3.9921431476088953,0,0.9763041079501565
-5.521029308253517,0,0.9763041079501565
-7.204476622785315,0,0.9763041079501565
-8.980740215511032,0,0.9763041079501565
-10.781795070696397,0,0.9763041079501565
-12.543418962308673,0,0.9763041079501565
-14.209337012748797,0,0.9763041079501565
-15.727735537902138,0,0.9763041079501565
-17.025323731801823,0,0.9763041079501565
-18.00156703070771,0,0.9763041079501565
-18.563951274430885,0,0.9763041079501565
-18.650990100140607,0,0.9763041079501565
-18.233539046935157,0,0.9763041079501565
-17.325885299886632,0,0.9763041079501565
-15.973641865664097,0,0.9763041079501565
-14.249987655318156,0,0.9763041079501565
-12.25565250652504,0,0.9763041079501565
-10.08841507559276,0,0.9763041079501565
-7.8396160375822,0,0.9763041079501565
-5.595969040765686,0,0.9763041079501565
-3.430535313591674,0,0.9763041079501565
-1.4263028230882189,0,0.9763041079501565
0.3037228887847874,0,0.9763041079501565
1.676286001089107,0,0.9763041079501565
2.724203253711423,0,0.9763041079501565
3.5327762079375042,0,0.9763041079501565
4.11841699925088,0,0.9763041079501565
4.4595008390129,0,0.9763041079501565
4.571665517796122,0,0.9763041079501565
4.514375765716037,0,0.9763041079501565
4.366043862971462,0,0.9763041079501565
4.174166351157267,0,0.9763041079501565
3.93594304986434,0,0.9763041079501565
3.651929578190341,0,0.9763041079501565
3.3574013281012727,0,0.9763041079501565
3.1005805460200855,0,0.9763041079501565
2.932670915819648,0,0.9763041079501565
2.890126545672528,0,0.9763041079501565
2.9619124139789337,0,0.9763041079501565
3.1138088038712177,0,0.9763041079501565
3.3320268383826406,0,0.9763041079501565
3.613820337431055,0,0.9763041079501565
3.9602493635707465,0,0.9763041079501565
4.35480446459386,0,0.9763041079501565
4.750887126141711,0,0.9763041079501565
5.127827424605137,0,0.9763041079501565
5.506451830814682,0,0.9763041079501565
5.894791482109626,0,0.9763041079501565
6.251211080164997,0,0.9763041079501565
6.526926949257066,0,0.9763041079501565
6.723552207484506,0,0.9763041079501565
6.874594334963535,0,0.9763041079501565
7.002983638771688,0,0.9763041079501565
7.1141016135126,0,0.9763041079501565
7.1927694314985695,0,0.9763041079501565
7.218450216375312,0,0.9763041079501565
7.198231950950981,1,0.976499910772132
7.141547452335063,0,0.976499910772132
7.037752552802278,0,0.976499910772132
6.866319983342658,0,0.976499910772132
6.617491118240332,0,0.976499910772132
6.317110684724018,0,0.976499910772132
5.991177246065579,0,0.976499910772132
5.6312793525671685,0,0.976499910772132
5.238468656710124,0,0.976499910772132
4.853859548027247,0,0.976499910772132
4.495343327776177,0,0.976499910772132
4.130682515455013,0,0.976499910772132
3.749999111306435,0,0.976499910772132
3.3807011081340406,0,0.976499910772132
3.044411915996501,0,0.976499910772132
2.7578866221623004,0,0.976499910772132
2.5274559601073467,0,0.976499910772132
2.318485739105403,0,0.976499910772132
2.073163948061093,0,0.976499910772132
1.7688725475329887,0,0.976499910772132
1.4207913326981014,0,0.976499910772132
1.0230402517271457,0,0.976499910772132
0.519277272817579,0,0.976499910772132
-0.17358396403985887,0,0.976499910772132
-1.1055823886369758,0,0.976499910772132
-2.263536276492678,0,0.976499910772132
-3.607921570937173,0,0.976499910772132
-5.107936175793671,0,0.976499910772132
-6.742470599131977,0,0.976499910772132
-8.492942368827656,0,0.976499910772132
-10.339276733701396,0,0.976499910772132
-12.219106743204577,0,0.976499910772132
-14.00923557989728,0,0.976499910772132
-15.58855289621418,0,0.976499910772132
-16.879810958443162,0,0.976499910772132
-17.820532758561388,0,0.976499910772132
-18.337942403884583,0,0.976499910772132
-18.39488032788725,0,0.976499910772132
-18.003984566647002,0,0.976499910772132
-17.169552166895254,0,0.976499910772132
-15.899391448894432,0,0.976499910772132
-14.271718117139152,0,0.976499910772132
-12.403189937485719,0,0.976499910772132
-10.372124455520742,0,0.976499910772132
-8.249334992224886,0,0.976499910772132
-6.131543838345539,0,0.976499910772132
-4.109697537023199,0,0.976499910772132
-2.254945533771183,0,0.976499910772132
-0.6161599039229742,0,0.976499910772132
0.7847000713444438,0,0.976499910772132
1.9505261325765384,0,0.976499910772132
2.893280208769125,0,0.976499910772132
3.6211804119650184,0,0.976499910772132
4.144234681128343,0,0.976499910772132
4.476143678005386,0,0.976499910772132
4.640033964213963,0,0.976499910772132
4.688726390988261,0,0.976499910772132
4.669084631235975,0,0.976499910772132
4.597775444525044,0,0.976499910772132
4.521236199018141,0,0.976499910772132
4.48613327126814,0,0.976499910772132
4.491671352811962,0,0.976499910772132
4.543140542932764,0,0.976499910772132
4.649599191607295,0,0.976499910772132
4.787806546419169,0,0.976499910772132
4.93859500356359,0,0.976499910772132
5.117846185100837,0,0.976499910772132
5.334637201516377,0,0.976499910772132
5.566138763267035,0,0.976499910772132
5.786068143664411,0,0.976499910772132
5.987368476007493,0,0.976499910772132
6.1905144269498145,0,0.976499910772132
6.4267693443413325,0,0.976499910772132
6.6952151885222655,0,0.976499910772132
6.953360443941614,0,0.976499910772132
7.162079582424468,0,0.976499910772132
7.304540605445566,0,0.976499910772132
7.391007846041195,0,0.976499910772132
7.451903646510987,0,0.976499910772132
7.486134662105337,0,0.976499910772132
7.478877212556993,1,0.9804025100687178
7.437363434141341,0,0.9804025100687178
7.366817363606571,0,0.9804025100687178
7.2807082221438755,0,0.9804025100687178
7.1971616438948365,0,0.9804025100687178
7.107283261396438,0,0.9804025100687178
6.99356295561879,0,0.9804025100687178
6.842825456010473,0,0.9804025100687178
6.646946986470466,0,0.9804025100687178
6.404629731675655,0,0.9804025100687178
6.113647359486544,0,0.9804025100687178
5.779012465903994,0,0.9804025100687178
5.397900438295307,0,0.9804025100687178
4.956816376240996,0,0.9804025100687178
4.462712187432253,0,0.9804025100687178
3.9444579031277023,0,0.9804025100687178
3.443634526059397,0,0.9804025100687178
3.0051131443528356,0,0.9804025100687178
2.6345694074677954,0,0.9804025100687178
2.2991645946500716,0,0.9804025100687178
1.9868626589915743,0,0.9804025100687178
1.7034701814817135,0,0.9804025100687178
1.4312188747038606,0,0.9804025100687178
1.149119295618735,0,0.9804025100687178
0.886948932725469,0,0.9804025100687178
0.6686525517043505,0,0.9804025100687178
0.45433485229320614,0,0.9804025100687178
0.22520030237116315,0,0.9804025100687178
0.007539202429792458,0,0.9804025100687178
-0.19500924031311087,0,0.9804025100687178
-0.42257383891747163,0,0.9804025100687178
-0.7165796295083947,0,0.9804025100687178
-1.0812567631774304,0,0.9804025100687178
-1.5081240860954788,0,0.9804025100687178
-2.0157913517866435,0,0.9804025100687178
-2.6384944590861963,0,0.9804025100687178
-3.3800437000902286,0,0.9804025100687178
-4.2181470906242975,0,0.9804025100687178
-5.148013681635409,0,0.9804025100687178
-6.196825220229284,0,0.9804025100687178
-7.399801790506387,0,0.9804025100687178
-8.765142174883904,0,0.9804025100687178
-10.263539484429153,0,0.9804025100687178
-11.83871165984088,0,0.9804025100687178
-13.425171588927094,0,0.9804025100687178
-14.981488396592887,0,0.9804025100687178
-16.47638609438796,0,0.9804025100687178
-17.80700883645552,0,0.9804025100687178
-18.804647589238904,0,0.9804025100687178
-19.359230086209394,0,0.9804025100687178
-19.458999501350394,0,0.9804025100687178
-19.113470682592705,0,0.9804025100687178
-18.323941465369582,0,0.9804025100687178
-17.087934314995415,0,0.9804025100687178
-15.426408883986902,0,0.9804025100687178
-13.438254715515777,0,0.9804025100687178
-11.249575926476352,0,0.9804025100687178
-8.941013140564937,0,0.9804025100687178
-6.588444219563324,0,0.9804025100687178
-4.298245257374256,0,0.9804025100687178
-2.1509145049373473,0,0.9804025100687178
-0.18222130729298316,0,0.9804025100687178
1.5408549454019342,0,0.9804025100687178
2.9240991602673008,0,0.9804025100687178
3.9421512766741795,0,0.9804025100687178
4.64518521927535,0,0.9804025100687178
5.081853286997518,0,0.9804025100687178
5.269157847043235,0,0.9804025100687178
5.235338413645417,0,0.9804025100687178
5.042092281670702,0,0.9804025100687178
4.7588807781448565,0,0.9804025100687178
4.44209277607367,0,0.9804025100687178
4.116979931901171,0,0.9804025100687178
3.786746466654789,0,0.9804025100687178
3.488935994367957,0,0.9804025100687178
3.3082064236004074,0,0.9804025100687178
3.2925258032789895,0,0.9804025100687178
3.4091245559832437,0,0.9804025100687178
3.610157078255032,0,0.9804025100687178
3.8809224423874547,0,0.9804025100687178
4.23192629361468,0,0.9804025100687178
4.664581770253576,0,0.9804025100687178
5.145411501386049,0,0.9804025100687178
5.631811650848525,0,0.9804025100687178
6.102181969720119,0,0.9804025100687178
6.549796912361732,0,0.9804025100687178
6.952970348241694,0,0.9804025100687178
7.296667130427239,0,0.9804025100687178
7.607279201585889,0,0.9804025100687178
7.885665068706719,0,0.9804025100687178
8.088544990506321,0,0.9804025100687178
8.206336291416344,0,0.9804025100687178
8.254653330686029,0,0.9804025100687178
8.216368166957988,1,0.9834721532051588
8.057808860513408,0,0.9834721532051588
7.774691912946472,0,0.9834721532051588
7.395918465923834,0,0.9834721532051588
6.956669945383275,0,0.9834721532051588
6.487119615247006,0,0.9834721532051588
6.031102362780124,0,0.9834721532051588
5.626145572856336,0,0.9834721532051588
5.275411842611546,0,0.9834721532051588
4.987995390682756,0,0.9834721532051588
4.751961620073526,0,0.9834721532051588
4.501366248124384,0,0.9834721532051588
4.213901723171322,0,0.9834721532051588
3.9298356355953348,0,0.9834721532051588
3.6716840711401737,0,0.9834721532051588
3.430707529869276,0,0.9834721532051588
3.202187786846426,0,0.9834721532051588
2.9993157611293944,0,0.9834721532051588
2.834169349020874,0,0.9834721532051588
2.70478425229184,0,0.9834721532051588
2.5870106982977537,0,0.9834721532051588
2.452769401847908,0,0.9834721532051588
2.300764439944514,0,0.9834721532051588
2.1351742278021586,0,0.9834721532051588
1.9285669654429611,0,0.9834721532051588
1.6291053092515562,0,0.9834721532051588
1.2314124754685816,0,0.9834721532051588
0.7918444213331499,0,0.9834721532051588
0.32859962324452513,0,0.9834721532051588
-0.2177373339318341,0,0.9834721532051588
-0.9188206885787341,0,0.9834721532051588
-1.7989298941764618,0,0.9834721532051588
-2.836612730757191,0,0.9834721532051588
-4.03281230957105,0,0.9834721532051588
-5.426201835973676,0,0.9834721532051588
-7.0178905965023475,0,0.9834721532051588
-8.766382065763777,0,0.9834721532051588
-10.62122485404829,0,0.9834721532051588
-12.520238000624614,0,0.9834721532051588
-14.393902385890065,0,0.9834721532051588
-16.133226697523206,0,0.9834721532051588
-17.586838365974458,0,0.9834721532051588
-18.63119054070234,0,0.9834721532051588
-19.20584298708541,0,0.9834721532051588
-19.29280489446691,0,0.9834721532051588
-18.88665382011445,0,0.9834721532051588
-17.997239895029857,0,0.9834721532051588
-16.65402573983223,0,0.9834721532051588
-14.907014544641646,0,0.9834721532051588
-12.863713391287451,0,0.9834721532051588
-10.663012799516283,0,0.9834721532051588
-8.40749109606467,0,0.9834721532051588
-6.1763234767843285,0,0.9834721532051588
-4.030517490864982,0,0.9834721532051588
-2.0227811260693787,0,0.9834721532051588
-0.22749636408643403,0,0.9834721532051588
1.2967750324254292,0,0.9834721532051588
2.522558362081988,0,0.9834721532051588
3.451254240865367,0,0.9834721532051588
4.119659616324047,0,0.9834721532051588
4.575488547812866,0,0.9834721532051588
4.859339879444974,0,0.9834721532051588
4.985600355238684,0,0.9834721532051588
4.948123798025749,0,0.9834721532051588
4.766023281178225,0,0.9834721532051588
4.513142037542841,0,0.9834721532051588
4.285230847450652,0,0.9834721532051588
4.126837742967814,0,0.9834721532051588
4.0229909959796935,0,0.9834721532051588
3.9480658129220347,0,0.9834721532051588
3.898150674381464,0,0.9834721532051588
3.9132475040273365,0,0.9834721532051588
4.021692080899165,0,0.9834721532051588
4.192971188043706,0,0.9834721532051588
4.421596875217986,0,0.9834721532051588
4.72254235303033,0,0.9834721532051588
5.060715203448312,0,0.9834721532051588
5.40774734708053,0,0.9834721532051588
5.7636899112495135,0,0.9834721532051588
6.1113152732452,0,0.9834721532051588
6.44011654580603,0,0.9834721532051588
6.771913550599913,0,0.9834721532051588
7.125762731288677,0,0.9834721532051588
7.4687356378403145,0,0.9834721532051588
7.741000872296644,0,0.9834721532051588
7.9293864900031,0,0.9834721532051588
8.047935445758457,0,0.9834721532051588
8.086089825580387,0,0.9834721532051588
8.038006224539838,1,0.9831498646071907
7.940390895938437,0,0.9831498646071907
7.831872381609831,0,0.9831498646071907
7.7086129663061085,0,0.9831498646071907
7.543151835354908,0,0.9831498646071907
7.318898827275325,0,0.9831498646071907
7.053878881402672,0,0.9831498646071907
6.782135510023633,0,0.9831498646071907
6.515406790164672,0,0.9831498646071907
6.231386403222204,0,0.9831498646071907
5.903819469750747,0,0.9831498646071907
5.541842580334587,0,0.9831498646071907
5.166637641935232,0,0.9831498646071907
4.785949504034119,0,0.9831498646071907
4.400633136951946,0,0.9831498646071907
4.011752535774794,0,0.9831498646071907
3.6323396323353125,0,0.9831498646071907
3.2801307349453688,0,0.9831498646071907
2.9659666034423005,0,0.9831498646071907
2.6899629007730064,0,0.9831498646071907
2.442853285697139,0,0.9831498646071907
2.2096215235598953,0,0.9831498646071907
1.9748532391637628,0,0.9831498646071907
1.7306085624285077,0,0.9831498646071907
1.4710275521049956,0,0.9831498646071907
1.1967599182364381,0,0.9831498646071907
0.9057573729053147,0,0.9831498646071907
0.5731760871126625,0,0.9831498646071907
0.17943958567333781,0,0.9831498646071907
-0.27588348908802796,0,0.9831498646071907
-0.8085677972283243,0,0.9831498646071907
-1.4603310137114418,0,0.9831498646071907
-2.288696372891458,0,0.9831498646071907
-3.3406677209901585,0,0.9831498646071907
-4.622395349874665,0,0.9831498646071907
-6.106157588799904,0,0.9831498646071907
-7.736829921077568,0,0.9831498646071907
-9.436130842069277,0,0.9831498646071907
-11.142697787858824,0,0.9831498646071907
-12.842143442988458,0,0.9831498646071907
-14.513242453887349,0,0.9831498646071907
-16.0788024045412,0,0.9831498646071907
-17.434639859729558,0,0.9831498646071907
-18.4741754605966,0,0.9831498646071907
-19.10495679999583,0,0.9831498646071907
-19.269300382081063,0,0.9831498646071907
-18.943777458552535,0,0.9831498646071907
-18.13904446096801,0,0.9831498646071907
-16.906500556475187,0,0.9831498646071907
-15.317192470433781,0,0.9831498646071907
-13.419482713171659,0,0.9831498646071907
-11.269427255848953,0,0.9831498646071907
-8.995302394835324,0,0.9831498646071907
-6.728762882251509,0,0.9831498646071907
-4.529793856689829,0,0.9831498646071907
-2.4445283223448944,0,0.9831498646071907
-0.5407613404148807,0,0.9831498646071907
1.1068086266499162,0,0.9831498646071907
2.4478018718689967,0,0.9831498646071907
3.480014794538277,0,0.9831498646071907
4.210454935817602,0,0.9831498646071907
4.637315989761751,0,0.9831498646071907
4.7692352019182795,0,0.9831498646071907
4.644216493717543,0,0.9831498646071907
4.346206455722924,0,0.9831498646071907
3.966970586358344,0,0.9831498646071907
3.5713444438604043,0,0.9831498646071907
3.206097254895748,0,0.9831498646071907
2.8898167599816866,0,0.9831498646071907
2.642577574328453,0,0.9831498646071907
2.517973281119187,0,0.9831498646071907
2.534679605043115,0,0.9831498646071907
2.661481129359132,0,0.9831498646071907
2.8910239656681824,0,0.9831498646071907
3.225008825466013,0,0.9831498646071907
3.623904467963766,0,0.9831498646071907
4.038241927255483,0,0.9831498646071907
4.471912259422414,0,0.9831498646071907
4.95854927363377,0,0.9831498646071907
5.471960745469499,0,0.9831498646071907
5.955997963166006,0,0.9831498646071907
6.399445566949718,0,0.9831498646071907
6.80099734720728,0,0.9831498646071907
7.154489603142157,0,0.9831498646071907
7.471681691258047,0,0.9831498646071907
7.740266277288407,0,0.9831498646071907
7.925650970326349,0,0.9831498646071907
8.028933277253547,0,0.9831498646071907
8.07154653739013,0,0.9831498646071907
8.058794777814128,1,0.9827490313662929
7.997032313981596,0,0.9827490313662929
7.908738549564768,0,0.9827490313662929
7.791919533867009,0,0.9827490313662929
7.612369497049795,0,0.9827490313662929
7.366932761806578,0,0.9827490313662929
7.059527560784738,0,0.9827490313662929
6.669917744791293,0,0.9827490313662929
6.229783791333253,0,0.9827490313662929
5.8135624534875285,0,0.9827490313662929
5.457994072957323,0,0.9827490313662929
5.146483710650216,0,0.9827490313662929
4.842543181763573,0,0.9827490313662929
4.53562328998744,0,0.9827490313662929
4.2305939859805815,0,0.9827490313662929
3.912077490453547,0,0.9827490313662929
3.5783284808636293,0,0.9827490313662929
3.2733750638647225,0,0.9827490313662929
3.013497221698433,0,0.9827490313662929
2.7559078921584867,0,0.9827490313662929
2.4898045665652537,0,0.9827490313662929
2.211897813244698,0,0.9827490313662929
1.8519635538263004,0,0.9827490313662929
1.3645043049642753,0,0.9827490313662929
0.7573897774196727,0,0.9827490313662929
-0.011763322555868774,0,0.9827490313662929
-1.010250671686148,0,0.9827490313662929
-2.225587318463626,0,0.9827490313662929
-3.5848601867623393,0,0.9827490313662929
-5.053500287232138,0,0.9827490313662929
-6.648789502782789,0,0.9827490313662929
-8.36380208812897,0,0.9827490313662929
-10.13933355508343,0,0.9827490313662929
-11.902276069555583,0,0.9827490313662929
-13.5943427184882,0,0.9827490313662929
-15.146476364841847,0,0.9827490313662929
-16.468793993185102,0,0.9827490313662929
-17.485888960493764,0,0.9827490313662929
-18.128516443260573,0,0.9827490313662929
-18.318043731926185,0,0.9827490313662929
-17.994124958926232,0,0.9827490313662929
-17.156773970915253,0,0.9827490313662929
-15.886467026002256,0,0.9827490313662929
-14.31287689150359,0,0.9827490313662929
-12.536740786823081,0,0.9827490313662929
-10.588419300070521,0,0.9827490313662929
-8.479628735438236,0,0.9827490313662929
-6.273886976934952,0,0.9827490313662929
-4.098541413202795,0,0.9827490313662929
-2.0805859249844363,0,0.9827490313662929
-0.29198905351552035,0,0.9827490313662929
1.235100989677653,0,0.9827490313662929
2.482284624364536,0,0.9827490313662929
3.4318900208257124,0,0.9827490313662929
4.070605556442688,0,0.9827490313662929
4.415754365197559,0,0.9827490313662929
4.528429147859422,0,0.9827490313662929
4.478024423374222,0,0.9827490313662929
4.311242844134881,0,0.9827490313662929
4.075513485847693,0,0.9827490313662929
3.816927109416626,0,0.9827490313662929
3.546121288860415,0,0.9827490313662929
3.2649255997242492,0,0.9827490313662929
3.017392810329913,0,0.9827490313662929
2.862535850465066,0,0.9827490313662929
2.8324064737892054,0,0.9827490313662929
2.9433684461352985,0,0.9827490313662929
3.1858321361776762,0,0.9827490313662929
3.523278305696785,0,0.9827490313662929
3.932968181154988,0,0.9827490313662929
4.395517036769191,0,0.9827490313662929
4.858737146735013,0,0.9827490313662929
5.269802143568394,0,0.9827490313662929
5.61763943928751,0,0.9827490313662929
5.920530146647437,0,0.9827490313662929
6.187679594324769,0,0.9827490313662929
6.402648907656778,0,0.9827490313662929
6.56223180305733,0,0.9827490313662929
6.686852049171618,0,0.9827490313662929
6.78286052039833,0,0.9827490313662929
6.8564742179616145,0,0.9827490313662929
6.922971912965605,0,0.9827490313662929
6.96549781934306,0,0.9827490313662929
6.9534712872747155,1,0.9827255746721237
6.900703129931249,0,0.9827255746721237
6.847989216532208,0,0.9827255746721237
6.806881291335715,0,0.9827255746721237
6.754326682598658,0,0.9827255746721237
6.663570065089807,0,0.9827255746721237
6.527749537889084,0,0.9827255746721237
6.348888687679156,0,0.9827255746721237
6.110903846585125,0,0.9827255746721237
5.803079115836154,0,0.9827255746721237
5.435527435635741,0,0.9827255746721237
5.0232974282114915,0,0.9827255746721237
4.596656307398224,0,0.9827255746721237
4.179248746579416,0,0.9827255746721237
3.768215801196771,0,0.9827255746721237
3.3618777119618635,0,0.9827255746721237
2.963986288964104,0,0.9827255746721237
2.5938454946933067,0,0.9827255746721237
2.27803974794703,0,0.9827255746721237
1.9981248365321533,0,0.9827255746721237
1.6976055258022245,0,0.9827255746721237
1.3207851424235102,0,0.9827255746721237
0.8197560691818055,0,0.9827255746721237
0.1425547978508051,0,0.9827255746721237
-0.7364932553898599,0,0.9827255746721237
-1.7875755197254073,0,0.9827255746721237
-3.008042713021526,0,0.9827255746721237
-4.440095332722845,0,0.9827255746721237
-6.065554106084649,0,0.9827255746721237
-7.819361244322903,0,0.9827255746721237
-9.66627192401948,0,0.9827255746721237
-11.57218712205642,0,0.9827255746721237
-13.462523151934763,0,0.9827255746721237
-15.204488767980296,0,0.9827255746721237
-271.55497203538187,0,0.9827255746721237
-1457.0915448828732,0,0.49136278733606187
-3993.6645487621554,0,0.0
-7591.227127252455,0,0.0
-11728.523455088667,0,0.0
-16003.137352930931,0,0.0
-20116.530456102253,0,0.0
-23858.737824698066,0,0.0
-27093.430840741144,0,0.0
-29743.892144206515,0,0.0
-31780.278539304294,0,0.0
-33208.339670065616,0,0.0
-34059.64993983752,0,0.0
-34383.37695740546,0,0.0
-34239.501967862736,0,0.0
-33693.39217446617,0,0.0
-32811.62281432905,0,0.0
-31658.865391402644,0,0.0
-30295.675158623588,0,0.0
-28777.03545824931,0,0.0
-27151.52363580453,0,0.0
-25460.97143402815,0,0.0
-23740.498749404094,0,0.0
-22018.824831791626,0,0.0
-20318.75733440863,0,0.0
-18657.7821838606,0,0.0
-17048.727247259954,0,0.0
-15500.46669131374,0,0.0
-14018.584624198424,0,0.0
-12605.961307017908,0,0.0
-11263.337815163362,0,0.0
-9989.851040447433,0,0.0
-8783.475382674436,0,0.0
-7641.383102924898,0,0.0
-6560.246133732377,0,0.0
-5536.484177016267,0,0.0
-4566.451375482451,0,0.0
-3646.5650672877996,0,0.0
-2773.411885710218,0,0.0
-1943.8230525795052,0,0.0
-1154.9145856587968,0,0.0
-404.10139348128723,0,0.0
310.9121149035027,0,0.0
992.1431114395018,0,0.0
1641.3473056951698,0,0.0
2260.0503343134883,0,0.0
2849.5797596512257,0,0.0
3411.0798293046823,0,0.0
3945.5272674464677,0,0.0
4453.763278923243,0,0.0
4936.526053842385,0,0.0
5394.489526945992,0,0.0
5828.290120365703,0,0.0
6238.525726327082,0,0.0
6625.755283653836,0,0.0
6990.510901723468,0,0.0
7333.316489949392,0,0.0
7654.698971071752,0,0.0
7955.182870629958,0,0.0
8235.295663208632,0,0.0
8495.583879199039,0,0.0
8736.598493399864,0,0.0
8958.875292828496,0,0.0
9162.94851009417,0,0.0
9349.368942743902,0,0.0
9518.69557569113,0,0.0
9671.470592789843,0,0.0
9808.232584429572,0,0.0
9929.54146483041,0,0.0
10035.951233506197,0,0.0
10127.997961253712,0,0.0
10206.218211211833,0,0.0
10271.143601987933,0,0.0
10323.295213295158,0,0.0
10363.183020749184,0,0.0
10391.302853770978,0,0.0
10408.14098336448,0,0.0
10414.174032939332,0,0.0
10409.867679285586,1,0.0
10395.679933519745,0,0.0
10372.058647467124,0,0.0
10339.441011723167,0,0.0
10298.26110566023,0,0.0
10248.938163288578,0,0.0
10191.861620145793,0,0.0
10127.412892865688,0,0.0
10055.979827472947,0,0.0
9977.945177044136,0,0.0
9893.683936820677,0,0.0
9803.558697747352,0,0.0
9707.907546876579,0,0.0
9607.042433435372,0,0.0
9501.267631774293,0,0.0
9390.89936209932,0,0.0
9276.252050971414,0,0.0
9157.622544765974,0,0.0
9035.299253894304,0,0.0
8909.566166694527,0,0.0
8780.702335143222,0,0.0
8648.97463144758,0,0.0
8514.630087881225,0,0.0
8377.908246638483,0,0.0
8239.04700240855,0,0.0
8098.274968003697,0,0.0
7955.8020909381385,0,0.0
7811.826159792924,0,0.0
7666.55369238659,0,0.0
7520.187151937851,0,0.0
7372.911396861561,0,0.0
7224.912338147332,0,0.0
7076.371514852295,0,0.0
6927.452535585249,0,0.0
6778.316961308743,0,0.0
6629.11702144148,0,0.0
6479.984216034954,0,0.0
6331.061419514727,0,0.0
6182.506314404928,0,0.0
6034.4623159720195,0,0.0
5887.049453566023,0,0.0
5740.364336009176,0,0.0
5594.500600663468,0,0.0
5449.568672480103,0,0.0
5305.674424883576,0,0.0
5162.907229824387,0,0.0
5021.35616016632,0,0.0
4881.111093896032,0,0.0
4742.260468155813,0,0.0
4604.886101663929,0,0.0
4469.048287461734,0,0.0
4334.790461211094,0,0.0
4202.160170781946,0,0.0
4071.2146294710647,0,0.0
3942.0128974586282,0,0.0
3814.6082928884325,0,0.0
3689.043872306552,0,0.0
3565.3676574148117,0,0.0
3443.6385917798734,0,0.0
3323.906213499781,0,0.0
3206.1959620435605,0,0.0
3090.516078632197,0,0.0
2976.8759476975456,0,0.0
2865.294872582827,0,0.0
2755.804804128628,0,0.0
2648.4316756807916,0,0.0
2543.1786289355773,0,0.0
2440.047201818845,0,0.0
2339.044558580327,0,0.0
2240.1700083146516,0,0.0
2143.415901756196,0,0.0
2048.778141900464,0,0.0
1956.260544965978,0,0.0
1865.863219965528,0,0.0
1777.5811341174967,0,0.0
1691.4182519282747,0,0.0
1607.3810890114835,0,0.0
1525.4633150316092,0,0.0
1445.6497961779862,0,0.0
1367.9199968858409,0,0.0
1292.246890738855,0,0.0
1218.606529545875,0,0.0
1146.9792426543345,0,0.0
1077.3474471245481,0,0.0
1009.6938622698243,0,0.0
943.999505450048,0,0.0
880.2475442462462,0,0.0
818.4120910888213,0,0.0
758.467161462439,0,0.0
700.4015276056317,0,0.0
644.192152083129,0,0.0
589.7976597428074,0,0.0
537.1797158247567,0,0.0
486.31538643498095,0,0.0
437.19723199607824,0,0.0
389.807282181177,0,0.0
344.10386085497424,0,0.0
300.0463564436368,0,0.0
257.6101098960333,0,0.0
216.7791008739287,0,0.0
177.52716647478422,0,0.0
139.81456439736604,0,0.0
103.60625493198827,0,0.0
68.86620472132813,0,0.0
35.55566606487239,0,0.0
3.6441689283493823,0,0.0
-26.897902549074924,0,0.0
-56.09586296052887,0,0.0
-83.97009345362598,0,0.0
-110.54675066576267,0,0.0
-135.8552633657637,0,0.0
-159.9269150862846,0,0.0
-182.7956092586507,0,0.0
-204.49013074348719,0,0.0
-225.03456742783155,0,0.0
-244.46015486992246,0,0.0
-262.79925293387595,0,0.0
-280.0764502276091,0,0.0
-296.3171717757944,0,0.0
-311.5562599688653,0,0.0
-325.8407146597785,0,0.0
-339.2098694231472,0,0.0
-351.6809295543555,0,0.0
-363.26944154289396,0,0.0
-373.9993535089742,0,0.0
-383.89512430370087,0,0.0
-392.9789752591632,0,0.0
-401.27448649983273,0,0.0
-408.8119052854434,0,0.0
-415.62234820089594,0,0.0
-421.73469582135124,0,0.0
-427.1837941680414,0,0.0
-432.00128999717913,0,0.0
-436.2042706989747,0,0.0
-439.8109645928435,0,0.0
-442.85337829134033,0,0.0
-445.3562893791059,0,0.0
-447.32796923147674,0,0.0
-448.78419866805,0,0.0
-449.74299934724024,0,0.0
-450.2130558618336,0,0.0
-450.2150676301497,0,0.0
-449.77696090539933,0,0.0
-448.9121172749906,0,0.0
-447.6330811611557,0,0.0
-445.9655404564104,0,0.0
-443.9414034929827,0,0.0
-441.5897358572971,0,0.0
-438.9239962599561,0,0.0
-435.94627000516743,0,0.0
-432.67199161785015,0,0.0
-429.1308774968172,0,0.0
-425.3418532864265,0,0.0
-421.3130666133693,0,0.0
-417.0576583688203,0,0.0
-412.58911645795996,0,0.0
-407.91813360386755,0,0.0
-403.05252537523165,0,0.0
-397.9972548734873,0,0.0
-392.7706895715767,0,0.0
-387.40453695574763,0,0.0
-381.9199500609375,0,0.0
-376.3207179151943,0,0.0
-370.6015119220363,0,0.0
-364.7603122942488,0,0.0
-358.8011949315396,0,0.0
-352.72982796210727,0,0.0
-346.56184306884535,0,0.0
-340.31955915240536,0,0.0
-334.0187431067835,0,0.0
-327.668643697672,0,0.0
-321.2836083263025,0,0.0
-314.8832197820714,0,0.0
-308.4741896345319,0,0.0
-302.0526314084005,0,0.0
-295.6250400204174,0,0.0
-289.20406059579756,0,0.0
-282.79102091466353,0,0.0
-276.38311867078613,0,0.0
-269.98393308212445,0,0.0
-263.59534036845554,0,0.0
-257.21754880339864,0,0.0
-250.86202102588868,0,0.0
-244.54754421612031,0,0.0
-238.28347610719774,0,0.0
-232.05915313966298,0,0.0
-225.85971770798395,0,0.0
-219.69685727641667,0,0.0
-213.5926038053456,0,0.0
-207.55323479770516,0,0.0
-201.5803788512649,0,0.0
-195.67058051821255,0,0.0
-189.8136349646666,0,0.0
-184.01255519459772,0,0.0
-178.28251870346998,0,0.0
-172.6298049080804,0,0.0
-167.0618816829732,0,0.0
-161.59571628659126,0,0.0
-156.23085680227535,0,0.0
-150.95375597852913,0,0.0
-145.76400789503387,0,0.0
-140.66740689451652,0,0.0
-135.6605307312528,0,0.0
-130.73533681377978,0,0.0
-125.88893873905837,0,0.0
-121.12504255951359,0,0.0
-116.45228888014908,0,0.0
-111.87240701760864,0,0.0
-107.37217439781024,0,0.0
-102.94159837061005,0,0.0
-98.58444069376951,0,0.0
-94.3088070493136,0,0.0
-90.12601383179998,0,0.0
-86.04985960541181,0,0.0
-82.08417867421127,0,0.0
-78.21926473691607,0,0.0
-74.44730840453512,0,0.0
-70.76923308475949,0,0.0
-67.18991334357061,0,0.0
-63.71196560335027,0,0.0
-60.32829587282095,0,0.0
-57.02711286493924,0,0.0
-53.79675480732858,0,0.0
-50.63173887220098,0,0.0
-47.54552041735536,0,0.0
-44.55884219265731,0,0.0
-41.68229636601225,0,0.0
-38.91826702632574,0,0.0
-36.25551284449501,0,0.0
-33.67070219915848,0,0.0
-31.157231468673192,0,0.0
-28.729696789569893,0,0.0
-26.390539579029184,0,0.0
-24.121913608796913,0,0.0
-21.914849621235636,0,0.0
-19.777558968929743,0,0.0
-17.711843293945783,0,0.0
-15.710288494914439,0,0.0
-13.774252603644756,0,0.0
-11.907072798532052,0,0.0
-10.102855682161128,0,0.0
-8.36193993889324,0,0.0
-6.691533854446218,0,0.0
-5.088449196776206,0,0.0
-3.546038114538069,0,0.0
-2.0634571768969012,0,0.0
-0.6425930439865828,0,0.0
0.7116542250176875,0,0.0
1.9981518549268513,0,0.0
3.2144229446707335,0,0.0
4.350660163310536,0,0.0
5.4146463793877,0,0.0
6.434001018124153,0,0.0
7.422422452733368,0,0.0
8.37315880862511,0,0.0
9.283286304784669,0,0.0
10.151402335979068,0,0.0
10.96745423379475,0,0.0
11.730018583872296,0,0.0
12.443504429457569,0,0.0
13.10952446424696,0,0.0
13.736610437875278,0,0.0
14.327733813704363,0,0.0
14.87609892752907,0,0.0
15.386402258576757,0,0.0
15.875201972797964,0,0.0
16.34984914727713,0,0.0
16.797133027090258,0,0.0
17.198821175282234,0,0.0
17.555003293700153,0,0.0
17.8781206384716,0,0.0
18.164605048772653,0,0.0
18.401406212717866,0,0.0
18.59536461577046,0,0.0
18.768042311153067,0,0.0
18.930994925133497,0,0.0
19.07866456489091,0,0.0
19.201578440279157,0,0.0
19.294214847632293,0,0.0
19.35479798664748,0,0.0
19.389121255110467,0,0.0
19.40484796172858,0,0.0
19.402105704097693,0,0.0
19.37735014445813,0,0.0
19.332815243607563,0,0.0
19.27635796702931,0,0.0
19.212355757726687,0,0.0
19.148524421346355,0,0.0
19.096862381419246,0,0.0
19.04979627820338,0,0.0
18.984948599621614,0,0.0
18.88806945959433,0,0.0
18.756628925171416,0,0.0
18.6004469885736,0,0.0
18.426388006177234,0,0.0
18.22201892799875,0,0.0
17.979715528502695,0,0.0
17.719207946370783,0,0.0
17.461094426010536,0,0.0
17.204915588945884,0,0.0
16.949110333184862,0,0.0
16.698764041104333,0,0.0
16.454270699327353,0,0.0
16.2120246566742,0,0.0
15.970738032232342,0,0.0
15.733400509422244,0,0.0
15.498265289542527,0,0.0
15.252711507453174,0,0.0
14.990029223588671,0,0.0
14.717278217679763,0,0.0
14.440763342441223,0,0.0
14.165999890288228,0,0.0
13.899189850266044,0,0.0
13.635342892432181,0,0.0
13.36712828098933,0,0.0
13.096459468621518,0,0.0
12.82387289291494,0,0.0
12.554048952660565,0,0.0
12.300958213923234,0,0.0
12.064641601755465,0,0.0
11.82522827730227,0,0.0
11.568147703147917,0,0.0
11.301173601279132,0,0.0
11.041040389589499,0,0.0
10.794214645417979,0,0.0
10.552416081520303,0,0.0
10.300490872359074,0,0.0
10.034414113995979,0,0.0
9.769201719457149,0,0.0
9.526302093270361,0,0.0
9.309170823183113,0,0.0
9.0954041397805,0,0.0
8.86929889431282,0,0.0
8.638851461971019,0,0.0
8.406753365237524,0,0.0
8.156932855068922,0,0.0
7.879747288840999,0,0.0
7.592554861178148,0,0.0
7.316034264667139,0,0.0
7.0440605846716675,0,0.0
6.7589435404055695,0,0.0
6.458059623759486,0,0.0
6.158063604778071,0,0.0
5.877319232172136,0,0.0
5.61468648783057,0,0.0
5.35604234638141,0,0.0
5.098354613735636,0,0.0
4.858522269479067,0,0.0
4.652617795758896,0,0.0
4.477815573641579,0,0.0
4.324028969829382,0,0.0
4.178340455825332,0,0.0
4.02828844803063,0,0.0
3.8781970566800137,0,0.0
3.74029647906101,0,0.0
3.6196685430069087,0,0.0
3.512725066670911,0,0.0
3.402220037572286,0,0.0
3.2705339632409163,0,0.0
3.120612840582946,0,0.0
2.9668268475999042,0,0.0
2.814966531028987,0,0.0
2.6557942177509464,0,0.0
2.479248063137009,0,0.0
2.2940759945997526,0,0.0
2.1173265530299865,0,0.0
1.954979982564611,0,0.0
1.8031140810496498,0,0.0
1.6541145427487292,0,0.0
1.511077542183259,0,0.0
1.389321459182417,0,0.0
1.2897310913538726,0,0.0
1.198664522028012,0,0.0
1.1094698732593664,0,0.0
1.0193531969183576,0,0.0
0.9251216110674777,0,0.0
0.831114731733938,0,0.0
0.7442255881242679,0,0.0
0.6678105526731786,0,0.0
0.6015544474339618,0,0.0
0.5336703274955302,0,0.0
0.4514512899071989,0,0.0
0.36708077941680056,0,0.0
0.3029834910679046,0,0.0
0.2625040337949966,0,0.0
0.23477097673457464,0,0.0
0.20454732602080494,0,0.0
0.16308353299847386,0,0.0
0.1168522307229756,0,0.0
0.06629096434446513,0,0.0
0.0012907244879753728,0,0.0
-0.07531495121219768,0,0.0
-0.15701934424455874,0,0.0
-0.24293972361760635,0,0.0
-0.32774843348774046,0,0.0
-0.40492287659164694,0,0.0
-0.46702766539238855,0,0.0
-0.5113019757920998,0,0.0
-0.5410571857079128,0,0.0
-0.5532246654199461,0,0.0
-0.5487727365064354,0,0.0
-0.5412410038179445,0,0.0
-0.5414189076204995,0,0.0
-0.5555281150364532,0,0.0
-0.585685914534718,0,0.0
-0.6247469488310505,0,0.0
-0.6673590659095562,0,0.0
-0.7095015518049644,0,0.0
-0.7445091480604569,0,0.0
-0.7711190576280773,0,0.0
-0.7933875457843644,0,0.0
-0.8188030741606076,0,0.0
-0.849503063569742,0,0.0
-0.8758611609323002,0,0.0
-0.885699350649852,0,0.0
-0.8766491609341371,0,0.0
-0.8624697807402545,0,0.0
-0.8606150887227508,0,0.0
-0.8689636298142662,0,0.0
-0.8732467770022141,0,0.0
-0.8726095190215093,0,0.0
-0.869214306096827,0,0.0
-0.8630343728894344,0,0.0
-0.8652949125737781,0,0.0
-0.8771327812684754,0,0.0
-0.8843792279906405,0,0.0
-0.8861180531015584,0,0.0
-0.8905691726054175,0,0.0
-0.8989229956254499,0,0.0
-0.9066855763707535,0,0.0
-0.9057840433687923,0,0.0
-0.889504548416042,0,0.0
-0.8583556587277366,0,0.0
-0.8205648587052499,0,0.0
-0.7835656417897826,0,0.0
-0.7500313507972316,0,0.0
-0.7230438365398169,0,0.0
-0.7013492432473043,0,0.0
-0.6772088987019163,0,0.0
-0.6432299240550228,0,0.0
-0.601890229703308,0,0.0
-0.5685181633899067,0,0.0
-0.5516575307733035,0,0.0
-0.5457154857200452,0,0.0
-0.5458450379223069,0,0.0
-0.5502235968164694,0,0.0
-0.5537787820093283,0,0.0
-0.5489452456673489,0,0.0
-0.5342459667532083,0,0.0
-0.5179075627253259,0,0.0
-0.5123016580262463,0,0.0
-0.5223713572338761,0,0.0
-0.5439016201707685,0,0.0
-0.5750359253420717,0,0.0
-0.6109681246105413,0,0.0
-0.643066130495588,0,0.0
-0.6687064941803228,0,0.0
-0.6819780105496462,0,0.0
-0.6735602450213944,0,0.0
-0.6497296013082406,0,0.0
-0.6282279383015152,0,0.0
-0.6111088604864238,0,0.0
-0.5918895770797532,0,0.0
-0.5779638980643976,0,0.0
-0.5787609475530026,0,0.0
-0.5916170254342298,0,0.0
-0.602927423992849,0,0.0
-0.6077958823359786,0,0.0
-0.6194341219870424,0,0.0
-0.6444847174305478,0,0.0
-0.6734083267874885,0,0.0
-0.6899459172963144,0,0.0
-0.6780530886696939,0,0.0
-0.6328909753066623,0,0.0
-0.5702074096010709,0,0.0
-0.5124749361122208,0,0.0
-0.46574552424111937,0,0.0
-0.4249163966521008,0,0.0
-0.3883292039344534,0,0.0
-0.35735534654920653,0,0.0
-0.33646863541654504,0,0.0
-0.33180073213567113,0,0.0
-0.3341716798392721,0,0.0
-0.31851678344860684,0,0.0
-0.275013431364317,0,0.0
-0.2162345665906745,0,0.0
-0.1550720947332736,0,0.0
-0.10218113394519525,0,0.0
-0.06885559722590258,0,0.0
-0.0590041209760525,0,0.0
-0.06345112589733373,0,0.0
-0.0623205706253598,0,0.0
-0.04731312645543848,0,0.0
-0.033230956061837645,0,0.0
-0.0354502454452273,0,0.0
-0.04534118383821021,0,0.0
-0.040371235470039124,0,0.0
-0.018202708133552677,0,0.0
0.0024097856386656913,0,0.0
0.008352500081695616,0,0.0
0.005815910458479291,0,0.0
0.008821792456575425,0,0.0
0.017924003507828492,0,0.0
0.022426803551414982,0,0.0
0.015432858745683087,0,0.0
-0.0015473304241194843,0,0.0
-0.027245518963752532,0,0.0
-0.059908027799777185,0,0.0
-0.08748797434962509,0,0.0
-0.1058090343475438,0,0.0
-0.12089909942298863,0,0.0
-0.12297395640888484,0,0.0
-0.10601282001183174,0,0.0
-0.08759323901796044,0,0.0
-0.07513409242939412,0,0.0
-0.06709101567120779,0,0.0
-0.07157950082442711,0,0.0
-0.0816040567418868,0,0.0
-0.08309834709374542,0,0.0
-0.07566975414490375,0,0.0
-0.06046978577452359,0,0.0
-0.04478088929306318,0,0.0
-0.036155679790335925,0,0.0
-0.023484227490781974,0,0.0
0.0037855095268458415,0,0.0
0.04757168569612487,0,0.0
0.10943465485910975,0,0.0
0.17523582535227492,0,0.0
0.2186234976738522,0,0.0
0.22952081743566646,0,0.0
0.22148760070629775,0,0.0
0.20887380174533585,0,0.0
0.1949333803225355,0,0.0
0.18666473772766806,0,0.0
0.1867494293909969,0,0.0
0.17339479725324078,0,0.0
0.1290929689980232,0,0.0
0.07016652494919873,0,0.0
0.024448431881163534,0,0.0
-0.0006731229056386414,0,0.0
-0.017483608373443902,0,0.0
-0.0339011258342002,0,0.0
-0.05116812391601892,0,0.0
-0.07545271854100857,0,0.0
-0.10576933448998321,0,0.0
-0.13116758492202643,0,0.0
-0.14851015622552774,0,0.0
-0.16081118621793433,0,0.0
-0.16893734340213337,0,0.0
-0.17239868080995374,0,0.0
-0.1737441905294627,0,0.0
-0.17291899923380882,0,0.0
-0.16070381100483871,0,0.0
-0.13903162056056614,0,0.0
-0.12372047776218487,0,0.0
-0.11538056466945404,0,0.0
-0.10338781109487202,0,0.0
-0.09042785273109598,0,0.0
-0.08329318467499593,0,0.0
-0.08439516341670153,0,0.0
-0.08887600491204536,0,0.0
-0.07797018306281885,0,0.0
-0.048715908315956256,0,0.0
-0.024302130453082403,0,0.0
-0.016831900213424376,0,0.0
-0.020029621064623863,0,0.0
-0.029171297876227312,0,0.0
-0.04007515252603676,0,0.0
-0.04709561093756375,0,0.0
-0.04768808453923441,0,0.0
-0.043036908474709805,0,0.0
-0.040393403966404284,0,0.0
-0.039995853266004994,0,0.0
-0.03224065602756341,0,0.0
-0.013739404974558668,0,0.0
0.017962689895641926,0,0.0
0.06254904690308677,0,0.0
0.1031868472026911,0,0.0
0.12349563216331186,0,0.0
0.12875106706966918,0,0.0
0.13830224813725578,0,0.0
0.16242295498743964,0,0.0
0.1858453511595473,0,0.0
0.18751631387135154,0,0.0
0.1706784471369108,0,0.0
0.14617653190830024,0,0.0
0.1114700948465411,0,0.0
0.06593208541445923,0,0.0
0.021011158168437075,0,0.0
-0.007982664220146367,0,0.0
-0.0174062321467038,0,0.0
-0.021622980893525417,0,0.0
-0.027943354021161045,0,0.0
-0.02156684704462541,0,0.0
0.0021537264365846303,0,0.0
0.023596631523833886,0,0.0
0.02973050208388498,0,0.0
0.02423468117815334,0,0.0
0.012020914994397752,0,0.0
-0.0011241743833833818,0,0.0
-0.006666387422119149,0,0.0
-0.0029851221712405736,0,0.0
0.011349763505457567,0,0.0
0.04056144090585308,0,0.0
0.07530000842498083,0,0.0
0.09918134655479267,0,0.0
0.10880654393470862,0,0.0
0.11556501353827887,0,0.0
0.1273210073453906,0,0.0
0.14084788191621228,0,0.0
0.1520181396303181,0,0.0
0.1554849320779222,0,0.0
0.1495096950537956,0,0.0
0.13724163915845428,0,0.0
0.12052921018211975,0,0.0
0.10921016604145913,0,0.0
0.11493155500225428,0,0.0
0.1353770991484273,0,0.0
0.16563830207831376,0,0.0
0.20388555493870178,0,0.0
0.24043752205725974,0,0.0
0.26892695479856044,0,0.0
0.2931759095153393,0,0.0
0.3116614309927061,0,0.0
0.3188263816462529,0,0.0
0.31379725565349786,0,0.0
0.2958672949725096,0,0.0
0.26303581991739694,0,0.0
0.2213247105018798,0,0.0
0.1841073550575163,0,0.0
0.15443620477734374,0,0.0
0.12579615304728733,0,0.0
0.09682146129492956,0,0.0
0.0693723455049484,0,0.0
0.04387411843935094,0,0.0
0.023191629133690186,0,0.0
0.011369149741068398,0,0.0
0.00665091491018469,0,0.0
0.005072020634373212,0,0.0
0.003963762195919238,0,0.0
-0.0014415238103526527,0,0.0
-0.015285974063452744,0,0.0
-0.03818877299101213,0,0.0
-0.062291444666131374,0,0.0
-0.07634720452280293,0,0.0
-0.07792501110124844,0,0.0
-0.06942878546357871,0,0.0
-0.060885084820701665,0,0.0
-0.06669060371726049,0,0.0
-0.08891871150112497,0,0.0
-0.1233893199381125,0,0.0
-0.16701612587176462,0,0.0
-0.2074201798513991,0,0.0
-0.2321806552989332,0,0.0
-0.24687834960751875,0,0.0
-0.2572931472438746,0,0.0
-0.2591736959573127,0,0.0
-0.2516283879691741,0,0.0
-0.23662198550838143,0,0.0
-0.2223735218974334,0,0.0
-0.2159178929778654,0,0.0
-0.19989692442269452,0,0.0
-0.15441247562373298,0,0.0
-0.09328371328917817,0,0.0
-0.039915901996368,0,0.0
0.0029259912020599774,0,0.0
0.03929309307979582,0,0.0
0.06703578697022713,0,0.0
0.08378033217239444,0,0.0
0.0913197226921079,0,0.0
0.09145352508273183,0,0.0
0.08197347205073853,0,0.0
0.059971524882962375,0,0.0
0.03883042601163504,0,0.0
0.03918380940434139,0,0.0
0.056385473474407866,0,0.0
0.07364463160426404,0,0.0
0.08661273928271292,0,0.0
0.09453123162872541,0,0.0
0.09298291622672551,0,0.0
0.08351220814962693,0,0.0
0.07524456345625503,0,0.0
0.06748182300857651,0,0.0
0.049481371332461256,0,0.0
0.021633008582911895,0,0.0
-0.01040034251608191,0,0.0
-0.04577060029850761,0,0.0
-0.0799556198371904,0,0.0
-0.11276855356282807,0,0.0
-0.14668408773407335,0,0.0
-0.17461510026456287,0,0.0
-0.19411999714943542,0,0.0
-0.21044861014563235,0,0.0
-0.2161996864241754,0,0.0
-0.20071834992277507,0,0.0
-0.17312927649809148,0,0.0
-0.14946803004257442,0,0.0
-0.13474171499369075,0,0.0
-0.13393656189430295,0,0.0
-0.15498910635805777,0,0.0
-0.18802916251060428,0,0.0
-0.21480483788998658,0,0.0
-0.22576903642756135,0,0.0
-0.20847166859941324,0,0.0
-0.1573396969002207,0,0.0
-0.0935615110393364,0,0.0
-0.04157847941512403,0,0.0
0.0032797722773799734,0,0.0
0.056216654847388255,0,0.0
0.11841401173490322,0,0.0
0.18424790099869034,0,0.0
0.24350833073995684,0,0.0
0.28000414157752324,0,0.0
0.28117195763962616,0,0.0
0.2465375529559913,0,0.0
0.18818832709659727,0,0.0
0.1253560128757567,0,0.0
0.07222661017451087,0,0.0
0.029228724007595824,0,0.0
-0.011687062235963814,0,0.0
-0.05719312475140387,0,0.0
-0.1080495675814959,0,0.0
-0.1619390676086981,0,0.0
-0.2130693720635284,0,0.0
-0.2506318803183879,0,0.0
-0.270528538551897,0,0.0
-0.27972754931093574,0,0.0
-0.2813969438346352,0,0.0
-0.2728622665573307,0,0.0
-0.2560193523573111,0,0.0
-0.23535522765685904,0,0.0
-0.21457356434139943,0,0.0
-0.19682296537696561,0,0.0
-0.18257653604574714,0,0.0
-0.17160550634855556,0,0.0
-0.16119203377664099,0,0.0
-0.14095138760825643,0,0.0
-0.1065851013654231,0,0.0
-0.06949550473040624,0,0.0
-0.04004775093659621,0,0.0
-0.01067145348685409,0,0.0
0.030881753287534553,0,0.0
0.07652487029783966,0,0.0
0.10944805023983842,0,0.0
0.11920093472754047,0,0.0
0.10669990913634714,0,0.0
0.08943900220805098,0,0.0
0.08131340774058349,0,0.0
0.08236486801795469,0,0.0
0.08756663109886194,0,0.0
0.0878579862265177,0,0.0
0.07984482217037696,0,0.0
0.07195163448951813,0,0.0
0.07064890821341836,0,0.0
0.0791225947532383,0,0.0
0.09443220502330858,0,0.0
0.1055204827480043,0,0.0
0.11577506768683717,0,0.0
0.13581733590477513,0,0.0
0.1574578240422017,0,0.0
0.16856278132860628,0,0.0
0.1733876909903816,0,0.0
0.17559912956838544,0,0.0
0.17226146267358527,0,0.0
0.16741971130201236,0,0.0
0.1623443960906322,0,0.0
0.15599155409458756,0,0.0
0.15487495025791195,0,0.0
0.15989049826535073,0,0.0
0.16642557751468579,0,0.0
0.17277645040798506,0,0.0
0.1703490161028367,1,0.0
0.1510443906245361,0,0.0
0.11911440300794786,0,0.0
0.0842188075480824,0,0.0
0.05610463662611446,0,0.0
0.033795180421055344,0,0.0
0.006424401758487803,0,0.0
-0.027853989361041186,0,0.0
-0.05965082763364007,0,0.0
-0.08133674928316273,0,0.0
-0.09040232003036222,0,0.0
-0.08871550135514454,0,0.0
-0.08347115466195934,0,0.0
-0.07789948274439273,0,0.0
-0.07037720478933916,0,0.0
-0.061557863932849455,0,0.0
-0.05224416455279403,0,0.0
-0.04029221533157039,0,0.0
-0.02065151656982764,0,0.0
0.009024642901327831,0,0.0
0.0433039504085226,0,0.0
0.07802488739220166,0,0.0
0.11143271320082071,0,0.0
0.1296467533674577,0,0.0
0.12340101866930057,0,0.0
0.10638303796643271,0,0.0
0.08870815447889195,0,0.0
0.06731414657785642,0,0.0
0.04277406569793724,0,0.0
0.019556785528207443,0,0.0
-0.000600633554655028,0,0.0
-0.02254381511890666,0,0.0
-0.04586513786598828,0,0.0
-0.0640204313416466,0,0.0
-0.07886377905437907,0,0.0
-0.08680861969948672,0,0.0
-0.07915343676589164,0,0.0
-0.06347304821652063,0,0.0
-0.05420028204036085,0,0.0
-0.050594347803347345,0,0.0
-0.04666333638752409,0,0.0
-0.048180261478112434,0,0.0
-0.0564320272547205,0,0.0
-0.06214346729144571,0,0.0
-0.060291499930553764,0,0.0
-0.05068310753519273,0,0.0
-0.03600409369027005,0,0.0
-0.02541190995479853,0,0.0
-0.030130771803132346,0,0.0
-0.04977576218875418,0,0.0
-0.06918056717766509,0,0.0
-0.07654191426999564,0,0.0
-0.07017568449239794,0,0.0
-0.043905260894253145,0,0.0
0.00932275538164253,0,0.0
0.08353346963288066,0,0.0
0.15752716168761124,0,0.0
0.2101147982759442,0,0.0
0.24258948658938603,0,0.0
0.26399535584419875,0,0.0
0.27237881497277716,0,0.0
0.26644177780341555,1,0.0
0.25340163478550093,0,0.0
0.24622773349047847,0,0.0
0.24352797973124563,0,0.0
0.22372107060573748,0,0.0
0.1759931783193952,0,0.0
0.10713100884235228,0,0.0
0.024710862477272194,0,0.0
-0.060663424135707925,0,0.0
-0.1362009858537829,0,0.0
-0.19911768041593544,0,0.0
-0.2526975934248226,0,0.0
-0.29528346185959636,0,0.0
-0.3247856056612514,0,0.0
-0.34413692422596537,0,0.0
-0.35754402131617846,0,0.0
-0.3690981568358517,0,0.0
-0.3779804896635,0,0.0
-0.3782768326126414,0,0.0
-0.36260350849036516,0,0.0
-0.32668155041910985,0,0.0
-0.27905206815225503,0,0.0
-0.23144970792862893,0,0.0
-0.1892511532898405,0,0.0
-0.1594087061235179,0,0.0
-0.14302870876474666,0,0.0
-0.1248904277791253,0,0.0
-0.09479763210809185,0,0.0
-0.0612444208075765,0,0.0
-0.027990651873127725,0,0.0
0.010120427055251041,0,0.0
0.04983888990010952,0,0.0
0.0851365328536274,0,0.0
0.11361096313126227,0,0.0
0.13463286973936964,0,0.0
0.15300261781659924,0,0.0
0.17394513304769693,0,0.0
0.19488044700187382,0,0.0
0.21074365476172366,0,0.0
0.22058302802388582,0,0.0
0.22660068713375975,0,0.0
0.23253083046754075,0,0.0
0.23964132429005985,0,0.0
0.2455159362686364,0,0.0
0.24485485371338114,1,0.0
0.23284809525289216,0,0.0
0.21358861174165075,0,0.0
0.19394128736073293,0,0.0
0.17407261895713305,0,0.0
0.15235144623495026,0,0.0
0.12724261065301068,0,0.0
0.09880955479992898,0,0.0
0.07096341912891865,0,0.0
0.045916361503301875,0,0.0
0.026666578440779357,0,0.0
0.02258563079267628,0,0.0
0.038028222181433056,0,0.0
0.06307087833518778,0,0.0
0.08282834188959093,0,0.0
0.09049949469646777,0,0.0
0.09352960595938878,0,0.0
0.1003303190636016,0,0.0
0.10858349257340523,0,0.0
0.11612256945857606,0,0.0
0.12551923717283486,0,0.0
0.13380919322511,0,0.0
0.1310372850016225,0,0.0
0.11865089068265283,0,0.0
0.10684994503851811,0,0.0
0.09854895401321462,0,0.0
0.09799423251382633,0,0.0
0.1046645867086983,0,0.0
0.10443726919564232,0,0.0
0.09001708397884806,0,0.0
0.06916476092902213,0,0.0
0.04409506685099063,0,0.0
0.00673218331808091,0,0.0
-0.03588798758991371,0,0.0
-0.06387782146504459,0,0.0
-0.0753869225639515,0,0.0
-0.08303196392117791,0,0.0
-0.08942460103292596,0,0.0
-0.0951159671300307,0,0.0
-0.11377859618024916,0,0.0
-0.15278963174044102,0,0.0
-0.19873682528692455,0,0.0
-0.23550123886323723,0,0.0
-0.26265000314756803,0,0.0
-0.28701975176254635,0,0.0
-0.3056685685410083,0,0.0
-0.31145624401438277,0,0.0
-0.3070915874360532,0,0.0
-0.3043981992455802,0,0.0
-0.30335683140838365,0,0.0
-0.2869539494157709,0,0.0
-0.2541422140151405,0,0.0
-0.22255122464891341,0,0.0
-0.2001428249792953,0,0.0
-0.19082459147508135,0,0.0
-0.19907262259521644,0,0.0
-0.21444449810769972,0,0.0
-0.22380530099786972,0,0.0
-0.23098714140052803,0,0.0
-0.2396856133642182,0,0.0
-0.23943165197673855,0,0.0
-0.22217434081205734,0,0.0
-0.18974855786040482,0,0.0
-0.14876472191202592,0,0.0
-0.10419437609653635,0,0.0
-0.05782269989993671,0,0.0
-0.020026114486797517,0,0.0
0.0006648859133670014,0,0.0
0.01485570132098991,0,0.0
0.030148001053417094,0,0.0
0.04166953608194145,0,0.0
0.049538851713851834,0,0.0
0.058095390511314925,0,0.0
0.06849513438791022,0,0.0
0.08036101466879685,0,0.0
0.09869406600163685,0,0.0
0.12884994591028198,0,0.0
0.1633192278270074,0,0.0
0.1952508544273526,0,0.0
0.23300629490463395,0,0.0
0.2718174727291253,0,0.0
0.29038705488575434,0,0.0
0.28848714584732704,1,0.0
0.2741432360344375,0,0.0
0.23996652433349328,0,0.0
0.18501035545938918,0,0.0
0.13406031884033806,0,0.0
0.11520143592245852,0,0.0
0.12082364228070996,0,0.0
0.1253320670476349,0,0.0
0.12772146967700349,0,0.0
0.13518959325286273,0,0.0
0.13724084493596803,0,0.0
0.12351814080132391,0,0.0
0.10037830043488015,0,0.0
0.08040934826101799,0,0.0
0.06602631298012476,0,0.0
0.0529725738637287,0,0.0
0.044198558661244974,0,0.0
0.045759221214986906,0,0.0
0.0508756276775737,0,0.0
0.04312405376252225,0,0.0
0.022417858098743807,0,0.0
0.006838354630482004,0,0.0
0.006283355023464049,0,0.0
0.016834785270829655,0,0.0
0.03317991972628685,0,0.0
0.05167024134123159,0,0.0
0.0672853456651646,0,0.0
0.06962775661578505,0,0.0
0.052434801904897244,0,0.0
0.02982286823959511,0,0.0
0.019291457213977375,0,0.0
0.019505990862153266,0,0.0
0.023214388154180293,0,0.0
0.026111721925037544,0,0.0
0.023370738667744372,0,0.0
0.018784326803058828,0,0.0
0.025193495390657683,0,0.0
0.04893041645155189,0,0.0
0.0818625821084304,0,0.0
0.11363609593920201,0,0.0
0.14155612951960309,0,0.0
0.1603970360154069,0,0.0
0.1618448568653392,0,0.0
0.14511347202507244,1,0.0
0.11676672669612378,0,0.0
0.07945938386996589,0,0.0
0.028707017847124282,0,0.0
-0.028812085925179132,0,0.0
-0.07768575714844252,0,0.0
-0.11337780505467868,0,0.0
-0.1390109140949122,0,0.0
-0.1602798208401805,0,0.0
-0.18273527973587475,0,0.0
-0.20408341405318978,0,0.0
-0.21582836951648926,0,0.0
-0.208091231792106,0,0.0
-0.17827263191454734,0,0.0
-0.14354055723944997,0,0.0
-0.12389560231738223,0,0.0
-0.11497503083101976,0,0.0
-0.10283021772863819,0,0.0
-0.09430593210807348,0,0.0
-0.10355798519874322,0,0.0
-0.12273229788944096,0,0.0
-0.13578656009179707,0,0.0
-0.13744471797928726,0,0.0
-0.1287208771689889,0,0.0
-0.11470892894060747,0,0.0
-0.09973364715049042,0,0.0
-0.08361527127533844,0,0.0
-0.07035589939536839,0,0.0
-0.0673305989439154,0,0.0
-0.06922898680158635,0,0.0
-0.05926259121040765,0,0.0
-0.033312750554684294,0,0.0
-0.004101626024269203,0,0.0
0.022526813680093724,0,0.0
0.04930420246192984,0,0.0
0.06775629588744982,0,0.0
0.0627082591849839,0,0.0
0.03751172419187366,0,0.0
0.009238224296370449,0,0.0
-0.018655628593853377,0,0.0
-0.04100215455959776,0,0.0
-0.04404355427272552,0,0.0
-0.0361619914958608,0,0.0
-0.03493362612248035,0,0.0
-0.043937470645932244,0,0.0
-0.05833080680918551,0,0.0
-0.06613897393132508,0,0.0
-0.056634011669839925,0,0.0
-0.032895408620698646,0,0.0
-0.007492873804021033,0,0.0
0.011282885096862367,0,0.0
0.02624114539414457,0,0.0
0.04336345227556082,0,0.0
0.06251664778211945,0,0.0
0.08087072206869603,0,0.0
0.09635830206805816,0,0.0
0.10344541817537271,0,0.0
0.09595621635141986,0,0.0
0.07933087454639796,0,0.0
0.07127697963291676,0,0.0
0.07823583775238725,0,0.0
0.08430817234870826,0,0.0
0.07454114435987819,0,0.0
0.04921107725133741,0,0.0
0.014749318311086007,0,0.0
-0.020868555532533264,0,0.0
-0.04564082005754718,0,0.0
-0.05387505970986457,0,0.0
-0.05150590018448421,0,0.0
-0.047128468394442895,0,0.0
-0.05148518091113937,0,0.0
-0.06690058581516803,0,0.0
-0.08350423256348882,0,0.0
-0.09698611500441126,0,0.0
-0.10741112321989611,0,0.0
-0.11159828839852728,0,0.0
-0.10933676853673843,0,0.0
-0.10088094785053377,0,0.0
-0.08466401549867777,0,0.0
-0.06417228450454666,0,0.0
-0.03992320564418223,0,0.0
-0.00927584278228994,0,0.0
0.022241074472208838,0,0.0
0.049948944073683096,0,0.0
0.07362335553163919,0,0.0
0.08728771040082037,0,0.0
0.08666605423330516,0,0.0
0.07513198866348324,0,0.0
0.054944864475290914,0,0.0
0.03334789425182661,0,0.0
0.01706094784051273,0,0.0
0.002894920492725995,0,0.0
-0.001644240935631468,0,0.0
0.015233884908738636,0,0.0
0.04710171279406456,0,0.0
0.08289716159987802,0,0.0
0.12015132157804083,0,0.0
0.1561549928063451,0,0.0
0.1850549105856446,0,0.0
0.20073109932872893,0,0.0
0.20039973639726133,1,0.0
0.19179440001099157,0,0.0
0.1764448423112611,0,0.0
0.143677124483562,0,0.0
0.09443436849118476,0,0.0
0.03560729712665573,0,0.0
-0.029195142292385814,0,0.0
-0.08591804081348896,0,0.0
-0.1231250833498313,0,0.0
-0.15266115343527525,0,0.0
-0.18688986868649554,0,0.0
-0.21446039750054446,0,0.0
-0.21957819956317354,0,0.0
-0.2001124107335873,0,0.0
-0.15785459190049994,0,0.0
-0.09791632051367745,0,0.0
-0.03861193172498604,0,0.0
0.0035529344034388316,0,0.0
0.03348725215121239,0,0.0
0.06591102602238513,0,0.0
0.10631251460809933,0,0.0
0.14760191630180722,0,0.0
0.18138545751630641,0,0.0
0.20437723035738659,0,0.0
0.21438298517960833,0,0.0
0.2147103614740676,0,0.0
0.20990534202233585,0,0.0
0.19749026498004926,0,0.0
0.17582510527467393,0,0.0
0.1467887951066569,0,0.0
0.10957105908178516,0,0.0
0.06102837066331279,0,0.0
0.005301560038453905,0,0.0
-0.0405992496098106,0,0.0
-0.0597436207856409,0,0.0
-0.05167686494418753,0,0.0
-0.02784850885647646,0,0.0
0.0006354676149270829,0,0.0
0.02378401557927518,0,0.0
0.02989772411885424,0,0.0
0.017206543084619254,0,0.0
0.0026951794828481064,0,0.0
-0.0014482246982085792,0,0.0
0.0007319989340830922,0,0.0
0.0023572717008496892,0,0.0
0.003141693984943304,0,0.0
0.012468968963252211,0,0.0
0.03243703919072971,0,0.0
0.04889134771335897,0,0.0
0.04823125605215614,0,0.0
0.028892377650887282,0,0.0
0.0019403419887765749,0,0.0
-0.01760879804037086,0,0.0
-0.026694159625308432,0,0.0
-0.03962107082758202,0,0.0
-0.06972031278027883,0,0.0
-0.10682355706133782,0,0.0
-0.12620400388092268,0,0.0
-0.11756098591974644,0,0.0
-0.0938385086609722,0,0.0
-0.07380093507315567,0,0.0
-0.06737758728812633,0,0.0
-0.07127963740215225,0,0.0
-0.07906826173063156,0,0.0
-0.09307832095383362,0,0.0
-0.1122728774545027,0,0.0
-0.1305160888295161,0,0.0
-0.1436422144772325,0,0.0
-0.14387715062737377,0,0.0
-0.12862338718151026,0,0.0
-0.11152498995564673,0,0.0
-0.10296304567746514,0,0.0
-0.09228068050482899,0,0.0
-0.06732086030387732,0,0.0
-0.03426688936410448,0,0.0
-0.006171219557068496,0,0.0
0.020074685080908334,0,0.0
0.05532932793612887,0,0.0
0.09096436753051289,0,0.0
0.10906310392509813,0,0.0
0.10415799781005383,1,0.0
0.08084865924134668,0,0.0
0.048167842122621166,0,0.0
0.013877330159108733,0,0.0
-0.01742773810819067,0,0.0
-0.0365532497953468,0,0.0
-0.04065476277707371,0,0.0
-0.042093448895300895,0,0.0
-0.042909328765779034,0,0.0
-0.02795969851218403,0,0.0
0.007471388657775775,0,0.0
0.04754663512301978,0,0.0
0.0731165131420316,0,0.0
0.08193917273510073,0,0.0
0.08731861109814444,0,0.0
0.09546456607688307,0,0.0
0.10174740165923109,0,0.0
0.10365063552941021,0,0.0
0.09845636759690346,0,0.0
0.07958377976817489,0,0.0
0.048830894845556076,0,0.0
0.024357997516451145,0,0.0
0.021807738748612585,0,0.0
0.03496050526829971,0,0.0
0.04648033079756855,0,0.0
0.04724715070011977,0,0.0
0.0443445114222367,0,0.0
0.04572994470086755,0,0.0
0.04766457353796399,0,0.0
0.056654897746384394,0,0.0
0.07634865302177128,0,0.0
0.08407733931030997,0,0.0
0.07048254962411371,0,0.0
0.0466468591881221,0,0.0
0.01083283716644097,0,0.0
-0.04169013347854805,0,0.0
-0.10382234941467602,0,0.0
-0.16110092068041493,0,0.0
-0.20120622269168903,0,0.0
-0.2281444085660669,0,0.0
-0.25464518777365264,0,0.0
-0.28358748494184083,0,0.0
-0.3104099339351942,0,0.0
-0.32833337484598285,0,0.0
-0.3305766307233954,0,0.0
-0.32118150847154364,0,0.0
-0.308394589047817,0,0.0
-0.2842861667637656,0,0.0
-0.23506249151382158,0,0.0
-0.171113075691624,0,0.0
-0.11815287413573596,0,0.0
-0.08209840239781437,0,0.0
-0.05568585351172791,0,0.0
-0.04094670532824027,0,0.0
-0.04358592456392755,0,0.0
-0.06266953349977233,0,0.0
-0.08673319336224683,0,0.0
-0.10273580150828836,0,0.0
-0.10843242162556536,0,0.0
-0.10593854461824742,0,0.0
-0.09550354870204246,0,0.0
-0.07895674620674273,0,0.0
-0.05711537042194348,0,0.0
-0.026706281859935444,0,0.0
0.016069061200933692,0,0.0
0.0666577262358836,0,0.0
0.10848052349846536,0,0.0
0.1295411635118941,0,0.0
0.13552770140881418,0,0.0
0.13488896402736567,1,0.0
0.12685269741848665,0,0.0
0.11516121858335082,0,0.0
0.11406778323156401,0,0.0
0.12891672927692566,0,0.0
0.14420216674585593,0,0.0
0.1439192216437397,0,0.0
0.1382153228154962,0,0.0
0.14311526744342834,0,0.0
0.1547381579743789,0,0.0
0.16618759310962747,0,0.0
0.17267553928794532,0,0.0
0.17403857386191499,0,0.0
0.1792082707862029,0,0.0
0.18745458720931563,0,0.0
0.1915309754911124,0,0.0
0.1943004126859321,0,0.0
0.1972413825591571,0,0.0
0.19354537227728044,0,0.0
0.1889225823277422,0,0.0
0.19363874397393468,0,0.0
0.19436257612212735,0,0.0
0.17331894522423993,0,0.0
0.1285459439130503,0,0.0
0.06217450902068929,0,0.0
-0.011821851296123577,0,0.0
-0.07037273134143508,0,0.0
-0.1096151858425342,0,0.0
-0.13736460971144368,0,0.0
-0.15189318533179585,0,0.0
-0.14834760851254206,0,0.0
-0.13559986099506252,0,0.0
-0.1297415104091713,0,0.0
-0.12905387652184788,0,0.0
-0.11884302196791374,0,0.0
-0.09315152283566834,0,0.0
-0.06270829912996076,0,0.0
-0.04392133138251449,0,0.0
-0.033575167753485916,0,0.0
-0.019198641848890308,0,0.0
0.000885637758186216,0,0.0
0.030245042482944864,0,0.0
0.06937680221567233,0,0.0
0.11025591825184373,0,0.0
0.14760734117342297,0,0.0
0.17713990069433644,0,0.0
0.194030398357314,0,0.0
0.19138983758085581,1,0.0
0.1586594609569986,0,0.0
0.09315186381253548,0,0.0
0.013932234587728107,0,0.0
-0.04902539675452691,0,0.0
-0.07800267057972887,0,0.0
-0.07503101379144636,0,0.0
-0.056676252495312544,0,0.0
-0.03291802149181768,0,0.0
-0.001349076943858865,0,0.0
0.0317474172143323,0,0.0
0.05584621719721344,0,0.0
0.06927253464942851,0,0.0
0.07675963348322587,0,0.0
0.08548126947800458,0,0.0
0.0964513943410738,0,0.0
0.10885315296009945,0,0.0
0.12231659445939473,0,0.0
0.13259294592777,0,0.0
0.14305666502479183,0,0.0
0.16175156573098845,0,0.0
0.18421508087573352,0,0.0
0.19648259099870544,0,0.0
0.19603042445638955,0,0.0
0.18821467325027028,0,0.0
0.16168048467504073,0,0.0
0.10919442395636039,0,0.0
0.04580608932243739,0,0.0
-0.01454528766593488,0,0.0
-0.06383716342328542,0,0.0
-0.09982342262186185,0,0.0
-0.12988020014344726,0,0.0
-0.16159193548952142,0,0.0
-0.18761206187065085,0,0.0
-0.19642101749124669,0,0.0
-0.194093189204256,0,0.0
-0.189922427670721,0,0.0
-0.18713428565900023,0,0.0
-0.18510433526782585,0,0.0
-0.17698415440241863,0,0.0
-0.16294729790492427,0,0.0
-0.15331128054093351,0,0.0
-0.14506172854479168,0,0.0
-0.12405481099612448,0,0.0
-0.09954306887594018,0,0.0
-0.09776891439489811,0,0.0
-0.1271127227715996,0,0.0
-0.17549287140690667,0,0.0
-0.22589237184861735,0,0.0
-0.26598672502605614,0,0.0
-0.2935480673518241,0,0.0
-0.3139778288708054,0,0.0
-0.33188976744034515,0,0.0
-0.34849807857648635,0,0.0
-0.3568027302318009,0,0.0
-0.34397742293345007,0,0.0
-0.3088842773974976,0,0.0
-0.2628432307538647,0,0.0
-0.22420993473524284,0,0.0
-0.20741712880308685,0,0.0
-0.2009997796456531,0,0.0
-0.18305769258222576,0,0.0
-0.15757784934754404,0,0.0
-0.13737606733375055,0,0.0
-0.11131677288237006,0,0.0
-0.07368773288215258,0,0.0
-0.04069077004308354,0,0.0
-0.018793644520265516,0,0.0
-0.0050010580743399344,0,0.0
0.00010727258319286775,0,0.0
0.003339422140147232,0,0.0
0.017422266890421104,0,0.0
0.04238313351554532,0,0.0
0.06379611073179974,0,0.0
0.07731321533005613,0,0.0
0.09880427463162308,0,0.0
0.13759213101267803,0,0.0
0.183587393821467,0,0.0
0.22607407586836484,0,0.0
0.2645215841308603,0,0.0
0.298705701393756,0,0.0
0.3166547983722034,0,0.0
0.3046957476365523,1,0.0
0.2668537752589101,0,0.0
0.2171712728375519,0,0.0
0.16394027539225695,0,0.0
0.11228540816143931,0,0.0
0.06859276395541852,0,0.0
0.03744753664087289,0,0.0
0.017174821222548618,0,0.0
0.00394725043212174,0,0.0
-0.0018641176131896104,0,0.0
0.0058453863100454955,0,0.0
0.02976064821159216,0,0.0
0.05503610620801332,0,0.0
0.06533393247358507,0,0.0
0.06458342108902146,0,0.0
0.06352055812758617,0,0.0
0.06381212124535063,0,0.0
0.0646410776407129,0,0.0
0.06619402512575251,0,0.0
0.06683166334777414,0,0.0
0.06727447801159182,0,0.0
0.07193701071674212,0,0.0
0.08464193240407941,0,0.0
0.10516317278229124,0,0.0
0.12935026452959777,0,0.0
0.1541565773677601,0,0.0
0.1835220429567669,0,0.0
0.21640404560641818,0,0.0
0.2346529415466419,0,0.0
0.22452179144726117,0,0.0
0.19545907509308807,0,0.0
0.16422996591714925,0,0.0
0.13294975594162903,0,0.0
0.09592953700816065,0,0.0
0.056865444551782655,0,0.0
0.02227231092832346,0,0.0
-0.001662160598044968,0,0.0
-0.006919385103802526,0,0.0
0.0030941685614284285,0,0.0
0.015795553456942835,0,0.0
0.031317998075352016,0,0.0
0.05872923951430577,0,0.0
0.09164251565966418,0,0.0
0.11219769971692477,0,0.0
0.11401877741870133,0,0.0
0.11002032475823648,1,0.0
0.11000419672679639,0,0.0
0.1054785166148787,0,0.0
0.08734202178406829,0,0.0
0.052468859172750223,0,0.0
0.006470589662652121,0,0.0
-0.03268816898377746,0,0.0
-0.05209973086793651,0,0.0
-0.056330278117474014,0,0.0
-0.05782533974781654,0,0.0
-0.061182386828717274,0,0.0
-0.05953057976846352,0,0.0
-0.046818308951398976,0,0.0
-0.031044860481859064,0,0.0
-0.023595974244047357,0,0.0
-0.024024489221915815,0,0.0
-0.03243327215913782,0,0.0
-0.04670564653158578,0,0.0
-0.05014906346449829,0,0.0
-0.0381070641883128,0,0.0
-0.028173131365439537,0,0.0
-0.036067419290179904,0,0.0
-0.060358353723868816,0,0.0
-0.08612421883699486,0,0.0
-0.1082214662279932,0,0.0
-0.1310694307744138,0,0.0
-0.15032071638718592,0,0.0
-0.165154709483418,0,0.0
-0.18417729311907388,0,0.0
-0.2082334592341187,0,0.0
-0.22521809661345352,0,0.0
-0.22251442842855843,0,0.0
-0.19864738543838376,0,0.0
-0.15698074321019914,0,0.0
-0.09847748765181774,0,0.0
-0.026034323444066868,0,0.0
0.05199232047137507,0,0.0
0.12163305591600589,0,0.0
0.16785495961070515,0,0.0
0.18469287617220595,0,0.0
0.18722550659068182,0,0.0
0.20038124333301563,0,0.0
0.22171981626037784,0,0.0
0.22626501192435317,0,0.0
0.21256007070099478,1,0.0
0.19908996730565387,0,0.0
0.1895687368133534,0,0.0
0.1762629546194567,0,0.0
0.15896184543061964,0,0.0
0.14321479066378465,0,0.0
0.13235719750434824,0,0.0
0.12713736831790923,0,0.0
0.11854723736499775,0,0.0
0.09650069792983082,0,0.0
0.0647617642241647,0,0.0
0.030620361948041616,0,0.0
-0.0038880743666224933,0,0.0
-0.04297419431594696,0,0.0
-0.08849992405275862,0,0.0
-0.1326818817467803,0,0.0
-0.16749268228403463,0,0.0
-0.191308370335039,0,0.0
-0.201572762950038,0,0.0
-0.18872689959280609,0,0.0
-0.1490234806258358,0,0.0
-0.09021490319569113,0,0.0
-0.025866218456916407,0,0.0
0.026415730448627245,0,0.0
0.056316304399277935,0,0.0
0.06857367075749761,0,0.0
0.0705727200623683,0,0.0
0.05887583264876718,0,0.0
0.03378132088195995,0,0.0
0.008493222288812918,0,0.0
-0.016003728108462026,0,0.0
-0.050131349081365,0,0.0
-0.08881425179623567,0,0.0
-0.11936087536823392,0,0.0
-0.1428266583228109,0,0.0
-0.16418161517128932,0,0.0
-0.17831876114493733,0,0.0
-0.17666044587818322,0,0.0
-0.14999516696975865,0,0.0
-0.0968873197821067,0,0.0
-0.03390124785747406,0,0.0
0.01976317093070313,0,0.0
0.0565829625221161,0,0.0
0.08462554688611221,0,0.0
0.11325403195889852,0,0.0
0.1324595392890671,0,0.0
0.13432245786508332,0,0.0
0.12872040269186324,1,0.0
0.12258528313794748,0,0.0
0.11446074074280592,0,0.0
0.10177033999633056,0,0.0
0.08410969202560409,0,0.0
0.06430747671263246,0,0.0
0.0447237909560975,0,0.0
0.025822048675186185,0,0.0
0.002394248901724778,0,0.0
-0.035660161217178396,0,0.0
-0.0789905740058685,0,0.0
-0.09867050817817874,0,0.0
-0.08326321149666323,0,0.0
-0.041226925271156865,0,0.0
0.011636108539155,0,0.0
0.054539080269030454,0,0.0
0.07934006715036691,0,0.0
0.09233157493062143,0,0.0
0.09702189433949268,0,0.0
0.09306238096023661,0,0.0
0.08225932879385138,0,0.0
0.06478969058495651,0,0.0
0.03941147397293433,0,0.0
0.010110645002102155,0,0.0
-0.014958396427895806,0,0.0
-0.03801034861297224,0,0.0
-0.07708492117376078,0,0.0
-0.14423072903062678,0,0.0
-0.2255060417041095,0,0.0
-0.2915127344008364,0,0.0
-0.32458392586077706,0,0.0
-0.3209411911399322,0,0.0
-0.28648604177354275,0,0.0
-0.24503826823486002,0,0.0
-0.21050906583090406,0,0.0
-0.169838964242056,0,0.0
-0.12135510818525377,0,0.0
-0.0840498610672204,0,0.0
-0.06629935348452516,0,0.0
-0.06174739487011462,0,0.0
-0.0659278356018603,0,0.0
-0.07505288760280228,0,0.0
-0.08096132600974594,0,0.0
-0.08085195730422141,0,0.0
-0.07921195173852719,0,0.0
-0.07993832283651071,0,0.0
-0.0861411831774827,0,0.0
-0.09937266051274407,0,0.0
-0.11741835085757733,0,0.0
-0.1375792228237911,0,0.0
-0.15067075243027855,0,0.0
-0.14478341483511736,0,0.0
-0.12598227348353291,0,0.0
-0.10931513920018833,0,0.0
-0.10172638949149188,0,0.0
-0.09942226713253839,0,0.0
-0.0918923491700339,0,0.0
-0.07746220769598113,0,0.0
-0.06024981478650115,0,0.0
-0.03783029272675458,0,0.0
-0.00550810330267638,0,0.0
0.03034879605723699,0,0.0
0.05004242082380303,0,0.0
0.04453629645701378,0,0.0
0.027856908037474162,0,0.0
0.015270499046537711,0,0.0
0.007079707822941643,0,0.0
-0.0043925431141006895,0,0.0
-0.017680783175995852,0,0.0
-0.021753099501237595,0,0.0
-0.017996592541463758,0,0.0
-0.01312461713348365,0,0.0
-0.009712522677061984,0,0.0
-0.019186121608935822,0,0.0
-0.033676033782450016,0,0.0
-0.022136660124471998,0,0.0
0.02274639124558146,0,0.0
0.08617492973418464,0,0.0
0.1484681547161512,0,0.0
0.18939158173753645,0,0.0
0.20716470544452212,0,0.0
0.21498215328746145,0,0.0
0.21808028081314704,0,0.0
0.21538484462458665,1,0.0
0.20655600308925606,0,0.0
0.18570770112359322,0,0.0
0.15143433839179468,0,0.0
0.11787397175699582,0,0.0
0.09420830968385435,0,0.0
0.06714938130405958,0,0.0
0.027165822538984842,0,0.0
-0.01395359140809952,0,0.0
-0.043096098839956645,0,0.0
-0.052321810809967395,0,0.0
-0.039542572456189466,0,0.0
-0.01682056924502389,0,0.0
0.004508678359121903,0,0.0
0.027478546678462067,0,0.0
0.05295351410233549,0,0.0
0.0710542137487651,0,0.0
0.0749591337664274,0,0.0
0.06762324511650142,0,0.0
0.05132729324742005,0,0.0
0.029038178716184863,0,0.0
0.01318404655726262,0,0.0
0.015234639499306635,0,0.0
0.03482534172703923,0,0.0
0.06118099543771238,0,0.0
0.07884428619011585,0,0.0
0.07722619789110952,0,0.0
0.06716119784440058,0,0.0
0.06891891458835765,0,0.0
0.08046722203890788,0,0.0
0.08768991634568431,0,0.0
0.08524280667344883,0,0.0
0.0701882767207015,0,0.0
0.04196487524262077,0,0.0
0.01381558989982699,0,0.0
-0.004038136833061465,0,0.0
-0.021239289845231712,0,0.0
-0.042535755414422026,0,0.0
-0.06284639876641333,0,0.0
-0.08102010003956292,0,0.0
-0.09269164245060187,0,0.0
-0.0942903948445865,0,0.0
-0.08690176346079047,0,0.0
-0.07177724632554086,0,0.0
-0.04796248685480025,0,0.0
-0.015452148756376797,0,0.0
0.0174378732361516,0,0.0
0.048489098529090176,0,0.0
0.08455455117662405,0,0.0
0.12735180146216463,0,0.0
0.17527450343939532,0,0.0
0.2188201351108313,0,0.0
0.24068003095468232,0,0.0
0.2329463566068636,1,0.0
0.20331140125459668,0,0.0
0.16494590777700924,0,0.0
0.12507846270625422,0,0.0
0.09004479546813937,0,0.0
0.07445352187020782,0,0.0
0.08295525923948636,0,0.0
0.09946615659775734,0,0.0
0.11195146457921025,0,0.0
0.1228677066292187,0,0.0
0.1346412717952979,0,0.0
0.142681971903864,0,0.0
0.1412802430981512,0,0.0
0.13059375703956358,0,0.0
0.11641098687772924,0,0.0
0.10281200833164657,0,0.0
0.0873628188993256,0,0.0
0.06689173623482633,0,0.0
0.043947561918130894,0,0.0
0.019793037370700164,0,0.0
-0.009507431716932729,0,0.0
-0.04017867309666616,0,0.0
-0.06256119720324832,0,0.0
-0.0718849421398359,0,0.0
-0.0680245630817587,0,0.0
-0.059487323450902324,0,0.0
-0.05394027960734981,0,0.0
-0.04532504614875774,0,0.0
-0.02554338411483397,0,0.0
0.006091516569097449,0,0.0
0.04891444011448971,0,0.0
0.10315962574132678,0,0.0
0.15899977514484734,0,0.0
0.19693627443500084,0,0.0
0.20406001511125424,0,0.0
0.18191215684206116,0,0.0
0.14001807976248842,0,0.0
0.08939634265509033,0,0.0
0.04725437227618007,0,0.0
0.027942948537673203,0,0.0
0.02956333728197797,0,0.0
0.038155036669065084,0,0.0
0.04218825504445654,0,0.0
0.05186582826924303,0,0.0
0.08247515802341382,0,0.0
0.12412523390243846,0,0.0
0.15806234411265652,0,0.0
0.1731936148187821,0,0.0
0.1636664051560981,1,0.0
0.13691248154582855,0,0.0
0.10417683775435452,0,0.0
0.05812356800850402,0,0.0
-0.01575024778155212,0,0.0
-0.10318029214955023,0,0.0
-0.1669550629343981,0,0.0
-0.19172691314472565,0,0.0
-0.19254353564992976,0,0.0
-0.19186733319121702,0,0.0
-0.19558466975886485,0,0.0
-0.18432747191058957,0,0.0
-0.14705692759623976,0,0.0
-0.10519884812827626,0,0.0
-0.08292502913406892,0,0.0
-0.08179344182890948,0,0.0
-0.09502174250632295,0,0.0
-0.12138713431757078,0,0.0
-0.1547015796401225,0,0.0
-0.1780653549332562,0,0.0
-0.18080871440862673,0,0.0
-0.1718262448884539,0,0.0
-0.16595563477091552,0,0.0
-0.16004129158509162,0,0.0
-0.13895563099774594,0,0.0
-0.09797911225727521,0,0.0
-0.04907213137681815,0,0.0
-0.013051172997980549,0,0.0
-0.0027632832739505255,0,0.0
-0.01922720781678324,0,0.0
-0.053512719242281966,0,0.0
-0.08684158837621232,0,0.0
-0.10519948875895646,0,0.0
-0.10805045615955268,0,0.0
-0.1011914467947783,0,0.0
-0.08749498212465018,0,0.0
-0.06659047499622467,0,0.0
-0.04606237486871204,0,0.0
-0.03949365833599637,0,0.0
-0.044851313883650525,0,0.0
-0.04548407594390314,0,0.0
-0.0329482432253902,0,0.0
-0.010520089433385555,0,0.0
0.016836595507756902,0,0.0
0.043696726318886644,0,0.0
0.06261385562456817,0,0.0
0.06998240042501128,0,0.0
0.06927013913659033,0,0.0
0.06551838419632082,0,0.0
0.060590423631641244,0,0.0
0.054811596584134745,0,0.0
0.047115929828013055,0,0.0
0.033573709011921235,0,0.0
0.01467254092567092,0,0.0
-0.008819336692515525,0,0.0
-0.0426803606885666,0,0.0
-0.08631903595557794,0,0.0
-0.13408679167796275,0,0.0
-0.18136969334474473,0,0.0
-0.22072727700613823,0,0.0
-0.24819975227222127,0,0.0
-0.2628508660309217,0,0.0
-0.2635879173154556,0,0.0
-0.2532451447214683,0,0.0
-0.23190812706902797,0,0.0
-0.2057680992676641,0,0.0
-0.19369545456085477,0,0.0
-0.1968845031414169,0,0.0
-0.19837522344935596,0,0.0
-0.19080241058497563,0,0.0
-0.18256814383221942,0,0.0
-0.18369650037487634,0,0.0
-0.1859198169968887,0,0.0
-0.17433676325642153,0,0.0
-0.1496546598932955,0,0.0
-0.11804803516144542,0,0.0
-0.07535800152202757,0,0.0
-0.017412716829863176,0,0.0
0.04459909495839056,0,0.0
0.10139086467056724,0,0.0
0.1569074749478101,0,0.0
0.20662039582618894,0,0.0
0.24008845042665386,0,0.0
0.25538553495752175,0,0.0
0.2534233804087327,1,0.0
0.24116681214044075,0,0.0
0.2273559494947584,0,0.0
0.20767923518288536,0,0.0
0.18100744503455982,0,0.0
0.15625459885935816,0,0.0
0.13522652142264602,0,0.0
0.11786411231413907,0,0.0
0.10798377842810246,0,0.0
0.11122266495185844,0,0.0
0.12675564708823597,0,0.0
0.14085035102762436,0,0.0
0.14882669260359652,0,0.0
0.15627311293512258,0,0.0
0.15195813410260275,0,0.0
0.12226436865975814,0,0.0
0.0753202381438103,0,0.0
0.021972064916637495,0,0.0
-0.03520663749123557,0,0.0
-0.08858263180834083,0,0.0
-0.1289952722637922,0,0.0
-0.1568399272512138,0,0.0
-0.1708097484938058,0,0.0
-0.16426979501645572,0,0.0
-0.14353116224199258,0,0.0
-0.1249514210074682,0,0.0
-0.11762352307440674,0,0.0
-0.11653896000252563,0,0.0
-0.10644064805910462,0,0.0
-0.07854988765937643,0,0.0
-0.042118022548499064,0,0.0
-0.01585933935757531,0,0.0
-0.015129155406420068,0,0.0
-0.03878093951470783,0,0.0
-0.06606196279936769,0,0.0
-0.08544513396600395,0,0.0
-0.10731346483049257,0,0.0
-0.13408425672209695,0,0.0
-0.15078672914404012,0,0.0
-0.15047877634040838,0,0.0
-0.14148308990286013,0,0.0
-0.13485489896725292,0,0.0
-0.13838852355601403,0,0.0
-0.1474016520224191,0,0.0
-0.14773978187142395,0,0.0
-0.13682797748624131,0,0.0
-0.12261491254896138,0,0.0
-0.10347222299019883,0,0.0
-0.07199564760650078,0,0.0
-0.03403733916652428,0,0.0
-0.003555873645497999,0,0.0
0.01252869172371219,0,0.0
0.016469146267680725,0,0.0
0.01750639725619343,0,0.0
0.02260386504502738,0,0.0
0.033082116365545935,0,0.0
0.05165115862875049,0,0.0
0.07066412929212083,0,0.0
0.07207447892094752,0,0.0
0.05383085327973932,0,0.0
0.027803861066639197,0,0.0
0.001345406969731099,0,0.0
-0.02069118797988645,0,0.0
-0.02617438693772496,0,0.0
-0.0034699596487694946,0,0.0
0.039251447464572244,0,0.0
0.0886464657306873,0,0.0
0.1407474302646826,0,0.0
0.19024628686321093,0,0.0
0.23790014321790795,0,0.0
0.2878701044404265,0,0.0
0.3341612324977535,0,0.0
0.372723739279968,0,0.0
0.40734660666201994,0,0.0
0.4293496147496599,0,0.0
0.4203707378061884,1,0.0
0.37750971233574565,0,0.0
0.31404075293697203,0,0.0
0.2488164234187498,0,0.0
0.19336572509680292,0,0.0
0.1508270497859971,0,0.0
0.12423040726902305,0,0.0
0.11000723960973473,0,0.0
0.10160590926272896,0,0.0
0.0947020580935668,0,0.0
0.07892681317896591,0,0.0
0.04701417548878191,0,0.0
0.0074542013040966824,0,0.0
-0.030604519595746015,0,0.0
-0.0715252115855171,0,0.0
-0.11917698061407524,0,0.0
-0.16231386131519102,0,0.0
-0.18754922546385983,0,0.0
-0.19312055709825962,0,0.0
-0.18703655262743335,0,0.0
-0.17668681366598715,0,0.0
-0.15229729607947926,0,0.0
-0.10369483920111792,0,0.0
-0.05035553553432494,0,0.0
-0.01998984351239474,0,0.0
-0.017165310262881636,0,0.0
-0.036179219584552336,0,0.0
-0.07962141417518569,0,0.0
-0.1514642223628257,0,0.0
-0.24189024987724372,0,0.0
-0.3245702676168704,0,0.0
-0.37819259830368873,0,0.0
-0.4025272213478876,0,0.0
-0.4067057944604368,0,0.0
-0.39549963024091295,0,0.0
-0.3688676697601105,0,0.0
-0.3263696850762699,0,0.0
-0.2741833993728077,0,0.0
-0.23112484062477134,0,0.0
-0.2082713189068865,0,0.0
-0.1883629263226966,0,0.0
-0.15356716474652238,0,0.0
-0.11510547597070067,0,0.0
-0.0905083052370966,0,0.0
-0.0753112397376428,0,0.0
-0.058673654041165396,0,0.0
-0.03941883746381216,0,0.0
-0.017469392786819752,0,0.0
0.004829699866278441,0,0.0
0.019593147732519252,0,0.0
0.023714083705416784,0,0.0
0.02243170101281807,0,0.0
0.01936029506125161,0,0.0
0.013134849604692831,0,0.0
0.005466026013649641,0,0.0
-0.0007881548210754506,0,0.0
-0.005328607716535949,0,0.0
-0.006760164501687079,0,0.0
-0.00042870630687840815,0,0.0
0.015590969599883731,0,0.0
0.031198494422070455,0,0.0
0.037349037865298515,0,0.0
0.03603869564903663,0,0.0
0.025243137388235654,0,0.0
255.04922942609963,0,0.0
1440.133824793509,0,0.0
3977.3667913754653,0,0.0
7576.511091574963,0,0.0
11715.96354084105,0,0.0
15993.040005324588,0,0.0
20109.009873899195,0,0.0
23853.73917419369,0,0.0
27090.802204630138,0,0.0
29743.487390026174,0,0.0
31781.9188765562,0,0.0
33211.73566858353,0,0.0
34064.46735403243,0,0.0
34389.33098923143,0,0.0
34246.36286527524,1,0.0
33700.960910468224,0,0.0
32819.70448008222,0,0.0
31667.24735184738,0,0.0
30304.147787045225,0,0.0
28785.425156827245,0,0.0
27159.692585065553,0,0.0
25468.808073275206,0,0.0
23747.915590760655,0,0.0
22025.75224449554,0,0.0
20325.143443217185,0,0.0
18663.606952147344,0,0.0
17054.027749819317,0,0.0
15505.324422394095,0,0.0
14023.065918457547,0,0.0
12610.10029475712,0,0.0
11267.16291257313,0,0.0
9993.384328870146,0,0.0
8786.695872372848,0,0.0
7644.2271513350615,0,0.0
6562.651670941085,0,0.0
5538.364924302711,0,0.0
4567.6542891830695,0,0.0
3646.89845963165,0,0.0
2772.673093918599,0,0.0
1941.808995447682,0,0.0
1151.4208331833308,0,0.0
398.9352226634061,0,0.0
-317.89813943207696,0,0.0
-1001.0384826750894,0,0.0
-1652.160053596958,0,0.0
-2272.7163966950857,0,0.0
-2863.988386016563,0,0.0
-3427.0100360278534,0,0.0
-3962.6164371466684,0,0.0
-4471.579682272739,0,0.0
-4954.621854961041,0,0.0
-5412.393621459295,0,0.0
-5845.502895249056,0,0.0
-6254.577712908773,0,0.0
-6640.263449011269,0,0.0
-7003.165210296685,0,0.0
-7343.889654396437,0,0.0
-7663.071183431478,0,0.0
-7961.291557980818,0,0.0
-8239.120988765266,0,0.0
-8497.2042031617,0,0.0
-8736.184933975863,0,0.0
-8956.655410438709,0,0.0
-9159.204599542574,0,0.0
-9344.426379247543,0,0.0
-9512.87419726819,0,0.0
-9665.072767797345,0,0.0
-9801.55948082016,0,0.0
-9922.845344800293,0,0.0
-10029.412211278313,0,0.0
-10121.762929992068,0,0.0
-10200.390721361333,0,0.0
-10265.737471741884,0,0.0
-10318.240017117821,0,0.0
-10358.397197422442,0,0.0
-10386.738100416274,0,0.0
-10403.752340696574,0,0.0
-10409.917241064488,0,0.0
-10405.710072210495,0,0.0
-10391.56323580823,0,0.0
-10367.88474139255,0,0.0
-10335.095569124287,0,0.0
-10293.637325380325,0,0.0
-10243.954648342564,0,0.0
-10186.486618862635,0,0.0
-10121.671531957332,0,0.0
-10049.882794107003,0,0.0
-9971.452345815502,0,0.0
-9886.772812283221,0,0.0
-9796.25701221779,0,0.0
-9700.284628719199,0,0.0
-9599.206089335503,0,0.0
-9493.340843761318,0,0.0
-9382.984527995832,0,0.0
-9268.420753790318,0,0.0
-9149.938794768534,0,0.0
-9027.813853710322,0,0.0
-8902.29416528312,0,0.0
-8773.64826728844,0,0.0
-8642.157903559071,0,0.0
-8508.071467304633,0,0.0
-8371.629260510634,0,0.0
-8233.065545938267,0,0.0
-8092.57906787499,0,0.0
-7950.349718536237,0,0.0
-7806.560736550927,0,0.0
-7661.42666837616,0,0.0
-7515.1933020050665,0,0.0
-7368.081175355965,0,0.0
-7220.270636001912,0,0.0
-7071.943900609787,0,0.0
-6923.289008659094,0,0.0
-6774.478401192959,0,0.0
-6625.660845949924,0,0.0
-6476.961154624633,0,0.0
-6328.497386461005,0,0.0
-6180.397603573189,0,0.0
-6032.792114401089,0,0.0
-5885.779612323677,0,0.0
-5739.436517825832,0,0.0
-5593.872563294043,0,0.0
-5449.215864010613,0,0.0
-5305.554397622702,0,0.0
-5162.941599851933,0,0.0
-5021.462531814222,0,0.0
-4881.267219562036,0,0.0
-4742.4925414068775,0,0.0
-4605.225629488067,0,0.0
-4469.572602460908,0,0.0
-4335.63534902753,0,0.0
-4203.478351000424,0,0.0
-4073.155961018226,0,0.0
-3944.7164099762076,0,0.0
-3818.2265369804427,0,0.0
-3693.764955097976,0,0.0
-3571.39260874224,0,0.0
-3451.1464021564143,0,0.0
-3333.0336497118187,0,0.0
-3217.0480858142873,0,0.0
-3103.1586105886513,0,0.0
-2991.294853813608,0,0.0
-2881.3811377699,0,0.0
-2773.342566082049,0,0.0
-2667.105246307972,0,0.0
-2562.624715088203,0,0.0
-2459.8747351169122,0,0.0
-2358.8106440931992,0,0.0
-2259.375182476567,0,0.0
-2161.570445326963,0,0.0
-2065.48599573654,0,0.0
-1971.2225050061272,0,0.0
-1878.8695612828915,0,0.0
-1788.516794120942,0,0.0
-1700.2116545785138,0,0.0
-1613.9801680302041,0,0.0
-1529.891173477403,0,0.0
-1448.049848939621,0,0.0
-1368.5391781236651,0,0.0
-1291.392347657128,0,0.0
-1216.592932922532,0,0.0
-1144.087787612284,0,0.0
-1073.816605331234,0,0.0
-1005.7230737582898,0,0.0
-939.7520126693527,0,0.0
-875.851334246774,0,0.0
-813.9863173060553,0,0.0
-754.1251634593622,0,0.0
-696.2075278421903,0,0.0
-640.1425347434409,0,0.0
-585.8540222591275,0,0.0
-533.3128414870266,0,0.0
-482.4881941695292,0,0.0
-433.3337038192854,0,0.0
-385.8170979091619,0,0.0
-339.91074305110527,0,0.0
-295.58922807367253,0,0.0
-252.84160635410873,0,0.0
-211.648338473741,0,0.0
-171.97518895124963,0,0.0
-133.8083349812874,0,0.0
-97.14373153764478,0,0.0
-61.9677584335939,0,0.0
-28.268052770772975,0,0.0
3.9707772597064324,0,0.0
34.76213653296729,0,0.0
64.1179050523131,0,0.0
92.07680394953765,0,0.0
118.68700519424475,0,0.0
143.9714137168169,0,0.0
167.96995618238913,0,0.0
190.73864838484178,0,0.0
212.30112118210445,0,0.0
232.67715075013683,0,0.0
251.90094052513507,0,0.0
270.014490543805,0,0.0
287.05637506890525,0,0.0
303.0712174092751,0,0.0
318.10904994984634,0,0.0
332.1590171557463,0,0.0
345.19069170199396,0,0.0
357.2367267372599,0,0.0
368.3656978173399,0,0.0
378.6362563644329,0,0.0
388.09006674138845,0,0.0
396.76156495161314,0,0.0
404.63927257099954,0,0.0
411.692908439193,0,0.0
417.95809163553486,0,0.0
423.4805894403351,0,0.0
428.2639701290587,0,0.0
432.3270162420056,0,0.0
435.71794940747105,0,0.0
438.4494476849864,0,0.0
440.47509515019635,0,0.0
441.76253781954233,0,0.0
442.34106688788444,0,0.0
442.2612459444542,0,0.0
441.54862577055087,0,0.0
440.2423246413086,0,0.0
438.44274325080426,0,0.0
436.265605651416,0,0.0
433.83869274070184,0,0.0
431.2979402281105,0,0.0
428.72075365319245,0,0.0
426.15647186810116,0,0.0
423.6825300534482,0,0.0
421.3849909204013,0,0.0
419.30379224410126,0,0.0
417.4040740090945,0,0.0
415.60056678120117,0,0.0
413.78622769906985,0,0.0
411.8578426038108,0,0.0
409.73053898140967,0,0.0
407.33040431595884,0,0.0
404.6196186300498,0,0.0
401.610766589264,0,0.0
398.28470965444876,0,0.0
394.5567125924506,0,0.0
390.3769092967446,0,0.0
385.76659042814674,0,0.0
380.75117281423894,0,0.0
375.35747229444064,0,0.0
369.64575811773733,0,0.0
363.6903620392542,0,0.0
357.546339885468,0,0.0
351.2379536995856,0,0.0
344.80187136976843,0,0.0
338.2941450797097,0,0.0
331.736760853588,0,0.0
325.14080440175445,0,0.0
318.5594457434672,0,0.0
312.05032523166085,0,0.0
305.6293094940192,0,0.0
299.3120847915506,0,0.0
293.10209685857285,0,0.0
286.95503438581113,0,0.0
280.83822704500744,0,0.0
274.74896931628155,0,0.0
268.6924804988284,0,0.0
262.6613226047073,0,0.0
256.63257842412094,0,0.0
250.62108505638767,0,0.0
244.6876469365351,0,0.0
238.87001905545003,0,0.0
233.11110768236298,0,0.0
227.3064741599396,0,0.0
221.4114566189602,0,0.0
215.42888759905446,0,0.0
209.3682250871596,0,0.0
203.2630629447553,0,0.0
197.17670331831295,0,0.0
191.15480345399735,0,0.0
185.2098417974066,0,0.0
179.3506125371492,0,0.0
173.57604759630507,0,0.0
167.86868414195902,0,0.0
162.2151863261194,0,0.0
156.63636852843283,0,0.0
151.15645302214796,0,0.0
145.74404313318772,0,0.0
140.35487443053864,0,0.0
135.01496992607213,0,0.0
129.78540999203267,0,0.0
124.67833693448875,0,0.0
119.67591956683265,0,0.0
114.77071602278973,0,0.0
109.97377770248394,0,0.0
105.27780056908533,0,0.0
100.62228425048093,0,0.0
95.97255961741158,0,0.0
91.33624187504108,0,0.0
86.7121101102704,0,0.0
82.11830369523908,0,0.0
77.55275842905084,0,0.0
72.96749620137979,0,0.0
68.35296763036023,0,0.0
63.72750205388204,0,0.0
59.070282850334145,0,0.0
54.3381084073994,0,0.0
49.514044341235866,0,0.0
44.63269508230457,0,0.0
39.76918482111136,0,0.0
35.00095096195224,0,0.0
30.398748230878663,0,0.0
26.050518450330426,0,0.0
22.039334533420966,0,0.0
18.42139237138042,0,0.0
15.276147915846943,0,0.0
12.700208703704332,0,0.0
10.713479971330907,0,0.0
9.248285483596856,0,0.0
8.229594584694407,0,0.0
7.613611193955683,0,0.0
7.365832780009167,0,0.0
7.426959182365479,0,0.0
7.696118200769534,0,0.0
8.049192439697775,0,0.0
8.364769155540612,0,0.0
8.54120784224394,0,0.0
8.519298452707584,0,0.0
8.278952358057394,0,0.0
7.834003004310857,0,0.0
7.204481591755452,0,0.0
6.353120462147699,0,0.0
5.243286624031784,0,0.0
3.939646964915191,0,0.0
2.5496301463355233,0,0.0
1.1610173753038904,0,0.0
-0.1398657967946433,0,0.0
-1.3375351911405458,0,0.0
-2.4860978330306542,0,0.0
-3.575270293321306,0,0.0
-4.559989378495059,0,0.0
-5.444960274769594,0,0.0
-6.2433687368601625,0,0.0
-6.954307304469542,0,0.0
-7.580712739424591,0,0.0
-8.128603118630464,0,0.0
-8.583702068863088,0,0.0
-8.913492389897652,0,0.0
-9.12211886417089,0,0.0
-9.254615828308083,0,0.0
-9.367058190127642,0,0.0
-9.511853058581389,0,0.0
-9.690996647579487,0,0.0
-9.859540582372492,0,0.0
-9.983198901339595,0,0.0
-10.060171898280808,0,0.0
-10.119920020013007,0,0.0
-10.207940111016878,0,0.0
-10.367743451587224,0,0.0
-10.611339041053425,0,0.0
-10.912719544152093,0,0.0
-11.25216312720412,0,0.0
-11.621783953963309,0,0.0
-12.007142133756616,0,0.0
-12.394278656908995,0,0.0
-12.781121389466538,0,0.0
-13.16448553448845,0,0.0
-13.51559593068957,0,0.0
-13.831360399892766,0,0.0
-14.14486207966657,0,0.0
-14.441083741330198,0,0.0
-14.694582167889775,0,0.0
-14.933543915658408,0,0.0
-15.187956007642512,0,0.0
-15.471178653919889,0,0.0
-15.790482499130585,0,0.0
-16.12954426965954,0,0.0
-16.471750112007772,0,0.0
-16.843932891851843,0,0.0
-17.297654664378467,0,0.0
-17.878138249198866,0,0.0
-18.61958401022978,0,0.0
-19.516673634898098,0,0.0
-20.546327054745323,0,0.0
-21.71692175621658,0,0.0
-23.055502609900348,0,0.0
-24.57022375247058,0,0.0
-26.2010357057238,0,0.0
-27.833404433783645,0,0.0
-29.388868801049252,0,0.0
-30.819344730395088,0,0.0
-32.02678970514146,0,0.0
-32.89412057536872,0,0.0
-33.341474316414995,0,0.0
-33.299761044715616,0,0.0
-32.72568415502319,0,0.0
-31.662442731976835,0,0.0
-30.195864918944185,0,0.0
-28.38046508615203,0,0.0
-26.285298846553523,0,0.0
-24.01143741308945,0,0.0
-21.643991984521936,0,0.0
-19.258673604937712,0,0.0
-16.916186391344773,0,0.0
-14.6623888853334,0,0.0
-12.559099244927584,0,0.0
-10.654662839260647,0,0.0
-8.972989142444062,0,0.0
-7.559407475484405,0,0.0
-6.445489108396823,0,0.0
-5.615906571719373,0,0.0
-5.0595546435172025,0,0.0
-4.761919923152094,0,0.0
-4.666453977230104,0,0.0
-4.697213609924793,0,0.0
-4.801469778540485,0,0.0
-4.939453250219976,0,0.0
-5.056175431045856,0,0.0
-5.1112044856492895,0,0.0
-5.0910980430034565,0,0.0
-5.000299818347259,0,0.0
-4.864699433299785,0,0.0
-4.701700355795407,0,0.0
-4.4989489753379175,0,0.0
-4.22606301470796,0,0.0
-3.841551717009475,0,0.0
-3.313804563054287,0,0.0
-2.666912095101594,0,0.0
-1.974753078089307,0,0.0
-1.285886507945797,0,0.0
-0.598173678405001,0,0.0
0.07951379159989541,0,0.0
0.70966033365615,0,0.0
1.2852234624090877,0,0.0
1.8405480356917039,0,0.0
2.395132932671134,0,0.0
2.9042706821267696,0,0.0
3.295313150810867,0,0.0
3.561599790720355,0,0.0
3.7406060235536773,0,0.0
3.8353078453791176,0,0.0
3.8267232591815468,0,0.0
3.7221663069041035,0,0.0
3.558522509918836,0,0.0
3.3586925196632924,0,0.0
3.1267348003338147,0,0.0
2.853171906916899,0,0.0
2.5083535279342803,0,0.0
2.0635853543723766,0,0.0
1.494107735173007,0,0.0
0.7865613215956395,0,0.0
-0.05687564488427542,0,0.0
-1.0377002682371617,0,0.0
-2.187474904958704,0,0.0
-3.5700098927183075,0,0.0
-5.2051880292996495,0,0.0
-7.019264941104662,0,0.0
-8.908689282346163,0,0.0
-10.799449708793897,0,0.0
-12.616715225514278,0,0.0
-14.264847715395154,0,0.0
-15.668275398326662,0,0.0
-16.761887961320827,0,0.0
-17.466404534769044,0,0.0
-17.73380171245772,0,0.0
-17.559770772038885,0,0.0
-16.93236090914708,0,0.0
-15.83821086985262,0,0.0
-14.319368095978364,0,0.0
-12.453408112709257,0,0.0
-10.315824472698367,0,0.0
-8.02061995941425,0,0.0
-5.723182471876837,0,0.0
-3.533255196392464,0,0.0
-1.4900643256715786,0,0.0
0.37538120896268123,0,0.0
2.025216499660797,0,0.0
3.4184032102470945,0,0.0
4.508316000398806,0,0.0
5.283473629646634,0,0.0
5.771229232663119,0,0.0
6.012452049806634,0,0.0
6.073349053598075,0,0.0
6.004844731131989,0,0.0
5.816865091497095,0,0.0
5.563954664968658,0,0.0
5.331194055036368,0,0.0
5.134518029497156,0,0.0
4.944879435953454,0,0.0
4.7590125131814265,0,0.0
4.6093076186807105,0,0.0
4.533235360511859,0,0.0
4.540476974525073,0,0.0
4.6134966300597835,0,0.0
4.7397700768062485,0,0.0
4.933156716219009,0,0.0
5.212484256093422,0,0.0
5.5668929946112655,0,0.0
5.958948568038395,0,0.0
6.328926557193694,0,0.0
6.612903159997178,0,0.0
6.813264972151081,0,0.0
7.00569095241634,0,0.0
7.239572305661464,0,0.0
7.475847151802917,0,0.0
7.665573295464394,0,0.0
7.812252702480179,0,0.0
7.918337761186495,0,0.0
7.961688240376466,0,0.0
7.935648693293608,0,0.0
7.863142340970487,0,0.0
7.755624986815124,0,0.0
7.589819404019801,0,0.0
7.3430270415970345,0,0.0
7.024254451701503,0,0.0
6.676681462636493,0,0.0
6.3559863007265385,0,0.0
6.0722217811784684,0,0.0
5.792217615649274,0,0.0
5.484542475394731,0,0.0
5.119036547650129,0,0.0
4.685854331110692,0,0.0
4.196092492575,0,0.0
3.653575134019118,0,0.0
3.031554324910132,0,0.0
2.2658141129809932,0,0.0
1.3266468687632058,0,0.0
0.2399105502088643,0,0.0
-0.9936312224257555,0,0.0
-2.3945858252880265,0,0.0
-3.961999043516699,0,0.0
-5.676593073829929,0,0.0
-7.491570425079562,0,0.0
-9.358503979549814,0,0.0
-11.240151061649584,0,0.0
-13.059021935113822,0,0.0
-14.685202797872952,0,0.0
-15.98420506782001,0,0.0
-16.85832923305558,0,0.0
-17.25622608430113,0,0.0
-17.19029940801313,0,0.0
-16.708676250477872,0,0.0
-15.838128906887128,0,0.0
-14.60864977879538,0,0.0
-13.059537863212592,0,0.0
-11.227600241948839,0,0.0
-9.19033983328575,0,0.0
-7.050962500060625,0,0.0
-4.899574771735537,0,0.0
-2.8277469768404875,0,0.0
-0.9240899342829229,0,0.0
0.7585047021316618,0,0.0
2.1995619892632656,0,0.0
3.3819772952265432,0,0.0
4.287976805951669,0,0.0
4.917642496573103,0,0.0
5.297080602007338,0,0.0
5.454847603342931,0,0.0
5.4059070969893765,0,0.0
5.176672401684945,0,0.0
4.829784029702877,0,0.0
4.44052604503539,0,0.0
4.052344345219505,0,0.0
3.668756829864582,0,0.0
3.29940281220642,0,0.0
2.9866586221003937,0,0.0
2.7763353209552237,0,0.0
2.705200809216107,0,0.0
2.775071538272323,0,0.0
2.947966986260203,0,0.0
3.2022153703592804,0,0.0
3.5406013137340135,0,0.0
3.968189231771764,0,0.0
4.46489484595437,0,0.0
4.965721061340943,0,0.0
5.415844899431757,0,0.0
5.822505713797743,0,0.0
6.22633022756994,0,0.0
6.642288667499925,0,0.0
7.034826083100682,0,0.0
7.360586260045743,0,0.0
7.610672385134213,0,0.0
7.7916249466566985,0,0.0
7.907909330307371,0,0.0
7.961968845938822,0,0.0
7.9553144735808266,0,0.0
7.887226218207718,0,0.0
7.746517434104601,0,0.0
7.534278774091757,0,0.0
7.257975150815913,0,0.0
6.906960053559591,0,0.0
6.4903350788977585,0,0.0
6.032120656828518,0,0.0
5.546115113815994,0,0.0
5.073696238279681,0,0.0
4.671233526453587,0,0.0
4.342346475385543,0,0.0
4.040486395055846,0,0.0
3.70630656178587,0,0.0
3.2854323963759247,0,0.0
2.7727064153562955,0,0.0
2.199631045188177,0,0.0
1.5753458588634772,0,0.0
0.887753608558157,0,0.0
0.1102431810753798,0,0.0
-0.8035021473091956,0,0.0
-1.8988642051870976,0,0.0
-3.179525557802972,0,0.0
-4.620129514335012,0,0.0
-6.218475127426151,0,0.0
-7.966956320446886,0,0.0
-9.810700338101132,0,0.0
-11.666582101537015,0,0.0
-13.4378240377166,0,0.0
-15.02623386279937,0,0.0
-16.35154276177762,0,0.0
-17.35926791187811,0,0.0
-18.01422436804457,0,0.0
-18.279912626074836,0,0.0
-18.090120153680623,0,0.0
-17.379950502538094,0,0.0
-16.17766500512058,0,0.0
-14.580530494583304,0,0.0
-12.665945566794386,0,0.0
-10.51012538729238,0,0.0
-8.233918631430077,0,0.0
-5.968666556624003,0,0.0
-3.792964858881881,0,0.0
-1.7570802783679944,0,0.0
0.07271389347756926,0,0.0
1.6534783667972441,0,0.0
2.9751485856343125,0,0.0
4.01564389652137,0,0.0
4.749148594013325,0,0.0
5.181690225688863,0,0.0
5.356228550790807,0,0.0
5.327285147686896,0,0.0
5.137277135695204,0,0.0
4.840160780149135,0,0.0
4.502335238407072,0,0.0
4.151012017123626,0,0.0
3.7960146548490785,0,0.0
3.4816851792432035,0,0.0
3.2425862853797227,0,0.0
3.080346447413885,0,0.0
3.002693182913227,0,0.0
3.0283309830906338,0,0.0
3.182106637938843,0,0.0
3.4518195218961294,0,0.0
3.763226835287293,0,0.0
4.068117892721947,0,0.0
4.38048951861679,0,0.0
4.72223895933085,0,0.0
5.104900233402345,0,0.0
5.527677092911137,0,0.0
5.973673340147735,0,0.0
6.41696597776569,0,0.0
6.814957048653438,0,0.0
7.121401483051559,0,0.0
7.340093990698691,0,0.0
7.4866190744996715,0,0.0
7.534345348619325,0,0.0
7.498685309735289,0,0.0
7.428671842849808,0,0.0
7.311037927265999,0,0.0
7.120786971395053,0,0.0
6.87463540922396,0,0.0
6.589358466867791,0,0.0
6.278076763455469,0,0.0
5.9629959425074315,0,0.4893780515557778
5.643432490522439,0,0.4893780515557778
5.297565057260074,0,0.4893780515557778
4.943540311439213,0,0.4893780515557778
4.6346790269083415,0,0.4893780515557778
4.362860614764755,0,0.4893780515557778
4.055952034779387,0,0.4893780515557778
3.677181039096348,0,0.4893780515557778
3.2417964465405347,0,0.9787561031115556
2.7639797720522785,0,0.9787561031115556
2.255941005381875,0,0.9787561031115556
1.7243056033157396,0,0.9787561031115556
1.1368090839884875,0,0.9787561031115556
0.4581404491393236,0,0.9787561031115556
-0.330383509303153,0,0.9787561031115556
-1.2586497218501687,0,0.9787561031115556
-2.3517054706068357,0,0.9787561031115556
-3.626928116665555,0,0.9787561031115556
-5.074242279366736,0,0.9787561031115556
-6.6379105227634625,0,0.9787561031115556
-8.284705668266207,0,0.9787561031115556
-10.00812582210497,0,0.9787561031115556
-11.764628571943227,0,0.9787561031115556
-13.472108473817613,0,0.9787561031115556
-15.026877004854402,0,0.9787561031115556
-16.33977770323969,0,0.9787561031115556
-17.372099366270913,0,0.9787561031115556
-18.102886940442573,0,0.9787561031115556
-18.475924728313164,0,0.9787561031115556
-18.390968510286662,0,0.9787561031115556
-17.77359757735428,0,0.9787561031115556
-16.652241257439485,0,0.9787561031115556
-15.11917126378477,0,0.9787561031115556
-13.250915906463556,0,0.9787561031115556
-11.12032798101394,0,0.9787561031115556
-8.830339743204389,0,0.9787561031115556
-6.503400179646253,0,0.9787561031115556
-4.247249452173777,0,0.9787561031115556
-2.1255058563679605,0,0.9787561031115556
-0.18213130420662657,0,0.9787561031115556
1.5352628204988459,0,0.9787561031115556
2.988720308100565,0,0.9787561031115556
4.149950183218883,0,0.9787561031115556
4.979667595331848,0,0.9787561031115556
5.463384249648245,0,0.9787561031115556
5.6756131077009,0,0.9787561031115556
5.706014200358869,0,0.9787561031115556
5.579198455699784,1,0.9787561031115556
5.328004126814157,0,0.9787561031115556
5.026494318745786,0,0.9787561031115556
4.725167932254439,0,0.9787561031115556
4.452873162237957,0,0.9787561031115556
4.234599707475997,0,0.9787561031115556
4.060775523483704,0,0.9787561031115556
3.915291425060951,0,0.9787561031115556
3.8177347905112033,0,0.9787561031115556
3.8016695101297766,0,0.9787561031115556
3.875462966923396,0,0.9787561031115556
4.022110970912742,0,0.9787561031115556
4.229811168951234,0,0.9787561031115556
4.496095920960437,0,0.9787561031115556
4.808501523135149,0,0.9787561031115556
5.1396458198044686,0,0.9787561031115556
5.473916384242947,0,0.9787561031115556
5.798605483300261,0,0.9787561031115556
6.0760703862935355,0,0.9787561031115556
6.291882582405104,0,0.9787561031115556
6.476149630077257,0,0.9787561031115556
6.652007367512245,0,0.9787561031115556
6.804678152442428,0,0.9787561031115556
6.918017474613259,0,0.9787561031115556
6.997940935770715,0,0.9787561031115556
7.033955299912966,0,0.9787561031115556
7.022716442092995,0,0.9787561031115556
6.973495922726999,0,0.9787561031115556
6.861435590082724,0,0.9787561031115556
6.655992445940885,0,0.9787561031115556
6.350182042835148,0,0.9787561031115556
5.968648635052152,0,0.9787561031115556
5.571574530303268,0,0.9787561031115556
5.19357729866499,0,0.9787561031115556
4.805620292250076,0,0.9787561031115556
4.390772027450945,0,0.9787561031115556
3.966434159376275,0,0.9787561031115556
3.533168250143618,0,0.9787561031115556
3.1222249919237353,0,0.9787561031115556
2.7984569460229722,0,0.9787561031115556
2.5581070963596653,0,0.9787561031115556
2.347041249300646,0,0.9787561031115556
2.1382414860118804,0,0.9787561031115556
1.9102165402075915,0,0.9787561031115556
1.6419689241922464,0,0.9787561031115556
1.3298284693082352,0,0.9787561031115556
0.9250582469704998,0,0.9787561031115556
0.3341716592071694,0,0.9787561031115556
-0.4879918921983065,0,0.9787561031115556
-1.5379022310021255,0,0.9787561031115556
-2.806029408116097,0,0.9787561031115556
-4.270832092042639,0,0.9787561031115556
-5.8898583289613615,0,0.9787561031115556
-7.605561781954029,0,0.9787561031115556
-9.37171059752825,0,0.9787561031115556
-11.136389123003168,0,0.9787561031115556
-12.819538926315088,0,0.9787561031115556
-14.346043682868036,0,0.9787561031115556
-15.65150273243797,0,0.9787561031115556
-16.660882870480908,0,0.9787561031115556
-17.295264020781595,0,0.9787561031115556
-17.504293940811802,0,0.9787561031115556
-17.294550144778942,0,0.9787561031115556
-16.71673751467589,0,0.9787561031115556
-15.784143912568666,0,0.9787561031115556
-14.461749589232443,0,0.9787561031115556
-12.765030807685857,0,0.9787561031115556
-10.780858301377656,0,0.9787561031115556
-8.629903293518742,0,0.9787561031115556
-6.430665076344247,0,0.9787561031115556
-4.286450848498468,0,0.9787561031115556
-2.282286228308241,0,0.9787561031115556
-0.46035461267296984,0,0.9787561031115556
1.1295012926938106,0,0.9787561031115556
2.427216165842417,0,0.9787561031115556
3.426324996141164,0,0.9787561031115556
4.1507583056985515,0,0.9787561031115556
4.607607826428795,0,0.9787561031115556
4.784934372214927,0,0.9787561031115556
4.715131427221143,0,0.9787561031115556
4.507850832080527,0,0.9787561031115556
4.26994162894675,0,0.9787561031115556
4.02594575266094,0,0.9787561031115556
3.765775279766197,0,0.9787561031115556
3.528527582729756,0,0.9787561031115556
3.3692250174034517,0,0.9787561031115556
3.305612082645785,0,0.9787561031115556
3.329163587100058,0,0.9787561031115556
3.4027767022012196,0,0.9787561031115556
3.4888029643342184,0,0.9787561031115556
3.6076435806169607,0,0.9787561031115556
3.800063622028057,0,0.9787561031115556
4.074584604680119,0,0.9787561031115556
4.417878164365454,0,0.9787561031115556
4.806880025099996,0,0.9787561031115556
5.227770343414021,0,0.9787561031115556
5.666053486522411,0,0.9787561031115556
6.10153737948907,0,0.9787561031115556
6.5241627064646455,0,0.9787561031115556
6.9072181903208465,0,0.9787561031115556
7.220755667874116,0,0.9787561031115556
7.459012147185827,0,0.9787561031115556
7.6294897869035685,0,0.9787561031115556
7.734424018749665,0,0.9787561031115556
7.756356433099423,0,0.9787561031115556
7.699899381270876,1,0.9760879904356663
7.606736069775626,0,0.9760879904356663
7.496808774461077,0,0.9760879904356663
7.336643584402848,0,0.9760879904356663
7.079192922764514,0,0.9760879904356663
6.727773361989859,0,0.9760879904356663
6.3405436493702965,0,0.9760879904356663
5.990827340588131,0,0.9760879904356663
5.686228928821435,0,0.9760879904356663
5.363028041544725,0,0.9760879904356663
5.020011429434498,0,0.9760879904356663
4.704825076701312,0,0.9760879904356663
4.412653640187657,0,0.9760879904356663
4.128433912444188,0,0.9760879904356663
3.8609662784266274,0,0.9760879904356663
3.614094618876354,0,0.9760879904356663
3.3917851454662746,0,0.9760879904356663
3.1905335600007168,0,0.9760879904356663
2.942156189289956,0,0.9760879904356663
2.5449970191753555,0,0.9760879904356663
1.9710210965425459,0,0.9760879904356663
1.2412455789083265,0,0.9760879904356663
0.34420169713465243,0,0.9760879904356663
-0.7524436399734096,0,0.9760879904356663
-2.065907080483854,0,0.9760879904356663
-3.5852380991717157,0,0.9760879904356663
-5.27859711515689,0,0.9760879904356663
-7.107691521260324,0,0.9760879904356663
-9.02297356527221,0,0.9760879904356663
-10.958784320962444,0,0.9760879904356663
-12.85278229943472,0,0.9760879904356663
-14.64525775386314,0,0.9760879904356663
-16.243861124708083,0,0.9760879904356663
-17.539164820458904,0,0.9760879904356663
-18.441452534151637,0,0.9760879904356663
-18.884092701100258,0,0.9760879904356663
-18.846231992997232,0,0.9760879904356663
-18.342305877475596,0,0.9760879904356663
-17.380593623081776,0,0.9760879904356663
-15.98334225050258,0,0.9760879904356663
-14.230815193088521,0,0.9760879904356663
-12.260005961253427,0,0.9760879904356663
-10.198333468234035,0,0.9760879904356663
-8.105761376781201,0,0.9760879904356663
-6.008635428305787,0,0.9760879904356663
-3.948941669429781,0,0.9760879904356663
-1.980194038868976,0,0.9760879904356663
-0.17394692778030818,0,0.9760879904356663
1.3799480582940968,0,0.9760879904356663
2.626454969010912,0,0.9760879904356663
3.56181279175482,0,0.9760879904356663
4.2053041206653665,0,0.9760879904356663
4.599557828255573,0,0.9760879904356663
4.785617970283699,0,0.9760879904356663
4.791751184510164,0,0.9760879904356663
4.6663064154341765,0,0.9760879904356663
4.459749911443266,0,0.9760879904356663
4.218842527923312,0,0.9760879904356663
3.979285921462779,0,0.9760879904356663
3.744481237253843,0,0.9760879904356663
3.5331687010111166,0,0.9760879904356663
3.3977483640684567,0,0.9760879904356663
3.3744674900436284,0,0.9760879904356663
3.4528034863238597,0,0.9760879904356663
3.613097302105549,0,0.9760879904356663
3.860999616104164,0,0.9760879904356663
4.175074914489044,0,0.9760879904356663
4.518396718031151,0,0.9760879904356663
4.913683983748547,0,0.9760879904356663
5.3770637880399255,0,0.9760879904356663
5.85196508454387,0,0.9760879904356663
6.281823865948097,0,0.9760879904356663
6.658067357461845,0,0.9760879904356663
6.988610756708414,0,0.9760879904356663
7.269431055117561,0,0.9760879904356663
7.502943753851803,0,0.9760879904356663
7.716268328515239,0,0.9760879904356663
7.921887785883421,0,0.9760879904356663
8.09163503875996,0,0.9760879904356663
8.186341739844956,0,0.9760879904356663
8.165514560588596,1,0.9762395524961294
8.007936470156901,0,0.9762395524961294
7.753152605256987,0,0.9762395524961294
7.44625292337226,0,0.9762395524961294
7.087786760671779,0,0.9762395524961294
6.683987346693933,0,0.9762395524961294
6.2573395676497805,0,0.9762395524961294
5.832020396441525,0,0.9762395524961294
5.431458603798413,0,0.9762395524961294
5.0523493346373485,0,0.9762395524961294
4.684166552476824,0,0.9762395524961294
4.337253781618714,0,0.9762395524961294
4.019168212666919,0,0.9762395524961294
3.718056917775185,0,0.9762395524961294
3.4280471790259774,0,0.9762395524961294
3.1339622388689827,0,0.9762395524961294
2.778796382578191,0,0.9762395524961294
2.340870421446542,0,0.9762395524961294
1.86067238725267,0,0.9762395524961294
1.3514382968862795,0,0.9762395524961294
0.7714423390672065,0,0.9762395524961294
0.05980913995219338,0,0.9762395524961294
-0.8030420294046303,0,0.9762395524961294
-1.7944461498400308,0,0.9762395524961294
-2.9426037115152615,0,0.9762395524961294
-4.298223909410662,0,0.9762395524961294
-5.834268134655263,0,0.9762395524961294
-7.506540527015611,0,0.9762395524961294
-9.302588636845043,0,0.9762395524961294
-11.16338681586714,0,0.9762395524961294
-12.983109631503838,0,0.9762395524961294
-14.68068003924053,0,0.9762395524961294
-16.186893207985197,0,0.9762395524961294
-17.400373740079257,0,0.9762395524961294
-18.210251317780784,0,0.9762395524961294
-18.55101358412675,0,0.9762395524961294
-18.40978890977416,0,0.9762395524961294
-17.793005991754125,0,0.9762395524961294
-16.744117907375042,0,0.9762395524961294
-15.33918535020361,0,0.9762395524961294
-13.632241511983406,0,0.9762395524961294
-11.683983802182865,0,0.9762395524961294
-9.604912433038457,0,0.9762395524961294
-7.488434608691226,0,0.9762395524961294
-5.358866730613769,0,0.9762395524961294
-3.267040158241878,0,0.9762395524961294
-1.3343903377373596,0,0.9762395524961294
0.34838104083391896,0,0.9762395524961294
1.7712702616774922,0,0.9762395524961294
2.9592634111935134,0,0.9762395524961294
3.914244050575586,0,0.9762395524961294
4.611837451720527,0,0.9762395524961294
5.051109393772909,0,0.9762395524961294
5.277258977054273,0,0.9762395524961294
5.332685620584852,0,0.9762395524961294
5.220469555639337,0,0.9762395524961294
4.957191446095136,0,0.9762395524961294
4.588635844860454,0,0.9762395524961294
4.161240975972699,0,0.9762395524961294
3.738282137945065,0,0.9762395524961294
3.3873640945875927,0,0.9762395524961294
3.169824881604663,0,0.9762395524961294
3.1315114845018988,0,0.9762395524961294
3.252218302457579,0,0.9762395524961294
3.4686692108743387,0,0.9762395524961294
3.7453535849346555,0,0.9762395524961294
4.083937622904632,0,0.9762395524961294
4.490108399310722,0,0.9762395524961294
4.946665604430401,0,0.9762395524961294
5.421369605437927,0,0.9762395524961294
5.891124870084505,0,0.9762395524961294
6.366373816848414,0,0.9762395524961294
6.857419462314456,0,0.9762395524961294
7.299859057052009,0,0.9762395524961294
7.61046778071402,0,0.9762395524961294
7.787149065278961,0,0.9762395524961294
7.864154462823307,0,0.9762395524961294
7.86845461688401,0,0.9762395524961294
7.82355827739071,1,0.9761682372763589
7.708756640908597,0,0.9761682372763589
7.502206383500626,0,0.9761682372763589
7.2404686369622855,0,0.9761682372763589
6.972668685801166,0,0.9761682372763589
6.720976412067647,0,0.9761682372763589
6.479169521362462,0,0.9761682372763589
6.2241031767257295,0,0.9761682372763589
5.9543987717837865,0,0.9761682372763589
5.708489111733498,0,0.9761682372763589
5.512416222215526,0,0.9761682372763589
5.343138855719348,0,0.9761682372763589
5.159468358512194,0,0.9761682372763589
4.937274295902763,0,0.9761682372763589
4.676922666059651,0,0.9761682372763589
4.399212311811253,0,0.9761682372763589
4.1183087285712086,0,0.9761682372763589
3.8142550833641544,0,0.9761682372763589
3.4632957546709955,0,0.9761682372763589
3.066793948603878,0,0.9761682372763589
2.6425293801067973,0,0.9761682372763589
2.221991654547349,0,0.9761682372763589
1.824781393688305,0,0.9761682372763589
1.4216515947714623,0,0.9761682372763589
0.976129311638139,0,0.9761682372763589
0.491739221916926,0,0.9761682372763589
-0.03452942198975451,0,0.9761682372763589
-0.6453660221939511,0,0.9761682372763589
-1.400212322362202,0,0.9761682372763589
-2.3492923535791426,0,0.9761682372763589
-3.528069500770774,0,0.9761682372763589
-4.949076274743143,0,0.9761682372763589
-6.573460360734849,0,0.9761682372763589
-8.331362454061393,0,0.9761682372763589
-10.175639880768156,0,0.9761682372763589
-12.057251218133652,0,0.9761682372763589
-13.870792306265516,0,0.9761682372763589
-15.513661301280262,0,0.9761682372763589
-16.917935421586865,0,0.9761682372763589
-17.988452291714683,0,0.9761682372763589
-18.652015905597473,0,0.9761682372763589
-18.91328194383981,0,0.9761682372763589
-18.77717509922847,0,0.9761682372763589
-18.215755772813523,0,0.9761682372763589
-17.222557135139883,0,0.9761682372763589
-15.830339619618927,0,0.9761682372763589
-14.10147017991935,0,0.9761682372763589
-12.10588459054196,0,0.9761682372763589
-9.919260910873287,0,0.9761682372763589
-7.674253625659593,0,0.9761682372763589
-5.522226486454778,0,0.9761682372763589
-3.5378824606316543,0,0.9761682372763589
-1.7252097808418752,0,0.9761682372763589
-0.08625133987145955,0,0.9761682372763589
1.319497817175011,0,0.9761682372763589
2.4061753534147687,0,0.9761682372763589
3.1779975219286327,0,0.9761682372763589
3.713160647873341,0,0.9761682372763589
4.0520504909248345,0,0.9761682372763589
4.220225746419687,0,0.9761682372763589
4.263526835581512,0,0.9761682372763589
4.207869362877713,0,0.9761682372763589
4.0611262141900655,0,0.9761682372763589
3.866422827179396,0,0.9761682372763589
3.6957367999214616,0,0.9761682372763589
3.5843455936466504,0,0.9761682372763589
3.5397901324683487,0,0.9761682372763589
3.5547753270099793,0,0.9761682372763589
3.6084229594561563,0,0.9761682372763589
3.7127942686792696,0,0.9761682372763589
3.8964370582940067,0,0.9761682372763589
4.172185683135661,0,0.9761682372763589
4.534970240156441,0,0.9761682372763589
4.946028496044695,0,0.9761682372763589
5.366666124410661,0,0.9761682372763589
5.786780594844205,0,0.9761682372763589
6.205450215205575,0,0.9761682372763589
6.621982495542861,0,0.9761682372763589
7.030682440996041,0,0.9761682372763589
7.416707114198067,0,0.9761682372763589
7.745414497858378,0,0.9761682372763589
7.9743982443477,0,0.9761682372763589
8.104282610179428,0,0.9761682372763589
8.17966554102381,0,0.9761682372763589
8.212894629905453,0,0.9761682372763589
8.165932224541017,1,0.9763009486310731
8.039980595261547,0,0.9763009486310731
7.886409818063823,0,0.9763009486310731
7.696677807370271,0,0.9763009486310731
7.406962140149824,0,0.9763009486310731
7.0112358459952215,0,0.9763009486310731
6.564351460044489,0,0.9763009486310731
6.115679933814032,0,0.9763009486310731
5.702283257054512,0,0.9763009486310731
5.367711748008115,0,0.9763009486310731
5.138658673344175,0,0.9763009486310731
4.991223706089453,0,0.9763009486310731
4.87883100402454,0,0.9763009486310731
4.790107737391428,0,0.9763009486310731
4.723292290165701,0,0.9763009486310731
4.638654084581492,0,0.9763009486310731
4.487735433687356,0,0.9763009486310731
4.259235510526167,0,0.9763009486310731
3.978742110522377,0,0.9763009486310731
3.6424054473322798,0,0.9763009486310731
3.212290303281788,0,0.9763009486310731
2.7068518402801938,0,0.9763009486310731
2.184217490272051,0,0.9763009486310731
1.6604449040182796,0,0.9763009486310731
1.126851446906443,0,0.9763009486310731
0.5514567514203288,0,0.9763009486310731
-0.12714216157112188,0,0.9763009486310731
-0.927505640797481,0,0.9763009486310731
-1.8486400283462103,0,0.9763009486310731
-2.9270835011643106,0,0.9763009486310731
-4.185081152594249,0,0.9763009486310731
-5.600670816422026,0,0.9763009486310731
-7.145023621950333,0,0.9763009486310731
-8.80458243508776,0,0.9763009486310731
-10.568049210937993,0,0.9763009486310731
-12.40910314486065,0,0.9763009486310731
-14.238421933696195,0,0.9763009486310731
-15.901685611034777,0,0.9763009486310731
-17.28101155602737,0,0.9763009486310731
-18.307491151835098,0,0.9763009486310731
-18.88922431853459,0,0.9763009486310731
-18.973204231092897,0,0.9763009486310731
-18.591666113394094,0,0.9763009486310731
-17.772975887515308,0,0.9763009486310731
-16.556350931376155,0,0.9763009486310731
-15.025262585857138,0,0.9763009486310731
-13.240469553434114,0,0.9763009486310731
-11.237934894254662,0,0.9763009486310731
-9.079203368443116,0,0.9763009486310731
-6.869214037682433,0,0.9763009486310731
-4.730861072923697,0,0.9763009486310731
-2.7601586401853817,0,0.9763009486310731
-1.0153783134414176,0,0.9763009486310731
0.47470839784180785,0,0.9763009486310731
1.709781989715998,0,0.9763009486310731
2.6877031949212253,0,0.9763009486310731
3.3949050706019923,0,0.9763009486310731
3.844941290909024,0,0.9763009486310731
4.08310272424655,0,0.9763009486310731
4.169014408818092,0,0.9763009486310731
4.158124823937515,0,0.9763009486310731
4.0703391356826675,0,0.9763009486310731
3.8972329460876436,0,0.9763009486310731
3.667494392819807,0,0.9763009486310731
3.471465609876763,0,0.9763009486310731
3.375656178387674,0,0.9763009486310731
3.3638390692044964,0,0.9763009486310731
3.4040194186496664,0,0.9763009486310731
3.4989557572077086,0,0.9763009486310731
3.6548305986484557,0,0.9763009486310731
3.8552210209505446,0,0.9763009486310731
4.088134458866522,0,0.9763009486310731
4.372102337357404,0,0.9763009486310731
4.702659053833476,0,0.9763009486310731
5.0388638320284445,0,0.9763009486310731
5.371456195434568,0,0.9763009486310731
5.726866830291806,0,0.9763009486310731
6.119321918504021,0,0.9763009486310731
6.52294483511469,0,0.9763009486310731
6.873762941155757,0,0.9763009486310731
7.122457416630889,0,0.9763009486310731
7.264585404999744,0,0.9763009486310731
7.308486447057686,0,0.9763009486310731
7.284838124479602,1,0.9763449880570048
7.247574670191993,0,0.9763449880570048
7.211879475665065,0,0.9763449880570048
7.136085283853874,0,0.9763449880570048
6.9886487745599934,0,0.9763449880570048
6.79567806409412,0,0.9763449880570048
6.585787996112511,0,0.9763449880570048
6.363981546776514,0,0.9763449880570048
6.129458833139328,0,0.9763449880570048
5.867730293498495,0,0.9763449880570048
5.5883052189308735,0,0.9763449880570048
5.321728357291871,0,0.9763449880570048
5.0839862279512,0,0.9763449880570048
4.898524699081909,0,0.9763449880570048
4.778587042889388,0,0.9763449880570048
4.691576740630128,0,0.9763449880570048
4.591579357101972,0,0.9763449880570048
4.472096265219973,0,0.9763449880570048
4.334042008798315,0,0.9763449880570048
4.148283517172934,0,0.9763449880570048
3.892703629000221,0,0.9763449880570048
3.56411895847103,0,0.9763449880570048
3.186231079838821,0,0.9763449880570048
2.7851600115028887,0,0.9763449880570048
2.349009008759744,0,0.9763449880570048
1.8554501448919083,0,0.9763449880570048
1.2798921646394572,0,0.9763449880570048
0.5945498167526228,0,0.9763449880570048
-0.22398886854665462,0,0.9763449880570048
-1.1904824450851494,0,0.9763449880570048
-2.294167600572784,0,0.9763449880570048
-3.5177020868262865,0,0.9763449880570048
-4.869513080359777,0,0.9763449880570048
-6.385444157199979,0,0.9763449880570048
-8.074784320682985,0,0.9763449880570048
-9.88321292311894,0,0.9763449880570048
-11.746339320313407,0,0.9763449880570048
-13.596532711020833,0,0.9763449880570048
-15.333450207431358,0,0.9763449880570048
-16.84704119987667,0,0.9763449880570048
-18.03139063029947,0,0.9763449880570048
-18.807888162333466,0,0.9763449880570048
-19.132973850139614,0,0.9763449880570048
-18.96494128874236,0,0.9763449880570048
-18.27353194546979,0,0.9763449880570048
-17.086619566558262,0,0.9763449880570048
-15.499917906932009,0,0.9763449880570048
-13.642407330376772,0,0.9763449880570048
-11.633561255538549,0,0.9763449880570048
-9.543344164262352,0,0.9763449880570048
-7.405306724299794,0,0.9763449880570048
-5.27071033210421,0,0.9763449880570048
-3.227568604107089,0,0.9763449880570048
-1.3819502258623197,0,0.9763449880570048
0.20398997071533143,0,0.9763449880570048
1.5471080311114649,0,0.9763449880570048
2.6838241509854317,0,0.9763449880570048
3.6095565507210847,0,0.9763449880570048
4.307863422964066,0,0.9763449880570048
4.796476492181055,0,0.9763449880570048
5.091868484120843,0,0.9763449880570048
5.177597320274878,0,0.9763449880570048
5.0503753025788125,0,0.9763449880570048
4.773197719896493,0,0.9763449880570048
4.443713412063623,0,0.9763449880570048
4.130357682598262,0,0.9763449880570048
3.897981667255125,0,0.9763449880570048
3.8047725616267978,0,0.9763449880570048
3.837348500809595,0,0.9763449880570048
3.9372189137309617,0,0.9763449880570048
4.063131248881649,0,0.9763449880570048
4.2033447600537075,0,0.9763449880570048
4.365855753569919,0,0.9763449880570048
4.563263356271007,0,0.9763449880570048
4.8107367493458115,0,0.9763449880570048
5.107134123725506,0,0.9763449880570048
5.398860680521795,0,0.9763449880570048
5.65064926252253,0,0.9763449880570048
5.898923328410812,0,0.9763449880570048
6.170681671451021,0,0.9763449880570048
6.457176343946538,0,0.9763449880570048
6.746256478614785,0,0.9763449880570048
7.029695098952219,0,0.9763449880570048
7.295554503847523,0,0.9763449880570048
7.518627143986512,0,0.9763449880570048
7.666716444144367,0,0.9763449880570048
7.7051307763136805,0,0.9763449880570048
7.626379568346681,1,0.9762451680395768
7.486261936744722,0,0.9762451680395768
7.336213428232828,0,0.9762451680395768
7.162487448655969,0,0.9762451680395768
6.950408313653831,0,0.9762451680395768
6.711220300218617,0,0.9762451680395768
6.4570394634980754,0,0.9762451680395768
6.19816366545645,0,0.9762451680395768
5.9270132503125215,0,0.9762451680395768
5.6342648179136186,0,0.9762451680395768
5.336446515577092,0,0.9762451680395768
5.0491729830137855,0,0.9762451680395768
4.757166877896762,0,0.9762451680395768
4.425172040653884,0,0.9762451680395768
4.04244294033735,0,0.9762451680395768
3.6332362685212503,0,0.9762451680395768
3.195166395143712,0,0.9762451680395768
2.7092311985612225,0,0.9762451680395768
2.196506209753073,0,0.9762451680395768
1.663125065233553,0,0.9762451680395768
1.0697828339342472,0,0.9762451680395768
0.3748305231101487,0,0.9762451680395768
-0.4580679508076405,0,0.9762451680395768
-1.4506817500256273,0,0.9762451680395768
-2.5993588598764243,0,0.9762451680395768
-3.8978844928199177,0,0.9762451680395768
-5.352529775682296,0,0.9762451680395768
-6.976666882007656,0,0.9762451680395768
-8.763759137101877,0,0.9762451680395768
-10.636220118480965,0,0.9762451680395768
-12.480058001890674,0,0.9762451680395768
-14.219264058123306,0,0.9762451680395768
-15.77634117328484,0,0.9762451680395768
-17.059528822906223,0,0.9762451680395768
-17.99863594474027,0,0.9762451680395768
-18.51555579227762,0,0.9762451680395768
-18.54517343561257,0,0.9762451680395768
-18.07601371288643,0,0.9762451680395768
-17.124540165287375,0,0.9762451680395768
-15.74190381680406,0,0.9762451680395768
-14.02314109258237,0,0.9762451680395768
-12.050722114626474,0,0.9762451680395768
-9.885101821362523,0,0.9762451680395768
-7.613930372331475,0,0.9762451680395768
-5.363699928315642,0,0.9762451680395768
-3.274461248699805,0,0.9762451680395768
-1.4349561095631966,0,0.9762451680395768
0.15190995520838957,0,0.9762451680395768
1.5188190003403617,0,0.9762451680395768
2.6656197124905296,0,0.9762451680395768
3.547243653383437,0,0.9762451680395768
4.135815824142179,0,0.9762451680395768
4.457531581766543,0,0.9762451680395768
4.57760384636317,0,0.9762451680395768
4.572724189199581,0,0.9762451680395768
4.461061203396873,0,0.9762451680395768
4.208776323682525,0,0.9762451680395768
3.870331579485062,0,0.9762451680395768
3.5745992232791717,0,0.9762451680395768
3.3689644060841335,0,0.9762451680395768
3.222255490302676,0,0.9762451680395768
3.125161859147183,0,0.9762451680395768
3.1058637750871574,0,0.9762451680395768
3.1678430744405635,0,0.9762451680395768
3.287492366778135,0,0.9762451680395768
3.4737349962285675,0,0.9762451680395768
3.745775222611377,0,0.9762451680395768
4.088207930579959,0,0.9762451680395768
4.476897776584495,0,0.9762451680395768
4.8986557284654575,0,0.9762451680395768
5.329662993256077,0,0.9762451680395768
5.730817091977671,0,0.9762451680395768
6.081818968097582,0,0.9762451680395768
6.409789521818721,0,0.9762451680395768
6.751974038095186,0,0.9762451680395768
7.086210969652963,0,0.9762451680395768
7.357853611847286,0,0.9762451680395768
7.558649435411719,0,0.9762451680395768
7.7108874288980624,0,0.9762451680395768
7.820596940064188,0,0.9762451680395768
7.869303623271313,0,0.9762451680395768
7.819211367132295,1,0.976371035247298
7.665307770403015,0,0.976371035247298
7.466492006087975,0,0.976371035247298
7.286525424901108,0,0.976371035247298
7.133775051652978,0,0.976371035247298
6.967050340825676,0,0.976371035247298
6.731098654346914,0,0.976371035247298
6.39580808304942,0,0.976371035247298
5.988418706417176,0,0.976371035247298
5.562007573564352,0,0.976371035247298
5.15935382039769,0,0.976371035247298
4.801225471004104,0,0.976371035247298
4.456652624151348,0,0.976371035247298
4.078990245347529,0,0.976371035247298
3.6728816697876105,0,0.976371035247298
3.2890863055195476,0,0.976371035247298
2.9529223796403956,0,0.976371035247298
2.610024586344087,0,0.976371035247298
2.1928716267409327,0,0.976371035247298
1.682063651058689,0,0.976371035247298
1.0712830893694234,0,0.976371035247298
0.3284655360310807,0,0.976371035247298
-0.61649895343938,0,0.976371035247298
-1.7976350157788294,0,0.976371035247298
-3.1567173547676703,0,0.976371035247298
-4.644773272128732,0,0.976371035247298
-6.275088183363118,0,0.976371035247298
-8.044746938892201,0,0.976371035247298
-9.904923060904055,0,0.976371035247298
-11.779353234118037,0,0.976371035247298
-13.557876017350521,0,0.976371035247298
-15.131925271709374,0,0.976371035247298
-16.43767405867552,0,0.976371035247298
-17.412439891115834,0,0.976371035247298
-17.98509063054039,0,0.976371035247298
-18.129238754930107,0,0.976371035247298
-17.85507960926912,0,0.976371035247298
-17.173150347116188,0,0.976371035247298
-16.086261430892765,0,0.976371035247298
-14.606754824035002,0,0.976371035247298
-12.783511586521062,0,0.976371035247298
-10.709940544843901,0,0.976371035247298
-8.504946830143437,0,0.976371035247298
-6.283026137280195,0,0.976371035247298
-4.151592092169284,0,0.976371035247298
-2.223721124964036,0,0.976371035247298
-0.5987294101941099,0,0.976371035247298
0.69780699121578,0,0.976371035247298
1.7264092862741804,0,0.976371035247298
2.5558167510722325,0,0.976371035247298
3.224377279034164,0,0.976371035247298
3.735931945386941,0,0.976371035247298
4.062866423684174,0,0.976371035247298
4.226278741142917,0,0.976371035247298
4.303501186531443,0,0.976371035247298
4.312193983986319,0,0.976371035247298
4.213153047450349,0,0.976371035247298
4.021812301808254,0,0.976371035247298
3.8171982376034954,0,0.976371035247298
3.6728817042174606,0,0.976371035247298
3.614689195062353,0,0.976371035247298
3.6293900530532506,0,0.976371035247298
3.69271083248174,0,0.976371035247298
3.7964470822771434,0,0.976371035247298
3.95230177339449,0,0.976371035247298
4.147032535063869,0,0.976371035247298
4.354894593203951,0,0.976371035247298
4.593110552285521,0,0.976371035247298
4.88128495806478,0,0.976371035247298
5.194950256518898,0,0.976371035247298
5.508173509343315,0,0.976371035247298
5.804547908563329,0,0.976371035247298
6.042667096735092,0,0.976371035247298
6.203045571202813,0,0.976371035247298
6.343104215329471,0,0.976371035247298
6.516968714275918,0,0.976371035247298
6.701895283947773,0,0.976371035247298
6.869695338592839,0,0.976371035247298
7.025040405828513,0,0.976371035247298
7.150957429409599,0,0.976371035247298
7.213407824744998,0,0.976371035247298
7.205029805153397,1,0.9763887176874712
7.132768882294101,0,0.9763887176874712
6.989631950702417,0,0.9763887176874712
6.786106023372358,0,0.9763887176874712
6.557503218182781,0,0.9763887176874712
6.3059485478750466,0,0.9763887176874712
6.015349204080543,0,0.9763887176874712
5.698735853131362,0,0.9763887176874712
5.385761569337418,0,0.9763887176874712
5.096511672247265,0,0.9763887176874712
4.826815457296111,0,0.9763887176874712
4.562393917810171,0,0.9763887176874712
4.276944158134375,0,0.9763887176874712
3.922738108500963,0,0.9763887176874712
3.4991136906662614,0,0.9763887176874712
3.0657978935830332,0,0.9763887176874712
2.6288029578347536,0,0.9763887176874712
2.1434160669668825,0,0.9763887176874712
1.6159839677137409,0,0.9763887176874712
1.0513892074181752,0,0.9763887176874712
0.38032425494290334,0,0.9763887176874712
-0.44883550709542086,0,0.9763887176874712
-1.4241951987152448,0,0.9763887176874712
-2.5527883769476682,0,0.9763887176874712
-3.873288355663152,0,0.9763887176874712
-5.399558338197334,0,0.9763887176874712
-7.1112546558016465,0,0.9763887176874712
-8.966354916645708,0,0.9763887176874712
-10.878869783217592,0,0.9763887176874712
-12.741662372448545,0,0.9763887176874712
-14.500988466630002,0,0.9763887176874712
-16.114117575889118,0,0.9763887176874712
-17.462731815924286,0,0.9763887176874712
-18.4288236644647,0,0.9763887176874712
-18.956265018233573,0,0.9763887176874712
-18.97693935092917,0,0.9763887176874712
-18.444350240583553,0,0.9763887176874712
-17.42344649842693,0,0.9763887176874712
-16.012607085541035,0,0.9763887176874712
-14.279484034209426,0,0.9763887176874712
-12.319683955513865,0,0.9763887176874712
-10.23987703033447,0,0.9763887176874712
-8.108438162756777,0,0.9763887176874712
-5.964480861703759,0,0.9763887176874712
-3.8535354719024624,0,0.9763887176874712
-1.8558358371745334,0,0.9763887176874712
-0.04644467393152141,0,0.9763887176874712
1.5321115791390665,0,0.9763887176874712
2.8442728332353404,0,0.9763887176874712
3.8542767591317055,0,0.9763887176874712
4.552724666421393,0,0.9763887176874712
4.961267960179057,0,0.9763887176874712
5.115118152802174,0,0.9763887176874712
5.076266759827764,0,0.9763887176874712
4.9159547319095225,0,0.9763887176874712
4.69121655770392,0,0.9763887176874712
4.464766920344812,0,0.9763887176874712
4.2787516812247715,0,0.9763887176874712
4.1274038284791565,0,0.9763887176874712
4.008538785613427,0,0.9763887176874712
3.944598968439472,0,0.9763887176874712
3.9400887285154185,0,0.9763887176874712
4.003958667844017,0,0.9763887176874712
4.149015016595625,0,0.9763887176874712
4.337364196702437,0,0.9763887176874712
4.561156659196348,0,0.9763887176874712
4.874399032675612,0,0.9763887176874712
5.2741419551789495,0,0.9763887176874712
5.70835850234156,0,0.9763887176874712
6.149469523490421,0,0.9763887176874712
6.562070038703455,0,0.9763887176874712
6.90040940774519,0,0.9763887176874712
7.152633789063224,0,0.9763887176874712
7.335732462693452,0,0.9763887176874712
7.473302843790676,0,0.9763887176874712
7.560578735832695,0,0.9763887176874712
7.572277270088197,0,0.9763887176874712
7.511263281238287,1,0.9762622031002054
7.3938005357663075,0,0.9762622031002054
7.236164731382516,0,0.9762622031002054
7.074091851000689,0,0.9762622031002054
6.917861980673792,0,0.9762622031002054
6.73423123456758,0,0.9762622031002054
6.511091386423408,0,0.9762622031002054
6.246161551533052,0,0.9762622031002054
5.933690035714133,0,0.9762622031002054
5.609490608064338,0,0.9762622031002054
5.314195457472012,0,0.9762622031002054
5.047210119344922,0,0.9762622031002054
4.795001673709866,0,0.9762622031002054
4.562705564986357,0,0.9762622031002054
4.352408521302454,0,0.9762622031002054
4.125895585025743,0,0.9762622031002054
3.863006900922196,0,0.9762622031002054
3.6107794619136175,0,0.9762622031002054
3.3959403161358184,0,0.9762622031002054
3.179757610918914,0,0.9762622031002054
2.899713214100249,0,0.9762622031002054
2.498231485490559,0,0.9762622031002054
1.9508265227526174,0,0.9762622031002054
1.2580154124895309,0,0.9762622031002054
0.4199165105191849,0,0.9762622031002054
-0.5718355120416257,0,0.9762622031002054
-1.7293594985317922,0,0.9762622031002054
-3.0396132156635844,0,0.9762622031002054
-4.487974559854929,0,0.9762622031002054
-6.078157000596228,0,0.9762622031002054
-7.7764464533082585,0,0.9762622031002054
-9.52271216654638,0,0.9762622031002054
-11.266424585594537,0,0.9762622031002054
-12.96020545199008,0,0.9762622031002054
-14.573069638885315,0,0.9762622031002054
-16.044324554769283,0,0.9762622031002054
-17.26617643381701,0,0.9762622031002054
-18.147278847136782,0,0.9762622031002054
-18.61853506407552,0,0.9762622031002054
-18.635852224340308,0,0.9762622031002054
-18.194561791192054,0,0.9762622031002054
-17.29550199966728,0,0.9762622031002054
-15.942101557439782,0,0.9762622031002054
-14.200029708793725,0,0.9762622031002054
-12.207763022004698,0,0.9762622031002054
-10.094442229941425,0,0.9762622031002054
-7.928483268662926,0,0.9762622031002054
-5.766188365505251,0,0.9762622031002054
-3.6803890052530845,0,0.9762622031002054
-1.7409514666417314,0,0.9762622031002054
-0.016524381988893472,0,0.9762622031002054
1.4456457840936305,0,0.9762622031002054
2.64206981514917,0,0.9762622031002054
3.58790704314279,0,0.9762622031002054
4.293403549301681,0,0.9762622031002054
4.771917526168957,0,0.9762622031002054
5.048467009020467,0,0.9762622031002054
5.1425621626718545,0,0.9762622031002054
5.071226841546137,0,0.9762622031002054
4.890763706104941,0,0.9762622031002054
4.67237285274656,0,0.9762622031002054
4.457593670503371,0,0.9762622031002054
4.2811750270771745,0,0.9762622031002054
4.141782579923722,0,0.9762622031002054
3.9941642956226087,0,0.9762622031002054
3.829694006181925,0,0.9762622031002054
3.7013010909728767,0,0.9762622031002054
3.682720374542573,0,0.9762622031002054
3.809485202532846,0,0.9762622031002054
4.068229790316015,0,0.9762622031002054
4.412906682300208,0,0.9762622031002054
4.7763226485699155,0,0.9762622031002054
5.139731876721595,0,0.9762622031002054
5.5357285628406,0,0.9762622031002054
5.960916757381601,0,0.9762622031002054
6.369153726752109,0,0.9762622031002054
6.732534685374512,0,0.9762622031002054
7.056415326246502,0,0.9762622031002054
7.354070348524385,0,0.9762622031002054
7.630418815271886,0,0.9762622031002054
7.864074668231002,0,0.9762622031002054
8.019671375166004,0,0.9762622031002054
8.07207815619855,0,0.9762622031002054
8.006197056597971,1,0.9763653959444949
7.823316128705043,0,0.9763653959444949
7.558416238795989,0,0.9763653959444949
7.273708472596348,0,0.9763653959444949
7.014598000716339,0,0.9763653959444949
6.796641210588032,0,0.9763653959444949
6.593325599421148,0,0.9763653959444949
6.330393706691366,0,0.9763653959444949
5.962636757258715,0,0.9763653959444949
5.52631124219834,0,0.9763653959444949
5.080626992343953,0,0.9763653959444949
4.629597355535742,0,0.9763653959444949
4.138980976531075,0,0.9763653959444949
3.6178397614228572,0,0.9763653959444949
3.124934661681134,0,0.9763653959444949
2.6907190814393718,0,0.9763653959444949
2.293902857042182,0,0.9763653959444949
1.8950361037817183,0,0.9763653959444949
1.4643901571314162,0,0.9763653959444949
0.9895852163260145,0,0.9763653959444949
0.4309780602587294,0,0.9763653959444949
-0.2739986865221403,0,0.9763653959444949
-1.1376731872940635,0,0.9763653959444949
-2.1404127224061784,0,0.9763653959444949
-3.3006664962652583,0,0.9763653959444949
-4.651415497336702,0,0.9763653959444949
-6.178700843004195,0,0.9763653959444949
-7.8396121678850115,0,0.9763653959444949
-9.587845213804421,0,0.9763653959444949
-11.362715990160995,0,0.9763653959444949
-13.092041874694136,0,0.9763653959444949
-14.678245940038547,0,0.9763653959444949
-16.021255952937278,0,0.9763653959444949
-17.052611288456106,0,0.9763653959444949
-17.71191087430992,0,0.9763653959444949
-17.9588599262111,0,0.9763653959444949
-17.782960481522487,0,0.9763653959444949
-17.179661349308027,0,0.9763653959444949
-16.174158937612304,0,0.9763653959444949
-14.82499066390567,0,0.9763653959444949
-13.165240927077024,0,0.9763653959444949
-11.206904977496405,0,0.9763653959444949
-9.026266792763614,0,0.9763653959444949
-6.771801071331772,0,0.9763653959444949
-4.588930755327286,0,0.9763653959444949
-2.5671328430495923,0,0.9763653959444949
-0.7340755920489377,0,0.9763653959444949
0.8961867167055808,0,0.9763653959444949
2.2869130037943464,0,0.9763653959444949
3.3836843764032385,0,0.9763653959444949
4.153374932477528,0,0.9763653959444949
4.625017090421937,0,0.9763653959444949
4.8568723432352,0,0.9763653959444949
4.897178769410196,0,0.9763653959444949
4.8010713447981885,0,0.9763653959444949
4.62590371644597,0,0.9763653959444949
4.397046616111077,0,0.9763653959444949
4.124564278703145,0,0.9763653959444949
3.826876551020519,0,0.9763653959444949
3.5389154668081235,0,0.9763653959444949
3.31400714439611,0,0.9763653959444949
3.1859196331976403,0,0.9763653959444949
3.15783925950101,0,0.9763653959444949
3.220182541573317,0,0.9763653959444949
3.3692000348708993,0,0.9763653959444949
3.6193981122017655,0,0.9763653959444949
3.965656709966987,0,0.9763653959444949
4.360437513101456,0,0.9763653959444949
4.758742574434009,0,0.9763653959444949
5.161949501379339,0,0.9763653959444949
5.59189656721669,0,0.9763653959444949
6.026268721878333,0,0.9763653959444949
6.432562839515987,0,0.9763653959444949
6.829208266674929,0,0.9763653959444949
7.234005924004072,0,0.9763653959444949
7.6265362482509715,0,0.9763653959444949
7.9459994178525,0,0.9763653959444949
8.120156840335707,0,0.9763653959444949
8.13829526319898,0,0.9763653959444949
8.040224733017203,1,0.9763866190284021
7.872260709467346,0,0.9763866190284021
7.664606909480339,0,0.9763866190284021
7.417752303204124,0,0.9763866190284021
7.141766427404422,0,0.9763866190284021
6.867817727437411,0,0.9763866190284021
6.6070692978151095,0,0.9763866190284021
6.351034290998819,0,0.9763866190284021
6.10221595845595,0,0.9763866190284021
5.85599155482628,0,0.9763866190284021
5.578126490213859,0,0.9763866190284021
5.25952625705708,0,0.9763866190284021
4.940499054722645,0,0.9763866190284021
4.646119942841469,0,0.9763866190284021
4.363479396685166,0,0.9763866190284021
4.077380880832935,0,0.9763866190284021
3.772109033657779,0,0.9763866190284021
3.431972934184968,0,0.9763866190284021
3.07642620121128,0,0.9763866190284021
2.738207026080666,0,0.9763866190284021
2.394436709115016,0,0.9763866190284021
1.9659629415075466,0,0.9763866190284021
1.3928284782303413,0,0.9763866190284021
0.671847890435154,0,0.9763866190284021
-0.1923561616070972,0,0.9763866190284021
-1.2092390005742233,0,0.9763866190284021
-2.38212486255654,0,0.9763866190284021
-3.6986018373630927,0,0.9763866190284021
-5.138698542162298,0,0.9763866190284021
-6.698343390333311,0,0.9763866190284021
-8.36608002790247,0,0.9763866190284021
-10.105917948055765,0,0.9763866190284021
-11.856181199769457,0,0.9763866190284021
-13.521190624324216,0,0.9763866190284021
-15.03903839453964,0,0.9763866190284021
-16.39015726225895,0,0.9763866190284021
-17.511289499597773,0,0.9763866190284021
-18.30294370893979,0,0.9763866190284021
-18.673025600429906,0,0.9763866190284021
-18.55932530430264,0,0.9763866190284021
-17.974895366458636,0,0.9763866190284021
-16.974312621049076,0,0.9763866190284021
-15.583729781563893,0,0.9763866190284021
-13.832769587593551,0,0.9763866190284021
-11.795755992597426,0,0.9763866190284021
-9.581927862885262,0,0.9763866190284021
-7.329649753264974,0,0.9763866190284021
-5.165904372745901,0,0.9763866190284021
-3.1665466258377184,0,0.9763866190284021
-1.3722020395456278,0,0.9763866190284021
0.19569098938760743,0,0.9763866190284021
1.5153972766451838,0,0.9763866190284021
2.578027441041592,0,0.9763866190284021
3.4130720285780796,0,0.9763866190284021
4.032070992368401,0,0.9763866190284021
4.3922579017469765,0,0.9763866190284021
4.491686278963516,0,0.9763866190284021
4.423744155768751,0,0.9763866190284021
4.277577314359241,0,0.9763866190284021
4.103043312275892,0,0.9763866190284021
3.945849433375242,0,0.9763866190284021
3.82429538484376,0,0.9763866190284021
3.729136496141745,0,0.9763866190284021
3.6450392680357964,0,0.9763866190284021
3.5778578672944326,0,0.9763866190284021
3.5625455293491144,0,0.9763866190284021
3.622650881099784,0,0.9763866190284021
3.7567687664366574,0,0.9763866190284021
3.9416663740232827,0,0.9763866190284021
4.164179477420784,0,0.9763866190284021
4.435705556514899,0,0.9763866190284021
4.730824552461645,0,0.9763866190284021
5.010591124855087,0,0.9763866190284021
5.27207042133679,0,0.9763866190284021
5.525194568484388,0,0.9763866190284021
5.789756216780384,0,0.9763866190284021
6.069084232193811,0,0.9763866190284021
6.331081758514821,0,0.9763866190284021
6.562871884643949,0,0.9763866190284021
6.784662917215907,0,0.9763866190284021
6.998399122758581,0,0.9763866190284021
7.179376616042291,0,0.9763866190284021
7.291484628468711,0,0.9763866190284021
7.307957530035471,0,0.9763866190284021
7.241487581733784,1,0.9763925553090408
7.115762233295296,0,0.9763925553090408
6.944072702133931,0,0.9763925553090408
6.744170042861531,0,0.9763925553090408
6.522573370495117,0,0.9763925553090408
6.273934686549981,0,0.9763925553090408
6.006871508505498,0,0.9763925553090408
5.752870782546544,0,0.9763925553090408
5.5312970724880826,0,0.9763925553090408
5.298462933143017,0,0.9763925553090408
4.994007469104629,0,0.9763925553090408
4.598774574596459,0,0.9763925553090408
4.10506213264955,0,0.9763925553090408
3.5116006960378785,0,0.9763925553090408
2.819232089786715,0,0.9763925553090408
1.9928399062077173,0,0.9763925553090408
0.9905356955736871,0,0.9763925553090408
-0.17919487229660938,0,0.9763925553090408
-1.4982792369057925,0,0.9763925553090408
-2.979911225926454,0,0.9763925553090408
-4.618232043295532,0,0.9763925553090408
-6.386855451759909,0,0.9763925553090408
-8.269449091560325,0,0.9763925553090408
-10.212187300133804,0,0.9763925553090408
-12.090677322127648,0,0.9763925553090408
-13.768112308643715,0,0.9763925553090408
-15.140808467592722,0,0.9763925553090408
-16.141980201677022,0,0.9763925553090408
-16.763781106638522,0,0.9763925553090408
-17.016229265918536,0,0.9763925553090408
-16.86322779291369,0,0.9763925553090408
-16.275214623196028,0,0.9763925553090408
-15.280720574616291,0,0.9763925553090408
-13.929724750830758,0,0.9763925553090408
-12.284520836250424,0,0.9763925553090408
-10.429437988917483,0,0.9763925553090408
-8.440454235465133,0,0.9763925553090408
-6.384612384244575,0,0.9763925553090408
-4.331108948677708,0,0.9763925553090408
-2.345891507028363,0,0.9763925553090408
-0.5093144317518011,0,0.9763925553090408
1.1142064063138328,0,0.9763925553090408
2.5059086809604585,0,0.9763925553090408
3.638951802888388,0,0.9763925553090408
4.485404685908342,0,0.9763925553090408
5.053745910921028,0,0.9763925553090408
5.352796615417168,0,0.9763925553090408
5.396166507716916,0,0.9763925553090408
5.243738363709856,0,0.9763925553090408
4.971960652173036,0,0.9763925553090408
4.61384972554658,0,0.9763925553090408
4.184844703512325,0,0.9763925553090408
3.732861497723342,0,0.9763925553090408
3.3120723517647783,0,0.9763925553090408
2.9735127729734523,0,0.9763925553090408
2.777228660627066,0,0.9763925553090408
2.730594028602847,0,0.9763925553090408
2.775794789156439,0,0.9763925553090408
2.877723965586754,0,0.9763925553090408
3.0454751146782373,0,0.9763925553090408
3.3042696978461916,0,0.9763925553090408
3.6666982928648677,0,0.9763925553090408
4.099817225761864,0,0.9763925553090408
4.557033152480481,0,0.9763925553090408
5.023577936883325,0,0.9763925553090408
5.507952034750922,0,0.9763925553090408
6.017586307147221,0,0.9763925553090408
6.534431529543073,0,0.9763925553090408
6.997680350897944,0,0.9763925553090408
7.350817826775274,0,0.9763925553090408
7.603284787801283,0,0.9763925553090408
7.777889217616339,0,0.9763925553090408
7.850473526408921,0,0.9763925553090408
7.809451059759018,1,0.9760775022279449
7.700268528953843,0,0.9760775022279449
7.568360704955174,0,0.9760775022279449
7.40476520357067,0,0.9760775022279449
7.16939188745968,0,0.9760775022279449
6.827541603068601,0,0.9760775022279449
6.381125266094238,0,0.9760775022279449
5.8835309020625814,0,0.9760775022279449
5.3918338740985865,0,0.9760775022279449
4.939331183013971,0,0.9760775022279449
4.528535038220029,0,0.9760775022279449
4.104743219834627,0,0.9760775022279449
3.5802569524129373,0,0.9760775022279449
2.921482702992445,0,0.9760775022279449
2.166502211756331,0,0.9760775022279449
1.3106909166584717,0,0.9760775022279449
0.28303144590156937,0,0.9760775022279449
-0.960807640932205,0,0.9760775022279449
-2.4146541677481457,0,0.9760775022279449
-4.0418467217044745,0,0.9760775022279449
-5.792156054219551,0,0.9760775022279449
-7.611540558369801,0,0.9760775022279449
-9.45323464370657,0,0.9760775022279449
-11.273995628325354,0,0.9760775022279449
-13.02272269708926,0,0.9760775022279449
-14.622001235457706,0,0.9760775022279449
-15.938342081201718,0,0.9760775022279449
-16.85208783069449,0,0.9760775022279449
-17.320449559376776,0,0.9760775022279449
-17.324607114004547,0,0.9760775022279449
-16.856866826819843,0,0.9760775022279449
-15.936945357527835,0,0.9760775022279449
-14.588502645131916,0,0.9760775022279449
-12.87559813799325,0,0.9760775022279449
-10.920154218679105,0,0.9760775022279449
-8.816062505326745,0,0.9760775022279449
-6.622749758775716,0,0.9760775022279449
-4.4336803117277155,0,0.9760775022279449
-2.35394306690808,0,0.9760775022279449
-0.4376556687715112,0,0.9760775022279449
1.2838229237279473,0,0.9760775022279449
2.740092100927195,0,0.9760775022279449
3.8553922753633794,0,0.9760775022279449
4.634247485291349,0,0.9760775022279449
5.166737756450222,0,0.9760775022279449
5.51839445107599,0,0.9760775022279449
5.673794220900431,0,0.9760775022279449
5.61019080720986,0,0.9760775022279449
5.377924267899099,0,0.9760775022279449
5.067780693454297,0,0.9760775022279449
4.699480785315409,0,0.9760775022279449
4.277090902342391,0,0.9760775022279449
3.8721543994999745,0,0.9760775022279449
3.541237385680646,0,0.9760775022279449
3.3086031010614363,0,0.9760775022279449
3.1939606705381975,0,0.9760775022279449
3.190550954329309,0,0.9760775022279449
3.285934657444663,0,0.9760775022279449
3.4766278563388107,0,0.9760775022279449
3.7389778862710292,0,0.9760775022279449
4.0563893006907845,0,0.9760775022279449
4.449209018448674,0,0.9760775022279449
4.911711680075704,0,0.9760775022279449
5.400483069797853,0,0.9760775022279449
5.890733968209056,0,0.9760775022279449
6.3682407198917135,0,0.9760775022279449
6.79536610011858,0,0.9760775022279449
7.136284620979473,0,0.9760775022279449
7.394510920582351,0,0.9760775022279449
7.573728951472458,0,0.9760775022279449
7.661593407430993,0,0.9760775022279449
7.678261940710166,0,0.9760775022279449
7.657239572047049,1,0.9757226507031884
7.596182775050194,0,0.9757226507031884
7.4854142091179465,0,0.9757226507031884
7.340838487951144,0,0.9757226507031884
7.163618451499175,0,0.9757226507031884
6.929703277677409,0,0.9757226507031884
6.649052439298649,0,0.9757226507031884
6.370320286344353,0,0.9757226507031884
6.110116284704948,0,0.9757226507031884
5.83802203347166,0,0.9757226507031884
5.539993900021199,0,0.9757226507031884
5.219617183130384,0,0.9757226507031884
4.861881376313874,0,0.9757226507031884
4.4560066687977935,0,0.9757226507031884
4.007998648647147,0,0.9757226507031884
3.521920701486307,0,0.9757226507031884
3.0013305074000547,0,0.9757226507031884
2.4658791864024843,0,0.9757226507031884
1.959981481608505,0,0.9757226507031884
1.5315559494446565,0,0.9757226507031884
1.1658345294636077,0,0.9757226507031884
0.7985822310122738,0,0.9757226507031884
0.408723923204559,0,0.9757226507031884
-0.024445352373517762,0,0.9757226507031884
-0.5547080529225021,0,0.9757226507031884
-1.2090712886801238,0,0.9757226507031884
-2.0242718817827683,0,0.9757226507031884
-3.0315901169677573,0,0.9757226507031884
-4.21018779876885,0,0.9757226507031884
-5.52495535795813,0,0.9757226507031884
-6.931999598464275,0,0.9757226507031884
-8.40985456406747,0,0.9757226507031884
-9.973411962963604,0,0.9757226507031884
-11.61702754127732,0,0.9757226507031884
-13.290398560679249,0,0.9757226507031884
-14.912344588732905,0,0.9757226507031884
-16.39052101546656,0,0.9757226507031884
-17.61290123718254,0,0.9757226507031884
-18.46079003887208,0,0.9757226507031884
-18.873754123246858,0,0.9757226507031884
-18.84517159419065,0,0.9757226507031884
-18.368167807289844,0,0.9757226507031884
-17.443413686632596,0,0.9757226507031884
-16.104963015641143,0,0.9757226507031884
-14.406676224724627,0,0.9757226507031884
-12.410618476381767,0,0.9757226507031884
-10.201380073511986,0,0.9757226507031884
-7.903535607468745,0,0.9757226507031884
-5.645511629349177,0,0.9757226507031884
-3.4809025152096895,0,0.9757226507031884
-1.4449462061943197,0,0.9757226507031884
0.3610875855144463,0,0.9757226507031884
1.8591909170735472,0,0.9757226507031884
3.0538005553184315,0,0.9757226507031884
3.9721879038188135,0,0.9757226507031884
4.6328187391697915,0,0.9757226507031884
5.037672138085824,0,0.9757226507031884
5.1806144926850815,0,0.9757226507031884
5.092896642736249,0,0.9757226507031884
4.8329684345927735,0,0.9757226507031884
4.4646748628164765,0,0.9757226507031884
4.0702478408424545,0,0.9757226507031884
3.722589413821084,0,0.9757226507031884
3.452140195993903,0,0.9757226507031884
3.253263519423888,0,0.9757226507031884
3.1210945261096463,0,0.9757226507031884
3.0706542689486245,0,0.9757226507031884
3.1110771201861036,0,0.9757226507031884
3.2170172950901113,0,0.9757226507031884
3.3683372048750013,0,0.9757226507031884
3.587365919286882,0,0.9757226507031884
3.8761787047768004,0,0.9757226507031884
4.211555062545706,0,0.9757226507031884
4.586448722983803,0,0.9757226507031884
4.979129616308247,0,0.9757226507031884
5.371757029174672,0,0.9757226507031884
5.76646467518801,0,0.9757226507031884
6.14027949563239,0,0.9757226507031884
6.464076990708302,0,0.9757226507031884
6.732821698743759,0,0.9757226507031884
6.949820152853711,0,0.9757226507031884
7.110012962785431,0,0.9757226507031884
7.2093365311805355,0,0.9757226507031884
7.262210807014846,0,0.9757226507031884
7.2664296191295605,0,0.9757226507031884
7.1987445958148735,1,0.9756999727235848
7.077034345432596,0,0.9756999727235848
6.930437982863177,0,0.9756999727235848
6.7382799942641665,0,0.9756999727235848
6.492350497639948,0,0.9756999727235848
6.228072406963293,0,0.9756999727235848
5.959202582152893,0,0.9756999727235848
5.675405557613524,0,0.9756999727235848
5.368112559176207,0,0.9756999727235848
5.037685073507179,0,0.9756999727235848
4.704039610737073,0,0.9756999727235848
4.377746408428199,0,0.9756999727235848
4.056698041524665,0,0.9756999727235848
3.739603673690603,0,0.9756999727235848
3.3841986737748706,0,0.9756999727235848
2.9160926609865347,0,0.9756999727235848
2.3124768434542275,0,0.9756999727235848
1.6142711871325701,0,0.9756999727235848
0.8489055633742342,0,0.9756999727235848
0.007094356738780103,0,0.9756999727235848
-0.922197825293947,0,0.9756999727235848
-1.951984160855191,0,0.9756999727235848
-3.1039401944967957,0,0.9756999727235848
-4.399555908808406,0,0.9756999727235848
-5.857419890374683,0,0.9756999727235848
-7.488887513090755,0,0.9756999727235848
-9.274251946902764,0,0.9756999727235848
-11.124928854139437,0,0.9756999727235848
-12.912417047823947,0,0.9756999727235848
-14.530137140366888,0,0.9756999727235848
-15.881966439021166,0,0.9756999727235848
-16.879271677809342,0,0.9756999727235848
-17.46683254154726,0,0.9756999727235848
-17.602034687338644,0,0.9756999727235848
-17.24732289330149,0,0.9756999727235848
-16.41281794915421,0,0.9756999727235848
-15.178367979751188,0,0.9756999727235848
-13.641924482610122,0,0.9756999727235848
-11.863076829639365,0,0.9756999727235848
-9.886841408327383,0,0.9756999727235848
-7.774826452913192,0,0.9756999727235848
-5.631363655662604,0,0.9756999727235848
-3.595135424979724,0,0.9756999727235848
-1.7537972168007403,0,0.9756999727235848
-0.1291922640540501,0,0.9756999727235848
1.2834118299016049,0,0.9756999727235848
2.491739388354225,0,0.9756999727235848
3.4828526005374787,0,0.9756999727235848
4.240644938126715,0,0.9756999727235848
4.7680089998486315,0,0.9756999727235848
5.082977739196766,0,0.9756999727235848
5.199835991614864,0,0.9756999727235848
5.136710961786413,0,0.9756999727235848
4.954421560047342,0,0.9756999727235848
4.721813838218605,0,0.9756999727235848
4.470496187771022,0,0.9756999727235848
4.232666605684007,0,0.9756999727235848
4.041377837109667,0,0.9756999727235848
3.891621649054473,0,0.9756999727235848
3.7688419077287083,0,0.9756999727235848
3.684170466951819,0,0.9756999727235848
3.674296200546521,0,0.9756999727235848
3.7863945092128377,0,0.9756999727235848
4.040510631808272,0,0.9756999727235848
4.413093069731708,0,0.9756999727235848
4.863734032550529,0,0.9756999727235848
5.354134162274998,0,0.9756999727235848
5.836200530542576,0,0.9756999727235848
6.258542723332004,0,0.9756999727235848
6.598548867980803,0,0.9756999727235848
6.865532720882341,0,0.9756999727235848
7.064238832285465,0,0.9756999727235848
7.204148295710877,0,0.9756999727235848
7.3218675218558165,0,0.9756999727235848
7.418527196454296,0,0.9756999727235848
7.454359328810241,0,0.9756999727235848
7.414910773196621,1,0.9755364654070727
7.312254923835703,0,0.9755364654070727
7.182905307681589,0,0.9755364654070727
7.064796572583738,0,0.9755364654070727
6.919197671436048,0,0.9755364654070727
6.675433422985899,0,0.9755364654070727
6.354865995524939,0,0.9755364654070727
6.047290937606289,0,0.9755364654070727
5.781391419411502,0,0.9755364654070727
5.504519863773973,0,0.9755364654070727
5.176893610812864,0,0.9755364654070727
4.763281211237886,0,0.9755364654070727
4.202611358870088,0,0.9755364654070727
3.4977952995914623,0,0.9755364654070727
2.710240217683809,0,0.9755364654070727
1.8611484622203904,0,0.9755364654070727
0.9072832528349898,0,0.9755364654070727
-0.22743760564417295,0,0.9755364654070727
-1.5766774276826716,0,0.9755364654070727
-3.110226642445536,0,0.9755364654070727
-4.7806399209345924,0,0.9755364654070727
-6.555775053423057,0,0.9755364654070727
-8.415993124538725,0,0.9755364654070727
-10.293228492475071,0,0.9755364654070727
-12.07938030108963,0,0.9755364654070727
-13.697784377724236,0,0.9755364654070727
-15.105715407546024,0,0.9755364654070727
-16.24932450407099,0,0.9755364654070727
-17.040255227719562,0,0.9755364654070727
-17.40421458186249,0,0.9755364654070727
-17.308782565015957,0,0.9755364654070727
-16.76189081147405,0,0.9755364654070727
-15.802941352167112,0,0.9755364654070727
-14.459344309817714,0,0.9755364654070727
-12.78491225205417,0,0.9755364654070727
-10.87141535238124,0,0.9755364654070727
-8.79625332969859,0,0.9755364654070727
-6.639093806944246,0,0.9755364654070727
-4.476838721321472,0,0.9755364654070727
-2.381411596784241,0,0.9755364654070727
-0.42903635677732155,0,0.9755364654070727
1.3152203085898557,0,0.9755364654070727
2.7789939945786637,0,0.9755364654070727
3.9240932969297457,0,0.9755364654070727
4.765392826278048,0,0.9755364654070727
5.301827431145546,0,0.9755364654070727
5.539632995553918,0,0.9755364654070727
5.534026129260189,0,0.9755364654070727
5.359403697773594,0,0.9755364654070727
5.078973920182202,0,0.9755364654070727
4.7382537050552145,0,0.9755364654070727
4.380776319933961,0,0.9755364654070727
4.05094802828944,0,0.9755364654070727
3.778854432704609,0,0.9755364654070727
3.5850193367762393,0,0.9755364654070727
3.4820115118394304,0,0.9755364654070727
3.4568947226537734,0,0.9755364654070727
3.4926958847284904,0,0.9755364654070727
3.5884479364711206,0,0.9755364654070727
3.734573855556444,0,0.9755364654070727
3.9298055299463948,0,0.9755364654070727
4.1989442889216475,0,0.9755364654070727
4.536966060343853,0,0.9755364654070727
4.904582772844708,0,0.9755364654070727
5.278562906404237,0,0.9755364654070727
5.642410569394029,0,0.9755364654070727
5.973744953773768,0,0.9755364654070727
6.258512521852019,0,0.9755364654070727
6.504203087418294,0,0.9755364654070727
6.728487812690255,0,0.9755364654070727
6.913722260483416,0,0.9755364654070727
7.0398258967336576,0,0.9755364654070727
7.137822788740894,0,0.9755364654070727
7.221053604384656,0,0.9755364654070727
7.2520308401019955,0,0.9755364654070727
7.211360579561911,1,0.9753147330867185
7.123898418554021,0,0.9753147330867185
7.013531191330175,0,0.9753147330867185
6.864268061454633,0,0.9753147330867185
6.637646014473526,0,0.9753147330867185
6.3187103841008385,0,0.9753147330867185
5.955694344713187,0,0.9753147330867185
5.609365003103215,0,0.9753147330867185
5.269854160853125,0,0.9753147330867185
4.906163669764372,0,0.9753147330867185
4.529300106894951,0,0.9753147330867185
4.144422053612704,0,0.9753147330867185
3.7252733518639727,0,0.9753147330867185
3.280224402314943,0,0.9753147330867185
2.8682866462272503,0,0.9753147330867185
2.5183571149642185,0,0.9753147330867185
2.2032149618417978,0,0.9753147330867185
1.8977408449120727,0,0.9753147330867185
1.582968496109778,0,0.9753147330867185
1.214749674855104,0,0.9753147330867185
0.7354312894987418,0,0.9753147330867185
0.08850973238288067,0,0.9753147330867185
-0.7479015764965744,0,0.9753147330867185
-1.7443744612414647,0,0.9753147330867185
-2.889915209682807,0,0.9753147330867185
-4.209799745291157,0,0.9753147330867185
-5.692406476090417,0,0.9753147330867185
-7.325537800780212,0,0.9753147330867185
-9.122922573065186,0,0.9753147330867185
-11.024941009024888,0,0.9753147330867185
-12.91325065177545,0,0.9753147330867185
-14.684788462011678,0,0.9753147330867185
-16.23946614724756,0,0.9753147330867185
-17.47758415880001,0,0.9753147330867185
-18.331880389475064,0,0.9753147330867185
-18.750555744342034,0,0.9753147330867185
-18.678540214033934,0,0.9753147330867185
-18.120048473021175,0,0.9753147330867185
-17.140308536181298,0,0.9753147330867185
-15.784512958236403,0,0.9753147330867185
-14.070383237666055,0,0.9753147330867185
-12.047644568588336,0,0.9753147330867185
-9.83013837254121,0,0.9753147330867185
-7.580110940339781,0,0.9753147330867185
-5.449766030354835,0,0.9753147330867185
-3.5000117417501486,0,0.9753147330867185
-1.7351783802267817,0,0.9753147330867185
-0.18676397876053685,0,0.9753147330867185
1.1254849466430592,0,0.9753147330867185
2.2059640064409223,0,0.9753147330867185
3.0448801128968497,0,0.9753147330867185
3.646715504301948,0,0.9753147330867185
4.044396459862343,0,0.9753147330867185
4.268664717077398,0,0.9753147330867185
4.351558886136022,0,0.9753147330867185
4.340033108169431,0,0.9753147330867185
4.273526938837044,0,0.9753147330867185
4.1732413677132385,0,0.9753147330867185
4.05423900020611,0,0.9753147330867185
3.948953411604509,0,0.9753147330867185
3.898117710117709,0,0.9753147330867185
3.911800755411997,0,0.9753147330867185
3.9832771815978902,0,0.9753147330867185
4.111249092068153,0,0.9753147330867185
4.283934951305929,0,0.9753147330867185
4.478609001277625,0,0.9753147330867185
4.69559043989492,0,0.9753147330867185
4.954518510180071,0,0.9753147330867185
5.242815783990823,0,0.9753147330867185
5.527396340741035,0,0.9753147330867185
5.818511461124326,0,0.9753147330867185
6.144111737600998,0,0.9753147330867185
6.494282889803718,0,0.9753147330867185
6.8456565723872975,0,0.9753147330867185
7.169629692218463,0,0.9753147330867185
7.4138370357575,0,0.9753147330867185
7.524885203559105,0,0.9753147330867185
7.494806039591744,1,0.9752294188286287
7.361351302196451,0,0.9752294188286287
7.161322946062159,0,0.9752294188286287
6.928011394882846,0,0.9752294188286287
6.6875168335376545,0,0.9752294188286287
6.425702687596347,0,0.9752294188286287
6.1222237688218355,0,0.9752294188286287
5.7888623420579695,0,0.9752294188286287
5.443151284969299,0,0.9752294188286287
5.118040076182915,0,0.9752294188286287
4.853010426041408,0,0.9752294188286287
4.626031076843936,0,0.9752294188286287
4.393486698915197,0,0.9752294188286287
4.151010673327372,0,0.9752294188286287
3.899163870786463,0,0.9752294188286287
3.640593954711229,0,0.9752294188286287
3.366416712916802,0,0.9752294188286287
3.010261263383713,0,0.9752294188286287
2.5018976299582807,0,0.9752294188286287
1.8391392832098603,0,0.9752294188286287
1.0521044253668526,0,0.9752294188286287
0.12429022804711179,0,0.9752294188286287
-0.9891488663338794,0,0.9752294188286287
-2.266007393525922,0,0.9752294188286287
-3.6427403036480452,0,0.9752294188286287
-5.102299801087706,0,0.9752294188286287
-6.659814700165446,0,0.9752294188286287
-8.320236929533099,0,0.9752294188286287
-10.043703888198515,0,0.9752294188286287
-11.738233713011418,0,0.9752294188286287
-13.310416964940593,0,0.9752294188286287
-14.687961722523438,0,0.9752294188286287
-15.790048913672983,0,0.9752294188286287
-16.555438539216535,0,0.9752294188286287
-16.958055990889246,0,0.9752294188286287
-16.92729709349486,0,0.9752294188286287
-16.385745440640818,0,0.9752294188286287
-15.351180775352915,0,0.9752294188286287
-13.910183081510443,0,0.9752294188286287
-12.149077933404667,0,0.9752294188286287
-10.143343574008869,0,0.9752294188286287
-8.001463052317137,0,0.9752294188286287
-5.862122889854441,0,0.9752294188286287
-3.839404735184521,0,0.9752294188286287
-1.9938117983476442,0,0.9752294188286287
-0.3431059726714002,0,0.9752294188286287
1.0974481203957238,0,0.9752294188286287
2.309986954199597,0,0.9752294188286287
3.294776304371974,0,0.9752294188286287
4.043374114897001,0,0.9752294188286287
4.530770077040886,0,0.9752294188286287
4.762507372381789,0,0.9752294188286287
4.777786119555927,0,0.9752294188286287
4.622117483564221,0,0.9752294188286287
4.347669674374097,0,0.9752294188286287
4.00881459208195,0,0.9752294188286287
3.6640385786592486,0,0.9752294188286287
3.3751131237567007,0,0.9752294188286287
3.1914572330166173,0,0.9752294188286287
3.1403745942830152,0,0.9752294188286287
3.2079920749566915,0,0.9752294188286287
3.356151673224677,0,0.9752294188286287
3.5560074709353966,0,0.9752294188286287
3.780394934494701,0,0.9752294188286287
4.019065156391487,0,0.9752294188286287
4.304221772526281,0,0.9752294188286287
4.659093980245928,0,0.9752294188286287
5.044641472997568,0,0.9752294188286287
5.425718931200272,0,0.9752294188286287
5.8233917586596275,0,0.9752294188286287
6.243898456880846,0,0.9752294188286287
6.64602323759514,0,0.9752294188286287
6.992729091008853,0,0.9752294188286287
7.264694310614203,0,0.9752294188286287
7.435600422957327,0,0.9752294188286287
7.50464056847085,0,0.9752294188286287
7.5198874741232045,0,0.9752294188286287
7.5147117535081,1,0.97514009247884
7.471600524346757,0,0.97514009247884
7.349364308394532,0,0.97514009247884
7.14541712813885,0,0.97514009247884
6.912658017006834,0,0.97514009247884
6.670696815230093,0,0.97514009247884
6.398106917778757,0,0.97514009247884
6.111315671726531,0,0.97514009247884
5.832459338726475,0,0.97514009247884
5.530252291399037,0,0.97514009247884
5.170023851199394,0,0.97514009247884
4.7639803244146846,0,0.97514009247884
4.340428294170797,0,0.97514009247884
3.9102793780807774,0,0.97514009247884
3.4692627768657154,0,0.97514009247884
3.010590513164796,0,0.97514009247884
2.509232522094456,0,0.97514009247884
1.9164842865730625,0,0.97514009247884
1.1984463314319576,0,0.97514009247884
0.31084913407512804,0,0.97514009247884
-0.8091468627817769,0,0.97514009247884
-2.163950572157289,0,0.97514009247884
-3.7171546692088033,0,0.97514009247884
-5.45946284302425,0,0.97514009247884
-7.365307780060677,0,0.97514009247884
-9.33478074470653,0,0.97514009247884
-11.23428095958799,0,0.97514009247884
-12.97692270760296,0,0.97514009247884
-14.513664799279484,0,0.97514009247884
-15.800620596251724,0,0.97514009247884
-16.790102833966486,0,0.97514009247884
-17.407118072350798,0,0.97514009247884
-17.580214291546195,0,0.97514009247884
-17.28161817086631,0,0.97514009247884
-16.52321575429628,0,0.97514009247884
-15.34360161613889,0,0.97514009247884
-13.802859470238543,0,0.97514009247884
-11.99439961780606,0,0.97514009247884
-10.03142164916623,0,0.97514009247884
-7.997266054023452,0,0.97514009247884
-5.931991737291191,0,0.97514009247884
-3.8795546821210927,0,0.97514009247884
-1.9055203229778006,0,0.97514009247884
-0.06917257705256322,0,0.97514009247884
1.5704540533787015,0,0.97514009247884
2.9402773810835963,0,0.97514009247884
4.006195089764958,0,0.97514009247884
4.800033689775267,0,0.97514009247884
5.344449459808855,0,0.97514009247884
5.633935600146946,0,0.97514009247884
5.709363252368041,0,0.97514009247884
5.65824069239354,0,0.97514009247884
5.510516168762002,0,0.97514009247884
5.21972416489715,0,0.97514009247884
4.79525142544848,0,0.97514009247884
4.341526576124684,0,0.97514009247884
3.935884698588828,0,0.97514009247884
3.5869483090070022,0,0.97514009247884
3.3061049618598903,0,0.97514009247884
3.1218360664177585,0,0.97514009247884
3.069649562268753,0,0.97514009247884
3.1804080229993574,0,0.97514009247884
3.4198345460204345,0,0.97514009247884
3.730834730164,0,0.97514009247884
4.100016552068994,0,0.97514009247884
4.5170576848369555,0,0.97514009247884
4.97658141795071,0,0.97514009247884
5.480598853978565,0,0.97514009247884
6.011113870628687,0,0.97514009247884
6.526809763300369,0,0.97514009247884
6.959399008790174,0,0.97514009247884
7.276803221685591,0,0.97514009247884
7.5209457247614555,0,0.97514009247884
7.708548121806047,0,0.97514009247884
7.803262738072064,0,0.97514009247884
7.810149498389253,0,0.97514009247884
7.763487053573838,1,0.9751972158224061
7.652451242757675,0,0.9751972158224061
7.439039628137262,0,0.9751972158224061
7.1385304585980265,0,0.9751972158224061
6.821296539270358,0,0.9751972158224061
6.515593847340106,0,0.9751972158224061
6.201435170804061,0,0.9751972158224061
5.866818694089785,0,0.9751972158224061
5.523466923207956,0,0.9751972158224061
5.1839136539149315,0,0.9751972158224061
4.8207955764656125,0,0.9751972158224061
4.411326710939389,0,0.9751972158224061
3.974968814013693,0,0.9751972158224061
3.515786478713824,0,0.9751972158224061
3.0307230682976924,0,0.9751972158224061
2.554880083782779,0,0.9751972158224061
2.1060932204309797,0,0.9751972158224061
1.6488907799129053,0,0.9751972158224061
1.1422917186695343,0,0.9751972158224061
0.5440288772648567,0,0.9751972158224061
-0.19857008477298152,0,0.9751972158224061
-1.122615097043178,0,0.9751972158224061
-2.2455398321318634,0,0.9751972158224061
-3.5337442703457347,0,0.9751972158224061
-4.919558190075231,0,0.9751972158224061
-6.404231547640279,0,0.9751972158224061
-8.017522162954528,0,0.9751972158224061
-9.715028660657241,0,0.9751972158224061
-11.437431218654899,0,0.9751972158224061
-13.154173784387053,0,0.9751972158224061
-14.792832571721442,0,0.9751972158224061
-16.238834428216414,0,0.9751972158224061
-17.38977449166239,0,0.9751972158224061
-18.16388317559137,0,0.9751972158224061
-18.500355702491717,0,0.9751972158224061
-18.35763053757403,0,0.9751972158224061
-17.744494715020558,0,0.9751972158224061
-16.732228955230493,0,0.9751972158224061
-15.378979168753395,0,0.9751972158224061
-13.712493071205119,0,0.9751972158224061
-11.782096072645851,0,0.9751972158224061
-9.670467377894623,0,0.9751972158224061
-7.47257859628812,0,0.9751972158224061
-5.262922469465525,0,0.9751972158224061
-3.1132149197161834,0,0.9751972158224061
-1.135491377251214,0,0.9751972158224061
0.5754470082262989,0,0.9751972158224061
2.0013944507608694,0,0.9751972158224061
3.1585241641255086,0,0.9751972158224061
4.053436750220059,0,0.9751972158224061
4.694197011043585,0,0.9751972158224061
5.107811599656808,0,0.9751972158224061
5.311332246968834,0,0.9751972158224061
5.31844936532112,0,0.9751972158224061
5.176040039516457,0,0.9751972158224061
4.939042886671109,0,0.9751972158224061
4.677226957845161,0,0.9751972158224061
4.4490778063595995,0,0.9751972158224061
4.24230739780705,0,0.9751972158224061
4.066399955249041,0,0.9751972158224061
3.976294583725889,0,0.9751972158224061
3.9736721423590615,0,0.9751972158224061
4.0430031028246365,0,0.9751972158224061
4.185005632261503,0,0.9751972158224061
4.370559745518231,0,0.9751972158224061
4.5692256700716305,0,0.9751972158224061
4.79348751983149,0,0.9751972158224061
5.0565197985246755,0,0.9751972158224061
5.331034669249457,0,0.9751972158224061
5.587191700616015,0,0.9751972158224061
5.840650714347189,0,0.9751972158224061
6.116896197558579,0,0.9751972158224061
6.368949085047403,0,0.9751972158224061
6.525742158149744,0,0.9751972158224061
6.592658559780641,0,0.9751972158224061
6.638160854985059,0,0.9751972158224061
6.717885382510184,0,0.9751972158224061
6.803102671396114,0,0.9751972158224061
6.831833149751012,0,0.9751972158224061
6.803872989913587,1,0.9754401666669885
6.729706129384707,0,0.9754401666669885
6.578779988625706,0,0.9754401666669885
6.348406576847125,0,0.9754401666669885
6.08307243696654,0,0.9754401666669885
5.80556030840914,0,0.9754401666669885
5.5007891175014505,0,0.9754401666669885
5.15922329144831,0,0.9754401666669885
4.799595478023919,0,0.9754401666669885
4.451588409863275,0,0.9754401666669885
4.131327170150022,0,0.9754401666669885
3.8332249634388447,0,0.9754401666669885
3.5376367647918774,0,0.9754401666669885
3.2300430855637665,0,0.9754401666669885
2.9199481930759608,0,0.9754401666669885
2.6548620737667314,0,0.9754401666669885
2.481079350528699,0,0.9754401666669885
2.3691823934494343,0,0.9754401666669885
2.2664889324147866,0,0.9754401666669885
2.1613197610999784,0,0.9754401666669885
2.041928033637491,0,0.9754401666669885
1.9085806918594372,0,0.9754401666669885
1.7604930319690042,0,0.9754401666669885
1.5619354502225096,0,0.9754401666669885
1.2963141493366126,0,0.9754401666669885
0.9576427737013122,0,0.9754401666669885
0.5213301866426296,0,0.9754401666669885
-0.02641814209127223,0,0.9754401666669885
-0.6960816379265073,0,0.9754401666669885
-1.4952285321078584,0,0.9754401666669885
-2.4247058850102357,0,0.9754401666669885
-3.5088869287485767,0,0.9754401666669885
-4.77655361102239,0,0.9754401666669885
-6.230144098744208,0,0.9754401666669885
-7.851493771990927,0,0.9754401666669885
-9.588247516735006,0,0.9754401666669885
-11.36638022068571,0,0.9754401666669885
-13.105323789091168,0,0.9754401666669885
-14.71051513313461,0,0.9754401666669885
-16.095108031270335,0,0.9754401666669885
-17.178231917881725,0,0.9754401666669885
-17.89788454248435,0,0.9754401666669885
-18.204915241395327,0,0.9754401666669885
-18.025061023410593,0,0.9754401666669885
-17.325461819892805,0,0.9754401666669885
-16.177331437775987,0,0.9754401666669885
-14.695419857870808,0,0.9754401666669885
-12.95816316547241,0,0.9754401666669885
-11.025732381526419,0,0.9754401666669885
-8.996265722670815,0,0.9754401666669885
-6.977429498518979,0,0.9754401666669885
-5.011830891176493,0,0.9754401666669885
-3.111925918542071,0,0.9754401666669885
-1.3608344601399496,0,0.9754401666669885
0.1464403016163884,0,0.9754401666669885
1.4072398783518745,0,0.9754401666669885
2.4530648353604354,0,0.9754401666669885
3.261258735125932,0,0.9754401666669885
3.786412846009605,0,0.9754401666669885
4.032582810816427,0,0.9754401666669885
4.049413182570017,0,0.9754401666669885
3.90084370726189,0,0.9754401666669885
3.662033731106975,0,0.9754401666669885
3.3982435034404226,0,0.9754401666669885
3.1402328343049035,0,0.9754401666669885
2.9003412122860133,0,0.9754401666669885
2.7068123171174494,0,0.9754401666669885
2.569275805063473,0,0.9754401666669885
2.4512609950981945,0,0.9754401666669885
2.373127518685438,0,0.9754401666669885
2.416868224532568,0,0.9754401666669885
2.6022849525805767,0,0.9754401666669885
2.8951324976691377,0,0.9754401666669885
3.2808061663948354,0,0.9754401666669885
3.7470836032777406,0,0.9754401666669885
4.255244412622443,0,0.9754401666669885
4.782343400281794,0,0.9754401666669885
5.3217454804773014,0,0.9754401666669885
5.834821129569574,0,0.9754401666669885
6.283626320004671,0,0.9754401666669885
6.6775753125088775,0,0.9754401666669885
7.043609245880662,0,0.9754401666669885
7.383966608821146,0,0.9754401666669885
7.684200653621974,0,0.9754401666669885
7.924726539916876,0,0.9754401666669885
8.09886553726907,0,0.9754401666669885
8.219996413872853,0,0.9754401666669885
8.28311293650745,0,0.9754401666669885
8.290116041533885,0,0.9754401666669885
8.257502772319054,1,0.975500511082343
8.155957195719875,0,0.975500511082343
7.944618779202356,0,0.975500511082343
7.630645635031154,0,0.975500511082343
7.241495460737408,0,0.975500511082343
6.796605694457441,0,0.975500511082343
6.3213406220590675,0,0.975500511082343
5.855116102192394,0,0.975500511082343
5.439660591288226,0,0.975500511082343
5.09623573690252,0,0.975500511082343
4.806086706842994,0,0.975500511082343
4.527788380424756,0,0.975500511082343
4.2403106754498765,0,0.975500511082343
3.9479971028813683,0,0.975500511082343
3.6358040343196483,0,0.975500511082343
3.2543646462030775,0,0.975500511082343
2.7920439566675674,0,0.975500511082343
2.3187454332938295,0,0.975500511082343
1.9167843630205432,0,0.975500511082343
1.617183895487676,0,0.975500511082343
1.406412059647595,0,0.975500511082343
1.253918585425869,0,0.975500511082343
1.116020355781545,0,0.975500511082343
0.9300246681822963,0,0.975500511082343
0.6382655872515639,0,0.975500511082343
0.213383066274874,0,0.975500511082343
-0.3336432882799469,0,0.975500511082343
-0.9708941936113714,0,0.975500511082343
-1.7109936823766667,0,0.975500511082343
-2.6315495287974597,0,0.975500511082343
-3.7918017830629323,0,0.975500511082343
-5.173017859608241,0,0.975500511082343
-6.713189874919234,0,0.975500511082343
-8.378370235958442,0,0.975500511082343
-10.175616419525202,0,0.975500511082343
-12.066605050050079,0,0.975500511082343
-13.928141735482559,0,0.975500511082343
-15.63428510021458,0,0.975500511082343
-17.093898425896334,0,0.975500511082343
-18.22577379145057,0,0.975500511082343
-18.978110965567364,0,0.975500511082343
-19.309023468732484,0,0.975500511082343
-19.151887182158372,0,0.975500511082343
-18.46097138013846,0,0.975500511082343
-17.261175421754896,0,0.975500511082343
-15.646999810667136,0,0.975500511082343
-13.728931943163866,0,0.975500511082343
-11.583614731242227,0,0.975500511082343
-9.281126544954578,0,0.975500511082343
-6.940899606308117,0,0.975500511082343
-4.70428799174215,0,0.975500511082343
-2.6613396427083256,0,0.975500511082343
-0.845586781497629,0,0.975500511082343
0.7309584048088381,0,0.975500511082343
2.0533163862501453,0,0.975500511082343
3.10961789558938,0,0.975500511082343
3.908188673343868,0,0.975500511082343
4.458698066751973,0,0.975500511082343
4.76835166629292,0,0.975500511082343
4.857605612221064,0,0.975500511082343
4.766167766670599,0,0.975500511082343
4.547342345495403,0,0.975500511082343
4.25586583137631,0,0.975500511082343
3.954143823933016,0,0.975500511082343
3.6808417131670783,0,0.975500511082343
3.441629204271689,0,0.975500511082343
3.2565349596545534,0,0.975500511082343
3.1519854476369153,0,0.975500511082343
3.138732006667002,0,0.975500511082343
3.237275724776408,0,0.975500511082343
3.4829373804182375,0,0.975500511082343
3.8667637461433353,0,0.975500511082343
4.3375015366110485,0,0.975500511082343
4.862540440494675,0,0.975500511082343
5.414059780163441,0,0.975500511082343
5.957226652463886,0,0.975500511082343
6.461355576544546,0,0.975500511082343
6.889427920626946,0,0.975500511082343
7.225486776525704,0,0.975500511082343
7.506071169300745,0,0.975500511082343
7.7660675121434934,0,0.975500511082343
7.98828368226736,0,0.975500511082343
8.145724136948033,0,0.975500511082343
8.216494295476705,0,0.975500511082343
8.181111441143077,1,0.9757192596415764
8.052696338925747,0,0.9757192596415764
7.861286637370062,0,0.9757192596415764
7.631845923559702,0,0.9757192596415764
7.3859441792509175,0,0.9757192596415764
7.121934312306425,0,0.9757192596415764
6.816684257398179,0,0.9757192596415764
6.48625187121938,0,0.9757192596415764
6.168060327760396,0,0.9757192596415764
5.8542587524125,0,0.9757192596415764
5.54426533837977,0,0.9757192596415764
5.25512630012166,0,0.9757192596415764
4.9721030362190755,0,0.9757192596415764
4.680152885526062,0,0.9757192596415764
4.354450871986853,0,0.9757192596415764
3.9675643739278303,0,0.9757192596415764
3.543709029154502,0,0.9757192596415764
3.11355403013731,0,0.9757192596415764
2.669158634914568,0,0.9757192596415764
2.1744417929119493,0,0.9757192596415764
1.5821743871426464,0,0.9757192596415764
0.8498546645537208,0,0.9757192596415764
-0.033909375901732014,0,0.9757192596415764
-1.0379129318330829,0,0.9757192596415764
-2.1552555833473304,0,0.9757192596415764
-3.410545220268566,0,0.9757192596415764
-4.807217130969775,0,0.9757192596415764
-6.3669055236411465,0,0.9757192596415764
-8.110974557593963,0,0.9757192596415764
-9.963673960953297,0,0.9757192596415764
-11.79945286662928,0,0.9757192596415764
-13.542208297834554,0,0.9757192596415764
-15.129445306790359,0,0.9757192596415764
-16.479257868589514,0,0.9757192596415764
-17.522886978239676,0,0.9757192596415764
-18.1935934122376,0,0.9757192596415764
-18.416551660224535,0,0.9757192596415764
-18.144530222977654,0,0.9757192596415764
-17.380309567212628,0,0.9757192596415764
-16.149264051789995,0,0.9757192596415764
-14.493557893832268,0,0.9757192596415764
-12.50073223589575,0,0.9757192596415764
-10.300863776280211,0,0.9757192596415764
-8.048172381141574,0,0.9757192596415764
-5.864208003565716,0,0.9757192596415764
-3.7890127031108785,0,0.9757192596415764
-1.830053997350946,0,0.9757192596415764
-0.03417466022471164,0,0.9757192596415764
1.5185323201626166,0,0.9757192596415764
2.780676115313434,0,0.9757192596415764
3.7536904833081883,0,0.9757192596415764
4.4549579550188065,0,0.9757192596415764
4.904844996977849,0,0.9757192596415764
5.139667906155389,0,0.9757192596415764
5.203378676079249,0,0.9757192596415764
5.110590061043626,0,0.9757192596415764
4.889615816276388,0,0.9757192596415764
4.605494855722811,0,0.9757192596415764
4.297421010092791,0,0.9757192596415764
4.002875221439134,0,0.9757192596415764
3.7818244838262256,0,0.9757192596415764
3.651573839890985,0,0.9757192596415764
3.5933194610323396,0,0.9757192596415764
3.614148685991399,0,0.9757192596415764
3.722974054464426,0,0.9757192596415764
3.899756104559388,0,0.9757192596415764
4.133756570994562,0,0.9757192596415764
4.439459620942596,0,0.9757192596415764
4.823345537759852,0,0.9757192596415764
5.25296837909999,0,0.9757192596415764
5.681287721747806,0,0.9757192596415764
6.069709766845711,0,0.9757192596415764
6.364727604631745,0,0.9757192596415764
6.561715519747623,0,0.9757192596415764
6.734871630971956,0,0.9757192596415764
6.908549125450474,0,0.9757192596415764
7.055437455714807,0,0.9757192596415764
7.185639472713602,0,0.9757192596415764
7.3069523446417595,0,0.9757192596415764
7.382693710799043,0,0.9757192596415764
7.382981877150842,0,0.9757192596415764
7.340582736615865,1,0.975795058109502
7.282140468192215,0,0.975795058109502
7.160151921561636,0,0.975795058109502
6.9207970448121445,0,0.975795058109502
6.554167231800425,0,0.975795058109502
6.105177150148852,0,0.975795058109502
5.648317912357725,0,0.975795058109502
5.184641702740178,0,0.975795058109502
4.642095342473471,0,0.975795058109502
3.9758191302455703,0,0.975795058109502
3.1535320918178025,0,0.975795058109502
2.129232087749811,0,0.975795058109502
0.9167685939517372,0,0.975795058109502
-0.4310359943283866,0,0.975795058109502
-1.913499248784015,0,0.975795058109502
-3.5556430607860454,0,0.975795058109502
-5.347409692394351,0,0.975795058109502
-7.238148009100093,0,0.975795058109502
-9.150255098258405,0,0.975795058109502
-11.022968984506374,0,0.975795058109502
-12.806623651733535,0,0.975795058109502
-14.397205155500997,0,0.975795058109502
-15.681191424756511,0,0.975795058109502
-16.59331336367666,0,0.975795058109502
-17.07774341299857,0,0.975795058109502
-17.091987730645837,0,0.975795058109502
-16.63598659565069,0,0.975795058109502
-15.719000793023996,0,0.975795058109502
-14.346618942071217,0,0.975795058109502
-12.581684714661113,0,0.975795058109502
-10.553452352558317,0,0.975795058109502
-8.384277912418392,0,0.975795058109502
-6.171921213436376,0,0.975795058109502
-4.012730299059395,0,0.975795058109502
-1.98293907596001,0,0.975795058109502
-0.11626501390669901,0,0.975795058109502
1.576366200723127,0,0.975795058109502
3.041918911433375,0,0.975795058109502
4.185645678440967,0,0.975795058109502
4.981353630734813,0,0.975795058109502
5.490895901019068,0,0.975795058109502
5.772199776976353,0,0.975795058109502
5.856941752766374,0,0.975795058109502
5.787511097504594,0,0.975795058109502
5.627965567021982,0,0.975795058109502
5.443105326749795,0,0.975795058109502
5.241353783831946,0,0.975795058109502
4.9828577180386215,0,0.975795058109502
4.689163284838775,0,0.975795058109502
4.433583315904592,0,0.975795058109502
4.239262669683946,0,0.975795058109502
4.101120116503324,0,0.975795058109502
4.039336451373567,0,0.975795058109502
4.061178820344903,0,0.975795058109502
4.141695131423839,0,0.975795058109502
4.286039057371923,0,0.975795058109502
4.540650463868106,0,0.975795058109502
4.9065219676334735,0,0.975795058109502
5.306384528601666,0,0.975795058109502
5.665051137529216,0,0.975795058109502
5.981246687771143,0,0.975795058109502
6.285701119596094,0,0.975795058109502
6.575137191459598,0,0.975795058109502
6.835525296807613,0,0.975795058109502
7.073803185388296,0,0.975795058109502
7.289059147273234,0,0.975795058109502
7.432664344218714,0,0.975795058109502
7.460833983653739,0,0.975795058109502
7.405726013121471,1,0.9749972967366084
7.316783388412766,0,0.9749972967366084
7.197129753806487,0,0.9749972967366084
7.0288145218069245,0,0.9749972967366084
6.79838458415796,0,0.9749972967366084
6.492944033963455,0,0.9749972967366084
6.111616332966986,0,0.9749972967366084
5.700483488540417,0,0.9749972967366084
5.326806233069334,0,0.9749972967366084
5.007063082012095,0,0.9749972967366084
4.722077032380362,0,0.9749972967366084
4.455810272628101,0,0.9749972967366084
4.192740768068702,0,0.9749972967366084
3.9326932896169446,0,0.9749972967366084
3.6603839171453862,0,0.9749972967366084
3.316573862139726,0,0.9749972967366084
2.8785138319439714,0,0.9749972967366084
2.3885776059815953,0,0.9749972967366084
1.8706313826553287,0,0.9749972967366084
1.3120567199218436,0,0.9749972967366084
0.6905675520214205,0,0.9749972967366084
-0.04198170601302206,0,0.9749972967366084
-0.9458408365078029,0,0.9749972967366084
-2.0482358783029873,0,0.9749972967366084
-3.3409572432454255,0,0.9749972967366084
-4.817241535572378,0,0.9749972967366084
-6.478134719858657,0,0.9749972967366084
-8.298685451184607,0,0.9749972967366084
-10.225495201085412,0,0.9749972967366084
-12.195427734063866,0,0.9749972967366084
-14.12016583787143,0,0.9749972967366084
-15.856546138969675,0,0.9749972967366084
-17.249652957633423,0,0.9749972967366084
-18.21078582192204,0,0.9749972967366084
-18.723855485462636,0,0.9749972967366084
-18.79844056726252,0,0.9749972967366084
-18.413032830703706,0,0.9749972967366084
-17.545216059378944,0,0.9749972967366084
-16.2218742714326,0,0.9749972967366084
-14.490548895535234,0,0.9749972967366084
-12.429047708765902,0,0.9749972967366084
-10.178806626998162,0,0.9749972967366084
-7.890565823654126,0,0.9749972967366084
-5.638780160502308,0,0.9749972967366084
-3.4717980729911644,0,0.9749972967366084
-1.488567148984595,0,0.9749972967366084
0.23388068950450444,0,0.9749972967366084
1.686646334874659,0,0.9749972967366084
2.8682477690232253,0,0.9749972967366084
3.7628139328708436,0,0.9749972967366084
4.35005053442858,0,0.9749972967366084
4.627620312451385,0,0.9749972967366084
4.666169964898998,0,0.9749972967366084
4.556712804127321,0,0.9749972967366084
4.33538456667529,0,0.9749972967366084
4.0377800315689045,0,0.9749972967366084
3.7214917637121845,0,0.9749972967366084
3.4356235095912537,0,0.9749972967366084
3.212889465001795,0,0.9749972967366084
3.065754863688401,0,0.9749972967366084
3.005128029438817,0,0.9749972967366084
3.0509855306485907,0,0.9749972967366084
3.2019042643403335,0,0.9749972967366084
3.417776710706393,0,0.9749972967366084
3.65354890093429,0,0.9749972967366084
3.8981953078106937,0,0.9749972967366084
4.173965260384871,0,0.9749972967366084
4.492501839613185,0,0.9749972967366084
4.830600934925325,0,0.9749972967366084
5.177370622700412,0,0.9749972967366084
5.552385358711322,0,0.9749972967366084
5.945584137529728,0,0.9749972967366084
6.3130208378043156,0,0.9749972967366084
6.6349097901765965,0,0.9749972967366084
6.902529307369014,0,0.9749972967366084
7.093911019493365,0,0.9749972967366084
7.202850274191527,0,0.9749972967366084
7.234751805366051,0,0.9749972967366084
7.185730068576875,1,0.9749411098169313
7.051031546946213,0,0.9749411098169313
6.8438513628290245,0,0.9749411098169313
6.597662531090366,0,0.9749411098169313
6.347249156815591,0,0.9749411098169313
6.113099635002588,0,0.9749411098169313
5.884495070823208,0,0.9749411098169313
5.629790764120816,0,0.9749411098169313
5.346830772858354,0,0.9749411098169313
5.059562237134147,0,0.9749411098169313
4.771572391873026,0,0.9749411098169313
4.476174805631735,0,0.9749411098169313
4.174719718472425,0,0.9749411098169313
3.881361333859874,0,0.9749411098169313
3.620821930093871,0,0.9749411098169313
3.387515991009697,0,0.9749411098169313
3.1621702087579227,0,0.9749411098169313
2.9532452803092153,0,0.9749411098169313
2.758032993108952,0,0.9749411098169313
2.5436005394930237,0,0.9749411098169313
2.3091726071626764,0,0.9749411098169313
2.0956464921345983,0,0.9749411098169313
1.886458198631322,0,0.9749411098169313
1.6102895724762059,0,0.9749411098169313
1.2472078203364572,0,0.9749411098169313
0.8225440783471775,0,0.9749411098169313
0.3549443340986932,0,0.9749411098169313
-0.16341165321569345,0,0.9749411098169313
-0.79434084697596,0,0.9749411098169313
-1.615523055658238,0,0.9749411098169313
-2.629216950854436,0,0.9749411098169313
-3.782296476367816,0,0.9749411098169313
-5.058476191481059,0,0.9749411098169313
-6.469817765795642,0,0.9749411098169313
-8.020459281729616,0,0.9749411098169313
-9.705945371209689,0,0.9749411098169313
-11.489410947844215,0,0.9749411098169313
-13.290495407570697,0,0.9749411098169313
-14.995265242084193,0,0.9749411098169313
-16.4746619166366,0,0.9749411098169313
-17.62375841193629,0,0.9749411098169313
-18.38033224693826,0,0.9749411098169313
-18.702277632201042,0,0.9749411098169313
-18.565020656432758,0,0.9749411098169313
-17.965742133192904,0,0.9749411098169313
-16.909102655257335,0,0.9749411098169313
-15.41925002098861,0,0.9749411098169313
-13.560928853291882,0,0.9749411098169313
-11.437936104286168,0,0.9749411098169313
-9.170591594772178,0,0.9749411098169313
-6.86876190259435,0,0.9749411098169313
-4.623358462539759,0,0.9749411098169313
-2.525309595696151,0,0.9749411098169313
-0.6480388347692817,0,0.9749411098169313
0.978759414760019,0,0.9749411098169313
2.3288992471976084,0,0.9749411098169313
3.3856843402165966,0,0.9749411098169313
4.171522165676622,0,0.9749411098169313
4.70716302960049,0,0.9749411098169313
5.017411052991615,0,0.9749411098169313
5.163169319629592,0,0.9749411098169313
5.1720007478338585,0,0.9749411098169313
5.026798107438227,0,0.9749411098169313
4.75506335032575,0,0.9749411098169313
4.425142209127001,0,0.9749411098169313
4.101073549790087,0,0.9749411098169313
3.8307189250457605,0,0.9749411098169313
3.636117202460799,0,0.9749411098169313
3.50694177256315,0,0.9749411098169313
3.4245837650566955,0,0.9749411098169313
3.3930433985736332,0,0.9749411098169313
3.430720108060083,0,0.9749411098169313
3.5719097193861424,0,0.9749411098169313
3.8345661952957624,0,0.9749411098169313
4.16168257372941,0,0.9749411098169313
4.4814482580560595,0,0.9749411098169313
4.798252029456404,0,0.9749411098169313
5.1502043476666435,0,0.9749411098169313
5.534126372434996,0,0.9749411098169313
5.9137643903982635,0,0.9749411098169313
6.257054498400606,0,0.9749411098169313
6.5597320241597155,0,0.9749411098169313
6.83707214702877,0,0.9749411098169313
7.078130857756863,0,0.9749411098169313
7.238218317667396,0,0.9749411098169313
7.302478171980699,0,0.9749411098169313
7.30431728383354,0,0.9749411098169313
7.2595271383055975,1,0.9748713709667887
7.161967026005973,0,0.9748713709667887
7.017859411749688,0,0.9748713709667887
6.834756273403881,0,0.9748713709667887
6.622026750135039,0,0.9748713709667887
6.400404370123482,0,0.9748713709667887
6.184832875084072,0,0.9748713709667887
5.951099000058294,0,0.9748713709667887
5.67794342378972,0,0.9748713709667887
5.385206087660968,0,0.9748713709667887
5.089378874180661,0,0.9748713709667887
4.800798749423244,0,0.9748713709667887
4.532312005347245,0,0.9748713709667887
4.288541148353749,0,0.9748713709667887
4.059433150789415,0,0.9748713709667887
3.8168176937762617,0,0.9748713709667887
3.529831350234297,0,0.9748713709667887
3.1942005450112214,0,0.9748713709667887
2.8450049796003305,0,0.9748713709667887
2.5033926779199906,0,0.9748713709667887
2.1560935223377062,0,0.9748713709667887
1.7924167324380396,0,0.9748713709667887
1.3731582376586284,0,0.9748713709667887
0.8214497548843112,0,0.9748713709667887
0.09384079764460161,0,0.9748713709667887
-0.7963581348362055,0,0.9748713709667887
-1.8366525927446606,0,0.9748713709667887
-3.04806715121909,0,0.9748713709667887
-4.444947903990586,0,0.9748713709667887
-6.017595284066596,0,0.9748713709667887
-7.732874339100824,0,0.9748713709667887
-9.527031167924447,0,0.9748713709667887
-11.322286772395955,0,0.9748713709667887
-13.037786285797411,0,0.9748713709667887
-14.606366933907953,0,0.9748713709667887
-15.983963795610066,0,0.9748713709667887
-17.12709692058357,0,0.9748713709667887
-17.962516044165806,0,0.9748713709667887
-18.395571375458594,0,0.9748713709667887
-18.34935122565689,0,0.9748713709667887
-17.79180552394882,0,0.9748713709667887
-16.750252206313345,0,0.9748713709667887
-15.279947680028712,0,0.9748713709667887
-13.45035292677295,0,0.9748713709667887
-11.362540695478037,0,0.9748713709667887
-9.140027683797138,0,0.9748713709667887
-6.923100298289877,0,0.9748713709667887
-4.810284110661226,0,0.9748713709667887
-2.834696047800592,0,0.9748713709667887
-1.0342964344463252,0,0.9748713709667887
0.5418803593443876,0,0.9748713709667887
1.8587613783123316,0,0.9748713709667887
2.905608136147703,0,0.9748713709667887
3.6897433822772743,0,0.9748713709667887
4.224144966161851,0,0.9748713709667887
4.545937741281979,0,0.9748713709667887
4.70176079478279,0,0.9748713709667887
4.719143021448345,0,0.9748713709667887
4.61517078405764,0,0.9748713709667887
4.411157045370004,0,0.9748713709667887
4.12044418730555,0,0.9748713709667887
3.763822464101505,0,0.9748713709667887
3.40533387234959,0,0.9748713709667887
3.1156166239677985,0,0.9748713709667887
2.9129348708208913,0,0.9748713709667887
2.7713239289960714,0,0.9748713709667887
2.681610712936514,0,0.9748713709667887
2.694684026483419,0,0.9748713709667887
2.8750789246061363,0,0.9748713709667887
3.2156704403356873,0,0.9748713709667887
3.6660945179785878,0,0.9748713709667887
4.198074978724778,0,0.9748713709667887
4.780885627369338,0,0.9748713709667887
5.357334238235357,0,0.9748713709667887
5.874827715946471,0,0.9748713709667887
6.319237684530827,0,0.9748713709667887
6.682610518206097,0,0.9748713709667887
6.952778726571043,0,0.9748713709667887
7.143246956939199,0,0.9748713709667887
7.287999866929097,0,0.9748713709667887
7.4448100489322435,0,0.9748713709667887
7.615122406864542,0,0.9748713709667887
7.704895590340474,0,0.9748713709667887
7.670160664983588,1,0.9749051177121325
7.569815144315662,0,0.9749051177121325
7.463920400506086,0,0.9749051177121325
7.349665628839231,0,0.9749051177121325
7.187452629458873,0,0.9749051177121325
6.9626696483001105,0,0.9749051177121325
6.699471517721732,0,0.9749051177121325
6.4061965305400115,0,0.9749051177121325
6.068905258266445,0,0.9749051177121325
5.70169043940636,0,0.9749051177121325
5.314006147913093,0,0.9749051177121325
4.89047574434774,0,0.9749051177121325
4.436152047325553,0,0.9749051177121325
3.952022579998071,0,0.9749051177121325
3.4423819972926473,0,0.9749051177121325
2.9355923673291273,0,0.9749051177121325
2.4017429022179924,0,0.9749051177121325
1.7666691968763728,0,0.9749051177121325
0.9999773682790957,0,0.9749051177121325
0.09965538563952568,0,0.9749051177121325
-0.9204172875038168,0,0.9749051177121325
-2.018022186149201,0,0.9749051177121325
-3.1940194889607185,0,0.9749051177121325
-4.529047387104642,0,0.9749051177121325
-6.0723568472031015,0,0.9749051177121325
-7.773944107270187,0,0.9749051177121325
-9.546194280348978,0,0.9749051177121325
-11.320468374651746,0,0.9749051177121325
-13.033614519306614,0,0.9749051177121325
-14.600641756610557,0,0.9749051177121325
-15.952778991698647,0,0.9749051177121325
-17.048339922470632,0,0.9749051177121325
-17.800854072571823,0,0.9749051177121325
-18.077985868350062,0,0.9749051177121325
-17.809282228718057,0,0.9749051177121325
-17.042807697462152,0,0.9749051177121325
-15.869893346905371,0,0.9749051177121325
-14.367552863701365,0,0.9749051177121325
-12.621215633403445,0,0.9749051177121325
-10.710590645781712,0,0.9749051177121325
-8.684710562611642,0,0.9749051177121325
-6.573754256367842,0,0.9749051177121325
-4.41846543973983,0,0.9749051177121325
-2.308061763228016,0,0.9749051177121325
-0.3529153507903891,0,0.9749051177121325
1.3585487308637112,0,0.9749051177121325
2.754257112927127,0,0.9749051177121325
3.8165201885397892,0,0.9749051177121325
4.588415130438107,0,0.9749051177121325
5.119255504207918,0,0.9749051177121325
5.443127637817633,0,0.9749051177121325
5.5802589238481035,0,0.9749051177121325
5.568564244366816,0,0.9749051177121325
5.433360373850367,0,0.9749051177121325
5.174178171374466,0,0.9749051177121325
4.848028098137459,0,0.9749051177121325
4.5343162945127755,0,0.9749051177121325
4.262891163445127,0,0.9749051177121325
4.042132377714786,0,0.9749051177121325
3.8851547793090204,0,0.9749051177121325
3.8196343773541033,0,0.9749051177121325
3.8839677407564186,0,0.9749051177121325
4.08895423404516,0,0.9749051177121325
4.394516134427757,0,0.9749051177121325
4.734149213260988,0,0.9749051177121325
5.069080151146865,0,0.9749051177121325
5.421172392540664,0,0.9749051177121325
5.814921127667011,0,0.9749051177121325
6.219114921739843,0,0.9749051177121325
6.5776444834835415,0,0.9749051177121325
6.850222540295824,0,0.9749051177121325
7.037513552523448,0,0.9749051177121325
7.177684361573478,0,0.9749051177121325
7.302116605349221,0,0.9749051177121325
7.413294959479078,0,0.9749051177121325
7.504528436785963,0,0.9749051177121325
7.565610294370167,0,0.9749051177121325
7.5818004082988795,0,0.9749051177121325
7.552713563869194,1,0.9748482072036261
7.492295328020562,0,0.9748482072036261
7.4137544740005525,0,0.9748482072036261
7.301750636887108,0,0.9748482072036261
7.10618880882094,0,0.9748482072036261
6.794558758230192,0,0.9748482072036261
6.379108979640581,0,0.9748482072036261
5.895323070742218,0,0.9748482072036261
5.384124177768034,0,0.9748482072036261
4.883244493989607,0,0.9748482072036261
4.417326013639662,0,0.9748482072036261
3.9889699990697487,0,0.9748482072036261
3.577735399427478,0,0.9748482072036261
3.1506300249219557,0,0.9748482072036261
2.674190800882315,0,0.9748482072036261
2.134715999385913,0,0.9748482072036261
1.557871200500114,0,0.9748482072036261
0.9488301307976855,0,0.9748482072036261
0.24762691566842707,0,0.9748482072036261
-0.5927869392284636,0,0.9748482072036261
-1.5855415262581283,0,0.9748482072036261
-2.7518165069040865,0,0.9748482072036261
-4.088361058590775,0,0.9748482072036261
-5.574938491293452,0,0.9748482072036261
-7.209776252044887,0,0.9748482072036261
-8.961901553692394,0,0.9748482072036261
-10.759128641452623,0,0.9748482072036261
-12.52186467517904,0,0.9748482072036261
-14.185158682782625,0,0.9748482072036261
-15.696833585374538,0,0.9748482072036261
-16.941375357249143,0,0.9748482072036261
-17.769879614416986,0,0.9748482072036261
-18.121975396808104,0,0.9748482072036261
-17.988274773917983,0,0.9748482072036261
-17.37402393323401,0,0.9748482072036261
-16.322031551026452,0,0.9748482072036261
-14.87756508221149,0,0.9748482072036261
-13.108011880053715,0,0.9748482072036261
-11.119787673540946,0,0.9748482072036261
-9.005204983759908,0,0.9748482072036261
-6.832799105718529,0,0.9748482072036261
-4.683326569197921,0,0.9748482072036261
-2.6434577104203574,0,0.9748482072036261
-0.7727515266644398,0,0.9748482072036261
0.8754930728330775,0,0.9748482072036261
2.238171638486762,0,0.9748482072036261
3.2952518018955588,0,0.9748482072036261
4.073820735002979,0,0.9748482072036261
4.58983264352579,0,0.9748482072036261
4.853404092293205,0,0.9748482072036261
4.891826474663416,0,0.9748482072036261
4.759708650122744,0,0.9748482072036261
4.534944217514338,0,0.9748482072036261
4.264825779401161,0,0.9748482072036261
3.967124496023671,0,0.9748482072036261
3.6684100396469743,0,0.9748482072036261
3.3869383059940534,0,0.9748482072036261
3.1223685381071444,0,0.9748482072036261
2.9019852687993954,0,0.9748482072036261
2.77998709784086,0,0.9748482072036261
2.7601359120617315,0,0.9748482072036261
2.818373783785857,0,0.9748482072036261
2.9745984593682695,0,0.9748482072036261
3.253781947753277,0,0.9748482072036261
3.657520600054968,0,0.9748482072036261
4.185858450921697,0,0.9748482072036261
4.8017871376169055,0,0.9748482072036261
5.437682410740142,0,0.9748482072036261
6.03980576736607,0,0.9748482072036261
6.554576770595716,0,0.9748482072036261
6.9563447724592375,0,0.9748482072036261
7.264563776265125,0,0.9748482072036261
7.506282217005897,0,0.9748482072036261
7.70900253461033,0,0.9748482072036261
7.886843734851858,0,0.9748482072036261
8.02393552203351,0,0.9748482072036261
8.090649553790866,0,0.9748482072036261
8.060737480759673,1,0.974754362091437
7.919202400933097,0,0.974754362091437
7.677209492347018,0,0.974754362091437
7.382226098668166,0,0.974754362091437
7.090690762003641,0,0.974754362091437
6.811362346962558,0,0.974754362091437
6.493556248238226,0,0.974754362091437
6.0930259165999505,0,0.974754362091437
5.618259927862143,0,0.974754362091437
5.1033579555243485,0,0.974754362091437
4.582807951006026,0,0.974754362091437
4.100486792049132,0,0.974754362091437
3.7026000898768623,0,0.974754362091437
3.3889878480677136,0,0.974754362091437
3.1021026779646816,0,0.974754362091437
2.8121714215742557,0,0.974754362091437
2.539074155188203,0,0.974754362091437
2.2751330030465513,0,0.974754362091437
2.004388078259601,0,0.974754362091437
1.7494339723258618,0,0.974754362091437
1.513058386508211,0,0.974754362091437
1.2622754029826018,0,0.974754362091437
0.9685200649201419,0,0.974754362091437
0.6230915837705284,0,0.974754362091437
0.256134888890681,0,0.974754362091437
-0.11941789065492486,0,0.974754362091437
-0.5507928857687162,0,0.974754362091437
-1.0908314152233702,0,0.974754362091437
-1.776798078299452,0,0.974754362091437
-2.6420096828839355,0,0.974754362091437
-3.7154083623190672,0,0.974754362091437
-4.995797299468249,0,0.974754362091437
-6.4455371542761535,0,0.974754362091437
-8.036833403641761,0,0.974754362091437
-9.762932540794775,0,0.974754362091437
-11.579608232493882,0,0.974754362091437
-13.381188452310845,0,0.974754362091437
-15.054593116249222,0,0.974754362091437
-16.510276588456144,0,0.974754362091437
-17.67096737347663,0,0.974754362091437
-18.461035495346927,0,0.974754362091437
-18.81404288984059,0,0.974754362091437
-18.682720084354322,0,0.974754362091437
-18.03581670956488,0,0.974754362091437
-16.908292706314715,0,0.974754362091437
-15.405214588538879,0,0.974754362091437
-13.60480785980243,0,0.974754362091437
-11.564768503988072,0,0.974754362091437
-9.376998328050224,0,0.974754362091437
-7.134336127083659,0,0.974754362091437
-4.923051409470203,0,0.974754362091437
-2.8392254274839046,0,0.974754362091437
-0.9533181886570495,0,0.974754362091437
0.7048720956606074,0,0.974754362091437
2.1152029899891485,0,0.974754362091437
3.2541338389798473,0,0.974754362091437
4.111696328597134,0,0.974754362091437
4.7188567484746,0,0.974754362091437
5.127402263264503,0,0.974754362091437
5.3532062309294925,0,0.974754362091437
5.397822789261781,0,0.974754362091437
5.285225822081415,0,0.974754362091437
5.043886224246016,0,0.974754362091437
4.710645830468117,0,0.974754362091437
4.334386631284509,0,0.974754362091437
3.966868579391402,0,0.974754362091437
3.6662716706535945,0,0.974754362091437
3.478736091743611,0,0.974754362091437
3.4121348866562893,0,0.974754362091437
3.449624615438988,0,0.974754362091437
3.574154354131497,0,0.974754362091437
3.779218086409174,0,0.974754362091437
4.070915095249897,0,0.974754362091437
4.4244133423015635,0,0.974754362091437
4.791342908033387,0,0.974754362091437
5.175777818660563,0,0.974754362091437
5.591317003491287,0,0.974754362091437
5.979038534476571,0,0.974754362091437
6.284732164589194,0,0.974754362091437
6.528485311672995,0,0.974754362091437
6.727099767201861,0,0.974754362091437
6.875028475530551,0,0.974754362091437
6.989569532649056,0,0.974754362091437
7.085081155842081,0,0.974754362091437
7.165372122786534,0,0.974754362091437
7.236346791119151,0,0.974754362091437
7.282784156101906,0,0.974754362091437
7.280494388077873,1,0.974661759694688
7.222953279559096,0,0.974661759694688
7.1040334446738695,0,0.974661759694688
6.891562281091825,0,0.974661759694688
6.572760588043772,0,0.974661759694688
6.206362108382635,0,0.974661759694688
5.847376654667377,0,0.974661759694688
5.49509604412819,0,0.974661759694688
5.150174910258259,0,0.974661759694688
4.835372234884663,0,0.974661759694688
4.553483740633394,0,0.974661759694688
4.276018049385292,0,0.974661759694688
3.9890603267401628,0,0.974661759694688
3.692457725840114,0,0.974661759694688
3.3625921177617415,0,0.974661759694688
2.965554772981074,0,0.974661759694688
2.4612568547269547,0,0.974661759694688
1.8137164153283631,0,0.974661759694688
1.0430679871537256,0,0.974661759694688
0.18621087088554023,0,0.974661759694688
-0.7850574385745032,0,0.974661759694688
-1.9207551900363207,0,0.974661759694688
-3.2346293403079387,0,0.974661759694688
-4.721039414630333,0,0.974661759694688
-6.367948613711127,0,0.974661759694688
-8.15787785660522,0,0.974661759694688
-10.054202231433015,0,0.974661759694688
-11.979231700503725,0,0.974661759694688
-13.835885182704436,0,0.974661759694688
-15.537435826463707,0,0.974661759694688
-16.993639284588927,0,0.974661759694688
-18.09734838066121,0,0.974661759694688
-18.7542481753878,0,0.974661759694688
-18.91780954850752,0,0.974661759694688
-18.5701453048912,0,0.974661759694688
-17.714993139332602,0,0.974661759694688
-16.40162560362913,0,0.974661759694688
-14.697882702896429,0,0.974661759694688
-12.691994581084264,0,0.974661759694688
-10.490999116067883,0,0.974661759694688
-8.190818778822697,0,0.974661759694688
-5.894593568357076,0,0.974661759694688
-3.6844063406263174,0,0.974661759694688
-1.632078078184645,0,0.974661759694688
0.16740867429741674,0,0.974661759694688
1.6840407269597695,0,0.974661759694688
2.9547527775780154,0,0.974661759694688
3.9816162584432466,0,0.974661759694688
4.737520590325446,0,0.974661759694688
5.225471515004905,0,0.974661759694688
5.482793941752829,0,0.974661759694688
5.542938653384024,0,0.974661759694688
5.420092096662863,0,0.974661759694688
5.126481712746121,0,0.974661759694688
4.705897782861353,0,0.974661759694688
4.278566419585499,0,0.974661759694688
3.9614280202084173,0,0.974661759694688
3.7652179338594043,0,0.974661759694688
3.6566779536794676,0,0.974661759694688
3.6145619232963524,0,0.974661759694688
3.6322587549859056,0,0.974661759694688
3.7296495013089466,0,0.974661759694688
3.9278920836076763,0,0.974661759694688
4.21483582616816,0,0.974661759694688
4.546029323444065,0,0.974661759694688
4.900419528249187,0,0.974661759694688
5.286565608547336,0,0.974661759694688
5.679520687241505,0,0.974661759694688
6.041468506608148,0,0.974661759694688
6.346547450334906,0,0.974661759694688
6.5702878136313805,0,0.974661759694688
6.722424937761712,0,0.974661759694688
6.83774262443033,0,0.974661759694688
6.930814340823719,0,0.974661759694688
6.990301851933816,0,0.974661759694688
6.990780256607361,0,0.974661759694688
6.908626076554885,1,0.9745408140424231
6.7638861913428885,0,0.9745408140424231
6.621484263852617,0,0.9745408140424231
6.502122368719757,0,0.9745408140424231
6.3603825391003515,0,0.9745408140424231
6.174709896811782,0,0.9745408140424231
5.972018901873202,0,0.9745408140424231
5.777560169026552,0,0.9745408140424231
5.577446376427879,0,0.9745408140424231
5.325868822329556,0,0.9745408140424231
4.998136229852318,0,0.9745408140424231
4.600395328961617,0,0.9745408140424231
4.133303316466235,0,0.9745408140424231
3.5853769452996973,0,0.9745408140424231
2.937366414110658,0,0.9745408140424231
2.1672504241737425,0,0.9745408140424231
1.2511314192016187,0,0.9745408140424231
0.16208905487409075,0,0.9745408140424231
-1.105321782493037,0,0.9745408140424231
-2.5261172856776097,0,0.9745408140424231
-4.077346563180692,0,0.9745408140424231
-5.744993418702909,0,0.9745408140424231
-7.501796537586126,0,0.9745408140424231
-9.315001314565034,0,0.9745408140424231
-11.129612758135526,0,0.9745408140424231
-12.856132162511622,0,0.9745408140424231
-14.403535079318079,0,0.9745408140424231
-15.669339364524784,0,0.9745408140424231
-16.53543547696421,0,0.9745408140424231
-16.930955696741737,0,0.9745408140424231
-16.86347781043153,0,0.9745408140424231
-16.36052225660356,0,0.9745408140424231
-15.424808820099647,0,0.9745408140424231
-14.07189090845657,0,0.9745408140424231
-12.368033203084146,0,0.9745408140424231
-10.414765887881256,0,0.9745408140424231
-8.324481303948133,0,0.9745408140424231
-6.205945661936068,0,0.9745408140424231
-4.12224965611651,0,0.9745408140424231
-2.096271734210986,0,0.9745408140424231
-0.21813255616160318,0,0.9745408140424231
1.3825913626774506,0,0.9745408140424231
2.660142000687232,0,0.9745408140424231
3.632371206328656,0,0.9745408140424231
4.3439187690587655,0,0.9745408140424231
4.824916135259946,0,0.9745408140424231
5.071295915210182,0,0.9745408140424231
5.122870055286378,0,0.9745408140424231
5.059565312922355,0,0.9745408140424231
4.93824987366273,0,0.9745408140424231
4.773107484292331,0,0.9745408140424231
4.537559274574276,0,0.9745408140424231
4.215670864823386,0,0.9745408140424231
3.836770367425823,0,0.9745408140424231
3.4618636887109977,0,0.9745408140424231
3.17248913635077,0,0.9745408140424231
3.020125924283262,0,0.9745408140424231
2.995757844619787,0,0.9745408140424231
3.069902353295148,0,0.9745408140424231
3.2282551633540444,0,0.9745408140424231
3.4863434491005183,0,0.9745408140424231
3.865144973011573,0,0.9745408140424231
4.349418500021389,0,0.9745408140424231
4.8956626367886775,0,0.9745408140424231
5.4607378375375015,0,0.9745408140424231
6.023733735508324,0,0.9745408140424231
6.571006833601865,0,0.9745408140424231
7.060233376634788,0,0.9745408140424231
7.458091917216761,0,0.9745408140424231
7.763914283906555,0,0.9745408140424231
7.972264792522218,0,0.9745408140424231
8.073455811684683,0,0.9745408140424231
8.084594212938095,0,0.9745408140424231
8.051009992100578,1,0.9742275776947666
7.995420152993081,0,0.9742275776947666
7.898211392205451,0,0.9742275776947666
7.7521999836738855,0,0.9742275776947666
7.579159354474829,0,0.9742275776947666
7.377762610505225,0,0.9742275776947666
7.129367282551846,0,0.9742275776947666
6.84645014399807,0,0.9742275776947666
6.548384461439071,0,0.9742275776947666
6.214990080133654,0,0.9742275776947666
5.812235681875171,0,0.9742275776947666
5.357287415226017,0,0.9742275776947666
4.89848023828446,0,0.9742275776947666
4.439736788585891,0,0.9742275776947666
3.9536978552027424,0,0.9742275776947666
3.414035739216464,0,0.9742275776947666
2.7797602359431846,0,0.9742275776947666
2.0227702326528565,0,0.9742275776947666
1.1344627727023657,0,0.9742275776947666
0.09378227187960231,0,0.9742275776947666
-1.113165203195885,0,0.9742275776947666
-2.486585857448797,0,0.9742275776947666
-4.014444704149999,0,0.9742275776947666
-5.662243739971379,0,0.9742275776947666
-7.411421697926285,0,0.9742275776947666
-9.259805968187509,0,0.9742275776947666
-11.160648555028754,0,0.9742275776947666
-13.013052524022449,0,0.9742275776947666
-14.692000900482737,0,0.9742275776947666
-16.0910300116831,0,0.9742275776947666
-17.16027481169525,0,0.9742275776947666
-17.871675003133237,0,0.9742275776947666
-18.18371084417688,0,0.9742275776947666
-18.059682747911044,0,0.9742275776947666
-17.47667534785727,0,0.9742275776947666
-16.44598414309617,0,0.9742275776947666
-15.025518031744065,0,0.9742275776947666
-13.29900596773933,0,0.9742275776947666
-11.365366256142762,0,0.9742275776947666
-9.304412664083348,0,0.9742275776947666
-7.162368621922966,0,0.9742275776947666
-5.025762366279686,0,0.9742275776947666
-3.0149398802155782,0,0.9742275776947666
-1.2015208857902768,0,0.9742275776947666
0.3745022820132882,0,0.9742275776947666
1.6928815568156652,0,0.9742275776947666
2.7603600915345297,0,0.9742275776947666
3.5748179866521963,0,0.9742275776947666
4.133723413298833,0,0.9742275776947666
4.454803523466824,0,0.9742275776947666
4.5750404545371035,0,0.9742275776947666
4.552170298521493,0,0.9742275776947666
4.429894310694074,0,0.9742275776947666
4.222689318810883,0,0.9742275776947666
3.9702670432995086,0,0.9742275776947666
3.739284603758196,0,0.9742275776947666
3.563384804351779,0,0.9742275776947666
3.4400474935021075,0,0.9742275776947666
3.368273381771537,0,0.9742275776947666
3.3656442312673702,0,0.9742275776947666
3.4531295350587414,0,0.9742275776947666
3.6274927321037724,0,0.9742275776947666
3.8563492365062952,0,0.9742275776947666
4.107744960398435,0,0.9742275776947666
4.394520720325682,0,0.9742275776947666
4.757418279238335,0,0.9742275776947666
5.188621996098216,0,0.9742275776947666
5.626948862152252,0,0.9742275776947666
6.022799755068046,0,0.9742275776947666
6.351364343569833,0,0.9742275776947666
6.599401747733162,0,0.9742275776947666
6.7743017461495185,0,0.9742275776947666
6.890758606024725,0,0.9742275776947666
6.956140823991679,0,0.9742275776947666
6.977761674275239,0,0.9742275776947666
6.98292832396298,0,0.9742275776947666
7.016817167899522,0,0.9742275776947666
7.085134330165622,0,0.9742275776947666
7.134520059518526,0,0.9742275776947666
7.121015287720254,1,0.9742957877378845
7.047732374008422,0,0.9742957877378845
6.93043484133116,0,0.9742957877378845
6.788047246265205,0,0.9742957877378845
6.624113290285424,0,0.9742957877378845
6.407885971132604,0,0.9742957877378845
6.130971112755687,0,0.9742957877378845
5.815195722777038,0,0.9742957877378845
5.46884900199606,0,0.9742957877378845
5.080356815896375,0,0.9742957877378845
4.6242617033451365,0,0.9742957877378845
4.097758334763361,0,0.9742957877378845
3.531872383931303,0,0.9742957877378845
2.946057303412092,0,0.9742957877378845
2.3116062467742036,0,0.9742957877378845
1.5772584264462943,0,0.9742957877378845
0.7388324886684514,0,0.9742957877378845
-0.1862408410061156,0,0.9742957877378845
-1.213970698486052,0,0.9742957877378845
-2.3859385027514146,0,0.9742957877378845
-3.754802554192274,0,0.9742957877378845
-5.34238803195776,0,0.9742957877378845
-7.115680543611605,0,0.9742957877378845
-9.00626083024594,0,0.9742957877378845
-10.93812353268577,0,0.9742957877378845
-12.82120025924235,0,0.9742957877378845
-14.534719281955079,0,0.9742957877378845
-15.989870282323968,0,0.9742957877378845
-17.15465786603938,0,0.9742957877378845
-17.98735575347117,0,0.9742957877378845
-18.41489501814751,0,0.9742957877378845
-18.362973537559984,0,0.9742957877378845
-17.78860563473361,0,0.9742957877378845
-16.727963807767573,0,0.9742957877378845
-15.286668192093043,0,0.9742957877378845
-13.548924154635479,0,0.9742957877378845
-11.566175420627921,0,0.9742957877378845
-9.416801548745983,0,0.9742957877378845
-7.197247237553216,0,0.9742957877378845
-5.003590256793154,0,0.9742957877378845
-2.9405022620671635,0,0.9742957877378845
-1.0731354840544496,0,0.9742957877378845
0.5815494781695153,0,0.9742957877378845
1.9861764765373433,0,0.9742957877378845
3.0930576233582467,0,0.9742957877378845
3.895672213193337,0,0.9742957877378845
4.432997805044632,0,0.9742957877378845
4.758911715990477,0,0.9742957877378845
4.9099213151498615,0,0.9742957877378845
4.903947346534453,0,0.9742957877378845
4.749527889787975,0,0.9742957877378845
4.4665937390768455,0,0.9742957877378845
4.091140468199782,0,0.9742957877378845
3.681127696504584,0,0.9742957877378845
3.3308167138563465,0,0.9742957877378845
3.0857226483574536,0,0.9742957877378845
2.9260398947384,0,0.9742957877378845
2.8789081812145003,0,0.9742957877378845
2.9897849063843913,0,0.9742957877378845
3.2401828873649476,0,0.9742957877378845
3.5712832971180757,0,0.9742957877378845
3.948091379920248,0,0.9742957877378845
4.376104715702775,0,0.9742957877378845
4.844250121539589,0,0.9742957877378845
5.3225158969990085,0,0.9742957877378845
5.787125153169888,0,0.9742957877378845
6.204460978691924,0,0.9742957877378845
6.550631933165364,0,0.9742957877378845
6.832935570066377,0,0.9742957877378845
7.07989532510685,0,0.9742957877378845
7.318152599044346,0,0.9742957877378845
7.541699771196204,0,0.9742957877378845
7.711527386741387,0,0.9742957877378845
7.786266994152071,0,0.9742957877378845
7.747825219434129,1,0.9741494925777954
7.616920704018446,0,0.9741494925777954
7.42567699799321,0,0.9741494925777954
7.181734680178371,0,0.9741494925777954
6.890836113490866,0,0.9741494925777954
6.575853051087663,0,0.9741494925777954
6.258914577670666,0,0.9741494925777954
5.951982066128403,0,0.9741494925777954
5.658425390886025,0,0.9741494925777954
5.365771823035853,0,0.9741494925777954
5.063710351683815,0,0.9741494925777954
4.759260402181598,0,0.9741494925777954
4.457745112634156,0,0.9741494925777954
4.169577544455019,0,0.9741494925777954
3.903692540840496,0,0.9741494925777954
3.61863422363403,0,0.9741494925777954
3.255666782236547,0,0.9741494925777954
2.8085803121161828,0,0.9741494925777954
2.2844879553734554,0,0.9741494925777954
1.649991673562017,0,0.9741494925777954
0.850911512115627,0,0.9741494925777954
-0.14072574363631332,0,0.9741494925777954
-1.3073123340128205,0,0.9741494925777954
-2.6274524911097474,0,0.9741494925777954
-4.12056850160586,0,0.9741494925777954
-5.812426068434066,0,0.9741494925777954
-7.684592468657243,0,0.9741494925777954
-9.680461644801738,0,0.9741494925777954
-11.705167809314906,0,0.9741494925777954
-13.636103293869489,0,0.9741494925777954
-15.358011841741856,0,0.9741494925777954
-16.77529629179436,0,0.9741494925777954
-17.827411251901864,0,0.9741494925777954
-18.46400161572356,0,0.9741494925777954
-18.62826352273568,0,0.9741494925777954
-18.304050394921013,0,0.9741494925777954
-17.50723870667986,0,0.9741494925777954
-16.275535508647764,0,0.9741494925777954
-14.698355497651336,0,0.9741494925777954
-12.884861733424565,0,0.9741494925777954
-10.926106233463871,0,0.9741494925777954
-8.880333864562045,0,0.9741494925777954
-6.759356535527374,0,0.9741494925777954
-4.602120413021294,0,0.9741494925777954
-2.547964158238659,0,0.9741494925777954
-0.7315102532047186,0,0.9741494925777954
0.8083028113466452,0,0.9741494925777954
2.0548193406595137,0,0.9741494925777954
3.013741855905644,0,0.9741494925777954
3.7336642664808273,0,0.9741494925777954
4.242428549767648,0,0.9741494925777954
4.54879441476948,0,0.9741494925777954
4.656157896222312,0,0.9741494925777954
4.588894457350364,0,0.9741494925777954
4.413944209034156,0,0.9741494925777954
4.195765087005014,0,0.9741494925777954
3.975721702855278,0,0.9741494925777954
3.781850860427012,0,0.9741494925777954
3.625308675405619,0,0.9741494925777954
3.504643337849845,0,0.9741494925777954
3.441054268470277,0,0.9741494925777954
3.44760646849885,0,0.9741494925777954
3.4956608779686658,0,0.9741494925777954
3.5942722124197144,0,0.9741494925777954
3.786748536372528,0,0.9741494925777954
4.080458126219038,0,0.9741494925777954
4.464074117611578,0,0.9741494925777954
4.905546474058074,0,0.9741494925777954
5.352586723256648,0,0.9741494925777954
5.762798965200214,0,0.9741494925777954
6.0938288146428885,0,0.9741494925777954
6.318885569052398,0,0.9741494925777954
6.453417729416021,0,0.9741494925777954
6.53294790901078,0,0.9741494925777954
6.591927142922489,0,0.9741494925777954
6.670762037522726,0,0.9741494925777954
6.783303095047898,0,0.9741494925777954
6.885193600834034,0,0.9741494925777954
6.935911861297749,0,0.9741494925777954
6.944591004429119,0,0.9741494925777954
6.918118764190434,1,0.9745351942351062
6.834804995460051,0,0.9745351942351062
6.698183907765061,0,0.9745351942351062
6.540042561325514,0,0.9745351942351062
6.373922777623909,0,0.9745351942351062
6.208026842934223,0,0.9745351942351062
6.034196960306385,0,0.9745351942351062
5.8136118598624575,0,0.9745351942351062
5.533666818200466,0,0.9745351942351062
5.213392584925643,0,0.9745351942351062
4.878861990854108,0,0.9745351942351062
4.550651243606192,0,0.9745351942351062
4.248181612539092,0,0.9745351942351062
4.000533750095394,0,0.9745351942351062
3.7936492875944023,0,0.9745351942351062
3.5577546040613144,0,0.9745351942351062
3.2178498187864104,0,0.9745351942351062
2.7403437218808344,0,0.9745351942351062
2.1436791191078775,0,0.9745351942351062
1.4297193735082556,0,0.9745351942351062
0.5523092036810121,0,0.9745351942351062
-0.5084800143079,0,0.9745351942351062
-1.7297263856320688,0,0.9745351942351062
-3.110003963586238,0,0.9745351942351062
-4.655172029856513,0,0.9745351942351062
-6.33844206193655,0,0.9745351942351062
-8.12785122938605,0,0.9745351942351062
-9.997497805536556,0,0.9745351942351062
-11.885711115128387,0,0.9745351942351062
-13.675126376441314,0,0.9745351942351062
-15.246310012296972,0,0.9745351942351062
-16.53156822477817,0,0.9745351942351062
-17.489230501605128,0,0.9745351942351062
-18.055543609056716,0,0.9745351942351062
-18.16692074114265,0,0.9745351942351062
-17.79197216262602,0,0.9745351942351062
-16.931976336022263,0,0.9745351942351062
-15.640526484822658,0,0.9745351942351062
-14.017509730641564,0,0.9745351942351062
-12.159702117794753,0,0.9745351942351062
-10.143064802157205,0,0.9745351942351062
-8.064700851283183,0,0.9745351942351062
-6.0232331924674,0,0.9745351942351062
-4.06052453226843,0,0.9745351942351062
-2.206326561954779,0,0.9745351942351062
-0.5171441615637623,0,0.9745351942351062
0.9638414846591207,0,0.9745351942351062
2.20628407079401,0,0.9745351942351062
3.169575073273804,0,0.9745351942351062
3.851556051883256,0,0.9745351942351062
4.3027422523690255,0,0.9745351942351062
4.56405107553408,0,0.9745351942351062
4.642208029926654,0,0.9745351942351062
4.555362153676078,0,0.9745351942351062
4.3560674072645735,0,0.9745351942351062
4.095500874339998,0,0.9745351942351062
3.835162331513866,0,0.9745351942351062
3.6303561370355046,0,0.9745351942351062
3.474513437932568,0,0.9745351942351062
3.3527435859680694,0,0.9745351942351062
3.273634146648618,0,0.9745351942351062
3.241457326213781,0,0.9745351942351062
3.27118353712729,0,0.9745351942351062
3.3754418061110814,0,0.9745351942351062
3.5633722844296245,0,0.9745351942351062
3.8569691654918703,0,0.9745351942351062
4.255189285233793,0,0.9745351942351062
4.724415903448369,0,0.9745351942351062
5.215612072010801,0,0.9745351942351062
5.686992066475782,0,0.9745351942351062
6.120150389492356,0,0.9745351942351062
6.491562867306163,0,0.9745351942351062
6.775612775387067,0,0.9745351942351062
6.977778610525007,0,0.9745351942351062
7.129437225570672,0,0.9745351942351062
7.244230987850613,0,0.9745351942351062
7.30319541100461,0,0.9745351942351062
7.3182238361747824,0,0.9745351942351062
7.317610208479969,1,0.9744835677321532
7.276402628318828,0,0.9744835677321532
7.160058206234111,0,0.9744835677321532
6.970123896615804,0,0.9744835677321532
6.728896012208812,0,0.9744835677321532
6.4669143712002315,0,0.9744835677321532
6.200868908407679,0,0.9744835677321532
5.929877865898418,0,0.9744835677321532
5.655725751707206,0,0.9744835677321532
5.382969228370288,0,0.9744835677321532
5.121372358428955,0,0.9744835677321532
4.875145719921045,0,0.9744835677321532
4.631840280337162,0,0.9744835677321532
4.384079664203145,0,0.9744835677321532
4.146148022499307,0,0.9744835677321532
3.9321107097176737,0,0.9744835677321532
3.7252669833220935,0,0.9744835677321532
3.502731022824832,0,0.9744835677321532
3.263436011091245,0,0.9744835677321532
3.0051004507176633,0,0.9744835677321532
2.7075439690339516,0,0.9744835677321532
2.3603812951532355,0,0.9744835677321532
1.9744501592644046,0,0.9744835677321532
1.5629745436490616,0,0.9744835677321532
1.1490305299575214,0,0.9744835677321532
0.73381423603235,0,0.9744835677321532
0.2751638943630365,0,0.9744835677321532
-0.2586827312644838,0,0.9744835677321532
-0.8739659245655518,0,0.9744835677321532
-1.5724265908843529,0,0.9744835677321532
-2.373070115849503,0,0.9744835677321532
-3.2962818195336006,0,0.9744835677321532
-4.3393982116423055,0,0.9744835677321532
-5.509465962071382,0,0.9744835677321532
-6.831749337086825,0,0.9744835677321532
-8.313587789685817,0,0.9744835677321532
-9.929456828036683,0,0.9744835677321532
-11.641727229608176,0,0.9744835677321532
-13.395666492697826,0,0.9744835677321532
-15.094579391451283,0,0.9744835677321532
-16.609960090146863,0,0.9744835677321532
-17.811996773781694,0,0.9744835677321532
-18.6036840742144,0,0.9744835677321532
-18.944092246392337,0,0.9744835677321532
-18.83994848222319,0,0.9744835677321532
-18.313640084580232,0,0.9744835677321532
-17.397951369639713,0,0.9744835677321532
-16.134843683474152,0,0.9744835677321532
-14.564902782362894,0,0.9744835677321532
-12.75107930391527,0,0.9744835677321532
-10.768608273454804,0,0.9744835677321532
-8.665559474402482,0,0.9744835677321532
-6.495183628812296,0,0.9744835677321532
-4.3595182367218515,0,0.9744835677321532
-2.3493515101679834,0,0.9744835677321532
-0.5057700106193542,0,0.9744835677321532
1.1049605923434798,0,0.9744835677321532
2.4219531105053966,0,0.9744835677321532
3.459036230978711,0,0.9744835677321532
4.229336042948225,0,0.9744835677321532
4.731672976556992,0,0.9744835677321532
5.006293518120496,0,0.9744835677321532
5.09808941608061,0,0.9744835677321532
5.031658105120936,0,0.9744835677321532
4.855593151501284,0,0.9744835677321532
4.629619281894673,0,0.9744835677321532
4.379868086318095,0,0.9744835677321532
4.1321328731935845,0,0.9744835677321532
3.9261838818297874,0,0.9744835677321532
3.7662644432403205,0,0.9744835677321532
3.6276268096433304,0,0.9744835677321532
3.5224853708985715,0,0.9744835677321532
3.5117239636649744,0,0.9744835677321532
3.634693948061772,0,0.9744835677321532
3.8751398705835145,0,0.9744835677321532
4.208965074559973,0,0.9744835677321532
4.627134587916757,0,0.9744835677321532
5.102449634203542,0,0.9744835677321532
5.5765956193539035,0,0.9744835677321532
6.005007836404484,0,0.9744835677321532
6.395608656149795,0,0.9744835677321532
6.782062953542552,0,0.9744835677321532
7.182503349920994,0,0.9744835677321532
7.580966137863947,0,0.9744835677321532
7.91548037855975,0,0.9744835677321532
8.122851302830988,0,0.9744835677321532
8.208062649035595,0,0.9744835677321532
8.210673784190107,0,0.9744835677321532
8.13774255923437,1,0.9742931306336755
7.992508728890025,0,0.9742931306336755
7.798770337895156,0,0.9742931306336755
7.556592552916179,0,0.9742931306336755
7.2508175408745785,0,0.9742931306336755
6.892375746470412,0,0.9742931306336755
6.5087670649193825,0,0.9742931306336755
6.121817851061548,0,0.9742931306336755
5.736626979014238,0,0.9742931306336755
5.348298103000249,0,0.9742931306336755
4.975888833779164,0,0.9742931306336755
4.646120735392778,0,0.9742931306336755
4.343354510126982,0,0.9742931306336755
4.048283994085232,0,0.9742931306336755
3.77024100168812,0,0.9742931306336755
3.51233939950432,0,0.9742931306336755
3.278857160757625,0,0.9742931306336755
3.0777889291946137,0,0.9742931306336755
2.881353397681776,0,0.9742931306336755
2.643769950746477,0,0.9742931306336755
2.3548319662820263,0,0.9742931306336755
2.025910469049031,0,0.9742931306336755
1.6316601223725196,0,0.9742931306336755
1.115874341549992,0,0.9742931306336755
0.4484089153964179,0,0.9742931306336755
-0.3690455214286563,0,0.9742931306336755
-1.3334687176520565,0,0.9742931306336755
-2.4360963403858378,0,0.9742931306336755
-3.6633768086178113,0,0.9742931306336755
-5.029798960155302,0,0.9742931306336755
-6.565054129619464,0,0.9742931306336755
-8.255826664788811,0,0.9742931306336755
-10.024259277474938,0,0.9742931306336755
-11.774696827675491,0,0.9742931306336755
-13.447864804091667,0,0.9742931306336755
-15.010059583008607,0,0.9742931306336755
-16.39737373642801,0,0.9742931306336755
-17.51230724827879,0,0.9742931306336755
-18.281032223274437,0,0.9742931306336755
-18.665888121941652,0,0.9742931306336755
-18.64133856432228,0,0.9742931306336755
-18.186232933637772,0,0.9742931306336755
-17.28717480430596,0,0.9742931306336755
-15.965995710819678,0,0.9742931306336755
-14.288019437770902,0,0.9742931306336755
-12.33730577911603,0,0.9742931306336755
-10.197083828141249,0,0.9742931306336755
-7.933011117069324,0,0.9742931306336755
-5.632216410309798,0,0.9742931306336755
-3.4326756122088256,0,0.9742931306336755
-1.4363286239885475,0,0.9742931306336755
0.31762099364365987,0,0.9742931306336755
1.7855508171500936,0,0.9742931306336755
2.9376810605942634,0,0.9742931306336755
3.7865239466388334,0,0.9742931306336755
4.3649976600343905,0,0.9742931306336755
4.71491487460737,0,0.9742931306336755
4.875609483723829,0,0.9742931306336755
4.885337278876126,0,0.9742931306336755
4.783463252741016,0,0.9742931306336755
4.609749678969647,0,0.9742931306336755
4.385478482720039,0,0.9742931306336755
4.119025880209617,0,0.9742931306336755
3.8735083145352207,0,0.9742931306336755
3.7278425494809118,0,0.9742931306336755
3.6868491359864457,0,0.9742931306336755
3.708219476093879,0,0.9742931306336755
3.770266545977366,0,0.9742931306336755
3.8925842512646294,0,0.9742931306336755
4.085013365161639,0,0.9742931306336755
4.318325244903519,0,0.9742931306336755
4.589846842691496,0,0.9742931306336755
4.923541915104104,0,0.9742931306336755
5.279150845812431,0,0.9742931306336755
5.593760433935002,0,0.9742931306336755
5.873654233658057,0,0.9742931306336755
6.154324698067894,0,0.9742931306336755
6.448262257419443,0,0.9742931306336755
6.748571315470756,0,0.9742931306336755
7.031925956812511,0,0.9742931306336755
7.265367406815716,0,0.9742931306336755
7.428748171034483,0,0.9742931306336755
7.5159438580391305,0,0.9742931306336755
7.533246611703408,0,0.9742931306336755
7.524690917692627,1,0.9743198694307247
7.518169414986875,0,0.9743198694307247
7.46636276349038,0,0.9743198694307247
7.350086007960355,0,0.9743198694307247
7.217617415322958,0,0.9743198694307247
7.0781980788100896,0,0.9743198694307247
6.893016786599681,0,0.9743198694307247
6.636936330399378,0,0.9743198694307247
6.322146924167896,0,0.9743198694307247
5.989341741292863,0,0.9743198694307247
5.650098474679354,0,0.9743198694307247
5.286958758143151,0,0.9743198694307247
4.917837984450096,0,0.9743198694307247
4.568309243580665,0,0.9743198694307247
4.23718955671626,0,0.9743198694307247
3.921732589277773,0,0.9743198694307247
3.6249104388271474,0,0.9743198694307247
3.363116222455868,0,0.9743198694307247
3.1439512490745836,0,0.9743198694307247
2.925040764610763,0,0.9743198694307247
2.6645030194258785,0,0.9743198694307247
2.3913777267230736,0,0.9743198694307247
2.1612745004414156,0,0.9743198694307247
1.9724746017766093,0,0.9743198694307247
1.7944244594073737,0,0.9743198694307247
1.6096338250821989,0,0.9743198694307247
1.364505796318726,0,0.9743198694307247
0.9962384274831658,0,0.9743198694307247
0.4914507818225403,0,0.9743198694307247
-0.1342392057627396,0,0.9743198694307247
-0.8705040364917479,0,0.9743198694307247
-1.7442995397361427,0,0.9743198694307247
-2.8008079449648586,0,0.9743198694307247
-4.062446713109089,0,0.9743198694307247
-5.522274598885314,0,0.9743198694307247
-7.154136091870414,0,0.9743198694307247
-8.927067079366548,0,0.9743198694307247
-10.792598485388138,0,0.9743198694307247
-12.695232526842133,0,0.9743198694307247
-14.5853407306928,0,0.9743198694307247
-16.36309030933506,0,0.9743198694307247
-17.88315837984904,0,0.9743198694307247
-19.039317748997245,0,0.9743198694307247
-19.773386422739318,0,0.9743198694307247
-20.037415005432955,0,0.9743198694307247
-19.81022528367855,0,0.9743198694307247
-19.10578804168212,0,0.9743198694307247
-17.956970168862558,0,0.9743198694307247
-16.420076596169398,0,0.9743198694307247
-14.569263305695674,0,0.9743198694307247
-12.470855155342063,0,0.9743198694307247
-10.185117864929639,0,0.9743198694307247
-7.808545559084426,0,0.9743198694307247
-5.469393591673201,0,0.9743198694307247
-3.2742020933217355,0,0.9743198694307247
-1.304080366427402,0,0.9743198694307247
0.3526804542542828,0,0.9743198694307247
1.6407198446494042,0,0.9743198694307247
2.6041387177366997,0,0.9743198694307247
3.349269622837224,0,0.9743198694307247
3.931462653997111,0,0.9743198694307247
4.300780070920017,0,0.9743198694307247
4.40668793456712,0,0.9743198694307247
4.291494420627249,0,0.9743198694307247
4.044029630876712,0,0.9743198694307247
3.745764420842483,0,0.9743198694307247
3.4541975822125965,0,0.9743198694307247
3.2346010036687036,0,0.9743198694307247
3.1429062826978047,0,0.9743198694307247
3.1560978417297627,0,0.9743198694307247
3.22839980014577,0,0.9743198694307247
3.355572448374394,0,0.9743198694307247
3.54089315733683,0,0.9743198694307247
3.7780861993868657,0,0.9743198694307247
4.0703443316898476,0,0.9743198694307247
4.419604463515143,0,0.9743198694307247
4.811944020144974,0,0.9743198694307247
5.2423992442065614,0,0.9743198694307247
5.723651197774282,0,0.9743198694307247
6.239253992326347,0,0.9743198694307247
6.729689938905478,0,0.9743198694307247
7.144514229175414,0,0.9743198694307247
7.47676479014326,0,0.9743198694307247
7.787338124788705,0,0.9743198694307247
8.152177522221699,0,0.9743198694307247
8.537139537262169,0,0.9743198694307247
8.830665803865587,0,0.9743198694307247
8.970984244923223,0,0.9743198694307247
8.971358614493095,0,0.9743198694307247
8.888664826347316,1,0.9744725985082038
8.772148510514615,0,0.9744725985082038
8.629933430715377,0,0.9744725985082038
8.437448579576499,0,0.9744725985082038
8.163337821168582,0,0.9744725985082038
7.816257644671582,0,0.9744725985082038
7.429418389253746,0,0.9744725985082038
7.010952358196868,0,0.9744725985082038
6.544435325407786,0,0.9744725985082038
6.0012315501518625,0,0.9744725985082038
5.396635945130899,0,0.9744725985082038
4.838609743208439,0,0.9744725985082038
4.416692471122094,0,0.9744725985082038
4.083547959030658,0,0.9744725985082038
3.740441532020513,0,0.9744725985082038
3.3710454307748567,0,0.9744725985082038
3.027220510419352,0,0.9744725985082038
2.7203524873328537,0,0.9744725985082038
2.41294020498747,0,0.9744725985082038
2.1050465474005144,0,0.9744725985082038
1.823440974020132,0,0.9744725985082038
1.557163631577119,0,0.9744725985082038
1.2805670682427173,0,0.9744725985082038
0.9929165321233647,0,0.9744725985082038
0.7164408248666908,0,0.9744725985082038
0.4675091848716884,0,0.9744725985082038
0.2064155587002342,0,0.9744725985082038
-0.13708044932740793,0,0.9744725985082038
-0.6171405646021846,0,0.9744725985082038
-1.2678795693735982,0,0.9744725985082038
-2.080814907263118,0,0.9744725985082038
-3.0457560883779937,0,0.9744725985082038
-4.202166831323758,0,0.9744725985082038
-5.566147760664387,0,0.9744725985082038
-7.098646312164365,0,0.9744725985082038
-8.766693525131624,0,0.9744725985082038
-10.531658151319245,0,0.9744725985082038
-12.327717138323772,0,0.9744725985082038
-14.080286381598503,0,0.9744725985082038
-15.69599567399464,0,0.9744725985082038
-17.083141590763546,0,0.9744725985082038
-18.181970421514176,0,0.9744725985082038
-18.90981521466384,0,0.9744725985082038
-19.160220694726075,0,0.9744725985082038
-18.90492362111964,0,0.9744725985082038
-18.180378307748718,0,0.9744725985082038
-17.008978839971476,0,0.9744725985082038
-15.428294134144691,0,0.9744725985082038
-13.526234830057163,0,0.9744725985082038
-11.388963210050045,0,0.9744725985082038
-9.086189146749303,0,0.9744725985082038
-6.742767681797092,0,0.9744725985082038
-4.508682025328607,0,0.9744725985082038
-2.466279417291819,0,0.9744725985082038
-0.6549021684569905,0,0.9744725985082038
0.8904741357253652,0,0.9744725985082038
2.159445492373232,0,0.9744725985082038
3.1650702437531666,0,0.9744725985082038
3.9153073274870382,0,0.9744725985082038
4.422315113684063,0,0.9744725985082038
4.720478309062777,0,0.9744725985082038
4.834809970030554,0,0.9744725985082038
4.776246932017368,0,0.9744725985082038
4.591959529526738,0,0.9744725985082038
4.358564543630997,0,0.9744725985082038
4.123416604537816,0,0.9744725985082038
